source_site,category_url,article_url,article_title,article_published_at,article_views,comment_index,comment,author,comment_date,likes,dislikes,scraped_at
dnes.bg,https://www.dnes.bg/c/604-izbori-2026,https://www.dnes.bg/a/6-krimi/717533-za-kupuvane-na-glasove-obshtinski-savetnik-i-chlen-na-sik-sa-arestuvani,За купуване на гласове: Общински съветник и член на СИК са арестувани,11.04.2026 | 07:10 ч.,,23,И за коя партия копуват,Кибик,преди 5 часа,2,0,2026-04-11 17:04:41
dnes.bg,https://www.dnes.bg/c/604-izbori-2026,https://www.dnes.bg/a/6-krimi/717533-za-kupuvane-na-glasove-obshtinski-savetnik-i-chlen-na-sik-sa-arestuvani,За купуване на гласове: Общински съветник и член на СИК са арестувани,11.04.2026 | 07:10 ч.,,22,И за коя партия копуват,Кибик,преди 5 часа,1,0,2026-04-11 17:04:41
dnes.bg,https://www.dnes.bg/c/604-izbori-2026,https://www.dnes.bg/a/6-krimi/717533-za-kupuvane-na-glasove-obshtinski-savetnik-i-chlen-na-sik-sa-arestuvani,За купуване на гласове: Общински съветник и член на СИК са арестувани,11.04.2026 | 07:10 ч.,,21,Дали това дело е внесено в съда,Пишете,преди 5 часа,2,0,2026-04-11 17:04:41
dnes.bg,https://www.dnes.bg/c/604-izbori-2026,https://www.dnes.bg/a/6-krimi/717533-za-kupuvane-na-glasove-obshtinski-savetnik-i-chlen-na-sik-sa-arestuvani,За купуване на гласове: Общински съветник и член на СИК са арестувани,11.04.2026 | 07:10 ч.,,20,"на зашпад такива ги вкарват в затвора, вие да сте чули някой в БГ затвор? няма и да чуете",анонимен,преди 5 часа,3,0,2026-04-11 17:04:41
dnes.bg,https://www.dnes.bg/c/604-izbori-2026,https://www.dnes.bg/a/6-krimi/717533-za-kupuvane-na-glasove-obshtinski-savetnik-i-chlen-na-sik-sa-arestuvani,За купуване на гласове: Общински съветник и член на СИК са арестувани,11.04.2026 | 07:10 ч.,,19,"пари като шума, ама така е като искат да си запазят власта защото от там ще паднат още повече. Бедната душа се продава за 50 евро",анонимен,преди 5 часа,4,0,2026-04-11 17:04:41
dnes.bg,https://www.dnes.bg/c/604-izbori-2026,https://www.dnes.bg/a/6-krimi/717533-za-kupuvane-na-glasove-obshtinski-savetnik-i-chlen-na-sik-sa-arestuvani,За купуване на гласове: Общински съветник и член на СИК са арестувани,11.04.2026 | 07:10 ч.,,18,"Забравихте да с споменете вчерашната сводка на служебния министър на МВР: в село .Долни Цибър Монтанско в списъците на гласуващите са включени 187 починали хора. В Пловдив двама души изтеглили от банка 87 хил. евро и ги напъхали в раниците си. Учудените чиновници от банката уведомили органите на МВР. Оказало се, че парите са предназначени за закупуване на гласове. С тези пари може да се закупят 1740-1800 гласа.",анонимен,преди 6 часа,7,0,2026-04-11 17:04:41
dnes.bg,https://www.dnes.bg/c/604-izbori-2026,https://www.dnes.bg/a/6-krimi/717533-za-kupuvane-na-glasove-obshtinski-savetnik-i-chlen-na-sik-sa-arestuvani,За купуване на гласове: Общински съветник и член на СИК са арестувани,11.04.2026 | 07:10 ч.,,17,"До до възмутен. Хе-хе-хе, глyпак, че то точно това са кошаревските свидетели - явяват се пред СЪДА с фалшивите си показания. И как МВР доказват пък? Дума срещу дума - нито белязани банкноти, нито отпечатъци от пръсти, нито СРС-та - разговори или видео.",Възмутен,преди 6 часа,0,2,2026-04-11 17:04:41
dnes.bg,https://www.dnes.bg/c/604-izbori-2026,https://www.dnes.bg/a/6-krimi/717533-za-kupuvane-na-glasove-obshtinski-savetnik-i-chlen-na-sik-sa-arestuvani,За купуване на гласове: Общински съветник и член на СИК са арестувани,11.04.2026 | 07:10 ч.,,16,"До 17. Много си скаран с истината. Ще намерят начин да им платят - или в деня на изборите, или след това. А някои на инат ще гласуват за Шиши и без пари. Но те само турците му стигат.",Гледна точка,преди 6 часа,0,3,2026-04-11 17:04:41
dnes.bg,https://www.dnes.bg/c/604-izbori-2026,https://www.dnes.bg/a/6-krimi/717533-za-kupuvane-na-glasove-obshtinski-savetnik-i-chlen-na-sik-sa-arestuvani,За купуване на гласове: Общински съветник и член на СИК са арестувани,11.04.2026 | 07:10 ч.,,15,"А бе Канев като заявявашразни неща ,що не заявиш за коя партия става въпрос ,а не разни интриганти да дрънкат каквото им падне и да набеждават невинни щото ги мразят?",анонимен,преди 6 часа,5,0,2026-04-11 17:04:41
dnes.bg,https://www.dnes.bg/c/604-izbori-2026,https://www.dnes.bg/a/6-krimi/717533-za-kupuvane-na-glasove-obshtinski-savetnik-i-chlen-na-sik-sa-arestuvani,За купуване на гласове: Общински съветник и член на СИК са арестувани,11.04.2026 | 07:10 ч.,,14,"До: ВинетуЕ толкова жалък слуга на Пеевски,че буди само съжаление.",Борисов,преди 6 часа,3,1,2026-04-11 17:04:41
dnes.bg,https://www.dnes.bg/c/604-izbori-2026,https://www.dnes.bg/a/6-krimi/717533-za-kupuvane-na-glasove-obshtinski-savetnik-i-chlen-na-sik-sa-arestuvani,За купуване на гласове: Общински съветник и член на СИК са арестувани,11.04.2026 | 07:10 ч.,,13,"До: ВъзмутенДали са показания пред съдия.Шиши да докаже,че не им е плащал и да ги съди за лъжесвидетелство.Ама надали.",До Възмутен,преди 6 часа,1,0,2026-04-11 17:04:43
dnes.bg,https://www.dnes.bg/c/604-izbori-2026,https://www.dnes.bg/a/6-krimi/717533-za-kupuvane-na-glasove-obshtinski-savetnik-i-chlen-na-sik-sa-arestuvani,За купуване на гласове: Общински съветник и член на СИК са арестувани,11.04.2026 | 07:10 ч.,,12,"До: Гледна точкаЕ,ще постигнат.Най-малкото е,че тези като не си вземат 50евро,просто не гласуват.Не помниш.ли Пазарджик?Шишо изкупи всичко и ГЕРБ останаха с 6%.",Уааау,преди 6 часа,1,0,2026-04-11 17:04:43
dnes.bg,https://www.dnes.bg/c/604-izbori-2026,https://www.dnes.bg/a/6-krimi/717533-za-kupuvane-na-glasove-obshtinski-savetnik-i-chlen-na-sik-sa-arestuvani,За купуване на гласове: Общински съветник и член на СИК са арестувани,11.04.2026 | 07:10 ч.,,11,"До дървения шоп. И точно ТИ пък как го разбра това бе, оххлюв невзрачен? Или и ти си от тези, които дишат единствено благодарение на омразата си към Борисов? А, и не си сменяй ника, много ти отива.",Винету,преди 6 часа,2,1,2026-04-11 17:04:43
dnes.bg,https://www.dnes.bg/c/604-izbori-2026,https://www.dnes.bg/a/6-krimi/717533-za-kupuvane-na-glasove-obshtinski-savetnik-i-chlen-na-sik-sa-arestuvani,За купуване на гласове: Общински съветник и член на СИК са арестувани,11.04.2026 | 07:10 ч.,,10,"До 13. Кое е да е можело ве, глyпак наивен? Нито нещо съществено ще постигнат, нито това е нещо ново. И преди е имало такива акции, просто преди не се шумеше, а тези сега за всяко измислено задържане тръбят по всички медии.",Гледна точка,преди 6 часа,1,1,2026-04-11 17:04:43
dnes.bg,https://www.dnes.bg/c/604-izbori-2026,https://www.dnes.bg/a/6-krimi/717533-za-kupuvane-na-glasove-obshtinski-savetnik-i-chlen-na-sik-sa-arestuvani,За купуване на гласове: Общински съветник и член на СИК са арестувани,11.04.2026 | 07:10 ч.,,9,"А откъде са сигурни, че тези 11 000 евро за купуване на гласове, а не са за заеми? И че тримата кошаревски свидетели не клепат с фалшиви изявления?",Възмутен,преди 6 часа,0,1,2026-04-11 17:04:43
dnes.bg,https://www.dnes.bg/c/604-izbori-2026,https://www.dnes.bg/a/6-krimi/717533-za-kupuvane-na-glasove-obshtinski-savetnik-i-chlen-na-sik-sa-arestuvani,За купуване на гласове: Общински съветник и член на СИК са арестувани,11.04.2026 | 07:10 ч.,,8,Можело значи се оказва,анонимен,преди 6 часа,2,1,2026-04-11 17:04:43
dnes.bg,https://www.dnes.bg/c/604-izbori-2026,https://www.dnes.bg/a/6-krimi/717533-za-kupuvane-na-glasove-obshtinski-savetnik-i-chlen-na-sik-sa-arestuvani,За купуване на гласове: Общински съветник и член на СИК са арестувани,11.04.2026 | 07:10 ч.,,7,Дпс е.... А вие не гласувайте че да не вземе да се промени нещо,ustar,преди 7 часа,6,1,2026-04-11 17:04:43
dnes.bg,https://www.dnes.bg/c/604-izbori-2026,https://www.dnes.bg/a/6-krimi/717533-za-kupuvane-na-glasove-obshtinski-savetnik-i-chlen-na-sik-sa-arestuvani,За купуване на гласове: Общински съветник и член на СИК са арестувани,11.04.2026 | 07:10 ч.,,6,"Купуват продават, ама ти да видиш! 6.5 мил. имали право да гласуват!!! Ей там ви цакат най отзад!!!",Батя ви,преди 7 часа,7,0,2026-04-11 17:04:43
dnes.bg,https://www.dnes.bg/c/604-izbori-2026,https://www.dnes.bg/a/6-krimi/717533-za-kupuvane-na-glasove-obshtinski-savetnik-i-chlen-na-sik-sa-arestuvani,За купуване на гласове: Общински съветник и член на СИК са арестувани,11.04.2026 | 07:10 ч.,,5,"Браво, добре ги подбраха дилърите на шonapa!!!",Олег,преди 7 часа,9,2,2026-04-11 17:04:43
dnes.bg,https://www.dnes.bg/c/604-izbori-2026,https://www.dnes.bg/a/6-krimi/717533-za-kupuvane-na-glasove-obshtinski-savetnik-i-chlen-na-sik-sa-arestuvani,За купуване на гласове: Общински съветник и член на СИК са арестувани,11.04.2026 | 07:10 ч.,,4,А тези предизборни ремонти на пътища ще ги проверите ли финансират ли някой?,Ремонт на пътища,преди 8 часа,5,0,2026-04-11 17:04:43
dnes.bg,https://www.dnes.bg/c/604-izbori-2026,https://www.dnes.bg/a/6-krimi/717533-za-kupuvane-na-glasove-obshtinski-savetnik-i-chlen-na-sik-sa-arestuvani,За купуване на гласове: Общински съветник и член на СИК са арестувани,11.04.2026 | 07:10 ч.,,3,"Поне при купуването и продаването инфлацията не е толкова голяма. Как не са почнали и по сметка да ги превеждат, че да не ги хващат от полицията?",Ойро,преди 8 часа,2,0,2026-04-11 17:04:44
dnes.bg,https://www.dnes.bg/c/604-izbori-2026,https://www.dnes.bg/a/6-krimi/717533-za-kupuvane-na-glasove-obshtinski-savetnik-i-chlen-na-sik-sa-arestuvani,За купуване на гласове: Общински съветник и член на СИК са арестувани,11.04.2026 | 07:10 ч.,,2,"добре де, що не казват че толкоз кинти дават само ППДБДЕБИЛИТЕ от Петpoxaн. Щот умник гюро, емо узото и голямото ухо са ппдебедебили?",Казаня от Миндя,преди 8 часа,5,11,2026-04-11 17:04:44
dnes.bg,https://www.dnes.bg/c/604-izbori-2026,https://www.dnes.bg/a/6-krimi/717533-za-kupuvane-na-glasove-obshtinski-savetnik-i-chlen-na-sik-sa-arestuvani,За купуване на гласове: Общински съветник и член на СИК са арестувани,11.04.2026 | 07:10 ч.,,1,"Гн Министър Дечев,гн *** Секретар на МВР,защо гн Деректор на ОД МВР гр Смолян гн Пачеджиев не размести полицаите от гр Доспат,те са послушковците на общ кмет гн Елин Радев.Те помагат за копуване на гласове и прикриване на всички далавери.Това трябваше даго направите в началото.Сега е разгара на всички далавери.",анонимен,преди 9 часа,3,1,2026-04-11 17:04:44
dnes.bg,https://www.dnes.bg/c/604-izbori-2026,https://www.dnes.bg/a/6-krimi/717491-mashtabna-aktsiya-sreshtu-kupeniya-vot-v-montansko-izzeha-dokumenti-na-pochinali,Мащабна акция срещу купения вот в Монтанско: Иззеха документи на починали,10.04.2026 | 13:00 ч.,,23,Сега разбрахте ли защо Тиквата и Сви н та не искат да се гласува с машини!,анонимен,преди 20 часа,3,3,2026-04-11 17:04:47
dnes.bg,https://www.dnes.bg/c/604-izbori-2026,https://www.dnes.bg/a/6-krimi/717491-mashtabna-aktsiya-sreshtu-kupeniya-vot-v-montansko-izzeha-dokumenti-na-pochinali,Мащабна акция срещу купения вот в Монтанско: Иззеха документи на починали,10.04.2026 | 13:00 ч.,,22,"До 7. Кметът на Монтана, Златко Живков, НЕ Е от ГЕРБ!",Гербер,преди 20 часа,3,1,2026-04-11 17:04:47
dnes.bg,https://www.dnes.bg/c/604-izbori-2026,https://www.dnes.bg/a/6-krimi/717491-mashtabna-aktsiya-sreshtu-kupeniya-vot-v-montansko-izzeha-dokumenti-na-pochinali,Мащабна акция срещу купения вот в Монтанско: Иззеха документи на починали,10.04.2026 | 13:00 ч.,,21,До 21. Точно ТИ пък откъде го знаеш това? А и нали новият министър с поглед на пациент от психиатрична клиника смени всички директори на ОДМВР?,Гражданин,преди 20 часа,3,1,2026-04-11 17:04:47
dnes.bg,https://www.dnes.bg/c/604-izbori-2026,https://www.dnes.bg/a/6-krimi/717491-mashtabna-aktsiya-sreshtu-kupeniya-vot-v-montansko-izzeha-dokumenti-na-pochinali,Мащабна акция срещу купения вот в Монтанско: Иззеха документи на починали,10.04.2026 | 13:00 ч.,,20,"До 20. Не, нищо няма да направи радеф. А и няма за какво.",Гербер,преди 20 часа,3,2,2026-04-11 17:04:47
dnes.bg,https://www.dnes.bg/c/604-izbori-2026,https://www.dnes.bg/a/6-krimi/717491-mashtabna-aktsiya-sreshtu-kupeniya-vot-v-montansko-izzeha-dokumenti-na-pochinali,Мащабна акция срещу купения вот в Монтанско: Иззеха документи на починали,10.04.2026 | 13:00 ч.,,19,МВР е замесено.Те трябва да издирят личните карти на починалите в определен от закона срок.Цялата полиция в монтанско е обвързана с ГЕРБ.,анонимен,преди 21 часа,3,3,2026-04-11 17:04:47
dnes.bg,https://www.dnes.bg/c/604-izbori-2026,https://www.dnes.bg/a/6-krimi/717491-mashtabna-aktsiya-sreshtu-kupeniya-vot-v-montansko-izzeha-dokumenti-na-pochinali,Мащабна акция срещу купения вот в Монтанско: Иззеха документи на починали,10.04.2026 | 13:00 ч.,,18,"Тиквата и *** правеха това 20 години, ама нямаше кой да ги спре. Бяха завладяли цялата Държава. Дано Радев сложи край на това.",анонимен,преди 21 часа,4,3,2026-04-11 17:04:47
dnes.bg,https://www.dnes.bg/c/604-izbori-2026,https://www.dnes.bg/a/6-krimi/717491-mashtabna-aktsiya-sreshtu-kupeniya-vot-v-montansko-izzeha-dokumenti-na-pochinali,Мащабна акция срещу купения вот в Монтанско: Иззеха документи на починали,10.04.2026 | 13:00 ч.,,17,"До: 1у северозападнал татарстан осемдесе процента от колите над 10 000 лева се водат на умрели инвалиди, тихо ся",анонимен,преди 23 часа,3,0,2026-04-11 17:04:47
dnes.bg,https://www.dnes.bg/c/604-izbori-2026,https://www.dnes.bg/a/6-krimi/717491-mashtabna-aktsiya-sreshtu-kupeniya-vot-v-montansko-izzeha-dokumenti-na-pochinali,Мащабна акция срещу купения вот в Монтанско: Иззеха документи на починали,10.04.2026 | 13:00 ч.,,16,"А защо продължават да се водят имоти, коли, сметки за парно, ток и вода на името на ПОЧИНАЛИ хора???",1,преди 23 часа,4,1,2026-04-11 17:04:47
dnes.bg,https://www.dnes.bg/c/604-izbori-2026,https://www.dnes.bg/a/6-krimi/717491-mashtabna-aktsiya-sreshtu-kupeniya-vot-v-montansko-izzeha-dokumenti-na-pochinali,Мащабна акция срещу купения вот в Монтанско: Иззеха документи на починали,10.04.2026 | 13:00 ч.,,15,"вчера филолог, днеска спортното в монтана, люлинския шебек е всестранно развита личност. междувременно за един следобед полицейското управление в сарасота е хванало квотата на българските милиционери за изтеклата седмица.",анонимен,преди 23 часа,2,2,2026-04-11 17:04:47
dnes.bg,https://www.dnes.bg/c/604-izbori-2026,https://www.dnes.bg/a/6-krimi/717491-mashtabna-aktsiya-sreshtu-kupeniya-vot-v-montansko-izzeha-dokumenti-na-pochinali,Мащабна акция срещу купения вот в Монтанско: Иззеха документи на починали,10.04.2026 | 13:00 ч.,,14,"До: анонименчичангелес, ти си педесе годишен люлински морук, нема как човека с мустаците да ти е предавал в спортното. тънко отадминистрирай З да не е е абаротнае че направа падладявамь",анонимен,преди 23 часа,1,2,2026-04-11 17:04:47
dnes.bg,https://www.dnes.bg/c/604-izbori-2026,https://www.dnes.bg/a/6-krimi/717491-mashtabna-aktsiya-sreshtu-kupeniya-vot-v-montansko-izzeha-dokumenti-na-pochinali,Мащабна акция срещу купения вот в Монтанско: Иззеха документи на починали,10.04.2026 | 13:00 ч.,,13,"До: анонимен....13 ...Ти колко поэнаваш кмета на Монтана? Щото аэ го поэнавам горе долу. Беше ми учител по история 4 г. и 2 г. директор, в спортното. И не съм на твоето мнение",анонимен,преди 1 ден,2,1,2026-04-11 17:04:50
dnes.bg,https://www.dnes.bg/c/604-izbori-2026,https://www.dnes.bg/a/6-krimi/717491-mashtabna-aktsiya-sreshtu-kupeniya-vot-v-montansko-izzeha-dokumenti-na-pochinali,Мащабна акция срещу купения вот в Монтанско: Иззеха документи на починали,10.04.2026 | 13:00 ч.,,12,"ППДБ яко ги е подсирило, че пеевски ше им вземе северозапада и думкат сензации и с двете цеви. последния път заради тех станахме клиенти на росатом, да видиме след следващата окъкана показна акция дали нема да станеме клиенти и на тюрк телеком",анонимен,преди 1 ден,4,1,2026-04-11 17:04:50
dnes.bg,https://www.dnes.bg/c/604-izbori-2026,https://www.dnes.bg/a/6-krimi/717491-mashtabna-aktsiya-sreshtu-kupeniya-vot-v-montansko-izzeha-dokumenti-na-pochinali,Мащабна акция срещу купения вот в Монтанско: Иззеха документи на починали,10.04.2026 | 13:00 ч.,,11,"До: анонимен7 кметовете на враца и монтана са от ДСи са от кой им кажат, че са.",анонимен,преди 1 ден,2,3,2026-04-11 17:04:50
dnes.bg,https://www.dnes.bg/c/604-izbori-2026,https://www.dnes.bg/a/6-krimi/717491-mashtabna-aktsiya-sreshtu-kupeniya-vot-v-montansko-izzeha-dokumenti-na-pochinali,Мащабна акция срещу купения вот в Монтанско: Иззеха документи на починали,10.04.2026 | 13:00 ч.,,10,"До: анонимен10 прибират рецетата от махалите , съветват ги и го отчитат като борба с купените гласове. там къде са намирали пищаци и ганджа намират пищаци и ганджа. нашия пише 60% рейтинг и успешни мисии, като се едно играе на света на танкувити, и пъчи, щото иначе хората ше почнат да питат кво стана със знаковите разследвания и къде е пепи еврото.",анонимен,преди 1 ден,3,1,2026-04-11 17:04:50
dnes.bg,https://www.dnes.bg/c/604-izbori-2026,https://www.dnes.bg/a/6-krimi/717491-mashtabna-aktsiya-sreshtu-kupeniya-vot-v-montansko-izzeha-dokumenti-na-pochinali,Мащабна акция срещу купения вот в Монтанско: Иззеха документи на починали,10.04.2026 | 13:00 ч.,,9,"Този МВР шеф вече просто кърти *** с показните си изпълнения. След фризьорките, магазинерките и лихварите сега е редът на починалите. Как да разбере милиционерската му кратуна, че картата на починал автоматично става невалидна след смъртта му и няма как да се използва за каквото и да било. Въпрос на елементарна проверка е.",анонимен,преди 1 ден,3,7,2026-04-11 17:04:50
dnes.bg,https://www.dnes.bg/c/604-izbori-2026,https://www.dnes.bg/a/6-krimi/717491-mashtabna-aktsiya-sreshtu-kupeniya-vot-v-montansko-izzeha-dokumenti-na-pochinali,Мащабна акция срещу купения вот в Монтанско: Иззеха документи на починали,10.04.2026 | 13:00 ч.,,8,Значи много добре са ги знаели преди това...,анонимен,преди 1 ден,12,2,2026-04-11 17:04:50
dnes.bg,https://www.dnes.bg/c/604-izbori-2026,https://www.dnes.bg/a/6-krimi/717491-mashtabna-aktsiya-sreshtu-kupeniya-vot-v-montansko-izzeha-dokumenti-na-pochinali,Мащабна акция срещу купения вот в Монтанско: Иззеха документи на починали,10.04.2026 | 13:00 ч.,,7,кметовете на враца и монтана са от герб,анонимен,преди 1 ден,6,2,2026-04-11 17:04:50
dnes.bg,https://www.dnes.bg/c/604-izbori-2026,https://www.dnes.bg/a/6-krimi/717491-mashtabna-aktsiya-sreshtu-kupeniya-vot-v-montansko-izzeha-dokumenti-na-pochinali,Мащабна акция срещу купения вот в Монтанско: Иззеха документи на починали,10.04.2026 | 13:00 ч.,,6,Поръчителя е важно да се хване не само посредника. Те тия са като бушони и ги сменят.,анонимен,преди 1 ден,7,2,2026-04-11 17:04:50
dnes.bg,https://www.dnes.bg/c/604-izbori-2026,https://www.dnes.bg/a/6-krimi/717491-mashtabna-aktsiya-sreshtu-kupeniya-vot-v-montansko-izzeha-dokumenti-na-pochinali,Мащабна акция срещу купения вот в Монтанско: Иззеха документи на починали,10.04.2026 | 13:00 ч.,,5,До 1 Какво против читалищата имаш?,анонимен,преди 1 ден,1,0,2026-04-11 17:04:50
dnes.bg,https://www.dnes.bg/c/604-izbori-2026,https://www.dnes.bg/a/6-krimi/717491-mashtabna-aktsiya-sreshtu-kupeniya-vot-v-montansko-izzeha-dokumenti-na-pochinali,Мащабна акция срещу купения вот в Монтанско: Иззеха документи на починали,10.04.2026 | 13:00 ч.,,4,И тримата ли са шведи?,анонимен,преди 1 ден,8,0,2026-04-11 17:04:50
dnes.bg,https://www.dnes.bg/c/604-izbori-2026,https://www.dnes.bg/a/6-krimi/717491-mashtabna-aktsiya-sreshtu-kupeniya-vot-v-montansko-izzeha-dokumenti-na-pochinali,Мащабна акция срещу купения вот в Монтанско: Иззеха документи на починали,10.04.2026 | 13:00 ч.,,3,"абе много акции станаха , дано не объркат да арестуват некой от наще",румен и асенчо,преди 1 ден,6,4,2026-04-11 17:04:52
dnes.bg,https://www.dnes.bg/c/604-izbori-2026,https://www.dnes.bg/a/6-krimi/717491-mashtabna-aktsiya-sreshtu-kupeniya-vot-v-montansko-izzeha-dokumenti-na-pochinali,Мащабна акция срещу купения вот в Монтанско: Иззеха документи на починали,10.04.2026 | 13:00 ч.,,2,": , , ; . кой разбрал разбрал",читалище заря,преди 1 ден,2,1,2026-04-11 17:04:52
dnes.bg,https://www.dnes.bg/c/604-izbori-2026,https://www.dnes.bg/a/6-krimi/717491-mashtabna-aktsiya-sreshtu-kupeniya-vot-v-montansko-izzeha-dokumenti-na-pochinali,Мащабна акция срещу купения вот в Монтанско: Иззеха документи на починали,10.04.2026 | 13:00 ч.,,1,"къде, от кой, колко, какво ... тиеа читалищната журналистика. ""един човек каза че евентуално ако може защото би трябвало може би окончателно ...",Билян Борисов,преди 1 ден,6,0,2026-04-11 17:04:52
dnes.bg,https://www.dnes.bg/c/604-izbori-2026,https://www.dnes.bg/a/1-bulgaria/717461-srokat-za-otstranyavaneto-na-greshki-v-izbiratelnite-spisatsi-izticha-na-11-april,Срокът за отстраняването на грешки в избирателните списъци изтича на 11 април,10.04.2026 | 07:25 ч.,,5,;)))) elektronno pravitelstvo...,анонимен,преди 16 часа,1,0,2026-04-11 17:04:54
dnes.bg,https://www.dnes.bg/c/604-izbori-2026,https://www.dnes.bg/a/1-bulgaria/717461-srokat-za-otstranyavaneto-na-greshki-v-izbiratelnite-spisatsi-izticha-na-11-april,Срокът за отстраняването на грешки в избирателните списъци изтича на 11 април,10.04.2026 | 07:25 ч.,,4,"К'ви грешки баце? Вчера по новините казаха, че 6.5 мил. имали право да гласуват!!! Смятай к'во се случва? Докато не се въведе активна регистрация ниц оправия!",Батя ви,преди 21 часа,0,0,2026-04-11 17:04:54
dnes.bg,https://www.dnes.bg/c/604-izbori-2026,https://www.dnes.bg/a/1-bulgaria/717461-srokat-za-otstranyavaneto-na-greshki-v-izbiratelnite-spisatsi-izticha-na-11-april,Срокът за отстраняването на грешки в избирателните списъци изтича на 11 април,10.04.2026 | 07:25 ч.,,3,"а може ли още да се гласува с лична карта, снимана на телефона?",анонимен,преди 1 ден,0,0,2026-04-11 17:04:54
dnes.bg,https://www.dnes.bg/c/604-izbori-2026,https://www.dnes.bg/a/1-bulgaria/717461-srokat-za-otstranyavaneto-na-greshki-v-izbiratelnite-spisatsi-izticha-na-11-april,Срокът за отстраняването на грешки в избирателните списъци изтича на 11 април,10.04.2026 | 07:25 ч.,,2,отстранете най голямата грешка - прогресиста румен,абе,преди 1 ден,0,0,2026-04-11 17:04:54
dnes.bg,https://www.dnes.bg/c/604-izbori-2026,https://www.dnes.bg/a/1-bulgaria/717461-srokat-za-otstranyavaneto-na-greshki-v-izbiratelnite-spisatsi-izticha-na-11-april,Срокът за отстраняването на грешки в избирателните списъци изтича на 11 април,10.04.2026 | 07:25 ч.,,1,"Този ЦИК не може да бъде гарант за честни избори, там са кукли на конци, а кой дърпа конците на всички е ясно.",На бръснаря брат му,преди 1 ден,0,0,2026-04-11 17:04:54
dnes.bg,https://www.dnes.bg/c/604-izbori-2026,https://www.dnes.bg/a/1-bulgaria/717450-rumen-radev-balgariya-ne-e-bedna-a-losho-upravlyavana-strana,"Румен Радев: България не е бедна, а лошо управлявана страна",09.04.2026 | 21:45 ч.,,121,Радев е еманация на презрението и подигравката на олигархията ни към нас останалите.,анонимен,преди 21 минути,0,0,2026-04-11 17:04:57
dnes.bg,https://www.dnes.bg/c/604-izbori-2026,https://www.dnes.bg/a/1-bulgaria/717450-rumen-radev-balgariya-ne-e-bedna-a-losho-upravlyavana-strana,"Румен Радев: България не е бедна, а лошо управлявана страна",09.04.2026 | 21:45 ч.,,120,"tasi izvratena razvratna bg sadebna systema likvidirame totalno, vsichkiat personal uvolnenie i publichna zabrana za zaemane na vsiakakav vid deinost v darjavna bg administracia. snimkite i imenata im v black lista! ili ste ima masovi strelbi!",анонимен,преди 18 часа,2,0,2026-04-11 17:04:57
dnes.bg,https://www.dnes.bg/c/604-izbori-2026,https://www.dnes.bg/a/1-bulgaria/717450-rumen-radev-balgariya-ne-e-bedna-a-losho-upravlyavana-strana,"Румен Радев: България не е бедна, а лошо управлявана страна",09.04.2026 | 21:45 ч.,,119,Баце продължи тяхното крадливо дело...,До 114,преди 18 часа,4,0,2026-04-11 17:04:57
dnes.bg,https://www.dnes.bg/c/604-izbori-2026,https://www.dnes.bg/a/1-bulgaria/717450-rumen-radev-balgariya-ne-e-bedna-a-losho-upravlyavana-strana,"Румен Радев: България не е бедна, а лошо управлявана страна",09.04.2026 | 21:45 ч.,,118,Боташ.,Гол Хуев,преди 19 часа,9,1,2026-04-11 17:04:57
dnes.bg,https://www.dnes.bg/c/604-izbori-2026,https://www.dnes.bg/a/1-bulgaria/717450-rumen-radev-balgariya-ne-e-bedna-a-losho-upravlyavana-strana,"Румен Радев: България не е бедна, а лошо управлявана страна",09.04.2026 | 21:45 ч.,,117,parvata dama na upravitela iztarvala konia v riakata...,анонимен,преди 19 часа,6,0,2026-04-11 17:04:57
dnes.bg,https://www.dnes.bg/c/604-izbori-2026,https://www.dnes.bg/a/1-bulgaria/717450-rumen-radev-balgariya-ne-e-bedna-a-losho-upravlyavana-strana,"Румен Радев: България не е бедна, а лошо управлявана страна",09.04.2026 | 21:45 ч.,,116,"Толкова обичам бедните, че като дойда ще създам още повече такива!",Рундю,преди 21 часа,13,2,2026-04-11 17:04:57
dnes.bg,https://www.dnes.bg/c/604-izbori-2026,https://www.dnes.bg/a/1-bulgaria/717450-rumen-radev-balgariya-ne-e-bedna-a-losho-upravlyavana-strana,"Румен Радев: България не е бедна, а лошо управлявана страна",09.04.2026 | 21:45 ч.,,115,rradevi sa obiknoveni christianski teroristi.,анонимен,преди 21 часа,6,0,2026-04-11 17:04:57
dnes.bg,https://www.dnes.bg/c/604-izbori-2026,https://www.dnes.bg/a/1-bulgaria/717450-rumen-radev-balgariya-ne-e-bedna-a-losho-upravlyavana-strana,"Румен Радев: България не е бедна, а лошо управлявана страна",09.04.2026 | 21:45 ч.,,114,"Точно Радев ли ще направи държавата богата? Тази мантра, че ""държавата не е бедна, но много се краде"" сме го чували и от царя, и от Тодор Живков - все нарочени за месии. И нито един от двамата не успя да спре обезлюдяването и кражбите . Защото бяха част от крадците.",анонимен,преди 23 часа,11,0,2026-04-11 17:04:57
dnes.bg,https://www.dnes.bg/c/604-izbori-2026,https://www.dnes.bg/a/1-bulgaria/717450-rumen-radev-balgariya-ne-e-bedna-a-losho-upravlyavana-strana,"Румен Радев: България не е бедна, а лошо управлявана страна",09.04.2026 | 21:45 ч.,,113,Na 19.4 za rradev tekme i out v oboriste pri ahmed dogan ;)))) pochiten prestapnik na rbg... a moje i pri aleksei po barzata pista...,анонимен,преди 1 ден,6,0,2026-04-11 17:04:57
dnes.bg,https://www.dnes.bg/c/604-izbori-2026,https://www.dnes.bg/a/1-bulgaria/717450-rumen-radev-balgariya-ne-e-bedna-a-losho-upravlyavana-strana,"Румен Радев: България не е бедна, а лошо управлявана страна",09.04.2026 | 21:45 ч.,,112,"България е не лошо управлявана,а абсолютно неграмотно управлявана защото:на избори ходят изплюскалите тройка кюфтета аборигени,""спечелили"" по стотачка скръндзи и,купените с държавни службици калинки-като изборен резултат е избран селяндурски дембелин,с някакво ""образование"",*** по възпитание,абсолютно ограничен и тесногръд индивид!Е какво очаквате като резултат?",Дядо,преди 1 ден,9,2,2026-04-11 17:04:57
dnes.bg,https://www.dnes.bg/c/604-izbori-2026,https://www.dnes.bg/a/1-bulgaria/717450-rumen-radev-balgariya-ne-e-bedna-a-losho-upravlyavana-strana,"Румен Радев: България не е бедна, а лошо управлявана страна",09.04.2026 | 21:45 ч.,,111,"Внимание! Прогресивни измамници на хоризинта! Този, като че не е бил от управляващите, а е гледал отстрани. И сега какво: Олигарсите ми са по-добри от олигарсите ти :) България не била бедна страна, а лошо управлявана, и този чак сега ли го разбра? Сигурно не е чак толкова умен :) Какво стана с Български възход, да не го преименуваха на Българско падение? Дали ще участва на изборите генерал Янев :)",Прогресивни,преди 1 ден,19,2,2026-04-11 17:04:59
dnes.bg,https://www.dnes.bg/c/604-izbori-2026,https://www.dnes.bg/a/1-bulgaria/717450-rumen-radev-balgariya-ne-e-bedna-a-losho-upravlyavana-strana,"Румен Радев: България не е бедна, а лошо управлявана страна",09.04.2026 | 21:45 ч.,,110,To тaka cu e! Harлegeн npuмep зa лoшo ynpaвлeнue e goroвopa c Бoтaш!,анонимен,преди 1 ден,18,2,2026-04-11 17:04:59
dnes.bg,https://www.dnes.bg/c/604-izbori-2026,https://www.dnes.bg/a/1-bulgaria/717450-rumen-radev-balgariya-ne-e-bedna-a-losho-upravlyavana-strana,"Румен Радев: България не е бедна, а лошо управлявана страна",09.04.2026 | 21:45 ч.,,109,Румбата Бойчето Дидо Дебелия. Все наши ребята.,анонимен,преди 1 ден,5,6,2026-04-11 17:04:59
dnes.bg,https://www.dnes.bg/c/604-izbori-2026,https://www.dnes.bg/a/1-bulgaria/717450-rumen-radev-balgariya-ne-e-bedna-a-losho-upravlyavana-strana,"Румен Радев: България не е бедна, а лошо управлявана страна",09.04.2026 | 21:45 ч.,,108,"Хора, Не се вълнувайте толкова, ще има още от същото. Явно, като народ, не можем да излъчим и изберем можеши и мислещи за хората политици. Комунистическата номенклатура и агентура си ни управляваи ще продължат. Ако не е Радев, ще е Бойко, ако не е Бойко ще е Делян, ако не е Делян ще е друг подобен. Царе, Станищевци, Костовци и т.н. Просто не се смени номенклатурата. Прибраха парите и си държат властта и стават все по-брутални за обикновените хора и унищожават България, бавно и устойчиво.",Хора,преди 1 ден,6,2,2026-04-11 17:04:59
dnes.bg,https://www.dnes.bg/c/604-izbori-2026,https://www.dnes.bg/a/1-bulgaria/717450-rumen-radev-balgariya-ne-e-bedna-a-losho-upravlyavana-strana,"Румен Радев: България не е бедна, а лошо управлявана страна",09.04.2026 | 21:45 ч.,,107,"Да Радев, и ти носиш персонална вина за кражбите през последните 9 години! Предсрочни избори на килограм и служебни правителства! Назначи шарлатаните от ПП-ДБ, Киро простото - незаконно, погази Конституцията! Твое служебно правителство подписа Боташ и всеки ден плащаме на Турция по 1 милион евро! Ти Радев, виждаш ли ВИНАТА си, или ти е удобно само да критикуваш останалите?!",анонимен,преди 1 ден,11,0,2026-04-11 17:04:59
dnes.bg,https://www.dnes.bg/c/604-izbori-2026,https://www.dnes.bg/a/1-bulgaria/717450-rumen-radev-balgariya-ne-e-bedna-a-losho-upravlyavana-strana,"Румен Радев: България не е бедна, а лошо управлявана страна",09.04.2026 | 21:45 ч.,,106,"Народа като чуе Президент иси мисли ,че има правата на Тръмп, Макрон или Ердоган, само, че това са президентски републики, а ние сме парламентарна, в българия президента е само един чиновник, който преставлява България в разни незначими мероприятия и няма никаква сьила...",Бай Иван мазния,преди 1 ден,5,2,2026-04-11 17:04:59
dnes.bg,https://www.dnes.bg/c/604-izbori-2026,https://www.dnes.bg/a/1-bulgaria/717450-rumen-radev-balgariya-ne-e-bedna-a-losho-upravlyavana-strana,"Румен Радев: България не е бедна, а лошо управлявана страна",09.04.2026 | 21:45 ч.,,105,"Девет години като беше президент къде спа и не спря корупцията, с ядеше и пиеше на една маса с олигарсите. Съсипаха и плодородната земя на юг и всички мълчат. Страоят се блокчета по 4 етажа и се застрояват зелени площи, което е кощунство. Блокове под 9 етажа за големите градове не бива да се разрешават.",анонимен,преди 1 ден,9,1,2026-04-11 17:04:59
dnes.bg,https://www.dnes.bg/c/604-izbori-2026,https://www.dnes.bg/a/1-bulgaria/717450-rumen-radev-balgariya-ne-e-bedna-a-losho-upravlyavana-strana,"Румен Радев: България не е бедна, а лошо управлявана страна",09.04.2026 | 21:45 ч.,,104,Все едни и същи слагате начело на държавата. Няма кяк да се оправите.,анонимен,преди 1 ден,4,1,2026-04-11 17:04:59
dnes.bg,https://www.dnes.bg/c/604-izbori-2026,https://www.dnes.bg/a/1-bulgaria/717450-rumen-radev-balgariya-ne-e-bedna-a-losho-upravlyavana-strana,"Румен Радев: България не е бедна, а лошо управлявана страна",09.04.2026 | 21:45 ч.,,103,"Радев е ""олигархията"" в България! Божков , Гергов , Бобокови , Копринков , Доган .Цветан Василев,...всичките стоят зад него !",анонимен,преди 1 ден,12,2,2026-04-11 17:04:59
dnes.bg,https://www.dnes.bg/c/604-izbori-2026,https://www.dnes.bg/a/1-bulgaria/717450-rumen-radev-balgariya-ne-e-bedna-a-losho-upravlyavana-strana,"Румен Радев: България не е бедна, а лошо управлявана страна",09.04.2026 | 21:45 ч.,,102,кифлю,анонимен,преди 1 ден,10,2,2026-04-11 17:04:59
dnes.bg,https://www.dnes.bg/c/604-izbori-2026,https://www.dnes.bg/a/1-bulgaria/717450-rumen-radev-balgariya-ne-e-bedna-a-losho-upravlyavana-strana,"Румен Радев: България не е бедна, а лошо управлявана страна",09.04.2026 | 21:45 ч.,,101,"Интересен факт - колкото повече платените писачи на олигархията оплюват Радев, толкова повече хора решават да гласуват за него. Никой не иска да е в един кюп с такива писачи или да остави господарите им да ни управляват",анонимен,преди 1 ден,3,12,2026-04-11 17:05:01
dnes.bg,https://www.dnes.bg/c/604-izbori-2026,https://www.dnes.bg/a/1-bulgaria/717450-rumen-radev-balgariya-ne-e-bedna-a-losho-upravlyavana-strana,"Румен Радев: България не е бедна, а лошо управлявана страна",09.04.2026 | 21:45 ч.,,100,поне най накрая ще погребем бсп едиственото свясно нещо от целия тоя фарс,анонимен,преди 1 ден,10,2,2026-04-11 17:05:01
dnes.bg,https://www.dnes.bg/c/604-izbori-2026,https://www.dnes.bg/a/1-bulgaria/717450-rumen-radev-balgariya-ne-e-bedna-a-losho-upravlyavana-strana,"Румен Радев: България не е бедна, а лошо управлявана страна",09.04.2026 | 21:45 ч.,,99,"Цитат: Румен Радев каза, че Прогресивна България си поставя за цел изхвърляне на олигархията от политическата власт, разграждане на модела Борисов-Пеевски и спиране на достъпа му до публичен ресурс. +++ Това не е достатъчно. ГЕРБ, СДС и ДПС-НН откраднаха стотици милиарди. Трябва да се върне на България поне част от тези милиарди",анонимен,преди 1 ден,3,9,2026-04-11 17:05:01
dnes.bg,https://www.dnes.bg/c/604-izbori-2026,https://www.dnes.bg/a/1-bulgaria/717450-rumen-radev-balgariya-ne-e-bedna-a-losho-upravlyavana-strana,"Румен Радев: България не е бедна, а лошо управлявана страна",09.04.2026 | 21:45 ч.,,98,най обикновенолайно си рундю,анонимен,преди 1 ден,10,2,2026-04-11 17:05:01
dnes.bg,https://www.dnes.bg/c/604-izbori-2026,https://www.dnes.bg/a/1-bulgaria/717450-rumen-radev-balgariya-ne-e-bedna-a-losho-upravlyavana-strana,"Румен Радев: България не е бедна, а лошо управлявана страна",09.04.2026 | 21:45 ч.,,97,300 00 пълни *** ще го направят първи нищо няма да постигне естествено там гълаби мълаби служебни му ги знаем дори няма да му стигнат за правителство и 6 месежа после цирк до новите избори където ще замине в канафката,анонимен,преди 1 ден,6,2,2026-04-11 17:05:01
dnes.bg,https://www.dnes.bg/c/604-izbori-2026,https://www.dnes.bg/a/1-bulgaria/717450-rumen-radev-balgariya-ne-e-bedna-a-losho-upravlyavana-strana,"Румен Радев: България не е бедна, а лошо управлявана страна",09.04.2026 | 21:45 ч.,,96,"До Архивите са живиСамо за това, че е заявил такова нещо публично, трябва да бъде изхвърлен от политиката и съдебната власт да се заеме с него! Тази ""Панорама"" не съм я гледал! Това е толкова скандално изявление!",случаен минувач,преди 1 ден,5,0,2026-04-11 17:05:01
dnes.bg,https://www.dnes.bg/c/604-izbori-2026,https://www.dnes.bg/a/1-bulgaria/717450-rumen-radev-balgariya-ne-e-bedna-a-losho-upravlyavana-strana,"Румен Радев: България не е бедна, а лошо управлявана страна",09.04.2026 | 21:45 ч.,,95,кифлю,анонимен,преди 1 ден,4,2,2026-04-11 17:05:01
dnes.bg,https://www.dnes.bg/c/604-izbori-2026,https://www.dnes.bg/a/1-bulgaria/717450-rumen-radev-balgariya-ne-e-bedna-a-losho-upravlyavana-strana,"Румен Радев: България не е бедна, а лошо управлявана страна",09.04.2026 | 21:45 ч.,,94,"Не можех да си спомня името на каратистката... Сега го намерих в нета - не Нора, а Ивет Горанова. И тя иска да става депутатка. Така де, не се живее само с реклама на болкоуспокояващия препарат Алгасан акут долор...",случаен минувач,преди 1 ден,10,2,2026-04-11 17:05:01
dnes.bg,https://www.dnes.bg/c/604-izbori-2026,https://www.dnes.bg/a/1-bulgaria/717450-rumen-radev-balgariya-ne-e-bedna-a-losho-upravlyavana-strana,"Румен Радев: България не е бедна, а лошо управлявана страна",09.04.2026 | 21:45 ч.,,93,"Олигархията се изхвърля от политическата власт като се поставят в листите на прогресивна България синовете на олигарсите! Гергов, Бобокови, Ковачки, Вълканов, Василев ну да олигарси а ПРОГРЕСИВНИ ИНДУСТРИАЛЦИ!!!! М у н ч о нагло се гаври с избирателите си!",Ха-ха-ха,преди 1 ден,8,1,2026-04-11 17:05:01
dnes.bg,https://www.dnes.bg/c/604-izbori-2026,https://www.dnes.bg/a/1-bulgaria/717450-rumen-radev-balgariya-ne-e-bedna-a-losho-upravlyavana-strana,"Румен Радев: България не е бедна, а лошо управлявана страна",09.04.2026 | 21:45 ч.,,92,"Ако хората смятат, че спортисти ще оправят положението - много са елементарни. Вижте само как са му подредени листите - спортист, военен, спортист, военен. Както едно време - роднина, милиционер. Енчо Кирязов, Владо Николов, Нора Милева... Парламент ли ще избираме, или председател на БСФС?",случаен минувач,преди 1 ден,7,1,2026-04-11 17:05:01
dnes.bg,https://www.dnes.bg/c/604-izbori-2026,https://www.dnes.bg/a/1-bulgaria/717450-rumen-radev-balgariya-ne-e-bedna-a-losho-upravlyavana-strana,"Румен Радев: България не е бедна, а лошо управлявана страна",09.04.2026 | 21:45 ч.,,91,"Добре ли я управляваха бедна България, твоите служебни правителства? Колко на брой Радев?!",анонимен,преди 1 ден,10,2,2026-04-11 17:05:05
dnes.bg,https://www.dnes.bg/c/604-izbori-2026,https://www.dnes.bg/a/1-bulgaria/717450-rumen-radev-balgariya-ne-e-bedna-a-losho-upravlyavana-strana,"Румен Радев: България не е бедна, а лошо управлявана страна",09.04.2026 | 21:45 ч.,,90,"Да Радев, и ти сош персонална вина за последните 9 години! Предсрочни избори на килограм и служебни правителства! Назначи шарлатаните от ПП-ДБ, Киро простото - незаконно, погази Конституцията! Твое служебно правителство подписа Боташ и всеки ден плащаме на Турция по 1 милион евро! Ти Радев, виждаш ли ВИНАТА си, или ти е удобно само да критикуваш останалите?!",анонимен,преди 1 ден,7,1,2026-04-11 17:05:05
dnes.bg,https://www.dnes.bg/c/604-izbori-2026,https://www.dnes.bg/a/1-bulgaria/717450-rumen-radev-balgariya-ne-e-bedna-a-losho-upravlyavana-strana,"Румен Радев: България не е бедна, а лошо управлявана страна",09.04.2026 | 21:45 ч.,,89,"До: анонимен92. Само в главата ти има линчуване, самоуправство и т.н... Но няма да седна да ти обяснявам как се случват нещата в цивилизовано и грамотно общество, след като си вещ... Има - да, население, които не живее в даден район, местност, община, област дори и не знае за това, какво се случва и трябва да се направи в друга община. Ти ако си от Сусурлево например, знаеш ли в Горно *** какви са им проблемите? Илитерат",анонимен,преди 1 ден,2,2,2026-04-11 17:05:05
dnes.bg,https://www.dnes.bg/c/604-izbori-2026,https://www.dnes.bg/a/1-bulgaria/717450-rumen-radev-balgariya-ne-e-bedna-a-losho-upravlyavana-strana,"Румен Радев: България не е бедна, а лошо управлявана страна",09.04.2026 | 21:45 ч.,,88,"Прогресивните индустриалци, които са зад това същество не разбраха ли, че то и за ХАСКОВСКИ ПЪДАРИН не става? Поне да бяха наели някой по умен да му пише изказванията.",Само питам,преди 1 ден,10,1,2026-04-11 17:05:05
dnes.bg,https://www.dnes.bg/c/604-izbori-2026,https://www.dnes.bg/a/1-bulgaria/717450-rumen-radev-balgariya-ne-e-bedna-a-losho-upravlyavana-strana,"Румен Радев: България не е бедна, а лошо управлявана страна",09.04.2026 | 21:45 ч.,,87,"До: случаен минувач""ЗА ДОГОВОРА С БОТАШ "" Румен Радев - Как и на какво основание смятате, че договора е неизгоден?Б. В. -ЗАГУБИ ОТ МИЛИОН на ден, успешни ли са?Румен Радев - А вие на това казвате ЗАГУБИ?Радев пред ""Панорама"" 30.01.2026",Архивите са живи,преди 1 ден,7,2,2026-04-11 17:05:05
dnes.bg,https://www.dnes.bg/c/604-izbori-2026,https://www.dnes.bg/a/1-bulgaria/717450-rumen-radev-balgariya-ne-e-bedna-a-losho-upravlyavana-strana,"Румен Радев: България не е бедна, а лошо управлявана страна",09.04.2026 | 21:45 ч.,,86,"Сякаш не е бил девет години президент с право да назначава ръководителите тя службите е с право на вето на решенията на парламента. Назначените от него служебни кабинети са управлявали близо две години и сътвориха сделки като тази с Боташ, при която близо 550 000 евро отиват всеки ден в Турция, без да ползваме и една капка газ. Негов кабинет обяви без да има право та това Грипен да победител в конкурса за бойна авиация, с което нейното обновяване бе спряно с две години и половина!",Мунчо,преди 1 ден,6,1,2026-04-11 17:05:05
dnes.bg,https://www.dnes.bg/c/604-izbori-2026,https://www.dnes.bg/a/1-bulgaria/717450-rumen-radev-balgariya-ne-e-bedna-a-losho-upravlyavana-strana,"Румен Радев: България не е бедна, а лошо управлявана страна",09.04.2026 | 21:45 ч.,,85,"И аз се учудих в началото ,защото пустеещи земи около Монтана няма! Гледах клипчета от строежа на магистралата Видин -макреш -бела-ружинци , еми всичко наоколо е засято и се обработва.",Варна,преди 1 ден,4,1,2026-04-11 17:05:05
dnes.bg,https://www.dnes.bg/c/604-izbori-2026,https://www.dnes.bg/a/1-bulgaria/717450-rumen-radev-balgariya-ne-e-bedna-a-losho-upravlyavana-strana,"Румен Радев: България не е бедна, а лошо управлявана страна",09.04.2026 | 21:45 ч.,,84,А за Боташ - турците си ги прибират паричките ежедневно и ни се подсмихват... Казват - като има балъци за стрижене...,случаен минувач,преди 1 ден,6,1,2026-04-11 17:05:05
dnes.bg,https://www.dnes.bg/c/604-izbori-2026,https://www.dnes.bg/a/1-bulgaria/717450-rumen-radev-balgariya-ne-e-bedna-a-losho-upravlyavana-strana,"Румен Радев: България не е бедна, а лошо управлявана страна",09.04.2026 | 21:45 ч.,,83,До: случаен минувачE да това е проблемът - лупавите хора и онези от изток го знаят.А за пустеещи плодородни земи в северозапада-просто отдавна няма такива.Отдана са изкупени от ДПС турски граждани и се обработват.,VladKos,преди 1 ден,4,1,2026-04-11 17:05:05
dnes.bg,https://www.dnes.bg/c/604-izbori-2026,https://www.dnes.bg/a/1-bulgaria/717450-rumen-radev-balgariya-ne-e-bedna-a-losho-upravlyavana-strana,"Румен Радев: България не е бедна, а лошо управлявана страна",09.04.2026 | 21:45 ч.,,82,"Радев пропиля два президентски мандата в обслужването на чужди за България интереси. Руски интереси! А имаше възможност да се превърне в лидер на българската нация. Да я води напред и нагоре. Вместо това от 2016 г. сее в българското общество разделение и хаос, всява страхове от несъществуващи заплахи! Договорът му с Боташ налива всеки ден по 550 000 евро на турците. А с искането си за референдум за еврото за пореден път саботира интеграцията на страната в ЕС. Вреден и опасен за България!",Истината,преди 1 ден,8,1,2026-04-11 17:05:05
dnes.bg,https://www.dnes.bg/c/604-izbori-2026,https://www.dnes.bg/a/1-bulgaria/717450-rumen-radev-balgariya-ne-e-bedna-a-losho-upravlyavana-strana,"Румен Радев: България не е бедна, а лошо управлявана страна",09.04.2026 | 21:45 ч.,,81,"Още докато беше президент, показа, че може да нарушава Конституцията. Юмрукът му я наруши. Какво ще му попречи да продължава да си нарушава законите? Само погледнете с какви хора се е обградил. И как ги е подредил - спортист, военен, спортист, овенен. Както се правеше едно време - роднина, милицинер.",случаен минувач,преди 1 ден,7,2,2026-04-11 17:05:07
dnes.bg,https://www.dnes.bg/c/604-izbori-2026,https://www.dnes.bg/a/1-bulgaria/717450-rumen-radev-balgariya-ne-e-bedna-a-losho-upravlyavana-strana,"Румен Радев: България не е бедна, а лошо управлявана страна",09.04.2026 | 21:45 ч.,,80,"Разчита се на гласовете на откровено глупавите хора, които явно са мнозинство в България. Ако дойде на власт, най-вероятно ще потърси договор с Русия за внос на евтин петрол и газ. Да, може би цената на горивата ще спадне. И ще потрие ръце: Ето, нали ви казах! Ама това, че цивилизованият свят ще ни обърне гръб - какво го интересува? Важното е той и хората около него да са добре. И разбира се, да имат възможности да продължават да сключват разни нови договори като Боташ... Ето така ни грабят...",случаен минувач,преди 1 ден,12,3,2026-04-11 17:05:07
dnes.bg,https://www.dnes.bg/c/604-izbori-2026,https://www.dnes.bg/a/1-bulgaria/717450-rumen-radev-balgariya-ne-e-bedna-a-losho-upravlyavana-strana,"Румен Радев: България не е бедна, а лошо управлявана страна",09.04.2026 | 21:45 ч.,,79,"До: анонимен90 деребеи*, местното общество е добре да не се праи на бабичката със забележките, щото самоуправството е наказуемо. прочие, филолог, не-местно общество има ли?",анонимен,преди 1 ден,0,3,2026-04-11 17:05:07
dnes.bg,https://www.dnes.bg/c/604-izbori-2026,https://www.dnes.bg/a/1-bulgaria/717450-rumen-radev-balgariya-ne-e-bedna-a-losho-upravlyavana-strana,"Румен Радев: България не е бедна, а лошо управлявана страна",09.04.2026 | 21:45 ч.,,78,"заради закритите от ал бънди поделения, американските самолети кацнаха на летище софия. а нашия в типично негов стил 10 дена преди изборите вместо да предложи решения бърчи вежди и каканиже че така не се правело.",анонимен,преди 1 ден,7,2,2026-04-11 17:05:07
dnes.bg,https://www.dnes.bg/c/604-izbori-2026,https://www.dnes.bg/a/1-bulgaria/717450-rumen-radev-balgariya-ne-e-bedna-a-losho-upravlyavana-strana,"Румен Радев: България не е бедна, а лошо управлявана страна",09.04.2026 | 21:45 ч.,,77,"Този колко ниско започна да слиза... Страх, социални помощи, дърва за огрев... Банички с извара... Колкото до дерибеите... Това е работа на РУП, на МВР, на вътрешен министър.... На местното общество дори.",анонимен,преди 1 ден,6,3,2026-04-11 17:05:07
dnes.bg,https://www.dnes.bg/c/604-izbori-2026,https://www.dnes.bg/a/1-bulgaria/717450-rumen-radev-balgariya-ne-e-bedna-a-losho-upravlyavana-strana,"Румен Радев: България не е бедна, а лошо управлявана страна",09.04.2026 | 21:45 ч.,,76,"Видяхме те и тебе колко ""добре"" се справяш като президент. Ходеше и излагаше България и българите пред света. Ще те запомнят с фразата ""да свалим санкциите на Русия"" и отговора на въпроса ""Чий е Крим?"", заради което спряха да те канят на екскурзии по света. Караше си я както в казармата ден да мине. Няма как от човек който си е клатил краката цял живот да очакваме добро управление. Пълен провал беше като началник на ВВС, пълен провал беше като президент, пълен пловал ще си и като премиер.",анонимен,преди 1 ден,16,5,2026-04-11 17:05:07
dnes.bg,https://www.dnes.bg/c/604-izbori-2026,https://www.dnes.bg/a/1-bulgaria/717450-rumen-radev-balgariya-ne-e-bedna-a-losho-upravlyavana-strana,"Румен Радев: България не е бедна, а лошо управлявана страна",09.04.2026 | 21:45 ч.,,75,Аз открих топлата вода....CтадотоОвцe трябва да ме следва...,Румен кРадеф,преди 1 ден,25,2,2026-04-11 17:05:07
dnes.bg,https://www.dnes.bg/c/604-izbori-2026,https://www.dnes.bg/a/1-bulgaria/717450-rumen-radev-balgariya-ne-e-bedna-a-losho-upravlyavana-strana,"Румен Радев: България не е бедна, а лошо управлявана страна",09.04.2026 | 21:45 ч.,,74,Кой ще плаща дълговете към Боташ?,Телето радев,преди 1 ден,30,2,2026-04-11 17:05:07
dnes.bg,https://www.dnes.bg/c/604-izbori-2026,https://www.dnes.bg/a/1-bulgaria/717450-rumen-radev-balgariya-ne-e-bedna-a-losho-upravlyavana-strana,"Румен Радев: България не е бедна, а лошо управлявана страна",09.04.2026 | 21:45 ч.,,73,"Може би Радев не олигарх и мафиот като другите политици, но при всички положения има голяма вероятност да стане втори Виктор Орбан...",Popa ot razgrad,преди 1 ден,6,3,2026-04-11 17:05:07
dnes.bg,https://www.dnes.bg/c/604-izbori-2026,https://www.dnes.bg/a/1-bulgaria/717450-rumen-radev-balgariya-ne-e-bedna-a-losho-upravlyavana-strana,"Румен Радев: България не е бедна, а лошо управлявана страна",09.04.2026 | 21:45 ч.,,72,"Такъв Прогрес на зелените чорапи ще настане, че ще плачем още 30 години.",анонимен,преди 1 ден,28,2,2026-04-11 17:05:07
dnes.bg,https://www.dnes.bg/c/604-izbori-2026,https://www.dnes.bg/a/1-bulgaria/717450-rumen-radev-balgariya-ne-e-bedna-a-losho-upravlyavana-strana,"Румен Радев: България не е бедна, а лошо управлявана страна",09.04.2026 | 21:45 ч.,,71,Po-skoro e nedooglozgana spored Radev.,Zep cleaner,преди 1 ден,6,1,2026-04-11 17:05:09
dnes.bg,https://www.dnes.bg/c/604-izbori-2026,https://www.dnes.bg/a/1-bulgaria/717450-rumen-radev-balgariya-ne-e-bedna-a-losho-upravlyavana-strana,"Румен Радев: България не е бедна, а лошо управлявана страна",09.04.2026 | 21:45 ч.,,70,"БГНЕС припомня, че на 7 април в свой мониторингов доклад BFMI заяви, че Румен Радев е натрупал 90 милиона гледания в TikTok чрез мрежи, чието поведение трудно може да се обясни с органична активност. ..........това трябва да ви казва всичко за ""честния спасител"" радев който щял да се бори с олигарси и да оправи България",алооооо спите ли бе,преди 1 ден,23,2,2026-04-11 17:05:09
dnes.bg,https://www.dnes.bg/c/604-izbori-2026,https://www.dnes.bg/a/1-bulgaria/717450-rumen-radev-balgariya-ne-e-bedna-a-losho-upravlyavana-strana,"Румен Радев: България не е бедна, а лошо управлявана страна",09.04.2026 | 21:45 ч.,,69,"И всеки път след изборите. Излезте на улиците, за да стачкуваме и да ги премахнем. Тази секта във България е свързана със сектата в чужбина. Това са урсулите, които прокарват своята сатанинска политика през хора като Цве@%телина, Па@%шата, Бой#^ко, ***@%евски",Сектата 2,преди 1 ден,3,15,2026-04-11 17:05:09
dnes.bg,https://www.dnes.bg/c/604-izbori-2026,https://www.dnes.bg/a/1-bulgaria/717450-rumen-radev-balgariya-ne-e-bedna-a-losho-upravlyavana-strana,"Румен Радев: България не е бедна, а лошо управлявана страна",09.04.2026 | 21:45 ч.,,68,я българите да му сложат едно голямо вето на румен ветото,mesara,преди 1 ден,15,2,2026-04-11 17:05:09
dnes.bg,https://www.dnes.bg/c/604-izbori-2026,https://www.dnes.bg/a/1-bulgaria/717450-rumen-radev-balgariya-ne-e-bedna-a-losho-upravlyavana-strana,"Румен Радев: България не е бедна, а лошо управлявана страна",09.04.2026 | 21:45 ч.,,67,тоя колко по говори толко хората разбират че това са лозунги лъжливи като на 09.09.44г.,абе,преди 1 ден,16,2,2026-04-11 17:05:09
dnes.bg,https://www.dnes.bg/c/604-izbori-2026,https://www.dnes.bg/a/1-bulgaria/717450-rumen-radev-balgariya-ne-e-bedna-a-losho-upravlyavana-strana,"Румен Радев: България не е бедна, а лошо управлявана страна",09.04.2026 | 21:45 ч.,,66,"Бог иска от Вас да се приборите със сектата на Държавна Сигурност. Бог иска, ние българите да се борим с злото в лицето на Туту, Шиши, Цветелина, Пашата, техните бащи, техните чичовци. Ние трябва да се борим срещу партиите, които медиите ни представят. Гласувайте за малките партии. Гласувайте за слабите кандидати. Не гласувайте на изборите за ГЕРБ, НН, ППДП, РАДЕВ,БОЙКО,ПЕЕВСКИ, ВЪЗРАЖДАНЕ,ВЕЛИЧИЕ. Гласувайте, за който искате само не гласувате за партиите на ДС. И всеки път след изборите.",Сектата 2,преди 1 ден,3,7,2026-04-11 17:05:09
dnes.bg,https://www.dnes.bg/c/604-izbori-2026,https://www.dnes.bg/a/1-bulgaria/717450-rumen-radev-balgariya-ne-e-bedna-a-losho-upravlyavana-strana,"Румен Радев: България не е бедна, а лошо управлявана страна",09.04.2026 | 21:45 ч.,,65,"Същата банка, която погълна на Цветелина банката. Там Туту има безлимитен кредит. Може да харчи, колкото си иска. Няма лимит. Тези ""хора"" са могъща секта, която се управлява от Сатаната. Туту, Шиши и техните шефове от ДС са секта, която убива и краде от времето на бай Тошо. Това са хората, които убиха Людмила Живкова, сина и Тодор Славков младши, жертвите от Петрохан.",Сектата 2,преди 1 ден,3,8,2026-04-11 17:05:09
dnes.bg,https://www.dnes.bg/c/604-izbori-2026,https://www.dnes.bg/a/1-bulgaria/717450-rumen-radev-balgariya-ne-e-bedna-a-losho-upravlyavana-strana,"Румен Радев: България не е бедна, а лошо управлявана страна",09.04.2026 | 21:45 ч.,,64,"Човекът , който подари 3 милиарда евро на турците от Боташ, твърди , че другите управлявали лошо ? Толкова брутална наглост , че обикновеният българин и през ум не му минава , с какъв подлец и двуличник си има работа ! Доказан родоотстъпник!",анонимен,преди 1 ден,19,3,2026-04-11 17:05:09
dnes.bg,https://www.dnes.bg/c/604-izbori-2026,https://www.dnes.bg/a/1-bulgaria/717450-rumen-radev-balgariya-ne-e-bedna-a-losho-upravlyavana-strana,"Румен Радев: България не е бедна, а лошо управлявана страна",09.04.2026 | 21:45 ч.,,63,"Само дурак може да си мисли, че Шиши, Туту, хората зад тях от бившата ДС и роднини от типа на Пашата с чичовци с високи постове в Държава ще се предадат без да се пролее кръв. Едно време пашата спука Туту от бой, който му беше охрана. Тук говорим за ДС, която е завладява съд, прокуратура, политика. Всичко. Радев говори глупости. Знаете ли, че блокират парите във банки с платени данъци без адвокат и съд. И това е голяма банка. Същата банка, която погълна на Цветелина банката. Там Туту има безлим",анонимен,преди 1 ден,4,4,2026-04-11 17:05:09
dnes.bg,https://www.dnes.bg/c/604-izbori-2026,https://www.dnes.bg/a/1-bulgaria/717450-rumen-radev-balgariya-ne-e-bedna-a-losho-upravlyavana-strana,"Румен Радев: България не е бедна, а лошо управлявана страна",09.04.2026 | 21:45 ч.,,62,ше превърнеш северозапада в рай чрез фирми на твоите олигарси спонсори . много си прозрачен бе прогресист,и те така,преди 1 ден,17,2,2026-04-11 17:05:09
dnes.bg,https://www.dnes.bg/c/604-izbori-2026,https://www.dnes.bg/a/1-bulgaria/717450-rumen-radev-balgariya-ne-e-bedna-a-losho-upravlyavana-strana,"Румен Радев: България не е бедна, а лошо управлявана страна",09.04.2026 | 21:45 ч.,,61,НЕ НА РАДЕВ,дедо ви,преди 1 ден,18,3,2026-04-11 17:05:11
dnes.bg,https://www.dnes.bg/c/604-izbori-2026,https://www.dnes.bg/a/1-bulgaria/717450-rumen-radev-balgariya-ne-e-bedna-a-losho-upravlyavana-strana,"Румен Радев: България не е бедна, а лошо управлявана страна",09.04.2026 | 21:45 ч.,,60,и ти ше я управляваш правилно и ше засадиш северозападна България с какво??? бегай бе празнодумец !,нормален,преди 1 ден,15,2,2026-04-11 17:05:11
dnes.bg,https://www.dnes.bg/c/604-izbori-2026,https://www.dnes.bg/a/1-bulgaria/717450-rumen-radev-balgariya-ne-e-bedna-a-losho-upravlyavana-strana,"Румен Радев: България не е бедна, а лошо управлявана страна",09.04.2026 | 21:45 ч.,,59,Фес с петолъчка,анонимен,преди 1 ден,18,2,2026-04-11 17:05:11
dnes.bg,https://www.dnes.bg/c/604-izbori-2026,https://www.dnes.bg/a/1-bulgaria/717450-rumen-radev-balgariya-ne-e-bedna-a-losho-upravlyavana-strana,"Румен Радев: България не е бедна, а лошо управлявана страна",09.04.2026 | 21:45 ч.,,58,"Това жалко недоразумение нахендрено ни от Москва ни струва по над 500 000 Eвро на ден, над 15 000 000 Eвро на месец и над 180 000 000 Eвро на година. .. И така до 2035 година !!!!!",Фигурант Боташов,преди 1 ден,22,2,2026-04-11 17:05:11
dnes.bg,https://www.dnes.bg/c/604-izbori-2026,https://www.dnes.bg/a/1-bulgaria/717450-rumen-radev-balgariya-ne-e-bedna-a-losho-upravlyavana-strana,"Румен Радев: България не е бедна, а лошо управлявана страна",09.04.2026 | 21:45 ч.,,57,"Другарю Радев, обичам ви !Ще направя всичко което поискате от мен.Винаги съм готов !",vencivaleri1951,преди 1 ден,2,7,2026-04-11 17:05:11
dnes.bg,https://www.dnes.bg/c/604-izbori-2026,https://www.dnes.bg/a/1-bulgaria/717450-rumen-radev-balgariya-ne-e-bedna-a-losho-upravlyavana-strana,"Румен Радев: България не е бедна, а лошо управлявана страна",09.04.2026 | 21:45 ч.,,56,"Боя се, че ти самият нямаш управленски опит. Ще се довери на подкрепящият те бекграунд.До къде ще те докарат, не се знае. Битката ти е по-скоро лична - да унищожиш ББ и ДП.",АНОНИМ,преди 1 ден,11,0,2026-04-11 17:05:11
dnes.bg,https://www.dnes.bg/c/604-izbori-2026,https://www.dnes.bg/a/1-bulgaria/717450-rumen-radev-balgariya-ne-e-bedna-a-losho-upravlyavana-strana,"Румен Радев: България не е бедна, а лошо управлявана страна",09.04.2026 | 21:45 ч.,,55,На Радев задачата е да свали онези двамата.,анонимен,преди 1 ден,8,3,2026-04-11 17:05:11
dnes.bg,https://www.dnes.bg/c/604-izbori-2026,https://www.dnes.bg/a/1-bulgaria/717450-rumen-radev-balgariya-ne-e-bedna-a-losho-upravlyavana-strana,"Румен Радев: България не е бедна, а лошо управлявана страна",09.04.2026 | 21:45 ч.,,54,"Точно така е, България не е бедна, но много се краде. Вижте по времето на соца какво чудо се е построила и как е електрифицирано и най отдалеченото селце, безплатно обучение, лекари, зъболекари, гр.транспорт с билет 4 Ст. и после става 6 ст., безплатни спортни школи а бе, много нещо. За 36 г няма направено на четвърт от това. Днешните 1000 лв са по-малко от тогавашните 100 лв. Двамата крадци летят с фалкона, а хората изнемогват. 95% живеят зле. Магнитски да си прибира намагнитени.",анонимен,преди 1 ден,6,13,2026-04-11 17:05:11
dnes.bg,https://www.dnes.bg/c/604-izbori-2026,https://www.dnes.bg/a/1-bulgaria/717450-rumen-radev-balgariya-ne-e-bedna-a-losho-upravlyavana-strana,"Румен Радев: България не е бедна, а лошо управлявана страна",09.04.2026 | 21:45 ч.,,53,"Крим е Украйна - завинаги - А България е Европа, другарю зелен чорап! И това не е шаблон или кух лизинг, а осъзната реалност! Просто си нямаш представа какво е да натириш 500000 млади българи обратно в пещерния сталинизъм на другаря ви Путин! Какъв отпор ще има!",Старши лейтенант,преди 1 ден,16,5,2026-04-11 17:05:11
dnes.bg,https://www.dnes.bg/c/604-izbori-2026,https://www.dnes.bg/a/1-bulgaria/717450-rumen-radev-balgariya-ne-e-bedna-a-losho-upravlyavana-strana,"Румен Радев: България не е бедна, а лошо управлявана страна",09.04.2026 | 21:45 ч.,,52,"Именно ти вече осем (8) години управляваш, понеси отговорност като истински мъж ,а не руска наведена жена със разюздено поведение",Краставичар,преди 1 ден,14,5,2026-04-11 17:05:11
dnes.bg,https://www.dnes.bg/c/604-izbori-2026,https://www.dnes.bg/a/1-bulgaria/717450-rumen-radev-balgariya-ne-e-bedna-a-losho-upravlyavana-strana,"Румен Радев: България не е бедна, а лошо управлявана страна",09.04.2026 | 21:45 ч.,,51,До: анонименВсички военни пенсионери с пищови ще гласуват за кадър от армията Всички се нагледахме на полицейските номера борисОФ,анонимен,преди 1 ден,6,3,2026-04-11 17:05:14
dnes.bg,https://www.dnes.bg/c/604-izbori-2026,https://www.dnes.bg/a/1-bulgaria/717450-rumen-radev-balgariya-ne-e-bedna-a-losho-upravlyavana-strana,"Румен Радев: България не е бедна, а лошо управлявана страна",09.04.2026 | 21:45 ч.,,50,Радев идва и ще ви измете!,анонимен,преди 1 ден,6,16,2026-04-11 17:05:14
dnes.bg,https://www.dnes.bg/c/604-izbori-2026,https://www.dnes.bg/a/1-bulgaria/717450-rumen-radev-balgariya-ne-e-bedna-a-losho-upravlyavana-strana,"Румен Радев: България не е бедна, а лошо управлявана страна",09.04.2026 | 21:45 ч.,,49,Треперите нали? Има защо да треперите! ТРЕПЕРЕТЕ.,Румен Радев:,преди 1 ден,4,15,2026-04-11 17:05:14
dnes.bg,https://www.dnes.bg/c/604-izbori-2026,https://www.dnes.bg/a/1-bulgaria/717450-rumen-radev-balgariya-ne-e-bedna-a-losho-upravlyavana-strana,"Румен Радев: България не е бедна, а лошо управлявана страна",09.04.2026 | 21:45 ч.,,48,Както самолетите на летците всичко е вносно и лоша селекция на българите още от училището и ни управлява комунистическата номенклатура,България е,преди 1 ден,11,0,2026-04-11 17:05:14
dnes.bg,https://www.dnes.bg/c/604-izbori-2026,https://www.dnes.bg/a/1-bulgaria/717450-rumen-radev-balgariya-ne-e-bedna-a-losho-upravlyavana-strana,"Румен Радев: България не е бедна, а лошо управлявана страна",09.04.2026 | 21:45 ч.,,47,"Именно , Чорапе ! Именно с ""Боташ"" показа колко лошо се управлява страната !!!! Що за наглост и тдиотизъм е точно ти, Зелен чорапе, ти да ломотиш такива простотии !!!??? Няма ли кой да му тегли оловото на тоя нагълпърч ?",Далай Лама,преди 1 ден,20,3,2026-04-11 17:05:14
dnes.bg,https://www.dnes.bg/c/604-izbori-2026,https://www.dnes.bg/a/1-bulgaria/717450-rumen-radev-balgariya-ne-e-bedna-a-losho-upravlyavana-strana,"Румен Радев: България не е бедна, а лошо управлявана страна",09.04.2026 | 21:45 ч.,,46,Ами как да е иначе след като винаги в Бг се намират неадеквантици готови да сключат някоя сделка тип Боташ.,анонимен,преди 1 ден,14,3,2026-04-11 17:05:14
dnes.bg,https://www.dnes.bg/c/604-izbori-2026,https://www.dnes.bg/a/1-bulgaria/717450-rumen-radev-balgariya-ne-e-bedna-a-losho-upravlyavana-strana,"Румен Радев: България не е бедна, а лошо управлявана страна",09.04.2026 | 21:45 ч.,,45,"Боташ, представям си как ще я управлявате с Гергов, Tимaджиитe.и Копринката! Гледката ще е трагикомична!!!",Старши лейтенант,преди 1 ден,20,3,2026-04-11 17:05:14
dnes.bg,https://www.dnes.bg/c/604-izbori-2026,https://www.dnes.bg/a/1-bulgaria/717450-rumen-radev-balgariya-ne-e-bedna-a-losho-upravlyavana-strana,"Румен Радев: България не е бедна, а лошо управлявана страна",09.04.2026 | 21:45 ч.,,44,"Щом военен ще ни управлява като в Куба, преди в Аржентина, Мордор, Венецуела....мани-мани. Пък се сетете сами кога военна хунта е знаела да управлява добре някоя държава",пияница мистик,преди 1 ден,21,2,2026-04-11 17:05:14
dnes.bg,https://www.dnes.bg/c/604-izbori-2026,https://www.dnes.bg/a/1-bulgaria/717450-rumen-radev-balgariya-ne-e-bedna-a-losho-upravlyavana-strana,"Румен Радев: България не е бедна, а лошо управлявана страна",09.04.2026 | 21:45 ч.,,43,НИВАТА НЕ ИСКА УПРАВЛЕНИЕ.. НИВАТА ИСКА МОТИКА.... МЪРЗЕЛЛВОЕНЕН,БГ НЕ Е КАЗАРМА..,преди 1 ден,14,2,2026-04-11 17:05:14
dnes.bg,https://www.dnes.bg/c/604-izbori-2026,https://www.dnes.bg/a/1-bulgaria/717450-rumen-radev-balgariya-ne-e-bedna-a-losho-upravlyavana-strana,"Румен Радев: България не е бедна, а лошо управлявана страна",09.04.2026 | 21:45 ч.,,42,Парясник от глава на семейство за глава на държава не става. Видяхте ли му офиса с джакузито и работната маса пред него с компаньонките.,анонимен,преди 1 ден,13,2,2026-04-11 17:05:14
dnes.bg,https://www.dnes.bg/c/604-izbori-2026,https://www.dnes.bg/a/1-bulgaria/717450-rumen-radev-balgariya-ne-e-bedna-a-losho-upravlyavana-strana,"Румен Радев: България не е бедна, а лошо управлявана страна",09.04.2026 | 21:45 ч.,,41,"kaзва ни, че небето е синьо?...прогресивен популист",анонимен,преди 1 ден,13,2,2026-04-11 17:05:16
dnes.bg,https://www.dnes.bg/c/604-izbori-2026,https://www.dnes.bg/a/1-bulgaria/717450-rumen-radev-balgariya-ne-e-bedna-a-losho-upravlyavana-strana,"Румен Радев: България не е бедна, а лошо управлявана страна",09.04.2026 | 21:45 ч.,,40,Вярно е.,Политкоректен,преди 1 ден,2,5,2026-04-11 17:05:16
dnes.bg,https://www.dnes.bg/c/604-izbori-2026,https://www.dnes.bg/a/1-bulgaria/717450-rumen-radev-balgariya-ne-e-bedna-a-losho-upravlyavana-strana,"Румен Радев: България не е бедна, а лошо управлявана страна",09.04.2026 | 21:45 ч.,,39,"Приказки от пауланер гартен. Не била бедна. И на какво е богата? Газ ли има, нефт ли? Каква плодородна земя има на северозапад? Има в Добруджа и в Тракия малко и това е. На северозапад има земя трета категория - полупланинска. Стига сте лъгали народа, че сме богати и с вас на власт ще цъфнем и вържем. Ти със служебните защо не започна поне? Успя да забиеш един байрак в Родопите само. С булгаар булгаар не става тази работа, зелен кауун.","О, божке",преди 1 ден,16,2,2026-04-11 17:05:16
dnes.bg,https://www.dnes.bg/c/604-izbori-2026,https://www.dnes.bg/a/1-bulgaria/717450-rumen-radev-balgariya-ne-e-bedna-a-losho-upravlyavana-strana,"Румен Радев: България не е бедна, а лошо управлявана страна",09.04.2026 | 21:45 ч.,,38,"И този оххлюв се е заразил с мантрата Борисов и Пеевски и ляга и става с тях. А някой най-после ще вземе ли да обясни какво аджеба представлява този модел, защото всички го дрънкат, ама май само дотам.",Гражданин,преди 1 ден,12,6,2026-04-11 17:05:16
dnes.bg,https://www.dnes.bg/c/604-izbori-2026,https://www.dnes.bg/a/1-bulgaria/717450-rumen-radev-balgariya-ne-e-bedna-a-losho-upravlyavana-strana,"Румен Радев: България не е бедна, а лошо управлявана страна",09.04.2026 | 21:45 ч.,,37,"А ти къде беше девет години бе, хасковски кayнь? Ай сик тир.",Възмутен,преди 1 ден,18,4,2026-04-11 17:05:16
dnes.bg,https://www.dnes.bg/c/604-izbori-2026,https://www.dnes.bg/a/1-bulgaria/717450-rumen-radev-balgariya-ne-e-bedna-a-losho-upravlyavana-strana,"Румен Радев: България не е бедна, а лошо управлявана страна",09.04.2026 | 21:45 ч.,,36,Долу ЕС и САЩ,анонимен,преди 1 ден,5,15,2026-04-11 17:05:16
dnes.bg,https://www.dnes.bg/c/604-izbori-2026,https://www.dnes.bg/a/1-bulgaria/717450-rumen-radev-balgariya-ne-e-bedna-a-losho-upravlyavana-strana,"Румен Радев: България не е бедна, а лошо управлявана страна",09.04.2026 | 21:45 ч.,,35,ЕС и САЩ я управляват 37 г. и значи те са лошо управлявали. Това казва.,анонимен,преди 1 ден,5,6,2026-04-11 17:05:16
dnes.bg,https://www.dnes.bg/c/604-izbori-2026,https://www.dnes.bg/a/1-bulgaria/717450-rumen-radev-balgariya-ne-e-bedna-a-losho-upravlyavana-strana,"Румен Радев: България не е бедна, а лошо управлявана страна",09.04.2026 | 21:45 ч.,,34,За два мандата президент не го чух да казва такова нещо. Но виж да глашатаи русофилската пропаганда - всеки ден!,Кан,преди 1 ден,14,4,2026-04-11 17:05:16
dnes.bg,https://www.dnes.bg/c/604-izbori-2026,https://www.dnes.bg/a/1-bulgaria/717450-rumen-radev-balgariya-ne-e-bedna-a-losho-upravlyavana-strana,"Румен Радев: България не е бедна, а лошо управлявана страна",09.04.2026 | 21:45 ч.,,33,"ПРЕМАХНАХ ВИ И НЕЖЕЛАЯ ДА ИМАМ НИЩО ОБЩО С ХОРА НА КОИТО ДРУГИ ДЪРПАТ КОНЦИТЕ.ОСТАНЕТЕ СИ ПОДВЛАСТНИ ,НО СКОРО ЩЕ ИЗТРЕЗНЕЕТЕ И ЖИВОТА ПРОДЪЛЖАВА. АЗ ЖИВЕЯ НАИСТИНА В СВОДНА ДЪРЖАВА И НЕ СЕ СТРАХУВАМ ДА ИЗКАЖА ГЛАСНО МНЕНИЕТО СИ.",анонимен,преди 1 ден,3,4,2026-04-11 17:05:16
dnes.bg,https://www.dnes.bg/c/604-izbori-2026,https://www.dnes.bg/a/1-bulgaria/717450-rumen-radev-balgariya-ne-e-bedna-a-losho-upravlyavana-strana,"Румен Радев: България не е бедна, а лошо управлявана страна",09.04.2026 | 21:45 ч.,,32,"България не е бедна а много крадена - Асен Василев. Притопля манджата на протежето си, от което се отрече Радев. Управляваи БОТАШ бе! - Окрадени!!!",?!?,преди 1 ден,17,4,2026-04-11 17:05:16
dnes.bg,https://www.dnes.bg/c/604-izbori-2026,https://www.dnes.bg/a/1-bulgaria/717450-rumen-radev-balgariya-ne-e-bedna-a-losho-upravlyavana-strana,"Румен Радев: България не е бедна, а лошо управлявана страна",09.04.2026 | 21:45 ч.,,31,"КЪДЕ Е КОМЕНТАРЪТ МИ? КОЙ ВИ ДИРИЖИРА? В БЪЛГАРИЯ ИМА ЛИ ИСТИНСКА ДЕМОКРАЦИЯ ИЛИ Е НЕЩО ПО ПОДОБИЕ? ЖАЛКО ЗА ВАС, ДРУГО МНЕНИЕ ИМАХ.",анонимен,преди 1 ден,8,2,2026-04-11 17:05:19
dnes.bg,https://www.dnes.bg/c/604-izbori-2026,https://www.dnes.bg/a/1-bulgaria/717450-rumen-radev-balgariya-ne-e-bedna-a-losho-upravlyavana-strana,"Румен Радев: България не е бедна, а лошо управлявана страна",09.04.2026 | 21:45 ч.,,30,"Някой разбра ли тоя Фелдфебел, какво ще направи за да се развие Северозападът? Че той нищо не каза ? Разбра се само , че ще спира някакви финансови потоци, към някакъв ""модел""? И че всички пари трябва да минат по ...Пътят на Копринката!",анонимен,преди 1 ден,14,3,2026-04-11 17:05:19
dnes.bg,https://www.dnes.bg/c/604-izbori-2026,https://www.dnes.bg/a/1-bulgaria/717450-rumen-radev-balgariya-ne-e-bedna-a-losho-upravlyavana-strana,"Румен Радев: България не е бедна, а лошо управлявана страна",09.04.2026 | 21:45 ч.,,29,До: Резидент разединител ГЕРП що закри южен поток. Загуби 100 милярда $ с Белене. Бг требва да излезне ЕС и нАТО сички сте престъпници след 1989.,анонимен,преди 1 ден,2,16,2026-04-11 17:05:19
dnes.bg,https://www.dnes.bg/c/604-izbori-2026,https://www.dnes.bg/a/1-bulgaria/717450-rumen-radev-balgariya-ne-e-bedna-a-losho-upravlyavana-strana,"Румен Радев: България не е бедна, а лошо управлявана страна",09.04.2026 | 21:45 ч.,,28,До: Дядо от село Повече е 20 г. биле е генерал при ГЕРП и СДС. Съсипал е и армията след СИВ.,анонимен,преди 1 ден,5,2,2026-04-11 17:05:19
dnes.bg,https://www.dnes.bg/c/604-izbori-2026,https://www.dnes.bg/a/1-bulgaria/717450-rumen-radev-balgariya-ne-e-bedna-a-losho-upravlyavana-strana,"Румен Радев: България не е бедна, а лошо управлявана страна",09.04.2026 | 21:45 ч.,,27,Туй екс секретарката и настоящата съпруга - да те изгони ...в собственото си семейство да е нищо - за държава се натиска,анонимен,преди 1 ден,9,4,2026-04-11 17:05:19
dnes.bg,https://www.dnes.bg/c/604-izbori-2026,https://www.dnes.bg/a/1-bulgaria/717450-rumen-radev-balgariya-ne-e-bedna-a-losho-upravlyavana-strana,"Румен Радев: България не е бедна, а лошо управлявана страна",09.04.2026 | 21:45 ч.,,26,Зеления чорап отказа всякакви предложения за дебати. Без сценаристи кръгла нула четящия некролози.,Marco Reus,преди 1 ден,16,4,2026-04-11 17:05:19
dnes.bg,https://www.dnes.bg/c/604-izbori-2026,https://www.dnes.bg/a/1-bulgaria/717450-rumen-radev-balgariya-ne-e-bedna-a-losho-upravlyavana-strana,"Румен Радев: България не е бедна, а лошо управлявана страна",09.04.2026 | 21:45 ч.,,25,"И това го казва човек, който 10 години е бил в управлението на страната.. Кво е дремал? Няма такъв наглец...",Дядо от село,преди 1 ден,12,5,2026-04-11 17:05:19
dnes.bg,https://www.dnes.bg/c/604-izbori-2026,https://www.dnes.bg/a/1-bulgaria/717450-rumen-radev-balgariya-ne-e-bedna-a-losho-upravlyavana-strana,"Румен Радев: България не е бедна, а лошо управлявана страна",09.04.2026 | 21:45 ч.,,24,"И себестойността на потока със всички допълнителни станции, за да върви газта не само в една посока е 3млрд лева. Значи този проект ще се избие за 6-7 години. Е нищо де благодарение на теб ще изплащаме Боташ още 13. Колко по-добре ще управляваш, като за 9 години освен омраза и разделение нищо друго не постигна. Само разгради и се опозори. СРАМ",Резидент разединител,преди 1 ден,9,3,2026-04-11 17:05:19
dnes.bg,https://www.dnes.bg/c/604-izbori-2026,https://www.dnes.bg/a/1-bulgaria/717450-rumen-radev-balgariya-ne-e-bedna-a-losho-upravlyavana-strana,"Румен Радев: България не е бедна, а лошо управлявана страна",09.04.2026 | 21:45 ч.,,23,"До: анонимен 19... Никой не иска нито ЕС, нито пък ОТАН. Нбутаха ни без да питат народа. Продадоха ни, разграбиха нашите ресурси. Дори и пуснаха предателите соломонови сълзи от радост и кефа, че са забаламосали бa лъ *** те.",Национален предател.,преди 1 ден,6,12,2026-04-11 17:05:19
dnes.bg,https://www.dnes.bg/c/604-izbori-2026,https://www.dnes.bg/a/1-bulgaria/717450-rumen-radev-balgariya-ne-e-bedna-a-losho-upravlyavana-strana,"Румен Радев: България не е бедна, а лошо управлявана страна",09.04.2026 | 21:45 ч.,,22,"Гумен гадев да бъде избран, ще ни върне и лева и ТКЗС. Да напуснем ЕС да затворим границите. Без интернет, за да не могат жените да гледат къде тревата е по зелена и да не ходят да се женят на запад. Да седят тука приковани за пералнята и печката и да раждат от 15 годишни. Ще станем 90 милиона и ще бъдем еничарски корпус и плацдарм за бъдеща експанзия на фашистка Русия в Европа, но затова пък С евтин руски газ и нефт. Парното ще е безплатно. Снимките черно бели за носталгията.",анонимен,преди 1 ден,11,3,2026-04-11 17:05:19
dnes.bg,https://www.dnes.bg/c/604-izbori-2026,https://www.dnes.bg/a/1-bulgaria/717450-rumen-radev-balgariya-ne-e-bedna-a-losho-upravlyavana-strana,"Румен Радев: България не е бедна, а лошо управлявана страна",09.04.2026 | 21:45 ч.,,21,"Обещавам, че ако ме изберете ще подаря половин България на турците.",Румбата боташ-еничар,преди 1 ден,11,3,2026-04-11 17:05:21
dnes.bg,https://www.dnes.bg/c/604-izbori-2026,https://www.dnes.bg/a/1-bulgaria/717450-rumen-radev-balgariya-ne-e-bedna-a-losho-upravlyavana-strana,"Румен Радев: България не е бедна, а лошо управлявана страна",09.04.2026 | 21:45 ч.,,20,"Стига глупости, където и да пътуваш из северозапада всичко е засято. Колко лошо управлявана, преди 2020 да вдигнеш юмрука се построи така омразния на ППДБ и явно и на теб балкански/турски поток, който за 2025 е направил 560млн печалба, от които 490млн лева са дългосрочни договори направени още с пускането на проекта, 70млн са от свободния капацитет, а ти като дойде освен шарлатаните ни доведе и договора с Боташ, който е 1млн на ден разход. И как ще управляваш ти тогава като ти се видя капацитета",Резидент разединител,преди 1 ден,10,4,2026-04-11 17:05:21
dnes.bg,https://www.dnes.bg/c/604-izbori-2026,https://www.dnes.bg/a/1-bulgaria/717450-rumen-radev-balgariya-ne-e-bedna-a-losho-upravlyavana-strana,"Румен Радев: България не е бедна, а лошо управлявана страна",09.04.2026 | 21:45 ч.,,19,"Само един голям стратег като Радев парсцала може да подпише един уникален договор за пренос на въздух, за 600 000 евро на ден за 13 години..",анонимен,преди 1 ден,12,4,2026-04-11 17:05:21
dnes.bg,https://www.dnes.bg/c/604-izbori-2026,https://www.dnes.bg/a/1-bulgaria/717450-rumen-radev-balgariya-ne-e-bedna-a-losho-upravlyavana-strana,"Румен Радев: България не е бедна, а лошо управлявана страна",09.04.2026 | 21:45 ч.,,18,До: Тракийски бачкатор Искате ЕС и НАТО и затова се обезлюди. Там ще са по-високи заплати и сички бегат.,анонимен,преди 1 ден,2,4,2026-04-11 17:05:21
dnes.bg,https://www.dnes.bg/c/604-izbori-2026,https://www.dnes.bg/a/1-bulgaria/717450-rumen-radev-balgariya-ne-e-bedna-a-losho-upravlyavana-strana,"Румен Радев: България не е бедна, а лошо управлявана страна",09.04.2026 | 21:45 ч.,,17,"Радев е много голям стратег, също като Тръмп и Пътинг. Такъв стратег че бабите не знаят къде се мамират като ги видят, от стратегията която излъчват. Абе и тримата са хвани единия, удари другия..",анонимен,преди 1 ден,8,5,2026-04-11 17:05:21
dnes.bg,https://www.dnes.bg/c/604-izbori-2026,https://www.dnes.bg/a/1-bulgaria/717450-rumen-radev-balgariya-ne-e-bedna-a-losho-upravlyavana-strana,"Румен Радев: България не е бедна, а лошо управлявана страна",09.04.2026 | 21:45 ч.,,16,"А, да подпишеш договор за въздух под налагане - какво управление е това бе, терикат селски от хасковска околия?",ванчо михайлов,преди 1 ден,12,5,2026-04-11 17:05:21
dnes.bg,https://www.dnes.bg/c/604-izbori-2026,https://www.dnes.bg/a/1-bulgaria/717450-rumen-radev-balgariya-ne-e-bedna-a-losho-upravlyavana-strana,"Румен Радев: България не е бедна, а лошо управлявана страна",09.04.2026 | 21:45 ч.,,15,"Резидента Крадеф - изведнъж откри топлата вода...Ам ти къде беше през последните години - за лимонада ли ?Колко служебни правителства назначи бре ?А службите - на кого са подчинени..?Кой назначава шефовете ?Аман от добре подплатени ""спасители""...с джакузи и телячки до леглото...",анонимен,преди 1 ден,15,5,2026-04-11 17:05:21
dnes.bg,https://www.dnes.bg/c/604-izbori-2026,https://www.dnes.bg/a/1-bulgaria/717450-rumen-radev-balgariya-ne-e-bedna-a-losho-upravlyavana-strana,"Румен Радев: България не е бедна, а лошо управлявана страна",09.04.2026 | 21:45 ч.,,14,"По голяма излагация от тая чорапена кукла на конци няма! Боташ и шарлатаните, които ни натресе ни направиха по бедни. Ти си основна част от проблема.",анонимен,преди 1 ден,16,7,2026-04-11 17:05:21
dnes.bg,https://www.dnes.bg/c/604-izbori-2026,https://www.dnes.bg/a/1-bulgaria/717450-rumen-radev-balgariya-ne-e-bedna-a-losho-upravlyavana-strana,"Румен Радев: България не е бедна, а лошо управлявана страна",09.04.2026 | 21:45 ч.,,13,А нещо за Боташ каза ли тоя парсцал..,анонимен,преди 1 ден,17,5,2026-04-11 17:05:21
dnes.bg,https://www.dnes.bg/c/604-izbori-2026,https://www.dnes.bg/a/1-bulgaria/717450-rumen-radev-balgariya-ne-e-bedna-a-losho-upravlyavana-strana,"Румен Радев: България не е бедна, а лошо управлявана страна",09.04.2026 | 21:45 ч.,,12,"Че тоя какво е съградил през живота си че ще ""разгражда""? Цял живот е бил на държавната ясла ! Северозападът винаги е бил бастион на комунистите , и затова са най-бедни ! И какво значи , хем е лошо управлявана , хем не е ""бедна""? Тоя наясно ли е ,какви богатии хора земевладелци има в този край ? И той какво ще направи, ще върне ТКЗС-тата ли ? А как ще отреже от някакъв ресурс партии , за които са гласували стотици хиляди българи ? Чного сбъркана личност!",анонимен,преди 1 ден,16,4,2026-04-11 17:05:21
dnes.bg,https://www.dnes.bg/c/604-izbori-2026,https://www.dnes.bg/a/1-bulgaria/717450-rumen-radev-balgariya-ne-e-bedna-a-losho-upravlyavana-strana,"Румен Радев: България не е бедна, а лошо управлявана страна",09.04.2026 | 21:45 ч.,,11,"мистър Боташ управлява 4 година България със служебни министерства. Овладя всички служби, 4 броя конституционни съдии са негови, Сега иска да стане премиер и чрез парламентарната квота да вкара още 2 конституционни съдии, след това е лесно да смени конституцията и да стане като путин пожизнен диктаатор. Народът е *** , ако гласува за ффаттмак",анонимен,преди 1 ден,15,7,2026-04-11 17:05:24
dnes.bg,https://www.dnes.bg/c/604-izbori-2026,https://www.dnes.bg/a/1-bulgaria/717450-rumen-radev-balgariya-ne-e-bedna-a-losho-upravlyavana-strana,"Румен Радев: България не е бедна, а лошо управлявана страна",09.04.2026 | 21:45 ч.,,10,"България не плаща за войни, а печели от продажбата на боеприпаси. А войната я почна фашистка имперска Русия, защото не и стига територията и не е бедна, а лошо управлявана. И никой не иска да копае картофи, всички искат гражданчета айти на 200 бона. това няма как да промените, освен да ги принудят да доят крави и да копаят царевица.",анонимен,преди 1 ден,9,2,2026-04-11 17:05:24
dnes.bg,https://www.dnes.bg/c/604-izbori-2026,https://www.dnes.bg/a/1-bulgaria/717450-rumen-radev-balgariya-ne-e-bedna-a-losho-upravlyavana-strana,"Румен Радев: България не е бедна, а лошо управлявана страна",09.04.2026 | 21:45 ч.,,9,некадърен президент и 9 правителства назначени от него е равно на лошо управление.,прав е радев,преди 1 ден,18,6,2026-04-11 17:05:24
dnes.bg,https://www.dnes.bg/c/604-izbori-2026,https://www.dnes.bg/a/1-bulgaria/717450-rumen-radev-balgariya-ne-e-bedna-a-losho-upravlyavana-strana,"Румен Радев: България не е бедна, а лошо управлявана страна",09.04.2026 | 21:45 ч.,,8,ТЕ МОГАТ ДА УПРАВЛЯВАТ САМО С РЕПРЕСИИ....... ВИЖДАМЕ КАКВО ПРАВИ СЕГА МИЛИЦИЯТА,БОЛШЕВИКИ ЛЪЖАТ,преди 1 ден,16,3,2026-04-11 17:05:24
dnes.bg,https://www.dnes.bg/c/604-izbori-2026,https://www.dnes.bg/a/1-bulgaria/717450-rumen-radev-balgariya-ne-e-bedna-a-losho-upravlyavana-strana,"Румен Радев: България не е бедна, а лошо управлявана страна",09.04.2026 | 21:45 ч.,,7,"Преди 10 години и китайци се пробваха да развиват земеделие в северозападна България. И те се провалиха. Имаха всичко и капитали, и техника, и работници, и ноухау. Не стана.",Всъщност,преди 1 ден,13,1,2026-04-11 17:05:24
dnes.bg,https://www.dnes.bg/c/604-izbori-2026,https://www.dnes.bg/a/1-bulgaria/717450-rumen-radev-balgariya-ne-e-bedna-a-losho-upravlyavana-strana,"Румен Радев: България не е бедна, а лошо управлявана страна",09.04.2026 | 21:45 ч.,,6,Полит Бюро на Продадена България.,анонимен,преди 1 ден,17,0,2026-04-11 17:05:24
dnes.bg,https://www.dnes.bg/c/604-izbori-2026,https://www.dnes.bg/a/1-bulgaria/717450-rumen-radev-balgariya-ne-e-bedna-a-losho-upravlyavana-strana,"Румен Радев: България не е бедна, а лошо управлявана страна",09.04.2026 | 21:45 ч.,,5,Тоя управляваше 4 от последните 5 години и пак недоволен. Намусено мрънкало.,анонимен,преди 1 ден,17,9,2026-04-11 17:05:24
dnes.bg,https://www.dnes.bg/c/604-izbori-2026,https://www.dnes.bg/a/1-bulgaria/717450-rumen-radev-balgariya-ne-e-bedna-a-losho-upravlyavana-strana,"Румен Радев: България не е бедна, а лошо управлявана страна",09.04.2026 | 21:45 ч.,,4,До къде го докара - да повтаря думите на Асен Василев?!,анонимен,преди 1 ден,16,5,2026-04-11 17:05:24
dnes.bg,https://www.dnes.bg/c/604-izbori-2026,https://www.dnes.bg/a/1-bulgaria/717450-rumen-radev-balgariya-ne-e-bedna-a-losho-upravlyavana-strana,"Румен Радев: България не е бедна, а лошо управлявана страна",09.04.2026 | 21:45 ч.,,3,"OT 6 ГОДИШЕН МЕЧТАЕ ДА УПРАВЛЯВА..ДЕТСКАТА МУ МЕЧТА, ДРУГА РАБОТА НЕ БАРВА.....ПУТИН ВТОРИ НА БАЛКАНИТЕ...",КУПУВАЧ N:1...,преди 1 ден,17,4,2026-04-11 17:05:24
dnes.bg,https://www.dnes.bg/c/604-izbori-2026,https://www.dnes.bg/a/1-bulgaria/717450-rumen-radev-balgariya-ne-e-bedna-a-losho-upravlyavana-strana,"Румен Радев: България не е бедна, а лошо управлявана страна",09.04.2026 | 21:45 ч.,,2,"Не желая на власт да е индивида, чието служебно правителство принуждаваше хората да се инжектират с ковид отровите за да им издаде зелен сертификат, който да им позволи да се забавляват. Фашисти нямат място във властта.",анонимен,преди 1 ден,11,2,2026-04-11 17:05:24
dnes.bg,https://www.dnes.bg/c/604-izbori-2026,https://www.dnes.bg/a/1-bulgaria/717450-rumen-radev-balgariya-ne-e-bedna-a-losho-upravlyavana-strana,"Румен Радев: България не е бедна, а лошо управлявана страна",09.04.2026 | 21:45 ч.,,1,"Ония от ДПС на Шиши, като купат от Раковица, та през Кошарник и Младеново до Нов път и Чичо Румен има да се чуди: Кво стана!",анонимен,преди 1 ден,5,5,2026-04-11 17:05:26
dnes.bg,https://www.dnes.bg/c/604-izbori-2026,https://www.dnes.bg/a/1-bulgaria/717444-borisov-nito-edna-sotsiologiya-ne-sam-platil-a-drugite-plashtat,"Борисов: Нито една социология не съм платил, а другите плащат",09.04.2026 | 19:50 ч.,,58,"Б.Борисов: Нито една социология не съм платил, а другите плащат. Какво е това изказване бре, пожарникар? Личи си, че си завършил Магнаурската школа в Симеоново",анонимен,преди 21 часа,3,0,2026-04-11 17:05:29
dnes.bg,https://www.dnes.bg/c/604-izbori-2026,https://www.dnes.bg/a/1-bulgaria/717444-borisov-nito-edna-sotsiologiya-ne-sam-platil-a-drugite-plashtat,"Борисов: Нито една социология не съм платил, а другите плащат",09.04.2026 | 19:50 ч.,,57,"Ти въобще някога нещо плащал ли си или,само прибираш в чекмеджето с кюлчетата?",анонимен,преди 1 ден,4,0,2026-04-11 17:05:29
dnes.bg,https://www.dnes.bg/c/604-izbori-2026,https://www.dnes.bg/a/1-bulgaria/717444-borisov-nito-edna-sotsiologiya-ne-sam-platil-a-drugite-plashtat,"Борисов: Нито една социология не съм платил, а другите плащат",09.04.2026 | 19:50 ч.,,56,Що да плащаш като са твоя собственост? На лъжливото пвчарче никой не вярва.,анонимен,преди 1 ден,4,0,2026-04-11 17:05:29
dnes.bg,https://www.dnes.bg/c/604-izbori-2026,https://www.dnes.bg/a/1-bulgaria/717444-borisov-nito-edna-sotsiologiya-ne-sam-platil-a-drugite-plashtat,"Борисов: Нито една социология не съм платил, а другите плащат",09.04.2026 | 19:50 ч.,,55,Вече тикво!,Жалък си,преди 1 ден,10,2,2026-04-11 17:05:29
dnes.bg,https://www.dnes.bg/c/604-izbori-2026,https://www.dnes.bg/a/1-bulgaria/717444-borisov-nito-edna-sotsiologiya-ne-sam-platil-a-drugite-plashtat,"Борисов: Нито една социология не съм платил, а другите плащат",09.04.2026 | 19:50 ч.,,54,На този не може да се вярва и 1%.,анонимен,преди 1 ден,8,2,2026-04-11 17:05:29
dnes.bg,https://www.dnes.bg/c/604-izbori-2026,https://www.dnes.bg/a/1-bulgaria/717444-borisov-nito-edna-sotsiologiya-ne-sam-platil-a-drugite-plashtat,"Борисов: Нито една социология не съм платил, а другите плащат",09.04.2026 | 19:50 ч.,,53,Колко десетилетия ходи по грсдове и села бе джитко бибитков да раздаваш пари на ръка?,анонимен,преди 1 ден,7,2,2026-04-11 17:05:29
dnes.bg,https://www.dnes.bg/c/604-izbori-2026,https://www.dnes.bg/a/1-bulgaria/717444-borisov-nito-edna-sotsiologiya-ne-sam-platil-a-drugite-plashtat,"Борисов: Нито една социология не съм платил, а другите плащат",09.04.2026 | 19:50 ч.,,52,"Не направихте и един път нормално. И една велоалея. Тези по времето на Фандъкова до последната са кофа жълта боя, сложена някъде си. Много повече се очакваше от вас, бидейки архитекти на бъдещето ни. *** сте, до последния, и за всяка кофа боя за велоалея сте присвоили по милион. И ще ги върнете тия пари.",анонимен,преди 1 ден,6,2,2026-04-11 17:05:29
dnes.bg,https://www.dnes.bg/c/604-izbori-2026,https://www.dnes.bg/a/1-bulgaria/717444-borisov-nito-edna-sotsiologiya-ne-sam-platil-a-drugite-plashtat,"Борисов: Нито една социология не съм платил, а другите плащат",09.04.2026 | 19:50 ч.,,51,"Не си платил социологията, бащице. Но гласува цялата администрация за вас, заедно със семействата им. На фамилен принцип, както е при мафията.",анонимен,преди 1 ден,8,2,2026-04-11 17:05:29
dnes.bg,https://www.dnes.bg/c/604-izbori-2026,https://www.dnes.bg/a/1-bulgaria/717444-borisov-nito-edna-sotsiologiya-ne-sam-platil-a-drugite-plashtat,"Борисов: Нито една социология не съм платил, а другите плащат",09.04.2026 | 19:50 ч.,,50,Гузен негонен бяга!,.,преди 1 ден,13,2,2026-04-11 17:05:29
dnes.bg,https://www.dnes.bg/c/604-izbori-2026,https://www.dnes.bg/a/1-bulgaria/717444-borisov-nito-edna-sotsiologiya-ne-sam-platil-a-drugite-plashtat,"Борисов: Нито една социология не съм платил, а другите плащат",09.04.2026 | 19:50 ч.,,49,Шиши наби канчето на Тиквата и той даде заден. Винаги е бил зависим страхливец.,анонимен,преди 1 ден,15,3,2026-04-11 17:05:29
dnes.bg,https://www.dnes.bg/c/604-izbori-2026,https://www.dnes.bg/a/1-bulgaria/717444-borisov-nito-edna-sotsiologiya-ne-sam-platil-a-drugite-plashtat,"Борисов: Нито една социология не съм платил, а другите плащат",09.04.2026 | 19:50 ч.,,48,"Мачкай Радев крадците и продажниците на България. На изборите най-малко с 40% , провицията ще разкаже играта на двете прасета.",анонимен,преди 1 ден,11,3,2026-04-11 17:05:31
dnes.bg,https://www.dnes.bg/c/604-izbori-2026,https://www.dnes.bg/a/1-bulgaria/717444-borisov-nito-edna-sotsiologiya-ne-sam-platil-a-drugite-plashtat,"Борисов: Нито една социология не съм платил, а другите плащат",09.04.2026 | 19:50 ч.,,47,"Пеевски държи Борисов с видео ,на което Борисов лana дуgyka на Пеевски. Пеевски си поиска ""услугата"" за да не започне неговият човек Сарафов делото по случая Барселона (прокуратурата още не е превела на български испанският доклад). В средите на ГЕРБ знаят за видеото (който не вярва да пита и да проследи реакцията им). В ДПС доста хора са го гледали. В ГЕРБ са ужасени и предпочитат дело за корупция пред това видеото да излезе на яве (въпреки ,че е доста кратко - под минута е).","Борисов, Сарафов, Пе",преди 1 ден,9,3,2026-04-11 17:05:31
dnes.bg,https://www.dnes.bg/c/604-izbori-2026,https://www.dnes.bg/a/1-bulgaria/717444-borisov-nito-edna-sotsiologiya-ne-sam-platil-a-drugite-plashtat,"Борисов: Нито една социология не съм платил, а другите плащат",09.04.2026 | 19:50 ч.,,46,"Арестът на Бойко беше чудесна новина и можем само да съжаляваме, че т.нар. правосъдна система на България не намери смелост и доблест да го настани там, където му е мястото.",анонимен,преди 1 ден,10,3,2026-04-11 17:05:31
dnes.bg,https://www.dnes.bg/c/604-izbori-2026,https://www.dnes.bg/a/1-bulgaria/717444-borisov-nito-edna-sotsiologiya-ne-sam-platil-a-drugite-plashtat,"Борисов: Нито една социология не съм платил, а другите плащат",09.04.2026 | 19:50 ч.,,45,"Прокуратурата е толкова смотана, че не може да извади никакви състоятелни аргументи за пред съда. Но некадърниците в тази институция получават тлъсти заплати, само и само да служат като бухалки на Буци и Гуци",до 21,преди 1 ден,10,3,2026-04-11 17:05:31
dnes.bg,https://www.dnes.bg/c/604-izbori-2026,https://www.dnes.bg/a/1-bulgaria/717444-borisov-nito-edna-sotsiologiya-ne-sam-platil-a-drugite-plashtat,"Борисов: Нито една социология не съм платил, а другите плащат",09.04.2026 | 19:50 ч.,,44,"Кое е верно и Кое не? Борисов има ли имот зад границата ни? Има. Има ли дете? Има. Горанов взимал ли е ежемесечно пари от Божков? Взимал е. Арнаудова била ли е посредник между Горанов и Божков, била е. И кое не верно. ТОВА Е предизборна атака. Гледай те повторението по Нова телевизия и ще разберете, защо едни и същи са на първа линия в ""Социологията""? Кольо Колев каза, как се ""печелят"" избори. Който даде най много пари отива първи. Е, къде е истината? Избори ли?",до 17,преди 1 ден,10,2,2026-04-11 17:05:31
dnes.bg,https://www.dnes.bg/c/604-izbori-2026,https://www.dnes.bg/a/1-bulgaria/717444-borisov-nito-edna-sotsiologiya-ne-sam-platil-a-drugite-plashtat,"Борисов: Нито една социология не съм платил, а другите плащат",09.04.2026 | 19:50 ч.,,43,"""Ало, Ваньо?""""Ти си го Избра"";Резерва на НЗОК;Хазартния бизнес на Божков;""Хемусгейт"";""Кюлчета и пачки"".......Бойчо струва МИЛИАРДИ на държавата....Саздов, аверчето на Бойчо; Саздов, създателят на тенис клуб ""Банкя""; Саздов, шефът на инициативния комитет, издигнал Бойчо за кмет на София;Саздов ПРЕКРАТИ ТИХОМЪЛКОМ широко РЕКЛАМИРАНОТО дело срещу Елена Йончева за 1 МЛН. лв.Йончева изнесе данни за ""Барселонагейт"" за ПРАНЕ на 3.7 МЛН. ЕВРО.ОТКАЗЪТ на Саздов ДА СЪДИ Й ...",анонимен,преди 1 ден,9,3,2026-04-11 17:05:31
dnes.bg,https://www.dnes.bg/c/604-izbori-2026,https://www.dnes.bg/a/1-bulgaria/717444-borisov-nito-edna-sotsiologiya-ne-sam-platil-a-drugite-plashtat,"Борисов: Нито една социология не съм платил, а другите плащат",09.04.2026 | 19:50 ч.,,42,Герберастките крадци осигуриха и правнуците си. Толкова милиарди откраднаха от ЕС.,анонимен,преди 1 ден,12,4,2026-04-11 17:05:31
dnes.bg,https://www.dnes.bg/c/604-izbori-2026,https://www.dnes.bg/a/1-bulgaria/717444-borisov-nito-edna-sotsiologiya-ne-sam-platil-a-drugite-plashtat,"Борисов: Нито една социология не съм платил, а другите плащат",09.04.2026 | 19:50 ч.,,41,"Борисов е поне 3 стъпала по-ниско от Румен Радев по интелект, морал и политически ценности. От тук произтичат агресивните атаки на Борисов към всеки опонент, който го превъзхожда.Това агресивно популистко поведение е типично за представителите на ГЕРБ/ СДС, които са изнервени, че властта им се изплъзва и заедно с това завладяната държава.",анонимен,преди 1 ден,16,4,2026-04-11 17:05:31
dnes.bg,https://www.dnes.bg/c/604-izbori-2026,https://www.dnes.bg/a/1-bulgaria/717444-borisov-nito-edna-sotsiologiya-ne-sam-platil-a-drugite-plashtat,"Борисов: Нито една социология не съм платил, а другите плащат",09.04.2026 | 19:50 ч.,,40,"Тиквата беше тесняк едно време, но като всеки ром миришеше на пушек, дори след баня.",Кметът на Симитли,преди 1 ден,8,3,2026-04-11 17:05:31
dnes.bg,https://www.dnes.bg/c/604-izbori-2026,https://www.dnes.bg/a/1-bulgaria/717444-borisov-nito-edna-sotsiologiya-ne-sam-platil-a-drugite-plashtat,"Борисов: Нито една социология не съм платил, а другите плащат",09.04.2026 | 19:50 ч.,,39,"Всеки знае кои да крадците на милиарди и заради които България е бедна. Това са първи СДС начело с Иван Костов, а след това ГЕРБ начело с Бойко Борисов. И за да са още по-ясно нещата - накрая се обединиха и сега са ГЕРБ-СДС.",анонимен,преди 1 ден,13,4,2026-04-11 17:05:31
dnes.bg,https://www.dnes.bg/c/604-izbori-2026,https://www.dnes.bg/a/1-bulgaria/717444-borisov-nito-edna-sotsiologiya-ne-sam-platil-a-drugite-plashtat,"Борисов: Нито една социология не съм платил, а другите плащат",09.04.2026 | 19:50 ч.,,38,"И на никой вече не му прави впечатление израза: ""а купиш социолигия"" /което е абсолютна глупост/, който беше наложен от неграмотния милиционер БОЙКО БОРИСОВ.",Усмихнат,преди 1 ден,8,4,2026-04-11 17:05:34
dnes.bg,https://www.dnes.bg/c/604-izbori-2026,https://www.dnes.bg/a/1-bulgaria/717444-borisov-nito-edna-sotsiologiya-ne-sam-platil-a-drugite-plashtat,"Борисов: Нито една социология не съм платил, а другите плащат",09.04.2026 | 19:50 ч.,,37,"До: ПловдивНе си от Пловдив,а от село,нали?",анонимен,преди 1 ден,6,5,2026-04-11 17:05:34
dnes.bg,https://www.dnes.bg/c/604-izbori-2026,https://www.dnes.bg/a/1-bulgaria/717444-borisov-nito-edna-sotsiologiya-ne-sam-platil-a-drugite-plashtat,"Борисов: Нито една социология не съм платил, а другите плащат",09.04.2026 | 19:50 ч.,,36,"За какво да ви е благодарен който и да било ! Какво сте направили което е трайно и не сте го поправяли ! Строите едни пътища преди избори който пътища поправяте веднага след избори ! Усвояване едни милиярди със магнитни престъпници , куче влачи рейс диря няма ! За 15 - 20 години на власт така сте се впили в държавния механизъм че благодарение на вас държавност в България няма ! Корупция на всякъде в България и със най голямата си наглост искате награда !",Пловдив,преди 1 ден,9,11,2026-04-11 17:05:34
dnes.bg,https://www.dnes.bg/c/604-izbori-2026,https://www.dnes.bg/a/1-bulgaria/717444-borisov-nito-edna-sotsiologiya-ne-sam-platil-a-drugite-plashtat,"Борисов: Нито една социология не съм платил, а другите плащат",09.04.2026 | 19:50 ч.,,35,"Е да видим резултатите от изборите,да не се окаже,че избирателите на Борисов са гласували за другия Генерал.Представям си физиономията на Бибитков",Банкеръ,преди 1 ден,11,4,2026-04-11 17:05:34
dnes.bg,https://www.dnes.bg/c/604-izbori-2026,https://www.dnes.bg/a/1-bulgaria/717444-borisov-nito-edna-sotsiologiya-ne-sam-platil-a-drugite-plashtat,"Борисов: Нито една социология не съм платил, а другите плащат",09.04.2026 | 19:50 ч.,,34,"Каквито и да ги дрънкате за Борисов( а те са все едни и същи простотии) оставате си малки ,посредствени,незначителни",анонимен,преди 1 ден,5,14,2026-04-11 17:05:34
dnes.bg,https://www.dnes.bg/c/604-izbori-2026,https://www.dnes.bg/a/1-bulgaria/717444-borisov-nito-edna-sotsiologiya-ne-sam-platil-a-drugite-plashtat,"Борисов: Нито една социология не съм платил, а другите плащат",09.04.2026 | 19:50 ч.,,33,"Само абсолютен наглец може да каже,че младите трябвало да се радват на Герб-синоним на корупция и мизерия.Същите тези,които ги изгониха,протестирайки на площадите,сега трябвало да се радват?1 500 000 бяха на площада,забрави ли ,бе,мутр0 ,корумпирана?",Хичо,преди 1 ден,21,7,2026-04-11 17:05:34
dnes.bg,https://www.dnes.bg/c/604-izbori-2026,https://www.dnes.bg/a/1-bulgaria/717444-borisov-nito-edna-sotsiologiya-ne-sam-platil-a-drugite-plashtat,"Борисов: Нито една социология не съм платил, а другите плащат",09.04.2026 | 19:50 ч.,,32,Стотици милиарди откраднаха ГЕРБ и СДС. Дали не плащат на социолозите?!,анонимен,преди 1 ден,18,4,2026-04-11 17:05:34
dnes.bg,https://www.dnes.bg/c/604-izbori-2026,https://www.dnes.bg/a/1-bulgaria/717444-borisov-nito-edna-sotsiologiya-ne-sam-platil-a-drugite-plashtat,"Борисов: Нито една социология не съм платил, а другите плащат",09.04.2026 | 19:50 ч.,,31,"Ха,ха, ха, плювачите пак започнаха да пипат и да дрънкат старите небивалици.Каквото и да правите не можете да стъпките на малкия пръст на Борисов.",анонимен,преди 1 ден,6,16,2026-04-11 17:05:34
dnes.bg,https://www.dnes.bg/c/604-izbori-2026,https://www.dnes.bg/a/1-bulgaria/717444-borisov-nito-edna-sotsiologiya-ne-sam-platil-a-drugite-plashtat,"Борисов: Нито една социология не съм платил, а другите плащат",09.04.2026 | 19:50 ч.,,30,"ББ не плаща за социология.Той сипва в коритото,а т.нар. социолози наоколо щастливо грууххтят и повдигат дзурли за още.",Алекс,преди 1 ден,12,3,2026-04-11 17:05:34
dnes.bg,https://www.dnes.bg/c/604-izbori-2026,https://www.dnes.bg/a/1-bulgaria/717444-borisov-nito-edna-sotsiologiya-ne-sam-platil-a-drugite-plashtat,"Борисов: Нито една социология не съм платил, а другите плащат",09.04.2026 | 19:50 ч.,,29,"Така си е. Е наивници се връзват на лъжите и опорките на престъпниците от подмяната.. тяхното МВР хващало уж купувачи на гласове, а подмяната си купуват наистина гласове и никой не ги пипа..",Bob,преди 1 ден,7,7,2026-04-11 17:05:34
dnes.bg,https://www.dnes.bg/c/604-izbori-2026,https://www.dnes.bg/a/1-bulgaria/717444-borisov-nito-edna-sotsiologiya-ne-sam-platil-a-drugite-plashtat,"Борисов: Нито една социология не съм платил, а другите плащат",09.04.2026 | 19:50 ч.,,28,Селянин от класа.,Вис 2,преди 1 ден,14,4,2026-04-11 17:05:37
dnes.bg,https://www.dnes.bg/c/604-izbori-2026,https://www.dnes.bg/a/1-bulgaria/717444-borisov-nito-edna-sotsiologiya-ne-sam-platil-a-drugite-plashtat,"Борисов: Нито една социология не съм платил, а другите плащат",09.04.2026 | 19:50 ч.,,27,"Знаем, че ГЕРБ и СДС винаги нагло лъжат.",анонимен,преди 1 ден,16,7,2026-04-11 17:05:37
dnes.bg,https://www.dnes.bg/c/604-izbori-2026,https://www.dnes.bg/a/1-bulgaria/717444-borisov-nito-edna-sotsiologiya-ne-sam-platil-a-drugite-plashtat,"Борисов: Нито една социология не съм платил, а другите плащат",09.04.2026 | 19:50 ч.,,26,"Тиквата е в Будна Кома..........Халюцинира, Бълнува и Умира от Страх............Абе Мутра........",Негър скиор,преди 1 ден,17,6,2026-04-11 17:05:37
dnes.bg,https://www.dnes.bg/c/604-izbori-2026,https://www.dnes.bg/a/1-bulgaria/717444-borisov-nito-edna-sotsiologiya-ne-sam-platil-a-drugite-plashtat,"Борисов: Нито една социология не съм платил, а другите плащат",09.04.2026 | 19:50 ч.,,25,Кой крадва толкоз години..кой е в схемите- още от фабриката за цигари в Крайморие.. И направи от цяла държава - селска ***..,анонимен,преди 1 ден,14,5,2026-04-11 17:05:37
dnes.bg,https://www.dnes.bg/c/604-izbori-2026,https://www.dnes.bg/a/1-bulgaria/717444-borisov-nito-edna-sotsiologiya-ne-sam-platil-a-drugite-plashtat,"Борисов: Нито една социология не съм платил, а другите плащат",09.04.2026 | 19:50 ч.,,24,Той строи..той..дава...той прави..ТОЙ..ТОЙ..ТОЙ...ТОЙ...Без БАЦЕ - дори и слънцето не изгрява..,анонимен,преди 1 ден,14,4,2026-04-11 17:05:37
dnes.bg,https://www.dnes.bg/c/604-izbori-2026,https://www.dnes.bg/a/1-bulgaria/717444-borisov-nito-edna-sotsiologiya-ne-sam-platil-a-drugite-plashtat,"Борисов: Нито една социология не съм платил, а другите плащат",09.04.2026 | 19:50 ч.,,23,"Да лъже колкото си иска,всички знаят,че е лъжец,измамник и алчен,корумпиран индивид....Но ,само,са не се съблича пак по лански,защотоэе наистина отвратително и противно....Може и господарят му да реши да се съблече по бански или по гашти,а това ще е страшно...",Хичо,преди 1 ден,12,4,2026-04-11 17:05:37
dnes.bg,https://www.dnes.bg/c/604-izbori-2026,https://www.dnes.bg/a/1-bulgaria/717444-borisov-nito-edna-sotsiologiya-ne-sam-platil-a-drugite-plashtat,"Борисов: Нито една социология не съм платил, а другите плащат",09.04.2026 | 19:50 ч.,,22,Кога ли ще гледа кат Бай Тошо на 10 ноември...,анонимен,преди 1 ден,15,5,2026-04-11 17:05:37
dnes.bg,https://www.dnes.bg/c/604-izbori-2026,https://www.dnes.bg/a/1-bulgaria/717444-borisov-nito-edna-sotsiologiya-ne-sam-platil-a-drugite-plashtat,"Борисов: Нито една социология не съм платил, а другите плащат",09.04.2026 | 19:50 ч.,,21,Лакърдиите на Чекмеджан втръснаха отдавна..,анонимен,преди 1 ден,14,8,2026-04-11 17:05:37
dnes.bg,https://www.dnes.bg/c/604-izbori-2026,https://www.dnes.bg/a/1-bulgaria/717444-borisov-nito-edna-sotsiologiya-ne-sam-platil-a-drugite-plashtat,"Борисов: Нито една социология не съм платил, а другите плащат",09.04.2026 | 19:50 ч.,,20,Е как да плати чорбаджията ....кат е свикнал само да взема ..,анонимен,преди 1 ден,8,7,2026-04-11 17:05:37
dnes.bg,https://www.dnes.bg/c/604-izbori-2026,https://www.dnes.bg/a/1-bulgaria/717444-borisov-nito-edna-sotsiologiya-ne-sam-platil-a-drugite-plashtat,"Борисов: Нито една социология не съм платил, а другите плащат",09.04.2026 | 19:50 ч.,,19,"Трябва обикаляте България издокарана,костюмиран като Радев.Вижте го него колко е наперено,официален като за парад Ха,ха,ха, голям майтап е с това парвеню",анонимен,преди 1 ден,6,5,2026-04-11 17:05:37
dnes.bg,https://www.dnes.bg/c/604-izbori-2026,https://www.dnes.bg/a/1-bulgaria/717444-borisov-nito-edna-sotsiologiya-ne-sam-platil-a-drugite-plashtat,"Борисов: Нито една социология не съм платил, а другите плащат",09.04.2026 | 19:50 ч.,,18,"Номер 11-ет, ако съдя по твоя личен капацитет,то веднага виждам един субект,който е на герберската ясла и му се иска да остане там.Борисов преди гадини казваше:""Ако партията която оглавявам загуби избори,на другия ден си тръгвам за Банкя"" На 19.04.26-година,около 21 часА,той ще види голямото си сгромолясване,нещо което ще го смъкне на земята и ще отрезвее завинаги.",анонимен,преди 1 ден,9,7,2026-04-11 17:05:39
dnes.bg,https://www.dnes.bg/c/604-izbori-2026,https://www.dnes.bg/a/1-bulgaria/717444-borisov-nito-edna-sotsiologiya-ne-sam-platil-a-drugite-plashtat,"Борисов: Нито една социология не съм платил, а другите плащат",09.04.2026 | 19:50 ч.,,17,"Е затова г- н Борисов ви мразят,защото имате принципи от които не отстъпвате.Всичко останало е виж и колчо да те лажем",анонимен,преди 1 ден,6,11,2026-04-11 17:05:39
dnes.bg,https://www.dnes.bg/c/604-izbori-2026,https://www.dnes.bg/a/1-bulgaria/717444-borisov-nito-edna-sotsiologiya-ne-sam-platil-a-drugite-plashtat,"Борисов: Нито една социология не съм платил, а другите плащат",09.04.2026 | 19:50 ч.,,16,"За да има Радев мандат, трябва да бие поне двойно-тройно, няколко процента разлика не му дават нищо. ГЕРБ 2009 би 40 на 15, Царя 2001 би също толкова, така че левичарчета НЕ се надявайте, НЯМА да я бъде!",анонимен,преди 1 ден,6,5,2026-04-11 17:05:39
dnes.bg,https://www.dnes.bg/c/604-izbori-2026,https://www.dnes.bg/a/1-bulgaria/717444-borisov-nito-edna-sotsiologiya-ne-sam-platil-a-drugite-plashtat,"Борисов: Нито една социология не съм платил, а другите плащат",09.04.2026 | 19:50 ч.,,15,"*** вие действително ли мислите, че левите на Радев и ПП ДБ ще управляват???? Нещо с мозъка???",анонимен,преди 1 ден,5,6,2026-04-11 17:05:39
dnes.bg,https://www.dnes.bg/c/604-izbori-2026,https://www.dnes.bg/a/1-bulgaria/717444-borisov-nito-edna-sotsiologiya-ne-sam-platil-a-drugite-plashtat,"Борисов: Нито една социология не съм платил, а другите плащат",09.04.2026 | 19:50 ч.,,14,Да ви е социологията. ПЛАТЕНИ ***.,анонимен,преди 1 ден,8,2,2026-04-11 17:05:39
dnes.bg,https://www.dnes.bg/c/604-izbori-2026,https://www.dnes.bg/a/1-bulgaria/717444-borisov-nito-edna-sotsiologiya-ne-sam-platil-a-drugite-plashtat,"Борисов: Нито една социология не съм платил, а другите плащат",09.04.2026 | 19:50 ч.,,13,"ГЕРБ води с МНОГО. И в САЩ даваха Камала Харис да води с 10 процента, пък то Тръмп би с 5. Хората ви разбраха какви сте, не казват за кого ще гласуват, огромна част просто не отговарят или отпращат социолозите, тъй като в момента са под голямо напрежение, и това са ВСЕ хора на ГЕРБ. Тъй че очаквайте голяма изненада.",анонимен,преди 1 ден,10,8,2026-04-11 17:05:39
dnes.bg,https://www.dnes.bg/c/604-izbori-2026,https://www.dnes.bg/a/1-bulgaria/717444-borisov-nito-edna-sotsiologiya-ne-sam-platil-a-drugite-plashtat,"Борисов: Нито една социология не съм платил, а другите плащат",09.04.2026 | 19:50 ч.,,12,"Знаем, знаем, не сме вчерашни.",анонимен,преди 1 ден,8,1,2026-04-11 17:05:39
dnes.bg,https://www.dnes.bg/c/604-izbori-2026,https://www.dnes.bg/a/1-bulgaria/717444-borisov-nito-edna-sotsiologiya-ne-sam-platil-a-drugite-plashtat,"Борисов: Нито една социология не съм платил, а другите плащат",09.04.2026 | 19:50 ч.,,11,"Съдейки по капацитета на залите, Борисов трябва да бие Радев 3 към 2. По-точна социалогия няма.",анонимен,преди 1 ден,6,9,2026-04-11 17:05:39
dnes.bg,https://www.dnes.bg/c/604-izbori-2026,https://www.dnes.bg/a/1-bulgaria/717444-borisov-nito-edna-sotsiologiya-ne-sam-platil-a-drugite-plashtat,"Борисов: Нито една социология не съм платил, а другите плащат",09.04.2026 | 19:50 ч.,,10,"До: анонименАааа,питайте Киро-5 тунела,Дунав мост,завод за коли.....Те много обещаха !",анонимен,преди 1 ден,7,4,2026-04-11 17:05:39
dnes.bg,https://www.dnes.bg/c/604-izbori-2026,https://www.dnes.bg/a/1-bulgaria/717444-borisov-nito-edna-sotsiologiya-ne-sam-platil-a-drugite-plashtat,"Борисов: Нито една социология не съм платил, а другите плащат",09.04.2026 | 19:50 ч.,,9,Прав е!,анонимен,преди 1 ден,5,6,2026-04-11 17:05:39
dnes.bg,https://www.dnes.bg/c/604-izbori-2026,https://www.dnes.bg/a/1-bulgaria/717444-borisov-nito-edna-sotsiologiya-ne-sam-platil-a-drugite-plashtat,"Борисов: Нито една социология не съм платил, а другите плащат",09.04.2026 | 19:50 ч.,,8,"До: цгфуйблшш-Има магистрали,рушат се,А какво направиха Продажниците,за да казваме че се руши!??",анонимен,преди 1 ден,5,3,2026-04-11 17:05:42
dnes.bg,https://www.dnes.bg/c/604-izbori-2026,https://www.dnes.bg/a/1-bulgaria/717444-borisov-nito-edna-sotsiologiya-ne-sam-platil-a-drugite-plashtat,"Борисов: Нито една социология не съм платил, а другите плащат",09.04.2026 | 19:50 ч.,,7,"Го закъса за еликторат та даже обикаля из маалите такова видео видях в тубата.Аз помня как казваше на ПП-ДБ,че се е съгласил с тях да се дава оръжие на Украйна,за да има сглобка и правителство.Що сега не излезе и смело да каже аз ви нагласих в клуба на багатите.Нещо не смее а?",Явно бокич,преди 1 ден,10,4,2026-04-11 17:05:42
dnes.bg,https://www.dnes.bg/c/604-izbori-2026,https://www.dnes.bg/a/1-bulgaria/717444-borisov-nito-edna-sotsiologiya-ne-sam-platil-a-drugite-plashtat,"Борисов: Нито една социология не съм платил, а другите плащат",09.04.2026 | 19:50 ч.,,6,До: Cec-Е не е като Петроханската Партия да се гаври с деца! А младите ни имат мноого да учат полезни и положителни неща от ББ!!!,анонимен,преди 1 ден,5,7,2026-04-11 17:05:42
dnes.bg,https://www.dnes.bg/c/604-izbori-2026,https://www.dnes.bg/a/1-bulgaria/717444-borisov-nito-edna-sotsiologiya-ne-sam-platil-a-drugite-plashtat,"Борисов: Нито една социология не съм платил, а другите плащат",09.04.2026 | 19:50 ч.,,5,"да бе ,ти си светия . колко окраде с тезмагистралки дет се рушат за година две",цгфуйблшш,преди 1 ден,11,5,2026-04-11 17:05:42
dnes.bg,https://www.dnes.bg/c/604-izbori-2026,https://www.dnes.bg/a/1-bulgaria/717444-borisov-nito-edna-sotsiologiya-ne-sam-platil-a-drugite-plashtat,"Борисов: Нито една социология не съм платил, а другите плащат",09.04.2026 | 19:50 ч.,,4,От теб ли да са благодарни бе я недей закача децата само с тях не се заигравай,Cec,преди 1 ден,9,7,2026-04-11 17:05:42
dnes.bg,https://www.dnes.bg/c/604-izbori-2026,https://www.dnes.bg/a/1-bulgaria/717444-borisov-nito-edna-sotsiologiya-ne-sam-platil-a-drugite-plashtat,"Борисов: Нито една социология не съм платил, а другите плащат",09.04.2026 | 19:50 ч.,,3,"Така си е,Бойко! ППейците не могат място да си намерят след като се оплетоха в собствени лъжи!",анонимен,преди 1 ден,7,11,2026-04-11 17:05:42
dnes.bg,https://www.dnes.bg/c/604-izbori-2026,https://www.dnes.bg/a/1-bulgaria/717444-borisov-nito-edna-sotsiologiya-ne-sam-platil-a-drugite-plashtat,"Борисов: Нито една социология не съм платил, а другите плащат",09.04.2026 | 19:50 ч.,,2,ТИ ЛИ БЕ?,анонимен,преди 1 ден,12,6,2026-04-11 17:05:42
dnes.bg,https://www.dnes.bg/c/604-izbori-2026,https://www.dnes.bg/a/1-bulgaria/717444-borisov-nito-edna-sotsiologiya-ne-sam-platil-a-drugite-plashtat,"Борисов: Нито една социология не съм платил, а другите плащат",09.04.2026 | 19:50 ч.,,1,продавам *** евтино а журналист е като ефтинапроститутка само дето по гнусен,анонимен,преди 1 ден,6,4,2026-04-11 17:05:42
dnes.bg,https://www.dnes.bg/c/604-izbori-2026,https://www.dnes.bg/a/604-izbori-2026/717443-tiktok-zakri-34-falshivi-akaunta-agitirali-za-peevski,"TikTok закри 34 фалшиви акаунта, агитирали за Пеевски",09.04.2026 | 19:26 ч.,,9,Тик Ток Так,анонимен,преди 1 ден,0,0,2026-04-11 17:05:45
dnes.bg,https://www.dnes.bg/c/604-izbori-2026,https://www.dnes.bg/a/604-izbori-2026/717443-tiktok-zakri-34-falshivi-akaunta-agitirali-za-peevski,"TikTok закри 34 фалшиви акаунта, агитирали за Пеевски",09.04.2026 | 19:26 ч.,,8,"на петроханските лами , дали ще свалят акаунти , за един приятел питам",Бебо,преди 1 ден,0,0,2026-04-11 17:05:45
dnes.bg,https://www.dnes.bg/c/604-izbori-2026,https://www.dnes.bg/a/604-izbori-2026/717443-tiktok-zakri-34-falshivi-akaunta-agitirali-za-peevski,"TikTok закри 34 фалшиви акаунта, агитирали за Пеевски",09.04.2026 | 19:26 ч.,,7,и като как си представяте че радев има 90 000 000 гледания ? щото и тик току се чуди,абе да питам,преди 1 ден,0,1,2026-04-11 17:05:45
dnes.bg,https://www.dnes.bg/c/604-izbori-2026,https://www.dnes.bg/a/604-izbori-2026/717443-tiktok-zakri-34-falshivi-akaunta-agitirali-za-peevski,"TikTok закри 34 фалшиви акаунта, агитирали за Пеевски",09.04.2026 | 19:26 ч.,,6,Сега и на рублен ако му спрат бот фермата цена няма да имат. 90% от трафика му е фейк. Като него.,анонимен,преди 1 ден,3,2,2026-04-11 17:05:45
dnes.bg,https://www.dnes.bg/c/604-izbori-2026,https://www.dnes.bg/a/604-izbori-2026/717443-tiktok-zakri-34-falshivi-akaunta-agitirali-za-peevski,"TikTok закри 34 фалшиви акаунта, агитирали за Пеевски",09.04.2026 | 19:26 ч.,,5,"Аналогично ще се действа и в агитирането за партията на Радев, агенциите му дават над 30% прогнозни резултати, представете си колко фалшиви акаунта са създадени за тази цел...Руските хакери са задействани, а ЕС ще следи за пропаганда и манипулации в социалните мрежи, което вместо да зарадва Радев, го вбеси. Сам се издаде , и то още преди да е дошъл на власт, за какво и за кого се бори!",анонимен,преди 1 ден,6,1,2026-04-11 17:05:45
dnes.bg,https://www.dnes.bg/c/604-izbori-2026,https://www.dnes.bg/a/604-izbori-2026/717443-tiktok-zakri-34-falshivi-akaunta-agitirali-za-peevski,"TikTok закри 34 фалшиви акаунта, агитирали за Пеевски",09.04.2026 | 19:26 ч.,,4,"Чакай да схвана, тоест КИТАЙ твърди, че Пеевски мрами. К-и-т-а-й. Ко-мунистите.",анонимен,преди 1 ден,3,3,2026-04-11 17:05:45
dnes.bg,https://www.dnes.bg/c/604-izbori-2026,https://www.dnes.bg/a/604-izbori-2026/717443-tiktok-zakri-34-falshivi-akaunta-agitirali-za-peevski,"TikTok закри 34 фалшиви акаунта, агитирали за Пеевски",09.04.2026 | 19:26 ч.,,3,"Dneska bege много смели, щом пишат така, срещу пеевски. Дано нямат деца меца родители мродители да се грижът че ....",анонимен,преди 1 ден,1,5,2026-04-11 17:05:45
dnes.bg,https://www.dnes.bg/c/604-izbori-2026,https://www.dnes.bg/a/604-izbori-2026/717443-tiktok-zakri-34-falshivi-akaunta-agitirali-za-peevski,"TikTok закри 34 фалшиви акаунта, агитирали за Пеевски",09.04.2026 | 19:26 ч.,,2,"А фалшивите акаунти на петрохаските педофили, елфи, акф и мирчев кога?",анонимен,преди 1 ден,14,5,2026-04-11 17:05:45
dnes.bg,https://www.dnes.bg/c/604-izbori-2026,https://www.dnes.bg/a/604-izbori-2026/717443-tiktok-zakri-34-falshivi-akaunta-agitirali-za-peevski,"TikTok закри 34 фалшиви акаунта, агитирали за Пеевски",09.04.2026 | 19:26 ч.,,1,"Всичко му е такова на Говновоза. Лъжи, измами,кражби, далавери и заплахи, най-много обича заплахите. Добре че американците го приключиха,ама май не са му казали и то затова вири нос. Къде ще е почивните дни,в САЩ или Великобритания? Или ще ги гледа само на картинка?",анонимен,преди 1 ден,6,5,2026-04-11 17:05:45
dnes.bg,https://www.dnes.bg/c/604-izbori-2026,https://www.dnes.bg/a/1-bulgaria/717442-emil-dechev-kmetove-se-opitvat-da-vazdeystvat-varhu-izborniya-protses,Емил Дечев: Кметове се опитват да въздействат върху изборния процес,09.04.2026 | 18:24 ч.,,39,"Оскар за роля ""купувач на гласове"", трябва да получат ""заловените"" от полицията на алкохолика и поклонник на спорни прокурорки, на яхти и узо Дечев, и другият тройкаджия, секретарят на МВР. Всичко е постановка, фалшификации и подметнати пари.",Евтин театър,преди 16 минути,0,0,2026-04-11 17:05:47
dnes.bg,https://www.dnes.bg/c/604-izbori-2026,https://www.dnes.bg/a/1-bulgaria/717442-emil-dechev-kmetove-se-opitvat-da-vazdeystvat-varhu-izborniya-protses,Емил Дечев: Кметове се опитват да въздействат върху изборния процес,09.04.2026 | 18:24 ч.,,38,"Кметовете с малки изключения са кадри на ГЕРБ, същото важи и за прокурорите, МВР, следствието. Само напоследък ГЕРБ, разбирай ББ, вкара двама съдии от ГЕРБ и в КС, така че служебният министър на МВР има основания да прави забележки и да се ядосва. А ББ по същото време оповестява Аз социология не съм учил От 2009 г. ГЕРБ , т.е. ББ, е управлявал 3 мандата - до 2020 г. и от 2023 досега още три пъти и през цялото това време е въвеждал свои хора навсякъде в държавната и общинска администрация.",анонимен,преди 7 часа,0,0,2026-04-11 17:05:47
dnes.bg,https://www.dnes.bg/c/604-izbori-2026,https://www.dnes.bg/a/1-bulgaria/717442-emil-dechev-kmetove-se-opitvat-da-vazdeystvat-varhu-izborniya-protses,Емил Дечев: Кметове се опитват да въздействат върху изборния процес,09.04.2026 | 18:24 ч.,,37,;)))) mvr proizvejda falshivi dokumenti i posle gi hvasta...maliii goliam vic,анонимен,преди 19 часа,2,0,2026-04-11 17:05:47
dnes.bg,https://www.dnes.bg/c/604-izbori-2026,https://www.dnes.bg/a/1-bulgaria/717442-emil-dechev-kmetove-se-opitvat-da-vazdeystvat-varhu-izborniya-protses,Емил Дечев: Кметове се опитват да въздействат върху изборния процес,09.04.2026 | 18:24 ч.,,36,"В ход е хулиганството на алкохолика и любител на яхти, спящият по пейки пиян, Дечев, също и на неговия копой с когото в училище едва са закърпвали среден 3.",Хулигани сър ППДБГюр,преди 1 ден,2,0,2026-04-11 17:05:47
dnes.bg,https://www.dnes.bg/c/604-izbori-2026,https://www.dnes.bg/a/1-bulgaria/717442-emil-dechev-kmetove-se-opitvat-da-vazdeystvat-varhu-izborniya-protses,Емил Дечев: Кметове се опитват да въздействат върху изборния процес,09.04.2026 | 18:24 ч.,,35,Отлично г-н Дечев добра работа ! Статистики не следя гледам реакции !,Пловдив,преди 1 ден,1,3,2026-04-11 17:05:47
dnes.bg,https://www.dnes.bg/c/604-izbori-2026,https://www.dnes.bg/a/1-bulgaria/717442-emil-dechev-kmetove-se-opitvat-da-vazdeystvat-varhu-izborniya-protses,Емил Дечев: Кметове се опитват да въздействат върху изборния процес,09.04.2026 | 18:24 ч.,,34,"Тези петроханци насрочили Прайда на 13 юни, кагато Гойко Митич и Бойко Борисов имат раожден ден, както и Мина Тодорова (любимата на Яворов)",анонимен,преди 1 ден,5,0,2026-04-11 17:05:47
dnes.bg,https://www.dnes.bg/c/604-izbori-2026,https://www.dnes.bg/a/1-bulgaria/717442-emil-dechev-kmetove-se-opitvat-da-vazdeystvat-varhu-izborniya-protses,Емил Дечев: Кметове се опитват да въздействат върху изборния процес,09.04.2026 | 18:24 ч.,,33,"Пелтечев, от узото ти се е размътила главата, а погледа ти е разтроен, така че ти се привижда, баби.",анонимен,преди 1 ден,11,0,2026-04-11 17:05:47
dnes.bg,https://www.dnes.bg/c/604-izbori-2026,https://www.dnes.bg/a/1-bulgaria/717442-emil-dechev-kmetove-se-opitvat-da-vazdeystvat-varhu-izborniya-protses,Емил Дечев: Кметове се опитват да въздействат върху изборния процес,09.04.2026 | 18:24 ч.,,32,"Внимавай, че сме уведомили Тръмп.",анонимен,преди 1 ден,1,0,2026-04-11 17:05:47
dnes.bg,https://www.dnes.bg/c/604-izbori-2026,https://www.dnes.bg/a/1-bulgaria/717442-emil-dechev-kmetove-se-opitvat-da-vazdeystvat-varhu-izborniya-protses,Емил Дечев: Кметове се опитват да въздействат върху изборния процес,09.04.2026 | 18:24 ч.,,31,"Ухаа, кво квиченье пада...... квииииик, квиииик.... кеф...",анонимен,преди 1 ден,5,5,2026-04-11 17:05:47
dnes.bg,https://www.dnes.bg/c/604-izbori-2026,https://www.dnes.bg/a/1-bulgaria/717442-emil-dechev-kmetove-se-opitvat-da-vazdeystvat-varhu-izborniya-protses,Емил Дечев: Кметове се опитват да въздействат върху изборния процес,09.04.2026 | 18:24 ч.,,30,"И КОЙ е лидера по купуване на гласове? Борисеевски ли? Навсякъде ЛЕВИТЕ купуват гласове, бе, тоест ВИЕ, наследниците на Държавна сигурност.",анонимен,преди 1 ден,12,0,2026-04-11 17:05:47
dnes.bg,https://www.dnes.bg/c/604-izbori-2026,https://www.dnes.bg/a/1-bulgaria/717442-emil-dechev-kmetove-se-opitvat-da-vazdeystvat-varhu-izborniya-protses,Емил Дечев: Кметове се опитват да въздействат върху изборния процес,09.04.2026 | 18:24 ч.,,29,"Ако ППДБ е в управлението ще има Прайд всяка година.Ако тиквата и прасйето са в управлението Прайд няма да има така,че гласувайте хора за ППДБ!",Емили Тротинетката,преди 1 ден,5,8,2026-04-11 17:05:49
dnes.bg,https://www.dnes.bg/c/604-izbori-2026,https://www.dnes.bg/a/1-bulgaria/717442-emil-dechev-kmetove-se-opitvat-da-vazdeystvat-varhu-izborniya-protses,Емил Дечев: Кметове се опитват да въздействат върху изборния процес,09.04.2026 | 18:24 ч.,,28,"Вашите кметове, пиянде пепейско?",анонимен,преди 1 ден,15,0,2026-04-11 17:05:49
dnes.bg,https://www.dnes.bg/c/604-izbori-2026,https://www.dnes.bg/a/1-bulgaria/717442-emil-dechev-kmetove-se-opitvat-da-vazdeystvat-varhu-izborniya-protses,Емил Дечев: Кметове се опитват да въздействат върху изборния процес,09.04.2026 | 18:24 ч.,,27,Ако Чекмеджан и Дебелян останат под 80 дупетата - ще стане интересно. Ама с толкоз пара - доста трудно...А дано - ама надали..Само МАСОВО гласуване ги спира тия...,анонимен,преди 1 ден,1,13,2026-04-11 17:05:49
dnes.bg,https://www.dnes.bg/c/604-izbori-2026,https://www.dnes.bg/a/1-bulgaria/717442-emil-dechev-kmetove-se-opitvat-da-vazdeystvat-varhu-izborniya-protses,Емил Дечев: Кметове се опитват да въздействат върху изборния процес,09.04.2026 | 18:24 ч.,,26,"Дечев да си каже с ръка на сърцето АКО В ПЛИКОВЕТЕ ИМА ЕДНО ЛИСТЧЕ,НАКОЕТО Е ИЗПИСАНО ""ПП"" КАКВО ЩЕ НАПРАВИ! Ако изобщо има такива пликове,обаче! Смятам,че това е поредната лъжа на Шарлатаните!",анонимен,преди 1 ден,13,1,2026-04-11 17:05:49
dnes.bg,https://www.dnes.bg/c/604-izbori-2026,https://www.dnes.bg/a/1-bulgaria/717442-emil-dechev-kmetove-se-opitvat-da-vazdeystvat-varhu-izborniya-protses,Емил Дечев: Кметове се опитват да въздействат върху изборния процес,09.04.2026 | 18:24 ч.,,25,Представят ли си кмет на НН или ГРОБ да си седи мирно и да не организира купуване на гласове ?,анонимен,преди 1 ден,3,13,2026-04-11 17:05:49
dnes.bg,https://www.dnes.bg/c/604-izbori-2026,https://www.dnes.bg/a/1-bulgaria/717442-emil-dechev-kmetove-se-opitvat-da-vazdeystvat-varhu-izborniya-protses,Емил Дечев: Кметове се опитват да въздействат върху изборния процес,09.04.2026 | 18:24 ч.,,24,"Ние всички членове на ЛГБТ обществото отново ще подкрепим ППДБ и на тези избори,защото те подкрепят еднополовите бракове.",Емили Тротинетката,преди 1 ден,7,4,2026-04-11 17:05:49
dnes.bg,https://www.dnes.bg/c/604-izbori-2026,https://www.dnes.bg/a/1-bulgaria/717442-emil-dechev-kmetove-se-opitvat-da-vazdeystvat-varhu-izborniya-protses,Емил Дечев: Кметове се опитват да въздействат върху изборния процес,09.04.2026 | 18:24 ч.,,23,Ако Чекмеджан и Дебелян останат под 80 дупетата - ще стане интереснооАм с толкоз пара - доста трудно...А дано- ам надали..Само МАСОВО гласуване ги спира тия...При ексРезидента Крадеф играят гоуеми кинти и манипулации,анонимен,преди 1 ден,2,6,2026-04-11 17:05:49
dnes.bg,https://www.dnes.bg/c/604-izbori-2026,https://www.dnes.bg/a/1-bulgaria/717442-emil-dechev-kmetove-se-opitvat-da-vazdeystvat-varhu-izborniya-protses,Емил Дечев: Кметове се опитват да въздействат върху изборния процес,09.04.2026 | 18:24 ч.,,22,Представят ли си кмет на НН или ГРОБ да си седи мирно и да не организира купуване на гласове ?,анонимен,преди 1 ден,1,7,2026-04-11 17:05:49
dnes.bg,https://www.dnes.bg/c/604-izbori-2026,https://www.dnes.bg/a/1-bulgaria/717442-emil-dechev-kmetove-se-opitvat-da-vazdeystvat-varhu-izborniya-protses,Емил Дечев: Кметове се опитват да въздействат върху изборния процес,09.04.2026 | 18:24 ч.,,21,Яхтичката с Теди,анонимен,преди 1 ден,7,1,2026-04-11 17:05:49
dnes.bg,https://www.dnes.bg/c/604-izbori-2026,https://www.dnes.bg/a/1-bulgaria/717442-emil-dechev-kmetove-se-opitvat-da-vazdeystvat-varhu-izborniya-protses,Емил Дечев: Кметове се опитват да въздействат върху изборния процес,09.04.2026 | 18:24 ч.,,20,"Този от небето ли пада. Лойко и Шиши за това са ги поставили там, ако не гласуваш правилно няма да си в списъка за дърва, няма социален патронаж ...",анонимен,преди 1 ден,1,7,2026-04-11 17:05:49
dnes.bg,https://www.dnes.bg/c/604-izbori-2026,https://www.dnes.bg/a/1-bulgaria/717442-emil-dechev-kmetove-se-opitvat-da-vazdeystvat-varhu-izborniya-protses,Емил Дечев: Кметове се опитват да въздействат върху изборния процес,09.04.2026 | 18:24 ч.,,19,"Дебелян им е поставил норматив. Ако не го изпълнят, вече не са кметове. Те се занимават с този спорт отдавна, но чак сега някой дръзна да ги подгони.",нищо ново под слънце,преди 1 ден,3,6,2026-04-11 17:05:51
dnes.bg,https://www.dnes.bg/c/604-izbori-2026,https://www.dnes.bg/a/1-bulgaria/717442-emil-dechev-kmetove-se-opitvat-da-vazdeystvat-varhu-izborniya-protses,Емил Дечев: Кметове се опитват да въздействат върху изборния процес,09.04.2026 | 18:24 ч.,,18,"Всеки нормален човек над 10-годишна възраст знае кой купува гласове. И това не са нито ПП-ДБ, нито Радев. Това са Борисов и ортакът му в краденето Пеевски.",анонимен,преди 1 ден,3,10,2026-04-11 17:05:51
dnes.bg,https://www.dnes.bg/c/604-izbori-2026,https://www.dnes.bg/a/1-bulgaria/717442-emil-dechev-kmetove-se-opitvat-da-vazdeystvat-varhu-izborniya-protses,Емил Дечев: Кметове се опитват да въздействат върху изборния процес,09.04.2026 | 18:24 ч.,,17,"Емил Дечев да не си мисли, че хората не обсъждат помежду си изборите. Говорим, спорим и после стигаме до консенсус и решаваме наше село за кой ще гласува. Дечев ще ни каже какво да правим. Ай, сектир!",анонимен,преди 1 ден,10,3,2026-04-11 17:05:51
dnes.bg,https://www.dnes.bg/c/604-izbori-2026,https://www.dnes.bg/a/1-bulgaria/717442-emil-dechev-kmetove-se-opitvat-da-vazdeystvat-varhu-izborniya-protses,Емил Дечев: Кметове се опитват да въздействат върху изборния процес,09.04.2026 | 18:24 ч.,,16,Я как можело да работи МВР когато има свестни хора начело,анонимен,преди 1 ден,3,8,2026-04-11 17:05:51
dnes.bg,https://www.dnes.bg/c/604-izbori-2026,https://www.dnes.bg/a/1-bulgaria/717442-emil-dechev-kmetove-se-opitvat-da-vazdeystvat-varhu-izborniya-protses,Емил Дечев: Кметове се опитват да въздействат върху изборния процес,09.04.2026 | 18:24 ч.,,15,Лидерите при купуването са двама - Тиквата и Сви ня та,анонимен,преди 1 ден,2,8,2026-04-11 17:05:51
dnes.bg,https://www.dnes.bg/c/604-izbori-2026,https://www.dnes.bg/a/1-bulgaria/717442-emil-dechev-kmetove-se-opitvat-da-vazdeystvat-varhu-izborniya-protses,Емил Дечев: Кметове се опитват да въздействат върху изборния процес,09.04.2026 | 18:24 ч.,,14,"Да кметовете на София, Варна и Благоев град масово купуват роомите. Трябва да се сменят.",анонимен,преди 1 ден,7,1,2026-04-11 17:05:51
dnes.bg,https://www.dnes.bg/c/604-izbori-2026,https://www.dnes.bg/a/1-bulgaria/717442-emil-dechev-kmetove-se-opitvat-da-vazdeystvat-varhu-izborniya-protses,Емил Дечев: Кметове се опитват да въздействат върху изборния процес,09.04.2026 | 18:24 ч.,,13,Премиерът Гюров трябва незабавно да смени всички кметове! Както направи с областите управители!,Gen Z,преди 1 ден,3,5,2026-04-11 17:05:51
dnes.bg,https://www.dnes.bg/c/604-izbori-2026,https://www.dnes.bg/a/1-bulgaria/717442-emil-dechev-kmetove-se-opitvat-da-vazdeystvat-varhu-izborniya-protses,Емил Дечев: Кметове се опитват да въздействат върху изборния процес,09.04.2026 | 18:24 ч.,,12,"Поредната маниполация на ЕМо узото. Ако умник Гюро обяви война, главнокомандващата Йотова последна ще научи. Шарлатанчета от Петроханската сеекта.",анонимен,преди 1 ден,8,1,2026-04-11 17:05:51
dnes.bg,https://www.dnes.bg/c/604-izbori-2026,https://www.dnes.bg/a/1-bulgaria/717442-emil-dechev-kmetove-se-opitvat-da-vazdeystvat-varhu-izborniya-protses,Емил Дечев: Кметове се опитват да въздействат върху изборния процес,09.04.2026 | 18:24 ч.,,11,В Бургас например ППДБ са един файтон хора с файтонджия Дървото.Крепост на ГЕРБ!,анонимен,преди 1 ден,6,2,2026-04-11 17:05:51
dnes.bg,https://www.dnes.bg/c/604-izbori-2026,https://www.dnes.bg/a/1-bulgaria/717442-emil-dechev-kmetove-se-opitvat-da-vazdeystvat-varhu-izborniya-protses,Емил Дечев: Кметове се опитват да въздействат върху изборния процес,09.04.2026 | 18:24 ч.,,10,"Кажи имената и населените места ,защото иначе е само внушения",анонимен,преди 1 ден,8,1,2026-04-11 17:05:51
dnes.bg,https://www.dnes.bg/c/604-izbori-2026,https://www.dnes.bg/a/1-bulgaria/717442-emil-dechev-kmetove-se-opitvat-da-vazdeystvat-varhu-izborniya-protses,Емил Дечев: Кметове се опитват да въздействат върху изборния процес,09.04.2026 | 18:24 ч.,,9,"АМИ СЕГА АРЕСТУВАЙТЕ И ВСИЧКИ КМЕТОВЕ НА БЪЛГАРИЯ, ЗА ДА Е ЗА ДОВОЛЕН РЕШЕТНИКОВ..... КАКВО ПАДЕНИЕ И КАТАСТРОФА НА ПППУТИНСКИТЕ ПАРТИИ....",ПРОГРЕС = ТРАГЕДИЯ..,преди 1 ден,13,2,2026-04-11 17:05:53
dnes.bg,https://www.dnes.bg/c/604-izbori-2026,https://www.dnes.bg/a/1-bulgaria/717442-emil-dechev-kmetove-se-opitvat-da-vazdeystvat-varhu-izborniya-protses,Емил Дечев: Кметове се опитват да въздействат върху изборния процес,09.04.2026 | 18:24 ч.,,8,"До: жжт Припомни ми ЕДНО законно нещо да сте направили, жълтопаважни едноклетъчни неможачи.",анонимен,преди 1 ден,13,1,2026-04-11 17:05:53
dnes.bg,https://www.dnes.bg/c/604-izbori-2026,https://www.dnes.bg/a/1-bulgaria/717442-emil-dechev-kmetove-se-opitvat-da-vazdeystvat-varhu-izborniya-protses,Емил Дечев: Кметове се опитват да въздействат върху изборния процес,09.04.2026 | 18:24 ч.,,7,"Кметовете са политически лица - избират се на избори, а не се назначават като вас. А вие, служебните и уж равноотдалечените от партии, не се опитвате, а направо си купувате изборите. Факт!",анонимен,преди 1 ден,11,2,2026-04-11 17:05:53
dnes.bg,https://www.dnes.bg/c/604-izbori-2026,https://www.dnes.bg/a/1-bulgaria/717442-emil-dechev-kmetove-se-opitvat-da-vazdeystvat-varhu-izborniya-protses,Емил Дечев: Кметове се опитват да въздействат върху изборния процес,09.04.2026 | 18:24 ч.,,6,"А, областните управители, които Вие назначихте?",анонимен,преди 1 ден,12,3,2026-04-11 17:05:53
dnes.bg,https://www.dnes.bg/c/604-izbori-2026,https://www.dnes.bg/a/1-bulgaria/717442-emil-dechev-kmetove-se-opitvat-da-vazdeystvat-varhu-izborniya-protses,Емил Дечев: Кметове се опитват да въздействат върху изборния процес,09.04.2026 | 18:24 ч.,,5,"Ало Дечев , ясно си личи с колко си завършил , та да не знаеш че съдът определя дали даден човек е купувал гласове или не! Но фактите говорят неумолимо , колкото и да се хвалиш с увеличените проценти , няма нито едно решение на съда , което да потвърждава думите ти! А стана ясно че НПО на Сорос , в частност ПП/ДБ, ССБ , АКФ и ред други установяват цялата власт в страната , стс свое МВР и свои началник служби! Така честни избори не се правят от нелегитимен кабинет , преследващ само политическите",Майора,преди 1 ден,15,5,2026-04-11 17:05:53
dnes.bg,https://www.dnes.bg/c/604-izbori-2026,https://www.dnes.bg/a/1-bulgaria/717442-emil-dechev-kmetove-se-opitvat-da-vazdeystvat-varhu-izborniya-protses,Емил Дечев: Кметове се опитват да въздействат върху изборния процес,09.04.2026 | 18:24 ч.,,4,"Наздраве министър Узо! Вашето МВР, още 9 дни! Шарлатани гнили!",анонимен,преди 1 ден,17,3,2026-04-11 17:05:53
dnes.bg,https://www.dnes.bg/c/604-izbori-2026,https://www.dnes.bg/a/1-bulgaria/717442-emil-dechev-kmetove-se-opitvat-da-vazdeystvat-varhu-izborniya-protses,Емил Дечев: Кметове се опитват да въздействат върху изборния процес,09.04.2026 | 18:24 ч.,,3,"ППДБ: Най ни е кеф с наше МВР, че да си правим ала-бала. После сглобка с Радев. Нашите избиратели ПАК ще ни простят",AЛА -БАЛА И СМЕ НИЕ,преди 1 ден,10,3,2026-04-11 17:05:53
dnes.bg,https://www.dnes.bg/c/604-izbori-2026,https://www.dnes.bg/a/1-bulgaria/717442-emil-dechev-kmetove-se-opitvat-da-vazdeystvat-varhu-izborniya-protses,Емил Дечев: Кметове се опитват да въздействат върху изборния процес,09.04.2026 | 18:24 ч.,,2,"МИЛИЦИОНЕРА, ЗАЩО НЕ КАЗВАШ ЧЕ РЕШЕТНИКОВ ВЛИЯЕ НА ИЗБОРИТЕ, МНОГО ПОВЕЧЕ ОТ НЕКАКЪВ КМЕТ НА СЕЛО С 5 ЖИТЕЛИ",КУПУВАЧ N :1,преди 1 ден,14,3,2026-04-11 17:05:53
dnes.bg,https://www.dnes.bg/c/604-izbori-2026,https://www.dnes.bg/a/1-bulgaria/717442-emil-dechev-kmetove-se-opitvat-da-vazdeystvat-varhu-izborniya-protses,Емил Дечев: Кметове се опитват да въздействат върху изборния процес,09.04.2026 | 18:24 ч.,,1,кметовете от герб ли са,анонимен,преди 1 ден,6,12,2026-04-11 17:05:53
dnes.bg,https://www.dnes.bg/c/604-izbori-2026,https://www.dnes.bg/a/1-bulgaria/717441-dps-sezira-evropeyski-institutsii-i-kongresa-na-sasht-za-gruba-namesa-na-mvr-v-izborniya-protses,ДПС сезира европейски институции и Конгреса на САЩ за груба намеса на МВР в изборния процес,09.04.2026 | 18:05 ч.,,39,хамаляха грух грух,кинтите за покупки,преди 1 ден,2,0,2026-04-11 17:05:56
dnes.bg,https://www.dnes.bg/c/604-izbori-2026,https://www.dnes.bg/a/1-bulgaria/717441-dps-sezira-evropeyski-institutsii-i-kongresa-na-sasht-za-gruba-namesa-na-mvr-v-izborniya-protses,ДПС сезира европейски институции и Конгреса на САЩ за груба намеса на МВР в изборния процес,09.04.2026 | 18:05 ч.,,38,Почти парадоксално е престъпник санкциониран по закона Магнитски да сезира Конгреса на САЩ и да иска помощ от скъпите ни американски приятели ! Като в поговорката .,Пловдив,преди 1 ден,6,0,2026-04-11 17:05:56
dnes.bg,https://www.dnes.bg/c/604-izbori-2026,https://www.dnes.bg/a/1-bulgaria/717441-dps-sezira-evropeyski-institutsii-i-kongresa-na-sasht-za-gruba-namesa-na-mvr-v-izborniya-protses,ДПС сезира европейски институции и Конгреса на САЩ за груба намеса на МВР в изборния процес,09.04.2026 | 18:05 ч.,,37,Защо трябва да бъде информиран конгресът на САЩ и то от човек в списъка Магнитски?,Дани,преди 1 ден,11,1,2026-04-11 17:05:56
dnes.bg,https://www.dnes.bg/c/604-izbori-2026,https://www.dnes.bg/a/1-bulgaria/717441-dps-sezira-evropeyski-institutsii-i-kongresa-na-sasht-za-gruba-namesa-na-mvr-v-izborniya-protses,ДПС сезира европейски институции и Конгреса на САЩ за груба намеса на МВР в изборния процес,09.04.2026 | 18:05 ч.,,36,"Явно са здраво са ударени мутрите дпс,щом квичът толкова.",Браво,преди 1 ден,14,0,2026-04-11 17:05:56
dnes.bg,https://www.dnes.bg/c/604-izbori-2026,https://www.dnes.bg/a/1-bulgaria/717441-dps-sezira-evropeyski-institutsii-i-kongresa-na-sasht-za-gruba-namesa-na-mvr-v-izborniya-protses,ДПС сезира европейски институции и Конгреса на САЩ за груба намеса на МВР в изборния процес,09.04.2026 | 18:05 ч.,,35,Крадеца вика дръжте крадеца.,Шоу,преди 1 ден,14,0,2026-04-11 17:05:56
dnes.bg,https://www.dnes.bg/c/604-izbori-2026,https://www.dnes.bg/a/1-bulgaria/717441-dps-sezira-evropeyski-institutsii-i-kongresa-na-sasht-za-gruba-namesa-na-mvr-v-izborniya-protses,ДПС сезира европейски институции и Конгреса на САЩ за груба намеса на МВР в изборния процес,09.04.2026 | 18:05 ч.,,34,Абе Свинекомплекс Родопа няма ли да сезират.,Порно на държава,преди 1 ден,13,1,2026-04-11 17:05:56
dnes.bg,https://www.dnes.bg/c/604-izbori-2026,https://www.dnes.bg/a/1-bulgaria/717441-dps-sezira-evropeyski-institutsii-i-kongresa-na-sasht-za-gruba-namesa-na-mvr-v-izborniya-protses,ДПС сезира европейски институции и Конгреса на САЩ за груба намеса на МВР в изборния процес,09.04.2026 | 18:05 ч.,,33,Колко трябва да си нагъл за да предприемеш това!,анонимен,преди 1 ден,17,1,2026-04-11 17:05:56
dnes.bg,https://www.dnes.bg/c/604-izbori-2026,https://www.dnes.bg/a/1-bulgaria/717441-dps-sezira-evropeyski-institutsii-i-kongresa-na-sasht-za-gruba-namesa-na-mvr-v-izborniya-protses,ДПС сезира европейски институции и Конгреса на САЩ за груба намеса на МВР в изборния процес,09.04.2026 | 18:05 ч.,,32,"До: анонимен 29 По принцип бих се съгласил с теб, но само ако беше споменал и напъните на ППДБ по всички възможни линии по света и у нас. Така ще бъде честно, нали?",анонимен,преди 1 ден,2,2,2026-04-11 17:05:56
dnes.bg,https://www.dnes.bg/c/604-izbori-2026,https://www.dnes.bg/a/1-bulgaria/717441-dps-sezira-evropeyski-institutsii-i-kongresa-na-sasht-za-gruba-namesa-na-mvr-v-izborniya-protses,ДПС сезира европейски институции и Конгреса на САЩ за груба намеса на МВР в изборния процес,09.04.2026 | 18:05 ч.,,31,Няма такива нагляри като ДПС,BG,преди 1 ден,18,2,2026-04-11 17:05:56
dnes.bg,https://www.dnes.bg/c/604-izbori-2026,https://www.dnes.bg/a/1-bulgaria/717441-dps-sezira-evropeyski-institutsii-i-kongresa-na-sasht-za-gruba-namesa-na-mvr-v-izborniya-protses,ДПС сезира европейски институции и Конгреса на САЩ за груба намеса на МВР в изборния процес,09.04.2026 | 18:05 ч.,,30,"Не конгреса а Магнитски,да сезира шиши.",Анонимко,преди 1 ден,18,0,2026-04-11 17:05:56
dnes.bg,https://www.dnes.bg/c/604-izbori-2026,https://www.dnes.bg/a/1-bulgaria/717441-dps-sezira-evropeyski-institutsii-i-kongresa-na-sasht-za-gruba-namesa-na-mvr-v-izborniya-protses,ДПС сезира европейски институции и Конгреса на САЩ за груба намеса на МВР в изборния процес,09.04.2026 | 18:05 ч.,,29,"Това не е сериозно .Поставят държавата България в много неловко положение пред света . В крайан сметка , ако сме общество изобщо не трябва думичка да има за купуване на избори , а министъра е редно да говори с имена .Трябва цялото общество да знае виновниците , да бъдат заклеймени и ако трябва да не се допускат до избори . Няма нужда целия свят да се занимава кирливите ризи на някой местен бабаит",анонимен,преди 1 ден,9,2,2026-04-11 17:05:58
dnes.bg,https://www.dnes.bg/c/604-izbori-2026,https://www.dnes.bg/a/1-bulgaria/717441-dps-sezira-evropeyski-institutsii-i-kongresa-na-sasht-za-gruba-namesa-na-mvr-v-izborniya-protses,ДПС сезира европейски институции и Конгреса на САЩ за груба намеса на МВР в изборния процес,09.04.2026 | 18:05 ч.,,28,"Какво общо има Конгреса на САЩ с нашите ***!? Дебелян *** защото му хващат купувачите на гласове и му развалят рахатлъка и бройката в НС, която си е заплюл. Пък и кинтите му прибират, та е много на минус.",хахахаха,преди 1 ден,12,0,2026-04-11 17:05:58
dnes.bg,https://www.dnes.bg/c/604-izbori-2026,https://www.dnes.bg/a/1-bulgaria/717441-dps-sezira-evropeyski-institutsii-i-kongresa-na-sasht-za-gruba-namesa-na-mvr-v-izborniya-protses,ДПС сезира европейски институции и Конгреса на САЩ за груба намеса на МВР в изборния процес,09.04.2026 | 18:05 ч.,,27,"Самнкционирания от САЩ се оплаква на САЩ . Той банкова сметка няма право да ползва съобразно санкциите , тръгнал да се навира . Хич няма хабер ,че го приключиха ,ама не знам дали му казаха .",анонимен,преди 1 ден,9,0,2026-04-11 17:05:58
dnes.bg,https://www.dnes.bg/c/604-izbori-2026,https://www.dnes.bg/a/1-bulgaria/717441-dps-sezira-evropeyski-institutsii-i-kongresa-na-sasht-za-gruba-namesa-na-mvr-v-izborniya-protses,ДПС сезира европейски институции и Конгреса на САЩ за груба намеса на МВР в изборния процес,09.04.2026 | 18:05 ч.,,26,Мачкайте МВР. Нормалните хора са с вас,анонимен,преди 1 ден,7,2,2026-04-11 17:05:58
dnes.bg,https://www.dnes.bg/c/604-izbori-2026,https://www.dnes.bg/a/1-bulgaria/717441-dps-sezira-evropeyski-institutsii-i-kongresa-na-sasht-za-gruba-namesa-na-mvr-v-izborniya-protses,ДПС сезира европейски институции и Конгреса на САЩ за груба намеса на МВР в изборния процес,09.04.2026 | 18:05 ч.,,25,"Воят на намагнитената говновозка ***,е симфония за сетивата на аудиторията. Префугажда си краят и ***.",анонимен,преди 1 ден,6,0,2026-04-11 17:05:58
dnes.bg,https://www.dnes.bg/c/604-izbori-2026,https://www.dnes.bg/a/1-bulgaria/717441-dps-sezira-evropeyski-institutsii-i-kongresa-na-sasht-za-gruba-namesa-na-mvr-v-izborniya-protses,ДПС сезира европейски институции и Конгреса на САЩ за груба намеса на МВР в изборния процес,09.04.2026 | 18:05 ч.,,24,Той Радев като беше при Карбовски каза : Пеевски беше до тук .Приключи . Това му бяха думите .,анонимен,преди 1 ден,8,0,2026-04-11 17:05:58
dnes.bg,https://www.dnes.bg/c/604-izbori-2026,https://www.dnes.bg/a/1-bulgaria/717441-dps-sezira-evropeyski-institutsii-i-kongresa-na-sasht-za-gruba-namesa-na-mvr-v-izborniya-protses,ДПС сезира европейски институции и Конгреса на САЩ за груба намеса на МВР в изборния процес,09.04.2026 | 18:05 ч.,,23,Приемат се сигнали на POP_ Armenia. com,анонимен,преди 1 ден,6,0,2026-04-11 17:05:58
dnes.bg,https://www.dnes.bg/c/604-izbori-2026,https://www.dnes.bg/a/1-bulgaria/717441-dps-sezira-evropeyski-institutsii-i-kongresa-na-sasht-za-gruba-namesa-na-mvr-v-izborniya-protses,ДПС сезира европейски институции и Конгреса на САЩ за груба намеса на МВР в изборния процес,09.04.2026 | 18:05 ч.,,22,"Прасчо усети,че му точат ножа и почна да ***. Трябваше по-рано за Коледа да го заколим,че направи много мръсотии.",Toni Ivanov,преди 1 ден,12,1,2026-04-11 17:05:58
dnes.bg,https://www.dnes.bg/c/604-izbori-2026,https://www.dnes.bg/a/1-bulgaria/717441-dps-sezira-evropeyski-institutsii-i-kongresa-na-sasht-za-gruba-namesa-na-mvr-v-izborniya-protses,ДПС сезира европейски институции и Конгреса на САЩ за груба намеса на МВР в изборния процес,09.04.2026 | 18:05 ч.,,21,"пеевски се жалва пред целия свят, че не може да пазарува гласове ли?...",анонимен,преди 1 ден,14,1,2026-04-11 17:05:58
dnes.bg,https://www.dnes.bg/c/604-izbori-2026,https://www.dnes.bg/a/1-bulgaria/717441-dps-sezira-evropeyski-institutsii-i-kongresa-na-sasht-za-gruba-namesa-na-mvr-v-izborniya-protses,ДПС сезира европейски институции и Конгреса на САЩ за груба намеса на МВР в изборния процес,09.04.2026 | 18:05 ч.,,20,"Ха ха ха господин ""магнитски"" се оплаквал от МВР и то на кой? На тези които го намагнитизираха за корупция. То цялата му тъй наречена партия,е една криминална структура. А 200 000 евро за купуване на гласове оплакал ли се е,че са му ги конфискували?",Toni Ivanov,преди 1 ден,13,1,2026-04-11 17:05:58
dnes.bg,https://www.dnes.bg/c/604-izbori-2026,https://www.dnes.bg/a/1-bulgaria/717441-dps-sezira-evropeyski-institutsii-i-kongresa-na-sasht-za-gruba-namesa-na-mvr-v-izborniya-protses,ДПС сезира европейски институции и Конгреса на САЩ за груба намеса на МВР в изборния процес,09.04.2026 | 18:05 ч.,,19,"До: *** Този изтъркан от месеци уж лаф, с който се гордеете, а всъщност е едно голяма нищо, показва единствено тоталната ви ментална недостатъчност. Факт.",анонимен,преди 1 ден,1,2,2026-04-11 17:06:01
dnes.bg,https://www.dnes.bg/c/604-izbori-2026,https://www.dnes.bg/a/1-bulgaria/717441-dps-sezira-evropeyski-institutsii-i-kongresa-na-sasht-za-gruba-namesa-na-mvr-v-izborniya-protses,ДПС сезира европейски институции и Конгреса на САЩ за груба намеса на МВР в изборния процес,09.04.2026 | 18:05 ч.,,18,И да си купят криви макарони!,анонимен,преди 1 ден,5,2,2026-04-11 17:06:01
dnes.bg,https://www.dnes.bg/c/604-izbori-2026,https://www.dnes.bg/a/1-bulgaria/717441-dps-sezira-evropeyski-institutsii-i-kongresa-na-sasht-za-gruba-namesa-na-mvr-v-izborniya-protses,ДПС сезира европейски институции и Конгреса на САЩ за груба намеса на МВР в изборния процес,09.04.2026 | 18:05 ч.,,17,"Моля,другарко,не ми дават да купувам изборите","Ха,ха",преди 1 ден,14,2,2026-04-11 17:06:01
dnes.bg,https://www.dnes.bg/c/604-izbori-2026,https://www.dnes.bg/a/1-bulgaria/717441-dps-sezira-evropeyski-institutsii-i-kongresa-na-sasht-za-gruba-namesa-na-mvr-v-izborniya-protses,ДПС сезира европейски институции и Конгреса на САЩ за груба намеса на МВР в изборния процес,09.04.2026 | 18:05 ч.,,16,"Да сезират още папата, вселенският патриарх, мюфтията на Мека, арменският поп и далай-лама. Без тяхното съдействие няма да стане!",анонимен,преди 1 ден,10,2,2026-04-11 17:06:01
dnes.bg,https://www.dnes.bg/c/604-izbori-2026,https://www.dnes.bg/a/1-bulgaria/717441-dps-sezira-evropeyski-institutsii-i-kongresa-na-sasht-za-gruba-namesa-na-mvr-v-izborniya-protses,ДПС сезира европейски институции и Конгреса на САЩ за груба намеса на МВР в изборния процес,09.04.2026 | 18:05 ч.,,15,Е АНТИБЪЛГАРСКА ПАРТИЯ,ПАРТИЯ ПРОГРЕС,преди 1 ден,9,1,2026-04-11 17:06:01
dnes.bg,https://www.dnes.bg/c/604-izbori-2026,https://www.dnes.bg/a/1-bulgaria/717441-dps-sezira-evropeyski-institutsii-i-kongresa-na-sasht-za-gruba-namesa-na-mvr-v-izborniya-protses,ДПС сезира европейски институции и Конгреса на САЩ за груба намеса на МВР в изборния процес,09.04.2026 | 18:05 ч.,,14,Що бе ? Страхуват ли ви ?,ДП,преди 1 ден,14,2,2026-04-11 17:06:01
dnes.bg,https://www.dnes.bg/c/604-izbori-2026,https://www.dnes.bg/a/1-bulgaria/717441-dps-sezira-evropeyski-institutsii-i-kongresa-na-sasht-za-gruba-namesa-na-mvr-v-izborniya-protses,ДПС сезира европейски институции и Конгреса на САЩ за груба намеса на МВР в изборния процес,09.04.2026 | 18:05 ч.,,13,Щом прасето квииичи значи всичко е наред- идва му реда на пангара.,Квичи,преди 1 ден,18,3,2026-04-11 17:06:01
dnes.bg,https://www.dnes.bg/c/604-izbori-2026,https://www.dnes.bg/a/1-bulgaria/717441-dps-sezira-evropeyski-institutsii-i-kongresa-na-sasht-za-gruba-namesa-na-mvr-v-izborniya-protses,ДПС сезира европейски институции и Конгреса на САЩ за груба намеса на МВР в изборния процес,09.04.2026 | 18:05 ч.,,12,кажи за кои да гласуваме и се мотивираи,анонимен,преди 1 ден,0,0,2026-04-11 17:06:01
dnes.bg,https://www.dnes.bg/c/604-izbori-2026,https://www.dnes.bg/a/1-bulgaria/717441-dps-sezira-evropeyski-institutsii-i-kongresa-na-sasht-za-gruba-namesa-na-mvr-v-izborniya-protses,ДПС сезира европейски институции и Конгреса на САЩ за груба намеса на МВР в изборния процес,09.04.2026 | 18:05 ч.,,11,Щом прасето *** значи всичко е наред- идва му реда на пангара.,анонимен,преди 1 ден,15,3,2026-04-11 17:06:01
dnes.bg,https://www.dnes.bg/c/604-izbori-2026,https://www.dnes.bg/a/1-bulgaria/717441-dps-sezira-evropeyski-institutsii-i-kongresa-na-sasht-za-gruba-namesa-na-mvr-v-izborniya-protses,ДПС сезира европейски институции и Конгреса на САЩ за груба намеса на МВР в изборния процес,09.04.2026 | 18:05 ч.,,10,При висока избирателна активност Тиквата и Пра се то умират. Затова всички излезте и гласувайте на 19-ти.,анонимен,преди 1 ден,20,5,2026-04-11 17:06:01
dnes.bg,https://www.dnes.bg/c/604-izbori-2026,https://www.dnes.bg/a/1-bulgaria/717441-dps-sezira-evropeyski-institutsii-i-kongresa-na-sasht-za-gruba-namesa-na-mvr-v-izborniya-protses,ДПС сезира европейски институции и Конгреса на САЩ за груба намеса на МВР в изборния процес,09.04.2026 | 18:05 ч.,,9,няма да те извадят от списъка магнитски не се обаждаи повече и се скрии някъдети си позор за българия,анонимен,преди 1 ден,11,2,2026-04-11 17:06:03
dnes.bg,https://www.dnes.bg/c/604-izbori-2026,https://www.dnes.bg/a/1-bulgaria/717441-dps-sezira-evropeyski-institutsii-i-kongresa-na-sasht-za-gruba-namesa-na-mvr-v-izborniya-protses,ДПС сезира европейски институции и Конгреса на САЩ за груба намеса на МВР в изборния процес,09.04.2026 | 18:05 ч.,,8,"...така се правят избори с ""наше МВР ""! Педроханци надминава по наглост и бруталност , даже и комунистите ! Изпълняват поръчка , затова и ги натресоха във властта!","Ами,",преди 1 ден,4,13,2026-04-11 17:06:03
dnes.bg,https://www.dnes.bg/c/604-izbori-2026,https://www.dnes.bg/a/1-bulgaria/717441-dps-sezira-evropeyski-institutsii-i-kongresa-na-sasht-za-gruba-namesa-na-mvr-v-izborniya-protses,ДПС сезира европейски институции и Конгреса на САЩ за груба намеса на МВР в изборния процес,09.04.2026 | 18:05 ч.,,7,Говори Пиг Брадър! Обявяваме пълна победа за прасетата над хората! Прасета Победа! Това е Новият Световен Свински Ред! Грух Хайл Тортелини!,анонимен,преди 1 ден,9,0,2026-04-11 17:06:03
dnes.bg,https://www.dnes.bg/c/604-izbori-2026,https://www.dnes.bg/a/1-bulgaria/717441-dps-sezira-evropeyski-institutsii-i-kongresa-na-sasht-za-gruba-namesa-na-mvr-v-izborniya-protses,ДПС сезира европейски институции и Конгреса на САЩ за груба намеса на МВР в изборния процес,09.04.2026 | 18:05 ч.,,6,"Не знаех, че изборите у нас са в правомощията на американския конгрес.",анонимен,преди 1 ден,21,1,2026-04-11 17:06:03
dnes.bg,https://www.dnes.bg/c/604-izbori-2026,https://www.dnes.bg/a/1-bulgaria/717441-dps-sezira-evropeyski-institutsii-i-kongresa-na-sasht-za-gruba-namesa-na-mvr-v-izborniya-protses,ДПС сезира европейски институции и Конгреса на САЩ за груба намеса на МВР в изборния процес,09.04.2026 | 18:05 ч.,,5,"Дебелия, ако вземе по-малко от 10% ще бъде ликвидиран намомента.",от БАН,преди 1 ден,18,0,2026-04-11 17:06:03
dnes.bg,https://www.dnes.bg/c/604-izbori-2026,https://www.dnes.bg/a/1-bulgaria/717441-dps-sezira-evropeyski-institutsii-i-kongresa-na-sasht-za-gruba-namesa-na-mvr-v-izborniya-protses,ДПС сезира европейски институции и Конгреса на САЩ за груба намеса на МВР в изборния процес,09.04.2026 | 18:05 ч.,,4,"Брех и на ерменския поп да се обадят и на Ким Чен, крадеца вика хванете крадеца..",3663,преди 1 ден,13,1,2026-04-11 17:06:03
dnes.bg,https://www.dnes.bg/c/604-izbori-2026,https://www.dnes.bg/a/1-bulgaria/717441-dps-sezira-evropeyski-institutsii-i-kongresa-na-sasht-za-gruba-namesa-na-mvr-v-izborniya-protses,ДПС сезира европейски институции и Конгреса на САЩ за груба намеса на МВР в изборния процес,09.04.2026 | 18:05 ч.,,3,ДПС Е АНТИКОНСТИТУЦИОННА ПАРТИЯ,анонимен,преди 1 ден,19,1,2026-04-11 17:06:03
dnes.bg,https://www.dnes.bg/c/604-izbori-2026,https://www.dnes.bg/a/1-bulgaria/717441-dps-sezira-evropeyski-institutsii-i-kongresa-na-sasht-za-gruba-namesa-na-mvr-v-izborniya-protses,ДПС сезира европейски институции и Конгреса на САЩ за груба намеса на МВР в изборния процес,09.04.2026 | 18:05 ч.,,2,Хелзинкски комплекс.,анонимен,преди 1 ден,10,0,2026-04-11 17:06:03
dnes.bg,https://www.dnes.bg/c/604-izbori-2026,https://www.dnes.bg/a/1-bulgaria/717441-dps-sezira-evropeyski-institutsii-i-kongresa-na-sasht-za-gruba-namesa-na-mvr-v-izborniya-protses,ДПС сезира европейски институции и Конгреса на САЩ за груба намеса на МВР в изборния процес,09.04.2026 | 18:05 ч.,,1,"А, арменският поп сезирахте ли?",анонимен,преди 1 ден,20,2,2026-04-11 17:06:03
dnes.bg,https://www.dnes.bg/c/604-izbori-2026,https://www.dnes.bg/a/1-bulgaria/717372-sova-haris-pri-izbori-dnes-335-podkrepyat-radev-19-gerb-pp-db-112,"""Сова Харис"" при избори днес: 33,5% подкрепят Радев, 19% ГЕРБ, ПП-ДБ - 11,2%",09.04.2026 | 12:07 ч.,,349,Да живее Боташ! Сега малко ала-бала с машините и взимам властта!,Рундю Боташа,преди 6 часа,1,1,2026-04-11 17:06:06
dnes.bg,https://www.dnes.bg/c/604-izbori-2026,https://www.dnes.bg/a/1-bulgaria/717372-sova-haris-pri-izbori-dnes-335-podkrepyat-radev-19-gerb-pp-db-112,"""Сова Харис"" при избори днес: 33,5% подкрепят Радев, 19% ГЕРБ, ПП-ДБ - 11,2%",09.04.2026 | 12:07 ч.,,348,"За съжаление Румен Радев вече е ""хванат"" от Шиши! В следващия парламент двамата ""хванати"" послушници, Радев и Борисов, ще бъдят принудени да управляват в коалиция и ще изпълняват всичко което им каже Шиши! Запомнете този пост!",анонимен,преди 6 часа,2,0,2026-04-11 17:06:06
dnes.bg,https://www.dnes.bg/c/604-izbori-2026,https://www.dnes.bg/a/1-bulgaria/717372-sova-haris-pri-izbori-dnes-335-podkrepyat-radev-19-gerb-pp-db-112,"""Сова Харис"" при избори днес: 33,5% подкрепят Радев, 19% ГЕРБ, ПП-ДБ - 11,2%",09.04.2026 | 12:07 ч.,,347,"Някой някога бил ли е спиран на улицата за да го попитат нещо тези соросоидниРисърчъри? Някой бил ли е допитван по телефон, имейл или по какъвто и да е друг начин? Мен лично никога никой не ме е питал, нито съм вижал да питат някого нещо или познавам някой който е питан. Моля ако има някой, нека пише тук. Иначе сеИЗСИРАМ в дзурлята на нелаФъшкията за поредната гнусна пропаганда на тоя демон.",анонимен,преди 7 часа,1,0,2026-04-11 17:06:06
dnes.bg,https://www.dnes.bg/c/604-izbori-2026,https://www.dnes.bg/a/1-bulgaria/717372-sova-haris-pri-izbori-dnes-335-podkrepyat-radev-19-gerb-pp-db-112,"""Сова Харис"" при избори днес: 33,5% подкрепят Радев, 19% ГЕРБ, ПП-ДБ - 11,2%",09.04.2026 | 12:07 ч.,,346,"фараоня 0.2, гело 0.8, тошка 0.99, тъкмо да няма субсидия, както и мумията не искаше!",Казаня от Миндя,преди 8 часа,0,0,2026-04-11 17:06:06
dnes.bg,https://www.dnes.bg/c/604-izbori-2026,https://www.dnes.bg/a/1-bulgaria/717372-sova-haris-pri-izbori-dnes-335-podkrepyat-radev-19-gerb-pp-db-112,"""Сова Харис"" при избори днес: 33,5% подкрепят Радев, 19% ГЕРБ, ПП-ДБ - 11,2%",09.04.2026 | 12:07 ч.,,345,"еххх, де късмет шиши да е втори, пеперунгелите на 4,1%, копеейката 3,99%...",Казаня от Миндя,преди 8 часа,0,0,2026-04-11 17:06:06
dnes.bg,https://www.dnes.bg/c/604-izbori-2026,https://www.dnes.bg/a/1-bulgaria/717372-sova-haris-pri-izbori-dnes-335-podkrepyat-radev-19-gerb-pp-db-112,"""Сова Харис"" при избори днес: 33,5% подкрепят Радев, 19% ГЕРБ, ПП-ДБ - 11,2%",09.04.2026 | 12:07 ч.,,344,"Другаре, построивме за 50 години половин магистрала, ммм, Хемус значи. За следващите 50 години ще построим цяла магистрала.",анонимен,преди 14 часа,1,1,2026-04-11 17:06:06
dnes.bg,https://www.dnes.bg/c/604-izbori-2026,https://www.dnes.bg/a/1-bulgaria/717372-sova-haris-pri-izbori-dnes-335-podkrepyat-radev-19-gerb-pp-db-112,"""Сова Харис"" при избори днес: 33,5% подкрепят Радев, 19% ГЕРБ, ПП-ДБ - 11,2%",09.04.2026 | 12:07 ч.,,343,"Фалшива агенция, фалшиви прогнози",анонимен,преди 20 часа,1,2,2026-04-11 17:06:06
dnes.bg,https://www.dnes.bg/c/604-izbori-2026,https://www.dnes.bg/a/1-bulgaria/717372-sova-haris-pri-izbori-dnes-335-podkrepyat-radev-19-gerb-pp-db-112,"""Сова Харис"" при избори днес: 33,5% подкрепят Радев, 19% ГЕРБ, ПП-ДБ - 11,2%",09.04.2026 | 12:07 ч.,,342,"Който гласува за Румен Радев, значи е съгласен с договора Боташ и България да плаща всеки ден по милион на Турция! Толкова ли сме богати? Заслужава ли човек, който ни натресе този срамен договор, да бъде избран за депутат?! Абсурдно е!",анонимен,преди 22 часа,7,5,2026-04-11 17:06:06
dnes.bg,https://www.dnes.bg/c/604-izbori-2026,https://www.dnes.bg/a/1-bulgaria/717372-sova-haris-pri-izbori-dnes-335-podkrepyat-radev-19-gerb-pp-db-112,"""Сова Харис"" при избори днес: 33,5% подкрепят Радев, 19% ГЕРБ, ПП-ДБ - 11,2%",09.04.2026 | 12:07 ч.,,341,"Совите не са това, което са! 33% за ***!?! Вероятно е платил на совите, лошо е ако се е добрал до машините с опълченците на Петрохан и умник Гюро!",анонимен,преди 22 часа,7,2,2026-04-11 17:06:06
dnes.bg,https://www.dnes.bg/c/604-izbori-2026,https://www.dnes.bg/a/1-bulgaria/717372-sova-haris-pri-izbori-dnes-335-podkrepyat-radev-19-gerb-pp-db-112,"""Сова Харис"" при избори днес: 33,5% подкрепят Радев, 19% ГЕРБ, ПП-ДБ - 11,2%",09.04.2026 | 12:07 ч.,,340,До: БанкеръВеличие няма да ги огрее парламента!,анонимен,преди 23 часа,4,1,2026-04-11 17:06:06
dnes.bg,https://www.dnes.bg/c/604-izbori-2026,https://www.dnes.bg/a/1-bulgaria/717372-sova-haris-pri-izbori-dnes-335-podkrepyat-radev-19-gerb-pp-db-112,"""Сова Харис"" при избори днес: 33,5% подкрепят Радев, 19% ГЕРБ, ПП-ДБ - 11,2%",09.04.2026 | 12:07 ч.,,339,"Колкото и да лъжете, няма да промените нагласите на българите! Когато Волен Сидеров навремето влезе с 12% в парламента, същите тия му даваха 2,8%. Който киха парички на социолозите него го слагат на челните места! Със закон трябва да се забранят тези проучвания! Вредни са колкото и хазарта и едва ли някой им вярва.",анонимен,преди 23 часа,3,0,2026-04-11 17:06:09
dnes.bg,https://www.dnes.bg/c/604-izbori-2026,https://www.dnes.bg/a/1-bulgaria/717372-sova-haris-pri-izbori-dnes-335-podkrepyat-radev-19-gerb-pp-db-112,"""Сова Харис"" при избори днес: 33,5% подкрепят Радев, 19% ГЕРБ, ПП-ДБ - 11,2%",09.04.2026 | 12:07 ч.,,338,"Моите прогнози са Радев 20,Герб19,ПП 15,ДПС12,Възраждане8,Виличие7,Меч4,5,БСП3,ИТН3,АПС2,Сияние 1 и т.н.Все пак активиста на ГЕРБ ще вземе субсидийка.",Банкеръ,преди 1 ден,1,3,2026-04-11 17:06:09
dnes.bg,https://www.dnes.bg/c/604-izbori-2026,https://www.dnes.bg/a/1-bulgaria/717372-sova-haris-pri-izbori-dnes-335-podkrepyat-radev-19-gerb-pp-db-112,"""Сова Харис"" при избори днес: 33,5% подкрепят Радев, 19% ГЕРБ, ПП-ДБ - 11,2%",09.04.2026 | 12:07 ч.,,337,"Що се излагате ,бре ?! Поне 333 пурцента ще спечели другаря на другарите :))) Машалла!",Чалъков,преди 1 ден,2,5,2026-04-11 17:06:09
dnes.bg,https://www.dnes.bg/c/604-izbori-2026,https://www.dnes.bg/a/1-bulgaria/717372-sova-haris-pri-izbori-dnes-335-podkrepyat-radev-19-gerb-pp-db-112,"""Сова Харис"" при избори днес: 33,5% подкрепят Радев, 19% ГЕРБ, ПП-ДБ - 11,2%",09.04.2026 | 12:07 ч.,,336,"Аз мисля, че Румен Боташев ще има 99,9% от всички гласували. Най-хубавото тепърва предстои.",анонимен,преди 1 ден,7,6,2026-04-11 17:06:09
dnes.bg,https://www.dnes.bg/c/604-izbori-2026,https://www.dnes.bg/a/1-bulgaria/717372-sova-haris-pri-izbori-dnes-335-podkrepyat-radev-19-gerb-pp-db-112,"""Сова Харис"" при избори днес: 33,5% подкрепят Радев, 19% ГЕРБ, ПП-ДБ - 11,2%",09.04.2026 | 12:07 ч.,,335,Къде е Величие бе платени мекерета????? Кво сияние бе хахахаха,анонимен,преди 1 ден,2,6,2026-04-11 17:06:09
dnes.bg,https://www.dnes.bg/c/604-izbori-2026,https://www.dnes.bg/a/1-bulgaria/717372-sova-haris-pri-izbori-dnes-335-podkrepyat-radev-19-gerb-pp-db-112,"""Сова Харис"" при избори днес: 33,5% подкрепят Радев, 19% ГЕРБ, ПП-ДБ - 11,2%",09.04.2026 | 12:07 ч.,,334,"Не 33,5 %, а НАД 99,5 % е подкрепата за другаря Радев !",лъжат другари !,преди 1 ден,9,5,2026-04-11 17:06:09
dnes.bg,https://www.dnes.bg/c/604-izbori-2026,https://www.dnes.bg/a/1-bulgaria/717372-sova-haris-pri-izbori-dnes-335-podkrepyat-radev-19-gerb-pp-db-112,"""Сова Харис"" при избори днес: 33,5% подкрепят Радев, 19% ГЕРБ, ПП-ДБ - 11,2%",09.04.2026 | 12:07 ч.,,333,"Тази прогноза е по-вярна - с 2% е завишен рейтинга на ПБ, с 2,5-3% този на ГЕРБ, останалите са близки до истината. ИТН и БСП ще отпаднат - ИТН заради честите непремерени изказвания на Тошко Африкански в НС, а БСП - заради продажността на Зафиров и компания.",анонимен,преди 1 ден,1,4,2026-04-11 17:06:09
dnes.bg,https://www.dnes.bg/c/604-izbori-2026,https://www.dnes.bg/a/1-bulgaria/717372-sova-haris-pri-izbori-dnes-335-podkrepyat-radev-19-gerb-pp-db-112,"""Сова Харис"" при избори днес: 33,5% подкрепят Радев, 19% ГЕРБ, ПП-ДБ - 11,2%",09.04.2026 | 12:07 ч.,,332,Язе ще гласувам за другаря Петроханов.,Герчо,преди 1 ден,4,1,2026-04-11 17:06:09
dnes.bg,https://www.dnes.bg/c/604-izbori-2026,https://www.dnes.bg/a/1-bulgaria/717372-sova-haris-pri-izbori-dnes-335-podkrepyat-radev-19-gerb-pp-db-112,"""Сова Харис"" при избори днес: 33,5% подкрепят Радев, 19% ГЕРБ, ПП-ДБ - 11,2%",09.04.2026 | 12:07 ч.,,331,С Боташ напред!,Рундю,преди 1 ден,12,2,2026-04-11 17:06:09
dnes.bg,https://www.dnes.bg/c/604-izbori-2026,https://www.dnes.bg/a/1-bulgaria/717372-sova-haris-pri-izbori-dnes-335-podkrepyat-radev-19-gerb-pp-db-112,"""Сова Харис"" при избори днес: 33,5% подкрепят Радев, 19% ГЕРБ, ПП-ДБ - 11,2%",09.04.2026 | 12:07 ч.,,330,Старите комунисти с помощта на саксийните си комсомолци се опитват да направят рестарт *** кръглата маса и да раздадат пак виртуално куфарчетата на избраните си роднини.,анонимен,преди 1 ден,10,0,2026-04-11 17:06:09
dnes.bg,https://www.dnes.bg/c/604-izbori-2026,https://www.dnes.bg/a/1-bulgaria/717372-sova-haris-pri-izbori-dnes-335-podkrepyat-radev-19-gerb-pp-db-112,"""Сова Харис"" при избори днес: 33,5% подкрепят Радев, 19% ГЕРБ, ПП-ДБ - 11,2%",09.04.2026 | 12:07 ч.,,329,"Стига сте се карали, има нареждане от Съвета на Европа държавната администрация да се намали драстично. Няма значение кой е на власт. Който и да е на власт, ще ги намали ""чантаджиите"". Това е европейска заповед. Трябва да бъдат намалени най-малко два пъти. Това е политика на икономии.",Гиб Мелсън,преди 1 ден,6,0,2026-04-11 17:06:12
dnes.bg,https://www.dnes.bg/c/604-izbori-2026,https://www.dnes.bg/a/1-bulgaria/717372-sova-haris-pri-izbori-dnes-335-podkrepyat-radev-19-gerb-pp-db-112,"""Сова Харис"" при избори днес: 33,5% подкрепят Радев, 19% ГЕРБ, ПП-ДБ - 11,2%",09.04.2026 | 12:07 ч.,,328,"Аз съм чел Законите на Паркинсън. Той, моля ви се, се оплаква, че във Великобритания имало 600 000 чантаджии. Е да де, ама населението е 60 милиона. 1 човек на 100... А у нас - един на 10 работещи.",случаен минувач,преди 1 ден,6,0,2026-04-11 17:06:12
dnes.bg,https://www.dnes.bg/c/604-izbori-2026,https://www.dnes.bg/a/1-bulgaria/717372-sova-haris-pri-izbori-dnes-335-podkrepyat-radev-19-gerb-pp-db-112,"""Сова Харис"" при избори днес: 33,5% подкрепят Радев, 19% ГЕРБ, ПП-ДБ - 11,2%",09.04.2026 | 12:07 ч.,,327,"Така е, за 12 годишното си царуване Еднокнижника напълни цялата държавна администрация с негови хора. Няма значение, че са некомпетентни. Сега са му твърд електорат. И със семействата си правят поне 600 хиляди гласа за него.",анонимен,преди 1 ден,6,4,2026-04-11 17:06:12
dnes.bg,https://www.dnes.bg/c/604-izbori-2026,https://www.dnes.bg/a/1-bulgaria/717372-sova-haris-pri-izbori-dnes-335-podkrepyat-radev-19-gerb-pp-db-112,"""Сова Харис"" при избори днес: 33,5% подкрепят Радев, 19% ГЕРБ, ПП-ДБ - 11,2%",09.04.2026 | 12:07 ч.,,326,Това предвиждане ли е.....или Пожелание ???,СМЕХ,преди 1 ден,5,0,2026-04-11 17:06:12
dnes.bg,https://www.dnes.bg/c/604-izbori-2026,https://www.dnes.bg/a/1-bulgaria/717372-sova-haris-pri-izbori-dnes-335-podkrepyat-radev-19-gerb-pp-db-112,"""Сова Харис"" при избори днес: 33,5% подкрепят Радев, 19% ГЕРБ, ПП-ДБ - 11,2%",09.04.2026 | 12:07 ч.,,325,"(продължение) Ох, само чантата му не се опитвай да вземеш! Ще изреве като мълния през юли и ще изчезне, ще се разтвори в пространството. Той без чантата е нищо. Чантата - тя му осигурява заплата от 2-3 к месечно плюс бонуси, плюс възможност за уреждане на роднини... Осигурява му и стабилен трудов стаж за пенсия, което не се постига в частните фирми.",случаен минувач,преди 1 ден,2,0,2026-04-11 17:06:12
dnes.bg,https://www.dnes.bg/c/604-izbori-2026,https://www.dnes.bg/a/1-bulgaria/717372-sova-haris-pri-izbori-dnes-335-podkrepyat-radev-19-gerb-pp-db-112,"""Сова Харис"" при избори днес: 33,5% подкрепят Радев, 19% ГЕРБ, ПП-ДБ - 11,2%",09.04.2026 | 12:07 ч.,,324,"За Герб гласуват чантаджиите, хората с чанти. Около 300 000 са в цяла България. А уж от ППДБ щяха да намаляват държавните чиновници... Нищо не намалиха, герберските калинки са по местата си. На какво не е способен човекът с чанта, за да запази чантата си! Накарай го да коментира международното положение - ще говори с часове! Кажи му, че трябва да яде варени моркови - ще ги яде с килограми! Плесни му шамар - ще се ухили! Ами ако се опиташ да му вземеш чантата? (продължение)",случаен минувач,преди 1 ден,2,1,2026-04-11 17:06:12
dnes.bg,https://www.dnes.bg/c/604-izbori-2026,https://www.dnes.bg/a/1-bulgaria/717372-sova-haris-pri-izbori-dnes-335-podkrepyat-radev-19-gerb-pp-db-112,"""Сова Харис"" при избори днес: 33,5% подкрепят Радев, 19% ГЕРБ, ПП-ДБ - 11,2%",09.04.2026 | 12:07 ч.,,323,".....Е,.... ДРУГИТЕ ПАРТИИ , КЪДЕ СА, БЕ.....",СМЕХ,преди 1 ден,1,0,2026-04-11 17:06:12
dnes.bg,https://www.dnes.bg/c/604-izbori-2026,https://www.dnes.bg/a/1-bulgaria/717372-sova-haris-pri-izbori-dnes-335-podkrepyat-radev-19-gerb-pp-db-112,"""Сова Харис"" при избори днес: 33,5% подкрепят Радев, 19% ГЕРБ, ПП-ДБ - 11,2%",09.04.2026 | 12:07 ч.,,322,"как пък едно изследване не показа пеедофилите под 10%? 11-12 редовно... те са 7, демек 7%... ШИШИ премиер!",Казаня от Миндя,преди 1 ден,2,3,2026-04-11 17:06:12
dnes.bg,https://www.dnes.bg/c/604-izbori-2026,https://www.dnes.bg/a/1-bulgaria/717372-sova-haris-pri-izbori-dnes-335-podkrepyat-radev-19-gerb-pp-db-112,"""Сова Харис"" при избори днес: 33,5% подкрепят Радев, 19% ГЕРБ, ПП-ДБ - 11,2%",09.04.2026 | 12:07 ч.,,321,До: анонименИ мен не са ме питали! Не са питали и никой от моите роднини и приятели!Странно!,анонимен,преди 1 ден,3,0,2026-04-11 17:06:12
dnes.bg,https://www.dnes.bg/c/604-izbori-2026,https://www.dnes.bg/a/1-bulgaria/717372-sova-haris-pri-izbori-dnes-335-podkrepyat-radev-19-gerb-pp-db-112,"""Сова Харис"" при избори днес: 33,5% подкрепят Радев, 19% ГЕРБ, ПП-ДБ - 11,2%",09.04.2026 | 12:07 ч.,,320,Сова Харис- агенцията на БСП!,Номер 2,преди 1 ден,4,1,2026-04-11 17:06:12
dnes.bg,https://www.dnes.bg/c/604-izbori-2026,https://www.dnes.bg/a/1-bulgaria/717372-sova-haris-pri-izbori-dnes-335-podkrepyat-radev-19-gerb-pp-db-112,"""Сова Харис"" при избори днес: 33,5% подкрепят Радев, 19% ГЕРБ, ПП-ДБ - 11,2%",09.04.2026 | 12:07 ч.,,319,мда весник Труп пасквила на крадците от кръга на бсп спонсорите,анонимен,преди 1 ден,4,1,2026-04-11 17:06:14
dnes.bg,https://www.dnes.bg/c/604-izbori-2026,https://www.dnes.bg/a/1-bulgaria/717372-sova-haris-pri-izbori-dnes-335-podkrepyat-radev-19-gerb-pp-db-112,"""Сова Харис"" при избори днес: 33,5% подкрепят Радев, 19% ГЕРБ, ПП-ДБ - 11,2%",09.04.2026 | 12:07 ч.,,318,Като президент Радев беше една съвсем безлична фигура представяща се за натовски генерал на служба в Кремъл. Като евентуален премиер ще бъде още по-зле от това коетэ ни показа като президент защото ще трябва да поеме реална отговорност за действията си нещо което не направи за 10 години служба в президентството.,анонимен,преди 1 ден,10,7,2026-04-11 17:06:14
dnes.bg,https://www.dnes.bg/c/604-izbori-2026,https://www.dnes.bg/a/1-bulgaria/717372-sova-haris-pri-izbori-dnes-335-podkrepyat-radev-19-gerb-pp-db-112,"""Сова Харис"" при избори днес: 33,5% подкрепят Радев, 19% ГЕРБ, ПП-ДБ - 11,2%",09.04.2026 | 12:07 ч.,,317,"Българите пак скочиха върху мотиката ""спасителя"" на нацията.",анонимен,преди 1 ден,12,4,2026-04-11 17:06:14
dnes.bg,https://www.dnes.bg/c/604-izbori-2026,https://www.dnes.bg/a/1-bulgaria/717372-sova-haris-pri-izbori-dnes-335-podkrepyat-radev-19-gerb-pp-db-112,"""Сова Харис"" при избори днес: 33,5% подкрепят Радев, 19% ГЕРБ, ПП-ДБ - 11,2%",09.04.2026 | 12:07 ч.,,316,Какъв оптимизъм да има след като в новата формация се настаниха стари муцунки.Държавността е срината и става все по труден живота на тази поробена територия на Балканите.Заради кефана 200 хиляди останалите мизерстват с пенсии и ниски заплати.,Реалист,преди 1 ден,6,3,2026-04-11 17:06:14
dnes.bg,https://www.dnes.bg/c/604-izbori-2026,https://www.dnes.bg/a/1-bulgaria/717372-sova-haris-pri-izbori-dnes-335-podkrepyat-radev-19-gerb-pp-db-112,"""Сова Харис"" при избори днес: 33,5% подкрепят Радев, 19% ГЕРБ, ПП-ДБ - 11,2%",09.04.2026 | 12:07 ч.,,315,Тази агенция е най-фалшивата от всички,анонимен,преди 1 ден,9,4,2026-04-11 17:06:14
dnes.bg,https://www.dnes.bg/c/604-izbori-2026,https://www.dnes.bg/a/1-bulgaria/717372-sova-haris-pri-izbori-dnes-335-podkrepyat-radev-19-gerb-pp-db-112,"""Сова Харис"" при избори днес: 33,5% подкрепят Радев, 19% ГЕРБ, ПП-ДБ - 11,2%",09.04.2026 | 12:07 ч.,,314,"Ако такива са и реалните резултати следващата Неделя, стягам си багажа и се махам в посока запад. ЛЪЖА и измама е, че тази държава някога ще се оправи .",анонимен,преди 1 ден,8,1,2026-04-11 17:06:14
dnes.bg,https://www.dnes.bg/c/604-izbori-2026,https://www.dnes.bg/a/1-bulgaria/717372-sova-haris-pri-izbori-dnes-335-podkrepyat-radev-19-gerb-pp-db-112,"""Сова Харис"" при избори днес: 33,5% подкрепят Радев, 19% ГЕРБ, ПП-ДБ - 11,2%",09.04.2026 | 12:07 ч.,,313,продавам рускитрол на шиш с зелен4уци,анонимен,преди 1 ден,1,1,2026-04-11 17:06:14
dnes.bg,https://www.dnes.bg/c/604-izbori-2026,https://www.dnes.bg/a/1-bulgaria/717372-sova-haris-pri-izbori-dnes-335-podkrepyat-radev-19-gerb-pp-db-112,"""Сова Харис"" при избори днес: 33,5% подкрепят Радев, 19% ГЕРБ, ПП-ДБ - 11,2%",09.04.2026 | 12:07 ч.,,312,реалните резултати ще са рундю 23 герб 19 пеевски 10 пп дб 10 + - 1-2 процента за всеки друг невлиза а бсп итн и възраждане на сметището,анонимен,преди 1 ден,6,4,2026-04-11 17:06:14
dnes.bg,https://www.dnes.bg/c/604-izbori-2026,https://www.dnes.bg/a/1-bulgaria/717372-sova-haris-pri-izbori-dnes-335-podkrepyat-radev-19-gerb-pp-db-112,"""Сова Харис"" при избори днес: 33,5% подкрепят Радев, 19% ГЕРБ, ПП-ДБ - 11,2%",09.04.2026 | 12:07 ч.,,311,сова или кастриран бухал русофил .. но положението е такова рундю обира двата файтоналумпени гласуващи за възраждане и бсп костя максудовски и там който савет трупове оправлява бсп няма как да влезат и рундю да има висок процент електората им е един и същ,анонимен,преди 1 ден,6,4,2026-04-11 17:06:14
dnes.bg,https://www.dnes.bg/c/604-izbori-2026,https://www.dnes.bg/a/1-bulgaria/717372-sova-haris-pri-izbori-dnes-335-podkrepyat-radev-19-gerb-pp-db-112,"""Сова Харис"" при избори днес: 33,5% подкрепят Радев, 19% ГЕРБ, ПП-ДБ - 11,2%",09.04.2026 | 12:07 ч.,,310,"Сова ли е ? Знаем , че совите не са това , което са ! А тази сова е изплезила език като килим и ближе ли ближе миризливите чорапи на зеления потник. Еееех , Сова Харис, безсрамници сте ! И добре са ви платили !",Ъхъ !,преди 1 ден,7,2,2026-04-11 17:06:14
dnes.bg,https://www.dnes.bg/c/604-izbori-2026,https://www.dnes.bg/a/1-bulgaria/717372-sova-haris-pri-izbori-dnes-335-podkrepyat-radev-19-gerb-pp-db-112,"""Сова Харис"" при избори днес: 33,5% подкрепят Радев, 19% ГЕРБ, ПП-ДБ - 11,2%",09.04.2026 | 12:07 ч.,,309,Зельонъй чорапенко ще се хване с рома Кoпейкин и с БСП. Слушайте какво ви пее Кидика :)))))))))))))))))))))))))))))),пияница мистик,преди 1 ден,9,3,2026-04-11 17:06:17
dnes.bg,https://www.dnes.bg/c/604-izbori-2026,https://www.dnes.bg/a/1-bulgaria/717372-sova-haris-pri-izbori-dnes-335-podkrepyat-radev-19-gerb-pp-db-112,"""Сова Харис"" при избори днес: 33,5% подкрепят Радев, 19% ГЕРБ, ПП-ДБ - 11,2%",09.04.2026 | 12:07 ч.,,308,Тралала. Доматите са по 10.87 Евро кг. Днес 09.04.2026. Увеличение с 33.5 процента.,анонимен,преди 1 ден,3,2,2026-04-11 17:06:17
dnes.bg,https://www.dnes.bg/c/604-izbori-2026,https://www.dnes.bg/a/1-bulgaria/717372-sova-haris-pri-izbori-dnes-335-podkrepyat-radev-19-gerb-pp-db-112,"""Сова Харис"" при избори днес: 33,5% подкрепят Радев, 19% ГЕРБ, ПП-ДБ - 11,2%",09.04.2026 | 12:07 ч.,,307,"33,5%.Удри,Президенте.С теб сме.",Алекс,преди 1 ден,7,9,2026-04-11 17:06:17
dnes.bg,https://www.dnes.bg/c/604-izbori-2026,https://www.dnes.bg/a/1-bulgaria/717372-sova-haris-pri-izbori-dnes-335-podkrepyat-radev-19-gerb-pp-db-112,"""Сова Харис"" при избори днес: 33,5% подкрепят Радев, 19% ГЕРБ, ПП-ДБ - 11,2%",09.04.2026 | 12:07 ч.,,306,"Някои пак си правят експерименти и на техния и на гърба на останалите ?! На какво се надяват и ге не знаят,на някакви техни фантазии и лъжите на летеца и обкръжението му - ченгета,олигарси ,пропаднали посредствени политици.Щом за 10 години не сте разбрали какъв е Радев ,вие сте не спасяеми .Пак ще горните Мисля,пак ще плюете това което сте избрали,пак ще търсите измисления ви ,, Спасител""",анонимен,преди 1 ден,8,3,2026-04-11 17:06:17
dnes.bg,https://www.dnes.bg/c/604-izbori-2026,https://www.dnes.bg/a/1-bulgaria/717372-sova-haris-pri-izbori-dnes-335-podkrepyat-radev-19-gerb-pp-db-112,"""Сова Харис"" при избори днес: 33,5% подкрепят Радев, 19% ГЕРБ, ПП-ДБ - 11,2%",09.04.2026 | 12:07 ч.,,305,"Какво стана със СЪЗДАТЕЛЯ на промяната кирил петков ?шАРЛАТАНИ , забравихте го и неговата половинка.май само печалбата ви блазни",анонимен,преди 1 ден,6,4,2026-04-11 17:06:17
dnes.bg,https://www.dnes.bg/c/604-izbori-2026,https://www.dnes.bg/a/1-bulgaria/717372-sova-haris-pri-izbori-dnes-335-podkrepyat-radev-19-gerb-pp-db-112,"""Сова Харис"" при избори днес: 33,5% подкрепят Радев, 19% ГЕРБ, ПП-ДБ - 11,2%",09.04.2026 | 12:07 ч.,,304,До: УМЕН. Миналата седмица агенцията на самия червен колю даде далеч по реални резултати съ около 4% за радев.А всеки знае къде гравитира червения колю,анонимен,преди 1 ден,8,2,2026-04-11 17:06:17
dnes.bg,https://www.dnes.bg/c/604-izbori-2026,https://www.dnes.bg/a/1-bulgaria/717372-sova-haris-pri-izbori-dnes-335-podkrepyat-radev-19-gerb-pp-db-112,"""Сова Харис"" при избори днес: 33,5% подкрепят Радев, 19% ГЕРБ, ПП-ДБ - 11,2%",09.04.2026 | 12:07 ч.,,303,Тралала. Плод и зеленчук магазина е.,анонимен,преди 1 ден,4,1,2026-04-11 17:06:17
dnes.bg,https://www.dnes.bg/c/604-izbori-2026,https://www.dnes.bg/a/1-bulgaria/717372-sova-haris-pri-izbori-dnes-335-podkrepyat-radev-19-gerb-pp-db-112,"""Сова Харис"" при избори днес: 33,5% подкрепят Радев, 19% ГЕРБ, ПП-ДБ - 11,2%",09.04.2026 | 12:07 ч.,,302,До: анонимен Ами то май между русофилския фанатизъм и ислямския няма разлика.Поне да бяха прочели нашете нсевдо патриоти ресофилите какво са писали нашите най видни р.еволюционери какво са писали за руснаците и защо от русофили в началото стават русофоби.Последно време нашите путинисти станаха и ислямисти.А да червения комунист няма родина той е интернационалист,анонимен,преди 1 ден,3,2,2026-04-11 17:06:17
dnes.bg,https://www.dnes.bg/c/604-izbori-2026,https://www.dnes.bg/a/1-bulgaria/717372-sova-haris-pri-izbori-dnes-335-podkrepyat-radev-19-gerb-pp-db-112,"""Сова Харис"" при избори днес: 33,5% подкрепят Радев, 19% ГЕРБ, ПП-ДБ - 11,2%",09.04.2026 | 12:07 ч.,,301,"Аз съм за Радев, нека съм ***, дето не гласува за досегашните айдуци. Айде със здраве, гледай да напечелиш малко стотинки че това ще ти е.",до 299,преди 1 ден,2,5,2026-04-11 17:06:17
dnes.bg,https://www.dnes.bg/c/604-izbori-2026,https://www.dnes.bg/a/1-bulgaria/717372-sova-haris-pri-izbori-dnes-335-podkrepyat-radev-19-gerb-pp-db-112,"""Сова Харис"" при избори днес: 33,5% подкрепят Радев, 19% ГЕРБ, ПП-ДБ - 11,2%",09.04.2026 | 12:07 ч.,,300,"A днеса кой ще го закрие - като гледам от пишещите едно 80% са против Радев, демек политически ***/агитатори",анонимен,преди 1 ден,2,3,2026-04-11 17:06:17
dnes.bg,https://www.dnes.bg/c/604-izbori-2026,https://www.dnes.bg/a/1-bulgaria/717372-sova-haris-pri-izbori-dnes-335-podkrepyat-radev-19-gerb-pp-db-112,"""Сова Харис"" при избори днес: 33,5% подкрепят Радев, 19% ГЕРБ, ПП-ДБ - 11,2%",09.04.2026 | 12:07 ч.,,299,"хора всякакви, но масата са глупави и точно тях цели льотчика като електорат",анонимен,преди 1 ден,7,3,2026-04-11 17:06:20
dnes.bg,https://www.dnes.bg/c/604-izbori-2026,https://www.dnes.bg/a/1-bulgaria/717372-sova-haris-pri-izbori-dnes-335-podkrepyat-radev-19-gerb-pp-db-112,"""Сова Харис"" при избори днес: 33,5% подкрепят Радев, 19% ГЕРБ, ПП-ДБ - 11,2%",09.04.2026 | 12:07 ч.,,298,До: анонимен Образ ненагледен не ти ли прави впечатление че почти всички парти се опитват да се качат на власт със изчъгъртване и спихват или със обичам да плюя и мразя бойко.Ами тоя номер се изтърка и се обръща срещу тези които го ползват,анонимен,преди 1 ден,5,0,2026-04-11 17:06:20
dnes.bg,https://www.dnes.bg/c/604-izbori-2026,https://www.dnes.bg/a/1-bulgaria/717372-sova-haris-pri-izbori-dnes-335-podkrepyat-radev-19-gerb-pp-db-112,"""Сова Харис"" при избори днес: 33,5% подкрепят Радев, 19% ГЕРБ, ПП-ДБ - 11,2%",09.04.2026 | 12:07 ч.,,297,"До: Ха-ха трябва да знаеш че мнозинствота е за проевропейска ориентация и ако се наложи ще хвърчи перушина , но няма да ни завлечете пак там от където всички избягаха ох..л...юв",Отмъстител,преди 1 ден,5,2,2026-04-11 17:06:20
dnes.bg,https://www.dnes.bg/c/604-izbori-2026,https://www.dnes.bg/a/1-bulgaria/717372-sova-haris-pri-izbori-dnes-335-podkrepyat-radev-19-gerb-pp-db-112,"""Сова Харис"" при избори днес: 33,5% подкрепят Радев, 19% ГЕРБ, ПП-ДБ - 11,2%",09.04.2026 | 12:07 ч.,,296,До: АстонВ.труд е рупор на кремълската пропаганда това и децата го знаят вече,Червен съсел,преди 1 ден,3,0,2026-04-11 17:06:20
dnes.bg,https://www.dnes.bg/c/604-izbori-2026,https://www.dnes.bg/a/1-bulgaria/717372-sova-haris-pri-izbori-dnes-335-podkrepyat-radev-19-gerb-pp-db-112,"""Сова Харис"" при избори днес: 33,5% подкрепят Радев, 19% ГЕРБ, ПП-ДБ - 11,2%",09.04.2026 | 12:07 ч.,,295,До: Анонимко за съжаление колкото и да не ти харесва борбата и то много оспорвана за третото място ще е между ппдб и дпс пък ти си фантазирай измислените коефициенти на совата,анонимен,преди 1 ден,1,0,2026-04-11 17:06:20
dnes.bg,https://www.dnes.bg/c/604-izbori-2026,https://www.dnes.bg/a/1-bulgaria/717372-sova-haris-pri-izbori-dnes-335-podkrepyat-radev-19-gerb-pp-db-112,"""Сова Харис"" при избори днес: 33,5% подкрепят Радев, 19% ГЕРБ, ПП-ДБ - 11,2%",09.04.2026 | 12:07 ч.,,294,До: анонимен предполагам визираш генЛеонид Решетников който случайно минавал от тук да пие чай при първия избор за президент и горката корнелия Нинова му издигна кандидатурата тогава.Но най интересното е че скоро я гледах в едно интервю по дарик радио в ютуб където тя каза че Радев не носи промяна а подмяна.То отдавна го знаехме като виждаме червения кръжок около радев със червените олигарси които щели да борят другите олигарси.Все пак си мисля че номерът с мекиите се изтърка колкото и да е зат,Червен плъх,преди 1 ден,2,2,2026-04-11 17:06:20
dnes.bg,https://www.dnes.bg/c/604-izbori-2026,https://www.dnes.bg/a/1-bulgaria/717372-sova-haris-pri-izbori-dnes-335-podkrepyat-radev-19-gerb-pp-db-112,"""Сова Харис"" при избори днес: 33,5% подкрепят Радев, 19% ГЕРБ, ПП-ДБ - 11,2%",09.04.2026 | 12:07 ч.,,293,До: анонимен вашият копейкин ще вземе власта ама на албанския празник с тия изкривени от совата коефициенти,анонимен,преди 1 ден,4,3,2026-04-11 17:06:20
dnes.bg,https://www.dnes.bg/c/604-izbori-2026,https://www.dnes.bg/a/1-bulgaria/717372-sova-haris-pri-izbori-dnes-335-podkrepyat-radev-19-gerb-pp-db-112,"""Сова Харис"" при избори днес: 33,5% подкрепят Радев, 19% ГЕРБ, ПП-ДБ - 11,2%",09.04.2026 | 12:07 ч.,,292,"До: анонименАми има .и някой да не знае че в.труд е с прокремъ.ска ориентация и как ще изкара моментите нагласи на избирателите.Миналата седмица агенцията на червения колю даде даже по реални резултати.Радев бе със 27% герб със 23.6, възраждане на копейкин около 6%.Борбата за първото место ще е между Герб и радев ,а жестока бо.ба за третото място е между дпс и ппдб",анонимен,преди 1 ден,3,3,2026-04-11 17:06:20
dnes.bg,https://www.dnes.bg/c/604-izbori-2026,https://www.dnes.bg/a/1-bulgaria/717372-sova-haris-pri-izbori-dnes-335-podkrepyat-radev-19-gerb-pp-db-112,"""Сова Харис"" при избори днес: 33,5% подкрепят Радев, 19% ГЕРБ, ПП-ДБ - 11,2%",09.04.2026 | 12:07 ч.,,291,"Центаджиите плачат, но Възраждане ще вземе властта",анонимен,преди 1 ден,4,7,2026-04-11 17:06:20
dnes.bg,https://www.dnes.bg/c/604-izbori-2026,https://www.dnes.bg/a/1-bulgaria/717372-sova-haris-pri-izbori-dnes-335-podkrepyat-radev-19-gerb-pp-db-112,"""Сова Харис"" при избори днес: 33,5% подкрепят Радев, 19% ГЕРБ, ПП-ДБ - 11,2%",09.04.2026 | 12:07 ч.,,290,"Радев втори, ППДБ четвърти - АМИН!",анонимен,преди 1 ден,10,7,2026-04-11 17:06:20
dnes.bg,https://www.dnes.bg/c/604-izbori-2026,https://www.dnes.bg/a/1-bulgaria/717372-sova-haris-pri-izbori-dnes-335-podkrepyat-radev-19-gerb-pp-db-112,"""Сова Харис"" при избори днес: 33,5% подкрепят Радев, 19% ГЕРБ, ПП-ДБ - 11,2%",09.04.2026 | 12:07 ч.,,289,"Прогнозните резултати на сова харис за изборите са на Митрофанова, която активно работи за мероприятието ""Радев"" на Москва. По точно Радев да ни върне страната в евразия под ботуша на москва, да сме им пета колона. ПП-ДБ нямат нищо общо с Радев. Той създаде групировка. За разлика от русофила,Радев, то ПП-ДБте са Евроатлантици за Европейски път на развитие на страната.",анонимен,преди 2 дни,10,8,2026-04-11 17:06:23
dnes.bg,https://www.dnes.bg/c/604-izbori-2026,https://www.dnes.bg/a/1-bulgaria/717372-sova-haris-pri-izbori-dnes-335-podkrepyat-radev-19-gerb-pp-db-112,"""Сова Харис"" при избори днес: 33,5% подкрепят Радев, 19% ГЕРБ, ПП-ДБ - 11,2%",09.04.2026 | 12:07 ч.,,288,Е АНТИБЪЛГАРСКА ПАРТИЯ,ПАРТИЯ ПРОГРЕС,преди 2 дни,11,4,2026-04-11 17:06:23
dnes.bg,https://www.dnes.bg/c/604-izbori-2026,https://www.dnes.bg/a/1-bulgaria/717372-sova-haris-pri-izbori-dnes-335-podkrepyat-radev-19-gerb-pp-db-112,"""Сова Харис"" при избори днес: 33,5% подкрепят Радев, 19% ГЕРБ, ПП-ДБ - 11,2%",09.04.2026 | 12:07 ч.,,287,"Посоченият от руските разузнавателни служби за президент Радев показва грубо политическо суеверно русофилство, умишлено го култивирано сред народните маси; политически юмрук, вървенето и воюването под което неизбежно води към предателство и национална катастрофа. С русофилството си Радев с безогледно дипломанстване с руската дипломация (с Митрофанофа ) неизбежно и фатално прави от България едно сляпо и послушно оръдие в ръцете на руската завоевателна политика на Балканите.",анонимен,преди 2 дни,8,6,2026-04-11 17:06:23
dnes.bg,https://www.dnes.bg/c/604-izbori-2026,https://www.dnes.bg/a/1-bulgaria/717372-sova-haris-pri-izbori-dnes-335-podkrepyat-radev-19-gerb-pp-db-112,"""Сова Харис"" при избори днес: 33,5% подкрепят Радев, 19% ГЕРБ, ПП-ДБ - 11,2%",09.04.2026 | 12:07 ч.,,286,"Само при ДПС- шиши,процентите са грешни,едва ли ще събере и 1 %",Анонимко,преди 2 дни,1,7,2026-04-11 17:06:23
dnes.bg,https://www.dnes.bg/c/604-izbori-2026,https://www.dnes.bg/a/1-bulgaria/717372-sova-haris-pri-izbori-dnes-335-podkrepyat-radev-19-gerb-pp-db-112,"""Сова Харис"" при избори днес: 33,5% подкрепят Радев, 19% ГЕРБ, ПП-ДБ - 11,2%",09.04.2026 | 12:07 ч.,,285,"Щом дават 11% на Промяната , значи Радев, Бойко и Дилян имат 89%. Оставили са 11% за да има кого да бият в парламента.",анонимен,преди 2 дни,6,1,2026-04-11 17:06:23
dnes.bg,https://www.dnes.bg/c/604-izbori-2026,https://www.dnes.bg/a/1-bulgaria/717372-sova-haris-pri-izbori-dnes-335-podkrepyat-radev-19-gerb-pp-db-112,"""Сова Харис"" при избори днес: 33,5% подкрепят Радев, 19% ГЕРБ, ПП-ДБ - 11,2%",09.04.2026 | 12:07 ч.,,284,"Като видиш кой им е поръчител на поучването,става ясно как са го натъкмили.",Астон,преди 2 дни,16,0,2026-04-11 17:06:23
dnes.bg,https://www.dnes.bg/c/604-izbori-2026,https://www.dnes.bg/a/1-bulgaria/717372-sova-haris-pri-izbori-dnes-335-podkrepyat-radev-19-gerb-pp-db-112,"""Сова Харис"" при избори днес: 33,5% подкрепят Радев, 19% ГЕРБ, ПП-ДБ - 11,2%",09.04.2026 | 12:07 ч.,,283,Щом дават 34 близо процента за Радев значи за около и над 40 . Пеперазите ще имат 7-8 процента .,анонимен,преди 2 дни,4,4,2026-04-11 17:06:23
dnes.bg,https://www.dnes.bg/c/604-izbori-2026,https://www.dnes.bg/a/1-bulgaria/717372-sova-haris-pri-izbori-dnes-335-podkrepyat-radev-19-gerb-pp-db-112,"""Сова Харис"" при избори днес: 33,5% подкрепят Радев, 19% ГЕРБ, ПП-ДБ - 11,2%",09.04.2026 | 12:07 ч.,,282,Тази страна няма бъдеще с това племе.,Ганьо,преди 2 дни,8,3,2026-04-11 17:06:23
dnes.bg,https://www.dnes.bg/c/604-izbori-2026,https://www.dnes.bg/a/1-bulgaria/717372-sova-haris-pri-izbori-dnes-335-podkrepyat-radev-19-gerb-pp-db-112,"""Сова Харис"" при избори днес: 33,5% подкрепят Радев, 19% ГЕРБ, ПП-ДБ - 11,2%",09.04.2026 | 12:07 ч.,,281,"До: 287 И аз не познавам слабо-умни дето ще гласуват за ПП-растите, ама на - виж колко процента са си купили от Совите.",Ха-ха,преди 2 дни,14,0,2026-04-11 17:06:23
dnes.bg,https://www.dnes.bg/c/604-izbori-2026,https://www.dnes.bg/a/1-bulgaria/717372-sova-haris-pri-izbori-dnes-335-podkrepyat-radev-19-gerb-pp-db-112,"""Сова Харис"" при избори днес: 33,5% подкрепят Радев, 19% ГЕРБ, ПП-ДБ - 11,2%",09.04.2026 | 12:07 ч.,,280,Това като се отчита 3 гласа за всяка машинна бюлетина за Радев ли? Манипулирахте ли вече машините??,анонимен,преди 2 дни,9,2,2026-04-11 17:06:23
dnes.bg,https://www.dnes.bg/c/604-izbori-2026,https://www.dnes.bg/a/1-bulgaria/717372-sova-haris-pri-izbori-dnes-335-podkrepyat-radev-19-gerb-pp-db-112,"""Сова Харис"" при избори днес: 33,5% подкрепят Радев, 19% ГЕРБ, ПП-ДБ - 11,2%",09.04.2026 | 12:07 ч.,,279,"Значи така, 8 годишно безразделно Радево ляво управление, народа се мъчи и плаче за нормално дясно управление, навсякъде по света избират ВСЕ десни, само в България обратното.... А бе, ЗАЩО не си го заврете от...",анонимен,преди 2 дни,8,5,2026-04-11 17:06:25
dnes.bg,https://www.dnes.bg/c/604-izbori-2026,https://www.dnes.bg/a/1-bulgaria/717372-sova-haris-pri-izbori-dnes-335-podkrepyat-radev-19-gerb-pp-db-112,"""Сова Харис"" при избори днес: 33,5% подкрепят Радев, 19% ГЕРБ, ПП-ДБ - 11,2%",09.04.2026 | 12:07 ч.,,278,А уж совата е мъдра птица,Народът,преди 2 дни,6,0,2026-04-11 17:06:25
dnes.bg,https://www.dnes.bg/c/604-izbori-2026,https://www.dnes.bg/a/1-bulgaria/717372-sova-haris-pri-izbori-dnes-335-podkrepyat-radev-19-gerb-pp-db-112,"""Сова Харис"" при избори днес: 33,5% подкрепят Радев, 19% ГЕРБ, ПП-ДБ - 11,2%",09.04.2026 | 12:07 ч.,,277,"До: 266 1) НИКОй не те е спрял да си купиш еднопосочен билет и да заминават при някой спонсор (примерно Сорос младши) или да направиш изследване за местоположението на руския кораб. 2) Това, че някой мисли с главата си, а не с опорките от разни новинарски емисии, означава само, че колкото по-бързо освободиш терена от присъствието си- толкова по добре.",Ха-ха,преди 2 дни,1,3,2026-04-11 17:06:25
dnes.bg,https://www.dnes.bg/c/604-izbori-2026,https://www.dnes.bg/a/1-bulgaria/717372-sova-haris-pri-izbori-dnes-335-podkrepyat-radev-19-gerb-pp-db-112,"""Сова Харис"" при избори днес: 33,5% подкрепят Радев, 19% ГЕРБ, ПП-ДБ - 11,2%",09.04.2026 | 12:07 ч.,,276,"Ох, как ще плачете на 19-ти, само потривам ръце.",анонимен,преди 2 дни,6,0,2026-04-11 17:06:25
dnes.bg,https://www.dnes.bg/c/604-izbori-2026,https://www.dnes.bg/a/1-bulgaria/717372-sova-haris-pri-izbori-dnes-335-podkrepyat-radev-19-gerb-pp-db-112,"""Сова Харис"" при избори днес: 33,5% подкрепят Радев, 19% ГЕРБ, ПП-ДБ - 11,2%",09.04.2026 | 12:07 ч.,,275,Това сред електората на БСП ли е?,анонимен,преди 2 дни,5,0,2026-04-11 17:06:25
dnes.bg,https://www.dnes.bg/c/604-izbori-2026,https://www.dnes.bg/a/1-bulgaria/717372-sova-haris-pri-izbori-dnes-335-podkrepyat-radev-19-gerb-pp-db-112,"""Сова Харис"" при избори днес: 33,5% подкрепят Радев, 19% ГЕРБ, ПП-ДБ - 11,2%",09.04.2026 | 12:07 ч.,,274,"Колкото повече Радевци се излагат драматично, толкова повече рейтинга им се вдига.... Вие за балами ли ни вземате?",анонимен,преди 2 дни,6,2,2026-04-11 17:06:25
dnes.bg,https://www.dnes.bg/c/604-izbori-2026,https://www.dnes.bg/a/1-bulgaria/717372-sova-haris-pri-izbori-dnes-335-podkrepyat-radev-19-gerb-pp-db-112,"""Сова Харис"" при избори днес: 33,5% подкрепят Радев, 19% ГЕРБ, ПП-ДБ - 11,2%",09.04.2026 | 12:07 ч.,,273,"До: 266 1) НИКОй не те е спрял да си купиш еднопосочен билет и да заминават при някой спонсор (примерно Сорос младши) или да направиш изследване за местоположението на руския кораб. 2) Това, че някой мисли с главата си, а не с опорките от разни новинарски емисии, означава само, че колкото по-бързо освободиш терена от присъствието си- толкова по добре.",Аха,преди 2 дни,3,3,2026-04-11 17:06:25
dnes.bg,https://www.dnes.bg/c/604-izbori-2026,https://www.dnes.bg/a/1-bulgaria/717372-sova-haris-pri-izbori-dnes-335-podkrepyat-radev-19-gerb-pp-db-112,"""Сова Харис"" при избори днес: 33,5% подкрепят Радев, 19% ГЕРБ, ПП-ДБ - 11,2%",09.04.2026 | 12:07 ч.,,272,"Ама може ли, нали Труд взе ясна линия в посока Масква, може ли проекта на генерал Решетников да не спечели?",анонимен,преди 2 дни,5,1,2026-04-11 17:06:25
dnes.bg,https://www.dnes.bg/c/604-izbori-2026,https://www.dnes.bg/a/1-bulgaria/717372-sova-haris-pri-izbori-dnes-335-podkrepyat-radev-19-gerb-pp-db-112,"""Сова Харис"" при избори днес: 33,5% подкрепят Радев, 19% ГЕРБ, ПП-ДБ - 11,2%",09.04.2026 | 12:07 ч.,,271,"Агенцията се е ПРОДАЛА, а Труд и Блъсков са корупционери. Какво ли не правят за пари.",анонимен,преди 2 дни,5,0,2026-04-11 17:06:25
dnes.bg,https://www.dnes.bg/c/604-izbori-2026,https://www.dnes.bg/a/1-bulgaria/717372-sova-haris-pri-izbori-dnes-335-podkrepyat-radev-19-gerb-pp-db-112,"""Сова Харис"" при избори днес: 33,5% подкрепят Радев, 19% ГЕРБ, ПП-ДБ - 11,2%",09.04.2026 | 12:07 ч.,,270,"Ха тъкмо за празниците, да ни развали настроението, мрси.",анонимен,преди 2 дни,3,0,2026-04-11 17:06:25
dnes.bg,https://www.dnes.bg/c/604-izbori-2026,https://www.dnes.bg/a/1-bulgaria/717372-sova-haris-pri-izbori-dnes-335-podkrepyat-radev-19-gerb-pp-db-112,"""Сова Харис"" при избори днес: 33,5% подкрепят Радев, 19% ГЕРБ, ПП-ДБ - 11,2%",09.04.2026 | 12:07 ч.,,269,Това някаква деветоаприлска шега ли е?,анонимен,преди 2 дни,6,0,2026-04-11 17:06:28
dnes.bg,https://www.dnes.bg/c/604-izbori-2026,https://www.dnes.bg/a/1-bulgaria/717372-sova-haris-pri-izbori-dnes-335-podkrepyat-radev-19-gerb-pp-db-112,"""Сова Харис"" при избори днес: 33,5% подкрепят Радев, 19% ГЕРБ, ПП-ДБ - 11,2%",09.04.2026 | 12:07 ч.,,268,"Сменили сте местата на ГЕРБ и Прогресивна (Регресивна) България, нали?",анонимен,преди 2 дни,8,1,2026-04-11 17:06:28
dnes.bg,https://www.dnes.bg/c/604-izbori-2026,https://www.dnes.bg/a/1-bulgaria/717372-sova-haris-pri-izbori-dnes-335-podkrepyat-radev-19-gerb-pp-db-112,"""Сова Харис"" при избори днес: 33,5% подкрепят Радев, 19% ГЕРБ, ПП-ДБ - 11,2%",09.04.2026 | 12:07 ч.,,267,"Лъжливата сова я знаем, а кой е Харис?!",хе хе хе,преди 2 дни,9,1,2026-04-11 17:06:28
dnes.bg,https://www.dnes.bg/c/604-izbori-2026,https://www.dnes.bg/a/1-bulgaria/717372-sova-haris-pri-izbori-dnes-335-podkrepyat-radev-19-gerb-pp-db-112,"""Сова Харис"" при избори днес: 33,5% подкрепят Радев, 19% ГЕРБ, ПП-ДБ - 11,2%",09.04.2026 | 12:07 ч.,,266,"Лакмуса е БСП,щом пишат че влиза нещата са фалшиви.Кой ще гласува за БСП и защо?",анонимен,преди 2 дни,8,1,2026-04-11 17:06:28
dnes.bg,https://www.dnes.bg/c/604-izbori-2026,https://www.dnes.bg/a/1-bulgaria/717372-sova-haris-pri-izbori-dnes-335-podkrepyat-radev-19-gerb-pp-db-112,"""Сова Харис"" при избори днес: 33,5% подкрепят Радев, 19% ГЕРБ, ПП-ДБ - 11,2%",09.04.2026 | 12:07 ч.,,265,"На тези социолози колко им плащат, за да намаляват процентите за Радев? Трима от четирима одобряват Радев, но не е ясно колко от тях ще гласуват. За ГЕРБ и СДС отдавна никой не гласува, освен техните членове и семействата им откраднали стотици милиарди след 1989 година.",анонимен,преди 2 дни,3,6,2026-04-11 17:06:28
dnes.bg,https://www.dnes.bg/c/604-izbori-2026,https://www.dnes.bg/a/1-bulgaria/717372-sova-haris-pri-izbori-dnes-335-podkrepyat-radev-19-gerb-pp-db-112,"""Сова Харис"" при избори днес: 33,5% подкрепят Радев, 19% ГЕРБ, ПП-ДБ - 11,2%",09.04.2026 | 12:07 ч.,,264,Мечтата на българският русофил е да стане руски крепостник!,анонимен,преди 2 дни,14,4,2026-04-11 17:06:28
dnes.bg,https://www.dnes.bg/c/604-izbori-2026,https://www.dnes.bg/a/1-bulgaria/717372-sova-haris-pri-izbori-dnes-335-podkrepyat-radev-19-gerb-pp-db-112,"""Сова Харис"" при избори днес: 33,5% подкрепят Радев, 19% ГЕРБ, ПП-ДБ - 11,2%",09.04.2026 | 12:07 ч.,,263,"Сава Харис е магистрална труженичка, за парип прави всякакви мошенгии!",Бухал Долис,преди 2 дни,7,1,2026-04-11 17:06:28
dnes.bg,https://www.dnes.bg/c/604-izbori-2026,https://www.dnes.bg/a/1-bulgaria/717372-sova-haris-pri-izbori-dnes-335-podkrepyat-radev-19-gerb-pp-db-112,"""Сова Харис"" при избори днес: 33,5% подкрепят Радев, 19% ГЕРБ, ПП-ДБ - 11,2%",09.04.2026 | 12:07 ч.,,262,"Хахахааааа, ще се спукам от смях. :)))))))))) Сова харис - Червен Колю :)))))))))) Винаги предрича победа на БСП :))))) До сега нищо не е познал. Аре чао, че заминавам на тежка софра в Родопите.",Зозо,преди 2 дни,12,4,2026-04-11 17:06:28
dnes.bg,https://www.dnes.bg/c/604-izbori-2026,https://www.dnes.bg/a/1-bulgaria/717372-sova-haris-pri-izbori-dnes-335-podkrepyat-radev-19-gerb-pp-db-112,"""Сова Харис"" при избори днес: 33,5% подкрепят Радев, 19% ГЕРБ, ПП-ДБ - 11,2%",09.04.2026 | 12:07 ч.,,261,Дано Възраждане да е първа политическа сила,Глаушев,преди 2 дни,6,7,2026-04-11 17:06:28
dnes.bg,https://www.dnes.bg/c/604-izbori-2026,https://www.dnes.bg/a/1-bulgaria/717372-sova-haris-pri-izbori-dnes-335-podkrepyat-radev-19-gerb-pp-db-112,"""Сова Харис"" при избори днес: 33,5% подкрепят Радев, 19% ГЕРБ, ПП-ДБ - 11,2%",09.04.2026 | 12:07 ч.,,260,"Хм, това не може да е вярно.",анонимен,преди 2 дни,6,0,2026-04-11 17:06:28
dnes.bg,https://www.dnes.bg/c/604-izbori-2026,https://www.dnes.bg/a/1-bulgaria/717372-sova-haris-pri-izbori-dnes-335-podkrepyat-radev-19-gerb-pp-db-112,"""Сова Харис"" при избори днес: 33,5% подкрепят Радев, 19% ГЕРБ, ПП-ДБ - 11,2%",09.04.2026 | 12:07 ч.,,259,Совите не са това което са. Няма на всеки километър подкрепящ Радев. Защо ни будалкате? Аз работя с екип от 36 човека. Само един има където още се чуди дали да се довери на Радев и то заради Украйна.,анонимен,преди 2 дни,9,3,2026-04-11 17:06:31
dnes.bg,https://www.dnes.bg/c/604-izbori-2026,https://www.dnes.bg/a/1-bulgaria/717372-sova-haris-pri-izbori-dnes-335-podkrepyat-radev-19-gerb-pp-db-112,"""Сова Харис"" при избори днес: 33,5% подкрепят Радев, 19% ГЕРБ, ПП-ДБ - 11,2%",09.04.2026 | 12:07 ч.,,258,"Казах, че ще гласувам за Радев и си го по Пам с платения социолог",Блъсков,преди 2 дни,1,0,2026-04-11 17:06:31
dnes.bg,https://www.dnes.bg/c/604-izbori-2026,https://www.dnes.bg/a/1-bulgaria/717372-sova-haris-pri-izbori-dnes-335-podkrepyat-radev-19-gerb-pp-db-112,"""Сова Харис"" при избори днес: 33,5% подкрепят Радев, 19% ГЕРБ, ПП-ДБ - 11,2%",09.04.2026 | 12:07 ч.,,257,"Още ще върви пропагандата.Със всеки ден вдигат процента за Радев за сметка на двамата престъпника от герб и нн ,които дръпнаха парите авансово за мантинели,магистрали,кетъринг за училища и градини и подобни,които ние реално плащаме с данъците си. а в момента с нашите пари те ще купуват ромски гласове",Стан,преди 2 дни,0,10,2026-04-11 17:06:31
dnes.bg,https://www.dnes.bg/c/604-izbori-2026,https://www.dnes.bg/a/1-bulgaria/717372-sova-haris-pri-izbori-dnes-335-podkrepyat-radev-19-gerb-pp-db-112,"""Сова Харис"" при избори днес: 33,5% подкрепят Радев, 19% ГЕРБ, ПП-ДБ - 11,2%",09.04.2026 | 12:07 ч.,,256,Чудя им се на тая сова що дават толкова малко проценти на фърчилото като са лапнали толкова голяма сума ще им се скара. Поне можеше 50 процента да им дадат нищо на следващите през есента ще се поправят.,А а,преди 2 дни,12,4,2026-04-11 17:06:31
dnes.bg,https://www.dnes.bg/c/604-izbori-2026,https://www.dnes.bg/a/1-bulgaria/717372-sova-haris-pri-izbori-dnes-335-podkrepyat-radev-19-gerb-pp-db-112,"""Сова Харис"" при избори днес: 33,5% подкрепят Радев, 19% ГЕРБ, ПП-ДБ - 11,2%",09.04.2026 | 12:07 ч.,,255,"Радев, ГЕРБ и ДПС заедно ще успеят да спрат кражбите.",анонимен,преди 2 дни,4,5,2026-04-11 17:06:31
dnes.bg,https://www.dnes.bg/c/604-izbori-2026,https://www.dnes.bg/a/1-bulgaria/717372-sova-haris-pri-izbori-dnes-335-podkrepyat-radev-19-gerb-pp-db-112,"""Сова Харис"" при избори днес: 33,5% подкрепят Радев, 19% ГЕРБ, ПП-ДБ - 11,2%",09.04.2026 | 12:07 ч.,,254,"BG-русофилите прекарват ежедневието си в създадени от американски платформи като Ф/Б (както и самия интернет, впрочем), но иначе много обичат да русофилстват, гушнати от удобствата на западния свят. Един предмет нямат у дома създаден от колхозниците, камо ли дреха, книга или кола, но иначе пак русофилстваме активно и мечтаем за евразийския колхозен рай. Ама си предпочитаме лошата Европа.",анонимен,преди 2 дни,14,4,2026-04-11 17:06:31
dnes.bg,https://www.dnes.bg/c/604-izbori-2026,https://www.dnes.bg/a/1-bulgaria/717372-sova-haris-pri-izbori-dnes-335-podkrepyat-radev-19-gerb-pp-db-112,"""Сова Харис"" при избори днес: 33,5% подкрепят Радев, 19% ГЕРБ, ПП-ДБ - 11,2%",09.04.2026 | 12:07 ч.,,253,"Не 33,5 %, а НАД 99,5 % е подкрепата за другаря Радев.",лъжат другари !,преди 2 дни,17,3,2026-04-11 17:06:31
dnes.bg,https://www.dnes.bg/c/604-izbori-2026,https://www.dnes.bg/a/1-bulgaria/717372-sova-haris-pri-izbori-dnes-335-podkrepyat-radev-19-gerb-pp-db-112,"""Сова Харис"" при избори днес: 33,5% подкрепят Радев, 19% ГЕРБ, ПП-ДБ - 11,2%",09.04.2026 | 12:07 ч.,,252,Над 500 милиона евро вече са събрани от купувачите на гласове.А нали знаем кои най-много винаги купуват?,Анонимен,преди 2 дни,7,1,2026-04-11 17:06:31
dnes.bg,https://www.dnes.bg/c/604-izbori-2026,https://www.dnes.bg/a/1-bulgaria/717372-sova-haris-pri-izbori-dnes-335-podkrepyat-radev-19-gerb-pp-db-112,"""Сова Харис"" при избори днес: 33,5% подкрепят Радев, 19% ГЕРБ, ПП-ДБ - 11,2%",09.04.2026 | 12:07 ч.,,251,"Супер, първите две сили да направят правителство и да почват да борят олигархията :-)",анонимен,преди 2 дни,4,1,2026-04-11 17:06:31
dnes.bg,https://www.dnes.bg/c/604-izbori-2026,https://www.dnes.bg/a/1-bulgaria/717372-sova-haris-pri-izbori-dnes-335-podkrepyat-radev-19-gerb-pp-db-112,"""Сова Харис"" при избори днес: 33,5% подкрепят Радев, 19% ГЕРБ, ПП-ДБ - 11,2%",09.04.2026 | 12:07 ч.,,250,ППДБ са антибългарска партия,анонимен,преди 2 дни,10,6,2026-04-11 17:06:31
dnes.bg,https://www.dnes.bg/c/604-izbori-2026,https://www.dnes.bg/a/1-bulgaria/717372-sova-haris-pri-izbori-dnes-335-podkrepyat-radev-19-gerb-pp-db-112,"""Сова Харис"" при избори днес: 33,5% подкрепят Радев, 19% ГЕРБ, ПП-ДБ - 11,2%",09.04.2026 | 12:07 ч.,,249,"Българският русофил винаги ми е бил интересен като психическо устройство. Що за чувство за самоунижение, подчинение, що за липса за идентичност, самоопределеност и свобода имат тези хора. Как стремглаво се втурват да защитават една очевидно тоталитарна, корумпирана, антидемократична империя, винаги работила против българския национален интерес, само и само да се почувстват значими, да покажат робска преданост.",анонимен,преди 2 дни,15,3,2026-04-11 17:06:34
dnes.bg,https://www.dnes.bg/c/604-izbori-2026,https://www.dnes.bg/a/1-bulgaria/717372-sova-haris-pri-izbori-dnes-335-podkrepyat-radev-19-gerb-pp-db-112,"""Сова Харис"" при избори днес: 33,5% подкрепят Радев, 19% ГЕРБ, ПП-ДБ - 11,2%",09.04.2026 | 12:07 ч.,,248,"Рашаните пишат на нашата кирилица. Ние сме им дали букви да пишат и четат. Арогантни, агресивни и нагли. Ние сме ги направили хора. Но от сифилистика Ленин оскотяха. След втората световна война им се вдигна самочувствието на вечни ""пабедители"". ""Пабедители"" с помоща на Запада, а и всичките им главатари имат имоти в Европа и изучават децата си в скъпарски западни колежи, а 'пабедителите още живеят в комуналки и ходят във външни тоалетни. К.пейкин и русофилите да заминават за Масква. Кой ги спира?",анонимен,преди 2 дни,11,1,2026-04-11 17:06:34
dnes.bg,https://www.dnes.bg/c/604-izbori-2026,https://www.dnes.bg/a/1-bulgaria/717372-sova-haris-pri-izbori-dnes-335-podkrepyat-radev-19-gerb-pp-db-112,"""Сова Харис"" при избори днес: 33,5% подкрепят Радев, 19% ГЕРБ, ПП-ДБ - 11,2%",09.04.2026 | 12:07 ч.,,247,"До: инж. павел павлов Павле, отивай при приятеля си ****кин, но си вземи кофа с вазелин, че неговите солдати много са загоряли в землянките, не смеят да си покажат кратуните да не ги удари украински дрон.",опетков,преди 2 дни,7,1,2026-04-11 17:06:34
dnes.bg,https://www.dnes.bg/c/604-izbori-2026,https://www.dnes.bg/a/1-bulgaria/717372-sova-haris-pri-izbori-dnes-335-podkrepyat-radev-19-gerb-pp-db-112,"""Сова Харис"" при избори днес: 33,5% подкрепят Радев, 19% ГЕРБ, ПП-ДБ - 11,2%",09.04.2026 | 12:07 ч.,,246,"До: До 254.... Не энам кво е эавършил yшaтия, ама като Бойко не може да фовори. Спокойна и народна реч, без отбягване на въпроси. Кога твоя отличник ще се яви на дебатите, на кръстосани въпроси да му чуем отличията",MaйMyнaта,преди 2 дни,5,1,2026-04-11 17:06:34
dnes.bg,https://www.dnes.bg/c/604-izbori-2026,https://www.dnes.bg/a/1-bulgaria/717372-sova-haris-pri-izbori-dnes-335-podkrepyat-radev-19-gerb-pp-db-112,"""Сова Харис"" при избори днес: 33,5% подкрепят Радев, 19% ГЕРБ, ПП-ДБ - 11,2%",09.04.2026 | 12:07 ч.,,245,Лъжа и измама са тия скалъппени данни,Васил,преди 2 дни,14,2,2026-04-11 17:06:34
dnes.bg,https://www.dnes.bg/c/604-izbori-2026,https://www.dnes.bg/a/1-bulgaria/717372-sova-haris-pri-izbori-dnes-335-podkrepyat-radev-19-gerb-pp-db-112,"""Сова Харис"" при избори днес: 33,5% подкрепят Радев, 19% ГЕРБ, ПП-ДБ - 11,2%",09.04.2026 | 12:07 ч.,,244,"Совата лапнала 20 000 евра и снесла следния резултат.Толкова голямо количество прости ,обаче няма",анонимен,преди 2 дни,8,2,2026-04-11 17:06:34
dnes.bg,https://www.dnes.bg/c/604-izbori-2026,https://www.dnes.bg/a/1-bulgaria/717372-sova-haris-pri-izbori-dnes-335-podkrepyat-radev-19-gerb-pp-db-112,"""Сова Харис"" при избори днес: 33,5% подкрепят Радев, 19% ГЕРБ, ПП-ДБ - 11,2%",09.04.2026 | 12:07 ч.,,243,"За Росен Миленов ще гласуват мн хора,но не мъцват за това.Бюлетина 10,За партия Нация с 18 и Възраждане с 10 това са партиите",анонимен,преди 2 дни,0,3,2026-04-11 17:06:34
dnes.bg,https://www.dnes.bg/c/604-izbori-2026,https://www.dnes.bg/a/1-bulgaria/717372-sova-haris-pri-izbori-dnes-335-podkrepyat-radev-19-gerb-pp-db-112,"""Сова Харис"" при избори днес: 33,5% подкрепят Радев, 19% ГЕРБ, ПП-ДБ - 11,2%",09.04.2026 | 12:07 ч.,,242,"До: До 261да не си му майка, че го защитаваш, има доста хора със средно образование, които са преуспяли милионери",анонимен,преди 2 дни,0,5,2026-04-11 17:06:34
dnes.bg,https://www.dnes.bg/c/604-izbori-2026,https://www.dnes.bg/a/1-bulgaria/717372-sova-haris-pri-izbori-dnes-335-podkrepyat-radev-19-gerb-pp-db-112,"""Сова Харис"" при избори днес: 33,5% подкрепят Радев, 19% ГЕРБ, ПП-ДБ - 11,2%",09.04.2026 | 12:07 ч.,,241,"Радев е завършил математическа гимназия с отличие.След това военна академия с инженерна специалност.После завърша американската школа ""Максуел""с отличие и има звезда на алеята на славата.Явно,според теб,да си пожарникар е по престижно(иначе с уважение към професията,ама който си я изпълнява).",До 254,преди 2 дни,4,10,2026-04-11 17:06:34
dnes.bg,https://www.dnes.bg/c/604-izbori-2026,https://www.dnes.bg/a/1-bulgaria/717372-sova-haris-pri-izbori-dnes-335-podkrepyat-radev-19-gerb-pp-db-112,"""Сова Харис"" при избори днес: 33,5% подкрепят Радев, 19% ГЕРБ, ПП-ДБ - 11,2%",09.04.2026 | 12:07 ч.,,240,"забелязва се масово купуване на вазелин от хора поддържащи радев , след изборите ще си изберат позата",от фейсо,преди 2 дни,14,2,2026-04-11 17:06:34
dnes.bg,https://www.dnes.bg/c/604-izbori-2026,https://www.dnes.bg/a/1-bulgaria/717372-sova-haris-pri-izbori-dnes-335-podkrepyat-radev-19-gerb-pp-db-112,"""Сова Харис"" при избори днес: 33,5% подкрепят Радев, 19% ГЕРБ, ПП-ДБ - 11,2%",09.04.2026 | 12:07 ч.,,239,"тези статистики целят да ни откажат да гласуваме ли като ни натрапват кой щял да спечели? искат да ни кажат, че както и да гласуваме, боташа ще е премиерин, а мафията мнозинството в НС?",анонимен,преди 2 дни,13,1,2026-04-11 17:06:36
dnes.bg,https://www.dnes.bg/c/604-izbori-2026,https://www.dnes.bg/a/1-bulgaria/717372-sova-haris-pri-izbori-dnes-335-podkrepyat-radev-19-gerb-pp-db-112,"""Сова Харис"" при избори днес: 33,5% подкрепят Радев, 19% ГЕРБ, ПП-ДБ - 11,2%",09.04.2026 | 12:07 ч.,,238,"Пак гласятнещо с патерица сияние то е ясно ама ,няма да го бъде",анонимен,преди 2 дни,8,1,2026-04-11 17:06:36
dnes.bg,https://www.dnes.bg/c/604-izbori-2026,https://www.dnes.bg/a/1-bulgaria/717372-sova-haris-pri-izbori-dnes-335-podkrepyat-radev-19-gerb-pp-db-112,"""Сова Харис"" при избори днес: 33,5% подкрепят Радев, 19% ГЕРБ, ПП-ДБ - 11,2%",09.04.2026 | 12:07 ч.,,237,"Абе,папагал,престани да повтаряш едни и същи глупости,че вече ни втръсна.",До 253,преди 2 дни,3,2,2026-04-11 17:06:36
dnes.bg,https://www.dnes.bg/c/604-izbori-2026,https://www.dnes.bg/a/1-bulgaria/717372-sova-haris-pri-izbori-dnes-335-podkrepyat-radev-19-gerb-pp-db-112,"""Сова Харис"" при избори днес: 33,5% подкрепят Радев, 19% ГЕРБ, ПП-ДБ - 11,2%",09.04.2026 | 12:07 ч.,,236,"Борисов е пpocт, ама Радев е 200ста пъти по пpocт...щото е военен",MaйMyнaтa,преди 2 дни,10,7,2026-04-11 17:06:36
dnes.bg,https://www.dnes.bg/c/604-izbori-2026,https://www.dnes.bg/a/1-bulgaria/717372-sova-haris-pri-izbori-dnes-335-podkrepyat-radev-19-gerb-pp-db-112,"""Сова Харис"" при избори днес: 33,5% подкрепят Радев, 19% ГЕРБ, ПП-ДБ - 11,2%",09.04.2026 | 12:07 ч.,,235,"За Пълен Потрес ще гласуват само някакви напълно заблудени разносвачи на пица и офисен планктон, дето си мислят, че е много ""Куул"" да си лилав...Нормалните хора отдавна отписахме тези продажни от.па. дъци...",Аха,преди 2 дни,8,6,2026-04-11 17:06:36
dnes.bg,https://www.dnes.bg/c/604-izbori-2026,https://www.dnes.bg/a/1-bulgaria/717372-sova-haris-pri-izbori-dnes-335-podkrepyat-radev-19-gerb-pp-db-112,"""Сова Харис"" при избори днес: 33,5% подкрепят Радев, 19% ГЕРБ, ПП-ДБ - 11,2%",09.04.2026 | 12:07 ч.,,234,"Боташ, шарлатани, Гюро- това са заслугите на радев за България",Резидента,преди 2 дни,9,3,2026-04-11 17:06:36
dnes.bg,https://www.dnes.bg/c/604-izbori-2026,https://www.dnes.bg/a/1-bulgaria/717372-sova-haris-pri-izbori-dnes-335-podkrepyat-radev-19-gerb-pp-db-112,"""Сова Харис"" при избори днес: 33,5% подкрепят Радев, 19% ГЕРБ, ПП-ДБ - 11,2%",09.04.2026 | 12:07 ч.,,233,"А пък ""приятелят""на Боко,Тръмп е на 78 и всички сме свидетели на лудостта му.",До 245,преди 2 дни,6,1,2026-04-11 17:06:36
dnes.bg,https://www.dnes.bg/c/604-izbori-2026,https://www.dnes.bg/a/1-bulgaria/717372-sova-haris-pri-izbori-dnes-335-podkrepyat-radev-19-gerb-pp-db-112,"""Сова Харис"" при избори днес: 33,5% подкрепят Радев, 19% ГЕРБ, ПП-ДБ - 11,2%",09.04.2026 | 12:07 ч.,,232,гласувайте за Радев щом искате да върнем обратно нулите на банкнотите само че в рубли,анонимен,преди 2 дни,14,4,2026-04-11 17:06:36
dnes.bg,https://www.dnes.bg/c/604-izbori-2026,https://www.dnes.bg/a/1-bulgaria/717372-sova-haris-pri-izbori-dnes-335-podkrepyat-radev-19-gerb-pp-db-112,"""Сова Харис"" при избори днес: 33,5% подкрепят Радев, 19% ГЕРБ, ПП-ДБ - 11,2%",09.04.2026 | 12:07 ч.,,231,"гласувайте за ген. Радев да си оправим потъпканите отношения с братска Русия, това ще се почувства от народа! руснаците не искат от нас войници, те искат приятели!",инж. павел павлов,преди 2 дни,1,13,2026-04-11 17:06:36
dnes.bg,https://www.dnes.bg/c/604-izbori-2026,https://www.dnes.bg/a/1-bulgaria/717372-sova-haris-pri-izbori-dnes-335-podkrepyat-radev-19-gerb-pp-db-112,"""Сова Харис"" при избори днес: 33,5% подкрепят Радев, 19% ГЕРБ, ПП-ДБ - 11,2%",09.04.2026 | 12:07 ч.,,230,Радев бил доста по млад?!? Той е с 3 години по млад от Борисов! Само че Борисов стана кмет на София още в началото на 40те си години а руския льотчок на 63 години се сетил да влиза в политиката,анонимен,преди 2 дни,9,3,2026-04-11 17:06:36
dnes.bg,https://www.dnes.bg/c/604-izbori-2026,https://www.dnes.bg/a/1-bulgaria/717372-sova-haris-pri-izbori-dnes-335-podkrepyat-radev-19-gerb-pp-db-112,"""Сова Харис"" при избори днес: 33,5% подкрепят Радев, 19% ГЕРБ, ПП-ДБ - 11,2%",09.04.2026 | 12:07 ч.,,229,"бе как 33,5% вчера бяха 49% вчера броих поддръжниците ни .",куртев,преди 2 дни,11,0,2026-04-11 17:06:39
dnes.bg,https://www.dnes.bg/c/604-izbori-2026,https://www.dnes.bg/a/1-bulgaria/717372-sova-haris-pri-izbori-dnes-335-podkrepyat-radev-19-gerb-pp-db-112,"""Сова Харис"" при избори днес: 33,5% подкрепят Радев, 19% ГЕРБ, ПП-ДБ - 11,2%",09.04.2026 | 12:07 ч.,,228,"Неудачниците, които чакат спасителя да се появи и да им напълни хладилника са много. Тарикатите, които ще ги яхнат и обяздят са олигарсите, които финансират радев. Бедния будала ще бъде пак беден, радев и неговата шайка отсега се наредиха на трапезата за голямото лапане.",Неудачници,преди 2 дни,7,1,2026-04-11 17:06:39
dnes.bg,https://www.dnes.bg/c/604-izbori-2026,https://www.dnes.bg/a/1-bulgaria/717372-sova-haris-pri-izbori-dnes-335-podkrepyat-radev-19-gerb-pp-db-112,"""Сова Харис"" при избори днес: 33,5% подкрепят Радев, 19% ГЕРБ, ПП-ДБ - 11,2%",09.04.2026 | 12:07 ч.,,227,за ххлебват софите - като едни истински цоцо цциолози,тобре,преди 2 дни,3,1,2026-04-11 17:06:39
dnes.bg,https://www.dnes.bg/c/604-izbori-2026,https://www.dnes.bg/a/1-bulgaria/717372-sova-haris-pri-izbori-dnes-335-podkrepyat-radev-19-gerb-pp-db-112,"""Сова Харис"" при избори днес: 33,5% подкрепят Радев, 19% ГЕРБ, ПП-ДБ - 11,2%",09.04.2026 | 12:07 ч.,,226,"Да,""Сияние"" е новата патерица.Ако влязат,де.",Анонимен,преди 2 дни,3,3,2026-04-11 17:06:39
dnes.bg,https://www.dnes.bg/c/604-izbori-2026,https://www.dnes.bg/a/1-bulgaria/717372-sova-haris-pri-izbori-dnes-335-podkrepyat-radev-19-gerb-pp-db-112,"""Сова Харис"" при избори днес: 33,5% подкрепят Радев, 19% ГЕРБ, ПП-ДБ - 11,2%",09.04.2026 | 12:07 ч.,,225,Всеки глас за ГЕРБ е глас за Пеевски във управлението на България.,Всеки,преди 2 дни,6,11,2026-04-11 17:06:39
dnes.bg,https://www.dnes.bg/c/604-izbori-2026,https://www.dnes.bg/a/1-bulgaria/717372-sova-haris-pri-izbori-dnes-335-podkrepyat-radev-19-gerb-pp-db-112,"""Сова Харис"" при избори днес: 33,5% подкрепят Радев, 19% ГЕРБ, ПП-ДБ - 11,2%",09.04.2026 | 12:07 ч.,,224,гласувайте за Радев щом искате да ви пращат наборници пушечно месо в Украйна,анонимен,преди 2 дни,7,3,2026-04-11 17:06:39
dnes.bg,https://www.dnes.bg/c/604-izbori-2026,https://www.dnes.bg/a/1-bulgaria/717372-sova-haris-pri-izbori-dnes-335-podkrepyat-radev-19-gerb-pp-db-112,"""Сова Харис"" при избори днес: 33,5% подкрепят Радев, 19% ГЕРБ, ПП-ДБ - 11,2%",09.04.2026 | 12:07 ч.,,223,"За Пълен Потрес ще гласуват само някакви напълно заблудени разносвачи на пица и офисен планктон, дето си мислят, че е много ""Куул"" да си лилав...Нормалните хора отдавна отписахме тези продажни от.па. дъци...",Аха,преди 2 дни,8,3,2026-04-11 17:06:39
dnes.bg,https://www.dnes.bg/c/604-izbori-2026,https://www.dnes.bg/a/1-bulgaria/717372-sova-haris-pri-izbori-dnes-335-podkrepyat-radev-19-gerb-pp-db-112,"""Сова Харис"" при избори днес: 33,5% подкрепят Радев, 19% ГЕРБ, ПП-ДБ - 11,2%",09.04.2026 | 12:07 ч.,,222,"Време е народа да подкрепи Радев. Така, че берачите за гъби да си дадат един ден почивка и да отидат да гласуват.",анонимен,преди 2 дни,6,15,2026-04-11 17:06:39
dnes.bg,https://www.dnes.bg/c/604-izbori-2026,https://www.dnes.bg/a/1-bulgaria/717372-sova-haris-pri-izbori-dnes-335-podkrepyat-radev-19-gerb-pp-db-112,"""Сова Харис"" при избори днес: 33,5% подкрепят Радев, 19% ГЕРБ, ПП-ДБ - 11,2%",09.04.2026 | 12:07 ч.,,221,Още Боташи искат хората 100%,Анонимен,преди 2 дни,9,3,2026-04-11 17:06:39
dnes.bg,https://www.dnes.bg/c/604-izbori-2026,https://www.dnes.bg/a/1-bulgaria/717372-sova-haris-pri-izbori-dnes-335-podkrepyat-radev-19-gerb-pp-db-112,"""Сова Харис"" при избори днес: 33,5% подкрепят Радев, 19% ГЕРБ, ПП-ДБ - 11,2%",09.04.2026 | 12:07 ч.,,220,"Радев да даде десятък и на бързо ще се сдобие с още вот, като пасторите пророкуват, че той ще е чакания месия.",анонимен,преди 2 дни,5,3,2026-04-11 17:06:39
dnes.bg,https://www.dnes.bg/c/604-izbori-2026,https://www.dnes.bg/a/1-bulgaria/717372-sova-haris-pri-izbori-dnes-335-podkrepyat-radev-19-gerb-pp-db-112,"""Сова Харис"" при избори днес: 33,5% подкрепят Радев, 19% ГЕРБ, ПП-ДБ - 11,2%",09.04.2026 | 12:07 ч.,,219,25 години един и същ сериал чак се чудя как не му омръзва на народа. Преди изборите 33% след изборите оставка и пак наново пак борим мафии пак драми. Докато дойде следващия месия гладен и бос и таман се нахрани и следващия,09,преди 2 дни,6,2,2026-04-11 17:06:41
dnes.bg,https://www.dnes.bg/c/604-izbori-2026,https://www.dnes.bg/a/1-bulgaria/717372-sova-haris-pri-izbori-dnes-335-podkrepyat-radev-19-gerb-pp-db-112,"""Сова Харис"" при избори днес: 33,5% подкрепят Радев, 19% ГЕРБ, ПП-ДБ - 11,2%",09.04.2026 | 12:07 ч.,,218,Радев ще вземе поне едни 40 процента според мен.Партия Сияние е създадена с цел да се разпръсква вота и да се намалява вота за Прогресивна България-,анонимен,преди 2 дни,5,14,2026-04-11 17:06:41
dnes.bg,https://www.dnes.bg/c/604-izbori-2026,https://www.dnes.bg/a/1-bulgaria/717372-sova-haris-pri-izbori-dnes-335-podkrepyat-radev-19-gerb-pp-db-112,"""Сова Харис"" при избори днес: 33,5% подкрепят Радев, 19% ГЕРБ, ПП-ДБ - 11,2%",09.04.2026 | 12:07 ч.,,217,"Така изглежда.С уважение към мъката на Николай Попов,но сам си каза,че не съжалява за участието си в ГЕРБ.Освен това плюе яростно по ПП ДБ,което потвърждава съмненията ми,че ГЕРБ си подготвиха патерица.",До 229,преди 2 дни,4,4,2026-04-11 17:06:41
dnes.bg,https://www.dnes.bg/c/604-izbori-2026,https://www.dnes.bg/a/1-bulgaria/717372-sova-haris-pri-izbori-dnes-335-podkrepyat-radev-19-gerb-pp-db-112,"""Сова Харис"" при избори днес: 33,5% подкрепят Радев, 19% ГЕРБ, ПП-ДБ - 11,2%",09.04.2026 | 12:07 ч.,,216,"След изборите Радев, копейкин и Крум зарков ще играят заедно. Те са от едно котило ( дс- бкп-кгб). И тогава постепенно забравете за ЕС и добре дошли в Съветски съюз. Няма да има бизнес и екскурзии в Италия, Испания, Франция......Няма да ходите на море в Гърция, няма евро. Ще ходите само в Масква на красная площадь да си правите селфи на мавзолея на сифилистика Ленин и на екскурзии в Сибир. Радев, копейкин и зарков ще продължат да си водят щурвите из Европа и да си трупат милионоте в евро.",Резидента,преди 2 дни,9,6,2026-04-11 17:06:41
dnes.bg,https://www.dnes.bg/c/604-izbori-2026,https://www.dnes.bg/a/1-bulgaria/717372-sova-haris-pri-izbori-dnes-335-podkrepyat-radev-19-gerb-pp-db-112,"""Сова Харис"" при избори днес: 33,5% подкрепят Радев, 19% ГЕРБ, ПП-ДБ - 11,2%",09.04.2026 | 12:07 ч.,,215,"И днес установявам, че пепедеберастите, заедно с нахраненините от ""равноотдалеченият"" от партиите гюров инфлуенсъри, са залели социалните мрежи и форумите с брутални лъжи и внушения. Е, няма да помогне нито това, нито ""нашето"" МВР на спихналата петроханска подкрепа. Иначе казано - около 7 - 7.5 процента на изборите.",анонимен,преди 2 дни,9,4,2026-04-11 17:06:41
dnes.bg,https://www.dnes.bg/c/604-izbori-2026,https://www.dnes.bg/a/1-bulgaria/717372-sova-haris-pri-izbori-dnes-335-podkrepyat-radev-19-gerb-pp-db-112,"""Сова Харис"" при избори днес: 33,5% подкрепят Радев, 19% ГЕРБ, ПП-ДБ - 11,2%",09.04.2026 | 12:07 ч.,,214,"Развалихте празниците на Борисов, сега ще вдигне кръвно.",Еееееее,преди 2 дни,4,8,2026-04-11 17:06:41
dnes.bg,https://www.dnes.bg/c/604-izbori-2026,https://www.dnes.bg/a/1-bulgaria/717372-sova-haris-pri-izbori-dnes-335-podkrepyat-radev-19-gerb-pp-db-112,"""Сова Харис"" при избори днес: 33,5% подкрепят Радев, 19% ГЕРБ, ПП-ДБ - 11,2%",09.04.2026 | 12:07 ч.,,213,Борисов е дядка - на 67 години. Радев е доста по-млад.,до 224,преди 2 дни,4,9,2026-04-11 17:06:41
dnes.bg,https://www.dnes.bg/c/604-izbori-2026,https://www.dnes.bg/a/1-bulgaria/717372-sova-haris-pri-izbori-dnes-335-podkrepyat-radev-19-gerb-pp-db-112,"""Сова Харис"" при избори днес: 33,5% подкрепят Радев, 19% ГЕРБ, ПП-ДБ - 11,2%",09.04.2026 | 12:07 ч.,,212,"Гласувайте за Радев да разбием мафията ГЕРБ-НН, която 20 години изсмуква жизнените сокове на България и краде де-що има.",анонимен,преди 2 дни,9,12,2026-04-11 17:06:41
dnes.bg,https://www.dnes.bg/c/604-izbori-2026,https://www.dnes.bg/a/1-bulgaria/717372-sova-haris-pri-izbori-dnes-335-podkrepyat-radev-19-gerb-pp-db-112,"""Сова Харис"" при избори днес: 33,5% подкрепят Радев, 19% ГЕРБ, ПП-ДБ - 11,2%",09.04.2026 | 12:07 ч.,,211,"Гледам голямото Д никакво го няма,а тиквата сипе каламбури,демек,не ми пука.Пуснсли са аватарите да им вдигат....процентите.",Анонимен,преди 2 дни,5,5,2026-04-11 17:06:41
dnes.bg,https://www.dnes.bg/c/604-izbori-2026,https://www.dnes.bg/a/1-bulgaria/717372-sova-haris-pri-izbori-dnes-335-podkrepyat-radev-19-gerb-pp-db-112,"""Сова Харис"" при избори днес: 33,5% подкрепят Радев, 19% ГЕРБ, ПП-ДБ - 11,2%",09.04.2026 | 12:07 ч.,,210,СИЯНИЕ ли ще са новото ИТН (патерица) на Тиквата и Св ин ята ?,анонимен,преди 2 дни,6,3,2026-04-11 17:06:41
dnes.bg,https://www.dnes.bg/c/604-izbori-2026,https://www.dnes.bg/a/1-bulgaria/717372-sova-haris-pri-izbori-dnes-335-podkrepyat-radev-19-gerb-pp-db-112,"""Сова Харис"" при избори днес: 33,5% подкрепят Радев, 19% ГЕРБ, ПП-ДБ - 11,2%",09.04.2026 | 12:07 ч.,,209,134 депутата. точка,кикот,преди 2 дни,4,0,2026-04-11 17:06:44
dnes.bg,https://www.dnes.bg/c/604-izbori-2026,https://www.dnes.bg/a/1-bulgaria/717372-sova-haris-pri-izbori-dnes-335-podkrepyat-radev-19-gerb-pp-db-112,"""Сова Харис"" при избори днес: 33,5% подкрепят Радев, 19% ГЕРБ, ПП-ДБ - 11,2%",09.04.2026 | 12:07 ч.,,208,"М-р Кеш Боташов разчита на турците, щото им осигури по милионче на ден.",анонимен,преди 2 дни,5,4,2026-04-11 17:06:44
dnes.bg,https://www.dnes.bg/c/604-izbori-2026,https://www.dnes.bg/a/1-bulgaria/717372-sova-haris-pri-izbori-dnes-335-podkrepyat-radev-19-gerb-pp-db-112,"""Сова Харис"" при избори днес: 33,5% подкрепят Радев, 19% ГЕРБ, ПП-ДБ - 11,2%",09.04.2026 | 12:07 ч.,,207,"Интересно - совата дават 33+ процента, а другите само 22-3",НСО,преди 2 дни,6,2,2026-04-11 17:06:44
dnes.bg,https://www.dnes.bg/c/604-izbori-2026,https://www.dnes.bg/a/1-bulgaria/717372-sova-haris-pri-izbori-dnes-335-podkrepyat-radev-19-gerb-pp-db-112,"""Сова Харис"" при избори днес: 33,5% подкрепят Радев, 19% ГЕРБ, ПП-ДБ - 11,2%",09.04.2026 | 12:07 ч.,,206,Тоя дядка Радев няма шанс. Борисов ще го разбие.,анонимен,преди 2 дни,8,5,2026-04-11 17:06:44
dnes.bg,https://www.dnes.bg/c/604-izbori-2026,https://www.dnes.bg/a/1-bulgaria/717372-sova-haris-pri-izbori-dnes-335-podkrepyat-radev-19-gerb-pp-db-112,"""Сова Харис"" при избори днес: 33,5% подкрепят Радев, 19% ГЕРБ, ПП-ДБ - 11,2%",09.04.2026 | 12:07 ч.,,205,Гербави,Анонимен,преди 2 дни,5,5,2026-04-11 17:06:44
dnes.bg,https://www.dnes.bg/c/604-izbori-2026,https://www.dnes.bg/a/1-bulgaria/717372-sova-haris-pri-izbori-dnes-335-podkrepyat-radev-19-gerb-pp-db-112,"""Сова Харис"" при избори днес: 33,5% подкрепят Радев, 19% ГЕРБ, ПП-ДБ - 11,2%",09.04.2026 | 12:07 ч.,,204,"Баце ше ги утепа, Шиши ше ги изкърти.",анонимен,преди 2 дни,6,4,2026-04-11 17:06:44
dnes.bg,https://www.dnes.bg/c/604-izbori-2026,https://www.dnes.bg/a/1-bulgaria/717372-sova-haris-pri-izbori-dnes-335-podkrepyat-radev-19-gerb-pp-db-112,"""Сова Харис"" при избори днес: 33,5% подкрепят Радев, 19% ГЕРБ, ПП-ДБ - 11,2%",09.04.2026 | 12:07 ч.,,203,"Погледнато без емоции, разликата между Радев и Борисов няма да бъде повече от 8 процента, а тази между Борисов и Василев - по-малко от 12 процента. За щастие ще имаме възможност да коментираме и след изборите.",УМЕН,преди 2 дни,1,2,2026-04-11 17:06:44
dnes.bg,https://www.dnes.bg/c/604-izbori-2026,https://www.dnes.bg/a/1-bulgaria/717372-sova-haris-pri-izbori-dnes-335-podkrepyat-radev-19-gerb-pp-db-112,"""Сова Харис"" при избори днес: 33,5% подкрепят Радев, 19% ГЕРБ, ПП-ДБ - 11,2%",09.04.2026 | 12:07 ч.,,202,Тоя гнyceн чopбар ще го изметем от политическата сцена! Само Левски!,София Запад,преди 2 дни,3,5,2026-04-11 17:06:44
dnes.bg,https://www.dnes.bg/c/604-izbori-2026,https://www.dnes.bg/a/1-bulgaria/717372-sova-haris-pri-izbori-dnes-335-podkrepyat-radev-19-gerb-pp-db-112,"""Сова Харис"" при избори днес: 33,5% подкрепят Радев, 19% ГЕРБ, ПП-ДБ - 11,2%",09.04.2026 | 12:07 ч.,,201,Възмездие за грабителите на народа с бюлетина номер 14!,анонимен,преди 2 дни,3,2,2026-04-11 17:06:44
dnes.bg,https://www.dnes.bg/c/604-izbori-2026,https://www.dnes.bg/a/1-bulgaria/717372-sova-haris-pri-izbori-dnes-335-podkrepyat-radev-19-gerb-pp-db-112,"""Сова Харис"" при избори днес: 33,5% подкрепят Радев, 19% ГЕРБ, ПП-ДБ - 11,2%",09.04.2026 | 12:07 ч.,,200,Сега Бойко трябва да му прави мръcно няколко години и да имаме избори през 3 месеца докато гpoзноватия льoтчик не стане политически тpyn,анонимен,преди 2 дни,8,2,2026-04-11 17:06:44
dnes.bg,https://www.dnes.bg/c/604-izbori-2026,https://www.dnes.bg/a/1-bulgaria/717372-sova-haris-pri-izbori-dnes-335-podkrepyat-radev-19-gerb-pp-db-112,"""Сова Харис"" при избори днес: 33,5% подкрепят Радев, 19% ГЕРБ, ПП-ДБ - 11,2%",09.04.2026 | 12:07 ч.,,199,"Щом ""Сова Харис""дава такива резултати,значи за Радев са много повече.",Анонимен,преди 2 дни,4,11,2026-04-11 17:06:46
dnes.bg,https://www.dnes.bg/c/604-izbori-2026,https://www.dnes.bg/a/1-bulgaria/717372-sova-haris-pri-izbori-dnes-335-podkrepyat-radev-19-gerb-pp-db-112,"""Сова Харис"" при избори днес: 33,5% подкрепят Радев, 19% ГЕРБ, ПП-ДБ - 11,2%",09.04.2026 | 12:07 ч.,,198,"Радев с 93-94 депутата си е баят страшничко за всеички. Ако това Сияние влезе, и се коалират с БСП и Радев ... уоу.",анонимен,преди 2 дни,2,4,2026-04-11 17:06:46
dnes.bg,https://www.dnes.bg/c/604-izbori-2026,https://www.dnes.bg/a/1-bulgaria/717372-sova-haris-pri-izbori-dnes-335-podkrepyat-radev-19-gerb-pp-db-112,"""Сова Харис"" при избори днес: 33,5% подкрепят Радев, 19% ГЕРБ, ПП-ДБ - 11,2%",09.04.2026 | 12:07 ч.,,197,Щом,Анонимен,преди 2 дни,0,0,2026-04-11 17:06:46
dnes.bg,https://www.dnes.bg/c/604-izbori-2026,https://www.dnes.bg/a/1-bulgaria/717372-sova-haris-pri-izbori-dnes-335-podkrepyat-radev-19-gerb-pp-db-112,"""Сова Харис"" при избори днес: 33,5% подкрепят Радев, 19% ГЕРБ, ПП-ДБ - 11,2%",09.04.2026 | 12:07 ч.,,196,Бившия пилот...,анонимен,преди 2 дни,4,3,2026-04-11 17:06:46
dnes.bg,https://www.dnes.bg/c/604-izbori-2026,https://www.dnes.bg/a/1-bulgaria/717372-sova-haris-pri-izbori-dnes-335-podkrepyat-radev-19-gerb-pp-db-112,"""Сова Харис"" при избори днес: 33,5% подкрепят Радев, 19% ГЕРБ, ПП-ДБ - 11,2%",09.04.2026 | 12:07 ч.,,195,"Какъв шамар го чака пилота, та чак ще мине на авто-пилот...",анонимен,преди 2 дни,17,5,2026-04-11 17:06:46
dnes.bg,https://www.dnes.bg/c/604-izbori-2026,https://www.dnes.bg/a/1-bulgaria/717372-sova-haris-pri-izbori-dnes-335-podkrepyat-radev-19-gerb-pp-db-112,"""Сова Харис"" при избори днес: 33,5% подкрепят Радев, 19% ГЕРБ, ПП-ДБ - 11,2%",09.04.2026 | 12:07 ч.,,194,"Трябва да са много зле с рейтинга ППДБ, щом с ""наше МВР"", ""наше рравителство и наша ЦИК, им дават смо 11%.",ППДБв свободен пад,преди 2 дни,9,1,2026-04-11 17:06:46
dnes.bg,https://www.dnes.bg/c/604-izbori-2026,https://www.dnes.bg/a/1-bulgaria/717372-sova-haris-pri-izbori-dnes-335-podkrepyat-radev-19-gerb-pp-db-112,"""Сова Харис"" при избори днес: 33,5% подкрепят Радев, 19% ГЕРБ, ПП-ДБ - 11,2%",09.04.2026 | 12:07 ч.,,193,"Не 33,5 %, а НАД 99,5 % е подкрепата за другаря Радев.",лъжат другари !,преди 2 дни,13,2,2026-04-11 17:06:46
dnes.bg,https://www.dnes.bg/c/604-izbori-2026,https://www.dnes.bg/a/1-bulgaria/717372-sova-haris-pri-izbori-dnes-335-podkrepyat-radev-19-gerb-pp-db-112,"""Сова Харис"" при избори днес: 33,5% подкрепят Радев, 19% ГЕРБ, ПП-ДБ - 11,2%",09.04.2026 | 12:07 ч.,,192,България за българите с бюлетина номер 14!,анонимен,преди 2 дни,1,4,2026-04-11 17:06:46
dnes.bg,https://www.dnes.bg/c/604-izbori-2026,https://www.dnes.bg/a/1-bulgaria/717372-sova-haris-pri-izbori-dnes-335-podkrepyat-radev-19-gerb-pp-db-112,"""Сова Харис"" при избори днес: 33,5% подкрепят Радев, 19% ГЕРБ, ПП-ДБ - 11,2%",09.04.2026 | 12:07 ч.,,191,"До: Генерал Лебед Ще коментираме след изборите само фактите, а не червеникавите сънища на придворния социолог. Така че си приготви носни кърпички. Много!",анонимен,преди 2 дни,9,1,2026-04-11 17:06:46
dnes.bg,https://www.dnes.bg/c/604-izbori-2026,https://www.dnes.bg/a/1-bulgaria/717372-sova-haris-pri-izbori-dnes-335-podkrepyat-radev-19-gerb-pp-db-112,"""Сова Харис"" при избори днес: 33,5% подкрепят Радев, 19% ГЕРБ, ПП-ДБ - 11,2%",09.04.2026 | 12:07 ч.,,190,"тази нещо са се объркали, проценттите на Радев са 100",xa xa xa,преди 2 дни,6,3,2026-04-11 17:06:46
dnes.bg,https://www.dnes.bg/c/604-izbori-2026,https://www.dnes.bg/a/1-bulgaria/717372-sova-haris-pri-izbori-dnes-335-podkrepyat-radev-19-gerb-pp-db-112,"""Сова Харис"" при избори днес: 33,5% подкрепят Радев, 19% ГЕРБ, ПП-ДБ - 11,2%",09.04.2026 | 12:07 ч.,,189,Пп Дб бутнали правителството ! Пак процентите падат?!Дали е 30% или 60% едни и същи резултати вадят за някой партии!!Тва при грешка над определен процент да се взимат лицензите на тия агенции !!,анонимен,преди 2 дни,5,1,2026-04-11 17:06:49
dnes.bg,https://www.dnes.bg/c/604-izbori-2026,https://www.dnes.bg/a/1-bulgaria/717372-sova-haris-pri-izbori-dnes-335-podkrepyat-radev-19-gerb-pp-db-112,"""Сова Харис"" при избори днес: 33,5% подкрепят Радев, 19% ГЕРБ, ПП-ДБ - 11,2%",09.04.2026 | 12:07 ч.,,188,Добри пари правят за реклама соцолозите. Само избори да има.,Анонимен,преди 2 дни,8,0,2026-04-11 17:06:49
dnes.bg,https://www.dnes.bg/c/604-izbori-2026,https://www.dnes.bg/a/1-bulgaria/717372-sova-haris-pri-izbori-dnes-335-podkrepyat-radev-19-gerb-pp-db-112,"""Сова Харис"" при избори днес: 33,5% подкрепят Радев, 19% ГЕРБ, ПП-ДБ - 11,2%",09.04.2026 | 12:07 ч.,,187,"До 198 И нищо не знаеш за ТУРЦИТЕ, така че мълчи!",анонимен,преди 2 дни,2,2,2026-04-11 17:06:49
dnes.bg,https://www.dnes.bg/c/604-izbori-2026,https://www.dnes.bg/a/1-bulgaria/717372-sova-haris-pri-izbori-dnes-335-podkrepyat-radev-19-gerb-pp-db-112,"""Сова Харис"" при избори днес: 33,5% подкрепят Радев, 19% ГЕРБ, ПП-ДБ - 11,2%",09.04.2026 | 12:07 ч.,,186,"До 198 КАКВО Е БЕ! МЛАКНИ, БЕ!",анонимен,преди 2 дни,0,1,2026-04-11 17:06:49
dnes.bg,https://www.dnes.bg/c/604-izbori-2026,https://www.dnes.bg/a/1-bulgaria/717372-sova-haris-pri-izbori-dnes-335-podkrepyat-radev-19-gerb-pp-db-112,"""Сова Харис"" при избори днес: 33,5% подкрепят Радев, 19% ГЕРБ, ПП-ДБ - 11,2%",09.04.2026 | 12:07 ч.,,185,Рундьо със сигурност ще вкара Банкянския в Затвора.,анонимен,преди 2 дни,0,13,2026-04-11 17:06:49
dnes.bg,https://www.dnes.bg/c/604-izbori-2026,https://www.dnes.bg/a/1-bulgaria/717372-sova-haris-pri-izbori-dnes-335-podkrepyat-radev-19-gerb-pp-db-112,"""Сова Харис"" при избори днес: 33,5% подкрепят Радев, 19% ГЕРБ, ПП-ДБ - 11,2%",09.04.2026 | 12:07 ч.,,184,"Ако чета коментарите, направо се чудя, как Радев има повече от 2% ...",анонимен,преди 2 дни,11,2,2026-04-11 17:06:49
dnes.bg,https://www.dnes.bg/c/604-izbori-2026,https://www.dnes.bg/a/1-bulgaria/717372-sova-haris-pri-izbori-dnes-335-podkrepyat-radev-19-gerb-pp-db-112,"""Сова Харис"" при избори днес: 33,5% подкрепят Радев, 19% ГЕРБ, ПП-ДБ - 11,2%",09.04.2026 | 12:07 ч.,,183,Сиание как ги слагате тия 3%Колко милиона души ще гласуват общо?Да сложиш име на коалиция на починалото ти дете е ..Турците ще си гласуват за ахмед доста със сиг няма да е 1%!,анонимен,преди 2 дни,0,5,2026-04-11 17:06:49
dnes.bg,https://www.dnes.bg/c/604-izbori-2026,https://www.dnes.bg/a/1-bulgaria/717372-sova-haris-pri-izbori-dnes-335-podkrepyat-radev-19-gerb-pp-db-112,"""Сова Харис"" при избори днес: 33,5% подкрепят Радев, 19% ГЕРБ, ПП-ДБ - 11,2%",09.04.2026 | 12:07 ч.,,182,Чекмеджан е в несвяст.Зелените Чорапи го смаза.,Генерал Лебед,преди 2 дни,3,10,2026-04-11 17:06:49
dnes.bg,https://www.dnes.bg/c/604-izbori-2026,https://www.dnes.bg/a/1-bulgaria/717372-sova-haris-pri-izbori-dnes-335-podkrepyat-radev-19-gerb-pp-db-112,"""Сова Харис"" при избори днес: 33,5% подкрепят Радев, 19% ГЕРБ, ПП-ДБ - 11,2%",09.04.2026 | 12:07 ч.,,181,НАУЧИ БЪЛГАРСКИ!!!:))),До 194,преди 2 дни,1,0,2026-04-11 17:06:49
dnes.bg,https://www.dnes.bg/c/604-izbori-2026,https://www.dnes.bg/a/1-bulgaria/717372-sova-haris-pri-izbori-dnes-335-podkrepyat-radev-19-gerb-pp-db-112,"""Сова Харис"" при избори днес: 33,5% подкрепят Радев, 19% ГЕРБ, ПП-ДБ - 11,2%",09.04.2026 | 12:07 ч.,,180,"тази нещо са се объркали, проценттите на Радев са 43",анонимен,преди 2 дни,2,3,2026-04-11 17:06:49
dnes.bg,https://www.dnes.bg/c/604-izbori-2026,https://www.dnes.bg/a/1-bulgaria/717372-sova-haris-pri-izbori-dnes-335-podkrepyat-radev-19-gerb-pp-db-112,"""Сова Харис"" при избори днес: 33,5% подкрепят Радев, 19% ГЕРБ, ПП-ДБ - 11,2%",09.04.2026 | 12:07 ч.,,179,Щом най корумпираните кадри на ПП-ДБ са още на постове в държавата ми е интересно кои ще гласува за тази пропаднала партия изградена от слугинаж на пеевски,анонимен,преди 2 дни,8,6,2026-04-11 17:06:51
dnes.bg,https://www.dnes.bg/c/604-izbori-2026,https://www.dnes.bg/a/1-bulgaria/717372-sova-haris-pri-izbori-dnes-335-podkrepyat-radev-19-gerb-pp-db-112,"""Сова Харис"" при избори днес: 33,5% подкрепят Радев, 19% ГЕРБ, ПП-ДБ - 11,2%",09.04.2026 | 12:07 ч.,,178,"Балонът Радев се надува, надува, надува....от оня, чието име не трябва да се споменава!!! А именно - ФСБ и дългата ръка на Решетников!",Мислете!!!!,преди 2 дни,16,3,2026-04-11 17:06:51
dnes.bg,https://www.dnes.bg/c/604-izbori-2026,https://www.dnes.bg/a/1-bulgaria/717372-sova-haris-pri-izbori-dnes-335-podkrepyat-radev-19-gerb-pp-db-112,"""Сова Харис"" при избори днес: 33,5% подкрепят Радев, 19% ГЕРБ, ПП-ДБ - 11,2%",09.04.2026 | 12:07 ч.,,177,РОЗОВИ ПРАСЕНЦА,КОЧИНКАТА Е РОССИЯ,преди 2 дни,8,2,2026-04-11 17:06:51
dnes.bg,https://www.dnes.bg/c/604-izbori-2026,https://www.dnes.bg/a/1-bulgaria/717372-sova-haris-pri-izbori-dnes-335-podkrepyat-radev-19-gerb-pp-db-112,"""Сова Харис"" при избори днес: 33,5% подкрепят Радев, 19% ГЕРБ, ПП-ДБ - 11,2%",09.04.2026 | 12:07 ч.,,176,Браво на Мистър КЕШ.И аз ще дам гласа си за Рундьо.,Ефрейтор Николов,преди 2 дни,3,10,2026-04-11 17:06:51
dnes.bg,https://www.dnes.bg/c/604-izbori-2026,https://www.dnes.bg/a/1-bulgaria/717372-sova-haris-pri-izbori-dnes-335-podkrepyat-radev-19-gerb-pp-db-112,"""Сова Харис"" при избори днес: 33,5% подкрепят Радев, 19% ГЕРБ, ПП-ДБ - 11,2%",09.04.2026 | 12:07 ч.,,175,"Регионализъм и подкрепа за местните производители, вместо глобализъм и ограбване! С бюлетина номер 14!",анонимен,преди 2 дни,1,2,2026-04-11 17:06:51
dnes.bg,https://www.dnes.bg/c/604-izbori-2026,https://www.dnes.bg/a/1-bulgaria/717372-sova-haris-pri-izbori-dnes-335-podkrepyat-radev-19-gerb-pp-db-112,"""Сова Харис"" при избори днес: 33,5% подкрепят Радев, 19% ГЕРБ, ПП-ДБ - 11,2%",09.04.2026 | 12:07 ч.,,174,Успех на ГЕРБ на изборите ! Не на про-руската партия Боташ и петроханските и сателити !,@ @ @,преди 2 дни,12,6,2026-04-11 17:06:51
dnes.bg,https://www.dnes.bg/c/604-izbori-2026,https://www.dnes.bg/a/1-bulgaria/717372-sova-haris-pri-izbori-dnes-335-podkrepyat-radev-19-gerb-pp-db-112,"""Сова Харис"" при избори днес: 33,5% подкрепят Радев, 19% ГЕРБ, ПП-ДБ - 11,2%",09.04.2026 | 12:07 ч.,,173,"ЕВРОПА СЛЕД НЕГО, ШЕ СЕ ЗАНИМАВА С РАДЕВ.... ТОГАВА СОВАТА ДРУГА ПЕСЕН ШЕ ЗАПЕЕ.",ОРБАН ГУБИ ИЗБОРИТЕ,преди 2 дни,8,2,2026-04-11 17:06:51
dnes.bg,https://www.dnes.bg/c/604-izbori-2026,https://www.dnes.bg/a/1-bulgaria/717372-sova-haris-pri-izbori-dnes-335-podkrepyat-radev-19-gerb-pp-db-112,"""Сова Харис"" при избори днес: 33,5% подкрепят Радев, 19% ГЕРБ, ПП-ДБ - 11,2%",09.04.2026 | 12:07 ч.,,172,"Лъжете сови, орли и ястреби! Ама много лъжете! Не си мислете, че народът е ***! Радев ще има тези резуртати, само ако си ги купи! Възможно е, вече НЕГОВАТА ОРИГАРХИЯ: Бобокови, Копринков, Гергов, да са ги напазарували! Жалко ще е, този злобен човечец Радев, да продължава да въргти държавата на шиш?!",анонимен,преди 2 дни,10,1,2026-04-11 17:06:51
dnes.bg,https://www.dnes.bg/c/604-izbori-2026,https://www.dnes.bg/a/1-bulgaria/717372-sova-haris-pri-izbori-dnes-335-podkrepyat-radev-19-gerb-pp-db-112,"""Сова Харис"" при избори днес: 33,5% подкрепят Радев, 19% ГЕРБ, ПП-ДБ - 11,2%",09.04.2026 | 12:07 ч.,,171,този пилот вземе ли властта ще се опита да направи и президентска република и ептен ще пусне корени завинаги,анонимен,преди 2 дни,9,1,2026-04-11 17:06:51
dnes.bg,https://www.dnes.bg/c/604-izbori-2026,https://www.dnes.bg/a/1-bulgaria/717372-sova-haris-pri-izbori-dnes-335-podkrepyat-radev-19-gerb-pp-db-112,"""Сова Харис"" при избори днес: 33,5% подкрепят Радев, 19% ГЕРБ, ПП-ДБ - 11,2%",09.04.2026 | 12:07 ч.,,170,Давай Радев! Изрини кочинката!,анонимен,преди 2 дни,2,13,2026-04-11 17:06:51
dnes.bg,https://www.dnes.bg/c/604-izbori-2026,https://www.dnes.bg/a/1-bulgaria/717372-sova-haris-pri-izbori-dnes-335-podkrepyat-radev-19-gerb-pp-db-112,"""Сова Харис"" при избори днес: 33,5% подкрепят Радев, 19% ГЕРБ, ПП-ДБ - 11,2%",09.04.2026 | 12:07 ч.,,169,"До: Архивите са живиЩе си счупиш пръстите от зор,украински просещ архивар.",анонимен,преди 2 дни,2,5,2026-04-11 17:06:54
dnes.bg,https://www.dnes.bg/c/604-izbori-2026,https://www.dnes.bg/a/1-bulgaria/717372-sova-haris-pri-izbori-dnes-335-podkrepyat-radev-19-gerb-pp-db-112,"""Сова Харис"" при избори днес: 33,5% подкрепят Радев, 19% ГЕРБ, ПП-ДБ - 11,2%",09.04.2026 | 12:07 ч.,,168,"За Радев е по-важна Русия от България. Говори срещу ППДБ, а за Бирисов и Шиши се снишава. Те могат да купуват избори, но за Радев е проблем, че Гюров е поискал помощ ЕС за намесата на Русия в изборите, както правят руснаците и в Унгария за победа на Орбан.",анонимен,преди 2 дни,13,5,2026-04-11 17:06:54
dnes.bg,https://www.dnes.bg/c/604-izbori-2026,https://www.dnes.bg/a/1-bulgaria/717372-sova-haris-pri-izbori-dnes-335-podkrepyat-radev-19-gerb-pp-db-112,"""Сова Харис"" при избори днес: 33,5% подкрепят Радев, 19% ГЕРБ, ПП-ДБ - 11,2%",09.04.2026 | 12:07 ч.,,167,"""Президентът Румен Радев има всички заслуги и напълно отговаря на условията да бъде удостоен със званието ПОЧЕТЕН ГРАЖДАНИН НА РУСКАТА ФЕДЕРАЦИЯ. Той ЯСНО РАЗБИРА ПОЛИТИКАТА, КОЯТО ВОДИ ВЛАДИМИР ПУТИН, а тя е да се установи нов световен ред и военната операция в Украйна да завърши с МИРНИ ПРЕГОВОРИ , като се изпълнят УСЛОВИЯТА НА МОСКВА.""Генерал Леонид Решетников17.02.2025",Архивите са живи,преди 2 дни,13,4,2026-04-11 17:06:54
dnes.bg,https://www.dnes.bg/c/604-izbori-2026,https://www.dnes.bg/a/1-bulgaria/717372-sova-haris-pri-izbori-dnes-335-podkrepyat-radev-19-gerb-pp-db-112,"""Сова Харис"" при избори днес: 33,5% подкрепят Радев, 19% ГЕРБ, ПП-ДБ - 11,2%",09.04.2026 | 12:07 ч.,,166,Реални мерки срещу ромската престъпност с бюлетина номер 14!,анонимен,преди 2 дни,2,2,2026-04-11 17:06:54
dnes.bg,https://www.dnes.bg/c/604-izbori-2026,https://www.dnes.bg/a/1-bulgaria/717372-sova-haris-pri-izbori-dnes-335-podkrepyat-radev-19-gerb-pp-db-112,"""Сова Харис"" при избори днес: 33,5% подкрепят Радев, 19% ГЕРБ, ПП-ДБ - 11,2%",09.04.2026 | 12:07 ч.,,165,"Предлагам МЕЖДУ ВСИЧКИ който поддържат и гласуват за Фигуранта да се дели задължението на България към Боташ ! Щом са съгласни с тази далавера , явно имат много излишни пари !",резонно е,преди 2 дни,10,6,2026-04-11 17:06:54
dnes.bg,https://www.dnes.bg/c/604-izbori-2026,https://www.dnes.bg/a/1-bulgaria/717372-sova-haris-pri-izbori-dnes-335-podkrepyat-radev-19-gerb-pp-db-112,"""Сова Харис"" при избори днес: 33,5% подкрепят Радев, 19% ГЕРБ, ПП-ДБ - 11,2%",09.04.2026 | 12:07 ч.,,164,"Той създаде ПП и ги пусна срещу ГЕРБ на протестите. Свалиха Борисов, направихме правителство. Съюзи се с ГЕРБ, за да свали нашето правителство. След това започна да създава други партии, сега се говори, че си създава кметска партия, за да участва на местни избори. Не изключвам да е заложил някакви мини на новия кабинет.Още когато президентът създаде ""Продължаваме промяната"" казахме, че това е изкуствен проект, който да се намеси в политическия живот.06.06.2023",Архивите са живи,преди 2 дни,6,2,2026-04-11 17:06:54
dnes.bg,https://www.dnes.bg/c/604-izbori-2026,https://www.dnes.bg/a/1-bulgaria/717372-sova-haris-pri-izbori-dnes-335-podkrepyat-radev-19-gerb-pp-db-112,"""Сова Харис"" при избори днес: 33,5% подкрепят Радев, 19% ГЕРБ, ПП-ДБ - 11,2%",09.04.2026 | 12:07 ч.,,163,Саит не можеш да прочетеш едно българско мнение от наглите миризливи просяци на зеления клоун,В тоя,преди 2 дни,6,5,2026-04-11 17:06:54
dnes.bg,https://www.dnes.bg/c/604-izbori-2026,https://www.dnes.bg/a/1-bulgaria/717372-sova-haris-pri-izbori-dnes-335-podkrepyat-radev-19-gerb-pp-db-112,"""Сова Харис"" при избори днес: 33,5% подкрепят Радев, 19% ГЕРБ, ПП-ДБ - 11,2%",09.04.2026 | 12:07 ч.,,162,"Румен Радев, 1 май 2022 г.: Наш патриотичен дълг е да не допуснем въвличането на родината ни във войната и да не допуснем изнасянето на оръжия за Украйна.Факт: Февруари 2023 г. България достига рекорден износ на оръжие за Украйна именно при служебен кабинет на Радев.",Лъжите на Радев,преди 2 дни,7,3,2026-04-11 17:06:54
dnes.bg,https://www.dnes.bg/c/604-izbori-2026,https://www.dnes.bg/a/1-bulgaria/717372-sova-haris-pri-izbori-dnes-335-podkrepyat-radev-19-gerb-pp-db-112,"""Сова Харис"" при избори днес: 33,5% подкрепят Радев, 19% ГЕРБ, ПП-ДБ - 11,2%",09.04.2026 | 12:07 ч.,,161,Много ;хора наследствено увредени ще гласуват за сина на Т. Живков!,анонимен,преди 2 дни,7,2,2026-04-11 17:06:54
dnes.bg,https://www.dnes.bg/c/604-izbori-2026,https://www.dnes.bg/a/1-bulgaria/717372-sova-haris-pri-izbori-dnes-335-podkrepyat-radev-19-gerb-pp-db-112,"""Сова Харис"" при избори днес: 33,5% подкрепят Радев, 19% ГЕРБ, ПП-ДБ - 11,2%",09.04.2026 | 12:07 ч.,,160,"Радев пропиля два президентски мандата в обслужването на чужди за България интереси. Руски интереси! А имаше възможност да се превърне в лидер на българската нация. Да я води напред и нагоре. Вместо това от 2016 година сее в българското общество разделение и хаос, всява страхове от несъществуващи заплахи! Договорът му с Боташ налива всеки ден по 550 000 евро на турците. А с искането си за референдум за еврото за пореден път саботира интеграцията на страната в ЕС. Вреден и опасен за България.",анонимен,преди 2 дни,14,5,2026-04-11 17:06:54
dnes.bg,https://www.dnes.bg/c/604-izbori-2026,https://www.dnes.bg/a/1-bulgaria/717372-sova-haris-pri-izbori-dnes-335-podkrepyat-radev-19-gerb-pp-db-112,"""Сова Харис"" при избори днес: 33,5% подкрепят Радев, 19% ГЕРБ, ПП-ДБ - 11,2%",09.04.2026 | 12:07 ч.,,159,"Румен Георгиевич съвсем съзнателно и планомерно разединява нацията, изпълнявайки руската стратегия за хибридна война срещу България.",анонимен,преди 2 дни,12,4,2026-04-11 17:06:57
dnes.bg,https://www.dnes.bg/c/604-izbori-2026,https://www.dnes.bg/a/1-bulgaria/717372-sova-haris-pri-izbori-dnes-335-podkrepyat-radev-19-gerb-pp-db-112,"""Сова Харис"" при избори днес: 33,5% подкрепят Радев, 19% ГЕРБ, ПП-ДБ - 11,2%",09.04.2026 | 12:07 ч.,,158,"Румен Радев, Румен Петков, Румен Овчаров, Румен Гечев. Май има някаква тежка прокоба, всеки, който носи името Румен да е русофил и национален предател! Допълнете наблюденията ми ако съм изпуснал някого.",анонимен,преди 2 дни,13,3,2026-04-11 17:06:57
dnes.bg,https://www.dnes.bg/c/604-izbori-2026,https://www.dnes.bg/a/1-bulgaria/717372-sova-haris-pri-izbori-dnes-335-podkrepyat-radev-19-gerb-pp-db-112,"""Сова Харис"" при избори днес: 33,5% подкрепят Радев, 19% ГЕРБ, ПП-ДБ - 11,2%",09.04.2026 | 12:07 ч.,,157,"Радев е дребнав и отмъстителен човечец, с огромно его, нисък интелект, тежък морален дефицит и силни руски зависимости. И трябва да имаш IQ по малък от номера на обувките си за да подкрепяш и защитаваш това подло и нагло същество.",анонимен,преди 2 дни,11,3,2026-04-11 17:06:57
dnes.bg,https://www.dnes.bg/c/604-izbori-2026,https://www.dnes.bg/a/1-bulgaria/717372-sova-haris-pri-izbori-dnes-335-podkrepyat-radev-19-gerb-pp-db-112,"""Сова Харис"" при избори днес: 33,5% подкрепят Радев, 19% ГЕРБ, ПП-ДБ - 11,2%",09.04.2026 | 12:07 ч.,,156,"Фигуранта води бългаpската и рускатa комунистически мафии, гладни и жадни за реванш. Все пак доста милиони не само от български олигарси , а и от Русия са вложени за завладяване на държавата ни.",Регресивна България,преди 2 дни,12,3,2026-04-11 17:06:57
dnes.bg,https://www.dnes.bg/c/604-izbori-2026,https://www.dnes.bg/a/1-bulgaria/717372-sova-haris-pri-izbori-dnes-335-podkrepyat-radev-19-gerb-pp-db-112,"""Сова Харис"" при избори днес: 33,5% подкрепят Радев, 19% ГЕРБ, ПП-ДБ - 11,2%",09.04.2026 | 12:07 ч.,,155,"До 152: не губи време, спешно отиди да се прегледаш! В напреднал стадий на оглупяване си!,,",анонимен,преди 2 дни,0,1,2026-04-11 17:06:57
dnes.bg,https://www.dnes.bg/c/604-izbori-2026,https://www.dnes.bg/a/1-bulgaria/717372-sova-haris-pri-izbori-dnes-335-podkrepyat-radev-19-gerb-pp-db-112,"""Сова Харис"" при избори днес: 33,5% подкрепят Радев, 19% ГЕРБ, ПП-ДБ - 11,2%",09.04.2026 | 12:07 ч.,,154,"В момента наблюдаваме колективно надува не от страна на пропагандатори, политолози, социолози и прочие експерти на балона ""Радев"", който ще се спука на изборите.",Доротея,преди 2 дни,10,2,2026-04-11 17:06:57
dnes.bg,https://www.dnes.bg/c/604-izbori-2026,https://www.dnes.bg/a/1-bulgaria/717372-sova-haris-pri-izbori-dnes-335-podkrepyat-radev-19-gerb-pp-db-112,"""Сова Харис"" при избори днес: 33,5% подкрепят Радев, 19% ГЕРБ, ПП-ДБ - 11,2%",09.04.2026 | 12:07 ч.,,153,Да направим България отново ВЕЛИКА с бюлетина номер 14!,анонимен,преди 2 дни,2,3,2026-04-11 17:06:57
dnes.bg,https://www.dnes.bg/c/604-izbori-2026,https://www.dnes.bg/a/1-bulgaria/717372-sova-haris-pri-izbori-dnes-335-podkrepyat-radev-19-gerb-pp-db-112,"""Сова Харис"" при избори днес: 33,5% подкрепят Радев, 19% ГЕРБ, ПП-ДБ - 11,2%",09.04.2026 | 12:07 ч.,,152,Не случайно Радев даде служебния кабинет на ПП-ДБ. Те ще му върнат услугата след изборите като подкрепят неговия редовен кабинет.,анонимен,преди 2 дни,7,3,2026-04-11 17:06:57
dnes.bg,https://www.dnes.bg/c/604-izbori-2026,https://www.dnes.bg/a/1-bulgaria/717372-sova-haris-pri-izbori-dnes-335-podkrepyat-radev-19-gerb-pp-db-112,"""Сова Харис"" при избори днес: 33,5% подкрепят Радев, 19% ГЕРБ, ПП-ДБ - 11,2%",09.04.2026 | 12:07 ч.,,151,"И като дойде Свети Румен, новият СПАСИТЕЛ, ще рече:"" Отдайте еврото на Брюксел а ЛЕВЪТ на българите и очаквайте БРИКС, братска Русия и рублата""! И много хора ще се почудят на чутото от Него. И ще повярват, че той е СПАСИТЕЛЯТ! Евангелие от Решетников 12:15",Истина Ви казвам,преди 2 дни,7,2,2026-04-11 17:06:57
dnes.bg,https://www.dnes.bg/c/604-izbori-2026,https://www.dnes.bg/a/1-bulgaria/717372-sova-haris-pri-izbori-dnes-335-podkrepyat-radev-19-gerb-pp-db-112,"""Сова Харис"" при избори днес: 33,5% подкрепят Радев, 19% ГЕРБ, ПП-ДБ - 11,2%",09.04.2026 | 12:07 ч.,,150,До: ДоротеяЕ нагъл миризлив украински просяк,анонимен,преди 2 дни,3,3,2026-04-11 17:06:57
dnes.bg,https://www.dnes.bg/c/604-izbori-2026,https://www.dnes.bg/a/1-bulgaria/717372-sova-haris-pri-izbori-dnes-335-podkrepyat-radev-19-gerb-pp-db-112,"""Сова Харис"" при избори днес: 33,5% подкрепят Радев, 19% ГЕРБ, ПП-ДБ - 11,2%",09.04.2026 | 12:07 ч.,,149,"Стратегията и тактиката на Румен Георгиевич се пишат в Москва! Казаха му да е против помощта за Украйна и той ни проглуши ушите, че мирът се постигал с дипломация и Русия не може да бъде победена. Казаха му да иска референдум за еврото и той поиска референдум и то на знаковата дата ""Денят на Европа"" за нас и ""День победы"" за русофилите. Казаха му да ""скача"" в политиката и той скочи. Ако утре му кажат да подпали България ще го направи немедленно. Изобщо не се съмнявайте!",Петко,преди 2 дни,9,1,2026-04-11 17:07:00
dnes.bg,https://www.dnes.bg/c/604-izbori-2026,https://www.dnes.bg/a/1-bulgaria/717372-sova-haris-pri-izbori-dnes-335-podkrepyat-radev-19-gerb-pp-db-112,"""Сова Харис"" при избори днес: 33,5% подкрепят Радев, 19% ГЕРБ, ПП-ДБ - 11,2%",09.04.2026 | 12:07 ч.,,148,"Румен Георгиевич е прогресивен разделител. Без особен интелект и хапизва, но точно такъв ни трябва на нас!",Тьотя Мутрафонова,преди 2 дни,7,2,2026-04-11 17:07:00
dnes.bg,https://www.dnes.bg/c/604-izbori-2026,https://www.dnes.bg/a/1-bulgaria/717372-sova-haris-pri-izbori-dnes-335-podkrepyat-radev-19-gerb-pp-db-112,"""Сова Харис"" при избори днес: 33,5% подкрепят Радев, 19% ГЕРБ, ПП-ДБ - 11,2%",09.04.2026 | 12:07 ч.,,147,"До: Ха-ха-хаДа зомболака пак си повярва сега остана да каже,че не сме искали еврото заради Русия.",анонимен,преди 2 дни,1,1,2026-04-11 17:07:00
dnes.bg,https://www.dnes.bg/c/604-izbori-2026,https://www.dnes.bg/a/1-bulgaria/717372-sova-haris-pri-izbori-dnes-335-podkrepyat-radev-19-gerb-pp-db-112,"""Сова Харис"" при избори днес: 33,5% подкрепят Радев, 19% ГЕРБ, ПП-ДБ - 11,2%",09.04.2026 | 12:07 ч.,,146,"Всичко, което е над 15% за радеФ е МАНИПУЛАЦИЯ И ИЗМАМА! Вече 82 год. престъпленията на ушанките се приемат за даденост! Планктона падна много ниско!",анонимен,преди 2 дни,9,1,2026-04-11 17:07:00
dnes.bg,https://www.dnes.bg/c/604-izbori-2026,https://www.dnes.bg/a/1-bulgaria/717372-sova-haris-pri-izbori-dnes-335-podkrepyat-radev-19-gerb-pp-db-112,"""Сова Харис"" при избори днес: 33,5% подкрепят Радев, 19% ГЕРБ, ПП-ДБ - 11,2%",09.04.2026 | 12:07 ч.,,145,"Който плаща той поръчва музиката! Така , че като се бръкнеш дълбоко в джоба може да имаш и 99.99 процента в проучванията . А агент Боташ е добре подплатен, aма явно си е голяма скръндза щом само за 33 процента се е пазарил.",мюрето на Мацква,преди 2 дни,8,1,2026-04-11 17:07:00
dnes.bg,https://www.dnes.bg/c/604-izbori-2026,https://www.dnes.bg/a/1-bulgaria/717372-sova-haris-pri-izbori-dnes-335-podkrepyat-radev-19-gerb-pp-db-112,"""Сова Харис"" при избори днес: 33,5% подкрепят Радев, 19% ГЕРБ, ПП-ДБ - 11,2%",09.04.2026 | 12:07 ч.,,144,"До: анонимен141 Е те сега са тук и просят за зеля,а България са я виждали само на картата",анонимен,преди 2 дни,2,2,2026-04-11 17:07:00
dnes.bg,https://www.dnes.bg/c/604-izbori-2026,https://www.dnes.bg/a/1-bulgaria/717372-sova-haris-pri-izbori-dnes-335-podkrepyat-radev-19-gerb-pp-db-112,"""Сова Харис"" при избори днес: 33,5% подкрепят Радев, 19% ГЕРБ, ПП-ДБ - 11,2%",09.04.2026 | 12:07 ч.,,143,Ще галсувам за някой който досега не е бил във властта заедно с Бойко и Пеевски.,анонимен,преди 2 дни,1,4,2026-04-11 17:07:00
dnes.bg,https://www.dnes.bg/c/604-izbori-2026,https://www.dnes.bg/a/1-bulgaria/717372-sova-haris-pri-izbori-dnes-335-podkrepyat-radev-19-gerb-pp-db-112,"""Сова Харис"" при избори днес: 33,5% подкрепят Радев, 19% ГЕРБ, ПП-ДБ - 11,2%",09.04.2026 | 12:07 ч.,,142,"Номер 14 е алтернативата, всичко друго отива в една и съща урна",анонимен,преди 2 дни,1,0,2026-04-11 17:07:00
dnes.bg,https://www.dnes.bg/c/604-izbori-2026,https://www.dnes.bg/a/1-bulgaria/717372-sova-haris-pri-izbori-dnes-335-podkrepyat-radev-19-gerb-pp-db-112,"""Сова Харис"" при избори днес: 33,5% подкрепят Радев, 19% ГЕРБ, ПП-ДБ - 11,2%",09.04.2026 | 12:07 ч.,,141,"Не вярвам на Радев, но ше гласувам за него, защото е престъпление да гласувам за мутромафията и защото искам да дам ШАНС на децата да имат по-културна и европейска държава!!!!",анонимен,преди 2 дни,4,5,2026-04-11 17:07:00
dnes.bg,https://www.dnes.bg/c/604-izbori-2026,https://www.dnes.bg/a/1-bulgaria/717372-sova-haris-pri-izbori-dnes-335-podkrepyat-radev-19-gerb-pp-db-112,"""Сова Харис"" при избори днес: 33,5% подкрепят Радев, 19% ГЕРБ, ПП-ДБ - 11,2%",09.04.2026 | 12:07 ч.,,140,До: Ха-ха-ха още ли си тук бе украински кукундрел,анонимен,преди 2 дни,3,2,2026-04-11 17:07:00
dnes.bg,https://www.dnes.bg/c/604-izbori-2026,https://www.dnes.bg/a/1-bulgaria/717372-sova-haris-pri-izbori-dnes-335-podkrepyat-radev-19-gerb-pp-db-112,"""Сова Харис"" при избори днес: 33,5% подкрепят Радев, 19% ГЕРБ, ПП-ДБ - 11,2%",09.04.2026 | 12:07 ч.,,139,Кой тпанар би гласувал за Сияние?,Светулката,преди 2 дни,5,2,2026-04-11 17:07:03
dnes.bg,https://www.dnes.bg/c/604-izbori-2026,https://www.dnes.bg/a/1-bulgaria/717372-sova-haris-pri-izbori-dnes-335-podkrepyat-radev-19-gerb-pp-db-112,"""Сова Харис"" при избори днес: 33,5% подкрепят Радев, 19% ГЕРБ, ПП-ДБ - 11,2%",09.04.2026 | 12:07 ч.,,138,"Радев е един миризлив запъртък, който десет години живее с мисълта, че е яйце на Фаберже. Е, ще му се наложи да разбере по трудният начин каква двойна нула е всъщност!",Доротея,преди 2 дни,5,5,2026-04-11 17:07:03
dnes.bg,https://www.dnes.bg/c/604-izbori-2026,https://www.dnes.bg/a/1-bulgaria/717372-sova-haris-pri-izbori-dnes-335-podkrepyat-radev-19-gerb-pp-db-112,"""Сова Харис"" при избори днес: 33,5% подкрепят Радев, 19% ГЕРБ, ПП-ДБ - 11,2%",09.04.2026 | 12:07 ч.,,137,"Служебното правителстов, кофти... Дрън-дрън! И кво му е кофтито след като работи чрез МВР за Радев под формата ""честен вот"". Ми, Гюров бе посочен от кого? А, така, от Йотова;))) Вие, знаете ли, че Радев е фен на силовата структура МВР и ако състави правителсртво отиваме към диктатура? не сте нясно, защото не сте му яли дарадонките на този и неговите хора! Иначе, по медиите гопвори благо и са прай на велик! Гюров с МВР вдига процентите на Радев! ""Ала-бала"" с ""президента""!",Тенгри кан Владетел,преди 2 дни,3,1,2026-04-11 17:07:03
dnes.bg,https://www.dnes.bg/c/604-izbori-2026,https://www.dnes.bg/a/1-bulgaria/717372-sova-haris-pri-izbori-dnes-335-podkrepyat-radev-19-gerb-pp-db-112,"""Сова Харис"" при избори днес: 33,5% подкрепят Радев, 19% ГЕРБ, ПП-ДБ - 11,2%",09.04.2026 | 12:07 ч.,,136,"До: Шегаджията-срита, а не счита. *** телефон.",анонимен,преди 2 дни,0,0,2026-04-11 17:07:03
dnes.bg,https://www.dnes.bg/c/604-izbori-2026,https://www.dnes.bg/a/1-bulgaria/717372-sova-haris-pri-izbori-dnes-335-podkrepyat-radev-19-gerb-pp-db-112,"""Сова Харис"" при избори днес: 33,5% подкрепят Радев, 19% ГЕРБ, ПП-ДБ - 11,2%",09.04.2026 | 12:07 ч.,,135,"Колкото повече кал се хвърля по Радев, толкова повече хора се убеждават, че именно за него трябва да гласуват. Факт!",анонимен,преди 2 дни,3,4,2026-04-11 17:07:03
dnes.bg,https://www.dnes.bg/c/604-izbori-2026,https://www.dnes.bg/a/1-bulgaria/717372-sova-haris-pri-izbori-dnes-335-podkrepyat-radev-19-gerb-pp-db-112,"""Сова Харис"" при избори днес: 33,5% подкрепят Радев, 19% ГЕРБ, ПП-ДБ - 11,2%",09.04.2026 | 12:07 ч.,,134,До: МунчоОще ли си тук просещ уркунчо,анонимен,преди 2 дни,1,0,2026-04-11 17:07:03
dnes.bg,https://www.dnes.bg/c/604-izbori-2026,https://www.dnes.bg/a/1-bulgaria/717372-sova-haris-pri-izbori-dnes-335-podkrepyat-radev-19-gerb-pp-db-112,"""Сова Харис"" при избори днес: 33,5% подкрепят Радев, 19% ГЕРБ, ПП-ДБ - 11,2%",09.04.2026 | 12:07 ч.,,133,"Назначеният като особен управител на Лукойл Румен Спецов се разписва месечно (не годишно, месечно) на заплата 90 хиляди евро (180 хил лева).",анонимен,преди 2 дни,5,0,2026-04-11 17:07:03
dnes.bg,https://www.dnes.bg/c/604-izbori-2026,https://www.dnes.bg/a/1-bulgaria/717372-sova-haris-pri-izbori-dnes-335-podkrepyat-radev-19-gerb-pp-db-112,"""Сова Харис"" при избори днес: 33,5% подкрепят Радев, 19% ГЕРБ, ПП-ДБ - 11,2%",09.04.2026 | 12:07 ч.,,132,"Това споразумение с Украйна-питали са в министерството на Надето. Не са посмели службашите. Много повече е неодобрението. А на майтап ще гласувам за един дето им пусна записите за ала бала и посмя да счита турчин. Е фурнаджияэе и не го бива с крошетата, но едва ли ще влезе. Румба-късно се отказа от ПП. Не ти вярвам. А и сегашния служебен кабинет.... Жалко.",Шегаджията,преди 2 дни,1,1,2026-04-11 17:07:03
dnes.bg,https://www.dnes.bg/c/604-izbori-2026,https://www.dnes.bg/a/1-bulgaria/717372-sova-haris-pri-izbori-dnes-335-podkrepyat-radev-19-gerb-pp-db-112,"""Сова Харис"" при избори днес: 33,5% подкрепят Радев, 19% ГЕРБ, ПП-ДБ - 11,2%",09.04.2026 | 12:07 ч.,,131,При Радев няма олигарси а прогресивни индустриалци. Олигархията се бори най-добре като сложиш синовете на олигарсите в листите на прогресивна България. Десетки български пенсионери и безработни са отделили по 600 евро за да помогнат прогресивния му проект!,Ха-ха-ха,преди 2 дни,3,1,2026-04-11 17:07:03
dnes.bg,https://www.dnes.bg/c/604-izbori-2026,https://www.dnes.bg/a/1-bulgaria/717372-sova-haris-pri-izbori-dnes-335-podkrepyat-radev-19-gerb-pp-db-112,"""Сова Харис"" при избори днес: 33,5% подкрепят Радев, 19% ГЕРБ, ПП-ДБ - 11,2%",09.04.2026 | 12:07 ч.,,130,"1990та година кoпeйкитe плашеха, че до 30 години България ще изчезне, но ето че не изчезнахме, от 9 милиона останаха цели 5 милиона население, повече от половината, и още не сме изчезнали. И след 30 години пак ще имаме 2-3 милиона и няма да изчезнем, според изследване публикувано в Newsweek в населението на България между 2020 г. и 2050 г. ще намалее само с 22,5%, и така ще се изчистим от пенсиите и комунистите 2050та ще останем само млади хора с еврото.",анонимен,преди 2 дни,0,3,2026-04-11 17:07:03
dnes.bg,https://www.dnes.bg/c/604-izbori-2026,https://www.dnes.bg/a/1-bulgaria/717372-sova-haris-pri-izbori-dnes-335-podkrepyat-radev-19-gerb-pp-db-112,"""Сова Харис"" при избори днес: 33,5% подкрепят Радев, 19% ГЕРБ, ПП-ДБ - 11,2%",09.04.2026 | 12:07 ч.,,129,"Здравейте тyтманици. Как е къпитълизъмъ. Забогатяхте ли при демокрацията. Покривате ли си разходите? Стигат ли ви доходите да си плащате сметките? Стигат ли за храната, за тока, за отоплението? Хаа хааа хаааа хаааааааа!",Тодор Живков,преди 2 дни,3,4,2026-04-11 17:07:06
dnes.bg,https://www.dnes.bg/c/604-izbori-2026,https://www.dnes.bg/a/1-bulgaria/717372-sova-haris-pri-izbori-dnes-335-podkrepyat-radev-19-gerb-pp-db-112,"""Сова Харис"" при избори днес: 33,5% подкрепят Радев, 19% ГЕРБ, ПП-ДБ - 11,2%",09.04.2026 | 12:07 ч.,,128,"Щом и сектантит и мафиотите, които доскоро бяха в сглобка ,яко плючт по Радев, значи точно за Радев трябва да гласувам. Убедиха ме.",анонимен,преди 2 дни,2,4,2026-04-11 17:07:06
dnes.bg,https://www.dnes.bg/c/604-izbori-2026,https://www.dnes.bg/a/1-bulgaria/717372-sova-haris-pri-izbori-dnes-335-podkrepyat-radev-19-gerb-pp-db-112,"""Сова Харис"" при избори днес: 33,5% подкрепят Радев, 19% ГЕРБ, ПП-ДБ - 11,2%",09.04.2026 | 12:07 ч.,,127,А какво става с еврото? Българите заживяха ли вече в клуба на богатите като самодоволни и оядени западняци в еврозоната?,анонимен,преди 2 дни,5,4,2026-04-11 17:07:06
dnes.bg,https://www.dnes.bg/c/604-izbori-2026,https://www.dnes.bg/a/1-bulgaria/717372-sova-haris-pri-izbori-dnes-335-podkrepyat-radev-19-gerb-pp-db-112,"""Сова Харис"" при избори днес: 33,5% подкрепят Радев, 19% ГЕРБ, ПП-ДБ - 11,2%",09.04.2026 | 12:07 ч.,,126,"Лековерно било да се вярва на Радев - не никой не му вярва, просто гласуват ПРОТИВ!!!",анонимен,преди 2 дни,3,1,2026-04-11 17:07:06
dnes.bg,https://www.dnes.bg/c/604-izbori-2026,https://www.dnes.bg/a/1-bulgaria/717372-sova-haris-pri-izbori-dnes-335-podkrepyat-radev-19-gerb-pp-db-112,"""Сова Харис"" при избори днес: 33,5% подкрепят Радев, 19% ГЕРБ, ПП-ДБ - 11,2%",09.04.2026 | 12:07 ч.,,125,Коректор: 53.3 %,анонимен,преди 2 дни,1,1,2026-04-11 17:07:06
dnes.bg,https://www.dnes.bg/c/604-izbori-2026,https://www.dnes.bg/a/1-bulgaria/717372-sova-haris-pri-izbori-dnes-335-podkrepyat-radev-19-gerb-pp-db-112,"""Сова Харис"" при избори днес: 33,5% подкрепят Радев, 19% ГЕРБ, ПП-ДБ - 11,2%",09.04.2026 | 12:07 ч.,,124,Е една прогресивна МИМИЖЛИЙКА!,Мунчо,преди 2 дни,2,1,2026-04-11 17:07:06
dnes.bg,https://www.dnes.bg/c/604-izbori-2026,https://www.dnes.bg/a/1-bulgaria/717372-sova-haris-pri-izbori-dnes-335-podkrepyat-radev-19-gerb-pp-db-112,"""Сова Харис"" при избори днес: 33,5% подкрепят Радев, 19% ГЕРБ, ПП-ДБ - 11,2%",09.04.2026 | 12:07 ч.,,123,"Пък мисля,че Радев ще е първи,Герб втори,а Възраждане трети.Тия от петрохан и шишунгера са след тях БСП е на границата да не влезе.Дали ще има нови избори ще се реши от тия първите три и дали се милси повече за България или за господарите от ЕС",Аз,преди 2 дни,2,4,2026-04-11 17:07:06
dnes.bg,https://www.dnes.bg/c/604-izbori-2026,https://www.dnes.bg/a/1-bulgaria/717372-sova-haris-pri-izbori-dnes-335-podkrepyat-radev-19-gerb-pp-db-112,"""Сова Харис"" при избори днес: 33,5% подкрепят Радев, 19% ГЕРБ, ПП-ДБ - 11,2%",09.04.2026 | 12:07 ч.,,122,Не вярвам да има толкова много лековерни хора които да се доверят на Радев и неговото шайка олигарси и ДС другари,анонимен,преди 2 дни,10,4,2026-04-11 17:07:06
dnes.bg,https://www.dnes.bg/c/604-izbori-2026,https://www.dnes.bg/a/1-bulgaria/717372-sova-haris-pri-izbori-dnes-335-podkrepyat-radev-19-gerb-pp-db-112,"""Сова Харис"" при избори днес: 33,5% подкрепят Радев, 19% ГЕРБ, ПП-ДБ - 11,2%",09.04.2026 | 12:07 ч.,,121,Накрая Просто Киро ще ви организира едно утешително рейв парти с пици с кристалчета. Поради страхотните 8% дето сте взели на изборите!От мен да знаете - и те са ви много!!,Споко,преди 2 дни,8,2,2026-04-11 17:07:06
dnes.bg,https://www.dnes.bg/c/604-izbori-2026,https://www.dnes.bg/a/1-bulgaria/717372-sova-haris-pri-izbori-dnes-335-podkrepyat-radev-19-gerb-pp-db-112,"""Сова Харис"" при избори днес: 33,5% подкрепят Радев, 19% ГЕРБ, ПП-ДБ - 11,2%",09.04.2026 | 12:07 ч.,,120,"Радев може да не е цвете за мирисане, но не е рядкото ***.... но което са всички други! Напред Радев!",анонимен,преди 2 дни,4,11,2026-04-11 17:07:06
dnes.bg,https://www.dnes.bg/c/604-izbori-2026,https://www.dnes.bg/a/1-bulgaria/717372-sova-haris-pri-izbori-dnes-335-podkrepyat-radev-19-gerb-pp-db-112,"""Сова Харис"" при избори днес: 33,5% подкрепят Радев, 19% ГЕРБ, ПП-ДБ - 11,2%",09.04.2026 | 12:07 ч.,,119,"""Бях министър в първия служебен кабинет на Стефан Янев тогава Радев нямаше проблем с еврото и беше против референдум. Две години по-късно иска референдум, а Крум Зарков и Атанас Пеканов напускат екипа му."" Асен Василев28. 03.2026",Архивите са живи,преди 2 дни,9,2,2026-04-11 17:07:08
dnes.bg,https://www.dnes.bg/c/604-izbori-2026,https://www.dnes.bg/a/1-bulgaria/717372-sova-haris-pri-izbori-dnes-335-podkrepyat-radev-19-gerb-pp-db-112,"""Сова Харис"" при избори днес: 33,5% подкрепят Радев, 19% ГЕРБ, ПП-ДБ - 11,2%",09.04.2026 | 12:07 ч.,,118,"Всички плюещи по Радев - а вие какво предлагате - пак метромафията ли да ви клати?! Неса друг да ви поклати - нов по-голям, по-енергичен, по-културен, по-хигиеничен - лошо ли е? ""Привърженици"" от всички партии трябва да подкрепят ., ако искат и с отвращение, но Радев, защото уйдурмите по балкански са вредни! Нека един да ни клати вместо да ни се изреждат по сглобка по уйдурма или коалиционно клатене!",анонимен,преди 2 дни,3,15,2026-04-11 17:07:08
dnes.bg,https://www.dnes.bg/c/604-izbori-2026,https://www.dnes.bg/a/1-bulgaria/717372-sova-haris-pri-izbori-dnes-335-podkrepyat-radev-19-gerb-pp-db-112,"""Сова Харис"" при избори днес: 33,5% подкрепят Радев, 19% ГЕРБ, ПП-ДБ - 11,2%",09.04.2026 | 12:07 ч.,,117,"27 април 2022 г., Радев: Аз многократно съм настоявал и твърдял, че тези 3 милиарда лева(за Балкански/Турски поток) , платени от бюджета ни, обслужват интереса на други държави, които безплатно транзитират през нашата държава.Факт: 22 септември 2022 г. данни на ДАНС сочат, че и Радев, и Борисов са знаели, че по Турски поток няма да има газ за България.",Лъжите на Радев,преди 2 дни,6,1,2026-04-11 17:07:08
dnes.bg,https://www.dnes.bg/c/604-izbori-2026,https://www.dnes.bg/a/1-bulgaria/717372-sova-haris-pri-izbori-dnes-335-podkrepyat-radev-19-gerb-pp-db-112,"""Сова Харис"" при избори днес: 33,5% подкрепят Радев, 19% ГЕРБ, ПП-ДБ - 11,2%",09.04.2026 | 12:07 ч.,,116,"Ако наистина се надяваме на промяна Радев трябва да има 66процента +1 глас в народното събрание или 161 народни представители. Всички които в момента крадат в общините, областите и министерствата, съответно и роднините им ще гласуват за Бойко-Тиквата и за Дидо-Фалита.Предлагам да дадем шанс на Радев, ако не става ще се оправим само и единствено след революция!",Истина,преди 2 дни,1,11,2026-04-11 17:07:08
dnes.bg,https://www.dnes.bg/c/604-izbori-2026,https://www.dnes.bg/a/1-bulgaria/717372-sova-haris-pri-izbori-dnes-335-podkrepyat-radev-19-gerb-pp-db-112,"""Сова Харис"" при избори днес: 33,5% подкрепят Радев, 19% ГЕРБ, ПП-ДБ - 11,2%",09.04.2026 | 12:07 ч.,,115,Корупционният модел на Борисов и Радев е един и същ.Корнелия Нинова07.09.2023,Архивите са живи,преди 2 дни,3,6,2026-04-11 17:07:08
dnes.bg,https://www.dnes.bg/c/604-izbori-2026,https://www.dnes.bg/a/1-bulgaria/717372-sova-haris-pri-izbori-dnes-335-podkrepyat-radev-19-gerb-pp-db-112,"""Сова Харис"" при избори днес: 33,5% подкрепят Радев, 19% ГЕРБ, ПП-ДБ - 11,2%",09.04.2026 | 12:07 ч.,,114,"Родните путлероджендъри си мислят, че Рублю е слуга на Путлероглу и, че ще махне старата слугиня Боко калдаръм кадъна, а реално Рублю в тандем с Боко калдаръм кадъна ще си делнат властта и ще крадат двойно като дърти бекапейци от чужда сметка. Накрая родните путлероджендъри ще останат за поредна път употребени и захвърлени.",Русофил,преди 2 дни,5,4,2026-04-11 17:07:08
dnes.bg,https://www.dnes.bg/c/604-izbori-2026,https://www.dnes.bg/a/1-bulgaria/717372-sova-haris-pri-izbori-dnes-335-podkrepyat-radev-19-gerb-pp-db-112,"""Сова Харис"" при избори днес: 33,5% подкрепят Радев, 19% ГЕРБ, ПП-ДБ - 11,2%",09.04.2026 | 12:07 ч.,,113,До: Архивите са живиНагъл просещия украински архивар,анонимен,преди 2 дни,5,3,2026-04-11 17:07:08
dnes.bg,https://www.dnes.bg/c/604-izbori-2026,https://www.dnes.bg/a/1-bulgaria/717372-sova-haris-pri-izbori-dnes-335-podkrepyat-radev-19-gerb-pp-db-112,"""Сова Харис"" при избори днес: 33,5% подкрепят Радев, 19% ГЕРБ, ПП-ДБ - 11,2%",09.04.2026 | 12:07 ч.,,112,"Ха,ха,ха, секциите с мадуровските машин били на склад при нашия човек, които са много повече от тези с бюлетини, с""наше МВР"", наше правителство ППДБ Петрохан, ППДБ би трябвало да имат 50%.",Купените избориППДБ,преди 2 дни,5,1,2026-04-11 17:07:08
dnes.bg,https://www.dnes.bg/c/604-izbori-2026,https://www.dnes.bg/a/1-bulgaria/717372-sova-haris-pri-izbori-dnes-335-podkrepyat-radev-19-gerb-pp-db-112,"""Сова Харис"" при избори днес: 33,5% подкрепят Радев, 19% ГЕРБ, ПП-ДБ - 11,2%",09.04.2026 | 12:07 ч.,,111,До: ПловдивНе си от Пловдивбот кое серо си?,анонимен,преди 2 дни,3,1,2026-04-11 17:07:08
dnes.bg,https://www.dnes.bg/c/604-izbori-2026,https://www.dnes.bg/a/1-bulgaria/717372-sova-haris-pri-izbori-dnes-335-podkrepyat-radev-19-gerb-pp-db-112,"""Сова Харис"" при избори днес: 33,5% подкрепят Радев, 19% ГЕРБ, ПП-ДБ - 11,2%",09.04.2026 | 12:07 ч.,,110,До: РусофилНагъл украински зеленофил,анонимен,преди 2 дни,2,1,2026-04-11 17:07:08
dnes.bg,https://www.dnes.bg/c/604-izbori-2026,https://www.dnes.bg/a/1-bulgaria/717372-sova-haris-pri-izbori-dnes-335-podkrepyat-radev-19-gerb-pp-db-112,"""Сова Харис"" при избори днес: 33,5% подкрепят Радев, 19% ГЕРБ, ПП-ДБ - 11,2%",09.04.2026 | 12:07 ч.,,109,Отлично г-н Радев и по добре ще стане !,Пловдив,преди 2 дни,1,7,2026-04-11 17:07:10
dnes.bg,https://www.dnes.bg/c/604-izbori-2026,https://www.dnes.bg/a/1-bulgaria/717372-sova-haris-pri-izbori-dnes-335-podkrepyat-radev-19-gerb-pp-db-112,"""Сова Харис"" при избори днес: 33,5% подкрепят Радев, 19% ГЕРБ, ПП-ДБ - 11,2%",09.04.2026 | 12:07 ч.,,108,"""Прокуратурата не нахлу в Президентството, беше получила разрешение от съда и от главния секретар на президента. Радев тогава ни заряза. Беше изключително уплашен. От страх си беше облякъл върху костюма военната униформа. Митът за смелия мъж рухна окончателно. Човекът с униформата зад перденцето, който гледаше колко души ще се съберат отдолу, ми падна в очите. Ако не се бяха събрали хора, нямаше и да излезе. Щеше да си седи зад пердето"".Калоян Методиев, началник на кабинета на Радев 2019-2020 ...",Архивите са живи,преди 2 дни,6,1,2026-04-11 17:07:10
dnes.bg,https://www.dnes.bg/c/604-izbori-2026,https://www.dnes.bg/a/1-bulgaria/717372-sova-haris-pri-izbori-dnes-335-podkrepyat-radev-19-gerb-pp-db-112,"""Сова Харис"" при избори днес: 33,5% подкрепят Радев, 19% ГЕРБ, ПП-ДБ - 11,2%",09.04.2026 | 12:07 ч.,,107,гледайте хитовия сериал Трагедия премиерно от 19 април на територията на Република България,анонимен,преди 2 дни,5,0,2026-04-11 17:07:10
dnes.bg,https://www.dnes.bg/c/604-izbori-2026,https://www.dnes.bg/a/1-bulgaria/717372-sova-haris-pri-izbori-dnes-335-podkrepyat-radev-19-gerb-pp-db-112,"""Сова Харис"" при избори днес: 33,5% подкрепят Радев, 19% ГЕРБ, ПП-ДБ - 11,2%",09.04.2026 | 12:07 ч.,,106,"Популата ТРЯБВА да разбере - за който и да гласува колониалния статус на България няма да се промени! Но гласувайки ""ЗА"" Радев е възможно в рамките на дребните интереси на популацията да получи, все пак, малко по-нормално , по- малко вредно управление на ежедневните проблеми. ВАЖНО е Радев да получи пълно мнозинство, за да може да промени мутро-мафиотския модел з по- приемливия и по-европейски политически процес! Популацията не бива да очаква глобални промени - не са разрешени!",анонимен,преди 2 дни,1,7,2026-04-11 17:07:10
dnes.bg,https://www.dnes.bg/c/604-izbori-2026,https://www.dnes.bg/a/1-bulgaria/717372-sova-haris-pri-izbori-dnes-335-podkrepyat-radev-19-gerb-pp-db-112,"""Сова Харис"" при избори днес: 33,5% подкрепят Радев, 19% ГЕРБ, ПП-ДБ - 11,2%",09.04.2026 | 12:07 ч.,,105,"До: РусофилЗомбофил от украйна нещо много си вярваш,ама България си я виждал на картата.нали",анонимен,преди 2 дни,1,2,2026-04-11 17:07:10
dnes.bg,https://www.dnes.bg/c/604-izbori-2026,https://www.dnes.bg/a/1-bulgaria/717372-sova-haris-pri-izbori-dnes-335-podkrepyat-radev-19-gerb-pp-db-112,"""Сова Харис"" при избори днес: 33,5% подкрепят Радев, 19% ГЕРБ, ПП-ДБ - 11,2%",09.04.2026 | 12:07 ч.,,104,ТИКВЕНИКА И ГЛИГАНА В ЗАТВОРА,анонимен,преди 2 дни,3,6,2026-04-11 17:07:10
dnes.bg,https://www.dnes.bg/c/604-izbori-2026,https://www.dnes.bg/a/1-bulgaria/717372-sova-haris-pri-izbori-dnes-335-podkrepyat-radev-19-gerb-pp-db-112,"""Сова Харис"" при избори днес: 33,5% подкрепят Радев, 19% ГЕРБ, ПП-ДБ - 11,2%",09.04.2026 | 12:07 ч.,,103,Трагедия сезон еди кой си продължава премиерно от 19 април,анонимен,преди 2 дни,2,0,2026-04-11 17:07:10
dnes.bg,https://www.dnes.bg/c/604-izbori-2026,https://www.dnes.bg/a/1-bulgaria/717372-sova-haris-pri-izbori-dnes-335-podkrepyat-radev-19-gerb-pp-db-112,"""Сова Харис"" при избори днес: 33,5% подкрепят Радев, 19% ГЕРБ, ПП-ДБ - 11,2%",09.04.2026 | 12:07 ч.,,102,Сияние е Проект на Пеевски и Борисов . Тази Партия ще дръпне гласове от Радов - това е идеята за състрадание .,МНЕНИЕ,преди 2 дни,3,4,2026-04-11 17:07:10
dnes.bg,https://www.dnes.bg/c/604-izbori-2026,https://www.dnes.bg/a/1-bulgaria/717372-sova-haris-pri-izbori-dnes-335-podkrepyat-radev-19-gerb-pp-db-112,"""Сова Харис"" при избори днес: 33,5% подкрепят Радев, 19% ГЕРБ, ПП-ДБ - 11,2%",09.04.2026 | 12:07 ч.,,101,"Мунчес го чака не победа,а неговия най-голям грях към българите - неотменимия ""Боташ"", както и други задължения като близо 2-та млрд. дефицит на неговия избраник Гюров. Лошо му се пише още на старта,май не е мислел в каква каша влиза. Борисов ядно му заяви - Ще Ви гледаме отстрани.",анонимен,преди 2 дни,6,1,2026-04-11 17:07:10
dnes.bg,https://www.dnes.bg/c/604-izbori-2026,https://www.dnes.bg/a/1-bulgaria/717372-sova-haris-pri-izbori-dnes-335-podkrepyat-radev-19-gerb-pp-db-112,"""Сова Харис"" при избори днес: 33,5% подкрепят Радев, 19% ГЕРБ, ПП-ДБ - 11,2%",09.04.2026 | 12:07 ч.,,100,"Честно казано предпочитам Радев пред ония двамата дерибеи дето ходеха до Дубай с частния самолет на единия. Те са в политиката над десетилетие и какво направиха за хората, нищо. Корупцията е в апогея си заради тях, пази ги НСО, но не разбрахме от кого, нищо че им плащаме. Гледаме ги толкова години, те си станаха като ЦКП-то, даже в партийния дом влезнаха и в кабинетите на някогашните. Единия доносник Буда, другия ДС внук. Стига сме ги отглеждали.",анонимен,преди 2 дни,2,9,2026-04-11 17:07:10
dnes.bg,https://www.dnes.bg/c/604-izbori-2026,https://www.dnes.bg/a/1-bulgaria/717372-sova-haris-pri-izbori-dnes-335-podkrepyat-radev-19-gerb-pp-db-112,"""Сова Харис"" при избори днес: 33,5% подкрепят Радев, 19% ГЕРБ, ПП-ДБ - 11,2%",09.04.2026 | 12:07 ч.,,99,"Радев ще има 35 процента,ПП-ДБ-15 процента.",анонимен,преди 2 дни,2,7,2026-04-11 17:07:13
dnes.bg,https://www.dnes.bg/c/604-izbori-2026,https://www.dnes.bg/a/1-bulgaria/717372-sova-haris-pri-izbori-dnes-335-podkrepyat-radev-19-gerb-pp-db-112,"""Сова Харис"" при избори днес: 33,5% подкрепят Радев, 19% ГЕРБ, ПП-ДБ - 11,2%",09.04.2026 | 12:07 ч.,,98,"Пак започна стъкмистиката, изведнъж Радев му дават 8-9% нагоре, докато рейтинга му реално спада заради отказите да дебатира и дори слага на масата програмата освен общи приказки. БСП и Възраждане също изведнъж нагоре, всичко синьо надолу.Доста удобно подредена извадка.",анонимен,преди 2 дни,7,4,2026-04-11 17:07:13
dnes.bg,https://www.dnes.bg/c/604-izbori-2026,https://www.dnes.bg/a/1-bulgaria/717372-sova-haris-pri-izbori-dnes-335-podkrepyat-radev-19-gerb-pp-db-112,"""Сова Харис"" при избори днес: 33,5% подкрепят Радев, 19% ГЕРБ, ПП-ДБ - 11,2%",09.04.2026 | 12:07 ч.,,97,дилян ште е втори,мечо бокса,преди 2 дни,3,3,2026-04-11 17:07:13
dnes.bg,https://www.dnes.bg/c/604-izbori-2026,https://www.dnes.bg/a/1-bulgaria/717372-sova-haris-pri-izbori-dnes-335-podkrepyat-radev-19-gerb-pp-db-112,"""Сова Харис"" при избори днес: 33,5% подкрепят Радев, 19% ГЕРБ, ПП-ДБ - 11,2%",09.04.2026 | 12:07 ч.,,96,"До: ВъзражданеТова пък и то, 80% *** няма на територията, ако имаше толкова пациенти с лоботомия нямаше русорома Копейкин да е просто досадна муха в НС, а БСП да са жалка ЛГБТ секта. 80%, хахаха, спрете да пиете с две шепи от обществените клозети, не ви се отразява добре на амебата която наричате мозък.",Русофил,преди 2 дни,2,1,2026-04-11 17:07:13
dnes.bg,https://www.dnes.bg/c/604-izbori-2026,https://www.dnes.bg/a/1-bulgaria/717372-sova-haris-pri-izbori-dnes-335-podkrepyat-radev-19-gerb-pp-db-112,"""Сова Харис"" при избори днес: 33,5% подкрепят Радев, 19% ГЕРБ, ПП-ДБ - 11,2%",09.04.2026 | 12:07 ч.,,95,До: ДоротеяЕй просещ украински миризливец тук не ти е украйна,анонимен,преди 2 дни,1,4,2026-04-11 17:07:13
dnes.bg,https://www.dnes.bg/c/604-izbori-2026,https://www.dnes.bg/a/1-bulgaria/717372-sova-haris-pri-izbori-dnes-335-podkrepyat-radev-19-gerb-pp-db-112,"""Сова Харис"" при избори днес: 33,5% подкрепят Радев, 19% ГЕРБ, ПП-ДБ - 11,2%",09.04.2026 | 12:07 ч.,,94,"ПП-ДБ ако не бяха с техен служебен кабинет, тяхно МВР, техни областни управетели, сигурно щяха да останат под 4% някъде след ИТН.",анонимен,преди 2 дни,3,2,2026-04-11 17:07:13
dnes.bg,https://www.dnes.bg/c/604-izbori-2026,https://www.dnes.bg/a/1-bulgaria/717372-sova-haris-pri-izbori-dnes-335-podkrepyat-radev-19-gerb-pp-db-112,"""Сова Харис"" при избори днес: 33,5% подкрепят Радев, 19% ГЕРБ, ПП-ДБ - 11,2%",09.04.2026 | 12:07 ч.,,93,Цялата тролферма на Зеления клоун се е загрижила за изборите.,Да,преди 2 дни,5,3,2026-04-11 17:07:13
dnes.bg,https://www.dnes.bg/c/604-izbori-2026,https://www.dnes.bg/a/1-bulgaria/717372-sova-haris-pri-izbori-dnes-335-podkrepyat-radev-19-gerb-pp-db-112,"""Сова Харис"" при избори днес: 33,5% подкрепят Радев, 19% ГЕРБ, ПП-ДБ - 11,2%",09.04.2026 | 12:07 ч.,,92,Аз пък ще гласувам за Новото Начало в българската политика.,анонимен,преди 2 дни,6,5,2026-04-11 17:07:13
dnes.bg,https://www.dnes.bg/c/604-izbori-2026,https://www.dnes.bg/a/1-bulgaria/717372-sova-haris-pri-izbori-dnes-335-podkrepyat-radev-19-gerb-pp-db-112,"""Сова Харис"" при избори днес: 33,5% подкрепят Радев, 19% ГЕРБ, ПП-ДБ - 11,2%",09.04.2026 | 12:07 ч.,,91,"Голяма излагация за ПП-ДБ , с тяхно МВР , машини и не знам още какво си , накрая 11,2 % .Сигурен съм че ралния им резултат ще е доста по нисък ,заради тяхното служебно правителство , което изтърва инфлацията",анонимен,преди 2 дни,6,2,2026-04-11 17:07:13
dnes.bg,https://www.dnes.bg/c/604-izbori-2026,https://www.dnes.bg/a/1-bulgaria/717372-sova-haris-pri-izbori-dnes-335-podkrepyat-radev-19-gerb-pp-db-112,"""Сова Харис"" при избори днес: 33,5% подкрепят Радев, 19% ГЕРБ, ПП-ДБ - 11,2%",09.04.2026 | 12:07 ч.,,90,"Гербаджии,най-накрая ще ви изчегъртаме.Корумпирана зган",анонимен,преди 2 дни,3,8,2026-04-11 17:07:13
dnes.bg,https://www.dnes.bg/c/604-izbori-2026,https://www.dnes.bg/a/1-bulgaria/717372-sova-haris-pri-izbori-dnes-335-podkrepyat-radev-19-gerb-pp-db-112,"""Сова Харис"" при избори днес: 33,5% подкрепят Радев, 19% ГЕРБ, ПП-ДБ - 11,2%",09.04.2026 | 12:07 ч.,,89,"Лъжат ви, че Радев е човек на Кремъл за да може повече хора да гласуват за него. Все пак 80% от Българите са русофили. А всъщнот Радев е проект на Брюксел! Така че гласуваш за Радев, получаваш Урсула!",Възраждане,преди 2 дни,4,3,2026-04-11 17:07:16
dnes.bg,https://www.dnes.bg/c/604-izbori-2026,https://www.dnes.bg/a/1-bulgaria/717372-sova-haris-pri-izbori-dnes-335-podkrepyat-radev-19-gerb-pp-db-112,"""Сова Харис"" при избори днес: 33,5% подкрепят Радев, 19% ГЕРБ, ПП-ДБ - 11,2%",09.04.2026 | 12:07 ч.,,88,Радев ПОБЕДА,анонимен,преди 2 дни,4,5,2026-04-11 17:07:16
dnes.bg,https://www.dnes.bg/c/604-izbori-2026,https://www.dnes.bg/a/1-bulgaria/717372-sova-haris-pri-izbori-dnes-335-podkrepyat-radev-19-gerb-pp-db-112,"""Сова Харис"" при избори днес: 33,5% подкрепят Радев, 19% ГЕРБ, ПП-ДБ - 11,2%",09.04.2026 | 12:07 ч.,,87,До: Ха-ха-хаИ пак украинското хахо се появи,анонимен,преди 2 дни,1,1,2026-04-11 17:07:16
dnes.bg,https://www.dnes.bg/c/604-izbori-2026,https://www.dnes.bg/a/1-bulgaria/717372-sova-haris-pri-izbori-dnes-335-podkrepyat-radev-19-gerb-pp-db-112,"""Сова Харис"" при избори днес: 33,5% подкрепят Радев, 19% ГЕРБ, ПП-ДБ - 11,2%",09.04.2026 | 12:07 ч.,,86,По времето на ГЕРБ България винаги е била на последно място по заплати. Но на българинът това му харесва и продължава да си ги преизбира :))) И все някой друг му е виновен!!!,анонимен,преди 2 дни,3,6,2026-04-11 17:07:16
dnes.bg,https://www.dnes.bg/c/604-izbori-2026,https://www.dnes.bg/a/1-bulgaria/717372-sova-haris-pri-izbori-dnes-335-podkrepyat-radev-19-gerb-pp-db-112,"""Сова Харис"" при избори днес: 33,5% подкрепят Радев, 19% ГЕРБ, ПП-ДБ - 11,2%",09.04.2026 | 12:07 ч.,,85,"Направо повярвахме как след толкова акций за купен глас , Новото начало е 9,7 % , просто абсурд !",анонимен,преди 2 дни,4,1,2026-04-11 17:07:16
dnes.bg,https://www.dnes.bg/c/604-izbori-2026,https://www.dnes.bg/a/1-bulgaria/717372-sova-haris-pri-izbori-dnes-335-podkrepyat-radev-19-gerb-pp-db-112,"""Сова Харис"" при избори днес: 33,5% подкрепят Радев, 19% ГЕРБ, ПП-ДБ - 11,2%",09.04.2026 | 12:07 ч.,,84,"Аха, и ще ви наврем в *** г...!!!!",@99,преди 2 дни,1,0,2026-04-11 17:07:16
dnes.bg,https://www.dnes.bg/c/604-izbori-2026,https://www.dnes.bg/a/1-bulgaria/717372-sova-haris-pri-izbori-dnes-335-podkrepyat-radev-19-gerb-pp-db-112,"""Сова Харис"" при избори днес: 33,5% подкрепят Радев, 19% ГЕРБ, ПП-ДБ - 11,2%",09.04.2026 | 12:07 ч.,,83,"Герберастки ***-чета,страх ли ви е от Чорапа?",анонимен,преди 2 дни,2,5,2026-04-11 17:07:16
dnes.bg,https://www.dnes.bg/c/604-izbori-2026,https://www.dnes.bg/a/1-bulgaria/717372-sova-haris-pri-izbori-dnes-335-podkrepyat-radev-19-gerb-pp-db-112,"""Сова Харис"" при избори днес: 33,5% подкрепят Радев, 19% ГЕРБ, ПП-ДБ - 11,2%",09.04.2026 | 12:07 ч.,,82,"Писнаха ни ПП-расите и хвалебствените псалми за Урсула и Калас, хайде малко да сменим плочата !!Слава на Орбан, смърт на фашизма!!",Аха,преди 2 дни,2,3,2026-04-11 17:07:16
dnes.bg,https://www.dnes.bg/c/604-izbori-2026,https://www.dnes.bg/a/1-bulgaria/717372-sova-haris-pri-izbori-dnes-335-podkrepyat-radev-19-gerb-pp-db-112,"""Сова Харис"" при избори днес: 33,5% подкрепят Радев, 19% ГЕРБ, ПП-ДБ - 11,2%",09.04.2026 | 12:07 ч.,,81,"Браво на българите! Да са живи и здрави! И да продължават да си гласуват за все същите! И да продължават да си бъдат в дъното на всички класации, ЗАВИНАГИ И ВО ВЕКИ ВЕКОВ!!!!",анонимен,преди 2 дни,0,7,2026-04-11 17:07:16
dnes.bg,https://www.dnes.bg/c/604-izbori-2026,https://www.dnes.bg/a/1-bulgaria/717372-sova-haris-pri-izbori-dnes-335-podkrepyat-radev-19-gerb-pp-db-112,"""Сова Харис"" при избори днес: 33,5% подкрепят Радев, 19% ГЕРБ, ПП-ДБ - 11,2%",09.04.2026 | 12:07 ч.,,80,"Совата пак правят предизборна агитация за ГЕРБ и ДПС ! Радев ще вземе над 60% на тези избори , ако не ги фалшифицират за пореден път! БСП са дупка вече, а Величие ще влязат по втория начин в коалиция",Мишо,преди 2 дни,3,7,2026-04-11 17:07:16
dnes.bg,https://www.dnes.bg/c/604-izbori-2026,https://www.dnes.bg/a/1-bulgaria/717372-sova-haris-pri-izbori-dnes-335-podkrepyat-radev-19-gerb-pp-db-112,"""Сова Харис"" при избори днес: 33,5% подкрепят Радев, 19% ГЕРБ, ПП-ДБ - 11,2%",09.04.2026 | 12:07 ч.,,79,До: МунчоУркунчо тук не ти е украйна,анонимен,преди 2 дни,2,2,2026-04-11 17:07:18
dnes.bg,https://www.dnes.bg/c/604-izbori-2026,https://www.dnes.bg/a/1-bulgaria/717372-sova-haris-pri-izbori-dnes-335-podkrepyat-radev-19-gerb-pp-db-112,"""Сова Харис"" при избори днес: 33,5% подкрепят Радев, 19% ГЕРБ, ПП-ДБ - 11,2%",09.04.2026 | 12:07 ч.,,78,До: Истина Ви казвамОще едно украинско куку,анонимен,преди 2 дни,0,3,2026-04-11 17:07:18
dnes.bg,https://www.dnes.bg/c/604-izbori-2026,https://www.dnes.bg/a/1-bulgaria/717372-sova-haris-pri-izbori-dnes-335-podkrepyat-radev-19-gerb-pp-db-112,"""Сова Харис"" при избори днес: 33,5% подкрепят Радев, 19% ГЕРБ, ПП-ДБ - 11,2%",09.04.2026 | 12:07 ч.,,77,"Като гледам колко е интелекта на ПП-рите, като Просто Киро, Румен Радев направо ми прилича на академик в политиката.",Аха,преди 2 дни,5,1,2026-04-11 17:07:18
dnes.bg,https://www.dnes.bg/c/604-izbori-2026,https://www.dnes.bg/a/1-bulgaria/717372-sova-haris-pri-izbori-dnes-335-podkrepyat-radev-19-gerb-pp-db-112,"""Сова Харис"" при избори днес: 33,5% подкрепят Радев, 19% ГЕРБ, ПП-ДБ - 11,2%",09.04.2026 | 12:07 ч.,,76,"На зеления клоун някой ги е излъгал,че да не искаш да си беден като украинец било русофилство",Просяците,преди 2 дни,3,4,2026-04-11 17:07:18
dnes.bg,https://www.dnes.bg/c/604-izbori-2026,https://www.dnes.bg/a/1-bulgaria/717372-sova-haris-pri-izbori-dnes-335-podkrepyat-radev-19-gerb-pp-db-112,"""Сова Харис"" при избори днес: 33,5% подкрепят Радев, 19% ГЕРБ, ПП-ДБ - 11,2%",09.04.2026 | 12:07 ч.,,75,"Последните 4 години не гласувах, но сега ще отида да пусна за Радев. Щом другите партии толкова го плюят, занчи ги е страх от него и явно има защо да ги е страх.",анонимен,преди 2 дни,2,8,2026-04-11 17:07:18
dnes.bg,https://www.dnes.bg/c/604-izbori-2026,https://www.dnes.bg/a/1-bulgaria/717372-sova-haris-pri-izbori-dnes-335-podkrepyat-radev-19-gerb-pp-db-112,"""Сова Харис"" при избори днес: 33,5% подкрепят Радев, 19% ГЕРБ, ПП-ДБ - 11,2%",09.04.2026 | 12:07 ч.,,74,Отиваме към гУляма констипация.,анонимен,преди 2 дни,0,1,2026-04-11 17:07:18
dnes.bg,https://www.dnes.bg/c/604-izbori-2026,https://www.dnes.bg/a/1-bulgaria/717372-sova-haris-pri-izbori-dnes-335-podkrepyat-radev-19-gerb-pp-db-112,"""Сова Харис"" при избори днес: 33,5% подкрепят Радев, 19% ГЕРБ, ПП-ДБ - 11,2%",09.04.2026 | 12:07 ч.,,73,"След седмица ще разберем дали ""Сови""-те не са това,което са.",анонимен,преди 2 дни,3,1,2026-04-11 17:07:18
dnes.bg,https://www.dnes.bg/c/604-izbori-2026,https://www.dnes.bg/a/1-bulgaria/717372-sova-haris-pri-izbori-dnes-335-podkrepyat-radev-19-gerb-pp-db-112,"""Сова Харис"" при избори днес: 33,5% подкрепят Радев, 19% ГЕРБ, ПП-ДБ - 11,2%",09.04.2026 | 12:07 ч.,,72,"РАДЕВ ПОБЕДА,ЧОРАПА ЩЕ СМАЧКА ДВАМАТА ДЕБЕЛАЦИ",анонимен,преди 2 дни,2,5,2026-04-11 17:07:18
dnes.bg,https://www.dnes.bg/c/604-izbori-2026,https://www.dnes.bg/a/1-bulgaria/717372-sova-haris-pri-izbori-dnes-335-podkrepyat-radev-19-gerb-pp-db-112,"""Сова Харис"" при избори днес: 33,5% подкрепят Радев, 19% ГЕРБ, ПП-ДБ - 11,2%",09.04.2026 | 12:07 ч.,,71,"""Сова"" - та пак са напълнили гушката за да ""дадат"" тези проценти на Радев. Чудно ми е, ако не познаят, дали поне ще се извинят?!",Митев,преди 2 дни,5,1,2026-04-11 17:07:18
dnes.bg,https://www.dnes.bg/c/604-izbori-2026,https://www.dnes.bg/a/1-bulgaria/717372-sova-haris-pri-izbori-dnes-335-podkrepyat-radev-19-gerb-pp-db-112,"""Сова Харис"" при избори днес: 33,5% подкрепят Радев, 19% ГЕРБ, ПП-ДБ - 11,2%",09.04.2026 | 12:07 ч.,,70,"Посоченият от руските разузнавателни служби за президент Радев показва грубо политическо суеверно русофилство, умишлено го култивирано сред народните маси; политически юмрук, вървенето и воюването под което неизбежно води към предателство и национална катастрофа. С русофилството си Радев с безогледно дипломанстване с руската дипломация (с Митрофанофа ) неизбежно и фатално прави от България едно сляпо и послушно оръдие в ръцете на руската завоевателна политика на Балканите.",анонимен,преди 2 дни,6,1,2026-04-11 17:07:18
dnes.bg,https://www.dnes.bg/c/604-izbori-2026,https://www.dnes.bg/a/1-bulgaria/717372-sova-haris-pri-izbori-dnes-335-podkrepyat-radev-19-gerb-pp-db-112,"""Сова Харис"" при избори днес: 33,5% подкрепят Радев, 19% ГЕРБ, ПП-ДБ - 11,2%",09.04.2026 | 12:07 ч.,,69,"Всеки 3-ти за Радев. Не познавам човек, който да ми е казал, че ще гласува за Радев. От къде вземате тази извадка от 800, 1000 или 100 човека, не знам.",анонимен,преди 2 дни,8,1,2026-04-11 17:07:22
dnes.bg,https://www.dnes.bg/c/604-izbori-2026,https://www.dnes.bg/a/1-bulgaria/717372-sova-haris-pri-izbori-dnes-335-podkrepyat-radev-19-gerb-pp-db-112,"""Сова Харис"" при избори днес: 33,5% подкрепят Радев, 19% ГЕРБ, ПП-ДБ - 11,2%",09.04.2026 | 12:07 ч.,,68,ПП = на Пълен Провал или Пълен Потрес,Аха,преди 2 дни,5,2,2026-04-11 17:07:22
dnes.bg,https://www.dnes.bg/c/604-izbori-2026,https://www.dnes.bg/a/1-bulgaria/717372-sova-haris-pri-izbori-dnes-335-podkrepyat-radev-19-gerb-pp-db-112,"""Сова Харис"" при избори днес: 33,5% подкрепят Радев, 19% ГЕРБ, ПП-ДБ - 11,2%",09.04.2026 | 12:07 ч.,,67,От 1989г. до 2022г. в България имаше следните руски правителства след като Русия направи партийния преврат в БКП и свали Тодор Живков: 1. Правителство на руския гражданин Андрей Луканов. 2. Правителство на Димитър Попов. 3. Правителство на Любен Беров. 4. Правителство на Жан Виденов. 5. Правителство на Стефан Софиянски. 6. Правителство на Симеон Сакскобурготски. 7. Правителство на Сергей Станишев. 8. Правителство на Пламен Орешарски.. Правителства на Радев партизанския юмрук Всички до един а ...,нагласена стъкмистик,преди 2 дни,6,0,2026-04-11 17:07:22
dnes.bg,https://www.dnes.bg/c/604-izbori-2026,https://www.dnes.bg/a/1-bulgaria/717372-sova-haris-pri-izbori-dnes-335-podkrepyat-radev-19-gerb-pp-db-112,"""Сова Харис"" при избори днес: 33,5% подкрепят Радев, 19% ГЕРБ, ПП-ДБ - 11,2%",09.04.2026 | 12:07 ч.,,66,прогресивен популист радев го готвят за премиерин от маскве,анонимен,преди 2 дни,6,0,2026-04-11 17:07:22
dnes.bg,https://www.dnes.bg/c/604-izbori-2026,https://www.dnes.bg/a/1-bulgaria/717372-sova-haris-pri-izbori-dnes-335-podkrepyat-radev-19-gerb-pp-db-112,"""Сова Харис"" при избори днес: 33,5% подкрепят Радев, 19% ГЕРБ, ПП-ДБ - 11,2%",09.04.2026 | 12:07 ч.,,65,До: МунчоТака ли каза просещия уркунчо,анонимен,преди 2 дни,0,4,2026-04-11 17:07:22
dnes.bg,https://www.dnes.bg/c/604-izbori-2026,https://www.dnes.bg/a/1-bulgaria/717372-sova-haris-pri-izbori-dnes-335-podkrepyat-radev-19-gerb-pp-db-112,"""Сова Харис"" при избори днес: 33,5% подкрепят Радев, 19% ГЕРБ, ПП-ДБ - 11,2%",09.04.2026 | 12:07 ч.,,64,"Мислех да гласувам за МЕЧ. Ама те нямало да влязат, за какво да им гласувам. Значи ще гласувам за Радев... Ей така работят тези ""проучвания"".",Пахтакор,преди 2 дни,3,2,2026-04-11 17:07:22
dnes.bg,https://www.dnes.bg/c/604-izbori-2026,https://www.dnes.bg/a/1-bulgaria/717372-sova-haris-pri-izbori-dnes-335-podkrepyat-radev-19-gerb-pp-db-112,"""Сова Харис"" при избори днес: 33,5% подкрепят Радев, 19% ГЕРБ, ПП-ДБ - 11,2%",09.04.2026 | 12:07 ч.,,63,"Радев иска да направи евроскептичен завой идеологическа хватка на Русия. Основното му мото е да продава страхове. Когато има криза той казва следвайте ме (както Орбан) без да говори, но за къде. Към Русия където е диктатурата, болката. Той се помъчи и да открадне протеста.",анонимен,преди 2 дни,4,0,2026-04-11 17:07:22
dnes.bg,https://www.dnes.bg/c/604-izbori-2026,https://www.dnes.bg/a/1-bulgaria/717372-sova-haris-pri-izbori-dnes-335-podkrepyat-radev-19-gerb-pp-db-112,"""Сова Харис"" при избори днес: 33,5% подкрепят Радев, 19% ГЕРБ, ПП-ДБ - 11,2%",09.04.2026 | 12:07 ч.,,62,До: Архивите са живиЕ много е нагъл просещия украински архивар,анонимен,преди 2 дни,1,3,2026-04-11 17:07:22
dnes.bg,https://www.dnes.bg/c/604-izbori-2026,https://www.dnes.bg/a/1-bulgaria/717372-sova-haris-pri-izbori-dnes-335-podkrepyat-radev-19-gerb-pp-db-112,"""Сова Харис"" при избори днес: 33,5% подкрепят Радев, 19% ГЕРБ, ПП-ДБ - 11,2%",09.04.2026 | 12:07 ч.,,61,На жал-карите от ПП-ДБ и това им е много!!,Аха,преди 2 дни,1,2,2026-04-11 17:07:22
dnes.bg,https://www.dnes.bg/c/604-izbori-2026,https://www.dnes.bg/a/1-bulgaria/717372-sova-haris-pri-izbori-dnes-335-podkrepyat-radev-19-gerb-pp-db-112,"""Сова Харис"" при избори днес: 33,5% подкрепят Радев, 19% ГЕРБ, ПП-ДБ - 11,2%",09.04.2026 | 12:07 ч.,,60,"Само ламите! БКП Форевър, оле!",анонимен,преди 2 дни,0,3,2026-04-11 17:07:22
dnes.bg,https://www.dnes.bg/c/604-izbori-2026,https://www.dnes.bg/a/1-bulgaria/717372-sova-haris-pri-izbori-dnes-335-podkrepyat-radev-19-gerb-pp-db-112,"""Сова Харис"" при избори днес: 33,5% подкрепят Радев, 19% ГЕРБ, ПП-ДБ - 11,2%",09.04.2026 | 12:07 ч.,,59,"Прогнозните резултати за изборите са на Митрофанова, която активно работи за мероприятието ""Радев"" на Москва. По точно Радев да ни върне страната в евразия под ботуша на москва, да сме им пета колона. ПП-ДБ нямат нищо общо с Радев. Той създаде групировка. За разлика от русофила,Радев, то ПП-ДБте са Евроатлантици за Европейски път на развитие на страната.",анонимен,преди 2 дни,3,3,2026-04-11 17:07:24
dnes.bg,https://www.dnes.bg/c/604-izbori-2026,https://www.dnes.bg/a/1-bulgaria/717372-sova-haris-pri-izbori-dnes-335-podkrepyat-radev-19-gerb-pp-db-112,"""Сова Харис"" при избори днес: 33,5% подкрепят Радев, 19% ГЕРБ, ПП-ДБ - 11,2%",09.04.2026 | 12:07 ч.,,58,ПП ПОБЕДА,ПП ПОБЕДА,преди 2 дни,2,5,2026-04-11 17:07:24
dnes.bg,https://www.dnes.bg/c/604-izbori-2026,https://www.dnes.bg/a/1-bulgaria/717372-sova-haris-pri-izbori-dnes-335-podkrepyat-radev-19-gerb-pp-db-112,"""Сова Харис"" при избори днес: 33,5% подкрепят Радев, 19% ГЕРБ, ПП-ДБ - 11,2%",09.04.2026 | 12:07 ч.,,57,"И какво като надуват процентите за Радев. Балона ще се спука на 19 април. А и мен, и много мои познати ни амбицират да гласуваме за ГЕРБ.",Ада на чебурашките,преди 2 дни,6,3,2026-04-11 17:07:24
dnes.bg,https://www.dnes.bg/c/604-izbori-2026,https://www.dnes.bg/a/1-bulgaria/717372-sova-haris-pri-izbori-dnes-335-podkrepyat-radev-19-gerb-pp-db-112,"""Сова Харис"" при избори днес: 33,5% подкрепят Радев, 19% ГЕРБ, ПП-ДБ - 11,2%",09.04.2026 | 12:07 ч.,,56,"Радев е представител на комунизма. Бивш комунис няма. 1.02.Ден на жертвите от комунизма. Само издадените смъртни присъди от Народният съд е 2730 но броя на жертвите е по-голям, Само убитите без съд и присъда по най-консервативна оценка е над 6000 но с безследно изчезналите числото надхвърля 26000",анонимен,преди 2 дни,6,3,2026-04-11 17:07:24
dnes.bg,https://www.dnes.bg/c/604-izbori-2026,https://www.dnes.bg/a/1-bulgaria/717372-sova-haris-pri-izbori-dnes-335-podkrepyat-radev-19-gerb-pp-db-112,"""Сова Харис"" при избори днес: 33,5% подкрепят Радев, 19% ГЕРБ, ПП-ДБ - 11,2%",09.04.2026 | 12:07 ч.,,55,"До: анонимен 52 То и аз като ме питат за кого ще гласувам, казвам за Величие (да става майтап) Иначе няма да гласувам или ще гласувам за ГЕРБ или ППДБ според настроението в изборния ден",анонимен,преди 2 дни,1,2,2026-04-11 17:07:24
dnes.bg,https://www.dnes.bg/c/604-izbori-2026,https://www.dnes.bg/a/1-bulgaria/717372-sova-haris-pri-izbori-dnes-335-podkrepyat-radev-19-gerb-pp-db-112,"""Сова Харис"" при избори днес: 33,5% подкрепят Радев, 19% ГЕРБ, ПП-ДБ - 11,2%",09.04.2026 | 12:07 ч.,,54,"Радев може да разчита основно на автентичния си русофилски електорат. Но той е едва 25%, а и трябва да го дели с Възраждане, БСП и други маргинали. Няма как да има вълна без хората от Протеста - а те са преобладаващо европейци. Затова голямата му цел е да се позиционира като европеец в центъра и да отнеме от електората на ПП-ДБ. И той да стане Алтернативата, а те да бъдат портретирани като Сглобкаджии.",анонимен,преди 2 дни,6,1,2026-04-11 17:07:24
dnes.bg,https://www.dnes.bg/c/604-izbori-2026,https://www.dnes.bg/a/1-bulgaria/717372-sova-haris-pri-izbori-dnes-335-podkrepyat-radev-19-gerb-pp-db-112,"""Сова Харис"" при избори днес: 33,5% подкрепят Радев, 19% ГЕРБ, ПП-ДБ - 11,2%",09.04.2026 | 12:07 ч.,,53,До: Архивите са живиИ просещия украински архивар се появи.,анонимен,преди 2 дни,0,2,2026-04-11 17:07:24
dnes.bg,https://www.dnes.bg/c/604-izbori-2026,https://www.dnes.bg/a/1-bulgaria/717372-sova-haris-pri-izbori-dnes-335-podkrepyat-radev-19-gerb-pp-db-112,"""Сова Харис"" при избори днес: 33,5% подкрепят Радев, 19% ГЕРБ, ПП-ДБ - 11,2%",09.04.2026 | 12:07 ч.,,52,"протежето на решетников и мутроанова 33,5%..... ама дали някой ще гласува за него или ще ни го натресат от масква?",анонимен,преди 2 дни,5,0,2026-04-11 17:07:24
dnes.bg,https://www.dnes.bg/c/604-izbori-2026,https://www.dnes.bg/a/1-bulgaria/717372-sova-haris-pri-izbori-dnes-335-podkrepyat-radev-19-gerb-pp-db-112,"""Сова Харис"" при избори днес: 33,5% подкрепят Радев, 19% ГЕРБ, ПП-ДБ - 11,2%",09.04.2026 | 12:07 ч.,,51,"Стана модерно да се бори корупцията. Обаче корупцията не се бори с общи приказки. Корупцията не се бори с договори като ""Боташ"". Всяко българско семейство плаща 50 евро за ""Боташ"" от сметката си за ток и парно и ще продължи да го плаща следващите 10 години.",анонимен,преди 2 дни,7,1,2026-04-11 17:07:24
dnes.bg,https://www.dnes.bg/c/604-izbori-2026,https://www.dnes.bg/a/1-bulgaria/717372-sova-haris-pri-izbori-dnes-335-podkrepyat-radev-19-gerb-pp-db-112,"""Сова Харис"" при избори днес: 33,5% подкрепят Радев, 19% ГЕРБ, ПП-ДБ - 11,2%",09.04.2026 | 12:07 ч.,,50,"До: РусофилА украинския зомбофил си е повярвал,че тук му е украйната.",анонимен,преди 2 дни,1,5,2026-04-11 17:07:24
dnes.bg,https://www.dnes.bg/c/604-izbori-2026,https://www.dnes.bg/a/1-bulgaria/717372-sova-haris-pri-izbori-dnes-335-podkrepyat-radev-19-gerb-pp-db-112,"""Сова Харис"" при избори днес: 33,5% подкрепят Радев, 19% ГЕРБ, ПП-ДБ - 11,2%",09.04.2026 | 12:07 ч.,,49,"11,2% за партията на бившите комсомолски секретари и настоящи педофили от ППДБ?! Не върви на добре тая държава!",Добри Джуров,преди 2 дни,6,4,2026-04-11 17:07:27
dnes.bg,https://www.dnes.bg/c/604-izbori-2026,https://www.dnes.bg/a/1-bulgaria/717372-sova-haris-pri-izbori-dnes-335-podkrepyat-radev-19-gerb-pp-db-112,"""Сова Харис"" при избори днес: 33,5% подкрепят Радев, 19% ГЕРБ, ПП-ДБ - 11,2%",09.04.2026 | 12:07 ч.,,48,"Радев управлява през служебни кабинети 1 година, 8 месеца и 12 дни. Служебните кабинети на Радев далеч надхвърляха това, за което са избрани. Да уволниш 14 хиляди души за няколко месеца каква е работа на служебния кабинет да си създава собствена администрация? Да подпишеш договор с Боташ до 2035, който по общото мнение е най-корупционният договор.Корнелия Нинова 17.11.2024",Архивите са живи,преди 2 дни,5,3,2026-04-11 17:07:27
dnes.bg,https://www.dnes.bg/c/604-izbori-2026,https://www.dnes.bg/a/1-bulgaria/717372-sova-haris-pri-izbori-dnes-335-podkrepyat-radev-19-gerb-pp-db-112,"""Сова Харис"" при избори днес: 33,5% подкрепят Радев, 19% ГЕРБ, ПП-ДБ - 11,2%",09.04.2026 | 12:07 ч.,,47,"Президентът на Турция е голям играч, и тогава ни ""опука"", за да направиме договора с ""Боташ"". Сега ние всеки ден плащаме на турските ""джензита"" по 600 хиляди евро. Всъщност Румен Радев и неговото правителство дадоха картите на България в ръцете на Ердоган, и сега той си играе с нас. Разбирате ли как ни успа тогава Ердоган?, - винаги националните предатели в историята ни са такива - същите са предали и Левски, и Ботев.14.03.2026Бойко Борисов",Архивите са живи,преди 2 дни,6,3,2026-04-11 17:07:27
dnes.bg,https://www.dnes.bg/c/604-izbori-2026,https://www.dnes.bg/a/1-bulgaria/717372-sova-haris-pri-izbori-dnes-335-podkrepyat-radev-19-gerb-pp-db-112,"""Сова Харис"" при избори днес: 33,5% подкрепят Радев, 19% ГЕРБ, ПП-ДБ - 11,2%",09.04.2026 | 12:07 ч.,,46,"СЕГА Е МОМЕНТА ДА ИЗРИТАМЕ ДВЕТЕ ЧУДОВИЩА ОТ УПРАВЛЕНИЕТО НА ДЪРЖАВАТА.ДВАМАТА МАФИОТИ,КОИТО НИ ГРАБЯТ ТОЛКОВА ГОДИНИ И ПРЕВЪРНАХА КОРУПЦИЯТА В МОДЕЛ НА УПРАВЛЕНИЕ.АЛЧНИТЕ,НАГЛИ,НЕНАСИТНИ ПРЕСТЪПНИЦИ ТРЯБВА ДА СЕ ОЗОВАТ В ЗАТВОРА...",Хичо,преди 2 дни,5,3,2026-04-11 17:07:27
dnes.bg,https://www.dnes.bg/c/604-izbori-2026,https://www.dnes.bg/a/1-bulgaria/717372-sova-haris-pri-izbori-dnes-335-podkrepyat-radev-19-gerb-pp-db-112,"""Сова Харис"" при избори днес: 33,5% подкрепят Радев, 19% ГЕРБ, ПП-ДБ - 11,2%",09.04.2026 | 12:07 ч.,,45,"""Радев е поредният олигархичен продукт, който се предлага на българската политическа сцена."" Костадин Костадинов, лидер на ""Възраждане"" пред Лора Крумова в предаването ""На фокус"" 22.03.2026",Архивите са живи,преди 2 дни,5,5,2026-04-11 17:07:27
dnes.bg,https://www.dnes.bg/c/604-izbori-2026,https://www.dnes.bg/a/1-bulgaria/717372-sova-haris-pri-izbori-dnes-335-podkrepyat-radev-19-gerb-pp-db-112,"""Сова Харис"" при избори днес: 33,5% подкрепят Радев, 19% ГЕРБ, ПП-ДБ - 11,2%",09.04.2026 | 12:07 ч.,,44,"А защо при почти всички проведени алтернативни проучвания с кутии на обществени места, Величие е на второ или трето място, а социолозите се правят че това не съществува? Как ще обяснят поредните си тотално сбъркани прогнози в ноща на вота???",анонимен,преди 2 дни,6,6,2026-04-11 17:07:27
dnes.bg,https://www.dnes.bg/c/604-izbori-2026,https://www.dnes.bg/a/1-bulgaria/717372-sova-haris-pri-izbori-dnes-335-podkrepyat-radev-19-gerb-pp-db-112,"""Сова Харис"" при избори днес: 33,5% подкрепят Радев, 19% ГЕРБ, ПП-ДБ - 11,2%",09.04.2026 | 12:07 ч.,,43,"Пълни глупости, накрая Величие влизат и социолозите казват ""Абе, объркахме се!"". Сияние на бившия гербаджия няма как да събере повече от 1-1,5%, няма как партия без структури и активисти да има представителство в Парламента!",Реалист,преди 2 дни,6,2,2026-04-11 17:07:27
dnes.bg,https://www.dnes.bg/c/604-izbori-2026,https://www.dnes.bg/a/1-bulgaria/717372-sova-haris-pri-izbori-dnes-335-podkrepyat-radev-19-gerb-pp-db-112,"""Сова Харис"" при избори днес: 33,5% подкрепят Радев, 19% ГЕРБ, ПП-ДБ - 11,2%",09.04.2026 | 12:07 ч.,,42,"Изследванията на обществените нагласи в България се манипулират по поръчка на политически партии. Едни плащат за неверен резултат, други плащат да разберат какво е положението, трети казват: ""А бе, дай, сложи ни още едни 5% отгоре"". Аз не познавам нито един социолог, на който да не са му предлагали. Торбата с парите е готова, така че е въпрос на професионална съвест. Идеята, че никой няма да се съгласи да вземе едни 20 000 евро, е, меко казано, несериозно.Кольо Колев, социолог17.03.2026",Ха-ха-ха,преди 2 дни,6,0,2026-04-11 17:07:27
dnes.bg,https://www.dnes.bg/c/604-izbori-2026,https://www.dnes.bg/a/1-bulgaria/717372-sova-haris-pri-izbori-dnes-335-podkrepyat-radev-19-gerb-pp-db-112,"""Сова Харис"" при избори днес: 33,5% подкрепят Радев, 19% ГЕРБ, ПП-ДБ - 11,2%",09.04.2026 | 12:07 ч.,,41,"До: истинатаПросяка от шестата дупка на кавала не разбра,че неговите просешки истини да си ги държи в украйната.",анонимен,преди 2 дни,0,3,2026-04-11 17:07:27
dnes.bg,https://www.dnes.bg/c/604-izbori-2026,https://www.dnes.bg/a/1-bulgaria/717372-sova-haris-pri-izbori-dnes-335-podkrepyat-radev-19-gerb-pp-db-112,"""Сова Харис"" при избори днес: 33,5% подкрепят Радев, 19% ГЕРБ, ПП-ДБ - 11,2%",09.04.2026 | 12:07 ч.,,40,"Русия иска да ни изсели/изтребе и да засели руснаци в Северна България а Южна България да даде на Туркия, така ще имат хем удобен достъп до Черно море и Дунав, хем ще имат стабилна и сигурна граница с Туркия (Стара планина). Радев е само пешка (генерал-пешка) в тяхната схема.",Планът на Дугин,преди 2 дни,4,4,2026-04-11 17:07:27
dnes.bg,https://www.dnes.bg/c/604-izbori-2026,https://www.dnes.bg/a/1-bulgaria/717372-sova-haris-pri-izbori-dnes-335-podkrepyat-radev-19-gerb-pp-db-112,"""Сова Харис"" при избори днес: 33,5% подкрепят Радев, 19% ГЕРБ, ПП-ДБ - 11,2%",09.04.2026 | 12:07 ч.,,39,"Само не ми е ясно какво точно очакват гласуващите за Радев да се промени когато всичките му кандидат депутати са бивши членове на БСП, ИТН, ПП-ДБ (бивши коалиционни партньори на ГЕРБ) или бивши членове на ГЕРБ? Ще махаме герб от властта като слагаме техни членове за депутати? Нещо като махаме БКП з да сложим БСП на власт?",Русофил,преди 2 дни,7,2,2026-04-11 17:07:30
dnes.bg,https://www.dnes.bg/c/604-izbori-2026,https://www.dnes.bg/a/1-bulgaria/717372-sova-haris-pri-izbori-dnes-335-podkrepyat-radev-19-gerb-pp-db-112,"""Сова Харис"" при избори днес: 33,5% подкрепят Радев, 19% ГЕРБ, ПП-ДБ - 11,2%",09.04.2026 | 12:07 ч.,,38,"До: Аноним/34 ""ЗА ДЕМОКРАЦИЯ ЗА ЕВРОПА"" - каква ""Европа"" бе, про'с'так неграмотен - пий си хапчетата да се успокоиш!",анонимен,преди 2 дни,1,2,2026-04-11 17:07:30
dnes.bg,https://www.dnes.bg/c/604-izbori-2026,https://www.dnes.bg/a/1-bulgaria/717372-sova-haris-pri-izbori-dnes-335-podkrepyat-radev-19-gerb-pp-db-112,"""Сова Харис"" при избори днес: 33,5% подкрепят Радев, 19% ГЕРБ, ПП-ДБ - 11,2%",09.04.2026 | 12:07 ч.,,37,"До: Ачо/39 ""Е, то за България е по-скоро правило, отколкото прецедент, да се управлява от подобни ''индивиди''"" - а как е в ес? Как е в ес?",Христо Христов,преди 2 дни,1,2,2026-04-11 17:07:30
dnes.bg,https://www.dnes.bg/c/604-izbori-2026,https://www.dnes.bg/a/1-bulgaria/717372-sova-haris-pri-izbori-dnes-335-podkrepyat-radev-19-gerb-pp-db-112,"""Сова Харис"" при избори днес: 33,5% подкрепят Радев, 19% ГЕРБ, ПП-ДБ - 11,2%",09.04.2026 | 12:07 ч.,,36,"Прогнозните резултати за изборите са на Митрофанова, която активно работи за мероприятието ""Радев"" на Москва. По точно Радев да ни върне страната в евразия под ботуша на москва, да сме им пета колона. ПП-ДБ нямат нищо общо с Радев. Той създаде групировка. За разлика от русофила,Радев, то ПП-ДБте са Евроатлантици за Европейски път на развитие на страната.",истината,преди 2 дни,6,7,2026-04-11 17:07:30
dnes.bg,https://www.dnes.bg/c/604-izbori-2026,https://www.dnes.bg/a/1-bulgaria/717372-sova-haris-pri-izbori-dnes-335-podkrepyat-radev-19-gerb-pp-db-112,"""Сова Харис"" при избори днес: 33,5% подкрепят Радев, 19% ГЕРБ, ПП-ДБ - 11,2%",09.04.2026 | 12:07 ч.,,35,Както Борисов каза преди 4 години - заслужавате си мачкането...,Христо Христов,преди 2 дни,6,5,2026-04-11 17:07:30
dnes.bg,https://www.dnes.bg/c/604-izbori-2026,https://www.dnes.bg/a/1-bulgaria/717372-sova-haris-pri-izbori-dnes-335-podkrepyat-radev-19-gerb-pp-db-112,"""Сова Харис"" при избори днес: 33,5% подкрепят Радев, 19% ГЕРБ, ПП-ДБ - 11,2%",09.04.2026 | 12:07 ч.,,34,"Ей, кауни, защо ми изтрихте мнението за гласоподавателите на макрсистите от ПП_ДБ? Нещо много нагли станахте, да триете мнения които не ви харезсват! Много нагли! Самозабравихте се!",анонимен,преди 2 дни,6,3,2026-04-11 17:07:30
dnes.bg,https://www.dnes.bg/c/604-izbori-2026,https://www.dnes.bg/a/1-bulgaria/717372-sova-haris-pri-izbori-dnes-335-podkrepyat-radev-19-gerb-pp-db-112,"""Сова Харис"" при избори днес: 33,5% подкрепят Радев, 19% ГЕРБ, ПП-ДБ - 11,2%",09.04.2026 | 12:07 ч.,,33,"До: Ада на чебурашкитеА ти като си бил чувал само руска реч в центъра на София престани да се буташ в български сайт,зомбак на зеления клоун.",анонимен,преди 2 дни,7,4,2026-04-11 17:07:30
dnes.bg,https://www.dnes.bg/c/604-izbori-2026,https://www.dnes.bg/a/1-bulgaria/717372-sova-haris-pri-izbori-dnes-335-podkrepyat-radev-19-gerb-pp-db-112,"""Сова Харис"" при избори днес: 33,5% подкрепят Радев, 19% ГЕРБ, ПП-ДБ - 11,2%",09.04.2026 | 12:07 ч.,,32,"Човек, който 9 години си е седял на ръцете и освен да мята гоФна по другите, за 5ст. работа не е свършил, сега се канят да ни го инсталират за генерален директор под празни слова на тема демокрация, народа, ала бала...? Е, то за България е по-скоро правило, отколкото прецедент, да се управлява от подобни ''индивиди''",Ачо,преди 2 дни,7,3,2026-04-11 17:07:30
dnes.bg,https://www.dnes.bg/c/604-izbori-2026,https://www.dnes.bg/a/1-bulgaria/717372-sova-haris-pri-izbori-dnes-335-podkrepyat-radev-19-gerb-pp-db-112,"""Сова Харис"" при избори днес: 33,5% подкрепят Радев, 19% ГЕРБ, ПП-ДБ - 11,2%",09.04.2026 | 12:07 ч.,,31,Абсолютна лъжливи изледвания. Величие ще е първа политическа сила с 56% от гласовете!,анонимен,преди 2 дни,4,7,2026-04-11 17:07:30
dnes.bg,https://www.dnes.bg/c/604-izbori-2026,https://www.dnes.bg/a/1-bulgaria/717372-sova-haris-pri-izbori-dnes-335-podkrepyat-radev-19-gerb-pp-db-112,"""Сова Харис"" при избори днес: 33,5% подкрепят Радев, 19% ГЕРБ, ПП-ДБ - 11,2%",09.04.2026 | 12:07 ч.,,30,"до 32 За 5-те години, в които съществуват ПП-ДБ нанесоха огромно количество щети на България и българите. Като се започне от ходенето на Кирчо до Скопие и се завърши с дивотиите на настоящото юнак-гюрово правителство.",анонимен,преди 2 дни,7,5,2026-04-11 17:07:30
dnes.bg,https://www.dnes.bg/c/604-izbori-2026,https://www.dnes.bg/a/1-bulgaria/717372-sova-haris-pri-izbori-dnes-335-podkrepyat-radev-19-gerb-pp-db-112,"""Сова Харис"" при избори днес: 33,5% подкрепят Радев, 19% ГЕРБ, ПП-ДБ - 11,2%",09.04.2026 | 12:07 ч.,,29,"При съседите в Румъния руснаците не успяха, но сега са се заели с активното мероприятие ""Радев"" като постоянно пускат статии като го представят за независим. А генерала от КГБ отговорник за политиката на Москва на Балканите Леонит Решетников, го препоръча и постави за президент. Според Подоляк е възможно методите на Москва да включват дори убийства в страни, които иска да дестабилизира",истината,преди 2 дни,6,9,2026-04-11 17:07:33
dnes.bg,https://www.dnes.bg/c/604-izbori-2026,https://www.dnes.bg/a/1-bulgaria/717372-sova-haris-pri-izbori-dnes-335-podkrepyat-radev-19-gerb-pp-db-112,"""Сова Харис"" при избори днес: 33,5% подкрепят Радев, 19% ГЕРБ, ПП-ДБ - 11,2%",09.04.2026 | 12:07 ч.,,28,"Най-са кефя, че меч и величие нема да влезнат в парламента!",Курдо Коленков,преди 2 дни,11,1,2026-04-11 17:07:33
dnes.bg,https://www.dnes.bg/c/604-izbori-2026,https://www.dnes.bg/a/1-bulgaria/717372-sova-haris-pri-izbori-dnes-335-podkrepyat-radev-19-gerb-pp-db-112,"""Сова Харис"" при избори днес: 33,5% подкрепят Радев, 19% ГЕРБ, ПП-ДБ - 11,2%",09.04.2026 | 12:07 ч.,,27,САМО ЧЕРВЕНИ МИЖИТУРКИ ОТ РОССИЯ ГЛАСУВАТ ЗА ТЯХ.... КОЛКО ДА СА ОСТАНАЛИ ЖИВИ СЛЕД 35 ГОДИНИ....,МИЖАВ ПРОГРЕС,преди 2 дни,4,9,2026-04-11 17:07:33
dnes.bg,https://www.dnes.bg/c/604-izbori-2026,https://www.dnes.bg/a/1-bulgaria/717372-sova-haris-pri-izbori-dnes-335-podkrepyat-radev-19-gerb-pp-db-112,"""Сова Харис"" при избори днес: 33,5% подкрепят Радев, 19% ГЕРБ, ПП-ДБ - 11,2%",09.04.2026 | 12:07 ч.,,26,КРИМ Е РУСКИ!,Радев,преди 2 дни,10,4,2026-04-11 17:07:33
dnes.bg,https://www.dnes.bg/c/604-izbori-2026,https://www.dnes.bg/a/1-bulgaria/717372-sova-haris-pri-izbori-dnes-335-podkrepyat-radev-19-gerb-pp-db-112,"""Сова Харис"" при избори днес: 33,5% подкрепят Радев, 19% ГЕРБ, ПП-ДБ - 11,2%",09.04.2026 | 12:07 ч.,,25,Оня с оскубаните вежди ще си го вкарам да ми е патерица ;) хехе ГЕРБ ПОБЕДА!,Бойко Българоубиец,преди 2 дни,6,8,2026-04-11 17:07:33
dnes.bg,https://www.dnes.bg/c/604-izbori-2026,https://www.dnes.bg/a/1-bulgaria/717372-sova-haris-pri-izbori-dnes-335-podkrepyat-radev-19-gerb-pp-db-112,"""Сова Харис"" при избори днес: 33,5% подкрепят Радев, 19% ГЕРБ, ПП-ДБ - 11,2%",09.04.2026 | 12:07 ч.,,24,"Вижда се коя агенция служи на митрофанова, като манипулира и лъже в прогнозните резултати. Колко ли евро са и прибрали, ще си кажат ли сумата",истината,преди 2 дни,10,6,2026-04-11 17:07:33
dnes.bg,https://www.dnes.bg/c/604-izbori-2026,https://www.dnes.bg/a/1-bulgaria/717372-sova-haris-pri-izbori-dnes-335-podkrepyat-radev-19-gerb-pp-db-112,"""Сова Харис"" при избори днес: 33,5% подкрепят Радев, 19% ГЕРБ, ПП-ДБ - 11,2%",09.04.2026 | 12:07 ч.,,23,"п.с. Празнодумеца Радев да каже, чий е Ормузкия проток??",Пирата,преди 2 дни,6,5,2026-04-11 17:07:33
dnes.bg,https://www.dnes.bg/c/604-izbori-2026,https://www.dnes.bg/a/1-bulgaria/717372-sova-haris-pri-izbori-dnes-335-podkrepyat-radev-19-gerb-pp-db-112,"""Сова Харис"" при избори днес: 33,5% подкрепят Радев, 19% ГЕРБ, ПП-ДБ - 11,2%",09.04.2026 | 12:07 ч.,,22,"Искам, когато пишете или говорите за Радев, да го наричате с титлата му която е Празнодумеца. Т.е. в случая заглавието трябва да се чете ''При избори днес 33,5% подкрепят Празнодумеца Радев''",Пирата,преди 2 дни,7,4,2026-04-11 17:07:33
dnes.bg,https://www.dnes.bg/c/604-izbori-2026,https://www.dnes.bg/a/1-bulgaria/717372-sova-haris-pri-izbori-dnes-335-podkrepyat-radev-19-gerb-pp-db-112,"""Сова Харис"" при избори днес: 33,5% подкрепят Радев, 19% ГЕРБ, ПП-ДБ - 11,2%",09.04.2026 | 12:07 ч.,,21,"Прогнозните резултати за изборите са на Митрофанова, която активно работи за мероприятието ""Радев"" на Москва. По точно Радев да ни върне страната в евразия под ботуша на москва, да сме им пета колона. ПП-ДБ нямат нищо общо с Радев. Той създаде групировка. За разлика от русофила,Радев, то ПП-ДБте са Евроатлантици за Европейски път на развитие на страната.",истината,преди 2 дни,7,6,2026-04-11 17:07:33
dnes.bg,https://www.dnes.bg/c/604-izbori-2026,https://www.dnes.bg/a/1-bulgaria/717372-sova-haris-pri-izbori-dnes-335-podkrepyat-radev-19-gerb-pp-db-112,"""Сова Харис"" при избори днес: 33,5% подкрепят Радев, 19% ГЕРБ, ПП-ДБ - 11,2%",09.04.2026 | 12:07 ч.,,20,"Нека да кажем истината, че при избори днес гербарастите и пепетутките са пълни нууулиии. Стига ги раздували като че ли нещо значимо. И двете, така наречени, уж партии толкова са издънили в очите на народа.",Народна тояга,преди 2 дни,3,5,2026-04-11 17:07:33
dnes.bg,https://www.dnes.bg/c/604-izbori-2026,https://www.dnes.bg/a/1-bulgaria/717372-sova-haris-pri-izbori-dnes-335-podkrepyat-radev-19-gerb-pp-db-112,"""Сова Харис"" при избори днес: 33,5% подкрепят Радев, 19% ГЕРБ, ПП-ДБ - 11,2%",09.04.2026 | 12:07 ч.,,19,"Важно е да се гласува !!! Колкото повече хора гласуват , толкова по-трудно и скъпо излиза купуването на гласове.",анонимен,преди 2 дни,10,1,2026-04-11 17:07:36
dnes.bg,https://www.dnes.bg/c/604-izbori-2026,https://www.dnes.bg/a/1-bulgaria/717372-sova-haris-pri-izbori-dnes-335-podkrepyat-radev-19-gerb-pp-db-112,"""Сова Харис"" при избори днес: 33,5% подкрепят Радев, 19% ГЕРБ, ПП-ДБ - 11,2%",09.04.2026 | 12:07 ч.,,18,ТОЧНО СЕГА Е МОМЕНТА ДА РАЗПОРЕДИ *** СЕКРЕТАР НА МВР ДА ВЛЕЗНАТ БАРЕТИТЕ ВЪВ ПРОКУРАТУРАТА И ВЪВ ВСС И ДА ГИ АРЕСТУВАТ И ОБИСК ВЪВ КЪЩИТЕ ИМ И ОФИСИ И НАВСЯКАДЕ ТЕ СА ОТ МАФИЯТА ТЯХ НЕГИ ИНТЕРЕСУВАТ ХОРАТА,анонимен,преди 2 дни,3,4,2026-04-11 17:07:36
dnes.bg,https://www.dnes.bg/c/604-izbori-2026,https://www.dnes.bg/a/1-bulgaria/717372-sova-haris-pri-izbori-dnes-335-podkrepyat-radev-19-gerb-pp-db-112,"""Сова Харис"" при избори днес: 33,5% подкрепят Радев, 19% ГЕРБ, ПП-ДБ - 11,2%",09.04.2026 | 12:07 ч.,,17,Боко как пак събира 20% ? Явно не са успяли да махнат от държавната администрация всичките калинки на ГЕРБ.,анонимен,преди 2 дни,8,5,2026-04-11 17:07:36
dnes.bg,https://www.dnes.bg/c/604-izbori-2026,https://www.dnes.bg/a/1-bulgaria/717372-sova-haris-pri-izbori-dnes-335-podkrepyat-radev-19-gerb-pp-db-112,"""Сова Харис"" при избори днес: 33,5% подкрепят Радев, 19% ГЕРБ, ПП-ДБ - 11,2%",09.04.2026 | 12:07 ч.,,16,Вместо да хода на избори ще надигам бутилката с огнена вода!,смока,преди 2 дни,3,3,2026-04-11 17:07:36
dnes.bg,https://www.dnes.bg/c/604-izbori-2026,https://www.dnes.bg/a/1-bulgaria/717372-sova-haris-pri-izbori-dnes-335-podkrepyat-radev-19-gerb-pp-db-112,"""Сова Харис"" при избори днес: 33,5% подкрепят Радев, 19% ГЕРБ, ПП-ДБ - 11,2%",09.04.2026 | 12:07 ч.,,15,"Ако това беше ИСТИНА, фашистката диктатура, която ни управлява нямаше така ОТЧАЯНО И ПАНИЧЕСКИ да реве на господарите си да запускат шаблона с ""руската намеса"", после ""митичните хакери"", и т. нт. по ""румънския"" сценарий, когато фашистите отмениха демократичния избор на ""независима"" държава. Ние обаче ще защитим избора си! И ще започнем първо с труоловете! Референдум! Народен Съд!!!",Истината,преди 2 дни,2,2,2026-04-11 17:07:36
dnes.bg,https://www.dnes.bg/c/604-izbori-2026,https://www.dnes.bg/a/1-bulgaria/717372-sova-haris-pri-izbori-dnes-335-podkrepyat-radev-19-gerb-pp-db-112,"""Сова Харис"" при избори днес: 33,5% подкрепят Радев, 19% ГЕРБ, ПП-ДБ - 11,2%",09.04.2026 | 12:07 ч.,,14,Пеевски ще си разчисти сметките с предателя Борисов преди изборите.,анонимен,преди 2 дни,3,9,2026-04-11 17:07:36
dnes.bg,https://www.dnes.bg/c/604-izbori-2026,https://www.dnes.bg/a/1-bulgaria/717372-sova-haris-pri-izbori-dnes-335-podkrepyat-radev-19-gerb-pp-db-112,"""Сова Харис"" при избори днес: 33,5% подкрепят Радев, 19% ГЕРБ, ПП-ДБ - 11,2%",09.04.2026 | 12:07 ч.,,13,А колко процента ше гласуват - Само 10%..... римляните с парите на Шиши :))))))),анонимен,преди 2 дни,8,3,2026-04-11 17:07:36
dnes.bg,https://www.dnes.bg/c/604-izbori-2026,https://www.dnes.bg/a/1-bulgaria/717372-sova-haris-pri-izbori-dnes-335-podkrepyat-radev-19-gerb-pp-db-112,"""Сова Харис"" при избори днес: 33,5% подкрепят Радев, 19% ГЕРБ, ПП-ДБ - 11,2%",09.04.2026 | 12:07 ч.,,12,"Рундака ако стане втори, няма да може да вдигне самолета после!",анонимен,преди 2 дни,3,7,2026-04-11 17:07:36
dnes.bg,https://www.dnes.bg/c/604-izbori-2026,https://www.dnes.bg/a/1-bulgaria/717372-sova-haris-pri-izbori-dnes-335-podkrepyat-radev-19-gerb-pp-db-112,"""Сова Харис"" при избори днес: 33,5% подкрепят Радев, 19% ГЕРБ, ПП-ДБ - 11,2%",09.04.2026 | 12:07 ч.,,11,ГЮРОВ С ИНФЛУЕНСЪРИТЕ КУПУВА ИЗБОРИ ЗАЩО А ТИЯ ОТКЪДЕ ИЗМИСЛИХА ТОЛКОВА ПРОЦЕНТИ ЗА ИЗВРАТЕНЯЦИТЕ,ДО,преди 2 дни,5,1,2026-04-11 17:07:36
dnes.bg,https://www.dnes.bg/c/604-izbori-2026,https://www.dnes.bg/a/1-bulgaria/717372-sova-haris-pri-izbori-dnes-335-podkrepyat-radev-19-gerb-pp-db-112,"""Сова Харис"" при избори днес: 33,5% подкрепят Радев, 19% ГЕРБ, ПП-ДБ - 11,2%",09.04.2026 | 12:07 ч.,,10,"На следващите избори ще има ниска избирателна активност, след като народът се убеди какви фалшификати са нашите политици!",пързалка,преди 2 дни,7,1,2026-04-11 17:07:36
dnes.bg,https://www.dnes.bg/c/604-izbori-2026,https://www.dnes.bg/a/1-bulgaria/717372-sova-haris-pri-izbori-dnes-335-podkrepyat-radev-19-gerb-pp-db-112,"""Сова Харис"" при избори днес: 33,5% подкрепят Радев, 19% ГЕРБ, ПП-ДБ - 11,2%",09.04.2026 | 12:07 ч.,,9,А колко процента ше гласуват - Само 10%..... :))))))),анонимен,преди 2 дни,5,2,2026-04-11 17:07:39
dnes.bg,https://www.dnes.bg/c/604-izbori-2026,https://www.dnes.bg/a/1-bulgaria/717372-sova-haris-pri-izbori-dnes-335-podkrepyat-radev-19-gerb-pp-db-112,"""Сова Харис"" при избори днес: 33,5% подкрепят Радев, 19% ГЕРБ, ПП-ДБ - 11,2%",09.04.2026 | 12:07 ч.,,8,"Ще гласувам за този, който вкара Методиев Борисов в трудов лагер заедно с всички оядени хрантутници гербаджии. За тях само бой, трудов лагер, национализация, бой и т.н. Ще им покажем колко е ""лека"" България",анонимен,преди 2 дни,16,9,2026-04-11 17:07:39
dnes.bg,https://www.dnes.bg/c/604-izbori-2026,https://www.dnes.bg/a/1-bulgaria/717372-sova-haris-pri-izbori-dnes-335-podkrepyat-radev-19-gerb-pp-db-112,"""Сова Харис"" при избори днес: 33,5% подкрепят Радев, 19% ГЕРБ, ПП-ДБ - 11,2%",09.04.2026 | 12:07 ч.,,7,ГЮРОВ С ИНФЛУЕНСЪРИТЕ КУПУВА ИЗБОРИ ЗАЩО А ТИЯ ОТКЪДЕ ИЗМИСЛИХА ТОЛКОВА ПЛОЦЕНТИ ЗА РР А ЗА ОНЕЗИ ИЗВРАТЕНЯЦИ,ДО,преди 2 дни,6,6,2026-04-11 17:07:39
dnes.bg,https://www.dnes.bg/c/604-izbori-2026,https://www.dnes.bg/a/1-bulgaria/717372-sova-haris-pri-izbori-dnes-335-podkrepyat-radev-19-gerb-pp-db-112,"""Сова Харис"" при избори днес: 33,5% подкрепят Радев, 19% ГЕРБ, ПП-ДБ - 11,2%",09.04.2026 | 12:07 ч.,,6,Сигурно и детето си е убил... Дано влезеш в неговите обувки,До 1,преди 2 дни,2,4,2026-04-11 17:07:39
dnes.bg,https://www.dnes.bg/c/604-izbori-2026,https://www.dnes.bg/a/1-bulgaria/717372-sova-haris-pri-izbori-dnes-335-podkrepyat-radev-19-gerb-pp-db-112,"""Сова Харис"" при избори днес: 33,5% подкрепят Радев, 19% ГЕРБ, ПП-ДБ - 11,2%",09.04.2026 | 12:07 ч.,,5,Шнур за ППДБ,Никога за тях,преди 2 дни,10,3,2026-04-11 17:07:39
dnes.bg,https://www.dnes.bg/c/604-izbori-2026,https://www.dnes.bg/a/1-bulgaria/717372-sova-haris-pri-izbori-dnes-335-podkrepyat-radev-19-gerb-pp-db-112,"""Сова Харис"" при избори днес: 33,5% подкрепят Радев, 19% ГЕРБ, ПП-ДБ - 11,2%",09.04.2026 | 12:07 ч.,,4,Спрете да се напинЯте с тези измислени проценти. След две седмици ще видите реалността.,Ада на чебурашките,преди 2 дни,16,2,2026-04-11 17:07:39
dnes.bg,https://www.dnes.bg/c/604-izbori-2026,https://www.dnes.bg/a/1-bulgaria/717372-sova-haris-pri-izbori-dnes-335-podkrepyat-radev-19-gerb-pp-db-112,"""Сова Харис"" при избори днес: 33,5% подкрепят Радев, 19% ГЕРБ, ПП-ДБ - 11,2%",09.04.2026 | 12:07 ч.,,3,"Тия не се отчитат пред никого за грешни прогнози и по тая причина измислят рейтинги за тоя, който кихне повече. Зеленият чорап без партия, без членство някъде, бе история от предишните години за ""борба с олигархията"", на първа позиция. Или матрялът е толкова изтрещял, или кинтите са достатъчно",Мунчо,преди 2 дни,10,4,2026-04-11 17:07:39
dnes.bg,https://www.dnes.bg/c/604-izbori-2026,https://www.dnes.bg/a/1-bulgaria/717372-sova-haris-pri-izbori-dnes-335-podkrepyat-radev-19-gerb-pp-db-112,"""Сова Харис"" при избори днес: 33,5% подкрепят Радев, 19% ГЕРБ, ПП-ДБ - 11,2%",09.04.2026 | 12:07 ч.,,2,"ПРОКУРАТУРАТА ЗАЩО СПИ И НЕ АРЕСТУВА РУСКИТЕ ОЛИГАРСИ, КОИТО ФИНАНСИРАТ РУСКАТА ПАРТИЯ, КОЯТО РУШИ ЕВРОПА...???...... КЬОВЕШИ ДА СЕ НАМЕСИ, КАКТО В ГЪРЦИЯ И ДА КОНФИСКУВАТ ПАРИТЕ НА РУСКИТЕ ОЛИГАРСИ, ПОЛУЧЕНИ ОТ ЕС",КУПУВАЧ N :1.....,преди 2 дни,8,5,2026-04-11 17:07:39
dnes.bg,https://www.dnes.bg/c/604-izbori-2026,https://www.dnes.bg/a/1-bulgaria/717372-sova-haris-pri-izbori-dnes-335-podkrepyat-radev-19-gerb-pp-db-112,"""Сова Харис"" при избори днес: 33,5% подкрепят Радев, 19% ГЕРБ, ПП-ДБ - 11,2%",09.04.2026 | 12:07 ч.,,1,"Сияние е проект на Герб и ДПС, отровна гъба близнак на Възраждане",анонимен,преди 2 дни,17,9,2026-04-11 17:07:39
dnes.bg,https://www.dnes.bg/c/604-izbori-2026,https://www.dnes.bg/a/1-bulgaria/717365-ivan-anchev-mvr-zadarzhanite-za-kupen-vot-sa-238-dushi,"Иван Анчев, МВР: Задържаните за купен вот са 238 души",09.04.2026 | 10:42 ч.,,9,"Не. Задържани са невинни хора, които са тормозени заради фалшиви анонимни ""сигнали"". Димки за отвличане на вниманието докато престъпниците от подмяната готвят брутално манипулиране на машините и резултатите..",bob,преди 2 дни,3,1,2026-04-11 17:07:42
dnes.bg,https://www.dnes.bg/c/604-izbori-2026,https://www.dnes.bg/a/1-bulgaria/717365-ivan-anchev-mvr-zadarzhanite-za-kupen-vot-sa-238-dushi,"Иван Анчев, МВР: Задържаните за купен вот са 238 души",09.04.2026 | 10:42 ч.,,8,"Глyпости. И кога доказахте, че са задържани за купуване на гласове? Защото това става в съда, а не с изявления по медиите. Защото много от тях може да са със заеми и вересии.",Възмутен,преди 2 дни,4,1,2026-04-11 17:07:42
dnes.bg,https://www.dnes.bg/c/604-izbori-2026,https://www.dnes.bg/a/1-bulgaria/717365-ivan-anchev-mvr-zadarzhanite-za-kupen-vot-sa-238-dushi,"Иван Анчев, МВР: Задържаните за купен вот са 238 души",09.04.2026 | 10:42 ч.,,7,"Сега да минат да арестуват Черепи и кости, Свинаря, Бобокови, Коцеви- плащали щедро протести срещу високите доходи в бюджет 2026г...",анонимен,преди 2 дни,5,0,2026-04-11 17:07:42
dnes.bg,https://www.dnes.bg/c/604-izbori-2026,https://www.dnes.bg/a/1-bulgaria/717365-ivan-anchev-mvr-zadarzhanite-za-kupen-vot-sa-238-dushi,"Иван Анчев, МВР: Задържаните за купен вот са 238 души",09.04.2026 | 10:42 ч.,,6,Тоя да каже какви ги е вършил Емо Узото на Петрохан. Какво ми пуска димки предизборни?,Зозо,преди 2 дни,5,0,2026-04-11 17:07:42
dnes.bg,https://www.dnes.bg/c/604-izbori-2026,https://www.dnes.bg/a/1-bulgaria/717365-ivan-anchev-mvr-zadarzhanite-za-kupen-vot-sa-238-dushi,"Иван Анчев, МВР: Задържаните за купен вот са 238 души",09.04.2026 | 10:42 ч.,,5,"Докато вие арестувате разни голтаци Анчев, ""премиерът"" Гюро купува гласове в МС на сбирка с ифлуенсърите! На едро, както се казва! Ифлуенсърчетата ще молят джензитата да отидат да гласуват за опълченците на Петрохан?! Наглост!",анонимен,преди 2 дни,6,1,2026-04-11 17:07:42
dnes.bg,https://www.dnes.bg/c/604-izbori-2026,https://www.dnes.bg/a/1-bulgaria/717365-ivan-anchev-mvr-zadarzhanite-za-kupen-vot-sa-238-dushi,"Иван Анчев, МВР: Задържаните за купен вот са 238 души",09.04.2026 | 10:42 ч.,,4,Повечето от арестуваните вероятно са шведи !,анонимен,преди 2 дни,0,2,2026-04-11 17:07:42
dnes.bg,https://www.dnes.bg/c/604-izbori-2026,https://www.dnes.bg/a/1-bulgaria/717365-ivan-anchev-mvr-zadarzhanite-za-kupen-vot-sa-238-dushi,"Иван Анчев, МВР: Задържаните за купен вот са 238 души",09.04.2026 | 10:42 ч.,,3,"Ванка, с това кога ще се справим бе? Младежи се сбиха в центъра на София, един от тях е наръганНападателите, които са били маскирани, са избягали и в момента се издирват? Нещо по простотията, която е налазила цялата малдеж и бандите им? Човек не може спокойно да се разхожда, по моловете са плъзнали като *** ***, а се питам и родителите, къде спят !!?",Ванка,преди 2 дни,5,0,2026-04-11 17:07:42
dnes.bg,https://www.dnes.bg/c/604-izbori-2026,https://www.dnes.bg/a/1-bulgaria/717365-ivan-anchev-mvr-zadarzhanite-za-kupen-vot-sa-238-dushi,"Иван Анчев, МВР: Задържаните за купен вот са 238 души",09.04.2026 | 10:42 ч.,,2,"Твърде малко, и твърде меко пипате в ромските махали...",анонимен,преди 2 дни,3,2,2026-04-11 17:07:42
dnes.bg,https://www.dnes.bg/c/604-izbori-2026,https://www.dnes.bg/a/1-bulgaria/717365-ivan-anchev-mvr-zadarzhanite-za-kupen-vot-sa-238-dushi,"Иван Анчев, МВР: Задържаните за купен вот са 238 души",09.04.2026 | 10:42 ч.,,1,"иване , при толко арести внимавай да не арестуваш някой наш човек",розов пенюар,преди 2 дни,8,2,2026-04-11 17:07:42
dnes.bg,https://www.dnes.bg/c/604-izbori-2026,https://www.dnes.bg/a/6-krimi/717356-arestuvaha-dilar-na-glasove-v-doma-mu-40-000-evro,"Арестуваха дилър на гласове, в дома му - 40 000 евро",09.04.2026 | 09:51 ч.,,27,"на един щедър дилър, за да си платя агнешкото за Великден. Иначе няма да гласувам, защо да давам легитимност на жадни за власт и пари доллнни хорица?",Дайте координатите,преди 2 дни,0,0,2026-04-11 17:07:45
dnes.bg,https://www.dnes.bg/c/604-izbori-2026,https://www.dnes.bg/a/6-krimi/717356-arestuvaha-dilar-na-glasove-v-doma-mu-40-000-evro,"Арестуваха дилър на гласове, в дома му - 40 000 евро",09.04.2026 | 09:51 ч.,,26,"коя е тази политическа сила, защо не е изкарана от изборите.... а за ГЕРБ и ДПС.. извиняваме се че попитахме.... всичко е наред, човека не е искал да купува гласове, кола е искал да си купи ама му взели парите....",Истина,преди 2 дни,0,0,2026-04-11 17:07:45
dnes.bg,https://www.dnes.bg/c/604-izbori-2026,https://www.dnes.bg/a/6-krimi/717356-arestuvaha-dilar-na-glasove-v-doma-mu-40-000-evro,"Арестуваха дилър на гласове, в дома му - 40 000 евро",09.04.2026 | 09:51 ч.,,25,Младен му се ще пак да е в Парламента.,анонимен,преди 2 дни,0,0,2026-04-11 17:07:45
dnes.bg,https://www.dnes.bg/c/604-izbori-2026,https://www.dnes.bg/a/6-krimi/717356-arestuvaha-dilar-na-glasove-v-doma-mu-40-000-evro,"Арестуваха дилър на гласове, в дома му - 40 000 евро",09.04.2026 | 09:51 ч.,,24,"Борисов и Пеевски са раздали,над 500 милиона евра за копуване на гласове.",анонимен,преди 2 дни,0,0,2026-04-11 17:07:45
dnes.bg,https://www.dnes.bg/c/604-izbori-2026,https://www.dnes.bg/a/6-krimi/717356-arestuvaha-dilar-na-glasove-v-doma-mu-40-000-evro,"Арестуваха дилър на гласове, в дома му - 40 000 евро",09.04.2026 | 09:51 ч.,,23,"не бе, отвличат вниманието от педофила на герб даниел александров и педофила, министър на културата от итн",До: bob,преди 2 дни,1,0,2026-04-11 17:07:45
dnes.bg,https://www.dnes.bg/c/604-izbori-2026,https://www.dnes.bg/a/6-krimi/717356-arestuvaha-dilar-na-glasove-v-doma-mu-40-000-evro,"Арестуваха дилър на гласове, в дома му - 40 000 евро",09.04.2026 | 09:51 ч.,,22,за коя политическа сила са щяли да пазаруват гласове?.... що не казвате?.... да не се окаже че са спестяванията на някого тези пари?,анонимен,преди 2 дни,1,0,2026-04-11 17:07:45
dnes.bg,https://www.dnes.bg/c/604-izbori-2026,https://www.dnes.bg/a/6-krimi/717356-arestuvaha-dilar-na-glasove-v-doma-mu-40-000-evro,"Арестуваха дилър на гласове, в дома му - 40 000 евро",09.04.2026 | 09:51 ч.,,21,Глупости. Това престъпно правителство на подмяната и овладяното МВР продължават да тормозят невинни хора с цел сплашване и отвличане на вниманието от педофилската секта Петрохан на подмяната..,bob,преди 2 дни,1,3,2026-04-11 17:07:45
dnes.bg,https://www.dnes.bg/c/604-izbori-2026,https://www.dnes.bg/a/6-krimi/717356-arestuvaha-dilar-na-glasove-v-doma-mu-40-000-evro,"Арестуваха дилър на гласове, в дома му - 40 000 евро",09.04.2026 | 09:51 ч.,,20,"До сержанта. Колкото пъти и да го напишеш този глyпав коментар няма да хване дикиш. Защото най-голямата мафия сега е на власт, наивник.",Реалист,преди 2 дни,1,1,2026-04-11 17:07:45
dnes.bg,https://www.dnes.bg/c/604-izbori-2026,https://www.dnes.bg/a/6-krimi/717356-arestuvaha-dilar-na-glasove-v-doma-mu-40-000-evro,"Арестуваха дилър на гласове, в дома му - 40 000 евро",09.04.2026 | 09:51 ч.,,19,"Уф, аман от ПР и хвалби! И кога доказахте, че тези тримата не са спретнали фалшив донос срещу някой от друга партия - например АПС срещу ДПС. Айде МВР първо да разследва и доказва, да минат процедурата в съда и тогава да ми излизат по медиите.",Ядосан,преди 2 дни,2,0,2026-04-11 17:07:45
dnes.bg,https://www.dnes.bg/c/604-izbori-2026,https://www.dnes.bg/a/6-krimi/717356-arestuvaha-dilar-na-glasove-v-doma-mu-40-000-evro,"Арестуваха дилър на гласове, в дома му - 40 000 евро",09.04.2026 | 09:51 ч.,,18,А на българите настанени във властта без избори овладели цялата власт изхвър.лили едниназначили свои слуги не е ли платено По всичките телевизии постоянни внушения от същите назначени нон стоп заблуди ВИЖ по сайтовете заливат ни с измислици Това не е ли платено в ползва наедни,Анонимни,преди 2 дни,3,0,2026-04-11 17:07:45
dnes.bg,https://www.dnes.bg/c/604-izbori-2026,https://www.dnes.bg/a/6-krimi/717356-arestuvaha-dilar-na-glasove-v-doma-mu-40-000-evro,"Арестуваха дилър на гласове, в дома му - 40 000 евро",09.04.2026 | 09:51 ч.,,17,България е на всички българи С лъжи с ала бала с нашето мвр власт не се задържа Тук е Демокрация А тези никой ама никой не ги е избирал Настанени са А незнам ЕС като се произнесе как ще е Жажда за власт алчност жлъч омраза ЗА ЕВропа за Демокрация за Еврозона ЗА Шенген,Анонимни,преди 2 дни,3,1,2026-04-11 17:07:48
dnes.bg,https://www.dnes.bg/c/604-izbori-2026,https://www.dnes.bg/a/6-krimi/717356-arestuvaha-dilar-na-glasove-v-doma-mu-40-000-evro,"Арестуваха дилър на гласове, в дома му - 40 000 евро",09.04.2026 | 09:51 ч.,,16,Хайде успех на 19.04. Ще гласуват само бразилците на които им е платено.,анонимен,преди 2 дни,3,2,2026-04-11 17:07:48
dnes.bg,https://www.dnes.bg/c/604-izbori-2026,https://www.dnes.bg/a/6-krimi/717356-arestuvaha-dilar-na-glasove-v-doma-mu-40-000-evro,"Арестуваха дилър на гласове, в дома му - 40 000 евро",09.04.2026 | 09:51 ч.,,15,"Този 53 годишния, ако са негови парите дали ще ги пръска ей тъй за идеология на нартия? А що за партия поръчва и осигурява парите? Тя после 3 кратно ли ще ""изкара"" от гърба на продадения глас ""инвестицията"" ки? Защо няма забранени заради търговия партии и партийни лидери? Защо се занимавате с обикновените бедни хорица склонни да спечелят някой лев а не с големия проблем - безидейните партийни организации? Или просто с парична идеология партии и бизнес организации - партиоподобни!",анонимен,преди 2 дни,4,1,2026-04-11 17:07:48
dnes.bg,https://www.dnes.bg/c/604-izbori-2026,https://www.dnes.bg/a/6-krimi/717356-arestuvaha-dilar-na-glasove-v-doma-mu-40-000-evro,"Арестуваха дилър на гласове, в дома му - 40 000 евро",09.04.2026 | 09:51 ч.,,14,Всичко това са лъжи днес няма избори кой какво купува и колко пари има в дома си и за какво са това си е негова работа лъжи заблуди измислици,Анонимни,преди 2 дни,4,4,2026-04-11 17:07:48
dnes.bg,https://www.dnes.bg/c/604-izbori-2026,https://www.dnes.bg/a/6-krimi/717356-arestuvaha-dilar-na-glasove-v-doma-mu-40-000-evro,"Арестуваха дилър на гласове, в дома му - 40 000 евро",09.04.2026 | 09:51 ч.,,13,Не ми арестувайте купувачите - намерете поръчващите и даващите парите!!!,анонимен,преди 2 дни,3,2,2026-04-11 17:07:48
dnes.bg,https://www.dnes.bg/c/604-izbori-2026,https://www.dnes.bg/a/6-krimi/717356-arestuvaha-dilar-na-glasove-v-doma-mu-40-000-evro,"Арестуваха дилър на гласове, в дома му - 40 000 евро",09.04.2026 | 09:51 ч.,,12,"Доста глynaв и лишен от смисъл коментар, аргументирай се некадърник",До 10,преди 2 дни,0,2,2026-04-11 17:07:48
dnes.bg,https://www.dnes.bg/c/604-izbori-2026,https://www.dnes.bg/a/6-krimi/717356-arestuvaha-dilar-na-glasove-v-doma-mu-40-000-evro,"Арестуваха дилър на гласове, в дома му - 40 000 евро",09.04.2026 | 09:51 ч.,,11,"До: HeinrichHimmler.... Как да каже, като не може да го докаже в съда? Тоя задържаният ако каже Асан Василев ми даде парите, а? Тогава пак ли ще крякаш тука? :))))))))))))))",Зозо,преди 2 дни,4,2,2026-04-11 17:07:48
dnes.bg,https://www.dnes.bg/c/604-izbori-2026,https://www.dnes.bg/a/6-krimi/717356-arestuvaha-dilar-na-glasove-v-doma-mu-40-000-evro,"Арестуваха дилър на гласове, в дома му - 40 000 евро",09.04.2026 | 09:51 ч.,,10,"Ти отдавна си минал ""у лево"".",до 3,преди 2 дни,1,2,2026-04-11 17:07:48
dnes.bg,https://www.dnes.bg/c/604-izbori-2026,https://www.dnes.bg/a/6-krimi/717356-arestuvaha-dilar-na-glasove-v-doma-mu-40-000-evro,"Арестуваха дилър на гласове, в дома му - 40 000 евро",09.04.2026 | 09:51 ч.,,9,РАНО РАНО ПРОСТАЦИТЕ БЕДНЯЦИТЕ НЕВЕЖИТЕ СА ТУК ПРИ ТОВА МЪРЗЕЛИВЦИ ГНУСНИ СТЕ,Аноним,преди 2 дни,2,2,2026-04-11 17:07:48
dnes.bg,https://www.dnes.bg/c/604-izbori-2026,https://www.dnes.bg/a/6-krimi/717356-arestuvaha-dilar-na-glasove-v-doma-mu-40-000-evro,"Арестуваха дилър на гласове, в дома му - 40 000 евро",09.04.2026 | 09:51 ч.,,8,Пеевски и Борисов в затвора!!,Geepyy,преди 2 дни,5,7,2026-04-11 17:07:48
dnes.bg,https://www.dnes.bg/c/604-izbori-2026,https://www.dnes.bg/a/6-krimi/717356-arestuvaha-dilar-na-glasove-v-doma-mu-40-000-evro,"Арестуваха дилър на гласове, в дома му - 40 000 евро",09.04.2026 | 09:51 ч.,,7,"Докато не се каже, коя партия купува гласове и да се забрани от участие в изборите всичко е прах в очите!",HeinrichHimmler,преди 2 дни,9,3,2026-04-11 17:07:51
dnes.bg,https://www.dnes.bg/c/604-izbori-2026,https://www.dnes.bg/a/6-krimi/717356-arestuvaha-dilar-na-glasove-v-doma-mu-40-000-evro,"Арестуваха дилър на гласове, в дома му - 40 000 евро",09.04.2026 | 09:51 ч.,,6,"MAЧКАЙ, ДЕЧЕВ - РЕЖИ МАФИЯТА ИЗ КОРЕН - ПОЧТЕНИТЕ БЪЛГАРИ СМЕ С ВАС!!!!",Сержант,преди 2 дни,6,6,2026-04-11 17:07:51
dnes.bg,https://www.dnes.bg/c/604-izbori-2026,https://www.dnes.bg/a/6-krimi/717356-arestuvaha-dilar-na-glasove-v-doma-mu-40-000-evro,"Арестуваха дилър на гласове, в дома му - 40 000 евро",09.04.2026 | 09:51 ч.,,5,Гербнн в канала,анонимен,преди 2 дни,7,5,2026-04-11 17:07:51
dnes.bg,https://www.dnes.bg/c/604-izbori-2026,https://www.dnes.bg/a/6-krimi/717356-arestuvaha-dilar-na-glasove-v-doma-mu-40-000-evro,"Арестуваха дилър на гласове, в дома му - 40 000 евро",09.04.2026 | 09:51 ч.,,4,".............вчера след получена оперативна информация за подготвяно купуване на гласове в село Брестница, област Ловеч, незабавно е организирана специализирана полицейска операция........... Хахахааа, после този като осъди МВР няма да плаща Емо Узото, нали? ППДБ умре.",Зозо,преди 2 дни,7,6,2026-04-11 17:07:51
dnes.bg,https://www.dnes.bg/c/604-izbori-2026,https://www.dnes.bg/a/6-krimi/717356-arestuvaha-dilar-na-glasove-v-doma-mu-40-000-evro,"Арестуваха дилър на гласове, в дома му - 40 000 евро",09.04.2026 | 09:51 ч.,,3,"""дилър на гласове"" хахахахаха колкото и пари да ми дадат накрая отивам и си гласувам за Възраждане и аре у лево",анонимен,преди 2 дни,5,9,2026-04-11 17:07:51
dnes.bg,https://www.dnes.bg/c/604-izbori-2026,https://www.dnes.bg/a/6-krimi/717356-arestuvaha-dilar-na-glasove-v-doma-mu-40-000-evro,"Арестуваха дилър на гласове, в дома му - 40 000 евро",09.04.2026 | 09:51 ч.,,2,"не е от наше , ние гласове не купуваме , ние разчитаме на кремле",кутев,преди 2 дни,9,2,2026-04-11 17:07:51
dnes.bg,https://www.dnes.bg/c/604-izbori-2026,https://www.dnes.bg/a/6-krimi/717356-arestuvaha-dilar-na-glasove-v-doma-mu-40-000-evro,"Арестуваха дилър на гласове, в дома му - 40 000 евро",09.04.2026 | 09:51 ч.,,1,"Що не ми дадат на мен за раздаване, взимам и бягам в Испания. Толкова ли е паднало нивото или разказват приказки.",Куку,преди 2 дни,5,5,2026-04-11 17:07:51
dnes.bg,https://www.dnes.bg/c/604-izbori-2026,https://www.dnes.bg/a/604-izbori-2026/717327-enyo-savov-ot-bsp-spokoyni-sme-shte-vlezem-v-sledvashtoto-ns,"Еньо Савов от БСП: Спокойни сме, ще влезем в следващото НС",08.04.2026 | 23:15 ч.,,6,"Няма да влезете! Стрина Корни от Крушовица за 3 мандата ви фалира, а дебелият Зафиров, назначен с ИТН в кабинета на ГЕРБ, ви погреба.",анонимен,преди 21 часа,0,0,2026-04-11 17:07:53
dnes.bg,https://www.dnes.bg/c/604-izbori-2026,https://www.dnes.bg/a/604-izbori-2026/717327-enyo-savov-ot-bsp-spokoyni-sme-shte-vlezem-v-sledvashtoto-ns,"Еньо Савов от БСП: Спокойни сме, ще влезем в следващото НС",08.04.2026 | 23:15 ч.,,5,Би било странно да не влязат. Все пак настоящата сграда на НС е бившият партиен дом на БКП.,Комунари,преди 2 дни,0,1,2026-04-11 17:07:53
dnes.bg,https://www.dnes.bg/c/604-izbori-2026,https://www.dnes.bg/a/604-izbori-2026/717327-enyo-savov-ot-bsp-spokoyni-sme-shte-vlezem-v-sledvashtoto-ns,"Еньо Савов от БСП: Спокойни сме, ще влезем в следващото НС",08.04.2026 | 23:15 ч.,,4,"хий па казваме, че няма да влезете. ай бас?",Мюмю,преди 2 дни,5,0,2026-04-11 17:07:53
dnes.bg,https://www.dnes.bg/c/604-izbori-2026,https://www.dnes.bg/a/604-izbori-2026/717327-enyo-savov-ot-bsp-spokoyni-sme-shte-vlezem-v-sledvashtoto-ns,"Еньо Савов от БСП: Спокойни сме, ще влезем в следващото НС",08.04.2026 | 23:15 ч.,,3,"БСП отива в нелегалност.Проблема е,че повечето мандри са техни.Нито ще забравим ,нито ще простим.Под мандри имам в предвид заграбеното имущество от НРБ под формата на Масова приватизация с РМД и Ликвидационни съвети на ТКЗС.Дори сте некадърни да управлявате откраднатото и ще намирате,така и трябва.",Банкеръ,преди 2 дни,8,0,2026-04-11 17:07:53
dnes.bg,https://www.dnes.bg/c/604-izbori-2026,https://www.dnes.bg/a/604-izbori-2026/717327-enyo-savov-ot-bsp-spokoyni-sme-shte-vlezem-v-sledvashtoto-ns,"Еньо Савов от БСП: Спокойни сме, ще влезем в следващото НС",08.04.2026 | 23:15 ч.,,2,"И с колко ще влезете? С един депутат? Ако изобщо влезете. Мястото ви е на бунището на историята, от където да ссмърддите вечно.",анонимен,преди 2 дни,8,0,2026-04-11 17:07:53
dnes.bg,https://www.dnes.bg/c/604-izbori-2026,https://www.dnes.bg/a/604-izbori-2026/717327-enyo-savov-ot-bsp-spokoyni-sme-shte-vlezem-v-sledvashtoto-ns,"Еньо Савов от БСП: Спокойни сме, ще влезем в следващото НС",08.04.2026 | 23:15 ч.,,1,Кой ще гласува за червените крадци? Крумчо добре краде от държавните поръчки.,анонимен,преди 2 дни,8,0,2026-04-11 17:07:53
dnes.bg,https://www.dnes.bg/c/604-izbori-2026,https://www.dnes.bg/a/604-izbori-2026/717325-balabanov-ubeden-itn-shte-bade-v-52-iya-parlament,Балабанов убеден: ИТН ще бъде в 52-ия парламент,08.04.2026 | 22:51 ч.,,49,"Този нагъл лъжец дали си спомня, че в Румъния имаше разследване и касиране на изборните резултати, заради намеса на РУСКИ хакери в тик ток и др. социални мрежи, които преобърнаха резултата в полза на проруския кандидат. Ей сега се готвят да направят същото и тук! В БГ обаче едва ли ще касират изборите, защото такива като ИТН са против всякакво разследване, защото ще блеснат измамните им схеми, как хем никой не гласува за тях, хем винаги се озовават в Парламента с купени или фейк гласове",анонимен,преди 2 дни,0,0,2026-04-11 17:07:57
dnes.bg,https://www.dnes.bg/c/604-izbori-2026,https://www.dnes.bg/a/604-izbori-2026/717325-balabanov-ubeden-itn-shte-bade-v-52-iya-parlament,Балабанов убеден: ИТН ще бъде в 52-ия парламент,08.04.2026 | 22:51 ч.,,48,ИТН ще бъдат в парламента - в деня на открити врати.,анонимен,преди 2 дни,2,0,2026-04-11 17:07:57
dnes.bg,https://www.dnes.bg/c/604-izbori-2026,https://www.dnes.bg/a/604-izbori-2026/717325-balabanov-ubeden-itn-shte-bade-v-52-iya-parlament,Балабанов убеден: ИТН ще бъде в 52-ия парламент,08.04.2026 | 22:51 ч.,,47,Балабанов -*** ти си още в детската градина Какъв акъл ще даваш ти на хората,анонимен,преди 2 дни,0,0,2026-04-11 17:07:57
dnes.bg,https://www.dnes.bg/c/604-izbori-2026,https://www.dnes.bg/a/604-izbori-2026/717325-balabanov-ubeden-itn-shte-bade-v-52-iya-parlament,Балабанов убеден: ИТН ще бъде в 52-ия парламент,08.04.2026 | 22:51 ч.,,46,"Тия ако чуят мнението на хората за ИТН сами ще се откажат от парламента. А относно хаоса и реда, ако хората изберат хаоса ще гласуват за тях. Патерицата на ДПС няма вече място в народното събрание.",анонимен,преди 2 дни,2,0,2026-04-11 17:07:57
dnes.bg,https://www.dnes.bg/c/604-izbori-2026,https://www.dnes.bg/a/604-izbori-2026/717325-balabanov-ubeden-itn-shte-bade-v-52-iya-parlament,Балабанов убеден: ИТН ще бъде в 52-ия парламент,08.04.2026 | 22:51 ч.,,45,Така си мислиш защото си гладен! ХА ХА !,анонимен,преди 2 дни,4,0,2026-04-11 17:07:57
dnes.bg,https://www.dnes.bg/c/604-izbori-2026,https://www.dnes.bg/a/604-izbori-2026/717325-balabanov-ubeden-itn-shte-bade-v-52-iya-parlament,Балабанов убеден: ИТН ще бъде в 52-ия парламент,08.04.2026 | 22:51 ч.,,44,Каква НАГЛОСТ имат тия некадърници и предатели Слави съсипа морала на едно цяло поколение командван от мафията,анонимен,преди 2 дни,6,0,2026-04-11 17:07:57
dnes.bg,https://www.dnes.bg/c/604-izbori-2026,https://www.dnes.bg/a/604-izbori-2026/717325-balabanov-ubeden-itn-shte-bade-v-52-iya-parlament,Балабанов убеден: ИТН ще бъде в 52-ия парламент,08.04.2026 | 22:51 ч.,,43,Нула цяло и две десети гласували за вас Предатели,анонимен,преди 2 дни,6,0,2026-04-11 17:07:57
dnes.bg,https://www.dnes.bg/c/604-izbori-2026,https://www.dnes.bg/a/604-izbori-2026/717325-balabanov-ubeden-itn-shte-bade-v-52-iya-parlament,Балабанов убеден: ИТН ще бъде в 52-ия парламент,08.04.2026 | 22:51 ч.,,42,в мокрите му сънища ще бъдат,фф,преди 2 дни,5,0,2026-04-11 17:07:57
dnes.bg,https://www.dnes.bg/c/604-izbori-2026,https://www.dnes.bg/a/604-izbori-2026/717325-balabanov-ubeden-itn-shte-bade-v-52-iya-parlament,Балабанов убеден: ИТН ще бъде в 52-ия парламент,08.04.2026 | 22:51 ч.,,41,"ще бъде, ама само в сънищата на 52-я парламент ; )",gogo,преди 2 дни,15,0,2026-04-11 17:07:57
dnes.bg,https://www.dnes.bg/c/604-izbori-2026,https://www.dnes.bg/a/604-izbori-2026/717325-balabanov-ubeden-itn-shte-bade-v-52-iya-parlament,Балабанов убеден: ИТН ще бъде в 52-ия парламент,08.04.2026 | 22:51 ч.,,40,Б ала-бала нов,Tom i jerry,преди 2 дни,13,0,2026-04-11 17:07:57
dnes.bg,https://www.dnes.bg/c/604-izbori-2026,https://www.dnes.bg/a/604-izbori-2026/717325-balabanov-ubeden-itn-shte-bade-v-52-iya-parlament,Балабанов убеден: ИТН ще бъде в 52-ия парламент,08.04.2026 | 22:51 ч.,,39,Какво друго може да се очаква от пишман сценаристи,Cec,преди 2 дни,10,0,2026-04-11 17:08:00
dnes.bg,https://www.dnes.bg/c/604-izbori-2026,https://www.dnes.bg/a/604-izbori-2026/717325-balabanov-ubeden-itn-shte-bade-v-52-iya-parlament,Балабанов убеден: ИТН ще бъде в 52-ия парламент,08.04.2026 | 22:51 ч.,,38,Бяхте много полезни за обществото. Може още за се раздадете,Успех,преди 2 дни,0,5,2026-04-11 17:08:00
dnes.bg,https://www.dnes.bg/c/604-izbori-2026,https://www.dnes.bg/a/604-izbori-2026/717325-balabanov-ubeden-itn-shte-bade-v-52-iya-parlament,Балабанов убеден: ИТН ще бъде в 52-ия парламент,08.04.2026 | 22:51 ч.,,37,"Балабанов ТРЯБВА да бъде убеден само и единствено в собствената си некадърност и наглост. За влизане във властта повече и дума не може да става.Народът ви презря, бе балабанов, изконсумирахте с лакомите си усти народната любов и си напълнихте гушите с пари, за сметка на същия тоя народ. и сега - на бунището. Никой не иска да чуе повече за вас.",може,преди 2 дни,20,0,2026-04-11 17:08:00
dnes.bg,https://www.dnes.bg/c/604-izbori-2026,https://www.dnes.bg/a/604-izbori-2026/717325-balabanov-ubeden-itn-shte-bade-v-52-iya-parlament,Балабанов убеден: ИТН ще бъде в 52-ия парламент,08.04.2026 | 22:51 ч.,,36,И какво точно ще направят за България един плешив истерик и един къдрав ром -далавераджия. Къдравото ццигане каза че лично ще кара а тира доктори по 500 лева килото да работят.Щу станА? Поредната селска изрезка.,анонимен,преди 2 дни,15,0,2026-04-11 17:08:00
dnes.bg,https://www.dnes.bg/c/604-izbori-2026,https://www.dnes.bg/a/604-izbori-2026/717325-balabanov-ubeden-itn-shte-bade-v-52-iya-parlament,Балабанов убеден: ИТН ще бъде в 52-ия парламент,08.04.2026 | 22:51 ч.,,35,ла ю но по добре се разпускайте,фф,преди 2 дни,4,0,2026-04-11 17:08:00
dnes.bg,https://www.dnes.bg/c/604-izbori-2026,https://www.dnes.bg/a/604-izbori-2026/717325-balabanov-ubeden-itn-shte-bade-v-52-iya-parlament,Балабанов убеден: ИТН ще бъде в 52-ия парламент,08.04.2026 | 22:51 ч.,,34,Няма да бъде. Хората ще се вържат на глупостите на резидента радефф. Но на следващите избори есента резултатите ще са доста различни.,Bob,преди 2 дни,3,2,2026-04-11 17:08:00
dnes.bg,https://www.dnes.bg/c/604-izbori-2026,https://www.dnes.bg/a/604-izbori-2026/717325-balabanov-ubeden-itn-shte-bade-v-52-iya-parlament,Балабанов убеден: ИТН ще бъде в 52-ия парламент,08.04.2026 | 22:51 ч.,,33,"Ще бъде, но около парламента ....., за да взимат интервюта от влизащите депутати...!!",Ясновидец Храбър,преди 2 дни,13,0,2026-04-11 17:08:00
dnes.bg,https://www.dnes.bg/c/604-izbori-2026,https://www.dnes.bg/a/604-izbori-2026/717325-balabanov-ubeden-itn-shte-bade-v-52-iya-parlament,Балабанов убеден: ИТН ще бъде в 52-ия парламент,08.04.2026 | 22:51 ч.,,32,"ИТН излъгаха хората 2 пъти, намразиха ги всички заради безмерната алчност, наглост и лицемерие. От бардове безсребрени се превърнаха в жалко подобие на ББ, който щяха за изчегъртват. Станаха му ортаци, а Тошко уреди сина си в бизнеса с ВЕИ. Видяхме ви и баста. Чао, власт повече няма да видите. И не ми шушне в момента АВасилев какво да пиша, а самостоятелно изливам презрението си към вас.",и така нататък,преди 2 дни,18,0,2026-04-11 17:08:00
dnes.bg,https://www.dnes.bg/c/604-izbori-2026,https://www.dnes.bg/a/604-izbori-2026/717325-balabanov-ubeden-itn-shte-bade-v-52-iya-parlament,Балабанов убеден: ИТН ще бъде в 52-ия парламент,08.04.2026 | 22:51 ч.,,31,*** и патерица на прасето. Ти ли си нормалността бе?? Заминавай на бунището на историята и не ни губете времето на държавата повече с тъпите си номера.,анонимен,преди 2 дни,15,0,2026-04-11 17:08:00
dnes.bg,https://www.dnes.bg/c/604-izbori-2026,https://www.dnes.bg/a/604-izbori-2026/717325-balabanov-ubeden-itn-shte-bade-v-52-iya-parlament,Балабанов убеден: ИТН ще бъде в 52-ия парламент,08.04.2026 | 22:51 ч.,,30,Колкото Вие мразите ППДБ толкова и народът Ви мрази а само с омраза не става,Cec,преди 2 дни,15,0,2026-04-11 17:08:00
dnes.bg,https://www.dnes.bg/c/604-izbori-2026,https://www.dnes.bg/a/604-izbori-2026/717325-balabanov-ubeden-itn-shte-bade-v-52-iya-parlament,Балабанов убеден: ИТН ще бъде в 52-ия парламент,08.04.2026 | 22:51 ч.,,29,Най-големите не6та ст ници в Българския политически живот от 1989 година до сега. Дано повече никога не ги видим.,Тези са,преди 2 дни,19,0,2026-04-11 17:08:03
dnes.bg,https://www.dnes.bg/c/604-izbori-2026,https://www.dnes.bg/a/604-izbori-2026/717325-balabanov-ubeden-itn-shte-bade-v-52-iya-parlament,Балабанов убеден: ИТН ще бъде в 52-ия парламент,08.04.2026 | 22:51 ч.,,28,"Ще бъдете в НС, ама по-следващия път. След това ваше неспиращо дементно бръщолевене чакайте някой да гласува за вас! Гербаджийски ***!",анонимен,преди 2 дни,18,0,2026-04-11 17:08:03
dnes.bg,https://www.dnes.bg/c/604-izbori-2026,https://www.dnes.bg/a/604-izbori-2026/717325-balabanov-ubeden-itn-shte-bade-v-52-iya-parlament,Балабанов убеден: ИТН ще бъде в 52-ия парламент,08.04.2026 | 22:51 ч.,,27,"БАЛАБАНОВ. ТАКИВА. КАТО. ВАС. ГИВИДЯХМЕ, МЯСТОТО. ВИ. Е. ПОД. ОПАШКАТА. НА. КУЧЕТО.",анонимен,преди 2 дни,17,0,2026-04-11 17:08:03
dnes.bg,https://www.dnes.bg/c/604-izbori-2026,https://www.dnes.bg/a/604-izbori-2026/717325-balabanov-ubeden-itn-shte-bade-v-52-iya-parlament,Балабанов убеден: ИТН ще бъде в 52-ия парламент,08.04.2026 | 22:51 ч.,,26,"Ако шефовете ви Тиквата и Сви ня та ви купят 4% като на миналите избори, може и да сте.",анонимен,преди 2 дни,20,0,2026-04-11 17:08:03
dnes.bg,https://www.dnes.bg/c/604-izbori-2026,https://www.dnes.bg/a/604-izbori-2026/717325-balabanov-ubeden-itn-shte-bade-v-52-iya-parlament,Балабанов убеден: ИТН ще бъде в 52-ия парламент,08.04.2026 | 22:51 ч.,,25,"Изобщо не се знае, кой ще влезе и кой няма да влезе.",анонимен,преди 2 дни,0,6,2026-04-11 17:08:03
dnes.bg,https://www.dnes.bg/c/604-izbori-2026,https://www.dnes.bg/a/604-izbori-2026/717325-balabanov-ubeden-itn-shte-bade-v-52-iya-parlament,Балабанов убеден: ИТН ще бъде в 52-ия парламент,08.04.2026 | 22:51 ч.,,24,Кой беше тоя?,анонимен,преди 2 дни,20,0,2026-04-11 17:08:03
dnes.bg,https://www.dnes.bg/c/604-izbori-2026,https://www.dnes.bg/a/604-izbori-2026/717325-balabanov-ubeden-itn-shte-bade-v-52-iya-parlament,Балабанов убеден: ИТН ще бъде в 52-ия парламент,08.04.2026 | 22:51 ч.,,23,"Зулусите забравиха поговорката, която сами цитираха.А сега думата им струва колкото въздуха, нула.",анонимен,преди 2 дни,19,0,2026-04-11 17:08:03
dnes.bg,https://www.dnes.bg/c/604-izbori-2026,https://www.dnes.bg/a/604-izbori-2026/717325-balabanov-ubeden-itn-shte-bade-v-52-iya-parlament,Балабанов убеден: ИТН ще бъде в 52-ия парламент,08.04.2026 | 22:51 ч.,,22,ИТН не трябва никога повече да попадат в НС. Мошеници и лъжци.,анонимен,преди 2 дни,29,0,2026-04-11 17:08:03
dnes.bg,https://www.dnes.bg/c/604-izbori-2026,https://www.dnes.bg/a/604-izbori-2026/717325-balabanov-ubeden-itn-shte-bade-v-52-iya-parlament,Балабанов убеден: ИТН ще бъде в 52-ия парламент,08.04.2026 | 22:51 ч.,,21,Сънища на Слави,В мокрите,преди 2 дни,22,0,2026-04-11 17:08:03
dnes.bg,https://www.dnes.bg/c/604-izbori-2026,https://www.dnes.bg/a/604-izbori-2026/717325-balabanov-ubeden-itn-shte-bade-v-52-iya-parlament,Балабанов убеден: ИТН ще бъде в 52-ия парламент,08.04.2026 | 22:51 ч.,,20,Надеждата умира последна.,анонимен,преди 2 дни,17,0,2026-04-11 17:08:03
dnes.bg,https://www.dnes.bg/c/604-izbori-2026,https://www.dnes.bg/a/604-izbori-2026/717325-balabanov-ubeden-itn-shte-bade-v-52-iya-parlament,Балабанов убеден: ИТН ще бъде в 52-ия парламент,08.04.2026 | 22:51 ч.,,19,Услади му се на Барабанов депутатството. Работа му беше само да прави реклама на ППДБ и за това получаваше тлъста заплата.,Дон Кикот,преди 2 дни,20,1,2026-04-11 17:08:06
dnes.bg,https://www.dnes.bg/c/604-izbori-2026,https://www.dnes.bg/a/604-izbori-2026/717325-balabanov-ubeden-itn-shte-bade-v-52-iya-parlament,Балабанов убеден: ИТН ще бъде в 52-ия парламент,08.04.2026 | 22:51 ч.,,18,"Когато ""влезете"", ще се насиля да ти дам работа, примерно да ми лъскаш плочките в тоалетната.",анонимен,преди 2 дни,12,1,2026-04-11 17:08:06
dnes.bg,https://www.dnes.bg/c/604-izbori-2026,https://www.dnes.bg/a/604-izbori-2026/717325-balabanov-ubeden-itn-shte-bade-v-52-iya-parlament,Балабанов убеден: ИТН ще бъде в 52-ия парламент,08.04.2026 | 22:51 ч.,,17,"Този смешен типаж има ли някакво образование изобщо? Защото е трудно образован човек да падне чак толкова ниско. Ако да - не си записвайте децата в институцията, която е завършил.",анонимен,преди 2 дни,16,0,2026-04-11 17:08:06
dnes.bg,https://www.dnes.bg/c/604-izbori-2026,https://www.dnes.bg/a/604-izbori-2026/717325-balabanov-ubeden-itn-shte-bade-v-52-iya-parlament,Балабанов убеден: ИТН ще бъде в 52-ия парламент,08.04.2026 | 22:51 ч.,,16,Бегай!,Мършо!,преди 2 дни,15,0,2026-04-11 17:08:06
dnes.bg,https://www.dnes.bg/c/604-izbori-2026,https://www.dnes.bg/a/604-izbori-2026/717325-balabanov-ubeden-itn-shte-bade-v-52-iya-parlament,Балабанов убеден: ИТН ще бъде в 52-ия парламент,08.04.2026 | 22:51 ч.,,15,"Това с хаоса го е чопнал от бащицата, и изобщо, тоя човек е много зле. Ще минем без вас.",анонимен,преди 2 дни,16,0,2026-04-11 17:08:06
dnes.bg,https://www.dnes.bg/c/604-izbori-2026,https://www.dnes.bg/a/604-izbori-2026/717325-balabanov-ubeden-itn-shte-bade-v-52-iya-parlament,Балабанов убеден: ИТН ще бъде в 52-ия парламент,08.04.2026 | 22:51 ч.,,14,И пак приземяване. Ващо ще е тежко.,Приземяване приземяв,преди 2 дни,14,0,2026-04-11 17:08:06
dnes.bg,https://www.dnes.bg/c/604-izbori-2026,https://www.dnes.bg/a/604-izbori-2026/717325-balabanov-ubeden-itn-shte-bade-v-52-iya-parlament,Балабанов убеден: ИТН ще бъде в 52-ия парламент,08.04.2026 | 22:51 ч.,,13,Показахте с Караджов колко сте корумпирани и лицемерни. Ако има наистина справедливост трябва всички да сте в затвора,анонимен,преди 2 дни,16,0,2026-04-11 17:08:06
dnes.bg,https://www.dnes.bg/c/604-izbori-2026,https://www.dnes.bg/a/604-izbori-2026/717325-balabanov-ubeden-itn-shte-bade-v-52-iya-parlament,Балабанов убеден: ИТН ще бъде в 52-ия парламент,08.04.2026 | 22:51 ч.,,12,"АКО КАНДИДАТСТВАТ ЗА ХИГИЕНИСТИ ,.....МОЖЕ",анонимен,преди 2 дни,18,0,2026-04-11 17:08:06
dnes.bg,https://www.dnes.bg/c/604-izbori-2026,https://www.dnes.bg/a/604-izbori-2026/717325-balabanov-ubeden-itn-shte-bade-v-52-iya-parlament,Балабанов убеден: ИТН ще бъде в 52-ия парламент,08.04.2026 | 22:51 ч.,,11,"Тия наистина ли си вярват,че ще влязат пак в парламента,или сами се надъхват за по-голяма субсидия?",Анонимен,преди 2 дни,22,0,2026-04-11 17:08:06
dnes.bg,https://www.dnes.bg/c/604-izbori-2026,https://www.dnes.bg/a/604-izbori-2026/717325-balabanov-ubeden-itn-shte-bade-v-52-iya-parlament,Балабанов убеден: ИТН ще бъде в 52-ия парламент,08.04.2026 | 22:51 ч.,,10,Ха ха ха ...,J,преди 2 дни,14,0,2026-04-11 17:08:06
dnes.bg,https://www.dnes.bg/c/604-izbori-2026,https://www.dnes.bg/a/604-izbori-2026/717325-balabanov-ubeden-itn-shte-bade-v-52-iya-parlament,Балабанов убеден: ИТН ще бъде в 52-ия парламент,08.04.2026 | 22:51 ч.,,9,"Тия май не са наясно,че всеки докоснал се до отровната гъба ГЕРБ пада в канала.БСП и Догановото ДПС също са им намазани ските.Мечовете го вадят и те голям ама лекичък.Какво ли ще е на 20 привечер.Наакани Социолози обърнали резбата и Лидери извън Парламента.Да не се окаже,че Виличие са преди Вгъзражданите.",Банкеръ,преди 2 дни,12,2,2026-04-11 17:08:09
dnes.bg,https://www.dnes.bg/c/604-izbori-2026,https://www.dnes.bg/a/604-izbori-2026/717325-balabanov-ubeden-itn-shte-bade-v-52-iya-parlament,Балабанов убеден: ИТН ще бъде в 52-ия парламент,08.04.2026 | 22:51 ч.,,8,Да не дава господ!,Анонимен,преди 2 дни,15,0,2026-04-11 17:08:09
dnes.bg,https://www.dnes.bg/c/604-izbori-2026,https://www.dnes.bg/a/604-izbori-2026/717325-balabanov-ubeden-itn-shte-bade-v-52-iya-parlament,Балабанов убеден: ИТН ще бъде в 52-ия парламент,08.04.2026 | 22:51 ч.,,7,Това на снимката един от дивите глигани от Солун ли е?,анонимен,преди 2 дни,20,1,2026-04-11 17:08:09
dnes.bg,https://www.dnes.bg/c/604-izbori-2026,https://www.dnes.bg/a/604-izbori-2026/717325-balabanov-ubeden-itn-shte-bade-v-52-iya-parlament,Балабанов убеден: ИТН ще бъде в 52-ия парламент,08.04.2026 | 22:51 ч.,,6,"Уж искат в политиката, а още разправят вицове, ха ха ха",анонимен,преди 2 дни,19,0,2026-04-11 17:08:09
dnes.bg,https://www.dnes.bg/c/604-izbori-2026,https://www.dnes.bg/a/604-izbori-2026/717325-balabanov-ubeden-itn-shte-bade-v-52-iya-parlament,Балабанов убеден: ИТН ще бъде в 52-ия парламент,08.04.2026 | 22:51 ч.,,5,ИТН ще влезе единствено в партийния *** на прехода завинаги.,анонимен,преди 2 дни,19,0,2026-04-11 17:08:09
dnes.bg,https://www.dnes.bg/c/604-izbori-2026,https://www.dnes.bg/a/604-izbori-2026/717325-balabanov-ubeden-itn-shte-bade-v-52-iya-parlament,Балабанов убеден: ИТН ще бъде в 52-ия парламент,08.04.2026 | 22:51 ч.,,4,Браво за скеча на сценаристите.Много смешен виц - ИТН в 52 рия парламент.,анонимен,преди 2 дни,28,0,2026-04-11 17:08:09
dnes.bg,https://www.dnes.bg/c/604-izbori-2026,https://www.dnes.bg/a/604-izbori-2026/717325-balabanov-ubeden-itn-shte-bade-v-52-iya-parlament,Балабанов убеден: ИТН ще бъде в 52-ия парламент,08.04.2026 | 22:51 ч.,,3,"Не ми изглежда много убеден, но нищо де, скоро ще го разубедим, след няма и 2 седмици.",анонимен,преди 2 дни,26,0,2026-04-11 17:08:09
dnes.bg,https://www.dnes.bg/c/604-izbori-2026,https://www.dnes.bg/a/604-izbori-2026/717325-balabanov-ubeden-itn-shte-bade-v-52-iya-parlament,Балабанов убеден: ИТН ще бъде в 52-ия парламент,08.04.2026 | 22:51 ч.,,2,"И аз съм твърдо убеден, че на коча торбичките ще паднат!",анонимен,преди 2 дни,25,0,2026-04-11 17:08:09
dnes.bg,https://www.dnes.bg/c/604-izbori-2026,https://www.dnes.bg/a/604-izbori-2026/717325-balabanov-ubeden-itn-shte-bade-v-52-iya-parlament,Балабанов убеден: ИТН ще бъде в 52-ия парламент,08.04.2026 | 22:51 ч.,,1,Ще му се,анонимен,преди 2 дни,29,0,2026-04-11 17:08:09
dnes.bg,https://www.dnes.bg/c/604-izbori-2026,https://www.dnes.bg/a/604-izbori-2026/717324-bozhanov-klisheta-i-snimki-po-banski-v-predizbornata-kampaniya,Божанов: Клишета и снимки по бански в предизборната кампания,08.04.2026 | 22:25 ч.,,9,"Какво стана с модела съдебна реформа на Ристю Лодкаря, какво стана с модела моста на Дунав и завода за ел.коли на Кирил Петков? А лично ти обеща да махнете стикерите от колите, защо още ги има НЕ НА модела ви!",анонимен,преди 2 дни,7,0,2026-04-11 17:08:11
dnes.bg,https://www.dnes.bg/c/604-izbori-2026,https://www.dnes.bg/a/604-izbori-2026/717324-bozhanov-klisheta-i-snimki-po-banski-v-predizbornata-kampaniya,Божанов: Клишета и снимки по бански в предизборната кампания,08.04.2026 | 22:25 ч.,,8,Ама ползвайте Хеден Шолдърс докато Сарафов не е сложил чадър и над него.,Карачанаков,преди 2 дни,4,1,2026-04-11 17:08:11
dnes.bg,https://www.dnes.bg/c/604-izbori-2026,https://www.dnes.bg/a/604-izbori-2026/717324-bozhanov-klisheta-i-snimki-po-banski-v-predizbornata-kampaniya,Божанов: Клишета и снимки по бански в предизборната кампания,08.04.2026 | 22:25 ч.,,7,пърхотко се мисли за умник обаче го е страх да не са го снимали какви ги върши в банята и спалнята,хахаха,преди 2 дни,4,1,2026-04-11 17:08:11
dnes.bg,https://www.dnes.bg/c/604-izbori-2026,https://www.dnes.bg/a/604-izbori-2026/717324-bozhanov-klisheta-i-snimki-po-banski-v-predizbornata-kampaniya,Божанов: Клишета и снимки по бански в предизборната кампания,08.04.2026 | 22:25 ч.,,6,Бойко и пеевски ще надживеят ппдб.,анонимен,преди 2 дни,9,2,2026-04-11 17:08:11
dnes.bg,https://www.dnes.bg/c/604-izbori-2026,https://www.dnes.bg/a/604-izbori-2026/717324-bozhanov-klisheta-i-snimki-po-banski-v-predizbornata-kampaniya,Божанов: Клишета и снимки по бански в предизборната кампания,08.04.2026 | 22:25 ч.,,5,ИЗКЪПИ СЕ БЕ,анонимен,преди 2 дни,13,2,2026-04-11 17:08:11
dnes.bg,https://www.dnes.bg/c/604-izbori-2026,https://www.dnes.bg/a/604-izbori-2026/717324-bozhanov-klisheta-i-snimki-po-banski-v-predizbornata-kampaniya,Божанов: Клишета и снимки по бански в предизборната кампания,08.04.2026 | 22:25 ч.,,4,Е то за педофили - само малки дечица ги блазнят,анонимен,преди 2 дни,11,3,2026-04-11 17:08:11
dnes.bg,https://www.dnes.bg/c/604-izbori-2026,https://www.dnes.bg/a/604-izbori-2026/717324-bozhanov-klisheta-i-snimki-po-banski-v-predizbornata-kampaniya,Божанов: Клишета и снимки по бански в предизборната кампания,08.04.2026 | 22:25 ч.,,3,Кой е по-близо до реалността - капеец дето вярва че Русия ще победи Запада някой ден или пепедебеец който вярва че ппдб ще вземат 121 депутата някой ден :) и кое от двете ще стане първо?,анонимен,преди 2 дни,10,3,2026-04-11 17:08:11
dnes.bg,https://www.dnes.bg/c/604-izbori-2026,https://www.dnes.bg/a/604-izbori-2026/717324-bozhanov-klisheta-i-snimki-po-banski-v-predizbornata-kampaniya,Божанов: Клишета и снимки по бански в предизборната кампания,08.04.2026 | 22:25 ч.,,2,НЕ НА ШАРЛАТАНСКИТЕ ЛЪЖЦИ 5 ГОДИНИ ГРАЦЕЖИ И НИКОЙ НЕ И ТЪРСИ ОТГОВОРНОСТ ВЪН,Аноним,преди 2 дни,11,2,2026-04-11 17:08:11
dnes.bg,https://www.dnes.bg/c/604-izbori-2026,https://www.dnes.bg/a/604-izbori-2026/717324-bozhanov-klisheta-i-snimki-po-banski-v-predizbornata-kampaniya,Божанов: Клишета и снимки по бански в предизборната кампания,08.04.2026 | 22:25 ч.,,1,вин дизел кво има против снимките по бански,анонимен,преди 2 дни,2,2,2026-04-11 17:08:11
dnes.bg,https://www.dnes.bg/c/604-izbori-2026,https://www.dnes.bg/a/604-izbori-2026/717319-anton-kutev-ot-progresivna-balgariya-vseki-vtori-balgarin-podkrepya-radev,"Антон Кутев от ""Прогресивна България"": Всеки втори българин подкрепя Радев",08.04.2026 | 21:34 ч.,,63,"Г-н Кутев, я виж в Публикацията над теб стрина Ниновица от село Крушовица какви ги бъбри: Страх е обхванал ПБ, че тя не само няма да се класира на първо място, ами ще слезе на 3-о - 4-о място и няма да влезе в управляващата коалиция. Аз повече бих се радвал ако бившият милиционер Боце не влезе в управлението на България. Лелее, направо ще се пръсне: язък за приказките му за шистовия газ и пропиляния 1 млрд. на ден от него.",анонимен,преди 2 дни,0,0,2026-04-11 17:08:15
dnes.bg,https://www.dnes.bg/c/604-izbori-2026,https://www.dnes.bg/a/604-izbori-2026/717319-anton-kutev-ot-progresivna-balgariya-vseki-vtori-balgarin-podkrepya-radev,"Антон Кутев от ""Прогресивна България"": Всеки втори българин подкрепя Радев",08.04.2026 | 21:34 ч.,,62,Чекаме господин Радев да върне лева.,анонимен,преди 2 дни,0,0,2026-04-11 17:08:15
dnes.bg,https://www.dnes.bg/c/604-izbori-2026,https://www.dnes.bg/a/604-izbori-2026/717319-anton-kutev-ot-progresivna-balgariya-vseki-vtori-balgarin-podkrepya-radev,"Антон Кутев от ""Прогресивна България"": Всеки втори българин подкрепя Радев",08.04.2026 | 21:34 ч.,,61,"Кутев, стига глупости! Съсипахте БСП-то сега сте се лепнали за генерал нищоправец да ви вкара в парламента! как пък изчисли, че всеки втори подкрепя нищожеството Радев?!",анонимен,преди 2 дни,2,1,2026-04-11 17:08:15
dnes.bg,https://www.dnes.bg/c/604-izbori-2026,https://www.dnes.bg/a/604-izbori-2026/717319-anton-kutev-ot-progresivna-balgariya-vseki-vtori-balgarin-podkrepya-radev,"Антон Кутев от ""Прогресивна България"": Всеки втори българин подкрепя Радев",08.04.2026 | 21:34 ч.,,60,"му дават лоши резултати, казват, че 49% от българите подкрепят Радев. - изложихте се, аз си мислех че сте достигнали 99.9%.",Сатир,преди 2 дни,1,1,2026-04-11 17:08:15
dnes.bg,https://www.dnes.bg/c/604-izbori-2026,https://www.dnes.bg/a/604-izbori-2026/717319-anton-kutev-ot-progresivna-balgariya-vseki-vtori-balgarin-podkrepya-radev,"Антон Кутев от ""Прогресивна България"": Всеки втори българин подкрепя Радев",08.04.2026 | 21:34 ч.,,59,До: анонименБобокови бяха точни с парите. Това им бе задачата. Има и други.,Радевата олигархия,преди 2 дни,6,0,2026-04-11 17:08:15
dnes.bg,https://www.dnes.bg/c/604-izbori-2026,https://www.dnes.bg/a/604-izbori-2026/717319-anton-kutev-ot-progresivna-balgariya-vseki-vtori-balgarin-podkrepya-radev,"Антон Кутев от ""Прогресивна България"": Всеки втори българин подкрепя Радев",08.04.2026 | 21:34 ч.,,58,"Не, не всеки втори подкрепя ПБ на путиниста Радев. И слава Богу, иначе ще трябва да обявин нацията за свършена.",Часът на истината 19,преди 2 дни,8,1,2026-04-11 17:08:15
dnes.bg,https://www.dnes.bg/c/604-izbori-2026,https://www.dnes.bg/a/604-izbori-2026/717319-anton-kutev-ot-progresivna-balgariya-vseki-vtori-balgarin-podkrepya-radev,"Антон Кутев от ""Прогресивна България"": Всеки втори българин подкрепя Радев",08.04.2026 | 21:34 ч.,,57,не! всеки трети от четирима!,анонимен,преди 2 дни,0,0,2026-04-11 17:08:15
dnes.bg,https://www.dnes.bg/c/604-izbori-2026,https://www.dnes.bg/a/604-izbori-2026/717319-anton-kutev-ot-progresivna-balgariya-vseki-vtori-balgarin-podkrepya-radev,"Антон Кутев от ""Прогресивна България"": Всеки втори българин подкрепя Радев",08.04.2026 | 21:34 ч.,,56,"Чудно къде са онези Бобокови,които призоваха Радев да направи партия.Бяха много смели около протестите,даже и един техен наследник беше арестуван. Сега никакви ги няма? Радев ли ги е накарал да се потопят надълбоко,да не дразнят народа покрай битката с Олигархията,каквато са самите те?",анонимен,преди 2 дни,7,1,2026-04-11 17:08:15
dnes.bg,https://www.dnes.bg/c/604-izbori-2026,https://www.dnes.bg/a/604-izbori-2026/717319-anton-kutev-ot-progresivna-balgariya-vseki-vtori-balgarin-podkrepya-radev,"Антон Кутев от ""Прогресивна България"": Всеки втори българин подкрепя Радев",08.04.2026 | 21:34 ч.,,55,"защо лъжеш бе.не е вярно.аз не го подкрепям.тоя е *** на руснаците,и ще ни доведе до мизерия.",anonimen,преди 2 дни,6,1,2026-04-11 17:08:15
dnes.bg,https://www.dnes.bg/c/604-izbori-2026,https://www.dnes.bg/a/604-izbori-2026/717319-anton-kutev-ot-progresivna-balgariya-vseki-vtori-balgarin-podkrepya-radev,"Антон Кутев от ""Прогресивна България"": Всеки втори българин подкрепя Радев",08.04.2026 | 21:34 ч.,,54,"От ""Винаги верни на Партията"" до ""Прогресивна България"" .Това накратко е диагнозата на Кутев и такива като него",анонимен,преди 2 дни,6,1,2026-04-11 17:08:15
dnes.bg,https://www.dnes.bg/c/604-izbori-2026,https://www.dnes.bg/a/604-izbori-2026/717319-anton-kutev-ot-progresivna-balgariya-vseki-vtori-balgarin-podkrepya-radev,"Антон Кутев от ""Прогресивна България"": Всеки втори българин подкрепя Радев",08.04.2026 | 21:34 ч.,,53,"Антоне Антоне Къде ти е ума Всеки втори българин проклина Радев и неговото появяване ,дето докара тази беля, тази разсипня от години като се появи на небосклона той и партията му продължаваме промяната Да гори в ада Румен ти Радев",Народът,преди 2 дни,12,1,2026-04-11 17:08:17
dnes.bg,https://www.dnes.bg/c/604-izbori-2026,https://www.dnes.bg/a/604-izbori-2026/717319-anton-kutev-ot-progresivna-balgariya-vseki-vtori-balgarin-podkrepya-radev,"Антон Кутев от ""Прогресивна България"": Всеки втори българин подкрепя Радев",08.04.2026 | 21:34 ч.,,52,"Този сбирток от екс бсп кадри и шепа каратисти с волейболисти ще останат изненадани след седмица. Въобразяват си, че народа дава мило и драго да го управляват пак. Пак, защото те със служебните вече управляваха. И направиха само поразии. Кампанията им е вяла и безлична. А на нови избори ще изпаднат още. Имам чувството, че Радев насила е накаран да прави партия. Никакво желание. Бойко обикаля България, отиде при всеки ютюбър, обяснява се, показва.",анонимен,преди 2 дни,13,1,2026-04-11 17:08:17
dnes.bg,https://www.dnes.bg/c/604-izbori-2026,https://www.dnes.bg/a/604-izbori-2026/717319-anton-kutev-ot-progresivna-balgariya-vseki-vtori-balgarin-podkrepya-radev,"Антон Кутев от ""Прогресивна България"": Всеки втори българин подкрепя Радев",08.04.2026 | 21:34 ч.,,51,"Слава богу няма го мавзолея,слава богу няма го и Гената",анонимен,преди 2 дни,4,1,2026-04-11 17:08:17
dnes.bg,https://www.dnes.bg/c/604-izbori-2026,https://www.dnes.bg/a/604-izbori-2026/717319-anton-kutev-ot-progresivna-balgariya-vseki-vtori-balgarin-podkrepya-radev,"Антон Кутев от ""Прогресивна България"": Всеки втори българин подкрепя Радев",08.04.2026 | 21:34 ч.,,50,"Фурнаджийски лопати като Кутев, ВЪН. ""Човек"", който е готов да говори всичко, което се очаква от него, ""човек"" без принципи и морал, не може да е от полза на обществоти. Радев прави голяма грешка, че се доверява на такива манипулатори и лъжци. Това продажници. Това са ""спящи клетки"" на мафията, които чакат да бъдат активирани.",Bobyname,преди 2 дни,12,0,2026-04-11 17:08:17
dnes.bg,https://www.dnes.bg/c/604-izbori-2026,https://www.dnes.bg/a/604-izbori-2026/717319-anton-kutev-ot-progresivna-balgariya-vseki-vtori-balgarin-podkrepya-radev,"Антон Кутев от ""Прогресивна България"": Всеки втори българин подкрепя Радев",08.04.2026 | 21:34 ч.,,49,"До: анонимен 55 - Мавзолеят го няма вече от няколко десетилетия бе, човек. Взриви го Гената.",анонимен,преди 2 дни,4,0,2026-04-11 17:08:17
dnes.bg,https://www.dnes.bg/c/604-izbori-2026,https://www.dnes.bg/a/604-izbori-2026/717319-anton-kutev-ot-progresivna-balgariya-vseki-vtori-balgarin-podkrepya-radev,"Антон Кутев от ""Прогресивна България"": Всеки втори българин подкрепя Радев",08.04.2026 | 21:34 ч.,,48,ТОВА НЕ Е ВЯРНО!!! Само изкукали червени баби и дядовци бивши комсомолски големци подкрепят този троянски кон на Кремъл.,анонимен,преди 2 дни,7,1,2026-04-11 17:08:17
dnes.bg,https://www.dnes.bg/c/604-izbori-2026,https://www.dnes.bg/a/604-izbori-2026/717319-anton-kutev-ot-progresivna-balgariya-vseki-vtori-balgarin-podkrepya-radev,"Антон Кутев от ""Прогресивна България"": Всеки втори българин подкрепя Радев",08.04.2026 | 21:34 ч.,,47,До: анонимен-67 престани да си говориш с въображаеми хора а си пий хапчетата редовно,психиатър,преди 2 дни,4,1,2026-04-11 17:08:17
dnes.bg,https://www.dnes.bg/c/604-izbori-2026,https://www.dnes.bg/a/604-izbori-2026/717319-anton-kutev-ot-progresivna-balgariya-vseki-vtori-balgarin-podkrepya-radev,"Антон Кутев от ""Прогресивна България"": Всеки втори българин подкрепя Радев",08.04.2026 | 21:34 ч.,,46,"Вярно е.Разговарях с десетки хора който от години не гласуват защото са отвратени от политическите кражби и далавери.всички казват,че сега ще гласуват за Радев.Дори вие платените дето го плюете го знаете,но го правите по задължение.",анонимен,преди 2 дни,3,11,2026-04-11 17:08:17
dnes.bg,https://www.dnes.bg/c/604-izbori-2026,https://www.dnes.bg/a/604-izbori-2026/717319-anton-kutev-ot-progresivna-balgariya-vseki-vtori-balgarin-podkrepya-radev,"Антон Кутев от ""Прогресивна България"": Всеки втори българин подкрепя Радев",08.04.2026 | 21:34 ч.,,45,:)))))) Гладен зелен чорап много гласове сънува! :)))),нккщои,преди 2 дни,9,1,2026-04-11 17:08:17
dnes.bg,https://www.dnes.bg/c/604-izbori-2026,https://www.dnes.bg/a/604-izbori-2026/717319-anton-kutev-ot-progresivna-balgariya-vseki-vtori-balgarin-podkrepya-radev,"Антон Кутев от ""Прогресивна България"": Всеки втори българин подкрепя Радев",08.04.2026 | 21:34 ч.,,44,Глyпости. Мокри сънища на рундювите глашатаи. Нямате и една трета.,Българин,преди 2 дни,6,1,2026-04-11 17:08:17
dnes.bg,https://www.dnes.bg/c/604-izbori-2026,https://www.dnes.bg/a/604-izbori-2026/717319-anton-kutev-ot-progresivna-balgariya-vseki-vtori-balgarin-podkrepya-radev,"Антон Кутев от ""Прогресивна България"": Всеки втори българин подкрепя Радев",08.04.2026 | 21:34 ч.,,43,"Че и си верват,тяхната амица гладна",анонимен,преди 2 дни,11,0,2026-04-11 17:08:19
dnes.bg,https://www.dnes.bg/c/604-izbori-2026,https://www.dnes.bg/a/604-izbori-2026/717319-anton-kutev-ot-progresivna-balgariya-vseki-vtori-balgarin-podkrepya-radev,"Антон Кутев от ""Прогресивна България"": Всеки втори българин подкрепя Радев",08.04.2026 | 21:34 ч.,,42,"Излязла е Радка,малка пиратка и се провикна по микрофона",анонимен,преди 2 дни,3,0,2026-04-11 17:08:19
dnes.bg,https://www.dnes.bg/c/604-izbori-2026,https://www.dnes.bg/a/604-izbori-2026/717319-anton-kutev-ot-progresivna-balgariya-vseki-vtori-balgarin-podkrepya-radev,"Антон Кутев от ""Прогресивна България"": Всеки втори българин подкрепя Радев",08.04.2026 | 21:34 ч.,,41,"Едни плюят по Радев,щото ще изпаднат от хранилката,а други щото от тях вече нищо няма да зависи.",Анонимен,преди 2 дни,2,5,2026-04-11 17:08:19
dnes.bg,https://www.dnes.bg/c/604-izbori-2026,https://www.dnes.bg/a/604-izbori-2026/717319-anton-kutev-ot-progresivna-balgariya-vseki-vtori-balgarin-podkrepya-radev,"Антон Кутев от ""Прогресивна България"": Всеки втори българин подкрепя Радев",08.04.2026 | 21:34 ч.,,40,"Кутев е много зле с аритметиката! Сигурно всяка втора оценка по този предмет му е била двойка. Мечтаят те с Рундьо за пълно мнозинство, но ще се охълцат и ще останат с пръст в устата. Слава Богу българският народ на 70-80% е адекватен за да не гласува за руска фуражка.",анонимен,преди 2 дни,11,2,2026-04-11 17:08:19
dnes.bg,https://www.dnes.bg/c/604-izbori-2026,https://www.dnes.bg/a/604-izbori-2026/717319-anton-kutev-ot-progresivna-balgariya-vseki-vtori-balgarin-podkrepya-radev,"Антон Кутев от ""Прогресивна България"": Всеки втори българин подкрепя Радев",08.04.2026 | 21:34 ч.,,39,Този ли обучаваше тролфабpиката онлайн? Гледах запис преди 3 г.,анонимен,преди 2 дни,5,2,2026-04-11 17:08:19
dnes.bg,https://www.dnes.bg/c/604-izbori-2026,https://www.dnes.bg/a/604-izbori-2026/717319-anton-kutev-ot-progresivna-balgariya-vseki-vtori-balgarin-podkrepya-radev,"Антон Кутев от ""Прогресивна България"": Всеки втори българин подкрепя Радев",08.04.2026 | 21:34 ч.,,38,Боташ харесва това!,анонимен,преди 2 дни,6,2,2026-04-11 17:08:19
dnes.bg,https://www.dnes.bg/c/604-izbori-2026,https://www.dnes.bg/a/604-izbori-2026/717319-anton-kutev-ot-progresivna-balgariya-vseki-vtori-balgarin-podkrepya-radev,"Антон Кутев от ""Прогресивна България"": Всеки втори българин подкрепя Радев",08.04.2026 | 21:34 ч.,,37,Дано да има парад на 9 май! Да дойде украински дрон и криворъкото руско ПВО да нацели мавзолея с мумията.,анонимен,преди 2 дни,0,3,2026-04-11 17:08:19
dnes.bg,https://www.dnes.bg/c/604-izbori-2026,https://www.dnes.bg/a/604-izbori-2026/717319-anton-kutev-ot-progresivna-balgariya-vseki-vtori-balgarin-podkrepya-radev,"Антон Кутев от ""Прогресивна България"": Всеки втори българин подкрепя Радев",08.04.2026 | 21:34 ч.,,36,"Би ли обяснил как точно Бойко открадна империята на Божков,интересен ми е механизма.Пък и да те видя дали си банкер или си поредния поплювко",до Банкеръ,преди 2 дни,3,3,2026-04-11 17:08:19
dnes.bg,https://www.dnes.bg/c/604-izbori-2026,https://www.dnes.bg/a/604-izbori-2026/717319-anton-kutev-ot-progresivna-balgariya-vseki-vtori-balgarin-podkrepya-radev,"Антон Кутев от ""Прогресивна България"": Всеки втори българин подкрепя Радев",08.04.2026 | 21:34 ч.,,35,"Радев освен,че е взимал голяма заплата през целия си живот не е направил нищо съществено.В.Божков е създал империя,нищо,че Бойко му я открадна.Има къде,къде по кадърни хора от Военния пенсионер взимаш и заплата.Евала.",Банкеръ,преди 2 дни,7,1,2026-04-11 17:08:19
dnes.bg,https://www.dnes.bg/c/604-izbori-2026,https://www.dnes.bg/a/604-izbori-2026/717319-anton-kutev-ot-progresivna-balgariya-vseki-vtori-balgarin-podkrepya-radev,"Антон Кутев от ""Прогресивна България"": Всеки втори българин подкрепя Радев",08.04.2026 | 21:34 ч.,,34,"При едни честни и неманипулирани избори Гунчо не може да спечели повече от 10% от гласовете,пък вие си лъжете колкото искате",анонимен,преди 2 дни,8,1,2026-04-11 17:08:19
dnes.bg,https://www.dnes.bg/c/604-izbori-2026,https://www.dnes.bg/a/604-izbori-2026/717319-anton-kutev-ot-progresivna-balgariya-vseki-vtori-balgarin-podkrepya-radev,"Антон Кутев от ""Прогресивна България"": Всеки втори българин подкрепя Радев",08.04.2026 | 21:34 ч.,,33,"И аз го харесвам Ококорения Асан,за боксова круша",до Хата Монтана,преди 2 дни,6,2,2026-04-11 17:08:23
dnes.bg,https://www.dnes.bg/c/604-izbori-2026,https://www.dnes.bg/a/604-izbori-2026/717319-anton-kutev-ot-progresivna-balgariya-vseki-vtori-balgarin-podkrepya-radev,"Антон Кутев от ""Прогресивна България"": Всеки втори българин подкрепя Радев",08.04.2026 | 21:34 ч.,,32,"Много зле, Кутев (спортист, милиционер)",анонимен,преди 2 дни,9,1,2026-04-11 17:08:23
dnes.bg,https://www.dnes.bg/c/604-izbori-2026,https://www.dnes.bg/a/604-izbori-2026/717319-anton-kutev-ot-progresivna-balgariya-vseki-vtori-balgarin-podkrepya-radev,"Антон Кутев от ""Прогресивна България"": Всеки втори българин подкрепя Радев",08.04.2026 | 21:34 ч.,,31,"Курте,що лъжеш като дърт комунист бре?",анонимен,преди 2 дни,11,1,2026-04-11 17:08:23
dnes.bg,https://www.dnes.bg/c/604-izbori-2026,https://www.dnes.bg/a/604-izbori-2026/717319-anton-kutev-ot-progresivna-balgariya-vseki-vtori-balgarin-podkrepya-radev,"Антон Кутев от ""Прогресивна България"": Всеки втори българин подкрепя Радев",08.04.2026 | 21:34 ч.,,30,Всъщност всеки пети българин подкрепя Радев. Останалото е подготовка за военен преврат след изборите.,Йордан,преди 2 дни,4,6,2026-04-11 17:08:23
dnes.bg,https://www.dnes.bg/c/604-izbori-2026,https://www.dnes.bg/a/604-izbori-2026/717319-anton-kutev-ot-progresivna-balgariya-vseki-vtori-balgarin-podkrepya-radev,"Антон Кутев от ""Прогресивна България"": Всеки втори българин подкрепя Радев",08.04.2026 | 21:34 ч.,,29,"Кутев,ти не *** ли кюстендилската на Корнелия бе?",анонимен,преди 2 дни,6,1,2026-04-11 17:08:23
dnes.bg,https://www.dnes.bg/c/604-izbori-2026,https://www.dnes.bg/a/604-izbori-2026/717319-anton-kutev-ot-progresivna-balgariya-vseki-vtori-balgarin-podkrepya-radev,"Антон Кутев от ""Прогресивна България"": Всеки втори българин подкрепя Радев",08.04.2026 | 21:34 ч.,,28,"Куртев,Антоне,ти в час ли си ве джипси?Имам много приятели и познати и не познавам и един ,който подкрепя Гунчо.Що лъжеш ве мискинино?",анонимен,преди 2 дни,10,3,2026-04-11 17:08:23
dnes.bg,https://www.dnes.bg/c/604-izbori-2026,https://www.dnes.bg/a/604-izbori-2026/717319-anton-kutev-ot-progresivna-balgariya-vseki-vtori-balgarin-podkrepya-radev,"Антон Кутев от ""Прогресивна България"": Всеки втори българин подкрепя Радев",08.04.2026 | 21:34 ч.,,27,Прогресивна България застава зад интересите на половин милион администрация и педесет хиляди милиционери....Демек всякакви промени и прогрес оставете юззз всичко по старумо.,Ново ТОТО...,преди 2 дни,8,1,2026-04-11 17:08:23
dnes.bg,https://www.dnes.bg/c/604-izbori-2026,https://www.dnes.bg/a/604-izbori-2026/717319-anton-kutev-ot-progresivna-balgariya-vseki-vtori-balgarin-podkrepya-radev,"Антон Кутев от ""Прогресивна България"": Всеки втори българин подкрепя Радев",08.04.2026 | 21:34 ч.,,26,"Аз работя с 36 човека екип. Един подкрепя Радев и това е. Хахаха ха-ха ха-ха ха-ха ха-ха Къде е всеки втори, бре? На всеки километър даже не е.",анонимен,преди 2 дни,13,1,2026-04-11 17:08:23
dnes.bg,https://www.dnes.bg/c/604-izbori-2026,https://www.dnes.bg/a/604-izbori-2026/717319-anton-kutev-ot-progresivna-balgariya-vseki-vtori-balgarin-podkrepya-radev,"Антон Кутев от ""Прогресивна България"": Всеки втори българин подкрепя Радев",08.04.2026 | 21:34 ч.,,25,Глупости на търкалета!,Пришелец,преди 2 дни,7,2,2026-04-11 17:08:23
dnes.bg,https://www.dnes.bg/c/604-izbori-2026,https://www.dnes.bg/a/604-izbori-2026/717319-anton-kutev-ot-progresivna-balgariya-vseki-vtori-balgarin-podkrepya-radev,"Антон Кутев от ""Прогресивна България"": Всеки втори българин подкрепя Радев",08.04.2026 | 21:34 ч.,,24,това не е вярно нямам близък или познат който да го подкрепя един целенасочено надут балон от говорители и медии.,анонимен,преди 2 дни,11,1,2026-04-11 17:08:23
dnes.bg,https://www.dnes.bg/c/604-izbori-2026,https://www.dnes.bg/a/604-izbori-2026/717319-anton-kutev-ot-progresivna-balgariya-vseki-vtori-balgarin-podkrepya-radev,"Антон Кутев от ""Прогресивна България"": Всеки втори българин подкрепя Радев",08.04.2026 | 21:34 ч.,,23,Радев е сбъркал като се е доверил на Кутев,анонимен,преди 2 дни,11,1,2026-04-11 17:08:25
dnes.bg,https://www.dnes.bg/c/604-izbori-2026,https://www.dnes.bg/a/604-izbori-2026/717319-anton-kutev-ot-progresivna-balgariya-vseki-vtori-balgarin-podkrepya-radev,"Антон Кутев от ""Прогресивна България"": Всеки втори българин подкрепя Радев",08.04.2026 | 21:34 ч.,,22,"ПСБ, това са БСП наобратно. Кого заблуждават.",анонимен,преди 2 дни,9,1,2026-04-11 17:08:25
dnes.bg,https://www.dnes.bg/c/604-izbori-2026,https://www.dnes.bg/a/604-izbori-2026/717319-anton-kutev-ot-progresivna-balgariya-vseki-vtori-balgarin-podkrepya-radev,"Антон Кутев от ""Прогресивна България"": Всеки втори българин подкрепя Радев",08.04.2026 | 21:34 ч.,,21,кутев дали получава оргазъм докато говори с тва вдъхновение,сексолог,преди 2 дни,6,1,2026-04-11 17:08:25
dnes.bg,https://www.dnes.bg/c/604-izbori-2026,https://www.dnes.bg/a/604-izbori-2026/717319-anton-kutev-ot-progresivna-balgariya-vseki-vtori-balgarin-podkrepya-radev,"Антон Кутев от ""Прогресивна България"": Всеки втори българин подкрепя Радев",08.04.2026 | 21:34 ч.,,20,Кутев се е объркал.,анонимен,преди 2 дни,8,2,2026-04-11 17:08:25
dnes.bg,https://www.dnes.bg/c/604-izbori-2026,https://www.dnes.bg/a/604-izbori-2026/717319-anton-kutev-ot-progresivna-balgariya-vseki-vtori-balgarin-podkrepya-radev,"Антон Кутев от ""Прогресивна България"": Всеки втори българин подкрепя Радев",08.04.2026 | 21:34 ч.,,19,Тоя е спал на течение.,анонимен,преди 2 дни,11,1,2026-04-11 17:08:25
dnes.bg,https://www.dnes.bg/c/604-izbori-2026,https://www.dnes.bg/a/604-izbori-2026/717319-anton-kutev-ot-progresivna-balgariya-vseki-vtori-balgarin-podkrepya-radev,"Антон Кутев от ""Прогресивна България"": Всеки втори българин подкрепя Радев",08.04.2026 | 21:34 ч.,,18,"ако половината българи излезнат да гласуват излиза че всички ше гласуват за радев :) кутев , абе ти можеш ли да смяташ че нещо не излизат сметките . за другите партии от къде ше дойдат гласовете ? прогресистите разчитат на ония в Турция дето имат български паспорти ама пак не излизат сметките .",абе,преди 2 дни,10,1,2026-04-11 17:08:25
dnes.bg,https://www.dnes.bg/c/604-izbori-2026,https://www.dnes.bg/a/604-izbori-2026/717319-anton-kutev-ot-progresivna-balgariya-vseki-vtori-balgarin-podkrepya-radev,"Антон Кутев от ""Прогресивна България"": Всеки втори българин подкрепя Радев",08.04.2026 | 21:34 ч.,,17,всеки втори....от анкетираните.,анонимен,преди 2 дни,10,0,2026-04-11 17:08:25
dnes.bg,https://www.dnes.bg/c/604-izbori-2026,https://www.dnes.bg/a/604-izbori-2026/717319-anton-kutev-ot-progresivna-balgariya-vseki-vtori-balgarin-podkrepya-radev,"Антон Кутев от ""Прогресивна България"": Всеки втори българин подкрепя Радев",08.04.2026 | 21:34 ч.,,16,Те това съскащо и давещо се в омраза нещо го гледахме само на Нова година- сега ни преследва от огромните табла по шосета и кръстовища,анонимен,преди 2 дни,21,0,2026-04-11 17:08:25
dnes.bg,https://www.dnes.bg/c/604-izbori-2026,https://www.dnes.bg/a/604-izbori-2026/717319-anton-kutev-ot-progresivna-balgariya-vseki-vtori-balgarin-podkrepya-radev,"Антон Кутев от ""Прогресивна България"": Всеки втори българин подкрепя Радев",08.04.2026 | 21:34 ч.,,15,"антоне , 49% подкрепяли радев , тва не трябваше да го казваш че какъв смях ше падне след изборите ,,,,,",хахахаха,преди 2 дни,23,1,2026-04-11 17:08:25
dnes.bg,https://www.dnes.bg/c/604-izbori-2026,https://www.dnes.bg/a/604-izbori-2026/717319-anton-kutev-ot-progresivna-balgariya-vseki-vtori-balgarin-podkrepya-radev,"Антон Кутев от ""Прогресивна България"": Всеки втори българин подкрепя Радев",08.04.2026 | 21:34 ч.,,14,Политическата дестабилизация в България се дължи на Урунгел Гадев- 2021г/2026г- 8 избора струващи ни над 1 милиард лева- и ще гласуваме за това нещо- да бе.,анонимен,преди 2 дни,22,0,2026-04-11 17:08:25
dnes.bg,https://www.dnes.bg/c/604-izbori-2026,https://www.dnes.bg/a/604-izbori-2026/717319-anton-kutev-ot-progresivna-balgariya-vseki-vtori-balgarin-podkrepya-radev,"Антон Кутев от ""Прогресивна България"": Всеки втори българин подкрепя Радев",08.04.2026 | 21:34 ч.,,13,И тоя се облажи от боташ,анонимен,преди 2 дни,23,0,2026-04-11 17:08:28
dnes.bg,https://www.dnes.bg/c/604-izbori-2026,https://www.dnes.bg/a/604-izbori-2026/717319-anton-kutev-ot-progresivna-balgariya-vseki-vtori-balgarin-podkrepya-radev,"Антон Кутев от ""Прогресивна България"": Всеки втори българин подкрепя Радев",08.04.2026 | 21:34 ч.,,12,Боко ще бие Рундю на изборите.,Зозо,преди 2 дни,22,3,2026-04-11 17:08:28
dnes.bg,https://www.dnes.bg/c/604-izbori-2026,https://www.dnes.bg/a/604-izbori-2026/717319-anton-kutev-ot-progresivna-balgariya-vseki-vtori-balgarin-podkrepya-radev,"Антон Кутев от ""Прогресивна България"": Всеки втори българин подкрепя Радев",08.04.2026 | 21:34 ч.,,11,А всеки първи ви мрази.,анонимен,преди 2 дни,23,0,2026-04-11 17:08:28
dnes.bg,https://www.dnes.bg/c/604-izbori-2026,https://www.dnes.bg/a/604-izbori-2026/717319-anton-kutev-ot-progresivna-balgariya-vseki-vtori-balgarin-podkrepya-radev,"Антон Кутев от ""Прогресивна България"": Всеки втори българин подкрепя Радев",08.04.2026 | 21:34 ч.,,10,Кутев- спри незабавно алкохола- той е вреден за психичното ти здраве- кой нормален ще подкрепя мистър БОТАШ?!,анонимен,преди 2 дни,22,1,2026-04-11 17:08:28
dnes.bg,https://www.dnes.bg/c/604-izbori-2026,https://www.dnes.bg/a/604-izbori-2026/717319-anton-kutev-ot-progresivna-balgariya-vseki-vtori-balgarin-podkrepya-radev,"Антон Кутев от ""Прогресивна България"": Всеки втори българин подкрепя Радев",08.04.2026 | 21:34 ч.,,9,НЕ НА РАДЕВ,нормален,преди 2 дни,23,1,2026-04-11 17:08:28
dnes.bg,https://www.dnes.bg/c/604-izbori-2026,https://www.dnes.bg/a/604-izbori-2026/717319-anton-kutev-ot-progresivna-balgariya-vseki-vtori-balgarin-podkrepya-radev,"Антон Кутев от ""Прогресивна България"": Всеки втори българин подкрепя Радев",08.04.2026 | 21:34 ч.,,8,"Кутев ,много ти е разведена фантазията!",анонимен,преди 2 дни,21,0,2026-04-11 17:08:28
dnes.bg,https://www.dnes.bg/c/604-izbori-2026,https://www.dnes.bg/a/604-izbori-2026/717319-anton-kutev-ot-progresivna-balgariya-vseki-vtori-balgarin-podkrepya-radev,"Антон Кутев от ""Прогресивна България"": Всеки втори българин подкрепя Радев",08.04.2026 | 21:34 ч.,,7,всеки втори българин подкрепял прогресиста румен хахахаха е тва и на първи април няма да мине бе наведен кутев,СМЯХ,преди 2 дни,22,1,2026-04-11 17:08:28
dnes.bg,https://www.dnes.bg/c/604-izbori-2026,https://www.dnes.bg/a/604-izbori-2026/717319-anton-kutev-ot-progresivna-balgariya-vseki-vtori-balgarin-podkrepya-radev,"Антон Кутев от ""Прогресивна България"": Всеки втори българин подкрепя Радев",08.04.2026 | 21:34 ч.,,6,"Радев , Мачкай наред Мафиотите и Олигарсите . Те имат Пари за да си Купят Изборите . НО , НАРОДА ще гласува за ТЕБ .",ПОДКРЕПА,преди 2 дни,0,22,2026-04-11 17:08:28
dnes.bg,https://www.dnes.bg/c/604-izbori-2026,https://www.dnes.bg/a/604-izbori-2026/717319-anton-kutev-ot-progresivna-balgariya-vseki-vtori-balgarin-podkrepya-radev,"Антон Кутев от ""Прогресивна България"": Всеки втори българин подкрепя Радев",08.04.2026 | 21:34 ч.,,5,"Ди Ванс беше в Унгария да надъхва избиратели, да бяхте го поканили и Вие. Радеф нали е възпитаник на американска школа,",Избирател,преди 2 дни,7,2,2026-04-11 17:08:28
dnes.bg,https://www.dnes.bg/c/604-izbori-2026,https://www.dnes.bg/a/604-izbori-2026/717319-anton-kutev-ot-progresivna-balgariya-vseki-vtori-balgarin-podkrepya-radev,"Антон Кутев от ""Прогресивна България"": Всеки втори българин подкрепя Радев",08.04.2026 | 21:34 ч.,,4,"Кой нормален човек ще подкрепя индивида, чието служебно правителство въведе фашистките зелени сертификати?!",глупости,преди 2 дни,16,1,2026-04-11 17:08:28
dnes.bg,https://www.dnes.bg/c/604-izbori-2026,https://www.dnes.bg/a/604-izbori-2026/717319-anton-kutev-ot-progresivna-balgariya-vseki-vtori-balgarin-podkrepya-radev,"Антон Кутев от ""Прогресивна България"": Всеки втори българин подкрепя Радев",08.04.2026 | 21:34 ч.,,3,Аз подкрепям Асен Василев и ще гласувам за ППДБ!,анонимен,преди 2 дни,3,16,2026-04-11 17:08:30
dnes.bg,https://www.dnes.bg/c/604-izbori-2026,https://www.dnes.bg/a/604-izbori-2026/717319-anton-kutev-ot-progresivna-balgariya-vseki-vtori-balgarin-podkrepya-radev,"Антон Кутев от ""Прогресивна България"": Всеки втори българин подкрепя Радев",08.04.2026 | 21:34 ч.,,2,Аз подкрепям Бойко Борисов и ще гласувам за ГЕРБ!,анонимен,преди 2 дни,17,4,2026-04-11 17:08:30
dnes.bg,https://www.dnes.bg/c/604-izbori-2026,https://www.dnes.bg/a/604-izbori-2026/717319-anton-kutev-ot-progresivna-balgariya-vseki-vtori-balgarin-podkrepya-radev,"Антон Кутев от ""Прогресивна България"": Всеки втори българин подкрепя Радев",08.04.2026 | 21:34 ч.,,1,"Аз също го подкрепям, да не съм луд да гласувам за мафиоти и айдуци!",Itso,преди 2 дни,0,20,2026-04-11 17:08:30
dnes.bg,https://www.dnes.bg/c/604-izbori-2026,https://www.dnes.bg/a/604-izbori-2026/717315-boyko-borisov-liberalnite-sredi-uronvat-avtoriteta-na-balgariya,Бойко Борисов: Либералните среди уронват авторитета на България,08.04.2026 | 20:00 ч.,,75,"Ах, то пък един авторитет!....:))))))",анонимен,преди 19 часа,0,0,2026-04-11 17:08:33
dnes.bg,https://www.dnes.bg/c/604-izbori-2026,https://www.dnes.bg/a/604-izbori-2026/717315-boyko-borisov-liberalnite-sredi-uronvat-avtoriteta-na-balgariya,Бойко Борисов: Либералните среди уронват авторитета на България,08.04.2026 | 20:00 ч.,,74,P.S.S.Нищо не може да правиш като имаш липсващо еволюционно звено! Всичко пада като го няма! Като ключовия камък на римска арка! Дърпаш един падат всички! И камъкът дето го няма е Изкуството! Няма да кажа възпитано : Лека ви е нощ.....а вашатамамата .......че нашата яко я .....,Vol'Jin,преди 2 дни,0,3,2026-04-11 17:08:33
dnes.bg,https://www.dnes.bg/c/604-izbori-2026,https://www.dnes.bg/a/604-izbori-2026/717315-boyko-borisov-liberalnite-sredi-uronvat-avtoriteta-na-balgariya,Бойко Борисов: Либералните среди уронват авторитета на България,08.04.2026 | 20:00 ч.,,73,"ГРОП е време да отиде там където му е мястото - в историята която НЕ ТРЯБВА да се повтаря. Връщане поне 15 години назад и конфискация на сметки, имущество ... включително на свързаните.",Мери,преди 2 дни,5,2,2026-04-11 17:08:33
dnes.bg,https://www.dnes.bg/c/604-izbori-2026,https://www.dnes.bg/a/604-izbori-2026/717315-boyko-borisov-liberalnite-sredi-uronvat-avtoriteta-na-balgariya,Бойко Борисов: Либералните среди уронват авторитета на България,08.04.2026 | 20:00 ч.,,72,P.S. Много беше прав Павел Матев като напусна Народното събрание и каза: Тия вътре са психично болни! И не искат и да се лекуват даже!,Vol'Jin,преди 2 дни,3,1,2026-04-11 17:08:33
dnes.bg,https://www.dnes.bg/c/604-izbori-2026,https://www.dnes.bg/a/604-izbori-2026/717315-boyko-borisov-liberalnite-sredi-uronvat-avtoriteta-na-balgariya,Бойко Борисов: Либералните среди уронват авторитета на България,08.04.2026 | 20:00 ч.,,71,"И като махнеш това дето осакатява, тогава мисли какво ще слагаш! Това дето си махнал преди време като например Валфдорф основа.....",Vol'Jin,преди 2 дни,0,2,2026-04-11 17:08:33
dnes.bg,https://www.dnes.bg/c/604-izbori-2026,https://www.dnes.bg/a/604-izbori-2026/717315-boyko-borisov-liberalnite-sredi-uronvat-avtoriteta-na-balgariya,Бойко Борисов: Либералните среди уронват авторитета на България,08.04.2026 | 20:00 ч.,,70,"Аз приключвам , че съм се заканил до 19 дето са изборите, нема да гласувам ама Бочко като реши ментално да се изпусне в пелените - не да му ги сменям, а да му шибнаааа два три ментални шамара..... Ама на МОН да им кажа един лаф: Кога 15 световни експерти, международни изследвания като Пиза и Леонардо да ти кажат, че нещо е много сбъркано и много осакатяваш младежта земи та махнете тия простотииия, не та не.....заинатили се на моста като Пегасът на Пенчо Славейков - който е едно магаре!",Vol'Jin,преди 2 дни,0,2,2026-04-11 17:08:33
dnes.bg,https://www.dnes.bg/c/604-izbori-2026,https://www.dnes.bg/a/604-izbori-2026/717315-boyko-borisov-liberalnite-sredi-uronvat-avtoriteta-na-balgariya,Бойко Борисов: Либералните среди уронват авторитета на България,08.04.2026 | 20:00 ч.,,69,"Не бе това е корпоративна бизнес логика бе бацета ....не ме интересува ляво ли е , дясно ли е.....интересува ме да работи как трябва.....",Vol'Jin,преди 2 дни,1,1,2026-04-11 17:08:33
dnes.bg,https://www.dnes.bg/c/604-izbori-2026,https://www.dnes.bg/a/604-izbori-2026/717315-boyko-borisov-liberalnite-sredi-uronvat-avtoriteta-na-balgariya,Бойко Борисов: Либералните среди уронват авторитета на България,08.04.2026 | 20:00 ч.,,68,"Вие ми не разбрахте лафа - за процеса на Пастьор без който половината храна в магазина е с трайност един два дена, стандарта 440 за стомана - дето е международен стандарт за инструментална стомана и инструменти и лафа за правилата по пътищата! Само щото са подписани и вкарани от БКП като регулация и стандартизация да ги отменим! Има леви мерки, десни мерки и работещи меркииии мама ви......",Vol'Jin,преди 2 дни,0,1,2026-04-11 17:08:33
dnes.bg,https://www.dnes.bg/c/604-izbori-2026,https://www.dnes.bg/a/604-izbori-2026/717315-boyko-borisov-liberalnite-sredi-uronvat-avtoriteta-na-balgariya,Бойко Борисов: Либералните среди уронват авторитета на България,08.04.2026 | 20:00 ч.,,67,"То глей сега в Западна Европа даже и в САЩ има такива понятия - леви социалистически мерни, десни капиталистически.....там до имат такива традиции, ама тука има православни мерки, маймунски мерки и много често, най-често Ганьооовски мерки , като на Ганьооовеца на снимката ..... И той като като Бай ви *** е Безсмъртен, ама за разлика от антигерой на Алеко, тоя може да бъде убит, ама много трудно и действията от последните 20 години.....",Vol'Jin,преди 2 дни,3,2,2026-04-11 17:08:33
dnes.bg,https://www.dnes.bg/c/604-izbori-2026,https://www.dnes.bg/a/604-izbori-2026/717315-boyko-borisov-liberalnite-sredi-uronvat-avtoriteta-na-balgariya,Бойко Борисов: Либералните среди уронват авторитета на България,08.04.2026 | 20:00 ч.,,66,"Тоя дали си пази още партийната книжка. Уж народа го обича, а обикаля страната зад барикада от пазители за които плаща всеки българин. Имиджа на България го сваляш ти, като изпрати водопада да подписва договора на Тръмп с надеждата да отпадне магнитски. Ако изчезнете с НН имиджа ще се върне бързо защото няма да има мутри в управлението. Корупцията е достигнала незапомнени висоти заради вас. Калинките няма кой да ги уважава и да им има доверие. Оня Спецов какъв авторитет е, че е особ.управител",анонимен,преди 2 дни,7,4,2026-04-11 17:08:33
dnes.bg,https://www.dnes.bg/c/604-izbori-2026,https://www.dnes.bg/a/604-izbori-2026/717315-boyko-borisov-liberalnite-sredi-uronvat-avtoriteta-na-balgariya,Бойко Борисов: Либералните среди уронват авторитета на България,08.04.2026 | 20:00 ч.,,65,"Друга свинщина дето много ме развеселява всеки път като ги чуя! Левиии мерки, десни мерки!!!! Некви приказки дето са абсолютно без покритие..... Робският труд в публичното образование лява мярка ли беше или дясна или маймунскаааа?",Vol'Jin,преди 2 дни,3,2,2026-04-11 17:08:36
dnes.bg,https://www.dnes.bg/c/604-izbori-2026,https://www.dnes.bg/a/604-izbori-2026/717315-boyko-borisov-liberalnite-sredi-uronvat-avtoriteta-na-balgariya,Бойко Борисов: Либералните среди уронват авторитета на България,08.04.2026 | 20:00 ч.,,64,Абсолютно вярно! Изключително нагли неможачи и лъжци!,анонимен,преди 2 дни,6,1,2026-04-11 17:08:36
dnes.bg,https://www.dnes.bg/c/604-izbori-2026,https://www.dnes.bg/a/604-izbori-2026/717315-boyko-borisov-liberalnite-sredi-uronvat-avtoriteta-na-balgariya,Бойко Борисов: Либералните среди уронват авторитета на България,08.04.2026 | 20:00 ч.,,63,Браво гербаджии ще имате 160 представители в парламента но не като депутати а като куповачи,Cec,преди 2 дни,3,9,2026-04-11 17:08:36
dnes.bg,https://www.dnes.bg/c/604-izbori-2026,https://www.dnes.bg/a/604-izbori-2026/717315-boyko-borisov-liberalnite-sredi-uronvat-avtoriteta-na-balgariya,Бойко Борисов: Либералните среди уронват авторитета на България,08.04.2026 | 20:00 ч.,,62,"Чекай да цитирам Николай Василев: ""Държавата и публичните сектори трябва да се управляват като бизнес!""Като бизнес, а не като кажа с мед Василев!Няколко корпоративни CEO - Chief executive officers дето се познаваме с тях покрай един проект, казаха велик лаф: ""Ако си управлявам и финансирам корпорацията като тия публичните сектори - аз съм уволнен на първата година и корпорацията е във фалит!"" Няма да споменавам имена!",Vol'Jin,преди 2 дни,3,3,2026-04-11 17:08:36
dnes.bg,https://www.dnes.bg/c/604-izbori-2026,https://www.dnes.bg/a/604-izbori-2026/717315-boyko-borisov-liberalnite-sredi-uronvat-avtoriteta-na-balgariya,Бойко Борисов: Либералните среди уронват авторитета на България,08.04.2026 | 20:00 ч.,,61,"На нито един от тия сериозен проблем на бъдещето и цивилното население не им минава и през главите, те си имат спрейове против такива нахални като мухи идеи....",Vol'Jin,преди 2 дни,1,2,2026-04-11 17:08:36
dnes.bg,https://www.dnes.bg/c/604-izbori-2026,https://www.dnes.bg/a/604-izbori-2026/717315-boyko-borisov-liberalnite-sredi-uronvat-avtoriteta-na-balgariya,Бойко Борисов: Либералните среди уронват авторитета на България,08.04.2026 | 20:00 ч.,,60,"Те сега ще кажа друг голям лаф: Казах, че ще гласувам за партията или лидера дето заяви в национален ефир, че ще подреже крилцата на Българска православна църква като олигархът в повече! Ще гласувам и за този който каже отменям делегираните бюджети и изравнявам нормите на учителите! И тоя път няма да гласувам, защото никой от тия това не му минава и през главатаааа....",Vol'Jin,преди 2 дни,1,3,2026-04-11 17:08:36
dnes.bg,https://www.dnes.bg/c/604-izbori-2026,https://www.dnes.bg/a/604-izbori-2026/717315-boyko-borisov-liberalnite-sredi-uronvat-avtoriteta-na-balgariya,Бойко Борисов: Либералните среди уронват авторитета на България,08.04.2026 | 20:00 ч.,,59,"И точно това е проблема дами и господа....как работят такива идеи като демократично образование, светско образование, насока към изкуства, защита на държавата и свободно развитие на изкуствата в условията на робски труд в публичното образование и като се повдигне въпроса и за метода на финансиране се правят на нищо не чули, нищо не видели, нищо не казали. Като трите маймунииии.... Не слушай страха, не говори за страха, ме гледай страха.....",Vol'Jin,преди 2 дни,0,3,2026-04-11 17:08:36
dnes.bg,https://www.dnes.bg/c/604-izbori-2026,https://www.dnes.bg/a/604-izbori-2026/717315-boyko-borisov-liberalnite-sredi-uronvat-avtoriteta-na-balgariya,Бойко Борисов: Либералните среди уронват авторитета на България,08.04.2026 | 20:00 ч.,,58,България има авторитет? Нещо съм проспал...,анонимен,преди 2 дни,5,5,2026-04-11 17:08:36
dnes.bg,https://www.dnes.bg/c/604-izbori-2026,https://www.dnes.bg/a/604-izbori-2026/717315-boyko-borisov-liberalnite-sredi-uronvat-avtoriteta-na-balgariya,Бойко Борисов: Либералните среди уронват авторитета на България,08.04.2026 | 20:00 ч.,,57,"Аз лично ще гласувам за Радев , както нормалните хора .",МНЕНИЕ,преди 2 дни,6,13,2026-04-11 17:08:36
dnes.bg,https://www.dnes.bg/c/604-izbori-2026,https://www.dnes.bg/a/604-izbori-2026/717315-boyko-borisov-liberalnite-sredi-uronvat-avtoriteta-na-balgariya,Бойко Борисов: Либералните среди уронват авторитета на България,08.04.2026 | 20:00 ч.,,56,Ама не си и помисляй да ми лепваш термина неолиберал или комунист Бочкоооо..... Аз партийна книжка никога не съм имал за разлика от тебе.......,Vol'Jin,преди 2 дни,6,8,2026-04-11 17:08:36
dnes.bg,https://www.dnes.bg/c/604-izbori-2026,https://www.dnes.bg/a/604-izbori-2026/717315-boyko-borisov-liberalnite-sredi-uronvat-avtoriteta-na-balgariya,Бойко Борисов: Либералните среди уронват авторитета на България,08.04.2026 | 20:00 ч.,,55,Кой е по-смешен: Бойко или Асен? Според мене резултатът е отрицателно равен...,Точен,преди 2 дни,5,7,2026-04-11 17:08:39
dnes.bg,https://www.dnes.bg/c/604-izbori-2026,https://www.dnes.bg/a/604-izbori-2026/717315-boyko-borisov-liberalnite-sredi-uronvat-avtoriteta-na-balgariya,Бойко Борисов: Либералните среди уронват авторитета на България,08.04.2026 | 20:00 ч.,,54,"Най-ефирните меки китки , гласуват за Педроханци ! Целият Гей-парад стои твърдо зад тях !",анонимен,преди 2 дни,8,3,2026-04-11 17:08:39
dnes.bg,https://www.dnes.bg/c/604-izbori-2026,https://www.dnes.bg/a/604-izbori-2026/717315-boyko-borisov-liberalnite-sredi-uronvat-avtoriteta-na-balgariya,Бойко Борисов: Либералните среди уронват авторитета на България,08.04.2026 | 20:00 ч.,,53,Само Асен Василев трябва да е премиер!,анонимен,преди 2 дни,2,11,2026-04-11 17:08:39
dnes.bg,https://www.dnes.bg/c/604-izbori-2026,https://www.dnes.bg/a/604-izbori-2026/717315-boyko-borisov-liberalnite-sredi-uronvat-avtoriteta-na-balgariya,Бойко Борисов: Либералните среди уронват авторитета на България,08.04.2026 | 20:00 ч.,,52,Най-големите некадърници и необразовани хора гласуват за ГЕРБ!,анонимен,преди 2 дни,11,10,2026-04-11 17:08:39
dnes.bg,https://www.dnes.bg/c/604-izbori-2026,https://www.dnes.bg/a/604-izbori-2026/717315-boyko-borisov-liberalnite-sredi-uronvat-avtoriteta-na-balgariya,Бойко Борисов: Либералните среди уронват авторитета на България,08.04.2026 | 20:00 ч.,,51,А маймуниии примитивнии с бонобо шимпанзе за водач и шебеции като тоя на снимката за подизпълнители......,Vol'Jin,преди 2 дни,5,7,2026-04-11 17:08:39
dnes.bg,https://www.dnes.bg/c/604-izbori-2026,https://www.dnes.bg/a/604-izbori-2026/717315-boyko-borisov-liberalnite-sredi-uronvat-avtoriteta-na-balgariya,Бойко Борисов: Либералните среди уронват авторитета на България,08.04.2026 | 20:00 ч.,,50,"Само Бойко Борисов трябва да е премиер, само ГЕРБ! Всички други вън от властта!",анонимен,преди 2 дни,11,9,2026-04-11 17:08:39
dnes.bg,https://www.dnes.bg/c/604-izbori-2026,https://www.dnes.bg/a/604-izbori-2026/717315-boyko-borisov-liberalnite-sredi-uronvat-avtoriteta-na-balgariya,Бойко Борисов: Либералните среди уронват авторитета на България,08.04.2026 | 20:00 ч.,,49,Долна лъжа. Докажи го!,До 76,преди 2 дни,4,6,2026-04-11 17:08:39
dnes.bg,https://www.dnes.bg/c/604-izbori-2026,https://www.dnes.bg/a/604-izbori-2026/717315-boyko-borisov-liberalnite-sredi-uronvat-avtoriteta-na-balgariya,Бойко Борисов: Либералните среди уронват авторитета на България,08.04.2026 | 20:00 ч.,,48,"Теменужка Петкова остави бюджетен дефицит от 200 милиона ? Смешно нисък ! Юнак Гюро , за по-малко от два месеца , тресна държавата с дефицит от 1,7 милиарда? Ама да не си помислите че крадат ?",анонимен,преди 2 дни,9,10,2026-04-11 17:08:39
dnes.bg,https://www.dnes.bg/c/604-izbori-2026,https://www.dnes.bg/a/604-izbori-2026/717315-boyko-borisov-liberalnite-sredi-uronvat-avtoriteta-na-balgariya,Бойко Борисов: Либералните среди уронват авторитета на България,08.04.2026 | 20:00 ч.,,47,"И като повдигнеш въпроса пред международен съд за правата на човека! Робски труд в публичното образование и то върху сфери със защита от държавата - изкуства и природни науки , че и на спорта сложили отгоре! Та като повдигнеш въпроса нека си ти взимат всичко твое и те екзекутират в държавна болница....",Vol'Jin,преди 2 дни,3,3,2026-04-11 17:08:39
dnes.bg,https://www.dnes.bg/c/604-izbori-2026,https://www.dnes.bg/a/604-izbori-2026/717315-boyko-borisov-liberalnite-sredi-uronvat-avtoriteta-na-balgariya,Бойко Борисов: Либералните среди уронват авторитета на България,08.04.2026 | 20:00 ч.,,46,В Кнежа се купуват масово за по 40 евро гласове в полза на ГЕРБ!,анонимен,преди 2 дни,9,7,2026-04-11 17:08:39
dnes.bg,https://www.dnes.bg/c/604-izbori-2026,https://www.dnes.bg/a/604-izbori-2026/717315-boyko-borisov-liberalnite-sredi-uronvat-avtoriteta-na-balgariya,Бойко Борисов: Либералните среди уронват авторитета на България,08.04.2026 | 20:00 ч.,,45,"И като повдигнеш въпроса пред международен съд за правата на човека! Робски труд в публичното образование и то върху сфери със защита от държавата - изкуства и природни науки , че и на спорта сложили отгоре! Та като повдигнеш въпроса нека си ти взимат всичко трое и те екзекутират в държавна болница....",Vol'Jin,преди 2 дни,0,3,2026-04-11 17:08:42
dnes.bg,https://www.dnes.bg/c/604-izbori-2026,https://www.dnes.bg/a/604-izbori-2026/717315-boyko-borisov-liberalnite-sredi-uronvat-avtoriteta-na-balgariya,Бойко Борисов: Либералните среди уронват авторитета на България,08.04.2026 | 20:00 ч.,,44,"Бойко, ти си за съд бе!!!!!! Не за площадите! Или по-точно си за площада, обесен да висиш като чучело за назидание на малки и големи крадци, дръзнали като теб да се подиграват с България.",Карлос,преди 2 дни,9,6,2026-04-11 17:08:42
dnes.bg,https://www.dnes.bg/c/604-izbori-2026,https://www.dnes.bg/a/604-izbori-2026/717315-boyko-borisov-liberalnite-sredi-uronvat-avtoriteta-na-balgariya,Бойко Борисов: Либералните среди уронват авторитета на България,08.04.2026 | 20:00 ч.,,43,Газ пик@ те бе гербаджии - гепаджии като развален грамофон едно и също а за АПИ и за прокуратурата мълчание но малко остана ще гледате от страни,Cec,преди 2 дни,6,7,2026-04-11 17:08:42
dnes.bg,https://www.dnes.bg/c/604-izbori-2026,https://www.dnes.bg/a/604-izbori-2026/717315-boyko-borisov-liberalnite-sredi-uronvat-avtoriteta-na-balgariya,Бойко Борисов: Либералните среди уронват авторитета на България,08.04.2026 | 20:00 ч.,,42,Ту ту къде е тръгнал пак?,анонимен,преди 2 дни,8,5,2026-04-11 17:08:42
dnes.bg,https://www.dnes.bg/c/604-izbori-2026,https://www.dnes.bg/a/604-izbori-2026/717315-boyko-borisov-liberalnite-sredi-uronvat-avtoriteta-na-balgariya,Бойко Борисов: Либералните среди уронват авторитета на България,08.04.2026 | 20:00 ч.,,41,"Пак ли занимавате цялата държава с това недоразумение, разтривач на уши?",анонимен,преди 2 дни,7,4,2026-04-11 17:08:42
dnes.bg,https://www.dnes.bg/c/604-izbori-2026,https://www.dnes.bg/a/604-izbori-2026/717315-boyko-borisov-liberalnite-sredi-uronvat-avtoriteta-na-balgariya,Бойко Борисов: Либералните среди уронват авторитета на България,08.04.2026 | 20:00 ч.,,40,От Асан фасилев в по-голяма излагация за България няма! Да се знае!,анонимен,преди 2 дни,6,7,2026-04-11 17:08:42
dnes.bg,https://www.dnes.bg/c/604-izbori-2026,https://www.dnes.bg/a/604-izbori-2026/717315-boyko-borisov-liberalnite-sredi-uronvat-avtoriteta-na-balgariya,Бойко Борисов: Либералните среди уронват авторитета на България,08.04.2026 | 20:00 ч.,,39,"Ред, работа, растеж...... Тиквата расте само на шкембе :)))))",анонимен,преди 2 дни,11,5,2026-04-11 17:08:42
dnes.bg,https://www.dnes.bg/c/604-izbori-2026,https://www.dnes.bg/a/604-izbori-2026/717315-boyko-borisov-liberalnite-sredi-uronvat-avtoriteta-na-balgariya,Бойко Борисов: Либералните среди уронват авторитета на България,08.04.2026 | 20:00 ч.,,38,От Бойко Борисов по-голяма излагация за България няма! Да се знае!,анонимен,преди 2 дни,12,5,2026-04-11 17:08:42
dnes.bg,https://www.dnes.bg/c/604-izbori-2026,https://www.dnes.bg/a/604-izbori-2026/717315-boyko-borisov-liberalnite-sredi-uronvat-avtoriteta-na-balgariya,Бойко Борисов: Либералните среди уронват авторитета на България,08.04.2026 | 20:00 ч.,,37,"Либералните среди /меките китки / , са срам за България ! Самоназначават си се повсеместно , без никой да е гласувал за тях ! С брутална арогантност, надминаха и комунистите !",анонимен,преди 2 дни,6,5,2026-04-11 17:08:42
dnes.bg,https://www.dnes.bg/c/604-izbori-2026,https://www.dnes.bg/a/604-izbori-2026/717315-boyko-borisov-liberalnite-sredi-uronvat-avtoriteta-na-balgariya,Бойко Борисов: Либералните среди уронват авторитета на България,08.04.2026 | 20:00 ч.,,36,Всички гейове подкрепяме Украйна и ПП ДБ,Ада на че6урашките,преди 2 дни,5,6,2026-04-11 17:08:42
dnes.bg,https://www.dnes.bg/c/604-izbori-2026,https://www.dnes.bg/a/604-izbori-2026/717315-boyko-borisov-liberalnite-sredi-uronvat-avtoriteta-na-balgariya,Бойко Борисов: Либералните среди уронват авторитета на България,08.04.2026 | 20:00 ч.,,35,"Бойко Е мъж,а Лама Асен ???",ХАХАХАХАХАААААА,преди 2 дни,5,6,2026-04-11 17:08:44
dnes.bg,https://www.dnes.bg/c/604-izbori-2026,https://www.dnes.bg/a/604-izbori-2026/717315-boyko-borisov-liberalnite-sredi-uronvat-avtoriteta-na-balgariya,Бойко Борисов: Либералните среди уронват авторитета на България,08.04.2026 | 20:00 ч.,,34,Педроханци ВЪН,анонимен,преди 2 дни,6,6,2026-04-11 17:08:44
dnes.bg,https://www.dnes.bg/c/604-izbori-2026,https://www.dnes.bg/a/604-izbori-2026/717315-boyko-borisov-liberalnite-sredi-uronvat-avtoriteta-na-balgariya,Бойко Борисов: Либералните среди уронват авторитета на България,08.04.2026 | 20:00 ч.,,33,"На България и уронва авторитета тиквата от Банкя, която смачка цялата държава, администрация, съдебна система, силови структури, финанси, само за да краде и слугува на московията и нископърдящото джудже!",Вин,преди 2 дни,9,5,2026-04-11 17:08:44
dnes.bg,https://www.dnes.bg/c/604-izbori-2026,https://www.dnes.bg/a/604-izbori-2026/717315-boyko-borisov-liberalnite-sredi-uronvat-avtoriteta-na-balgariya,Бойко Борисов: Либералните среди уронват авторитета на България,08.04.2026 | 20:00 ч.,,32,"Обществена тайна е , че Магнитски е лепнат по доносите на Петроханци , с любезното съдействие на Мустафата !",...,преди 2 дни,4,4,2026-04-11 17:08:44
dnes.bg,https://www.dnes.bg/c/604-izbori-2026,https://www.dnes.bg/a/604-izbori-2026/717315-boyko-borisov-liberalnite-sredi-uronvat-avtoriteta-na-balgariya,Бойко Борисов: Либералните среди уронват авторитета на България,08.04.2026 | 20:00 ч.,,31,Ламата ти го съдят за измама,До 53,преди 2 дни,2,4,2026-04-11 17:08:44
dnes.bg,https://www.dnes.bg/c/604-izbori-2026,https://www.dnes.bg/a/604-izbori-2026/717315-boyko-borisov-liberalnite-sredi-uronvat-avtoriteta-na-balgariya,Бойко Борисов: Либералните среди уронват авторитета на България,08.04.2026 | 20:00 ч.,,30,"Тиквата сложи за водач на листа във Варна осъден по Магнитски! Скрий се, мерзавецо престъпен! Срамота е!",анонимен,преди 2 дни,11,5,2026-04-11 17:08:44
dnes.bg,https://www.dnes.bg/c/604-izbori-2026,https://www.dnes.bg/a/604-izbori-2026/717315-boyko-borisov-liberalnite-sredi-uronvat-avtoriteta-na-balgariya,Бойко Борисов: Либералните среди уронват авторитета на България,08.04.2026 | 20:00 ч.,,29,"Какви либерални среди, та това са най-обикновени бандити и шарлатани!",Реалист,преди 2 дни,5,7,2026-04-11 17:08:44
dnes.bg,https://www.dnes.bg/c/604-izbori-2026,https://www.dnes.bg/a/604-izbori-2026/717315-boyko-borisov-liberalnite-sredi-uronvat-avtoriteta-na-balgariya,Бойко Борисов: Либералните среди уронват авторитета на България,08.04.2026 | 20:00 ч.,,28,Аз пък искам ППДБ!,До 48,преди 2 дни,9,6,2026-04-11 17:08:44
dnes.bg,https://www.dnes.bg/c/604-izbori-2026,https://www.dnes.bg/a/604-izbori-2026/717315-boyko-borisov-liberalnite-sredi-uronvat-avtoriteta-na-balgariya,Бойко Борисов: Либералните среди уронват авторитета на България,08.04.2026 | 20:00 ч.,,27,"ГРОП е време да отиде там където му е мястото - в историята която НЕ ТРЯБВА да се повтаря. Връщане поне 15 години назад и конфискация на сметки, имущество ... включително на свързаните.",Бай ОНЯ,преди 2 дни,11,8,2026-04-11 17:08:44
dnes.bg,https://www.dnes.bg/c/604-izbori-2026,https://www.dnes.bg/a/604-izbori-2026/717315-boyko-borisov-liberalnite-sredi-uronvat-avtoriteta-na-balgariya,Бойко Борисов: Либералните среди уронват авторитета на България,08.04.2026 | 20:00 ч.,,26,Хомосектата може и да не влезе в парламента,анонимен,преди 2 дни,8,5,2026-04-11 17:08:44
dnes.bg,https://www.dnes.bg/c/604-izbori-2026,https://www.dnes.bg/a/604-izbori-2026/717315-boyko-borisov-liberalnite-sredi-uronvat-avtoriteta-na-balgariya,Бойко Борисов: Либералните среди уронват авторитета на България,08.04.2026 | 20:00 ч.,,25,Ауууу!!! Еднокнижникът тръгнал по селата да всява страх и смут. Ту туууу,анонимен,преди 2 дни,10,4,2026-04-11 17:08:48
dnes.bg,https://www.dnes.bg/c/604-izbori-2026,https://www.dnes.bg/a/604-izbori-2026/717315-boyko-borisov-liberalnite-sredi-uronvat-avtoriteta-na-balgariya,Бойко Борисов: Либералните среди уронват авторитета на България,08.04.2026 | 20:00 ч.,,24,"До: До 27 Истината не може да се изтърка. Като евъргрийн е. И само да впемтна - нали разбра, че са спасили записите от Петрохан още от 2022 година? Ако ""вашето"" МВР с ""вашия"" министър не ги унищожат, чакай изненади. Много лоши за ППДБ, вкл. и за всички лъжливи внушения и откловени лъжи, които непрекъснато тиражирате за случая Петрохан в панически опит да замиете именно ИСТИНАТА.",анонимен,преди 2 дни,5,5,2026-04-11 17:08:48
dnes.bg,https://www.dnes.bg/c/604-izbori-2026,https://www.dnes.bg/a/604-izbori-2026/717315-boyko-borisov-liberalnite-sredi-uronvat-avtoriteta-na-balgariya,Бойко Борисов: Либералните среди уронват авторитета на България,08.04.2026 | 20:00 ч.,,23,"Фактите са на лице кой има престъпници в листите 'сиреч ' санкциониран по закона Магнитски индивид , кой прави тайни договорки със санкциониран по закона Магнитски друг индивид ! Кой прави тънички магистрали 'сиреч ' 10 сантиметра асфалтов път наречен магистрали !",Пловдив,преди 2 дни,9,6,2026-04-11 17:08:48
dnes.bg,https://www.dnes.bg/c/604-izbori-2026,https://www.dnes.bg/a/604-izbori-2026/717315-boyko-borisov-liberalnite-sredi-uronvat-avtoriteta-na-balgariya,Бойко Борисов: Либералните среди уронват авторитета на България,08.04.2026 | 20:00 ч.,,22,"Ми със сигурност никой не иска да чете простащините, бликнали от устата на този некадърник Боко Тиквуний! Освен простаци като теб!",До 34,преди 2 дни,10,6,2026-04-11 17:08:48
dnes.bg,https://www.dnes.bg/c/604-izbori-2026,https://www.dnes.bg/a/604-izbori-2026/717315-boyko-borisov-liberalnite-sredi-uronvat-avtoriteta-na-balgariya,Бойко Борисов: Либералните среди уронват авторитета на България,08.04.2026 | 20:00 ч.,,21,Толкова години едно правителство уж всичко направило а неговият главен готвач такава каша забърка че хубавото на това правителство е че се стреми да подслади що годе кашата,Cec,преди 2 дни,7,4,2026-04-11 17:08:48
dnes.bg,https://www.dnes.bg/c/604-izbori-2026,https://www.dnes.bg/a/604-izbori-2026/717315-boyko-borisov-liberalnite-sredi-uronvat-avtoriteta-na-balgariya,Бойко Борисов: Либералните среди уронват авторитета на България,08.04.2026 | 20:00 ч.,,20,"Това недоразумение Тиквуния ходи да лъхтоги хорицата по села и паланки. Плаши ги всячески, също е бустанско плашило!",анонимен,преди 2 дни,7,5,2026-04-11 17:08:48
dnes.bg,https://www.dnes.bg/c/604-izbori-2026,https://www.dnes.bg/a/604-izbori-2026/717315-boyko-borisov-liberalnite-sredi-uronvat-avtoriteta-na-balgariya,Бойко Борисов: Либералните среди уронват авторитета на България,08.04.2026 | 20:00 ч.,,19,Айде пак! Какво казал Еднокнижник Чекмеджан! Спрете да занимавате народа с простащини!,анонимен,преди 2 дни,7,4,2026-04-11 17:08:48
dnes.bg,https://www.dnes.bg/c/604-izbori-2026,https://www.dnes.bg/a/604-izbori-2026/717315-boyko-borisov-liberalnite-sredi-uronvat-avtoriteta-na-balgariya,Бойко Борисов: Либералните среди уронват авторитета на България,08.04.2026 | 20:00 ч.,,18,Мисленето не е от силните ти страни бе педроханецо,До до 27,преди 2 дни,4,7,2026-04-11 17:08:48
dnes.bg,https://www.dnes.bg/c/604-izbori-2026,https://www.dnes.bg/a/604-izbori-2026/717315-boyko-borisov-liberalnite-sredi-uronvat-avtoriteta-na-balgariya,Бойко Борисов: Либералните среди уронват авторитета на България,08.04.2026 | 20:00 ч.,,17,А ГЕРБ какво целят?,До Боб,преди 2 дни,5,3,2026-04-11 17:08:48
dnes.bg,https://www.dnes.bg/c/604-izbori-2026,https://www.dnes.bg/a/604-izbori-2026/717315-boyko-borisov-liberalnite-sredi-uronvat-avtoriteta-na-balgariya,Бойко Борисов: Либералните среди уронват авторитета на България,08.04.2026 | 20:00 ч.,,16,"Много ясно. От 5 години само това правят. Престъпниците от подмяната целят единствено овладяване на цялата държава и пълнене на банковите си сметки. А държавата да се затрива, не им дреме..",Bob,преди 2 дни,6,7,2026-04-11 17:08:48
dnes.bg,https://www.dnes.bg/c/604-izbori-2026,https://www.dnes.bg/a/604-izbori-2026/717315-boyko-borisov-liberalnite-sredi-uronvat-avtoriteta-na-balgariya,Бойко Борисов: Либералните среди уронват авторитета на България,08.04.2026 | 20:00 ч.,,15,"До: анонимен 17 Хе хе хе. Значи излиза, че като пепедеберастката ви секта по 600 пъти на ден през последните пет години споменава Борисов, тя ходи вечно nasrana до ушите. Всъщност то си е точно така. Всеки ден. А за Телото Оземпик не ми се мисли..... Смрад. И смях.",анонимен,преди 2 дни,7,4,2026-04-11 17:08:51
dnes.bg,https://www.dnes.bg/c/604-izbori-2026,https://www.dnes.bg/a/604-izbori-2026/717315-boyko-borisov-liberalnite-sredi-uronvat-avtoriteta-na-balgariya,Бойко Борисов: Либералните среди уронват авторитета на България,08.04.2026 | 20:00 ч.,,14,"Гюров си върши прекрасно работата. Аз се гордея със сегашното ни правителство. След като Тиквата го плюе, значи всичко е наред!",Ив,преди 2 дни,7,7,2026-04-11 17:08:51
dnes.bg,https://www.dnes.bg/c/604-izbori-2026,https://www.dnes.bg/a/604-izbori-2026/717315-boyko-borisov-liberalnite-sredi-uronvat-avtoriteta-na-balgariya,Бойко Борисов: Либералните среди уронват авторитета на България,08.04.2026 | 20:00 ч.,,13,Какъв авторитет? България отдавна е с уронен такъв. Тиквуний 20 години е в политиката и ходи да ни излага интергалактически!,анонимен,преди 2 дни,12,4,2026-04-11 17:08:51
dnes.bg,https://www.dnes.bg/c/604-izbori-2026,https://www.dnes.bg/a/604-izbori-2026/717315-boyko-borisov-liberalnite-sredi-uronvat-avtoriteta-na-balgariya,Бойко Борисов: Либералните среди уронват авторитета на България,08.04.2026 | 20:00 ч.,,12,Не че ви харесвам но крайно време е твойте да те изгонят от партията ти задмина и твоят приятел Тръмп,Cec,преди 2 дни,9,3,2026-04-11 17:08:51
dnes.bg,https://www.dnes.bg/c/604-izbori-2026,https://www.dnes.bg/a/604-izbori-2026/717315-boyko-borisov-liberalnite-sredi-uronvat-avtoriteta-na-balgariya,Бойко Борисов: Либералните среди уронват авторитета на България,08.04.2026 | 20:00 ч.,,11,Само ППДБ! За пълна победа!,анонимен,преди 2 дни,10,10,2026-04-11 17:08:51
dnes.bg,https://www.dnes.bg/c/604-izbori-2026,https://www.dnes.bg/a/604-izbori-2026/717315-boyko-borisov-liberalnite-sredi-uronvat-avtoriteta-na-balgariya,Бойко Борисов: Либералните среди уронват авторитета на България,08.04.2026 | 20:00 ч.,,10,Сега на Радев ке се молите ли за сглобка ?,Cec,преди 2 дни,5,6,2026-04-11 17:08:51
dnes.bg,https://www.dnes.bg/c/604-izbori-2026,https://www.dnes.bg/a/604-izbori-2026/717315-boyko-borisov-liberalnite-sredi-uronvat-avtoriteta-na-balgariya,Бойко Борисов: Либералните среди уронват авторитета на България,08.04.2026 | 20:00 ч.,,9,Боко беше спонсориран от фондация Конрад Аденауер и Америка за Българиа когато правеше партия ГЕРБ. Нещо не е наред с паметта тоз.,Боко НПО-то,преди 2 дни,11,5,2026-04-11 17:08:51
dnes.bg,https://www.dnes.bg/c/604-izbori-2026,https://www.dnes.bg/a/604-izbori-2026/717315-boyko-borisov-liberalnite-sredi-uronvat-avtoriteta-na-balgariya,Бойко Борисов: Либералните среди уронват авторитета на България,08.04.2026 | 20:00 ч.,,8,"Най-доброто правителство за последните 25 години. Пред тях правителството на Желязков изглежда като подигравка. Борисов си е класически мазник и манипулатор. А неукият народ като нищо може да му повярва, защото не разбира в какъв свят живеем.",анонимен,преди 2 дни,10,7,2026-04-11 17:08:51
dnes.bg,https://www.dnes.bg/c/604-izbori-2026,https://www.dnes.bg/a/604-izbori-2026/717315-boyko-borisov-liberalnite-sredi-uronvat-avtoriteta-na-balgariya,Бойко Борисов: Либералните среди уронват авторитета на България,08.04.2026 | 20:00 ч.,,7,Либерастите са вредни. Вън ППДБ,Петроханците,преди 2 дни,8,10,2026-04-11 17:08:51
dnes.bg,https://www.dnes.bg/c/604-izbori-2026,https://www.dnes.bg/a/604-izbori-2026/717315-boyko-borisov-liberalnite-sredi-uronvat-avtoriteta-na-balgariya,Бойко Борисов: Либералните среди уронват авторитета на България,08.04.2026 | 20:00 ч.,,6,И счупеният часовник показва вярно 2 пъти на ден.,анонимен,преди 2 дни,4,2,2026-04-11 17:08:51
dnes.bg,https://www.dnes.bg/c/604-izbori-2026,https://www.dnes.bg/a/604-izbori-2026/717315-boyko-borisov-liberalnite-sredi-uronvat-avtoriteta-na-balgariya,Бойко Борисов: Либералните среди уронват авторитета на България,08.04.2026 | 20:00 ч.,,5,Служебното правителство всеки ден доказва че от вас няма нужда и смисъл. Това ви е проблема че управляват компетентни хора които правят разлика и ставате излишни,анонимен,преди 2 дни,7,3,2026-04-11 17:08:53
dnes.bg,https://www.dnes.bg/c/604-izbori-2026,https://www.dnes.bg/a/604-izbori-2026/717315-boyko-borisov-liberalnite-sredi-uronvat-avtoriteta-na-balgariya,Бойко Борисов: Либералните среди уронват авторитета на България,08.04.2026 | 20:00 ч.,,4,"До: анонимен 1 Напротив, ще ти го обясни просто - така, че и ти да го разбереш. Всичко съсипано през последните 5 години без 2025 - от Конституция до План за възстановяване и развитие. Е, с някои изключения - петте магистрали, четирите моста на Дунав, огромният завод за електромобили в Ловеч. Та така.",анонимен,преди 2 дни,5,3,2026-04-11 17:08:53
dnes.bg,https://www.dnes.bg/c/604-izbori-2026,https://www.dnes.bg/a/604-izbori-2026/717315-boyko-borisov-liberalnite-sredi-uronvat-avtoriteta-na-balgariya,Бойко Борисов: Либералните среди уронват авторитета на България,08.04.2026 | 20:00 ч.,,3,Че кой е по-либерален от Боко Чекмеджето? От голем мъж стана булка на Шишилян Пеевски.,Шиши ебе Боко,преди 2 дни,22,6,2026-04-11 17:08:53
dnes.bg,https://www.dnes.bg/c/604-izbori-2026,https://www.dnes.bg/a/604-izbori-2026/717315-boyko-borisov-liberalnite-sredi-uronvat-avtoriteta-na-balgariya,Бойко Борисов: Либералните среди уронват авторитета на България,08.04.2026 | 20:00 ч.,,2,"Тоя ку хар не може да състави обикновено изречение от 3 думи, те по 10 пъти на ден ни го навират какво бил казал",анонимен,преди 2 дни,12,7,2026-04-11 17:08:53
dnes.bg,https://www.dnes.bg/c/604-izbori-2026,https://www.dnes.bg/a/604-izbori-2026/717315-boyko-borisov-liberalnite-sredi-uronvat-avtoriteta-na-balgariya,Бойко Борисов: Либералните среди уронват авторитета на България,08.04.2026 | 20:00 ч.,,1,"Ако питате тиквуня да обясни кво е либерални среди, ми няма да може да ви обясни.",анонимен,преди 2 дни,14,5,2026-04-11 17:08:53
dnes.bg,https://www.dnes.bg/c/604-izbori-2026,https://www.dnes.bg/a/1-bulgaria/717295-dogan-imahme-partiya-no-izpusnahme-kontrola-i-dps-beshe-prevzeta,"Доган: Имахме партия, но изпуснахме контрола и ДПС беше превзета",08.04.2026 | 15:51 ч.,,51,Кукуригуууу!,Медю дьо Ганоф,преди 1 ден,1,0,2026-04-11 17:08:56
dnes.bg,https://www.dnes.bg/c/604-izbori-2026,https://www.dnes.bg/a/1-bulgaria/717295-dogan-imahme-partiya-no-izpusnahme-kontrola-i-dps-beshe-prevzeta,"Доган: Имахме партия, но изпуснахме контрола и ДПС беше превзета",08.04.2026 | 15:51 ч.,,50,"Имахме... изпуснахме... ТИ имаше партия, разпореждаше се там като бей. ТИ я изпусна , като изтърва прассето Дебелянчо в коччйната . А сега се вайкаш. Одъртяваш Дуганее, одъртяваш. Видя ти се края. Нови и още по примерни васали на чужди разузнавания и бизнеси се навъдиха в България. Тебе вече никой не те брой за жив.... Изживяваш последните си дни. Амин.",Хм...,преди 1 ден,5,0,2026-04-11 17:08:56
dnes.bg,https://www.dnes.bg/c/604-izbori-2026,https://www.dnes.bg/a/1-bulgaria/717295-dogan-imahme-partiya-no-izpusnahme-kontrola-i-dps-beshe-prevzeta,"Доган: Имахме партия, но изпуснахме контрола и ДПС беше превзета",08.04.2026 | 15:51 ч.,,49,"ДС създаде ДПС, ДС им я отне. Доган беше само един жалък агент.",Ха ха ха,преди 2 дни,10,0,2026-04-11 17:08:56
dnes.bg,https://www.dnes.bg/c/604-izbori-2026,https://www.dnes.bg/a/1-bulgaria/717295-dogan-imahme-partiya-no-izpusnahme-kontrola-i-dps-beshe-prevzeta,"Доган: Имахме партия, но изпуснахме контрола и ДПС беше превзета",08.04.2026 | 15:51 ч.,,48,"До: анонимен 52 100% е сигурно,ще влезе,а дерибеите на шиши,ще глътнат джама.",Анонимко,преди 2 дни,2,5,2026-04-11 17:08:56
dnes.bg,https://www.dnes.bg/c/604-izbori-2026,https://www.dnes.bg/a/1-bulgaria/717295-dogan-imahme-partiya-no-izpusnahme-kontrola-i-dps-beshe-prevzeta,"Доган: Имахме партия, но изпуснахме контрола и ДПС беше превзета",08.04.2026 | 15:51 ч.,,47,"Доган, вероятно ще влезе в парламента.",анонимен,преди 2 дни,1,13,2026-04-11 17:08:56
dnes.bg,https://www.dnes.bg/c/604-izbori-2026,https://www.dnes.bg/a/1-bulgaria/717295-dogan-imahme-partiya-no-izpusnahme-kontrola-i-dps-beshe-prevzeta,"Доган: Имахме партия, но изпуснахме контрола и ДПС беше превзета",08.04.2026 | 15:51 ч.,,46,"АПС ще гледа парламента откъм градинката,но може да се класира за субсидия и съответно уиски за Почетния.",Алекс,преди 2 дни,9,1,2026-04-11 17:08:56
dnes.bg,https://www.dnes.bg/c/604-izbori-2026,https://www.dnes.bg/a/1-bulgaria/717295-dogan-imahme-partiya-no-izpusnahme-kontrola-i-dps-beshe-prevzeta,"Доган: Имахме партия, но изпуснахме контрола и ДПС беше превзета",08.04.2026 | 15:51 ч.,,45,каква партия е дпс това е мощна икон групировка ти създаде дерибеите и те ти сеотплатиха подобаващо затова сега на село с мотиката и си гледаи старините,анонимен,преди 2 дни,12,0,2026-04-11 17:08:56
dnes.bg,https://www.dnes.bg/c/604-izbori-2026,https://www.dnes.bg/a/1-bulgaria/717295-dogan-imahme-partiya-no-izpusnahme-kontrola-i-dps-beshe-prevzeta,"Доган: Имахме партия, но изпуснахме контрола и ДПС беше превзета",08.04.2026 | 15:51 ч.,,44,Наздраве Доги!!!,Зозо,преди 2 дни,9,3,2026-04-11 17:08:56
dnes.bg,https://www.dnes.bg/c/604-izbori-2026,https://www.dnes.bg/a/1-bulgaria/717295-dogan-imahme-partiya-no-izpusnahme-kontrola-i-dps-beshe-prevzeta,"Доган: Имахме партия, но изпуснахме контрола и ДПС беше превзета",08.04.2026 | 15:51 ч.,,43,Тоа му свършиха хонорарите май?,анонимен,преди 2 дни,10,2,2026-04-11 17:08:56
dnes.bg,https://www.dnes.bg/c/604-izbori-2026,https://www.dnes.bg/a/1-bulgaria/717295-dogan-imahme-partiya-no-izpusnahme-kontrola-i-dps-beshe-prevzeta,"Доган: Имахме партия, но изпуснахме контрола и ДПС беше превзета",08.04.2026 | 15:51 ч.,,42,"Отиде да си лежи на миндера в сараите, а раята трябваше да ходи на място за нареждания... Много ясно, че ще го ритнат накрая...",gorskio,преди 2 дни,14,4,2026-04-11 17:08:56
dnes.bg,https://www.dnes.bg/c/604-izbori-2026,https://www.dnes.bg/a/1-bulgaria/717295-dogan-imahme-partiya-no-izpusnahme-kontrola-i-dps-beshe-prevzeta,"Доган: Имахме партия, но изпуснахме контрола и ДПС беше превзета",08.04.2026 | 15:51 ч.,,41,А какво ни интересува това нас нормалните хора,анонимен,преди 2 дни,12,4,2026-04-11 17:08:59
dnes.bg,https://www.dnes.bg/c/604-izbori-2026,https://www.dnes.bg/a/1-bulgaria/717295-dogan-imahme-partiya-no-izpusnahme-kontrola-i-dps-beshe-prevzeta,"Доган: Имахме партия, но изпуснахме контрола и ДПС беше превзета",08.04.2026 | 15:51 ч.,,40,П.с. Като гледам Пеевски и се сещам за Кингпин !,Q4N907,преди 2 дни,8,0,2026-04-11 17:08:59
dnes.bg,https://www.dnes.bg/c/604-izbori-2026,https://www.dnes.bg/a/1-bulgaria/717295-dogan-imahme-partiya-no-izpusnahme-kontrola-i-dps-beshe-prevzeta,"Доган: Имахме партия, но изпуснахме контрола и ДПС беше превзета",08.04.2026 | 15:51 ч.,,39,"Доган изпусна контрола.... Пеевски е сила обаче , признавам си . Щом целия народ скочи срещу него смятай....",Q4N907,преди 2 дни,9,1,2026-04-11 17:08:59
dnes.bg,https://www.dnes.bg/c/604-izbori-2026,https://www.dnes.bg/a/1-bulgaria/717295-dogan-imahme-partiya-no-izpusnahme-kontrola-i-dps-beshe-prevzeta,"Доган: Имахме партия, но изпуснахме контрола и ДПС беше превзета",08.04.2026 | 15:51 ч.,,38,"Меди, раздай некоя порция ... :D",анонимен,преди 2 дни,12,1,2026-04-11 17:08:59
dnes.bg,https://www.dnes.bg/c/604-izbori-2026,https://www.dnes.bg/a/1-bulgaria/717295-dogan-imahme-partiya-no-izpusnahme-kontrola-i-dps-beshe-prevzeta,"Доган: Имахме партия, но изпуснахме контрола и ДПС беше превзета",08.04.2026 | 15:51 ч.,,37,"Първо се беше оттеглил от политиката сега казва че му били взели партията. Май и той самия не знае какво прави. Може би си е мислил че може да се оттегли и пак да дърпа конците но политиката не работи така, а по-скоро престъпността.",анонимен,преди 3 дни,13,1,2026-04-11 17:08:59
dnes.bg,https://www.dnes.bg/c/604-izbori-2026,https://www.dnes.bg/a/1-bulgaria/717295-dogan-imahme-partiya-no-izpusnahme-kontrola-i-dps-beshe-prevzeta,"Доган: Имахме партия, но изпуснахме контрола и ДПС беше превзета",08.04.2026 | 15:51 ч.,,36,това на български ли го е казал,хахаха,преди 3 дни,9,3,2026-04-11 17:08:59
dnes.bg,https://www.dnes.bg/c/604-izbori-2026,https://www.dnes.bg/a/1-bulgaria/717295-dogan-imahme-partiya-no-izpusnahme-kontrola-i-dps-beshe-prevzeta,"Доган: Имахме партия, но изпуснахме контрола и ДПС беше превзета",08.04.2026 | 15:51 ч.,,35,"прав си догане - агент доносник на ДС обучаван за терористични действия от ссср . имахте партия но тя обслужваше турски интереси , плашехте мюсюлманите с нас българите за какво ли не , задължавахте ги да говорят само на турски и са гласуват само за теб . е тва ти беше партията",българин,преди 3 дни,12,3,2026-04-11 17:08:59
dnes.bg,https://www.dnes.bg/c/604-izbori-2026,https://www.dnes.bg/a/1-bulgaria/717295-dogan-imahme-partiya-no-izpusnahme-kontrola-i-dps-beshe-prevzeta,"Доган: Имахме партия, но изпуснахме контрола и ДПС беше превзета",08.04.2026 | 15:51 ч.,,34,"Дебелия почна да ви яде порциите, тъй ли ефенди? Само не се прави на учуден. Вие от 2000ната насам си бяхте корпорация с етническа заигравка, но касичката се държеше дебелото пpace. И съвсем естествено, дойде момент в който той си взе каквото е негово.",анонимен,преди 3 дни,14,3,2026-04-11 17:08:59
dnes.bg,https://www.dnes.bg/c/604-izbori-2026,https://www.dnes.bg/a/1-bulgaria/717295-dogan-imahme-partiya-no-izpusnahme-kontrola-i-dps-beshe-prevzeta,"Доган: Имахме партия, но изпуснахме контрола и ДПС беше превзета",08.04.2026 | 15:51 ч.,,33,"""Аз съм инструментът във властта, който разпределя порциите на фирмите в държавата. Властта е в моите ръце! Това искам да ви кажа!"" Искам да сте много наясно с този въпрос.""18.юни.2009 Ахмед Доган, предизборна среща в село Кочан",Архивите са живи,преди 3 дни,11,2,2026-04-11 17:08:59
dnes.bg,https://www.dnes.bg/c/604-izbori-2026,https://www.dnes.bg/a/1-bulgaria/717295-dogan-imahme-partiya-no-izpusnahme-kontrola-i-dps-beshe-prevzeta,"Доган: Имахме партия, но изпуснахме контрола и ДПС беше превзета",08.04.2026 | 15:51 ч.,,32,Хаха каква партия имал този? Имаше безочието да каже в Шоуто на Слави че той разпределял порциите в държавата. Този същия даде генералски пагони на Борисов без да ги заслужава и втория се правеше на много важен със званието генерал. Като стана кмет на София в общината написано ген. Борисов. Егати трагедията. Мен щеше да ме е срам ако на мен ми подаряват звание.,анонимен,преди 3 дни,11,2,2026-04-11 17:08:59
dnes.bg,https://www.dnes.bg/c/604-izbori-2026,https://www.dnes.bg/a/1-bulgaria/717295-dogan-imahme-partiya-no-izpusnahme-kontrola-i-dps-beshe-prevzeta,"Доган: Имахме партия, но изпуснахме контрола и ДПС беше превзета",08.04.2026 | 15:51 ч.,,31,"Г-н Делян Пеевски за мен е феномен в българската политика през последните 5-6 месеца. С неговата хиперактивност, комбинативност и медиаторски умения той успя да върне центъра на властта в българския парламент. И от най-обругавания се превърна в значим партньор за всички парламентарни групи.17. 11.2023слово на Ахмед Доган към членовете на Централния съвет на ДПС, разпространен от пресцентъра на партията.",Архивите са живи,преди 3 дни,11,3,2026-04-11 17:09:01
dnes.bg,https://www.dnes.bg/c/604-izbori-2026,https://www.dnes.bg/a/1-bulgaria/717295-dogan-imahme-partiya-no-izpusnahme-kontrola-i-dps-beshe-prevzeta,"Доган: Имахме партия, но изпуснахме контрола и ДПС беше превзета",08.04.2026 | 15:51 ч.,,30,"Доган е npocm , защото не поръча лоената топка когато беше време, вече оня се е покрил добре и държи поне 100 български синове като щит преди да се стигне до туловището му",анонимен,преди 3 дни,9,2,2026-04-11 17:09:01
dnes.bg,https://www.dnes.bg/c/604-izbori-2026,https://www.dnes.bg/a/1-bulgaria/717295-dogan-imahme-partiya-no-izpusnahme-kontrola-i-dps-beshe-prevzeta,"Доган: Имахме партия, но изпуснахме контрола и ДПС беше превзета",08.04.2026 | 15:51 ч.,,29,Поне вече изглежда като малцинара си избиратели - беззъб и полуизтрезнял.,анонимен,преди 3 дни,13,3,2026-04-11 17:09:01
dnes.bg,https://www.dnes.bg/c/604-izbori-2026,https://www.dnes.bg/a/1-bulgaria/717295-dogan-imahme-partiya-no-izpusnahme-kontrola-i-dps-beshe-prevzeta,"Доган: Имахме партия, но изпуснахме контрола и ДПС беше превзета",08.04.2026 | 15:51 ч.,,28,"Доган управляваше еднолично ДПС, но когато се провали - ""изпуснахме"" - вината е колективна.",анонимен,преди 3 дни,12,4,2026-04-11 17:09:01
dnes.bg,https://www.dnes.bg/c/604-izbori-2026,https://www.dnes.bg/a/1-bulgaria/717295-dogan-imahme-partiya-no-izpusnahme-kontrola-i-dps-beshe-prevzeta,"Доган: Имахме партия, но изпуснахме контрола и ДПС беше превзета",08.04.2026 | 15:51 ч.,,27,"тежко геле са доносниците, врякат скачат докато са спуснати бригадири по места, после резко местото овъгва и се получава ""кой ми *** у гащите"", последвано от ""ама вие па баш от майтап не разбирате"", когато се касае за провинциалисти които от началници резко стават бай ивановци.",анонимен,преди 3 дни,7,1,2026-04-11 17:09:01
dnes.bg,https://www.dnes.bg/c/604-izbori-2026,https://www.dnes.bg/a/1-bulgaria/717295-dogan-imahme-partiya-no-izpusnahme-kontrola-i-dps-beshe-prevzeta,"Доган: Имахме партия, но изпуснахме контрола и ДПС беше превзета",08.04.2026 | 15:51 ч.,,26,"Аз затова феномените ги оставям сами да се оправят с терасите си,а не ги охранвам до феноменални размери. Така и обрачите цели и ханъмите доволни...за повече съвети консултантска дейност в село банки отиди мемет,там знаят как",дериБейко,преди 3 дни,8,2,2026-04-11 17:09:01
dnes.bg,https://www.dnes.bg/c/604-izbori-2026,https://www.dnes.bg/a/1-bulgaria/717295-dogan-imahme-partiya-no-izpusnahme-kontrola-i-dps-beshe-prevzeta,"Доган: Имахме партия, но изпуснахме контрола и ДПС беше превзета",08.04.2026 | 15:51 ч.,,25,"Ами бай Ахмед , отвори си устата за момчето .Сигурен съм че знаеш всичко .Какво имаш да губиш вече ?",анонимен,преди 3 дни,19,1,2026-04-11 17:09:01
dnes.bg,https://www.dnes.bg/c/604-izbori-2026,https://www.dnes.bg/a/1-bulgaria/717295-dogan-imahme-partiya-no-izpusnahme-kontrola-i-dps-beshe-prevzeta,"Доган: Имахме партия, но изпуснахме контрола и ДПС беше превзета",08.04.2026 | 15:51 ч.,,24,"ДЪРЖАВАТА НИ НЯМА ДА БЪДЕ СВОБОДНА,ДОКАТО НЕ ВИДИМ ТАКИВА ПРЕСТЪПНИЦИ В ЗАТВОРИТЕ.",анонимен,преди 3 дни,12,2,2026-04-11 17:09:01
dnes.bg,https://www.dnes.bg/c/604-izbori-2026,https://www.dnes.bg/a/1-bulgaria/717295-dogan-imahme-partiya-no-izpusnahme-kontrola-i-dps-beshe-prevzeta,"Доган: Имахме партия, но изпуснахме контрола и ДПС беше превзета",08.04.2026 | 15:51 ч.,,23,"От ""феномена"" бе!",анонимен,преди 3 дни,5,0,2026-04-11 17:09:01
dnes.bg,https://www.dnes.bg/c/604-izbori-2026,https://www.dnes.bg/a/1-bulgaria/717295-dogan-imahme-partiya-no-izpusnahme-kontrola-i-dps-beshe-prevzeta,"Доган: Имахме партия, но изпуснахме контрола и ДПС беше превзета",08.04.2026 | 15:51 ч.,,22,Нема вече Анаванта партийна субсидия :)))))),анонимен,преди 3 дни,7,2,2026-04-11 17:09:01
dnes.bg,https://www.dnes.bg/c/604-izbori-2026,https://www.dnes.bg/a/1-bulgaria/717295-dogan-imahme-partiya-no-izpusnahme-kontrola-i-dps-beshe-prevzeta,"Доган: Имахме партия, но изпуснахме контрола и ДПС беше превзета",08.04.2026 | 15:51 ч.,,21,"Сега се жалваш, ама кога яде кюфтетата не рева, нали? Мнооого ти знаеше ченгелийската уста, ама сега се молиш! Ти си бита карта отдавна и сам си си виновен. Сараите и ханъмите свършиха. Оня горе гледа и забавя, ама не забравя!",Ivan,преди 3 дни,21,2,2026-04-11 17:09:04
dnes.bg,https://www.dnes.bg/c/604-izbori-2026,https://www.dnes.bg/a/1-bulgaria/717295-dogan-imahme-partiya-no-izpusnahme-kontrola-i-dps-beshe-prevzeta,"Доган: Имахме партия, но изпуснахме контрола и ДПС беше превзета",08.04.2026 | 15:51 ч.,,20,"Той ,както разправаще като беше с Буда ,че раздава порциите сега реве като излъгано камилче",Е,преди 3 дни,18,2,2026-04-11 17:09:04
dnes.bg,https://www.dnes.bg/c/604-izbori-2026,https://www.dnes.bg/a/1-bulgaria/717295-dogan-imahme-partiya-no-izpusnahme-kontrola-i-dps-beshe-prevzeta,"Доган: Имахме партия, но изпуснахме контрола и ДПС беше превзета",08.04.2026 | 15:51 ч.,,19,"Ти го изпусна. Да не би хората да са докарали Пеевски да са го нарекли феномен. Ти, за да ти осигурява блага, го буташе. И накрая ти изяде главата. Затри труда и усилията на много хора.",анонимен,преди 3 дни,21,0,2026-04-11 17:09:04
dnes.bg,https://www.dnes.bg/c/604-izbori-2026,https://www.dnes.bg/a/1-bulgaria/717295-dogan-imahme-partiya-no-izpusnahme-kontrola-i-dps-beshe-prevzeta,"Доган: Имахме партия, но изпуснахме контрола и ДПС беше превзета",08.04.2026 | 15:51 ч.,,18,"Имал, създаден от ДС, имал бил.Използван по предназначение, а сега си просто използван през...тив.",анонимен,преди 3 дни,11,0,2026-04-11 17:09:04
dnes.bg,https://www.dnes.bg/c/604-izbori-2026,https://www.dnes.bg/a/1-bulgaria/717295-dogan-imahme-partiya-no-izpusnahme-kontrola-i-dps-beshe-prevzeta,"Доган: Имахме партия, но изпуснахме контрола и ДПС беше превзета",08.04.2026 | 15:51 ч.,,17,"А плашеше с картата за етническият мир, А. Айсиктир бе кирата!",анонимен,преди 3 дни,13,2,2026-04-11 17:09:04
dnes.bg,https://www.dnes.bg/c/604-izbori-2026,https://www.dnes.bg/a/1-bulgaria/717295-dogan-imahme-partiya-no-izpusnahme-kontrola-i-dps-beshe-prevzeta,"Доган: Имахме партия, но изпуснахме контрола и ДПС беше превзета",08.04.2026 | 15:51 ч.,,16,Доган е посмешише.,анонимен,преди 3 дни,14,3,2026-04-11 17:09:04
dnes.bg,https://www.dnes.bg/c/604-izbori-2026,https://www.dnes.bg/a/1-bulgaria/717295-dogan-imahme-partiya-no-izpusnahme-kontrola-i-dps-beshe-prevzeta,"Доган: Имахме партия, но изпуснахме контрола и ДПС беше превзета",08.04.2026 | 15:51 ч.,,15,"Така е бат Ахмед, всичко тече , всичко се променя! А вие на турски го казвате- ,,Интереса клати феса!"" Квото си лапал, беше!",анонимен,преди 3 дни,15,4,2026-04-11 17:09:04
dnes.bg,https://www.dnes.bg/c/604-izbori-2026,https://www.dnes.bg/a/1-bulgaria/717295-dogan-imahme-partiya-no-izpusnahme-kontrola-i-dps-beshe-prevzeta,"Доган: Имахме партия, но изпуснахме контрола и ДПС беше превзета",08.04.2026 | 15:51 ч.,,14,ДПС беше създадено от ДС в координация с КГБ. В един момент наследникът на КГБ реши да премахне Разпределителят на порциите или Проклятието на България. Познайте защо точнно прасето го смени и каква е ролята на тиквата?,анонимен,преди 3 дни,9,1,2026-04-11 17:09:04
dnes.bg,https://www.dnes.bg/c/604-izbori-2026,https://www.dnes.bg/a/1-bulgaria/717295-dogan-imahme-partiya-no-izpusnahme-kontrola-i-dps-beshe-prevzeta,"Доган: Имахме партия, но изпуснахме контрола и ДПС беше превзета",08.04.2026 | 15:51 ч.,,13,"Наслаждавай се на живота в държавата която изгради с другите агенти на ДС. Ти малко ли народ прецака, предаде и ограби и то сред най-близките ти?",анонимен,преди 3 дни,12,2,2026-04-11 17:09:04
dnes.bg,https://www.dnes.bg/c/604-izbori-2026,https://www.dnes.bg/a/1-bulgaria/717295-dogan-imahme-partiya-no-izpusnahme-kontrola-i-dps-beshe-prevzeta,"Доган: Имахме партия, но изпуснахме контрола и ДПС беше превзета",08.04.2026 | 15:51 ч.,,12,"Имаме си пушки от папура дръжки, Леви, десни, леви, десни, ще вървим напред, Леви, десни, леви, десни, ще вървим напред, Имаме си кончета от върбови клончета",Аятолах Мехмет,преди 3 дни,3,1,2026-04-11 17:09:04
dnes.bg,https://www.dnes.bg/c/604-izbori-2026,https://www.dnes.bg/a/1-bulgaria/717295-dogan-imahme-partiya-no-izpusnahme-kontrola-i-dps-beshe-prevzeta,"Доган: Имахме партия, но изпуснахме контрола и ДПС беше превзета",08.04.2026 | 15:51 ч.,,11,"Още една мижитурка,която се мислеше за велик политик.",O,преди 3 дни,16,3,2026-04-11 17:09:06
dnes.bg,https://www.dnes.bg/c/604-izbori-2026,https://www.dnes.bg/a/1-bulgaria/717295-dogan-imahme-partiya-no-izpusnahme-kontrola-i-dps-beshe-prevzeta,"Доган: Имахме партия, но изпуснахме контрола и ДПС беше превзета",08.04.2026 | 15:51 ч.,,10,""" Докато ти пиеше""",анонимен,преди 3 дни,10,2,2026-04-11 17:09:06
dnes.bg,https://www.dnes.bg/c/604-izbori-2026,https://www.dnes.bg/a/1-bulgaria/717295-dogan-imahme-partiya-no-izpusnahme-kontrola-i-dps-beshe-prevzeta,"Доган: Имахме партия, но изпуснахме контрола и ДПС беше превзета",08.04.2026 | 15:51 ч.,,9,"Така е в живота Сава. Единия ден си агент на КГБ/ДС с партия в управлението и множество сараи, на другия ден си бездомен *** заобиколен от лентяи, надяващи се да се докорат до контактите с бившите ти авери.",анонимен,преди 3 дни,15,2,2026-04-11 17:09:06
dnes.bg,https://www.dnes.bg/c/604-izbori-2026,https://www.dnes.bg/a/1-bulgaria/717295-dogan-imahme-partiya-no-izpusnahme-kontrola-i-dps-beshe-prevzeta,"Доган: Имахме партия, но изпуснахме контрола и ДПС беше превзета",08.04.2026 | 15:51 ч.,,8,"Нищо, заложил е на кРадев, там е цялото младежко джуган движение плюс мадамм Атиллла, която години му осигурява кадъни и момчета",анонимен,преди 3 дни,10,3,2026-04-11 17:09:06
dnes.bg,https://www.dnes.bg/c/604-izbori-2026,https://www.dnes.bg/a/1-bulgaria/717295-dogan-imahme-partiya-no-izpusnahme-kontrola-i-dps-beshe-prevzeta,"Доган: Имахме партия, но изпуснахме контрола и ДПС беше превзета",08.04.2026 | 15:51 ч.,,7,"Не само ""партийката"" ти беше отнета ами и Сараите, барабар с харема и ханъмките!!! -)))",Констатация,преди 3 дни,17,1,2026-04-11 17:09:06
dnes.bg,https://www.dnes.bg/c/604-izbori-2026,https://www.dnes.bg/a/1-bulgaria/717295-dogan-imahme-partiya-no-izpusnahme-kontrola-i-dps-beshe-prevzeta,"Доган: Имахме партия, но изпуснахме контрола и ДПС беше превзета",08.04.2026 | 15:51 ч.,,6,Как се чувства Доганя на политическото бунище?,Хичо,преди 3 дни,10,3,2026-04-11 17:09:06
dnes.bg,https://www.dnes.bg/c/604-izbori-2026,https://www.dnes.bg/a/1-bulgaria/717295-dogan-imahme-partiya-no-izpusnahme-kontrola-i-dps-beshe-prevzeta,"Доган: Имахме партия, но изпуснахме контрола и ДПС беше превзета",08.04.2026 | 15:51 ч.,,5,"Еее, поне са го вдигнали на крака денментния пи яница. Тръгнал да се предлага за баничар, а иначе спи под мостовете. Кадер",анонимен,преди 3 дни,10,2,2026-04-11 17:09:06
dnes.bg,https://www.dnes.bg/c/604-izbori-2026,https://www.dnes.bg/a/1-bulgaria/717295-dogan-imahme-partiya-no-izpusnahme-kontrola-i-dps-beshe-prevzeta,"Доган: Имахме партия, но изпуснахме контрола и ДПС беше превзета",08.04.2026 | 15:51 ч.,,4,"Малко късно се усетиха , че момчето нарочно им разби партията , ама все пак накрая загряха какво става",анонимен,преди 3 дни,21,1,2026-04-11 17:09:06
dnes.bg,https://www.dnes.bg/c/604-izbori-2026,https://www.dnes.bg/a/1-bulgaria/717295-dogan-imahme-partiya-no-izpusnahme-kontrola-i-dps-beshe-prevzeta,"Доган: Имахме партия, но изпуснахме контрола и ДПС беше превзета",08.04.2026 | 15:51 ч.,,3,"Мееемет, сам си си виновен. Прие и отгледа момчето, а то ти би шута и ти взе партията.",анонимен,преди 3 дни,16,1,2026-04-11 17:09:06
dnes.bg,https://www.dnes.bg/c/604-izbori-2026,https://www.dnes.bg/a/1-bulgaria/717295-dogan-imahme-partiya-no-izpusnahme-kontrola-i-dps-beshe-prevzeta,"Доган: Имахме партия, но изпуснахме контрола и ДПС беше превзета",08.04.2026 | 15:51 ч.,,2,"Турците вече се наговориха да си гласуват пак за Доган . Навсякъде тайно върви тази уговорка и всички знаят , дори в Турция .Няма да се учудя ,ако АПС влезе в парламента",анонимен,преди 3 дни,11,9,2026-04-11 17:09:06
dnes.bg,https://www.dnes.bg/c/604-izbori-2026,https://www.dnes.bg/a/1-bulgaria/717295-dogan-imahme-partiya-no-izpusnahme-kontrola-i-dps-beshe-prevzeta,"Доган: Имахме партия, но изпуснахме контрола и ДПС беше превзета",08.04.2026 | 15:51 ч.,,1,"И си направихте нова с фиктивен лидер Радев и кадри на дпс и герб, знаем , знаем",анонимен,преди 3 дни,9,7,2026-04-11 17:09:09
dnes.bg,https://www.dnes.bg/c/604-izbori-2026?page=2,https://www.dnes.bg/a/1-bulgaria/717283-glasuvame-s-mashini-v-9354-sektsii-v-2641-samo-s-hartieni-byuletini,"Гласуваме с машини в 9354 секции, в 2641 – само с хартиени бюлетини",08.04.2026 | 14:15 ч.,,21,Машините са налице понеже манталитета ни е такъв че докато няма алъш вериш нас не не бива ние сме си по тънките сметки и за това са машините видяхме Пазарджик видяхме и Костин брод,Cec,преди 2 дни,0,0,2026-04-11 17:09:14
dnes.bg,https://www.dnes.bg/c/604-izbori-2026?page=2,https://www.dnes.bg/a/1-bulgaria/717283-glasuvame-s-mashini-v-9354-sektsii-v-2641-samo-s-hartieni-byuletini,"Гласуваме с машини в 9354 секции, в 2641 – само с хартиени бюлетини",08.04.2026 | 14:15 ч.,,20,ЦИК ППДБ падение,Това не е държава,преди 2 дни,1,1,2026-04-11 17:09:14
dnes.bg,https://www.dnes.bg/c/604-izbori-2026?page=2,https://www.dnes.bg/a/1-bulgaria/717283-glasuvame-s-mashini-v-9354-sektsii-v-2641-samo-s-hartieni-byuletini,"Гласуваме с машини в 9354 секции, в 2641 – само с хартиени бюлетини",08.04.2026 | 14:15 ч.,,19,"Споко, той и Киро просто раздаваше кодове, пък видяхме какво му се случи. Следващият кабинетще има тежката задача са оправя бъркотиите на служебното нелегитимно правителтво на Гюро, а прокуратурата ще отправи много и сериозни обвинения.",Ще има обвинения,преди 3 дни,2,1,2026-04-11 17:09:14
dnes.bg,https://www.dnes.bg/c/604-izbori-2026?page=2,https://www.dnes.bg/a/1-bulgaria/717283-glasuvame-s-mashini-v-9354-sektsii-v-2641-samo-s-hartieni-byuletini,"Гласуваме с машини в 9354 секции, в 2641 – само с хартиени бюлетини",08.04.2026 | 14:15 ч.,,18,"Щом е само с хартиени бюлетини в тези секции то е редно и да има над 100,%контрол па нека си има хартия",Cec,преди 3 дни,0,0,2026-04-11 17:09:14
dnes.bg,https://www.dnes.bg/c/604-izbori-2026?page=2,https://www.dnes.bg/a/1-bulgaria/717283-glasuvame-s-mashini-v-9354-sektsii-v-2641-samo-s-hartieni-byuletini,"Гласуваме с машини в 9354 секции, в 2641 – само с хартиени бюлетини",08.04.2026 | 14:15 ч.,,17,"До: Боко 4 Целият ЕС гласува на хартия, дори по пощата, който желае. В целия ЕС няма машини. Гермнски съд сепроизнсе, че машинният вот може да бъде манипулиран и Германия ги забрани.",Мадуровки ППДБпетрох,преди 3 дни,1,0,2026-04-11 17:09:14
dnes.bg,https://www.dnes.bg/c/604-izbori-2026?page=2,https://www.dnes.bg/a/1-bulgaria/717283-glasuvame-s-mashini-v-9354-sektsii-v-2641-samo-s-hartieni-byuletini,"Гласуваме с машини в 9354 секции, в 2641 – само с хартиени бюлетини",08.04.2026 | 14:15 ч.,,16,"До: анонимен 5 Аз съм жена и съм на хиляди километри от теб, молец жалък. И слава Богу!",Хеее,преди 3 дни,1,0,2026-04-11 17:09:14
dnes.bg,https://www.dnes.bg/c/604-izbori-2026?page=2,https://www.dnes.bg/a/1-bulgaria/717283-glasuvame-s-mashini-v-9354-sektsii-v-2641-samo-s-hartieni-byuletini,"Гласуваме с машини в 9354 секции, в 2641 – само с хартиени бюлетини",08.04.2026 | 14:15 ч.,,15,"До: анонимен 3 Радвайсе сега, защото след изборите ППДБпетрохан ще е след ДПС НН.",Тогава ще плачеш,преди 3 дни,1,0,2026-04-11 17:09:14
dnes.bg,https://www.dnes.bg/c/604-izbori-2026?page=2,https://www.dnes.bg/a/1-bulgaria/717283-glasuvame-s-mashini-v-9354-sektsii-v-2641-samo-s-hartieni-byuletini,"Гласуваме с машини в 9354 секции, в 2641 – само с хартиени бюлетини",08.04.2026 | 14:15 ч.,,14,"След още 2-3 избори, машините сами ще гръмнат от манипулациите по тях... Деева идиотското творение!",Анонимен,преди 3 дни,2,1,2026-04-11 17:09:14
dnes.bg,https://www.dnes.bg/c/604-izbori-2026?page=2,https://www.dnes.bg/a/1-bulgaria/717283-glasuvame-s-mashini-v-9354-sektsii-v-2641-samo-s-hartieni-byuletini,"Гласуваме с машини в 9354 секции, в 2641 – само с хартиени бюлетини",08.04.2026 | 14:15 ч.,,13,"Мафията ГЕРБ-НН се е окопала здраво, обаче скоро наближава краят й. На 19-ти ще изметем тези корумпета и нагляри, които се самозабравиха.",анонимен,преди 3 дни,2,2,2026-04-11 17:09:14
dnes.bg,https://www.dnes.bg/c/604-izbori-2026?page=2,https://www.dnes.bg/a/1-bulgaria/717283-glasuvame-s-mashini-v-9354-sektsii-v-2641-samo-s-hartieni-byuletini,"Гласуваме с машини в 9354 секции, в 2641 – само с хартиени бюлетини",08.04.2026 | 14:15 ч.,,12,Още 1 седмица остава на Гюров! Да внимава много!,анонимен,преди 3 дни,3,3,2026-04-11 17:09:14
dnes.bg,https://www.dnes.bg/c/604-izbori-2026?page=2,https://www.dnes.bg/a/1-bulgaria/717283-glasuvame-s-mashini-v-9354-sektsii-v-2641-samo-s-hartieni-byuletini,"Гласуваме с машини в 9354 секции, в 2641 – само с хартиени бюлетини",08.04.2026 | 14:15 ч.,,11,"ГЕРБ ще спечели с МНОГО, толкова са слаби Радев и ПП ДБ.",анонимен,преди 3 дни,3,3,2026-04-11 17:09:16
dnes.bg,https://www.dnes.bg/c/604-izbori-2026?page=2,https://www.dnes.bg/a/1-bulgaria/717283-glasuvame-s-mashini-v-9354-sektsii-v-2641-samo-s-hartieni-byuletini,"Гласуваме с машини в 9354 секции, в 2641 – само с хартиени бюлетини",08.04.2026 | 14:15 ч.,,10,Бандитите ко-мунистите от Сиела-Смартматик КРАДАТ гласовете на българския народ! Да се арестуват НЕЗАБАВНО!,анонимен,преди 3 дни,4,3,2026-04-11 17:09:16
dnes.bg,https://www.dnes.bg/c/604-izbori-2026?page=2,https://www.dnes.bg/a/1-bulgaria/717283-glasuvame-s-mashini-v-9354-sektsii-v-2641-samo-s-hartieni-byuletini,"Гласуваме с машини в 9354 секции, в 2641 – само с хартиени бюлетини",08.04.2026 | 14:15 ч.,,9,"Машините са краядци на гласове! Долу. Да арестуват шефа на Сиела, който КРАДЕ гласовете на българския народ!",анонимен,преди 3 дни,4,2,2026-04-11 17:09:16
dnes.bg,https://www.dnes.bg/c/604-izbori-2026?page=2,https://www.dnes.bg/a/1-bulgaria/717283-glasuvame-s-mashini-v-9354-sektsii-v-2641-samo-s-hartieni-byuletini,"Гласуваме с машини в 9354 секции, в 2641 – само с хартиени бюлетини",08.04.2026 | 14:15 ч.,,8,ДО 3 НЕВЕЖА БЕДЕН ЧЕ И ЗЛОБАР С ПРОСТОТИЯ ПАРИ ЛИ ПЕЧЕЛИШ ХАХАХАХАХА ЕДНИ ПЕЧЕЛЯТ С ЛЪЖИ МНОГО ПАРИ И ОТ ТАКИНА КАТО ТЕБ ПРОСТАЦИ А ТИ СЕ РАДВАЙ ХАХАХА,Аноним,преди 3 дни,2,2,2026-04-11 17:09:16
dnes.bg,https://www.dnes.bg/c/604-izbori-2026?page=2,https://www.dnes.bg/a/1-bulgaria/717283-glasuvame-s-mashini-v-9354-sektsii-v-2641-samo-s-hartieni-byuletini,"Гласуваме с машини в 9354 секции, в 2641 – само с хартиени бюлетини",08.04.2026 | 14:15 ч.,,7,С НАШЕ МВР С АЛАБАЛА С ВОЕНЕН ХЕЛИКОПТЕР С РЕПРЕСИИ С ЛЪЖИ ОГРОМНИ С ЛЪЖИ ПО ТЕЛЕВИЗИИ ПО САЙТОВЕ ПО ИНТЕРНЕТ,Аноним,преди 3 дни,4,2,2026-04-11 17:09:16
dnes.bg,https://www.dnes.bg/c/604-izbori-2026?page=2,https://www.dnes.bg/a/1-bulgaria/717283-glasuvame-s-mashini-v-9354-sektsii-v-2641-samo-s-hartieni-byuletini,"Гласуваме с машини в 9354 секции, в 2641 – само с хартиени бюлетини",08.04.2026 | 14:15 ч.,,6,САМО ХАРТИЯ НЕ НА НЕЗАКОННИТЕ ГЮРОВИ,Аноним,преди 3 дни,3,3,2026-04-11 17:09:16
dnes.bg,https://www.dnes.bg/c/604-izbori-2026?page=2,https://www.dnes.bg/a/1-bulgaria/717283-glasuvame-s-mashini-v-9354-sektsii-v-2641-samo-s-hartieni-byuletini,"Гласуваме с машини в 9354 секции, в 2641 – само с хартиени бюлетини",08.04.2026 | 14:15 ч.,,5,"До: Манипулиран вотГлупчо папагалски. Научили го с бой какво да приказва и той приказва ли, приказва.",анонимен,преди 3 дни,2,4,2026-04-11 17:09:16
dnes.bg,https://www.dnes.bg/c/604-izbori-2026?page=2,https://www.dnes.bg/a/1-bulgaria/717283-glasuvame-s-mashini-v-9354-sektsii-v-2641-samo-s-hartieni-byuletini,"Гласуваме с машини в 9354 секции, в 2641 – само с хартиени бюлетини",08.04.2026 | 14:15 ч.,,4,"ГМО-то на хартия, нормалните на машини !",Боко,преди 3 дни,3,5,2026-04-11 17:09:16
dnes.bg,https://www.dnes.bg/c/604-izbori-2026?page=2,https://www.dnes.bg/a/1-bulgaria/717283-glasuvame-s-mashini-v-9354-sektsii-v-2641-samo-s-hartieni-byuletini,"Гласуваме с машини в 9354 секции, в 2641 – само с хартиени бюлетини",08.04.2026 | 14:15 ч.,,3,"Много се радвам, като чета как герберастките сви не се давите от злоба. Още повече ще се радвам след 20 април, когато ще ви изметем окончателно крадци долни. За 20 години ограбихте всичко. Направихте България последна по всичко.",анонимен,преди 3 дни,4,7,2026-04-11 17:09:16
dnes.bg,https://www.dnes.bg/c/604-izbori-2026?page=2,https://www.dnes.bg/a/1-bulgaria/717283-glasuvame-s-mashini-v-9354-sektsii-v-2641-samo-s-hartieni-byuletini,"Гласуваме с машини в 9354 секции, в 2641 – само с хартиени бюлетини",08.04.2026 | 14:15 ч.,,2,"Не беше ли с право на избор, с машина, или бюлетина?",Позор за ЦИК,преди 3 дни,5,3,2026-04-11 17:09:16
dnes.bg,https://www.dnes.bg/c/604-izbori-2026?page=2,https://www.dnes.bg/a/1-bulgaria/717283-glasuvame-s-mashini-v-9354-sektsii-v-2641-samo-s-hartieni-byuletini,"Гласуваме с машини в 9354 секции, в 2641 – само с хартиени бюлетини",08.04.2026 | 14:15 ч.,,1,"ЦИК осигури изборен комфорт на педофилската секта ППДБ, които мани пулират машинншя вот. Това са най-нечестните избори в историята на Българша. С ""наше МВР"", ""наши машини, били на склад при наш човек и наше служебно правителство ППДБГюропетрохан.",Манипулиран вот,преди 3 дни,7,4,2026-04-11 17:09:18
dnes.bg,https://www.dnes.bg/c/604-izbori-2026?page=2,https://www.dnes.bg/a/604-izbori-2026/717273-yotova-sabra-na-sreshta-institutsiite-otgovorni-za-chestnostta-na-izborite-video,"Йотова събра на среща институциите, отговорни за честността на изборите ВИДЕО",08.04.2026 | 13:42 ч.,,10,"Тая,дето го играе президент,завинаги ме изгуби като възможен глас за избирането и.Тая пасмина наречена служебно правителство,по времето когато се гърчихме със скъпи горива,те бяха при укрите да подписват 10 годишни договори и да им даряват милиони...А ние-събираме капачки...",тома неверни,преди 3 дни,1,0,2026-04-11 17:09:21
dnes.bg,https://www.dnes.bg/c/604-izbori-2026?page=2,https://www.dnes.bg/a/604-izbori-2026/717273-yotova-sabra-na-sreshta-institutsiite-otgovorni-za-chestnostta-na-izborite-video,"Йотова събра на среща институциите, отговорни за честността на изборите ВИДЕО",08.04.2026 | 13:42 ч.,,9,"А вътрешният министър защо не е там? Нали МВР било най-важното министерство за изборите? Няма да се учудя, ако е я на яхта, я си прави селфи за тик-ток пропаганда. Такива ми ти работи.",анонимен,преди 3 дни,2,1,2026-04-11 17:09:21
dnes.bg,https://www.dnes.bg/c/604-izbori-2026?page=2,https://www.dnes.bg/a/604-izbori-2026/717273-yotova-sabra-na-sreshta-institutsiite-otgovorni-za-chestnostta-na-izborite-video,"Йотова събра на среща институциите, отговорни за честността на изборите ВИДЕО",08.04.2026 | 13:42 ч.,,8,До 4 червените домати сега не стават за ядене И зима е къде има домати изобщо,Анонимни,преди 3 дни,0,0,2026-04-11 17:09:21
dnes.bg,https://www.dnes.bg/c/604-izbori-2026?page=2,https://www.dnes.bg/a/604-izbori-2026/717273-yotova-sabra-na-sreshta-institutsiite-otgovorni-za-chestnostta-na-izborite-video,"Йотова събра на среща институциите, отговорни за честността на изборите ВИДЕО",08.04.2026 | 13:42 ч.,,7,ГЮРОВИТЕ ИНФ.УЕНСЪРИ КУПУВАТ ИЗБОРИ ЗАЩО НИКОЙ НЕ РЕАГИРА,Аноним,преди 3 дни,4,0,2026-04-11 17:09:21
dnes.bg,https://www.dnes.bg/c/604-izbori-2026?page=2,https://www.dnes.bg/a/604-izbori-2026/717273-yotova-sabra-na-sreshta-institutsiite-otgovorni-za-chestnostta-na-izborite-video,"Йотова събра на среща институциите, отговорни за честността на изборите ВИДЕО",08.04.2026 | 13:42 ч.,,6,ГЮРОВИТЕ ИНФ.УЕНСЪРИ КУПУВАТ ИЗБОРИ ЗАЩО НИКОЙ НЕ РЕАГИРА,Аноним,преди 3 дни,3,0,2026-04-11 17:09:21
dnes.bg,https://www.dnes.bg/c/604-izbori-2026?page=2,https://www.dnes.bg/a/604-izbori-2026/717273-yotova-sabra-na-sreshta-institutsiite-otgovorni-za-chestnostta-na-izborite-video,"Йотова събра на среща институциите, отговорни за честността на изборите ВИДЕО",08.04.2026 | 13:42 ч.,,5,В ПРЕЗИДЕНСТВО БЕЗ ЛЕГИТИМНО ИЗБРАН ПРЕЗИДЕНТ С НЕЗАКОННИ ГЮРОВИ С РЕПРЕСИИ НАД ОПРЕДЕЛЕНИ БЪЛГАРИ С ВОЕНЕН ХЕРИКОПТЕР ДО ЯКОРУДА С УВОЛНЕНИЯ НА ВСИЧКИ НЕ СВОИ И НАЗНАЧЕНИЯ НА СЛУГИ АМА ЧЕЛЪЖИ,ДО,преди 3 дни,4,1,2026-04-11 17:09:21
dnes.bg,https://www.dnes.bg/c/604-izbori-2026?page=2,https://www.dnes.bg/a/604-izbori-2026/717273-yotova-sabra-na-sreshta-institutsiite-otgovorni-za-chestnostta-na-izborite-video,"Йотова събра на среща институциите, отговорни за честността на изборите ВИДЕО",08.04.2026 | 13:42 ч.,,4,"Това не ме интересува! Интересува ме , защо *** червена ,доматите са 5 евро и какво правиш по въпроса цените да се нормализират?",анонимен,преди 3 дни,4,0,2026-04-11 17:09:21
dnes.bg,https://www.dnes.bg/c/604-izbori-2026?page=2,https://www.dnes.bg/a/604-izbori-2026/717273-yotova-sabra-na-sreshta-institutsiite-otgovorni-za-chestnostta-na-izborite-video,"Йотова събра на среща институциите, отговорни за честността на изборите ВИДЕО",08.04.2026 | 13:42 ч.,,3,Е как ги събра. Не са ли с пълни дисаги на екскурзия у ккиев.,анонимен,преди 3 дни,7,1,2026-04-11 17:09:21
dnes.bg,https://www.dnes.bg/c/604-izbori-2026?page=2,https://www.dnes.bg/a/604-izbori-2026/717273-yotova-sabra-na-sreshta-institutsiite-otgovorni-za-chestnostta-na-izborite-video,"Йотова събра на среща институциите, отговорни за честността на изборите ВИДЕО",08.04.2026 | 13:42 ч.,,2,"Не било ""формална "" среща ? Ами какво е , пиар ли е ? Нали ти си ги назначила ? Нямаш им вяра в честността на изборите ли, че ги привикваш да се обясняват ?",..?,преди 3 дни,7,0,2026-04-11 17:09:21
dnes.bg,https://www.dnes.bg/c/604-izbori-2026?page=2,https://www.dnes.bg/a/604-izbori-2026/717273-yotova-sabra-na-sreshta-institutsiite-otgovorni-za-chestnostta-na-izborite-video,"Йотова събра на среща институциите, отговорни за честността на изборите ВИДЕО",08.04.2026 | 13:42 ч.,,1,"тя ги събра ама въобще не и се слушаше кое как и какво , по лицето и беше изписана досада от тва действие",хахаха,преди 3 дни,8,1,2026-04-11 17:09:21
dnes.bg,https://www.dnes.bg/c/604-izbori-2026?page=2,https://www.dnes.bg/a/1-bulgaria/717260-boyko-borisov-se-pohvali-sas-snimka-po-banski-kakav-glarus-byah,Бойко Борисов се похвали със снимка по бански: Какъв гларус бях!,08.04.2026 | 11:54 ч.,,152,баби-геронтофили,Геронтофил,преди 1 ден,0,0,2026-04-11 17:09:24
dnes.bg,https://www.dnes.bg/c/604-izbori-2026?page=2,https://www.dnes.bg/a/1-bulgaria/717260-boyko-borisov-se-pohvali-sas-snimka-po-banski-kakav-glarus-byah,Бойко Борисов се похвали със снимка по бански: Какъв гларус бях!,08.04.2026 | 11:54 ч.,,151,Загащил се е защото отдолу няма нищо. Затова е и такъв комплексар.,до 150,преди 1 ден,2,0,2026-04-11 17:09:24
dnes.bg,https://www.dnes.bg/c/604-izbori-2026?page=2,https://www.dnes.bg/a/1-bulgaria/717260-boyko-borisov-se-pohvali-sas-snimka-po-banski-kakav-glarus-byah,Бойко Борисов се похвали със снимка по бански: Какъв гларус бях!,08.04.2026 | 11:54 ч.,,150,Пингвин с кюлоти,анонимен,преди 1 ден,2,0,2026-04-11 17:09:24
dnes.bg,https://www.dnes.bg/c/604-izbori-2026?page=2,https://www.dnes.bg/a/1-bulgaria/717260-boyko-borisov-se-pohvali-sas-snimka-po-banski-kakav-glarus-byah,Бойко Борисов се похвали със снимка по бански: Какъв гларус бях!,08.04.2026 | 11:54 ч.,,149,Като гларус си по естествен интелект !,анонимен,преди 2 дни,3,0,2026-04-11 17:09:24
dnes.bg,https://www.dnes.bg/c/604-izbori-2026?page=2,https://www.dnes.bg/a/1-bulgaria/717260-boyko-borisov-se-pohvali-sas-snimka-po-banski-kakav-glarus-byah,Бойко Борисов се похвали със снимка по бански: Какъв гларус бях!,08.04.2026 | 11:54 ч.,,148,Какво си се загащил до цицити бахмааму и гларуса,Коментатор,преди 2 дни,5,0,2026-04-11 17:09:24
dnes.bg,https://www.dnes.bg/c/604-izbori-2026?page=2,https://www.dnes.bg/a/1-bulgaria/717260-boyko-borisov-se-pohvali-sas-snimka-po-banski-kakav-glarus-byah,Бойко Борисов се похвали със снимка по бански: Какъв гларус бях!,08.04.2026 | 11:54 ч.,,147,Какво си се загащил до цицити *** гларуса.,Коментатор,преди 2 дни,4,0,2026-04-11 17:09:24
dnes.bg,https://www.dnes.bg/c/604-izbori-2026?page=2,https://www.dnes.bg/a/1-bulgaria/717260-boyko-borisov-se-pohvali-sas-snimka-po-banski-kakav-glarus-byah,Бойко Борисов се похвали със снимка по бански: Какъв гларус бях!,08.04.2026 | 11:54 ч.,,146,а партината книжка за член на бкп иззпод възглавницата кога,анонимен,преди 2 дни,6,0,2026-04-11 17:09:24
dnes.bg,https://www.dnes.bg/c/604-izbori-2026?page=2,https://www.dnes.bg/a/1-bulgaria/717260-boyko-borisov-se-pohvali-sas-snimka-po-banski-kakav-glarus-byah,Бойко Борисов се похвали със снимка по бански: Какъв гларус бях!,08.04.2026 | 11:54 ч.,,145,същата торба с екскременти си бил каквато си сега само че миришеш повече,да ама не,преди 2 дни,5,0,2026-04-11 17:09:24
dnes.bg,https://www.dnes.bg/c/604-izbori-2026?page=2,https://www.dnes.bg/a/1-bulgaria/717260-boyko-borisov-se-pohvali-sas-snimka-po-banski-kakav-glarus-byah,Бойко Борисов се похвали със снимка по бански: Какъв гларус бях!,08.04.2026 | 11:54 ч.,,144,но е трудно да не ти личи - до Баце!,Лесно е да си глупав,преди 2 дни,3,0,2026-04-11 17:09:24
dnes.bg,https://www.dnes.bg/c/604-izbori-2026?page=2,https://www.dnes.bg/a/1-bulgaria/717260-boyko-borisov-se-pohvali-sas-snimka-po-banski-kakav-glarus-byah,Бойко Борисов се похвали със снимка по бански: Какъв гларус бях!,08.04.2026 | 11:54 ч.,,143,"eбacu тулупа си баце , и млад и стар все си си ***, вече си станал троен *** , жалко че институционалните бухалки още те пазят и ти ценят парите, иначе отдавна да си умрял на бесилото шамандура с шамандура npocma !",изходи се през фости,преди 3 дни,12,0,2026-04-11 17:09:24
dnes.bg,https://www.dnes.bg/c/604-izbori-2026?page=2,https://www.dnes.bg/a/1-bulgaria/717260-boyko-borisov-se-pohvali-sas-snimka-po-banski-kakav-glarus-byah,Бойко Борисов се похвали със снимка по бански: Какъв гларус бях!,08.04.2026 | 11:54 ч.,,142,"Малеееей,ква снага,кво чудо!",анонимен,преди 3 дни,8,0,2026-04-11 17:09:26
dnes.bg,https://www.dnes.bg/c/604-izbori-2026?page=2,https://www.dnes.bg/a/1-bulgaria/717260-boyko-borisov-se-pohvali-sas-snimka-po-banski-kakav-glarus-byah,Бойко Борисов се похвали със снимка по бански: Какъв гларус бях!,08.04.2026 | 11:54 ч.,,141,"Аз не харесвам нито Бойко, нито Радев,като вид , те не са и на години да имат добра визия! Обаче като почне всеки комплексар и мижитурка да си избива нещастията с присмех върху други , си е отвсякъде обратното на острото!",анонимен,преди 3 дни,4,0,2026-04-11 17:09:26
dnes.bg,https://www.dnes.bg/c/604-izbori-2026?page=2,https://www.dnes.bg/a/1-bulgaria/717260-boyko-borisov-se-pohvali-sas-snimka-po-banski-kakav-glarus-byah,Бойко Борисов се похвали със снимка по бански: Какъв гларус бях!,08.04.2026 | 11:54 ч.,,140,"Яко, аз си падам по по-пълничките, имат апетит за кренвирши.",Делян,преди 3 дни,7,0,2026-04-11 17:09:26
dnes.bg,https://www.dnes.bg/c/604-izbori-2026?page=2,https://www.dnes.bg/a/1-bulgaria/717260-boyko-borisov-se-pohvali-sas-snimka-po-banski-kakav-glarus-byah,Бойко Борисов се похвали със снимка по бански: Какъв гларус бях!,08.04.2026 | 11:54 ч.,,139,"Вие можете ли и на половината му, нископлатени работници? Айде човек първо сам да се види !",анонимен,преди 3 дни,1,9,2026-04-11 17:09:26
dnes.bg,https://www.dnes.bg/c/604-izbori-2026?page=2,https://www.dnes.bg/a/1-bulgaria/717260-boyko-borisov-se-pohvali-sas-snimka-po-banski-kakav-glarus-byah,Бойко Борисов се похвали със снимка по бански: Какъв гларус бях!,08.04.2026 | 11:54 ч.,,138,Бойко е номер 1,анонимен,преди 3 дни,3,8,2026-04-11 17:09:26
dnes.bg,https://www.dnes.bg/c/604-izbori-2026?page=2,https://www.dnes.bg/a/1-bulgaria/717260-boyko-borisov-se-pohvali-sas-snimka-po-banski-kakav-glarus-byah,Бойко Борисов се похвали със снимка по бански: Какъв гларус бях!,08.04.2026 | 11:54 ч.,,137,ДНЕШНИ А ОТ ТУРСКО СТЕ. РЕЖИТЕ ЯКО КОМЕНТАРИТЕ. ОТ 185 ОСТАНАЛИ 135. ПЕТДЕСЕТ БРОЙКИ ГИ НЕМА. ДВА ОТ МЕН ТУК И ОЩЕ 7 ДРУГИ.,ДНЕС НЕ СТЕ,преди 3 дни,4,0,2026-04-11 17:09:26
dnes.bg,https://www.dnes.bg/c/604-izbori-2026?page=2,https://www.dnes.bg/a/1-bulgaria/717260-boyko-borisov-se-pohvali-sas-snimka-po-banski-kakav-glarus-byah,Бойко Борисов се похвали със снимка по бански: Какъв гларус бях!,08.04.2026 | 11:54 ч.,,136,"при мен проблема е там , че вече почнаха да ме харесват и мъже, а на двата бряга трудно",анонимен,преди 3 дни,3,0,2026-04-11 17:09:26
dnes.bg,https://www.dnes.bg/c/604-izbori-2026?page=2,https://www.dnes.bg/a/1-bulgaria/717260-boyko-borisov-se-pohvali-sas-snimka-po-banski-kakav-glarus-byah,Бойко Борисов се похвали със снимка по бански: Какъв гларус бях!,08.04.2026 | 11:54 ч.,,135,УСПЕШЕН ЛИДЕР ХАРИЗМАТИЧЕН ОБАЯТЕЛЕН Е БОРИСОВ ДА ЗНАЕТЕ,ДО,преди 3 дни,1,7,2026-04-11 17:09:26
dnes.bg,https://www.dnes.bg/c/604-izbori-2026?page=2,https://www.dnes.bg/a/1-bulgaria/717260-boyko-borisov-se-pohvali-sas-snimka-po-banski-kakav-glarus-byah,Бойко Борисов се похвали със снимка по бански: Какъв гларус бях!,08.04.2026 | 11:54 ч.,,134,"Само умът му е на гларус. Птицата, имам предвид.",:),преди 3 дни,8,1,2026-04-11 17:09:26
dnes.bg,https://www.dnes.bg/c/604-izbori-2026?page=2,https://www.dnes.bg/a/1-bulgaria/717260-boyko-borisov-se-pohvali-sas-snimka-po-banski-kakav-glarus-byah,Бойко Борисов се похвали със снимка по бански: Какъв гларус бях!,08.04.2026 | 11:54 ч.,,133,Сега разбрах защо му викат Лойко.,Хичо,преди 3 дни,11,1,2026-04-11 17:09:26
dnes.bg,https://www.dnes.bg/c/604-izbori-2026?page=2,https://www.dnes.bg/a/1-bulgaria/717260-boyko-borisov-se-pohvali-sas-snimka-po-banski-kakav-glarus-byah,Бойко Борисов се похвали със снимка по бански: Какъв гларус бях!,08.04.2026 | 11:54 ч.,,132,"Е, не пее арии пред НС, като ококореното розово прасе от ППДБ Петрохан.",Б има чувство за хум,преди 3 дни,6,3,2026-04-11 17:09:28
dnes.bg,https://www.dnes.bg/c/604-izbori-2026?page=2,https://www.dnes.bg/a/1-bulgaria/717260-boyko-borisov-se-pohvali-sas-snimka-po-banski-kakav-glarus-byah,Бойко Борисов се похвали със снимка по бански: Какъв гларус бях!,08.04.2026 | 11:54 ч.,,131,"Дорогие ТроЛлики , друзья ! Борисов е опитен политик ! Сигурен съм , че ако му го вдигнете / рейтинга/ , ще ви вземе насериозно !",...,преди 3 дни,6,4,2026-04-11 17:09:28
dnes.bg,https://www.dnes.bg/c/604-izbori-2026?page=2,https://www.dnes.bg/a/1-bulgaria/717260-boyko-borisov-se-pohvali-sas-snimka-po-banski-kakav-glarus-byah,Бойко Борисов се похвали със снимка по бански: Какъв гларус бях!,08.04.2026 | 11:54 ч.,,130,"този удари дъното по излагация...в напъването си да се прави на човек от народа, какъвто никога не е бил.. става за смях..как не се усеща тоя човек, че цяла България му се е смее на глупостта.. не е ясно...",анонимен,преди 3 дни,13,3,2026-04-11 17:09:28
dnes.bg,https://www.dnes.bg/c/604-izbori-2026?page=2,https://www.dnes.bg/a/1-bulgaria/717260-boyko-borisov-se-pohvali-sas-snimka-po-banski-kakav-glarus-byah,Бойко Борисов се похвали със снимка по бански: Какъв гларус бях!,08.04.2026 | 11:54 ч.,,129,"Така загащен до ушите, голям гларус ще да е бил.",хаха,преди 3 дни,12,0,2026-04-11 17:09:28
dnes.bg,https://www.dnes.bg/c/604-izbori-2026?page=2,https://www.dnes.bg/a/1-bulgaria/717260-boyko-borisov-se-pohvali-sas-snimka-po-banski-kakav-glarus-byah,Бойко Борисов се похвали със снимка по бански: Какъв гларус бях!,08.04.2026 | 11:54 ч.,,128,"Колко жалък е поостарелият нарцис. Целият плаж вървял след него?! Първо ми е трудно да си представя как плаж ще тръгне след който и да е. Сигурно е имал в пред вид плажуващите хора, но това ме кара да попитам - и мъжете ли?",мдаа,преди 3 дни,13,1,2026-04-11 17:09:28
dnes.bg,https://www.dnes.bg/c/604-izbori-2026?page=2,https://www.dnes.bg/a/1-bulgaria/717260-boyko-borisov-se-pohvali-sas-snimka-po-banski-kakav-glarus-byah,Бойко Борисов се похвали със снимка по бански: Какъв гларус бях!,08.04.2026 | 11:54 ч.,,127,"Епилираният Льотчик е с по-големи претенции за ""гларус""!",анонимен,преди 3 дни,1,10,2026-04-11 17:09:28
dnes.bg,https://www.dnes.bg/c/604-izbori-2026?page=2,https://www.dnes.bg/a/1-bulgaria/717260-boyko-borisov-se-pohvali-sas-snimka-po-banski-kakav-glarus-byah,Бойко Борисов се похвали със снимка по бански: Какъв гларус бях!,08.04.2026 | 11:54 ч.,,126,И тогава и сега си е същото селско пърче. Трагедия е това чудо толкова години да управлява държава.,Лука,преди 3 дни,11,0,2026-04-11 17:09:28
dnes.bg,https://www.dnes.bg/c/604-izbori-2026?page=2,https://www.dnes.bg/a/1-bulgaria/717260-boyko-borisov-se-pohvali-sas-snimka-po-banski-kakav-glarus-byah,Бойко Борисов се похвали със снимка по бански: Какъв гларус бях!,08.04.2026 | 11:54 ч.,,125,"Да не забраяме в се пак че памперса Запрянов, който дислоцира ВОЕННИ чуждестранни самолети на ГРАЖДАНСКО летище е човек и личен избор на Борисов.",анонимен,преди 3 дни,8,0,2026-04-11 17:09:28
dnes.bg,https://www.dnes.bg/c/604-izbori-2026?page=2,https://www.dnes.bg/a/1-bulgaria/717260-boyko-borisov-se-pohvali-sas-snimka-po-banski-kakav-glarus-byah,Бойко Борисов се похвали със снимка по бански: Какъв гларус бях!,08.04.2026 | 11:54 ч.,,124,До: анонименDo124 100 prozenta njma da vidis Djender,анонимен,преди 3 дни,2,0,2026-04-11 17:09:28
dnes.bg,https://www.dnes.bg/c/604-izbori-2026?page=2,https://www.dnes.bg/a/1-bulgaria/717260-boyko-borisov-se-pohvali-sas-snimka-po-banski-kakav-glarus-byah,Бойко Борисов се похвали със снимка по бански: Какъв гларус бях!,08.04.2026 | 11:54 ч.,,123,Борисов явно е с огромно самочувствие. Защото снимката предизвиква само смях и съжаление.,анонимен,преди 3 дни,14,0,2026-04-11 17:09:28
dnes.bg,https://www.dnes.bg/c/604-izbori-2026?page=2,https://www.dnes.bg/a/1-bulgaria/717260-boyko-borisov-se-pohvali-sas-snimka-po-banski-kakav-glarus-byah,Бойко Борисов се похвали със снимка по бански: Какъв гларус бях!,08.04.2026 | 11:54 ч.,,122,Чакаме снимка и на Румен Радев по бански. Хората да приценят за кого да гласуват.,анонимен,преди 3 дни,0,8,2026-04-11 17:09:30
dnes.bg,https://www.dnes.bg/c/604-izbori-2026?page=2,https://www.dnes.bg/a/1-bulgaria/717260-boyko-borisov-se-pohvali-sas-snimka-po-banski-kakav-glarus-byah,Бойко Борисов се похвали със снимка по бански: Какъв гларус бях!,08.04.2026 | 11:54 ч.,,121,на закона мамата е..,И ловец и рибар,преди 3 дни,5,0,2026-04-11 17:09:30
dnes.bg,https://www.dnes.bg/c/604-izbori-2026?page=2,https://www.dnes.bg/a/1-bulgaria/717260-boyko-borisov-se-pohvali-sas-snimka-po-banski-kakav-glarus-byah,Бойко Борисов се похвали със снимка по бански: Какъв гларус бях!,08.04.2026 | 11:54 ч.,,120,"Да не се хваля , ама и мен жените много ме харесваха! В случай че понякога се разсейваха, тогава се харесвах сам!",анонимен,преди 3 дни,12,0,2026-04-11 17:09:30
dnes.bg,https://www.dnes.bg/c/604-izbori-2026?page=2,https://www.dnes.bg/a/1-bulgaria/717260-boyko-borisov-se-pohvali-sas-snimka-po-banski-kakav-glarus-byah,Бойко Борисов се похвали със снимка по бански: Какъв гларус бях!,08.04.2026 | 11:54 ч.,,119,"Ха ха, смях на парцали, отвр., пълномащабна излагация, ол.френия родом от банкя. И това нещо е било премиер, и пак драпа за власт.",мак,преди 3 дни,9,0,2026-04-11 17:09:30
dnes.bg,https://www.dnes.bg/c/604-izbori-2026?page=2,https://www.dnes.bg/a/1-bulgaria/717260-boyko-borisov-se-pohvali-sas-snimka-po-banski-kakav-glarus-byah,Бойко Борисов се похвали със снимка по бански: Какъв гларус бях!,08.04.2026 | 11:54 ч.,,118,"Не знам Борисов дали не е спал заради Иран , но някои щатни не са спали , да се появи името му , че да вържат нормата ! Жалка работа ! Пък и каво носел в банския се интересуват ? Обикновени полюционери , Сър !",анонимен,преди 3 дни,8,1,2026-04-11 17:09:30
dnes.bg,https://www.dnes.bg/c/604-izbori-2026?page=2,https://www.dnes.bg/a/1-bulgaria/717260-boyko-borisov-se-pohvali-sas-snimka-po-banski-kakav-glarus-byah,Бойко Борисов се похвали със снимка по бански: Какъв гларус бях!,08.04.2026 | 11:54 ч.,,117,"*** иран не биха атакували българия, ако българия запази неутралитет при евентуална ескалация ;) но... с оглед на подл0гите начело, измежду които си и ТИ бай бокич, българия ще бъде атакувана (и разрушена вероятно), защото ще се ""притече"" на помощ сащ при ескалация ;)",gogo,преди 3 дни,6,0,2026-04-11 17:09:30
dnes.bg,https://www.dnes.bg/c/604-izbori-2026?page=2,https://www.dnes.bg/a/1-bulgaria/717260-boyko-borisov-se-pohvali-sas-snimka-po-banski-kakav-glarus-byah,Бойко Борисов се похвали със снимка по бански: Какъв гларус бях!,08.04.2026 | 11:54 ч.,,116,":) Не го слуша главата Борисов!! Жалко, много жалко. Държи се инфантилно!",избирател,преди 3 дни,8,0,2026-04-11 17:09:30
dnes.bg,https://www.dnes.bg/c/604-izbori-2026?page=2,https://www.dnes.bg/a/1-bulgaria/717260-boyko-borisov-se-pohvali-sas-snimka-po-banski-kakav-glarus-byah,Бойко Борисов се похвали със снимка по бански: Какъв гларус бях!,08.04.2026 | 11:54 ч.,,115,Олеле малеле. Тоя и на младини е бил пълна мекица...,анонимен,преди 3 дни,11,0,2026-04-11 17:09:30
dnes.bg,https://www.dnes.bg/c/604-izbori-2026?page=2,https://www.dnes.bg/a/1-bulgaria/717260-boyko-borisov-se-pohvali-sas-snimka-po-banski-kakav-glarus-byah,Бойко Борисов се похвали със снимка по бански: Какъв гларус бях!,08.04.2026 | 11:54 ч.,,114,"Не се обиждате, но какъвто народеца, такива са и Вождовете му - гларуси!!!! Не е смешно, Тъжно е!!!!!",Констатация,преди 3 дни,13,0,2026-04-11 17:09:30
dnes.bg,https://www.dnes.bg/c/604-izbori-2026?page=2,https://www.dnes.bg/a/1-bulgaria/717260-boyko-borisov-se-pohvali-sas-snimka-po-banski-kakav-glarus-byah,Бойко Борисов се похвали със снимка по бански: Какъв гларус бях!,08.04.2026 | 11:54 ч.,,113,"Време е да се пенсионира, да си играе сокъра и да си гледа внуците.",анонимен,преди 3 дни,7,0,2026-04-11 17:09:30
dnes.bg,https://www.dnes.bg/c/604-izbori-2026?page=2,https://www.dnes.bg/a/1-bulgaria/717260-boyko-borisov-se-pohvali-sas-snimka-po-banski-kakav-glarus-byah,Бойко Борисов се похвали със снимка по бански: Какъв гларус бях!,08.04.2026 | 11:54 ч.,,112,Остави всичко в миналото и се оттегли. Каквото било било. Неставай вече чак жалък.,M'dolla,преди 3 дни,7,0,2026-04-11 17:09:33
dnes.bg,https://www.dnes.bg/c/604-izbori-2026?page=2,https://www.dnes.bg/a/1-bulgaria/717260-boyko-borisov-se-pohvali-sas-snimka-po-banski-kakav-glarus-byah,Бойко Борисов се похвали със снимка по бански: Какъв гларус бях!,08.04.2026 | 11:54 ч.,,111,Не е спал защото е дебнал цените на акциите и петрола! Аре ако обича.,Hdjchcjc,преди 3 дни,5,0,2026-04-11 17:09:33
dnes.bg,https://www.dnes.bg/c/604-izbori-2026?page=2,https://www.dnes.bg/a/1-bulgaria/717260-boyko-borisov-se-pohvali-sas-snimka-po-banski-kakav-glarus-byah,Бойко Борисов се похвали със снимка по бански: Какъв гларус бях!,08.04.2026 | 11:54 ч.,,110,Сега остана и Радев да направи едно коремно!,анонимен,преди 3 дни,6,1,2026-04-11 17:09:33
dnes.bg,https://www.dnes.bg/c/604-izbori-2026?page=2,https://www.dnes.bg/a/1-bulgaria/717260-boyko-borisov-se-pohvali-sas-snimka-po-banski-kakav-glarus-byah,Бойко Борисов се похвали със снимка по бански: Какъв гларус бях!,08.04.2026 | 11:54 ч.,,109,"Ха, ха, не бил спал заради войната, ама казал на информаторите му да го будят... Значи си спал!",анонимен,преди 3 дни,6,0,2026-04-11 17:09:33
dnes.bg,https://www.dnes.bg/c/604-izbori-2026?page=2,https://www.dnes.bg/a/1-bulgaria/717260-boyko-borisov-se-pohvali-sas-snimka-po-banski-kakav-glarus-byah,Бойко Борисов се похвали със снимка по бански: Какъв гларус бях!,08.04.2026 | 11:54 ч.,,108,Шиши и сега си го харесва Боко. Не минава ден без да го боgне.,Шиши ебе Боко,преди 3 дни,6,0,2026-04-11 17:09:33
dnes.bg,https://www.dnes.bg/c/604-izbori-2026?page=2,https://www.dnes.bg/a/1-bulgaria/717260-boyko-borisov-se-pohvali-sas-snimka-po-banski-kakav-glarus-byah,Бойко Борисов се похвали със снимка по бански: Какъв гларус бях!,08.04.2026 | 11:54 ч.,,107,"Един шофьор отишъл на Златните и решил да се окъпе в морето, но нямал бански. Свалил две флагчета от предното стъкло, завързал ги и влязъл да се къпе. На излизане - отпред тумба от жени, от зад тумба от мъже. Шофьора се уплашил и се чуди какво става. Един му казал: виж какво пише: - отпред стохилядник, отзад най-добър в професията....",Гошо,преди 3 дни,3,1,2026-04-11 17:09:33
dnes.bg,https://www.dnes.bg/c/604-izbori-2026?page=2,https://www.dnes.bg/a/1-bulgaria/717260-boyko-borisov-se-pohvali-sas-snimka-po-banski-kakav-glarus-byah,Бойко Борисов се похвали със снимка по бански: Какъв гларус бях!,08.04.2026 | 11:54 ч.,,106,"Той кат е тръгнал в Обзор и Бяла, да вземе да мине и през Долни Чифлик и Дългопол, после и Белослав!",анонимен,преди 3 дни,4,0,2026-04-11 17:09:33
dnes.bg,https://www.dnes.bg/c/604-izbori-2026?page=2,https://www.dnes.bg/a/1-bulgaria/717260-boyko-borisov-se-pohvali-sas-snimka-po-banski-kakav-glarus-byah,Бойко Борисов се похвали със снимка по бански: Какъв гларус бях!,08.04.2026 | 11:54 ч.,,105,Ще го вземат в Ергена следващия сезона.,анонимен,преди 3 дни,11,0,2026-04-11 17:09:33
dnes.bg,https://www.dnes.bg/c/604-izbori-2026?page=2,https://www.dnes.bg/a/1-bulgaria/717260-boyko-borisov-se-pohvali-sas-snimka-po-banski-kakav-glarus-byah,Бойко Борисов се похвали със снимка по бански: Какъв гларус бях!,08.04.2026 | 11:54 ч.,,104,"Браво. Затова и хората масово ще гласуват за него. А не за оная мазна швестерка от подмяната, дето всеки ден кокори очи и бълва глупости и лъжи..",bob,преди 3 дни,2,7,2026-04-11 17:09:33
dnes.bg,https://www.dnes.bg/c/604-izbori-2026?page=2,https://www.dnes.bg/a/1-bulgaria/717260-boyko-borisov-se-pohvali-sas-snimka-po-banski-kakav-glarus-byah,Бойко Борисов се похвали със снимка по бански: Какъв гларус бях!,08.04.2026 | 11:54 ч.,,103,"Баце е изпрегнал, нищо не става от него вече, превъртял е тотално! Има ли още будали да му вярват, освен платените му ескорти?",анонимен,преди 3 дни,10,1,2026-04-11 17:09:33
dnes.bg,https://www.dnes.bg/c/604-izbori-2026?page=2,https://www.dnes.bg/a/1-bulgaria/717260-boyko-borisov-se-pohvali-sas-snimka-po-banski-kakav-glarus-byah,Бойко Борисов се похвали със снимка по бански: Какъв гларус бях!,08.04.2026 | 11:54 ч.,,102,Секси е.,Корнелия,преди 3 дни,2,3,2026-04-11 17:09:36
dnes.bg,https://www.dnes.bg/c/604-izbori-2026?page=2,https://www.dnes.bg/a/1-bulgaria/717260-boyko-borisov-se-pohvali-sas-snimka-po-banski-kakav-glarus-byah,Бойко Борисов се похвали със снимка по бански: Какъв гларус бях!,08.04.2026 | 11:54 ч.,,101,Позиращ за конкурса кой колко книги е прочел и за филма от глупав по глупав. гларусите истински бяха тези от крайбрежието черно морско и през соца кога полякини рускини германки украинки бяха тук стотици хиляди На сезон.,"ДЕБЕЛ """"ГЛ",преди 3 дни,5,1,2026-04-11 17:09:36
dnes.bg,https://www.dnes.bg/c/604-izbori-2026?page=2,https://www.dnes.bg/a/1-bulgaria/717260-boyko-borisov-se-pohvali-sas-snimka-po-banski-kakav-glarus-byah,Бойко Борисов се похвали със снимка по бански: Какъв гларус бях!,08.04.2026 | 11:54 ч.,,100,Снимката от мутренските години ли е?,Sn,преди 3 дни,9,1,2026-04-11 17:09:36
dnes.bg,https://www.dnes.bg/c/604-izbori-2026?page=2,https://www.dnes.bg/a/1-bulgaria/717260-boyko-borisov-se-pohvali-sas-snimka-po-banski-kakav-glarus-byah,Бойко Борисов се похвали със снимка по бански: Какъв гларус бях!,08.04.2026 | 11:54 ч.,,99,"И за мен жените на опашка чакаха, само че стана като македонеца дето се засилил да прескочи една локва, паднал в нея, станал и казал, ех като млад какъв бях, огледал и видял че никой не го слуша и си признал, бе същото л.......о си бях",анонимен,преди 3 дни,7,2,2026-04-11 17:09:36
dnes.bg,https://www.dnes.bg/c/604-izbori-2026?page=2,https://www.dnes.bg/a/1-bulgaria/717260-boyko-borisov-se-pohvali-sas-snimka-po-banski-kakav-glarus-byah,Бойко Борисов се похвали със снимка по бански: Какъв гларус бях!,08.04.2026 | 11:54 ч.,,98,"Все пак , аз искам Рая Назарян да видя по бански",анонимен,преди 3 дни,8,0,2026-04-11 17:09:36
dnes.bg,https://www.dnes.bg/c/604-izbori-2026?page=2,https://www.dnes.bg/a/1-bulgaria/717260-boyko-borisov-se-pohvali-sas-snimka-po-banski-kakav-glarus-byah,Бойко Борисов се похвали със снимка по бански: Какъв гларус бях!,08.04.2026 | 11:54 ч.,,97,Не е било нужно да будува цяла нощ. След 1 часа на 08.04 вече имаше информация.,АНОНИМ,преди 3 дни,6,0,2026-04-11 17:09:36
dnes.bg,https://www.dnes.bg/c/604-izbori-2026?page=2,https://www.dnes.bg/a/1-bulgaria/717260-boyko-borisov-se-pohvali-sas-snimka-po-banski-kakav-glarus-byah,Бойко Борисов се похвали със снимка по бански: Какъв гларус бях!,08.04.2026 | 11:54 ч.,,96,Защо не си е сложил сутиена...,анонимен,преди 3 дни,7,1,2026-04-11 17:09:36
dnes.bg,https://www.dnes.bg/c/604-izbori-2026?page=2,https://www.dnes.bg/a/1-bulgaria/717260-boyko-borisov-se-pohvali-sas-snimka-po-banski-kakav-glarus-byah,Бойко Борисов се похвали със снимка по бански: Какъв гларус бях!,08.04.2026 | 11:54 ч.,,95,Асен Василев е много по мъжествен!,анонимен,преди 3 дни,8,4,2026-04-11 17:09:36
dnes.bg,https://www.dnes.bg/c/604-izbori-2026?page=2,https://www.dnes.bg/a/1-bulgaria/717260-boyko-borisov-se-pohvali-sas-snimka-po-banski-kakav-glarus-byah,Бойко Борисов се похвали със снимка по бански: Какъв гларус бях!,08.04.2026 | 11:54 ч.,,94,До: Борис ДжонсънЕ обаче тук не е украйната .Та какъв Путин сънуваш и бълнуваш?,Брей,преди 3 дни,7,3,2026-04-11 17:09:36
dnes.bg,https://www.dnes.bg/c/604-izbori-2026?page=2,https://www.dnes.bg/a/1-bulgaria/717260-boyko-borisov-se-pohvali-sas-snimka-po-banski-kakav-glarus-byah,Бойко Борисов се похвали със снимка по бански: Какъв гларус бях!,08.04.2026 | 11:54 ч.,,93,Деменция!,",Чичо",преди 3 дни,8,2,2026-04-11 17:09:36
dnes.bg,https://www.dnes.bg/c/604-izbori-2026?page=2,https://www.dnes.bg/a/1-bulgaria/717260-boyko-borisov-se-pohvali-sas-snimka-po-banski-kakav-glarus-byah,Бойко Борисов се похвали със снимка по бански: Какъв гларус бях!,08.04.2026 | 11:54 ч.,,92,Да изритаме тези престъпници на изборите...,Хичо,преди 3 дни,14,3,2026-04-11 17:09:38
dnes.bg,https://www.dnes.bg/c/604-izbori-2026?page=2,https://www.dnes.bg/a/1-bulgaria/717260-boyko-borisov-se-pohvali-sas-snimka-po-banski-kakav-glarus-byah,Бойко Борисов се похвали със снимка по бански: Какъв гларус бях!,08.04.2026 | 11:54 ч.,,91,Да си гледаш собствения интерес и да не искаш да си беден като украинец според просяка на Борис Джонсън било русофилство.,Брей,преди 3 дни,6,4,2026-04-11 17:09:38
dnes.bg,https://www.dnes.bg/c/604-izbori-2026?page=2,https://www.dnes.bg/a/1-bulgaria/717260-boyko-borisov-se-pohvali-sas-snimka-po-banski-kakav-glarus-byah,Бойко Борисов се похвали със снимка по бански: Какъв гларус бях!,08.04.2026 | 11:54 ч.,,90,"Повърнах! Да му имам самочувствието! Не се ли усеща, колко е смешен и жалък!!!!??? А парашутните *** направо къртят мивки!",анонимен,преди 3 дни,18,3,2026-04-11 17:09:38
dnes.bg,https://www.dnes.bg/c/604-izbori-2026?page=2,https://www.dnes.bg/a/1-bulgaria/717260-boyko-borisov-se-pohvali-sas-snimka-po-banski-kakav-glarus-byah,Бойко Борисов се похвали със снимка по бански: Какъв гларус бях!,08.04.2026 | 11:54 ч.,,89,"До: Ха-ха-хаАма ела да провериш просяче на Борис Джонсън,ама от украйната София ти е нещо далече,а пак идва лято и ще се ходи до морето,ако още са там наглите украинци и ще играят ножиците ,клъц,клъц и става евпух налгия украинец",анонимен,преди 3 дни,7,3,2026-04-11 17:09:38
dnes.bg,https://www.dnes.bg/c/604-izbori-2026?page=2,https://www.dnes.bg/a/1-bulgaria/717260-boyko-borisov-se-pohvali-sas-snimka-po-banski-kakav-glarus-byah,Бойко Борисов се похвали със снимка по бански: Какъв гларус бях!,08.04.2026 | 11:54 ч.,,88,До: ДоротеяМиризливец просещ тук не ти е украйната,анонимен,преди 3 дни,3,4,2026-04-11 17:09:38
dnes.bg,https://www.dnes.bg/c/604-izbori-2026?page=2,https://www.dnes.bg/a/1-bulgaria/717260-boyko-borisov-se-pohvali-sas-snimka-po-banski-kakav-glarus-byah,Бойко Борисов се похвали със снимка по бански: Какъв гларус бях!,08.04.2026 | 11:54 ч.,,87,Бойко е с малка тънка мишка и поради този факт именно е такъв голям комплексар.,до 111,преди 3 дни,10,3,2026-04-11 17:09:38
dnes.bg,https://www.dnes.bg/c/604-izbori-2026?page=2,https://www.dnes.bg/a/1-bulgaria/717260-boyko-borisov-se-pohvali-sas-snimka-po-banski-kakav-glarus-byah,Бойко Борисов се похвали със снимка по бански: Какъв гларус бях!,08.04.2026 | 11:54 ч.,,86,"""...целия плаж вървеше по мен.."" и викаше - Къш от плажа, къш от плажа :))))))",анонимен,преди 3 дни,9,3,2026-04-11 17:09:38
dnes.bg,https://www.dnes.bg/c/604-izbori-2026?page=2,https://www.dnes.bg/a/1-bulgaria/717260-boyko-borisov-se-pohvali-sas-snimka-po-banski-kakav-glarus-byah,Бойко Борисов се похвали със снимка по бански: Какъв гларус бях!,08.04.2026 | 11:54 ч.,,85,"До: анонимен101Ти си клиничен украинопат бе старче, отивай при доктор Гълъбова, тя е мунчовистка, ще те приеме с предимство. И го давай по-кротко, че току - виж си гушнал букета и няма да можеш да гласуваш за новият СПАСИТЕЛ!",Доротея,преди 3 дни,7,3,2026-04-11 17:09:38
dnes.bg,https://www.dnes.bg/c/604-izbori-2026?page=2,https://www.dnes.bg/a/1-bulgaria/717260-boyko-borisov-se-pohvali-sas-snimka-po-banski-kakav-glarus-byah,Бойко Борисов се похвали със снимка по бански: Какъв гларус бях!,08.04.2026 | 11:54 ч.,,84,"До: ДоротеяА тук миризливите нагли украинци,който си помислиха,че тук им е украйната ги кастрираме и дезеленизираме.Ако искаш миризливец да ти пратим бели ""бъбреци""от тях в украйната ти да си хапнеш,че гладен ми се струваш.",анонимен,преди 3 дни,3,4,2026-04-11 17:09:38
dnes.bg,https://www.dnes.bg/c/604-izbori-2026?page=2,https://www.dnes.bg/a/1-bulgaria/717260-boyko-borisov-se-pohvali-sas-snimka-po-banski-kakav-glarus-byah,Бойко Борисов се похвали със снимка по бански: Какъв гларус бях!,08.04.2026 | 11:54 ч.,,83,"Луд, Иран трябва да бъде разрушен!",анонимен,преди 3 дни,4,3,2026-04-11 17:09:38
dnes.bg,https://www.dnes.bg/c/604-izbori-2026?page=2,https://www.dnes.bg/a/1-bulgaria/717260-boyko-borisov-se-pohvali-sas-snimka-po-banski-kakav-glarus-byah,Бойко Борисов се похвали със снимка по бански: Какъв гларус бях!,08.04.2026 | 11:54 ч.,,82,"Борисов има едно уникално качество , което никой друг политик не притежава ...самоирония ! Име е , и може са си го позволи ! А всякакви щатни анонимници чакат да се хванат за някоя дума , и глутницата да залае в хор ! Жалки са !",анонимен,преди 3 дни,7,9,2026-04-11 17:09:42
dnes.bg,https://www.dnes.bg/c/604-izbori-2026?page=2,https://www.dnes.bg/a/1-bulgaria/717260-boyko-borisov-se-pohvali-sas-snimka-po-banski-kakav-glarus-byah,Бойко Борисов се похвали със снимка по бански: Какъв гларус бях!,08.04.2026 | 11:54 ч.,,81,Жребец,Анонимен,преди 3 дни,4,5,2026-04-11 17:09:42
dnes.bg,https://www.dnes.bg/c/604-izbori-2026?page=2,https://www.dnes.bg/a/1-bulgaria/717260-boyko-borisov-se-pohvali-sas-snimka-po-banski-kakav-glarus-byah,Бойко Борисов се похвали със снимка по бански: Какъв гларус бях!,08.04.2026 | 11:54 ч.,,80,До: ХичоС епилиран торс и водолазен костюм е номер едно в мокрите сънища на русофилите!,Мунчо,преди 3 дни,5,1,2026-04-11 17:09:42
dnes.bg,https://www.dnes.bg/c/604-izbori-2026?page=2,https://www.dnes.bg/a/1-bulgaria/717260-boyko-borisov-se-pohvali-sas-snimka-po-banski-kakav-glarus-byah,Бойко Борисов се похвали със снимка по бански: Какъв гларус бях!,08.04.2026 | 11:54 ч.,,79,ти си страотен артист Бойко! та даже и прocт Ганьовец!!,ля ля,преди 3 дни,8,0,2026-04-11 17:09:42
dnes.bg,https://www.dnes.bg/c/604-izbori-2026?page=2,https://www.dnes.bg/a/1-bulgaria/717260-boyko-borisov-se-pohvali-sas-snimka-po-banski-kakav-glarus-byah,Бойко Борисов се похвали със снимка по бански: Какъв гларус бях!,08.04.2026 | 11:54 ч.,,78,"Щом целия плаж е вървял след него, да разбирам ли че хеаковското ми нган че е продавало царевица на младини.",анонимен,преди 3 дни,6,0,2026-04-11 17:09:42
dnes.bg,https://www.dnes.bg/c/604-izbori-2026?page=2,https://www.dnes.bg/a/1-bulgaria/717260-boyko-borisov-se-pohvali-sas-snimka-po-banski-kakav-glarus-byah,Бойко Борисов се похвали със снимка по бански: Какъв гларус бях!,08.04.2026 | 11:54 ч.,,77,"Тоя гларус навлече толкова щети и беди на народа ни ,като почнеш от локвата в Белене и стигнеш до подмазванета на усойницата урсула!",Шефа,преди 3 дни,15,1,2026-04-11 17:09:42
dnes.bg,https://www.dnes.bg/c/604-izbori-2026?page=2,https://www.dnes.bg/a/1-bulgaria/717260-boyko-borisov-se-pohvali-sas-snimka-po-banski-kakav-glarus-byah,Бойко Борисов се похвали със снимка по бански: Какъв гларус бях!,08.04.2026 | 11:54 ч.,,76,"До: ДоротеяА мизливите нагли укринци ,който си помислиха,че тек им е украйната ги кастираме и ги дезеренизираме,ако искаш.да ти пратим от техните бели ""бъбреци""да си хапнеш.",анонимен,преди 3 дни,4,4,2026-04-11 17:09:42
dnes.bg,https://www.dnes.bg/c/604-izbori-2026?page=2,https://www.dnes.bg/a/1-bulgaria/717260-boyko-borisov-se-pohvali-sas-snimka-po-banski-kakav-glarus-byah,Бойко Борисов се похвали със снимка по бански: Какъв гларус бях!,08.04.2026 | 11:54 ч.,,75,"До: ДоротеяОще ли си тук,бе миризлив украински пендъл?",анонимен,преди 3 дни,6,4,2026-04-11 17:09:42
dnes.bg,https://www.dnes.bg/c/604-izbori-2026?page=2,https://www.dnes.bg/a/1-bulgaria/717260-boyko-borisov-se-pohvali-sas-snimka-po-banski-kakav-glarus-byah,Бойко Борисов се похвали със снимка по бански: Какъв гларус бях!,08.04.2026 | 11:54 ч.,,74,"И този го хвана старческата. Преди беше уж мъжага, така тежко го раздаваше, сега е станал изкуфял клоун.",анонимен,преди 3 дни,13,0,2026-04-11 17:09:42
dnes.bg,https://www.dnes.bg/c/604-izbori-2026?page=2,https://www.dnes.bg/a/1-bulgaria/717260-boyko-borisov-se-pohvali-sas-snimka-po-banski-kakav-glarus-byah,Бойко Борисов се похвали със снимка по бански: Какъв гларус бях!,08.04.2026 | 11:54 ч.,,73,бочко Много прилича на шишкo,анонимен,преди 3 дни,10,0,2026-04-11 17:09:42
dnes.bg,https://www.dnes.bg/c/604-izbori-2026?page=2,https://www.dnes.bg/a/1-bulgaria/717260-boyko-borisov-se-pohvali-sas-snimka-po-banski-kakav-glarus-byah,Бойко Борисов се похвали със снимка по бански: Какъв гларус бях!,08.04.2026 | 11:54 ч.,,72,"Борисов си остава едно срамно петно в историята на България, всичко друго са мохабети за махалите и герп лелите у фейсбук.",анонимен,преди 3 дни,19,1,2026-04-11 17:09:45
dnes.bg,https://www.dnes.bg/c/604-izbori-2026?page=2,https://www.dnes.bg/a/1-bulgaria/717260-boyko-borisov-se-pohvali-sas-snimka-po-banski-kakav-glarus-byah,Бойко Борисов се похвали със снимка по бански: Какъв гларус бях!,08.04.2026 | 11:54 ч.,,71,До: анонимен71Жив ли си още бе neнgeл непоръбен? Сега мунчовист ли стана? Само негодници и omnagъцu защитаваш!,Доротея,преди 3 дни,6,9,2026-04-11 17:09:45
dnes.bg,https://www.dnes.bg/c/604-izbori-2026?page=2,https://www.dnes.bg/a/1-bulgaria/717260-boyko-borisov-se-pohvali-sas-snimka-po-banski-kakav-glarus-byah,Бойко Борисов се похвали със снимка по бански: Какъв гларус бях!,08.04.2026 | 11:54 ч.,,70,"И на тоя душемето му лопа като на оранжевият ,,миротворец""",анонимен,преди 3 дни,9,2,2026-04-11 17:09:45
dnes.bg,https://www.dnes.bg/c/604-izbori-2026?page=2,https://www.dnes.bg/a/1-bulgaria/717260-boyko-borisov-se-pohvali-sas-snimka-po-banski-kakav-glarus-byah,Бойко Борисов се похвали със снимка по бански: Какъв гларус бях!,08.04.2026 | 11:54 ч.,,69,Кога ще видиме радев по бански на плажа?,Мара,преди 3 дни,4,3,2026-04-11 17:09:45
dnes.bg,https://www.dnes.bg/c/604-izbori-2026?page=2,https://www.dnes.bg/a/1-bulgaria/717260-boyko-borisov-se-pohvali-sas-snimka-po-banski-kakav-glarus-byah,Бойко Борисов се похвали със снимка по бански: Какъв гларус бях!,08.04.2026 | 11:54 ч.,,68,яяяяя Божанката тази политичекса магитралка ще намери пристан сега при Бочко Гларуса...,анонимен,преди 3 дни,7,1,2026-04-11 17:09:45
dnes.bg,https://www.dnes.bg/c/604-izbori-2026?page=2,https://www.dnes.bg/a/1-bulgaria/717260-boyko-borisov-se-pohvali-sas-snimka-po-banski-kakav-glarus-byah,Бойко Борисов се похвали със снимка по бански: Какъв гларус бях!,08.04.2026 | 11:54 ч.,,67,"Гларус, ама сухоземен! То това туловище не се асоциира с каквато и да било птица, даже с пингвин! Тоя ще да е размазал сума ти и брахмапутри, ако са му пуснали де...",анонимен,преди 3 дни,11,0,2026-04-11 17:09:45
dnes.bg,https://www.dnes.bg/c/604-izbori-2026?page=2,https://www.dnes.bg/a/1-bulgaria/717260-boyko-borisov-se-pohvali-sas-snimka-po-banski-kakav-glarus-byah,Бойко Борисов се похвали със снимка по бански: Какъв гларус бях!,08.04.2026 | 11:54 ч.,,66,тук се коментира доказаният пcuxoпат Борисов!,до Доротея,преди 3 дни,13,1,2026-04-11 17:09:45
dnes.bg,https://www.dnes.bg/c/604-izbori-2026?page=2,https://www.dnes.bg/a/1-bulgaria/717260-boyko-borisov-se-pohvali-sas-snimka-po-banski-kakav-glarus-byah,Бойко Борисов се похвали със снимка по бански: Какъв гларус бях!,08.04.2026 | 11:54 ч.,,65,"До: анонимен63Миризривият запъртък Радев, който си мисли, че е яйце на Фаберже може да розгони единствено собствената си фамилия и фамилиите на нещастниците като теб, които не вярвате.",Доротея,преди 3 дни,6,9,2026-04-11 17:09:45
dnes.bg,https://www.dnes.bg/c/604-izbori-2026?page=2,https://www.dnes.bg/a/1-bulgaria/717260-boyko-borisov-se-pohvali-sas-snimka-po-banski-kakav-glarus-byah,Бойко Борисов се похвали със снимка по бански: Какъв гларус бях!,08.04.2026 | 11:54 ч.,,64,ЗА БОРИСОВ ЗА ДЕМОКРАЦИЯ ЗА ЕВРОПА,ДО,преди 3 дни,4,7,2026-04-11 17:09:45
dnes.bg,https://www.dnes.bg/c/604-izbori-2026?page=2,https://www.dnes.bg/a/1-bulgaria/717260-boyko-borisov-se-pohvali-sas-snimka-po-banski-kakav-glarus-byah,Бойко Борисов се похвали със снимка по бански: Какъв гларус бях!,08.04.2026 | 11:54 ч.,,63,"Не знам за гларус, но що народ е минал с 200-та, още реват по форумите !",анонимен,преди 3 дни,6,9,2026-04-11 17:09:45
dnes.bg,https://www.dnes.bg/c/604-izbori-2026?page=2,https://www.dnes.bg/a/1-bulgaria/717260-boyko-borisov-se-pohvali-sas-snimka-po-banski-kakav-glarus-byah,Бойко Борисов се похвали със снимка по бански: Какъв гларус бях!,08.04.2026 | 11:54 ч.,,62,"Дано сега и другите не се разсъблекат.Макар,че отвращението ,едва ли може да се повиши повече от това...",Хичо,преди 3 дни,10,1,2026-04-11 17:09:47
dnes.bg,https://www.dnes.bg/c/604-izbori-2026?page=2,https://www.dnes.bg/a/1-bulgaria/717260-boyko-borisov-se-pohvali-sas-snimka-po-banski-kakav-glarus-byah,Бойко Борисов се похвали със снимка по бански: Какъв гларус бях!,08.04.2026 | 11:54 ч.,,61,Мен ми прилича на охранен паламуд (турук),На,преди 3 дни,16,2,2026-04-11 17:09:47
dnes.bg,https://www.dnes.bg/c/604-izbori-2026?page=2,https://www.dnes.bg/a/1-bulgaria/717260-boyko-borisov-se-pohvali-sas-snimka-po-banski-kakav-glarus-byah,Бойко Борисов се похвали със снимка по бански: Какъв гларус бях!,08.04.2026 | 11:54 ч.,,60,Но все още е колкото гларус умен.,анонимен,преди 3 дни,12,1,2026-04-11 17:09:47
dnes.bg,https://www.dnes.bg/c/604-izbori-2026?page=2,https://www.dnes.bg/a/1-bulgaria/717260-boyko-borisov-se-pohvali-sas-snimka-po-banski-kakav-glarus-byah,Бойко Борисов се похвали със снимка по бански: Какъв гларус бях!,08.04.2026 | 11:54 ч.,,59,Да покаже снимка как е проходил в политиката: поза Путин под масата на Бай му Тошко. Или като младо БКП-че като обслужва местните бейове в Банкя както Путин обслужва Кадиров.,анонимен,преди 3 дни,9,3,2026-04-11 17:09:47
dnes.bg,https://www.dnes.bg/c/604-izbori-2026?page=2,https://www.dnes.bg/a/1-bulgaria/717260-boyko-borisov-se-pohvali-sas-snimka-po-banski-kakav-glarus-byah,Бойко Борисов се похвали със снимка по бански: Какъв гларус бях!,08.04.2026 | 11:54 ч.,,58,"Цялата ни политика е един цирк.Интересно, ако американците последват примера ни и Тръмп или Ванс решат да качат снимка по бански",анонимен,преди 3 дни,12,1,2026-04-11 17:09:47
dnes.bg,https://www.dnes.bg/c/604-izbori-2026?page=2,https://www.dnes.bg/a/1-bulgaria/717260-boyko-borisov-se-pohvali-sas-snimka-po-banski-kakav-glarus-byah,Бойко Борисов се похвали със снимка по бански: Какъв гларус бях!,08.04.2026 | 11:54 ч.,,57,Плаж е вървял след него значи е продавал варена царевица.,Щом целият,преди 3 дни,12,0,2026-04-11 17:09:47
dnes.bg,https://www.dnes.bg/c/604-izbori-2026?page=2,https://www.dnes.bg/a/1-bulgaria/717260-boyko-borisov-se-pohvali-sas-snimka-po-banski-kakav-glarus-byah,Бойко Борисов се похвали със снимка по бански: Какъв гларус бях!,08.04.2026 | 11:54 ч.,,56,До: ИстинатаОще една посешка истина,анонимен,преди 3 дни,2,3,2026-04-11 17:09:47
dnes.bg,https://www.dnes.bg/c/604-izbori-2026?page=2,https://www.dnes.bg/a/1-bulgaria/717260-boyko-borisov-se-pohvali-sas-snimka-po-banski-kakav-glarus-byah,Бойко Борисов се похвали със снимка по бански: Какъв гларус бях!,08.04.2026 | 11:54 ч.,,55,"Боко, ти си роден в годината на жълтата сви-ня, освен да грухтиш друго не можеш! Мръсно пра-се.",анонимен,преди 3 дни,9,0,2026-04-11 17:09:47
dnes.bg,https://www.dnes.bg/c/604-izbori-2026?page=2,https://www.dnes.bg/a/1-bulgaria/717260-boyko-borisov-se-pohvali-sas-snimka-po-banski-kakav-glarus-byah,Бойко Борисов се похвали със снимка по бански: Какъв гларус бях!,08.04.2026 | 11:54 ч.,,54,"Бойко никога за нищо не е ставал, освен за присмех може би. Но навремето медиите на Пеевски го лансираха постоянно всеки ден и природонаселението реши, че наистина е нещо. Пълен циркаждия. И тъ па нар. IQ-то му е като на фикус.",анонимен,преди 3 дни,11,1,2026-04-11 17:09:47
dnes.bg,https://www.dnes.bg/c/604-izbori-2026?page=2,https://www.dnes.bg/a/1-bulgaria/717260-boyko-borisov-se-pohvali-sas-snimka-po-banski-kakav-glarus-byah,Бойко Борисов се похвали със снимка по бански: Какъв гларус бях!,08.04.2026 | 11:54 ч.,,53,"Боко е зодия Близнаци, обича да *** и да дууухаааа",анонимен,преди 3 дни,6,1,2026-04-11 17:09:47
dnes.bg,https://www.dnes.bg/c/604-izbori-2026?page=2,https://www.dnes.bg/a/1-bulgaria/717260-boyko-borisov-se-pohvali-sas-snimka-po-banski-kakav-glarus-byah,Бойко Борисов се похвали със снимка по бански: Какъв гларус бях!,08.04.2026 | 11:54 ч.,,52,"До: МорскияИ урморския ,който си мослеше,че новинарските сайтове са форум,пак се обади :):)Май си е въбразил,че някой се интересува от мнението на един украински просяк,който си мисли,че като може да пише горе-долу на български вече е бэлгарин.Е бил е,ама преди повече от 150 години сега е просяк на зеления клоун.",анонимен,преди 3 дни,3,4,2026-04-11 17:09:49
dnes.bg,https://www.dnes.bg/c/604-izbori-2026?page=2,https://www.dnes.bg/a/1-bulgaria/717260-boyko-borisov-se-pohvali-sas-snimka-po-banski-kakav-glarus-byah,Бойко Борисов се похвали със снимка по бански: Какъв гларус бях!,08.04.2026 | 11:54 ч.,,51,"До: Доротея Само Радев ще ви разгони фамилиите , окопали се във власта нещастници ! Напред Господин Президент , разкажете им играта !",анонимен,преди 3 дни,6,3,2026-04-11 17:09:49
dnes.bg,https://www.dnes.bg/c/604-izbori-2026?page=2,https://www.dnes.bg/a/1-bulgaria/717260-boyko-borisov-se-pohvali-sas-snimka-po-banski-kakav-glarus-byah,Бойко Борисов се похвали със снимка по бански: Какъв гларус бях!,08.04.2026 | 11:54 ч.,,50,"Жалко,че Бойко Борисов не е Тигър, черен тигър 2022 - като мен.",Прабаба Костадинка,преди 3 дни,1,4,2026-04-11 17:09:49
dnes.bg,https://www.dnes.bg/c/604-izbori-2026?page=2,https://www.dnes.bg/a/1-bulgaria/717260-boyko-borisov-se-pohvali-sas-snimka-po-banski-kakav-glarus-byah,Бойко Борисов се похвали със снимка по бански: Какъв гларус бях!,08.04.2026 | 11:54 ч.,,49,"Ако си свали килотите всички ще видят , че е бил чайка.",Noname,преди 3 дни,12,2,2026-04-11 17:09:49
dnes.bg,https://www.dnes.bg/c/604-izbori-2026?page=2,https://www.dnes.bg/a/1-bulgaria/717260-boyko-borisov-se-pohvali-sas-snimka-po-banski-kakav-glarus-byah,Бойко Борисов се похвали със снимка по бански: Какъв гларус бях!,08.04.2026 | 11:54 ч.,,48,"Много прилича на руски новобогаташ на море, само ланеца му липсва.",анонимен,преди 3 дни,9,1,2026-04-11 17:09:49
dnes.bg,https://www.dnes.bg/c/604-izbori-2026?page=2,https://www.dnes.bg/a/1-bulgaria/717260-boyko-borisov-se-pohvali-sas-snimka-po-banski-kakav-glarus-byah,Бойко Борисов се похвали със снимка по бански: Какъв гларус бях!,08.04.2026 | 11:54 ч.,,47,"Загубил е реалната си самооценка.Той вижда гларус,околните виждат хипопотам...",Хичо,преди 3 дни,14,2,2026-04-11 17:09:49
dnes.bg,https://www.dnes.bg/c/604-izbori-2026?page=2,https://www.dnes.bg/a/1-bulgaria/717260-boyko-borisov-se-pohvali-sas-snimka-po-banski-kakav-glarus-byah,Бойко Борисов се похвали със снимка по бански: Какъв гларус бях!,08.04.2026 | 11:54 ч.,,46,"Бойко, структурата на тялото ти е женска - увиснал и главно на мазнини. Мислех, че поне като млад си бил нещо, ама като гледам снимката и тогава си бил същия увиснал женчо с натръгнати га 6ти.",анонимен,преди 3 дни,15,2,2026-04-11 17:09:49
dnes.bg,https://www.dnes.bg/c/604-izbori-2026?page=2,https://www.dnes.bg/a/1-bulgaria/717260-boyko-borisov-se-pohvali-sas-snimka-po-banski-kakav-glarus-byah,Бойко Борисов се похвали със снимка по бански: Какъв гларус бях!,08.04.2026 | 11:54 ч.,,45,Дано скоро му гледаме снимките и в същата графа като на перукан,анонимен,преди 3 дни,6,2,2026-04-11 17:09:49
dnes.bg,https://www.dnes.bg/c/604-izbori-2026?page=2,https://www.dnes.bg/a/1-bulgaria/717260-boyko-borisov-se-pohvali-sas-snimka-po-banski-kakav-glarus-byah,Бойко Борисов се похвали със снимка по бански: Какъв гларус бях!,08.04.2026 | 11:54 ч.,,44,По то4но-каква мутра бях....,Geepyy,преди 3 дни,9,2,2026-04-11 17:09:49
dnes.bg,https://www.dnes.bg/c/604-izbori-2026?page=2,https://www.dnes.bg/a/1-bulgaria/717260-boyko-borisov-se-pohvali-sas-snimka-po-banski-kakav-glarus-byah,Бойко Борисов се похвали със снимка по бански: Какъв гларус бях!,08.04.2026 | 11:54 ч.,,43,Очаквам да се пусне някоя бг чалга или бг рап песен с участието на Бойко.,анонимен,преди 3 дни,8,1,2026-04-11 17:09:49
dnes.bg,https://www.dnes.bg/c/604-izbori-2026?page=2,https://www.dnes.bg/a/1-bulgaria/717260-boyko-borisov-se-pohvali-sas-snimka-po-banski-kakav-glarus-byah,Бойко Борисов се похвали със снимка по бански: Какъв гларус бях!,08.04.2026 | 11:54 ч.,,42,"До: до 10Радев е един миризлив запъртък, който десет години живее с мисълта, че е яйце на Фаберже. Е, ще му се наложи да разбере по трудният начин каква двойна нула е всъщност!",Доротея,преди 3 дни,6,6,2026-04-11 17:09:51
dnes.bg,https://www.dnes.bg/c/604-izbori-2026?page=2,https://www.dnes.bg/a/1-bulgaria/717260-boyko-borisov-se-pohvali-sas-snimka-po-banski-kakav-glarus-byah,Бойко Борисов се похвали със снимка по бански: Какъв гларус бях!,08.04.2026 | 11:54 ч.,,41,Дано скоро му гледаме снимките и в същата града като на перукан,анонимен,преди 3 дни,6,2,2026-04-11 17:09:51
dnes.bg,https://www.dnes.bg/c/604-izbori-2026?page=2,https://www.dnes.bg/a/1-bulgaria/717260-boyko-borisov-se-pohvali-sas-snimka-po-banski-kakav-glarus-byah,Бойко Борисов се похвали със снимка по бански: Какъв гларус бях!,08.04.2026 | 11:54 ч.,,40,"Тая тороба с май на ако успее да се набере поне въднъж на лоста, аз ще стана трамвай.",анонимен,преди 3 дни,8,1,2026-04-11 17:09:51
dnes.bg,https://www.dnes.bg/c/604-izbori-2026?page=2,https://www.dnes.bg/a/1-bulgaria/717260-boyko-borisov-se-pohvali-sas-snimka-po-banski-kakav-glarus-byah,Бойко Борисов се похвали със снимка по бански: Какъв гларус бях!,08.04.2026 | 11:54 ч.,,39,"А що не показа снимката дето спинка до чекмеджето с пачки, златце и пищов, тя е по готина.",анонимен,преди 3 дни,14,1,2026-04-11 17:09:51
dnes.bg,https://www.dnes.bg/c/604-izbori-2026?page=2,https://www.dnes.bg/a/1-bulgaria/717260-boyko-borisov-se-pohvali-sas-snimka-po-banski-kakav-glarus-byah,Бойко Борисов се похвали със снимка по бански: Какъв гларус бях!,08.04.2026 | 11:54 ч.,,38,"До: Бай СтоКато се пенсионира от политиката може да направи едно стендъп комеди шоуто, където да говори за политиката и хората да се смеят.",анонимен,преди 3 дни,9,1,2026-04-11 17:09:51
dnes.bg,https://www.dnes.bg/c/604-izbori-2026?page=2,https://www.dnes.bg/a/1-bulgaria/717260-boyko-borisov-se-pohvali-sas-snimka-po-banski-kakav-glarus-byah,Бойко Борисов се похвали със снимка по бански: Какъв гларус бях!,08.04.2026 | 11:54 ч.,,37,"До: анонимен-В родния ти град НЯМАТ право полицаите да те спират за проверка,още по-малко близо до родната ти къща ....Да,за да го злепоставят в родния му град! ББ ти го казва,но явно не можеш да четеш!",анонимен,преди 3 дни,2,4,2026-04-11 17:09:51
dnes.bg,https://www.dnes.bg/c/604-izbori-2026?page=2,https://www.dnes.bg/a/1-bulgaria/717260-boyko-borisov-se-pohvali-sas-snimka-po-banski-kakav-glarus-byah,Бойко Борисов се похвали със снимка по бански: Какъв гларус бях!,08.04.2026 | 11:54 ч.,,36,Кметът на Симтили вече се възбуди от снимката.,анонимен,преди 3 дни,10,2,2026-04-11 17:09:51
dnes.bg,https://www.dnes.bg/c/604-izbori-2026?page=2,https://www.dnes.bg/a/1-bulgaria/717260-boyko-borisov-se-pohvali-sas-snimka-po-banski-kakav-glarus-byah,Бойко Борисов се похвали със снимка по бански: Какъв гларус бях!,08.04.2026 | 11:54 ч.,,35,Отврат,Хичо,преди 3 дни,11,3,2026-04-11 17:09:51
dnes.bg,https://www.dnes.bg/c/604-izbori-2026?page=2,https://www.dnes.bg/a/1-bulgaria/717260-boyko-borisov-se-pohvali-sas-snimka-po-banski-kakav-glarus-byah,Бойко Борисов се похвали със снимка по бански: Какъв гларус бях!,08.04.2026 | 11:54 ч.,,34,"За политик не става, но ако беше в шоубизнеса, втори като него нямаше да има.",Бай Сто,преди 3 дни,9,2,2026-04-11 17:09:51
dnes.bg,https://www.dnes.bg/c/604-izbori-2026?page=2,https://www.dnes.bg/a/1-bulgaria/717260-boyko-borisov-se-pohvali-sas-snimka-po-banski-kakav-glarus-byah,Бойко Борисов се похвали със снимка по бански: Какъв гларус бях!,08.04.2026 | 11:54 ч.,,33,"До: анонимен34Да бе, всеки става и ляга с баш Прогресора и коалицията Прогрес - Боташ!",Морския,преди 3 дни,5,4,2026-04-11 17:09:51
dnes.bg,https://www.dnes.bg/c/604-izbori-2026?page=2,https://www.dnes.bg/a/1-bulgaria/717260-boyko-borisov-se-pohvali-sas-snimka-po-banski-kakav-glarus-byah,Бойко Борисов се похвали със снимка по бански: Какъв гларус бях!,08.04.2026 | 11:54 ч.,,32,"Радев е истински, докато тоя е плод на миССирките - вече 25 години, откакто Доган и Царя го лансираха в политиката.",до 10,преди 3 дни,4,6,2026-04-11 17:09:54
dnes.bg,https://www.dnes.bg/c/604-izbori-2026?page=2,https://www.dnes.bg/a/1-bulgaria/717260-boyko-borisov-se-pohvali-sas-snimka-po-banski-kakav-glarus-byah,Бойко Борисов се похвали със снимка по бански: Какъв гларус бях!,08.04.2026 | 11:54 ч.,,31,"Заблуждава се Баце, няма такива дебели гларуси! Повече на пуяк прилича!",Морския,преди 3 дни,11,1,2026-04-11 17:09:54
dnes.bg,https://www.dnes.bg/c/604-izbori-2026?page=2,https://www.dnes.bg/a/1-bulgaria/717260-boyko-borisov-se-pohvali-sas-snimka-po-banski-kakav-glarus-byah,Бойко Борисов се похвали със снимка по бански: Какъв гларус бях!,08.04.2026 | 11:54 ч.,,30,"До: хмммЯвно това е и целта на Бойко и на герб по някакъв начин да влязат, като водеща новина понеже се вижда, че всеки говори за Радев и прогресивна България.",анонимен,преди 3 дни,5,4,2026-04-11 17:09:54
dnes.bg,https://www.dnes.bg/c/604-izbori-2026?page=2,https://www.dnes.bg/a/1-bulgaria/717260-boyko-borisov-se-pohvali-sas-snimka-po-banski-kakav-glarus-byah,Бойко Борисов се похвали със снимка по бански: Какъв гларус бях!,08.04.2026 | 11:54 ч.,,29,"Сори,ала Радев е по хубав !",анонимен,преди 3 дни,7,2,2026-04-11 17:09:54
dnes.bg,https://www.dnes.bg/c/604-izbori-2026?page=2,https://www.dnes.bg/a/1-bulgaria/717260-boyko-borisov-se-pohvali-sas-snimka-po-banski-kakav-glarus-byah,Бойко Борисов се похвали със снимка по бански: Какъв гларус бях!,08.04.2026 | 11:54 ч.,,28,"За избирателите на герб да се подари календарче с тази снимка на Бойко.В следващото си гостуване ще се похвали с писалката си, както правеше Пищова, като беше жив.",анонимен,преди 3 дни,10,1,2026-04-11 17:09:54
dnes.bg,https://www.dnes.bg/c/604-izbori-2026?page=2,https://www.dnes.bg/a/1-bulgaria/717260-boyko-borisov-se-pohvali-sas-snimka-po-banski-kakav-glarus-byah,Бойко Борисов се похвали със снимка по бански: Какъв гларус бях!,08.04.2026 | 11:54 ч.,,27,"Браво Баце - истински Винету и по външност , и по интелект !",анонимен,преди 3 дни,10,1,2026-04-11 17:09:54
dnes.bg,https://www.dnes.bg/c/604-izbori-2026?page=2,https://www.dnes.bg/a/1-bulgaria/717260-boyko-borisov-se-pohvali-sas-snimka-po-banski-kakav-glarus-byah,Бойко Борисов се похвали със снимка по бански: Какъв гларус бях!,08.04.2026 | 11:54 ч.,,26,Вие сериозно ли като водеща новина нямате за друго какво да пишете в тази държава?,хммм,преди 3 дни,14,0,2026-04-11 17:09:54
dnes.bg,https://www.dnes.bg/c/604-izbori-2026?page=2,https://www.dnes.bg/a/1-bulgaria/717260-boyko-borisov-se-pohvali-sas-snimka-po-banski-kakav-glarus-byah,Бойко Борисов се похвали със снимка по бански: Какъв гларус бях!,08.04.2026 | 11:54 ч.,,25,Кметя на Симитли е харесал банския на Тиквата :))))),анонимен,преди 3 дни,12,2,2026-04-11 17:09:54
dnes.bg,https://www.dnes.bg/c/604-izbori-2026?page=2,https://www.dnes.bg/a/1-bulgaria/717260-boyko-borisov-se-pohvali-sas-snimka-po-banski-kakav-glarus-byah,Бойко Борисов се похвали със снимка по бански: Какъв гларус бях!,08.04.2026 | 11:54 ч.,,24,"Както и да погледнеш, по-добре ще изглежда в сравнение с Телото Мирчев и Пеньора-тенор Василев. Факт. Това пиша за хейтърите - няма значение кой как изглежда, а какво е построил за България. И това е факт- ментален.",анонимен,преди 3 дни,4,7,2026-04-11 17:09:54
dnes.bg,https://www.dnes.bg/c/604-izbori-2026?page=2,https://www.dnes.bg/a/1-bulgaria/717260-boyko-borisov-se-pohvali-sas-snimka-po-banski-kakav-glarus-byah,Бойко Борисов се похвали със снимка по бански: Какъв гларус бях!,08.04.2026 | 11:54 ч.,,23,Направо от Герб да направят едни постери с тази снимка и да ги разлепят по градовете и селата.,анонимен,преди 3 дни,10,3,2026-04-11 17:09:54
dnes.bg,https://www.dnes.bg/c/604-izbori-2026?page=2,https://www.dnes.bg/a/1-bulgaria/717260-boyko-borisov-se-pohvali-sas-snimka-po-banski-kakav-glarus-byah,Бойко Борисов се похвали със снимка по бански: Какъв гларус бях!,08.04.2026 | 11:54 ч.,,22,"Покажи си снимка с шлифера от 1992-година, бомбето, пистолета,все атрибути които ти донесоха по късно милионите евро,калъпи със злато,любовниците и всичко което ти гарантира един охолен живот.Много смелост трябва да имаш,за да застанеш пред обрулените ми сънародници и да продължиш да ги баламосваш.",анонимен,преди 3 дни,15,2,2026-04-11 17:09:57
dnes.bg,https://www.dnes.bg/c/604-izbori-2026?page=2,https://www.dnes.bg/a/1-bulgaria/717260-boyko-borisov-se-pohvali-sas-snimka-po-banski-kakav-glarus-byah,Бойко Борисов се похвали със снимка по бански: Какъв гларус бях!,08.04.2026 | 11:54 ч.,,21,"Имаме късмет, че не беше решил да се покаже в гол в ефир. Само не мога да разбера каква връзка с изборите има снимката му от плажа.",анонимен,преди 3 дни,14,1,2026-04-11 17:09:57
dnes.bg,https://www.dnes.bg/c/604-izbori-2026?page=2,https://www.dnes.bg/a/1-bulgaria/717260-boyko-borisov-se-pohvali-sas-snimka-po-banski-kakav-glarus-byah,Бойко Борисов се похвали със снимка по бански: Какъв гларус бях!,08.04.2026 | 11:54 ч.,,20,ако искаш и царевичака си сложи на плакат....,ай въри,преди 3 дни,10,3,2026-04-11 17:09:57
dnes.bg,https://www.dnes.bg/c/604-izbori-2026?page=2,https://www.dnes.bg/a/1-bulgaria/717260-boyko-borisov-se-pohvali-sas-snimka-po-banski-kakav-glarus-byah,Бойко Борисов се похвали със снимка по бански: Какъв гларус бях!,08.04.2026 | 11:54 ч.,,19,До: ДО Борисов и герп -демокрация това е ОКСИМОРОН !!!!!!!!!,янечко,преди 3 дни,7,5,2026-04-11 17:09:57
dnes.bg,https://www.dnes.bg/c/604-izbori-2026?page=2,https://www.dnes.bg/a/1-bulgaria/717260-boyko-borisov-se-pohvali-sas-snimka-po-banski-kakav-glarus-byah,Бойко Борисов се похвали със снимка по бански: Какъв гларус бях!,08.04.2026 | 11:54 ч.,,18,"До анонимен 13.= Със сигурност и всички анонимни са гейове, но не всички гейове са анонимни.",дезинтегратор,преди 3 дни,3,3,2026-04-11 17:09:57
dnes.bg,https://www.dnes.bg/c/604-izbori-2026?page=2,https://www.dnes.bg/a/1-bulgaria/717260-boyko-borisov-se-pohvali-sas-snimka-po-banski-kakav-glarus-byah,Бойко Борисов се похвали със снимка по бански: Какъв гларус бях!,08.04.2026 | 11:54 ч.,,17,До: ХахахаахОпределено не е останал гладен през годините си сега и преди.,анонимен,преди 3 дни,8,2,2026-04-11 17:09:57
dnes.bg,https://www.dnes.bg/c/604-izbori-2026?page=2,https://www.dnes.bg/a/1-bulgaria/717260-boyko-borisov-se-pohvali-sas-snimka-po-banski-kakav-glarus-byah,Бойко Борисов се похвали със снимка по бански: Какъв гларус бях!,08.04.2026 | 11:54 ч.,,16,Този няма ли да излиза в пенсия вече? Докога ще ни излага?,анонимен,преди 3 дни,18,1,2026-04-11 17:09:57
dnes.bg,https://www.dnes.bg/c/604-izbori-2026?page=2,https://www.dnes.bg/a/1-bulgaria/717260-boyko-borisov-se-pohvali-sas-snimka-po-banski-kakav-glarus-byah,Бойко Борисов се похвали със снимка по бански: Какъв гларус бях!,08.04.2026 | 11:54 ч.,,15,"Да облече истински бански - слипове или боксерки. Това са къси ***, които в Сащ мъжете ги използват, като бански.",анонимен,преди 3 дни,9,1,2026-04-11 17:09:57
dnes.bg,https://www.dnes.bg/c/604-izbori-2026?page=2,https://www.dnes.bg/a/1-bulgaria/717260-boyko-borisov-se-pohvali-sas-snimka-po-banski-kakav-glarus-byah,Бойко Борисов се похвали със снимка по бански: Какъв гларус бях!,08.04.2026 | 11:54 ч.,,14,За Борисов за Европа за демокроция,ДО,преди 3 дни,5,11,2026-04-11 17:09:57
dnes.bg,https://www.dnes.bg/c/604-izbori-2026?page=2,https://www.dnes.bg/a/1-bulgaria/717260-boyko-borisov-se-pohvali-sas-snimka-po-banski-kakav-glarus-byah,Бойко Борисов се похвали със снимка по бански: Какъв гларус бях!,08.04.2026 | 11:54 ч.,,13,"Чудя се кой е бил по-голям сексуален бомбардировач - Пеевски, или Борисов. Иначе са много елегантни и интелигентни и двамата",МЕРАКЛИЙКА,преди 3 дни,17,1,2026-04-11 17:09:57
dnes.bg,https://www.dnes.bg/c/604-izbori-2026?page=2,https://www.dnes.bg/a/1-bulgaria/717260-boyko-borisov-se-pohvali-sas-snimka-po-banski-kakav-glarus-byah,Бойко Борисов се похвали със снимка по бански: Какъв гларус бях!,08.04.2026 | 11:54 ч.,,12,"Аз пък ще се пусна топлес гола,наааа ч....джии",Нагазян,преди 3 дни,13,3,2026-04-11 17:10:00
dnes.bg,https://www.dnes.bg/c/604-izbori-2026?page=2,https://www.dnes.bg/a/1-bulgaria/717260-boyko-borisov-se-pohvali-sas-snimka-po-banski-kakav-glarus-byah,Бойко Борисов се похвали със снимка по бански: Какъв гларус бях!,08.04.2026 | 11:54 ч.,,11,не вси4ки гей ове са русофили но вси4ки рософили са гей ове,анонимен,преди 3 дни,5,10,2026-04-11 17:10:00
dnes.bg,https://www.dnes.bg/c/604-izbori-2026?page=2,https://www.dnes.bg/a/1-bulgaria/717260-boyko-borisov-se-pohvali-sas-snimka-po-banski-kakav-glarus-byah,Бойко Борисов се похвали със снимка по бански: Какъв гларус бях!,08.04.2026 | 11:54 ч.,,10,Изглежда като пингвин с килоти.,Хахахаах,преди 3 дни,27,3,2026-04-11 17:10:00
dnes.bg,https://www.dnes.bg/c/604-izbori-2026?page=2,https://www.dnes.bg/a/1-bulgaria/717260-boyko-borisov-se-pohvali-sas-snimka-po-banski-kakav-glarus-byah,Бойко Борисов се похвали със снимка по бански: Какъв гларус бях!,08.04.2026 | 11:54 ч.,,9,И Кокорчо цщяла нощ ще си мечтае и кокори като видя какъв лебед е Борисов.,дезинтегратор,преди 3 дни,13,4,2026-04-11 17:10:00
dnes.bg,https://www.dnes.bg/c/604-izbori-2026?page=2,https://www.dnes.bg/a/1-bulgaria/717260-boyko-borisov-se-pohvali-sas-snimka-po-banski-kakav-glarus-byah,Бойко Борисов се похвали със снимка по бански: Какъв гларус бях!,08.04.2026 | 11:54 ч.,,8,До: Знае Защо пък да е прекалено? Как с умиление гледахте Радев гол до кръста или правещ физзарядка. Или това беше ОК и даже наслада за очите?,До 2,преди 3 дни,6,10,2026-04-11 17:10:00
dnes.bg,https://www.dnes.bg/c/604-izbori-2026?page=2,https://www.dnes.bg/a/1-bulgaria/717260-boyko-borisov-se-pohvali-sas-snimka-po-banski-kakav-glarus-byah,Бойко Борисов се похвали със снимка по бански: Какъв гларус бях!,08.04.2026 | 11:54 ч.,,7,Що си дигнал гащите до пъпа бе,анонимен,преди 3 дни,23,1,2026-04-11 17:10:00
dnes.bg,https://www.dnes.bg/c/604-izbori-2026?page=2,https://www.dnes.bg/a/1-bulgaria/717260-boyko-borisov-se-pohvali-sas-snimka-po-banski-kakav-glarus-byah,Бойко Борисов се похвали със снимка по бански: Какъв гларус бях!,08.04.2026 | 11:54 ч.,,6,"В родния ти град НЯМАТ право полицаите да те спират за проверка,още по-малко близо до родната ти къща ако си нафиркан и назобен,според Лойко.Лелеее-това същество 20г беше премиер...Да чакаме появата на *** Мууни",анонимен,преди 3 дни,12,4,2026-04-11 17:10:00
dnes.bg,https://www.dnes.bg/c/604-izbori-2026?page=2,https://www.dnes.bg/a/1-bulgaria/717260-boyko-borisov-se-pohvali-sas-snimka-po-banski-kakav-glarus-byah,Бойко Борисов се похвали със снимка по бански: Какъв гларус бях!,08.04.2026 | 11:54 ч.,,5,;)))) nov telefon si kupil diadkata,анонимен,преди 3 дни,7,1,2026-04-11 17:10:00
dnes.bg,https://www.dnes.bg/c/604-izbori-2026?page=2,https://www.dnes.bg/a/1-bulgaria/717260-boyko-borisov-se-pohvali-sas-snimka-po-banski-kakav-glarus-byah,Бойко Борисов се похвали със снимка по бански: Какъв гларус бях!,08.04.2026 | 11:54 ч.,,4,"Това е някаква криза на средната възраст (+) ли е? Путин и Радев се разголвали до кръст да покажат старческите си тела, Радев и коремни с набирания прави. Бойко сега демонстрира някаква снимка от Балканската война. Мъжките политици хептен вече изплискат легенЯ.",анонимен,преди 3 дни,17,7,2026-04-11 17:10:00
dnes.bg,https://www.dnes.bg/c/604-izbori-2026?page=2,https://www.dnes.bg/a/1-bulgaria/717260-boyko-borisov-se-pohvali-sas-snimka-po-banski-kakav-glarus-byah,Бойко Борисов се похвали със снимка по бански: Какъв гларус бях!,08.04.2026 | 11:54 ч.,,3,Голям гларус - с увиснали гърди и шкембе до кръста. И с женски крака,анонимен,преди 3 дни,23,5,2026-04-11 17:10:00
dnes.bg,https://www.dnes.bg/c/604-izbori-2026?page=2,https://www.dnes.bg/a/1-bulgaria/717260-boyko-borisov-se-pohvali-sas-snimka-po-banski-kakav-glarus-byah,Бойко Борисов се похвали със снимка по бански: Какъв гларус бях!,08.04.2026 | 11:54 ч.,,2,1. 3СВ 2. Бойко ти си голяма работа! 3. Трябва да имаш повече доверие и в мен обаче :) 4. Не се тормози че чак да не спиш :),Войводата,преди 3 дни,9,4,2026-04-11 17:10:02
dnes.bg,https://www.dnes.bg/c/604-izbori-2026?page=2,https://www.dnes.bg/a/1-bulgaria/717260-boyko-borisov-se-pohvali-sas-snimka-po-banski-kakav-glarus-byah,Бойко Борисов се похвали със снимка по бански: Какъв гларус бях!,08.04.2026 | 11:54 ч.,,1,"се че е т ъ п а k, но това е прекалено!",Знае,преди 3 дни,21,4,2026-04-11 17:10:02
dnes.bg,https://www.dnes.bg/c/604-izbori-2026?page=2,https://www.dnes.bg/a/1-bulgaria/717258-krum-zarkov-nyama-da-se-primirim-s-obezlyudyavaneto-i-obezlichavaneto,Крум Зарков : Няма да се примирим с обезлюдяването и обезличаването,08.04.2026 | 11:45 ч.,,17,"Точно защото комунистите са привилегировали общото пред частното, колективното пред личната инициатива, силата и правото на колективната цел пред личната, при което идентичността се обезличава, затова сега държавата е най-бедна и най- нещастна в Европа. Между другото и талантливи поети и ярки личности като П.Дубарова затова се самоубиха.",анонимен,преди 2 дни,0,0,2026-04-11 17:10:05
dnes.bg,https://www.dnes.bg/c/604-izbori-2026?page=2,https://www.dnes.bg/a/1-bulgaria/717258-krum-zarkov-nyama-da-se-primirim-s-obezlyudyavaneto-i-obezlichavaneto,Крум Зарков : Няма да се примирим с обезлюдяването и обезличаването,08.04.2026 | 11:45 ч.,,16,И няма да допуснем котки да се шматкат насам-натам из махалата!,анонимен,преди 3 дни,0,0,2026-04-11 17:10:05
dnes.bg,https://www.dnes.bg/c/604-izbori-2026?page=2,https://www.dnes.bg/a/1-bulgaria/717258-krum-zarkov-nyama-da-se-primirim-s-obezlyudyavaneto-i-obezlichavaneto,Крум Зарков : Няма да се примирим с обезлюдяването и обезличаването,08.04.2026 | 11:45 ч.,,15,"А обществото не може да се примири с това, че убиец на животни е начело на БСП.Ужас.Зад борда!",анонимен,преди 3 дни,4,1,2026-04-11 17:10:05
dnes.bg,https://www.dnes.bg/c/604-izbori-2026?page=2,https://www.dnes.bg/a/1-bulgaria/717258-krum-zarkov-nyama-da-se-primirim-s-obezlyudyavaneto-i-obezlichavaneto,Крум Зарков : Няма да се примирим с обезлюдяването и обезличаването,08.04.2026 | 11:45 ч.,,14,РУСКО-ТУРСКИ Ч...И...Ф...У...Т...!,Веселинъ7112136860,преди 3 дни,5,1,2026-04-11 17:10:05
dnes.bg,https://www.dnes.bg/c/604-izbori-2026?page=2,https://www.dnes.bg/a/1-bulgaria/717258-krum-zarkov-nyama-da-se-primirim-s-obezlyudyavaneto-i-obezlichavaneto,Крум Зарков : Няма да се примирим с обезлюдяването и обезличаването,08.04.2026 | 11:45 ч.,,13,"Тоя. руско -турски евреин мяза на същински арабин,а евреите са все пак араби. Загледате се и ще откриете,че фейса му напомня онзи на Кадафи педофила.",Веселинъ7112136860,преди 3 дни,2,1,2026-04-11 17:10:05
dnes.bg,https://www.dnes.bg/c/604-izbori-2026?page=2,https://www.dnes.bg/a/1-bulgaria/717258-krum-zarkov-nyama-da-se-primirim-s-obezlyudyavaneto-i-obezlichavaneto,Крум Зарков : Няма да се примирим с обезлюдяването и обезличаването,08.04.2026 | 11:45 ч.,,12,"с едно изречение крумчо ни казва : партията ще построи заводи , училища , мостове и деца ше ви направи :) за да спре обезлюдяването . партийни думи от времето на комунизма са тва",та така,преди 3 дни,9,1,2026-04-11 17:10:05
dnes.bg,https://www.dnes.bg/c/604-izbori-2026?page=2,https://www.dnes.bg/a/1-bulgaria/717258-krum-zarkov-nyama-da-se-primirim-s-obezlyudyavaneto-i-obezlichavaneto,Крум Зарков : Няма да се примирим с обезлюдяването и обезличаването,08.04.2026 | 11:45 ч.,,11,"партията дето открадна парите на българите , унищожи работещи предприятия , приватизира всичко което поиска , назначи милионери , остави без работа половин България от което последва обезлюдяване и обезличаване на цели региони ся ни обяснява как щели да се борят против това . тоя е по голям циник от корнелия , мая , станишев и подобни взети заедно .",деди ви,преди 3 дни,11,1,2026-04-11 17:10:05
dnes.bg,https://www.dnes.bg/c/604-izbori-2026?page=2,https://www.dnes.bg/a/1-bulgaria/717258-krum-zarkov-nyama-da-se-primirim-s-obezlyudyavaneto-i-obezlichavaneto,Крум Зарков : Няма да се примирим с обезлюдяването и обезличаването,08.04.2026 | 11:45 ч.,,10,"Круме, виж си листите пълни с агенти на ДС и една нагла прокурорка газеща закона за пътищата заплашвайки хората, а ти си я сложил да води листата в Русе.",Факт,преди 3 дни,10,1,2026-04-11 17:10:05
dnes.bg,https://www.dnes.bg/c/604-izbori-2026?page=2,https://www.dnes.bg/a/1-bulgaria/717258-krum-zarkov-nyama-da-se-primirim-s-obezlyudyavaneto-i-obezlichavaneto,Крум Зарков : Няма да се примирим с обезлюдяването и обезличаването,08.04.2026 | 11:45 ч.,,9,"кой те пита с кво ще се примириш, бе шуут?",анонимен,преди 3 дни,6,1,2026-04-11 17:10:05
dnes.bg,https://www.dnes.bg/c/604-izbori-2026?page=2,https://www.dnes.bg/a/1-bulgaria/717258-krum-zarkov-nyama-da-se-primirim-s-obezlyudyavaneto-i-obezlichavaneto,Крум Зарков : Няма да се примирим с обезлюдяването и обезличаването,08.04.2026 | 11:45 ч.,,8,"Крумчо,хайде тези брътвежи ги запази за себе си и изпиления си мозък.Нямало да се примири-и какво ще направиш?!Може би ритуално сепуко?На такава наглост са способни само социалистчетата(комунистчетата) ,като цялата ви селска шайка.Този път ще си влезете в землянките,откъдето сте се пръкнали и излизане оттам няма да има!Пак листите ви са пълни с ченгета и не се научихте,че тая няма да я бъде вече!",Ivan,преди 3 дни,7,1,2026-04-11 17:10:05
dnes.bg,https://www.dnes.bg/c/604-izbori-2026?page=2,https://www.dnes.bg/a/1-bulgaria/717258-krum-zarkov-nyama-da-se-primirim-s-obezlyudyavaneto-i-obezlichavaneto,Крум Зарков : Няма да се примирим с обезлюдяването и обезличаването,08.04.2026 | 11:45 ч.,,7,"До: анонимен_6 Партийна субсидия се полага за резултат на изборите над 1 %. Затова кyцo, kьopaвo и cakamo се натиска.",анонимен,преди 3 дни,7,1,2026-04-11 17:10:10
dnes.bg,https://www.dnes.bg/c/604-izbori-2026?page=2,https://www.dnes.bg/a/1-bulgaria/717258-krum-zarkov-nyama-da-se-primirim-s-obezlyudyavaneto-i-obezlichavaneto,Крум Зарков : Няма да се примирим с обезлюдяването и обезличаването,08.04.2026 | 11:45 ч.,,6,"Първата диверсионна операция на територията на НАТОе взривът от 2011 година в Ловни дол, България, тя е дело на подразделението на ГРУ 29155. След като се убеждават в своята безнаказаност, от подразделението на Аверянов продължават операциите си в България и Чехия, което довежда до значителни жертви сред цивилното население.По-малко от година след Ловни дол е взривен още един склад за боеприпаси в България. На 5 юни 2012 година на складовете, намиращи се недалеч от град Стралджа, ...",анонимен,преди 3 дни,2,2,2026-04-11 17:10:10
dnes.bg,https://www.dnes.bg/c/604-izbori-2026?page=2,https://www.dnes.bg/a/1-bulgaria/717258-krum-zarkov-nyama-da-se-primirim-s-obezlyudyavaneto-i-obezlichavaneto,Крум Зарков : Няма да се примирим с обезлюдяването и обезличаването,08.04.2026 | 11:45 ч.,,5,Крумчо шумкарина - Партийна субсидия сънува :)))))),анонимен,преди 3 дни,7,0,2026-04-11 17:10:10
dnes.bg,https://www.dnes.bg/c/604-izbori-2026?page=2,https://www.dnes.bg/a/1-bulgaria/717258-krum-zarkov-nyama-da-se-primirim-s-obezlyudyavaneto-i-obezlichavaneto,Крум Зарков : Няма да се примирим с обезлюдяването и обезличаването,08.04.2026 | 11:45 ч.,,4,"На 20 април ще е опелото на престъпната столетница, избила хиляди българи и слугувала на кремълските сатрапи!",анонимен,преди 3 дни,11,1,2026-04-11 17:10:10
dnes.bg,https://www.dnes.bg/c/604-izbori-2026?page=2,https://www.dnes.bg/a/1-bulgaria/717258-krum-zarkov-nyama-da-se-primirim-s-obezlyudyavaneto-i-obezlichavaneto,Крум Зарков : Няма да се примирим с обезлюдяването и обезличаването,08.04.2026 | 11:45 ч.,,3,"Ко значи няма да се примири? И аз още не мога да се примиря, че спряха ""пулсиращи ноти"" и ""музикална стълбица"" ама тва е положението.",Бай Спас,преди 3 дни,13,0,2026-04-11 17:10:10
dnes.bg,https://www.dnes.bg/c/604-izbori-2026?page=2,https://www.dnes.bg/a/1-bulgaria/717258-krum-zarkov-nyama-da-se-primirim-s-obezlyudyavaneto-i-obezlichavaneto,Крум Зарков : Няма да се примирим с обезлюдяването и обезличаването,08.04.2026 | 11:45 ч.,,2,бсп итн и възраждане трите трупа дето няма да видят парламент,анонимен,преди 3 дни,10,3,2026-04-11 17:10:10
dnes.bg,https://www.dnes.bg/c/604-izbori-2026?page=2,https://www.dnes.bg/a/1-bulgaria/717258-krum-zarkov-nyama-da-se-primirim-s-obezlyudyavaneto-i-obezlichavaneto,Крум Зарков : Няма да се примирим с обезлюдяването и обезличаването,08.04.2026 | 11:45 ч.,,1,За злините в България са отговорни БКП и ДС и техните мутации - най-вече ДПС и ГЕРБ.,анонимен,преди 3 дни,11,1,2026-04-11 17:10:10
dnes.bg,https://www.dnes.bg/c/604-izbori-2026?page=2,https://www.dnes.bg/a/1-bulgaria/717253-radev-pravitelstvoto-otkrito-predprie-kampaniya-sreshtu-izborite,Радев: Правителството открито предприе кампания срещу изборите,08.04.2026 | 11:03 ч.,,147,"Другарю Радев, обичам ви !Ще направя всичко което поискате от мен.Винаги съм готов !",vencivaleri1951,преди 1 ден,0,0,2026-04-11 17:10:12
dnes.bg,https://www.dnes.bg/c/604-izbori-2026?page=2,https://www.dnes.bg/a/1-bulgaria/717253-radev-pravitelstvoto-otkrito-predprie-kampaniya-sreshtu-izborite,Радев: Правителството открито предприе кампания срещу изборите,08.04.2026 | 11:03 ч.,,146,"ГЮРО,ГЮРО ЗА МАНИПУЛАЦИИТЕ НЕ ЗНАМ,АЛА ГЛЕДАЙ ГЛАСУВАНЕТО ДА ВЪРВИ НОРМАЛНО ДА НЕ ТИ МАНИПУЛИРАМ КРАТУНАРСТВОТО!!!... И ГЛЕДАЙ ДА НЕ ПРОДАДЕШ ОСТРОВ СВЕТИ КИРИК И ЮЛИТА КРАЙ СОЗОПОЛ!!!...",анонимен,преди 1 ден,1,1,2026-04-11 17:10:12
dnes.bg,https://www.dnes.bg/c/604-izbori-2026?page=2,https://www.dnes.bg/a/1-bulgaria/717253-radev-pravitelstvoto-otkrito-predprie-kampaniya-sreshtu-izborite,Радев: Правителството открито предприе кампания срещу изборите,08.04.2026 | 11:03 ч.,,145,"Аз за Радев няма да гласувам ,ако ще и ситно влашко да играе ,не му вярвам.",северозапад,преди 2 дни,5,0,2026-04-11 17:10:12
dnes.bg,https://www.dnes.bg/c/604-izbori-2026?page=2,https://www.dnes.bg/a/1-bulgaria/717253-radev-pravitelstvoto-otkrito-predprie-kampaniya-sreshtu-izborite,Радев: Правителството открито предприе кампания срещу изборите,08.04.2026 | 11:03 ч.,,144,"Радев води червената мафия, но Путин и Орбан не и помагат в лъжите и безсмислините послания. Кой иска Радев . . . Кой иска Радев и червената мафия. Пак ли ще се борим да сваляме болшевики от власт! Е стига вече!",Пак,преди 2 дни,4,1,2026-04-11 17:10:12
dnes.bg,https://www.dnes.bg/c/604-izbori-2026?page=2,https://www.dnes.bg/a/1-bulgaria/717253-radev-pravitelstvoto-otkrito-predprie-kampaniya-sreshtu-izborite,Радев: Правителството открито предприе кампания срещу изборите,08.04.2026 | 11:03 ч.,,143,До: НЕ НА РУМЕН-До къде стигна костюмирания президент! По селца и градчета се моли за гласове!,анонимен,преди 2 дни,9,1,2026-04-11 17:10:12
dnes.bg,https://www.dnes.bg/c/604-izbori-2026?page=2,https://www.dnes.bg/a/1-bulgaria/717253-radev-pravitelstvoto-otkrito-predprie-kampaniya-sreshtu-izborite,Радев: Правителството открито предприе кампания срещу изборите,08.04.2026 | 11:03 ч.,,142,"С това искане признаваме,че сами не можем да се справим.Не е ли обидно?",Анонимен,преди 2 дни,4,1,2026-04-11 17:10:12
dnes.bg,https://www.dnes.bg/c/604-izbori-2026?page=2,https://www.dnes.bg/a/1-bulgaria/717253-radev-pravitelstvoto-otkrito-predprie-kampaniya-sreshtu-izborite,Радев: Правителството открито предприе кампания срещу изборите,08.04.2026 | 11:03 ч.,,141,Партия ПБ - Полит Бюро,анонимен,преди 2 дни,17,3,2026-04-11 17:10:12
dnes.bg,https://www.dnes.bg/c/604-izbori-2026?page=2,https://www.dnes.bg/a/1-bulgaria/717253-radev-pravitelstvoto-otkrito-predprie-kampaniya-sreshtu-izborite,Радев: Правителството открито предприе кампания срещу изборите,08.04.2026 | 11:03 ч.,,140,"Тоя па ,няма ,няма и се обади от някъде ,изтряска някаква глупост и се скрие. И винаги костюмиран?! Още си мисли ,че президент ,?!Е да ,ама не!",анонимен,преди 2 дни,25,8,2026-04-11 17:10:12
dnes.bg,https://www.dnes.bg/c/604-izbori-2026?page=2,https://www.dnes.bg/a/1-bulgaria/717253-radev-pravitelstvoto-otkrito-predprie-kampaniya-sreshtu-izborite,Радев: Правителството открито предприе кампания срещу изборите,08.04.2026 | 11:03 ч.,,139,"До: Liberator 117 Грешиш жестоко. Коментарът, който критикуваш, със сигурност не го е писал привърженик на ГЕРБ. Да се пишат откровени лъжи и тежки манипулации по темите на деня е запазен патентн на други партии. ГЕРБ няма нужда да го прави - тя не спасява панически спихнал рейтинг. Факт!",анонимен,преди 2 дни,12,5,2026-04-11 17:10:12
dnes.bg,https://www.dnes.bg/c/604-izbori-2026?page=2,https://www.dnes.bg/a/1-bulgaria/717253-radev-pravitelstvoto-otkrito-predprie-kampaniya-sreshtu-izborite,Радев: Правителството открито предприе кампания срещу изборите,08.04.2026 | 11:03 ч.,,138,"Рундела реве те така, те са такива онакива, а ние само знаем кои са му спонсорите и колко се изръсиха за платените му протести- а той- нищо- 0...знаем и за ""изключителният"" договор БОТАШ и за милиардите ей така подарени на Турция за 13 г- та колко милиона прибра рундела комисионна?",анонимен,преди 2 дни,26,9,2026-04-11 17:10:12
dnes.bg,https://www.dnes.bg/c/604-izbori-2026?page=2,https://www.dnes.bg/a/1-bulgaria/717253-radev-pravitelstvoto-otkrito-predprie-kampaniya-sreshtu-izborite,Радев: Правителството открито предприе кампания срещу изборите,08.04.2026 | 11:03 ч.,,137,"Кога си ги избра не рева. Ама така е, като се състезавате с ПП-ДБ, кой е по-голям шарлатанин. Не разбра ли, че ще те прекарат :)",Xa-xa,преди 2 дни,16,4,2026-04-11 17:10:14
dnes.bg,https://www.dnes.bg/c/604-izbori-2026?page=2,https://www.dnes.bg/a/1-bulgaria/717253-radev-pravitelstvoto-otkrito-predprie-kampaniya-sreshtu-izborite,Радев: Правителството открито предприе кампания срещу изборите,08.04.2026 | 11:03 ч.,,136,тоя със всяка негова поява и изказване става все по смешен и е жалка картинка,факт,преди 2 дни,31,8,2026-04-11 17:10:14
dnes.bg,https://www.dnes.bg/c/604-izbori-2026?page=2,https://www.dnes.bg/a/1-bulgaria/717253-radev-pravitelstvoto-otkrito-predprie-kampaniya-sreshtu-izborite,Радев: Правителството открито предприе кампания срещу изборите,08.04.2026 | 11:03 ч.,,135,поради липса на посещаемост прогресиста си води дежурни клакьори на всякъде с него :),забелязано в Българи,преди 2 дни,24,7,2026-04-11 17:10:14
dnes.bg,https://www.dnes.bg/c/604-izbori-2026?page=2,https://www.dnes.bg/a/1-bulgaria/717253-radev-pravitelstvoto-otkrito-predprie-kampaniya-sreshtu-izborite,Радев: Правителството открито предприе кампания срещу изборите,08.04.2026 | 11:03 ч.,,134,"най-скъпата предизборна кампания е на тоя лъжлив популист, от дарения....",анонимен,преди 2 дни,27,5,2026-04-11 17:10:14
dnes.bg,https://www.dnes.bg/c/604-izbori-2026?page=2,https://www.dnes.bg/a/1-bulgaria/717253-radev-pravitelstvoto-otkrito-predprie-kampaniya-sreshtu-izborite,Радев: Правителството открито предприе кампания срещу изборите,08.04.2026 | 11:03 ч.,,133,"Със шарлатански финтове вълната ""Радев"" не се спира.Вълната иде и набира сила.Малко им остана на Гюро и дружинка да си поиграят на премиер и министри.",Алекс,преди 2 дни,9,24,2026-04-11 17:10:14
dnes.bg,https://www.dnes.bg/c/604-izbori-2026?page=2,https://www.dnes.bg/a/1-bulgaria/717253-radev-pravitelstvoto-otkrito-predprie-kampaniya-sreshtu-izborite,Радев: Правителството открито предприе кампания срещу изборите,08.04.2026 | 11:03 ч.,,132,Защо постоянно се обажда като черна станция,Резидента Продадев,преди 2 дни,20,6,2026-04-11 17:10:14
dnes.bg,https://www.dnes.bg/c/604-izbori-2026?page=2,https://www.dnes.bg/a/1-bulgaria/717253-radev-pravitelstvoto-otkrito-predprie-kampaniya-sreshtu-izborite,Радев: Правителството открито предприе кампания срещу изборите,08.04.2026 | 11:03 ч.,,131,и днес изгоряхме с още над 500 000 Eвро заради агент Боташ !!! И така всеки Божи ден до 2034 г.,"по-жалкото е че,",преди 2 дни,28,7,2026-04-11 17:10:14
dnes.bg,https://www.dnes.bg/c/604-izbori-2026?page=2,https://www.dnes.bg/a/1-bulgaria/717253-radev-pravitelstvoto-otkrito-predprie-kampaniya-sreshtu-izborite,Радев: Правителството открито предприе кампания срещу изборите,08.04.2026 | 11:03 ч.,,130,Радев да се извини за глупостта да харчи пари за оня пилон. И не само че ги похарчи ами това нещо изисква пари за поддръжка което значи дългосрочно разхищаване на пари на вятъра буквално.,анонимен,преди 2 дни,20,5,2026-04-11 17:10:14
dnes.bg,https://www.dnes.bg/c/604-izbori-2026?page=2,https://www.dnes.bg/a/1-bulgaria/717253-radev-pravitelstvoto-otkrito-predprie-kampaniya-sreshtu-izborite,Радев: Правителството открито предприе кампания срещу изборите,08.04.2026 | 11:03 ч.,,129,"Радев е представител на комунизма. Бивш комунис няма. 1.02.Ден на жертвите от комунизма. Само издадените смъртни присъди от Народният съд е 2730 но броя на жертвите е по-голям, Само убитите без съд и присъда по най-консервативна оценка е над 6000 но с безследно изчезналите числото надхвърля 26000",анонимен,преди 2 дни,23,9,2026-04-11 17:10:14
dnes.bg,https://www.dnes.bg/c/604-izbori-2026?page=2,https://www.dnes.bg/a/1-bulgaria/717253-radev-pravitelstvoto-otkrito-predprie-kampaniya-sreshtu-izborite,Радев: Правителството открито предприе кампания срещу изборите,08.04.2026 | 11:03 ч.,,128,"И кой обедини ""спасителя"" около себе си? Най-тежката комунистическа номенклатура и отломките от разбитата гемия на ДС. И точно тези които съсипаха България с комунистическата си ретроградна утопия днес ще ни спасяват?!? Трябва да си луд за да се вържеш отново на тая nacмина.",анонимен,преди 2 дни,22,3,2026-04-11 17:10:14
dnes.bg,https://www.dnes.bg/c/604-izbori-2026?page=2,https://www.dnes.bg/a/1-bulgaria/717253-radev-pravitelstvoto-otkrito-predprie-kampaniya-sreshtu-izborite,Радев: Правителството открито предприе кампания срещу изборите,08.04.2026 | 11:03 ч.,,127,"До: Аноним 125Нищо това което казваш не са го заснели, щяха да го пуснат до сега. Казаха друго . За високоинтелектуални като тях са сасегнали интереси и са ликвидирани за предопреждение да не се пречи",до 125,преди 2 дни,1,1,2026-04-11 17:10:18
dnes.bg,https://www.dnes.bg/c/604-izbori-2026?page=2,https://www.dnes.bg/a/1-bulgaria/717253-radev-pravitelstvoto-otkrito-predprie-kampaniya-sreshtu-izborite,Радев: Правителството открито предприе кампания срещу изборите,08.04.2026 | 11:03 ч.,,126,"Годината е 1916, а думите са на бившият генерал от КГБ и отговорник за политиката на Москва на Балканите Леонит Решетников.В интервю през ноември за Г. Коритаров по TV+ той ракрива, че кандидатурата на току-що избраният за президент на България за първи мандат Румен Радев е била консултирана и обсъждана с него от соцлидер К.Нинова на среща през лятото в София. Няколко месеца преди пилота да бъде номиниран за поста на държавен глава от левицата. Решетников до скоро бе шев на Института за стратеги",истината,преди 2 дни,11,1,2026-04-11 17:10:18
dnes.bg,https://www.dnes.bg/c/604-izbori-2026?page=2,https://www.dnes.bg/a/1-bulgaria/717253-radev-pravitelstvoto-otkrito-predprie-kampaniya-sreshtu-izborite,Радев: Правителството открито предприе кампания срещу изборите,08.04.2026 | 11:03 ч.,,125,ИМА КАМЕРИ ЗАСНЕЛИ СА КАК ТРИМАТА СЕ САМОУБИВАТ ДА ЗНАЕТЕ ИЗВРАТЕНЯЦИ,Аноним,преди 2 дни,6,6,2026-04-11 17:10:18
dnes.bg,https://www.dnes.bg/c/604-izbori-2026?page=2,https://www.dnes.bg/a/1-bulgaria/717253-radev-pravitelstvoto-otkrito-predprie-kampaniya-sreshtu-izborite,Радев: Правителството открито предприе кампания срещу изборите,08.04.2026 | 11:03 ч.,,124,РАДЕВ НАЗНАЧИ ГЮРОВИТЕ СЕГА КАКЪВ Е ТОЗИ ТЕАТЪР ЛЪЖИ НАВСЯКЪДЕ И ЗА ЛЪЖИ ОМРАЗА ЗАБЛУДИ НЯКОИ СТАВАТ МИЛИОНЕРИ КАТО ИМА ПРОСТАЦИ ДА ГЛАСУВАТ ЗА ТЕЗИ ЛЪЖЦИ,Аноним,преди 2 дни,10,3,2026-04-11 17:10:18
dnes.bg,https://www.dnes.bg/c/604-izbori-2026?page=2,https://www.dnes.bg/a/1-bulgaria/717253-radev-pravitelstvoto-otkrito-predprie-kampaniya-sreshtu-izborite,Радев: Правителството открито предприе кампания срещу изборите,08.04.2026 | 11:03 ч.,,123,ПЕТРОХАНСКИ ИЗВРАТЕНЯЦИ САМОУБИЛИ СА СЕ РИТУАЛНО ИМА КАМЕРИ ЗАСНЕЛИ СА ГИ,Аноним,преди 2 дни,6,7,2026-04-11 17:10:18
dnes.bg,https://www.dnes.bg/c/604-izbori-2026?page=2,https://www.dnes.bg/a/1-bulgaria/717253-radev-pravitelstvoto-otkrito-predprie-kampaniya-sreshtu-izborite,Радев: Правителството открито предприе кампания срещу изборите,08.04.2026 | 11:03 ч.,,122,"Отговор на 117 : Руснаци за руснаци: Тургенев: Руснака е най-големиият и най-наглият лъжец в целият свят. Булгаков: Не народ а скотове,***,дива орда,душегубци и злодеи. Според Подоляк Москва включва дори убийства в страни, които иска да дестабилизира. Нищо чудно(90%) Петрохан да е тяхно дело с отломките от разбитата гемия на ДС.А те имат последователи в ДАНС. Да се оплюят партиите една друга дискредитират се,отвлекат вниманието си и така Митрофанова купува изборите и лигитимират Радев",Отговор на 117,преди 3 дни,8,3,2026-04-11 17:10:18
dnes.bg,https://www.dnes.bg/c/604-izbori-2026?page=2,https://www.dnes.bg/a/1-bulgaria/717253-radev-pravitelstvoto-otkrito-predprie-kampaniya-sreshtu-izborite,Радев: Правителството открито предприе кампания срещу изборите,08.04.2026 | 11:03 ч.,,121,"Гласуваш за Радев получаваш Митрофанова, демек Путин. Това е причината голяма част от копейкажиите да изневерят на Възраждане хвърляйки бюлетина за Рундю",мазна фуражка,преди 3 дни,20,5,2026-04-11 17:10:18
dnes.bg,https://www.dnes.bg/c/604-izbori-2026?page=2,https://www.dnes.bg/a/1-bulgaria/717253-radev-pravitelstvoto-otkrito-predprie-kampaniya-sreshtu-izborite,Радев: Правителството открито предприе кампания срещу изборите,08.04.2026 | 11:03 ч.,,120,"А това ли е напънът да се сдърпат Радев и ПП-то, с идеи за нелегитимно правителство и Руска намеса в избори, да може да се коалира Радев с ББ после?",гениално,преди 3 дни,8,8,2026-04-11 17:10:18
dnes.bg,https://www.dnes.bg/c/604-izbori-2026?page=2,https://www.dnes.bg/a/1-bulgaria/717253-radev-pravitelstvoto-otkrito-predprie-kampaniya-sreshtu-izborite,Радев: Правителството открито предприе кампания срещу изборите,08.04.2026 | 11:03 ч.,,119,"тоя още ли се пени ? усеща жегата под краката си вече , изнервен е хахаха . преди няколко дни казваше : ами не знам всички казват че ще спечеля ,сега вече казва : искат да ми откраднат победата хахага . е кога спечели та вече тия крадат ? а и да спечелиш след няколко месеца си свален и то от тези дето ще гласуват за теб защото те гласуват за теб на инат на Борисов но бързо ще разберат грешката си",НЕ НА РУМЕН,преди 3 дни,21,3,2026-04-11 17:10:18
dnes.bg,https://www.dnes.bg/c/604-izbori-2026?page=2,https://www.dnes.bg/a/1-bulgaria/717253-radev-pravitelstvoto-otkrito-predprie-kampaniya-sreshtu-izborite,Радев: Правителството открито предприе кампания срещу изборите,08.04.2026 | 11:03 ч.,,118,ПП - Прогресивен Популизъм,анонимен,преди 3 дни,15,3,2026-04-11 17:10:18
dnes.bg,https://www.dnes.bg/c/604-izbori-2026?page=2,https://www.dnes.bg/a/1-bulgaria/717253-radev-pravitelstvoto-otkrito-predprie-kampaniya-sreshtu-izborite,Радев: Правителството открито предприе кампания срещу изборите,08.04.2026 | 11:03 ч.,,117,"до 106 Ти обвиняваш Русия за Петрохан? Няма по-нагли от Герб, сериозно, и ПП са им такъв екстеншън на гения........, а пък Радев иска да бъде непременно премиер и без ПП, как ще стане това само той си знае сигурно",Liberator,преди 3 дни,4,9,2026-04-11 17:10:21
dnes.bg,https://www.dnes.bg/c/604-izbori-2026?page=2,https://www.dnes.bg/a/1-bulgaria/717253-radev-pravitelstvoto-otkrito-predprie-kampaniya-sreshtu-izborite,Радев: Правителството открито предприе кампания срещу изборите,08.04.2026 | 11:03 ч.,,116,"Трагикомедия - Радев и Иво Оземпика се срещат "" случайно"" в Ботевград, останалото е трагично за разказване. Дори и не се крият. Правилната мафия са",анонимен,преди 3 дни,16,0,2026-04-11 17:10:21
dnes.bg,https://www.dnes.bg/c/604-izbori-2026?page=2,https://www.dnes.bg/a/1-bulgaria/717253-radev-pravitelstvoto-otkrito-predprie-kampaniya-sreshtu-izborite,Радев: Правителството открито предприе кампания срещу изборите,08.04.2026 | 11:03 ч.,,115,Кво се правиш на интересн бе?! Нали ти си го избра тоя нелигитимен премиер и всички министри са съгласувани с тебе..,bob,преди 3 дни,20,5,2026-04-11 17:10:21
dnes.bg,https://www.dnes.bg/c/604-izbori-2026?page=2,https://www.dnes.bg/a/1-bulgaria/717253-radev-pravitelstvoto-otkrito-predprie-kampaniya-sreshtu-izborite,Радев: Правителството открито предприе кампания срещу изборите,08.04.2026 | 11:03 ч.,,114,"Малииии петроханците се погледнали и видяли какво хубаво голямо кафяво петно имат на гащите! Мъкааа еуроатлантическа!!!!!! Големо реване, споко тепърва ще ревете още по звучно в канала, там ще се чува по добре , от ехото не че сте много! Гледам го вчера един убавец пепейски в книжарницата, викам си тоя нещо се объркал, че той книга не е прочитал ! Е прав бях оказа се че търсил речник на руски, те такива ми работи!",анонимен,преди 3 дни,10,4,2026-04-11 17:10:21
dnes.bg,https://www.dnes.bg/c/604-izbori-2026?page=2,https://www.dnes.bg/a/1-bulgaria/717253-radev-pravitelstvoto-otkrito-predprie-kampaniya-sreshtu-izborite,Радев: Правителството открито предприе кампания срещу изборите,08.04.2026 | 11:03 ч.,,113,"Магаретата се ритат. Генерал Борисов гледа отстрани и се залива от смях. Кой каквото сам си направи, никой друг не може. Далаверата изгърмя като спукан плондир още преди да се е състояла. Факт!",анонимен,преди 3 дни,19,5,2026-04-11 17:10:21
dnes.bg,https://www.dnes.bg/c/604-izbori-2026?page=2,https://www.dnes.bg/a/1-bulgaria/717253-radev-pravitelstvoto-otkrito-predprie-kampaniya-sreshtu-izborite,Радев: Правителството открито предприе кампания срещу изборите,08.04.2026 | 11:03 ч.,,112,"Радев пропиля два президентски мандата в обслужването на чужди за България интереси. Руски интереси! А имаше възможност да се превърне в лидер на българската нация. Да я води напред и нагоре. Вместо това от 2016 година сее в българското общество разделение и хаос, всява страхове от несъществуващи заплахи! Договорът му с Боташ налива всеки ден по 550 000 евро на турците. А с искането си за референдум за еврото за пореден път саботира интеграцията на страната в ЕС. Вреден и опасен за България",...,преди 3 дни,22,2,2026-04-11 17:10:21
dnes.bg,https://www.dnes.bg/c/604-izbori-2026?page=2,https://www.dnes.bg/a/1-bulgaria/717253-radev-pravitelstvoto-otkrito-predprie-kampaniya-sreshtu-izborite,Радев: Правителството открито предприе кампания срещу изборите,08.04.2026 | 11:03 ч.,,111,"КОЙ стои зад Радев -М и т р о ф а н о в а -; Г. Гергов ; "" Т И М "" те са описвани като групировка на организираната престъпност в дипломатически доклад от 2005 г. (Софиа ЦРУ), с обвинения за изнудване, рекет, бизнеса с проституция, трафик на наркотици и кражби на коли. Въпреки това, групировката упорито отрича тези обвинения и твърди, че с отбор с етични принципи. Спряганият за идеолог и покровител на "" Т И М "" шеф на Прокуратурата на въоръжените сили Варна полк. Николай Колев",анонимен,преди 3 дни,14,0,2026-04-11 17:10:21
dnes.bg,https://www.dnes.bg/c/604-izbori-2026?page=2,https://www.dnes.bg/a/1-bulgaria/717253-radev-pravitelstvoto-otkrito-predprie-kampaniya-sreshtu-izborite,Радев: Правителството открито предприе кампания срещу изборите,08.04.2026 | 11:03 ч.,,110,"Миличък, нали твоята секретарка го назначи това Педрохан правителство. Гкедай си жакузито в Анел и не мисли.",анонимен,преди 3 дни,12,6,2026-04-11 17:10:21
dnes.bg,https://www.dnes.bg/c/604-izbori-2026?page=2,https://www.dnes.bg/a/1-bulgaria/717253-radev-pravitelstvoto-otkrito-predprie-kampaniya-sreshtu-izborite,Радев: Правителството открито предприе кампания срещу изборите,08.04.2026 | 11:03 ч.,,109,Този дезертьор ще бъде измаменото камилче.,анонимен,преди 3 дни,10,3,2026-04-11 17:10:21
dnes.bg,https://www.dnes.bg/c/604-izbori-2026?page=2,https://www.dnes.bg/a/1-bulgaria/717253-radev-pravitelstvoto-otkrito-predprie-kampaniya-sreshtu-izborite,Радев: Правителството открито предприе кампания срещу изборите,08.04.2026 | 11:03 ч.,,108,"Нищо позитивно няма у Радев, абсолютно ниищо вдъхновяващо. Този човек е вперил поглед в миналото, а не в бъдещето. Той е хомо советикус, прочетен вестник, минало! На 19 април трябва да получи силен народен ритник по съветската му кра туна!",анонимен,преди 3 дни,20,4,2026-04-11 17:10:21
dnes.bg,https://www.dnes.bg/c/604-izbori-2026?page=2,https://www.dnes.bg/a/1-bulgaria/717253-radev-pravitelstvoto-otkrito-predprie-kampaniya-sreshtu-izborite,Радев: Правителството открито предприе кампания срещу изборите,08.04.2026 | 11:03 ч.,,107,"В момента Русия води хибридна война срещу България!!! Радев да бъде премиер на България. Да се върнем в блатото на москва,да сме пета колона, искат да ни откъснат от Европа.",истината,преди 3 дни,19,4,2026-04-11 17:10:23
dnes.bg,https://www.dnes.bg/c/604-izbori-2026?page=2,https://www.dnes.bg/a/1-bulgaria/717253-radev-pravitelstvoto-otkrito-predprie-kampaniya-sreshtu-izborite,Радев: Правителството открито предприе кампания срещу изборите,08.04.2026 | 11:03 ч.,,106,"руското мероприятие Радев. Според Подоляк Москва включва дори убийства в страни, които иска да дестабилизира. Нищо чудно(90%) Петрохан да е тяхно дело с отломките от разбитата гемия на ДС.А те имат последователи в ДАНС. Да се оплюят партиите една друга дискредитират се,отвлекат вниманието си и така Митрофанова купува изборите и лигитимират Радев Затова голямата му цел е да се позиционира като европеец в центъра и да отнеме от електората на ПП-ДБ Възраждане, БСП и др.. И той да стане Алтернатив",анонимен,преди 3 дни,12,6,2026-04-11 17:10:23
dnes.bg,https://www.dnes.bg/c/604-izbori-2026?page=2,https://www.dnes.bg/a/1-bulgaria/717253-radev-pravitelstvoto-otkrito-predprie-kampaniya-sreshtu-izborite,Радев: Правителството открито предприе кампания срещу изборите,08.04.2026 | 11:03 ч.,,105,"процентите на прогнозните резултати са на Митрофанова, която активно работи за мероприятието ""Радев"" на Москва. По точно Радев да ни върне в евразия под ботуша на москва, да сме им пета колона. ПП-ДБ нямат нищо общо с Радев. За разлика от него русофила,Радев, то ПП-ДБте са Евроатлантици за Европейски път на развитие на страната.",анонимен,преди 3 дни,14,4,2026-04-11 17:10:23
dnes.bg,https://www.dnes.bg/c/604-izbori-2026?page=2,https://www.dnes.bg/a/1-bulgaria/717253-radev-pravitelstvoto-otkrito-predprie-kampaniya-sreshtu-izborite,Радев: Правителството открито предприе кампания срещу изборите,08.04.2026 | 11:03 ч.,,104,"КОЙ стои зад Радев -М и т р о ф а н о в а -; Г. Гергов ; ю '*** ' те са описвани като групировка на организираната престъпност в дипломатически доклад от 2005 г. (Софиа ЦРУ), с обвинения за изнудване, рекет, бизнеса с проституция, трафик на наркотици и кражби на коли. Въпреки това, групировката упорито отрича тези обвинения и твърди, че с отбор с етични принципи. Спряганият за идеолог и покровител на '*** "" шеф на Прокуратурата на въоръжените сили Варна полк. Николай Колев",анонимен,преди 3 дни,9,2,2026-04-11 17:10:23
dnes.bg,https://www.dnes.bg/c/604-izbori-2026?page=2,https://www.dnes.bg/a/1-bulgaria/717253-radev-pravitelstvoto-otkrito-predprie-kampaniya-sreshtu-izborite,Радев: Правителството открито предприе кампания срещу изборите,08.04.2026 | 11:03 ч.,,103,"Велик , велик , колко да е велик руският народ ? Щом търпят такъв като Путин , който директно ги изпрати в средата на миналия век , колко да са велики ? Путин уверено им натриса северно-корейски стандарти , а стадото мълчаливо се носи за ""пушечно"" месо !",Истината,преди 3 дни,18,2,2026-04-11 17:10:23
dnes.bg,https://www.dnes.bg/c/604-izbori-2026?page=2,https://www.dnes.bg/a/1-bulgaria/717253-radev-pravitelstvoto-otkrito-predprie-kampaniya-sreshtu-izborite,Радев: Правителството открито предприе кампания срещу изборите,08.04.2026 | 11:03 ч.,,102,"До: ИстинатаОбичаме ви безплатно петрохански либерасти от ППДБ. Аз лично, съм на хиляди километри, но има много други в Българшя които не искат да живеят в режима но невнятниците от сектата ППДБ Пенрохан. И паметник на педофилията имате вече. Затова рейтингът ви пода със страшна сила.",Страх тресе педофилП,преди 3 дни,11,3,2026-04-11 17:10:23
dnes.bg,https://www.dnes.bg/c/604-izbori-2026?page=2,https://www.dnes.bg/a/1-bulgaria/717253-radev-pravitelstvoto-otkrito-predprie-kampaniya-sreshtu-izborite,Радев: Правителството открито предприе кампания срещу изборите,08.04.2026 | 11:03 ч.,,101,"По време на първата президентска кампания на Радев, предизборния му офис беше на ул. ""Лавеле"" 12 в софийското представителство на пловдивския панаир. Иначе Радев е много против олигарсите и няма нищо общо с Гегов.",до 96,преди 3 дни,14,1,2026-04-11 17:10:23
dnes.bg,https://www.dnes.bg/c/604-izbori-2026?page=2,https://www.dnes.bg/a/1-bulgaria/717253-radev-pravitelstvoto-otkrito-predprie-kampaniya-sreshtu-izborite,Радев: Правителството открито предприе кампания срещу изборите,08.04.2026 | 11:03 ч.,,100,"Давайте труолове! Гладен не се стои. Това издава безсилието на господарите ви. Боже колко жалки дребни хорица! Слава на великия руски народ, благодарение на който все още има България, има и българи! Слава на братушкките, че ни освободиха от турска асимилация, и от хитлеровите заводи за Seife!",Истината,преди 3 дни,2,16,2026-04-11 17:10:23
dnes.bg,https://www.dnes.bg/c/604-izbori-2026?page=2,https://www.dnes.bg/a/1-bulgaria/717253-radev-pravitelstvoto-otkrito-predprie-kampaniya-sreshtu-izborite,Радев: Правителството открито предприе кампания срещу изборите,08.04.2026 | 11:03 ч.,,99,"ало бившия , спри да се излагаш бе",Деси,преди 3 дни,13,1,2026-04-11 17:10:23
dnes.bg,https://www.dnes.bg/c/604-izbori-2026?page=2,https://www.dnes.bg/a/1-bulgaria/717253-radev-pravitelstvoto-otkrito-predprie-kampaniya-sreshtu-izborite,Радев: Правителството открито предприе кампания срещу изборите,08.04.2026 | 11:03 ч.,,98,"руменчо почна Нинова да копира : ще изгубим щот другите са виновни хахаха , после разбира се следва : изгубихме но победихме - пак от Нинова :)",смях,преди 3 дни,11,1,2026-04-11 17:10:23
dnes.bg,https://www.dnes.bg/c/604-izbori-2026?page=2,https://www.dnes.bg/a/1-bulgaria/717253-radev-pravitelstvoto-otkrito-predprie-kampaniya-sreshtu-izborite,Радев: Правителството открито предприе кампания срещу изборите,08.04.2026 | 11:03 ч.,,97,Гузен Радев негонен бяга.,анонимен,преди 3 дни,19,1,2026-04-11 17:10:25
dnes.bg,https://www.dnes.bg/c/604-izbori-2026?page=2,https://www.dnes.bg/a/1-bulgaria/717253-radev-pravitelstvoto-otkrito-predprie-kampaniya-sreshtu-izborite,Радев: Правителството открито предприе кампания срещу изборите,08.04.2026 | 11:03 ч.,,96,"Един от спонсорите на партията на Радев, пише DW, е червеният олигарх Г.Гергов -,почетен консул на Русия в България. Той не е ли олигарх или понеже финансира Радев, трябва да е бизнесмен? Олигарсите ми са по-добри от олигарсите ви - това трябва да е девизът на Радев , когато говори за борбата с мафията.",анонимен,преди 3 дни,12,2,2026-04-11 17:10:25
dnes.bg,https://www.dnes.bg/c/604-izbori-2026?page=2,https://www.dnes.bg/a/1-bulgaria/717253-radev-pravitelstvoto-otkrito-predprie-kampaniya-sreshtu-izborite,Радев: Правителството открито предприе кампания срещу изборите,08.04.2026 | 11:03 ч.,,95,"Хе хе! Труоловете от НПО- тата ги активираха на ""6""! Значи Радев наистина ще надхвърли 50+1%! Както писах и преди- Фашистката диктатура почва с техните си шаблони: ""Руска намеса"", после някакви митични ""супер хакери"", и т. нт. При нас обаче няма да мине това! Ако трябва да защитаваме избора и правата си- Ще ги защитаваме!!!",Истината,преди 3 дни,2,7,2026-04-11 17:10:25
dnes.bg,https://www.dnes.bg/c/604-izbori-2026?page=2,https://www.dnes.bg/a/1-bulgaria/717253-radev-pravitelstvoto-otkrito-predprie-kampaniya-sreshtu-izborite,Радев: Правителството открито предприе кампания срещу изборите,08.04.2026 | 11:03 ч.,,94,"Фелдфебелът явно реве , че кампанията му от Кремъл е под наблюдение! В какви ли зависимости е изпаднал , и с какви ли компромати го държат, че толкова първосигнално да пародира със своята сервилност? Жалка работа ! Кремъл отново са заложили на куц кон , макар и назобен !",анонимен,преди 3 дни,15,2,2026-04-11 17:10:25
dnes.bg,https://www.dnes.bg/c/604-izbori-2026?page=2,https://www.dnes.bg/a/1-bulgaria/717253-radev-pravitelstvoto-otkrito-predprie-kampaniya-sreshtu-izborite,Радев: Правителството открито предприе кампания срещу изборите,08.04.2026 | 11:03 ч.,,93,"Радев е много последователен - октомври 21-ва ""Петков е добър министър, ако имаше повече такива България щеше да е съвсем друга"", декември 22-ра - ""ПП са шарлатани"", февруари 26-та - ""Гюров е оптималния избор за министър-председател"" (същия Гюров дето 22-ра беше председател на парламентарната група на шарлатаните), април 26-та - ""правителството е нелегитимно"". Е кога да му вярваме?",анонимен,преди 3 дни,15,0,2026-04-11 17:10:25
dnes.bg,https://www.dnes.bg/c/604-izbori-2026?page=2,https://www.dnes.bg/a/1-bulgaria/717253-radev-pravitelstvoto-otkrito-predprie-kampaniya-sreshtu-izborite,Радев: Правителството открито предприе кампания срещу изборите,08.04.2026 | 11:03 ч.,,92,"Радев остров Хърг чии е по право на Иран, ама реалността показва, че е на Тръмп. Нали така мислиш?",Кан,преди 3 дни,8,1,2026-04-11 17:10:25
dnes.bg,https://www.dnes.bg/c/604-izbori-2026?page=2,https://www.dnes.bg/a/1-bulgaria/717253-radev-pravitelstvoto-otkrito-predprie-kampaniya-sreshtu-izborite,Радев: Правителството открито предприе кампания срещу изборите,08.04.2026 | 11:03 ч.,,91,"""ГОРСКИЯТ"", с който ни плашеха цяла година, явно е извън контрол. Да не би рейтингът му да е паднал до под 20% та е почнал да хленчи, че някой му краде изборите? Нали щеше да бори Боко и Шиши, вкупом с олигарсите. Докара борбата до яростни нападки срещу ПП-ДБ и ЕС. Нещо се случва в главата му, скоро ще разберем.",Халал Измекяри,преди 3 дни,12,3,2026-04-11 17:10:25
dnes.bg,https://www.dnes.bg/c/604-izbori-2026?page=2,https://www.dnes.bg/a/1-bulgaria/717253-radev-pravitelstvoto-otkrito-predprie-kampaniya-sreshtu-izborite,Радев: Правителството открито предприе кампания срещу изборите,08.04.2026 | 11:03 ч.,,90,"РадеФ води бългаpската и рускатa комунистически мафии, гладни и жадни за реванш. Все пак доста милиони не само от български олигарси , а и от Русия са вложени за завладяване на държавата ни.",made in Решетников,преди 3 дни,14,1,2026-04-11 17:10:25
dnes.bg,https://www.dnes.bg/c/604-izbori-2026?page=2,https://www.dnes.bg/a/1-bulgaria/717253-radev-pravitelstvoto-otkrito-predprie-kampaniya-sreshtu-izborite,Радев: Правителството открито предприе кампания срещу изборите,08.04.2026 | 11:03 ч.,,89,Правителството на Чюрапе разочаровало Чюрапе. Абе такива Гаааалоши като тези само кукловодите си избират,Порно на държава,преди 3 дни,10,1,2026-04-11 17:10:25
dnes.bg,https://www.dnes.bg/c/604-izbori-2026?page=2,https://www.dnes.bg/a/1-bulgaria/717253-radev-pravitelstvoto-otkrito-predprie-kampaniya-sreshtu-izborite,Радев: Правителството открито предприе кампания срещу изборите,08.04.2026 | 11:03 ч.,,88,"Радев е бесен, че от Брюксел ще следят за очакваните хибридни атаки от Кремъл и намесата им в изборите и че ще разкрият манипулациите овреме. Той още отсега е против някой в Европа да се бърка във вече уговорените планове между него и менторите си от Москва. Представям си стратегията му, ако не дай Боже, спечели изборите!",анонимен,преди 3 дни,14,4,2026-04-11 17:10:25
dnes.bg,https://www.dnes.bg/c/604-izbori-2026?page=2,https://www.dnes.bg/a/1-bulgaria/717253-radev-pravitelstvoto-otkrito-predprie-kampaniya-sreshtu-izborite,Радев: Правителството открито предприе кампания срещу изборите,08.04.2026 | 11:03 ч.,,87,Админа май се почерпи?,анонимен,преди 3 дни,0,0,2026-04-11 17:10:28
dnes.bg,https://www.dnes.bg/c/604-izbori-2026?page=2,https://www.dnes.bg/a/1-bulgaria/717253-radev-pravitelstvoto-otkrito-predprie-kampaniya-sreshtu-izborite,Радев: Правителството открито предприе кампания срещу изборите,08.04.2026 | 11:03 ч.,,86,",,Къде беше ,бе? "" - ,,Отидох да взема един душ!"" - ,,Веднага върни душа на мястото му!""",Военен,преди 3 дни,7,0,2026-04-11 17:10:28
dnes.bg,https://www.dnes.bg/c/604-izbori-2026?page=2,https://www.dnes.bg/a/1-bulgaria/717253-radev-pravitelstvoto-otkrito-predprie-kampaniya-sreshtu-izborite,Радев: Правителството открито предприе кампания срещу изборите,08.04.2026 | 11:03 ч.,,85,"Абе боташ ,то нали е твое това правитилство бе ! Хептен се оплете!",анонимен,преди 3 дни,16,4,2026-04-11 17:10:28
dnes.bg,https://www.dnes.bg/c/604-izbori-2026?page=2,https://www.dnes.bg/a/1-bulgaria/717253-radev-pravitelstvoto-otkrito-predprie-kampaniya-sreshtu-izborite,Радев: Правителството открито предприе кампания срещу изборите,08.04.2026 | 11:03 ч.,,84,"Освен русофил се оказа че е и предател. Радев по времето на Стефан Янев, когато се прие плана за еврозоната, тогава той нямаше проблем с еврото, беше против референдум по темата. Две години по-късно когато му разпореди митрофанова обаче той иска референдум.",анонимен,преди 3 дни,23,3,2026-04-11 17:10:28
dnes.bg,https://www.dnes.bg/c/604-izbori-2026?page=2,https://www.dnes.bg/a/1-bulgaria/717253-radev-pravitelstvoto-otkrito-predprie-kampaniya-sreshtu-izborite,Радев: Правителството открито предприе кампания срещу изборите,08.04.2026 | 11:03 ч.,,83,"Боташ Ефенди ако искаше да прави Референдум, щеше да го направи далеч преди приемането на еврото ! Сега е само пушилка , да се хареса на кукловодите си ! И какъв му е проблемът , да има мониторинг на изборите ? Гузен негонен бяга ! И казано честно , ще падна от смях ако се класира втори ...Има да реве , че са манипулирали изборите !",анонимен,преди 3 дни,21,1,2026-04-11 17:10:28
dnes.bg,https://www.dnes.bg/c/604-izbori-2026?page=2,https://www.dnes.bg/a/1-bulgaria/717253-radev-pravitelstvoto-otkrito-predprie-kampaniya-sreshtu-izborite,Радев: Правителството открито предприе кампания срещу изборите,08.04.2026 | 11:03 ч.,,82,"Годината е 1916, а думите са на бившият генерал от КГБ и отговорник за политиката на Москва на Балканите Леонит Решетников.В интервю през ноември за Г. Коритаров по TV+ той ракрива, че кандидатурата на току-що избраният за президент на България за първи мандат Румен Радев е била консултирана и обсъждана с него от соцлидер К.Нинова на среща през лятото в София. Няколко месеца преди пилота да бъде номиниран за поста на държавен глава от левицата. Решетников до скоро бе шев на Института за стратеги",истината,преди 3 дни,14,1,2026-04-11 17:10:28
dnes.bg,https://www.dnes.bg/c/604-izbori-2026?page=2,https://www.dnes.bg/a/1-bulgaria/717253-radev-pravitelstvoto-otkrito-predprie-kampaniya-sreshtu-izborite,Радев: Правителството открито предприе кампания срещу изборите,08.04.2026 | 11:03 ч.,,81,"И кой обедини ""спасителя"" около себе си? Най-тежката комунистическа номенклатура и отломките от разбитата гемия на ДС. И точно тези които съсипаха България с комунистическата си ретроградна утопия днес ще ни спасяват?!? Трябва да си луд за да се вържеш отново на тая nacмина.",анонимен,преди 3 дни,15,1,2026-04-11 17:10:28
dnes.bg,https://www.dnes.bg/c/604-izbori-2026?page=2,https://www.dnes.bg/a/1-bulgaria/717253-radev-pravitelstvoto-otkrito-predprie-kampaniya-sreshtu-izborite,Радев: Правителството открито предприе кампания срещу изборите,08.04.2026 | 11:03 ч.,,80,"Радев е представител на комунизма. Бивш комунис няма. 1.02.Ден на жертвите от комунизма. Само издадените смъртни присъди от Народният съд е 2730 но броя на жертвите е по-голям, Само убитите без съд и присъда по най-консервативна оценка е над 6000 но с безследно изчезналите числото надхвърля 26000",анонимен,преди 3 дни,13,2,2026-04-11 17:10:28
dnes.bg,https://www.dnes.bg/c/604-izbori-2026?page=2,https://www.dnes.bg/a/1-bulgaria/717253-radev-pravitelstvoto-otkrito-predprie-kampaniya-sreshtu-izborite,Радев: Правителството открито предприе кампания срещу изборите,08.04.2026 | 11:03 ч.,,79,"Радев може да разчита основно на автентичния си русофилски електорат. Но той е едва 25%, а и трябва да го дели с Възраждане, БСП и други маргинали. Няма как да има вълна без хората от Протеста - а те са преобладаващо европейци. Затова голямата му цел е да се позиционира като европеец в центъра и да отнеме от електората на ПП-ДБ. И той да стане Алтернативата, а те да бъдат портретирани като Сглобкаджии.",истината,преди 3 дни,18,2,2026-04-11 17:10:28
dnes.bg,https://www.dnes.bg/c/604-izbori-2026?page=2,https://www.dnes.bg/a/1-bulgaria/717253-radev-pravitelstvoto-otkrito-predprie-kampaniya-sreshtu-izborite,Радев: Правителството открито предприе кампания срещу изборите,08.04.2026 | 11:03 ч.,,78,Фуражката деформира главата!,Армейска мъдрост,преди 3 дни,18,2,2026-04-11 17:10:28
dnes.bg,https://www.dnes.bg/c/604-izbori-2026?page=2,https://www.dnes.bg/a/1-bulgaria/717253-radev-pravitelstvoto-otkrito-predprie-kampaniya-sreshtu-izborite,Радев: Правителството открито предприе кампания срещу изборите,08.04.2026 | 11:03 ч.,,77,"При съседите в Румъния руснаците не успяха, но сега са се заели с активното мероприятие ""Радев"" като постоянно пускат статии като го представят за независим. А генерала от КГБ отговорник за политиката на Москва на Балканите Леонит Решетников, го препоръча и постави за президент. Според Подоляк е възможно методите на Москва да включват дори убийства в страни, които иска да дестабилизира",истината,преди 3 дни,15,1,2026-04-11 17:10:30
dnes.bg,https://www.dnes.bg/c/604-izbori-2026?page=2,https://www.dnes.bg/a/1-bulgaria/717253-radev-pravitelstvoto-otkrito-predprie-kampaniya-sreshtu-izborite,Радев: Правителството открито предприе кампания срещу изборите,08.04.2026 | 11:03 ч.,,76,"Смятате, че България е в задънена улица? Че се движим без посока? Че няма пилот в самолета? Единствено Свети Румен Спасителят и ПРОГРЕСИВНА БЪЛГАРИЯ могат да поведат България в правия път. ПЪТЯТ НА КОПРИНКАТА!",Пътя на Копринката,преди 3 дни,10,2,2026-04-11 17:10:30
dnes.bg,https://www.dnes.bg/c/604-izbori-2026?page=2,https://www.dnes.bg/a/1-bulgaria/717253-radev-pravitelstvoto-otkrito-predprie-kampaniya-sreshtu-izborite,Радев: Правителството открито предприе кампания срещу изборите,08.04.2026 | 11:03 ч.,,75,"Цялата мафия и националните предатели вкупом дискредитират пп от край време. Пробваха и да разцепят коалицията с дб. Инструментариума, взет от дс е - скалъпени доноси и голям масив от негативна информация, която регулярно се бълва по т.нар. национални медии. Битката ще е голяма, но зависи от нас.",анонимен,преди 3 дни,6,5,2026-04-11 17:10:30
dnes.bg,https://www.dnes.bg/c/604-izbori-2026?page=2,https://www.dnes.bg/a/1-bulgaria/717253-radev-pravitelstvoto-otkrito-predprie-kampaniya-sreshtu-izborite,Радев: Правителството открито предприе кампания срещу изборите,08.04.2026 | 11:03 ч.,,74,"Този е пенсионер от 54 годишен, защо въобще се мъчи нещо, военен и полицай стават за пазачи на паркинг, нищо повече",анонимен,преди 3 дни,15,1,2026-04-11 17:10:30
dnes.bg,https://www.dnes.bg/c/604-izbori-2026?page=2,https://www.dnes.bg/a/1-bulgaria/717253-radev-pravitelstvoto-otkrito-predprie-kampaniya-sreshtu-izborite,Радев: Правителството открито предприе кампания срещу изборите,08.04.2026 | 11:03 ч.,,73,"Всичко, до което това същество се е докосвало е било опошлено, омърсено и осквернено. И Денят на Левски, и 24 май, и 6 септември и Нова година и 3 март и 2 юни! И Съединението и Денят на независимостта! Омърси и влизането на България в еврозоната с безумното искане за референдум, прикрито като ""загриженост за народа"". Омърси президентската институция, сега ще омърси и изборите!",анонимен,преди 3 дни,14,2,2026-04-11 17:10:30
dnes.bg,https://www.dnes.bg/c/604-izbori-2026?page=2,https://www.dnes.bg/a/1-bulgaria/717253-radev-pravitelstvoto-otkrito-predprie-kampaniya-sreshtu-izborite,Радев: Правителството открито предприе кампания срещу изборите,08.04.2026 | 11:03 ч.,,72,"Радев е един миризлив запъртък, който десет години живее с мисълта, че е яйце на Фаберже. Е, ще му се наложи да разбере по трудният начин каква двойна нула е всъщност!",Доротея,преди 3 дни,14,1,2026-04-11 17:10:30
dnes.bg,https://www.dnes.bg/c/604-izbori-2026?page=2,https://www.dnes.bg/a/1-bulgaria/717253-radev-pravitelstvoto-otkrito-predprie-kampaniya-sreshtu-izborite,Радев: Правителството открито предприе кампания срещу изборите,08.04.2026 | 11:03 ч.,,71,"Радев и служебното му правителство - превръщат България в жертва и я правят зависима от интересите и прищевките на Кремъл. Поведението им трябва да бъде оценявано от обществото по същия начин, по който се оценява поведението на наркодилърите.Защото те превръщат българската държава и българското общество в зависими и дават възможност България да бъде изнудвана от друга държава за своите политически и икономически решения, а не да се води от интересите на българските граждани.В ролята си на презид",истината,преди 3 дни,11,2,2026-04-11 17:10:30
dnes.bg,https://www.dnes.bg/c/604-izbori-2026?page=2,https://www.dnes.bg/a/1-bulgaria/717253-radev-pravitelstvoto-otkrito-predprie-kampaniya-sreshtu-izborite,Радев: Правителството открито предприе кампания срещу изборите,08.04.2026 | 11:03 ч.,,70,"Трескаво си търси алиби, зъщо няма да отбележи ""бляскава изборна победа"". И естествено правителството му е виновно! Интригант е манипулатор е бил през последните 10 години, такъв продължава да е и днес!",Мунчо,преди 3 дни,16,4,2026-04-11 17:10:30
dnes.bg,https://www.dnes.bg/c/604-izbori-2026?page=2,https://www.dnes.bg/a/1-bulgaria/717253-radev-pravitelstvoto-otkrito-predprie-kampaniya-sreshtu-izborite,Радев: Правителството открито предприе кампания срещу изборите,08.04.2026 | 11:03 ч.,,69,"Ох, нямат угодия тия политици. Преди пищяха, че вота е купен, сега когато се предприеха мерки срещу купения Вот, пищят че е манипулиран. Явно редът и дисциплината ви пречат и си искате стария разграден двор.",Художника,преди 3 дни,7,4,2026-04-11 17:10:30
dnes.bg,https://www.dnes.bg/c/604-izbori-2026?page=2,https://www.dnes.bg/a/1-bulgaria/717253-radev-pravitelstvoto-otkrito-predprie-kampaniya-sreshtu-izborite,Радев: Правителството открито предприе кампания срещу изборите,08.04.2026 | 11:03 ч.,,68,"Радев иска да направи евроскептичен завой идеологическа хватка на Русия. Основното му мото е да продава страхове. Когато има криза той казва следвайте ме (както Орбан) без да говори, но за къде. Към Русия където е диктатурата, болката. Той се помъчи и да открадне протеста.",истината,преди 3 дни,12,5,2026-04-11 17:10:30
dnes.bg,https://www.dnes.bg/c/604-izbori-2026?page=2,https://www.dnes.bg/a/1-bulgaria/717253-radev-pravitelstvoto-otkrito-predprie-kampaniya-sreshtu-izborite,Радев: Правителството открито предприе кампания срещу изборите,08.04.2026 | 11:03 ч.,,67,"Знаем че Радев приказва едно а прави друго, С президентите на, Полша, Румъния, Унгария, Словакия, Литва, Латвия и Естония, Чехия, осъдиха, войната, започната от Русия. И това Радев и Орбан подписана с треперещи ръчички. След това каза че Крим е руски!!! А Орбан не иска да подпише санкции на ЕС срещу русия. Всички приказки са за руското мероприятие ""Радев"".Затова голямата цел е да се позиционира като европеец в центъра и да отнеме от електората на ПП-ДБ. И той да стане Алтернативата, а те да бъда",анонимен,преди 3 дни,11,5,2026-04-11 17:10:33
dnes.bg,https://www.dnes.bg/c/604-izbori-2026?page=2,https://www.dnes.bg/a/1-bulgaria/717253-radev-pravitelstvoto-otkrito-predprie-kampaniya-sreshtu-izborite,Радев: Правителството открито предприе кампания срещу изборите,08.04.2026 | 11:03 ч.,,66,"Прогнозните резултати за изборите са на Митрофанова, която активно работи за мероприятието ""Радев"" на Москва. По точно Радев да ни върне страната в евразия под ботуша на москва, да сме им пета колона. ПП-ДБ нямат нищо общо с Радев. Той създаде групировка. За разлика от него русофила,Радев, то ПП-ДБте са Евроатлантици за Европейски път на развитие на страната.",анонимен,преди 3 дни,12,6,2026-04-11 17:10:33
dnes.bg,https://www.dnes.bg/c/604-izbori-2026?page=2,https://www.dnes.bg/a/1-bulgaria/717253-radev-pravitelstvoto-otkrito-predprie-kampaniya-sreshtu-izborite,Радев: Правителството открито предприе кампания срещу изборите,08.04.2026 | 11:03 ч.,,65,"Радев служи на Русия. Както е казал руският писател - Аксаков-син : Всяко тържество на българите е смърт за Русия. Балканските държави не трябва да имат нищо свое. Те трябва да бъдат притежание на русите или по-ясно казано, те трябва да бъдат погълнати от русите!",анонимен,преди 3 дни,11,4,2026-04-11 17:10:33
dnes.bg,https://www.dnes.bg/c/604-izbori-2026?page=2,https://www.dnes.bg/a/1-bulgaria/717253-radev-pravitelstvoto-otkrito-predprie-kampaniya-sreshtu-izborite,Радев: Правителството открито предприе кампания срещу изборите,08.04.2026 | 11:03 ч.,,64,"ЦЯЛАТА ИСТИНА за за връзките на Радев с Кремъл - от признанията на Решетников до шпионите в Лондон "" четете в ПИК от 12.12.2024",анонимен,преди 3 дни,10,6,2026-04-11 17:10:33
dnes.bg,https://www.dnes.bg/c/604-izbori-2026?page=2,https://www.dnes.bg/a/1-bulgaria/717253-radev-pravitelstvoto-otkrito-predprie-kampaniya-sreshtu-izborite,Радев: Правителството открито предприе кампания срещу изборите,08.04.2026 | 11:03 ч.,,63,Страх ли те е Радев. Така и трябва,анонимен,преди 3 дни,13,4,2026-04-11 17:10:33
dnes.bg,https://www.dnes.bg/c/604-izbori-2026?page=2,https://www.dnes.bg/a/1-bulgaria/717253-radev-pravitelstvoto-otkrito-predprie-kampaniya-sreshtu-izborite,Радев: Правителството открито предприе кампания срещу изборите,08.04.2026 | 11:03 ч.,,62,"Радев , никой не ти проваля изборите , ти сам се проваляш с неадекватните си действия както когато беше президент , така и сега! Много добре знаеш че референдум срещу международни договори не се прави , нп въпреки това си повтаряш едно и също! И каква борба с олигархията , след като си подкрепен от подсъдимите олигарси начело с Черепа , Бобокови ,Вълканов и сие! И може ли да се вярва на човек , абдикирал от писта си без нужда?",Майора,преди 3 дни,16,4,2026-04-11 17:10:33
dnes.bg,https://www.dnes.bg/c/604-izbori-2026?page=2,https://www.dnes.bg/a/1-bulgaria/717253-radev-pravitelstvoto-otkrito-predprie-kampaniya-sreshtu-izborite,Радев: Правителството открито предприе кампания срещу изборите,08.04.2026 | 11:03 ч.,,61,"Значи, когато се опитвате с руските *** да спечелите изборите , това е ок. Но когато правителството естествено иска честни изботи и ви преди, те искат да откраднат изборите, така ли руска мъзка такава?",Добри,преди 3 дни,12,5,2026-04-11 17:10:33
dnes.bg,https://www.dnes.bg/c/604-izbori-2026?page=2,https://www.dnes.bg/a/1-bulgaria/717253-radev-pravitelstvoto-otkrito-predprie-kampaniya-sreshtu-izborite,Радев: Правителството открито предприе кампания срещу изборите,08.04.2026 | 11:03 ч.,,60,"Айде да идват изборите, че ми омръзна от тая ГЮРОВЩИНА, РАДЕВЩИНА, ЙОТОВЩИНА ДЕЧЕВЩИНА, ПЕТРОХАНЩИНА, носещи цялата СМРАД на бездушие, посредственост и некадърност! Ало, ""управляващите"", не обиждайте народа, че е беден! Вие сте бедни духом, а народът е мъдър и няма да се продаде за парче салам! Ще ви изтърпим Гюро, още 10 дни!",анонимен,преди 3 дни,8,9,2026-04-11 17:10:33
dnes.bg,https://www.dnes.bg/c/604-izbori-2026?page=2,https://www.dnes.bg/a/1-bulgaria/717253-radev-pravitelstvoto-otkrito-predprie-kampaniya-sreshtu-izborite,Радев: Правителството открито предприе кампания срещу изборите,08.04.2026 | 11:03 ч.,,59,"Първата диверсионна операция на територията на НАТОе взривът от 2011 година в Ловни дол, България, тя е дело на подразделението на ГРУ 29155. След като се убеждават в своята безнаказаност, от подразделението на Аверянов продължават операциите си в България и Чехия, което довежда до значителни жертви сред цивилното население.По-малко от година след Ловни дол е взривен още един склад за боеприпаси в България. На 5 юни 2012 година на складовете, намиращи се недалеч от град Стралджа, ...",анонимен,преди 3 дни,8,2,2026-04-11 17:10:33
dnes.bg,https://www.dnes.bg/c/604-izbori-2026?page=2,https://www.dnes.bg/a/1-bulgaria/717253-radev-pravitelstvoto-otkrito-predprie-kampaniya-sreshtu-izborite,Радев: Правителството открито предприе кампания срещу изборите,08.04.2026 | 11:03 ч.,,58,";)))) elektronno bg pravitelstvo...kamerite, scenerite po granicite sa schrott, pvo hepten hepten...f16 teneke za reklama",анонимен,преди 3 дни,1,1,2026-04-11 17:10:33
dnes.bg,https://www.dnes.bg/c/604-izbori-2026?page=2,https://www.dnes.bg/a/1-bulgaria/717253-radev-pravitelstvoto-otkrito-predprie-kampaniya-sreshtu-izborite,Радев: Правителството открито предприе кампания срещу изборите,08.04.2026 | 11:03 ч.,,57,До: анонимен Явно не си семеен и нямаш приятели. Пък това да си глупав е твое право - това е демокрацията,анонимен,преди 3 дни,6,1,2026-04-11 17:10:36
dnes.bg,https://www.dnes.bg/c/604-izbori-2026?page=2,https://www.dnes.bg/a/1-bulgaria/717253-radev-pravitelstvoto-otkrito-predprie-kampaniya-sreshtu-izborite,Радев: Правителството открито предприе кампания срещу изборите,08.04.2026 | 11:03 ч.,,56,До: hh88......... По-старите да си спомнят................. По-старите като гласувате за Рундю няма да станете по-млади :)))) Няма да pиna naцaтa като при бай Тошо :)))))))))))))))))),Зозо,преди 3 дни,10,2,2026-04-11 17:10:36
dnes.bg,https://www.dnes.bg/c/604-izbori-2026?page=2,https://www.dnes.bg/a/1-bulgaria/717253-radev-pravitelstvoto-otkrito-predprie-kampaniya-sreshtu-izborite,Радев: Правителството открито предприе кампания срещу изборите,08.04.2026 | 11:03 ч.,,55,"Аз и моето семейство и всичките ми познати ще гласуваме за Радев ! -все е някаква надежда ,инак ако са си същите няма смисъл изобщо да има избори,пък вие си плюйте колкото си искате !",анонимен,преди 3 дни,5,19,2026-04-11 17:10:36
dnes.bg,https://www.dnes.bg/c/604-izbori-2026?page=2,https://www.dnes.bg/a/1-bulgaria/717253-radev-pravitelstvoto-otkrito-predprie-kampaniya-sreshtu-izborite,Радев: Правителството открито предприе кампания срещу изборите,08.04.2026 | 11:03 ч.,,54,До: hh88 И как установи IP адресите?,анонимен,преди 3 дни,5,1,2026-04-11 17:10:36
dnes.bg,https://www.dnes.bg/c/604-izbori-2026?page=2,https://www.dnes.bg/a/1-bulgaria/717253-radev-pravitelstvoto-otkrito-predprie-kampaniya-sreshtu-izborite,Радев: Правителството открито предприе кампания срещу изборите,08.04.2026 | 11:03 ч.,,53,Кеф ли е да виждаш как харизваме по 500 000 Евро всеки ден да пътуват към Турция ???,Другарю Фигурант,преди 3 дни,14,1,2026-04-11 17:10:36
dnes.bg,https://www.dnes.bg/c/604-izbori-2026?page=2,https://www.dnes.bg/a/1-bulgaria/717253-radev-pravitelstvoto-otkrito-predprie-kampaniya-sreshtu-izborite,Радев: Правителството открито предприе кампания срещу изборите,08.04.2026 | 11:03 ч.,,52,"48 коментара срещу Радев, написани от всичко на всичко 9 IP адреса. Ето това е манипулация. Явно яко ги е стегнало ла**ото всякакви родоотстъпници и интернационалисти. Такова унижение, да се молиш на някой чиновник от Брюксел да затвори ""неправилните"" електронни медии! По-старите да си спомнят забраната да се слуша например радио Свободна Европа. Някаква разлика?",hh88,преди 3 дни,5,16,2026-04-11 17:10:36
dnes.bg,https://www.dnes.bg/c/604-izbori-2026?page=2,https://www.dnes.bg/a/1-bulgaria/717253-radev-pravitelstvoto-otkrito-predprie-kampaniya-sreshtu-izborite,Радев: Правителството открито предприе кампания срещу изборите,08.04.2026 | 11:03 ч.,,51,"Тоя освен за погребален агент или охранител на паркинг , явно за друго не става !!!!",убедихме се,преди 3 дни,13,3,2026-04-11 17:10:36
dnes.bg,https://www.dnes.bg/c/604-izbori-2026?page=2,https://www.dnes.bg/a/1-bulgaria/717253-radev-pravitelstvoto-otkrito-predprie-kampaniya-sreshtu-izborite,Радев: Правителството открито предприе кампания срещу изборите,08.04.2026 | 11:03 ч.,,50,Нали ти му дърпаш конците.,анонимен,преди 3 дни,9,2,2026-04-11 17:10:36
dnes.bg,https://www.dnes.bg/c/604-izbori-2026?page=2,https://www.dnes.bg/a/1-bulgaria/717253-radev-pravitelstvoto-otkrito-predprie-kampaniya-sreshtu-izborite,Радев: Правителството открито предприе кампания срещу изборите,08.04.2026 | 11:03 ч.,,49,"Не не, така не става. Абсурдно изказване.",анонимен,преди 3 дни,4,1,2026-04-11 17:10:36
dnes.bg,https://www.dnes.bg/c/604-izbori-2026?page=2,https://www.dnes.bg/a/1-bulgaria/717253-radev-pravitelstvoto-otkrito-predprie-kampaniya-sreshtu-izborite,Радев: Правителството открито предприе кампания срещу изборите,08.04.2026 | 11:03 ч.,,48,"Той ще последва ИТН, ама зарарът, който ще причини ще остане. Гарантирано.",до 50,преди 3 дни,11,3,2026-04-11 17:10:36
dnes.bg,https://www.dnes.bg/c/604-izbori-2026?page=2,https://www.dnes.bg/a/1-bulgaria/717253-radev-pravitelstvoto-otkrito-predprie-kampaniya-sreshtu-izborite,Радев: Правителството открито предприе кампания срещу изборите,08.04.2026 | 11:03 ч.,,47,Рундю ни изпразни джобовете с 6 милиарда долара за Боташ. ТръгнАл да говори за изпразване на джобове?!?,Зозо,преди 3 дни,17,2,2026-04-11 17:10:38
dnes.bg,https://www.dnes.bg/c/604-izbori-2026?page=2,https://www.dnes.bg/a/1-bulgaria/717253-radev-pravitelstvoto-otkrito-predprie-kampaniya-sreshtu-izborite,Радев: Правителството открито предприе кампания срещу изборите,08.04.2026 | 11:03 ч.,,46,"Радев ще последва ИТН много бързо, трябва да му се даде възможност да говори повече :-)",анонимен,преди 3 дни,14,1,2026-04-11 17:10:38
dnes.bg,https://www.dnes.bg/c/604-izbori-2026?page=2,https://www.dnes.bg/a/1-bulgaria/717253-radev-pravitelstvoto-otkrito-predprie-kampaniya-sreshtu-izborite,Радев: Правителството открито предприе кампания срещу изборите,08.04.2026 | 11:03 ч.,,45,Радев ще го изтипосат първи. Няма начин с будали като повечето българи. Лошото идва след това. Дръжте се.,анонимен,преди 3 дни,12,2,2026-04-11 17:10:38
dnes.bg,https://www.dnes.bg/c/604-izbori-2026?page=2,https://www.dnes.bg/a/1-bulgaria/717253-radev-pravitelstvoto-otkrito-predprie-kampaniya-sreshtu-izborite,Радев: Правителството открито предприе кампания срещу изборите,08.04.2026 | 11:03 ч.,,44,Съскащият агент на русия започва да изпитва страх от провал на недоразумениет му - прогрес чрез регрес на изборите,анонимен,преди 3 дни,13,4,2026-04-11 17:10:38
dnes.bg,https://www.dnes.bg/c/604-izbori-2026?page=2,https://www.dnes.bg/a/1-bulgaria/717253-radev-pravitelstvoto-otkrito-predprie-kampaniya-sreshtu-izborite,Радев: Правителството открито предприе кампания срещу изборите,08.04.2026 | 11:03 ч.,,43,"Кои са тези,които са ни изпразнили джобовете?Защо скачачаш на сегашното правителство,което е за кратко?Когато той назначава кабинет-служебното правителство върши чудеса за хората!Когато не го е назначил е виновно за всички беди!Колко време е управлявал Радев и колко ПП?Нека имаме памет поне затова.Кой го подлъга,та си напусна президенството-никой не пита,а е най-важното поне за мен",РАБОТНИК,преди 3 дни,15,0,2026-04-11 17:10:38
dnes.bg,https://www.dnes.bg/c/604-izbori-2026?page=2,https://www.dnes.bg/a/1-bulgaria/717253-radev-pravitelstvoto-otkrito-predprie-kampaniya-sreshtu-izborite,Радев: Правителството открито предприе кампания срещу изборите,08.04.2026 | 11:03 ч.,,42,Тоя вечно и от всичко мрънка и е недоволен.,анонимен,преди 3 дни,16,2,2026-04-11 17:10:38
dnes.bg,https://www.dnes.bg/c/604-izbori-2026?page=2,https://www.dnes.bg/a/1-bulgaria/717253-radev-pravitelstvoto-otkrito-predprie-kampaniya-sreshtu-izborite,Радев: Правителството открито предприе кампания срещу изборите,08.04.2026 | 11:03 ч.,,41,"Ще го изберат бе, има цели региони в България с брутално ттъпо население, те са на ниво каквото им кажеш, не могат кон в каруцата да впрегнат, много е зле работата!",анонимен,преди 3 дни,19,2,2026-04-11 17:10:38
dnes.bg,https://www.dnes.bg/c/604-izbori-2026?page=2,https://www.dnes.bg/a/1-bulgaria/717253-radev-pravitelstvoto-otkrito-predprie-kampaniya-sreshtu-izborite,Радев: Правителството открито предприе кампания срещу изборите,08.04.2026 | 11:03 ч.,,40,До:32/ фес със петолъчка носи Боташов,По скоро,преди 3 дни,12,2,2026-04-11 17:10:38
dnes.bg,https://www.dnes.bg/c/604-izbori-2026?page=2,https://www.dnes.bg/a/1-bulgaria/717253-radev-pravitelstvoto-otkrito-predprie-kampaniya-sreshtu-izborite,Радев: Правителството открито предприе кампания срещу изборите,08.04.2026 | 11:03 ч.,,39,"Аферата БОТАШ ни струва по над 500 000 Eвро на ден, над 15 000 000 Eвро на месец и над 180 000 000 Eвро на година. .. И така до 2035 година !!!!!",кой изпразва джобове,преди 3 дни,19,2,2026-04-11 17:10:38
dnes.bg,https://www.dnes.bg/c/604-izbori-2026?page=2,https://www.dnes.bg/a/1-bulgaria/717253-radev-pravitelstvoto-otkrito-predprie-kampaniya-sreshtu-izborite,Радев: Правителството открито предприе кампания срещу изборите,08.04.2026 | 11:03 ч.,,38,"Мощното Евроатлантическо мнозинство в новият парламент ще е гаранция, че Рундю няма да може да смърди в полза на Путин. И това ще бъде неговият край.",Зозо,преди 3 дни,18,2,2026-04-11 17:10:38
dnes.bg,https://www.dnes.bg/c/604-izbori-2026?page=2,https://www.dnes.bg/a/1-bulgaria/717253-radev-pravitelstvoto-otkrito-predprie-kampaniya-sreshtu-izborite,Радев: Правителството открито предприе кампания срещу изборите,08.04.2026 | 11:03 ч.,,37,"И как това, че се спира чуждо влияние върху нас, ни пречи да си гласуваме по съвест?",анонимен,преди 3 дни,12,2,2026-04-11 17:10:40
dnes.bg,https://www.dnes.bg/c/604-izbori-2026?page=2,https://www.dnes.bg/a/1-bulgaria/717253-radev-pravitelstvoto-otkrito-predprie-kampaniya-sreshtu-izborite,Радев: Правителството открито предприе кампания срещу изборите,08.04.2026 | 11:03 ч.,,36,"Myнчo заслужава това което преживя Доган на сцената, само че пистолета да не е газов.",анонимен,преди 3 дни,16,2,2026-04-11 17:10:40
dnes.bg,https://www.dnes.bg/c/604-izbori-2026?page=2,https://www.dnes.bg/a/1-bulgaria/717253-radev-pravitelstvoto-otkrito-predprie-kampaniya-sreshtu-izborite,Радев: Правителството открито предприе кампания срещу изборите,08.04.2026 | 11:03 ч.,,35,"Той да изпрати на Митрофанова зов за помощ ,кво се прай на ощипана мома",Краставичар,преди 3 дни,19,3,2026-04-11 17:10:40
dnes.bg,https://www.dnes.bg/c/604-izbori-2026?page=2,https://www.dnes.bg/a/1-bulgaria/717253-radev-pravitelstvoto-otkrito-predprie-kampaniya-sreshtu-izborite,Радев: Правителството открито предприе кампания срещу изборите,08.04.2026 | 11:03 ч.,,34,"Последната социология май дава много проценти на ГЕРБ ? Да не стане така , че Герб пак да са първи ?",анонимен,преди 3 дни,18,2,2026-04-11 17:10:40
dnes.bg,https://www.dnes.bg/c/604-izbori-2026?page=2,https://www.dnes.bg/a/1-bulgaria/717253-radev-pravitelstvoto-otkrito-predprie-kampaniya-sreshtu-izborite,Радев: Правителството открито предприе кампания срещу изборите,08.04.2026 | 11:03 ч.,,33,"и ще да управлява. Турци, марсианци, пр0кажени само да не са ПП ДБ",Който,преди 3 дни,12,3,2026-04-11 17:10:40
dnes.bg,https://www.dnes.bg/c/604-izbori-2026?page=2,https://www.dnes.bg/a/1-bulgaria/717253-radev-pravitelstvoto-otkrito-predprie-kampaniya-sreshtu-izborite,Радев: Правителството открито предприе кампания срещу изборите,08.04.2026 | 11:03 ч.,,32,"Кой какво ти е отнел?Ретрограден тип,работещ върху страховете на хората.Приехме еврото,но той продължава да смърди?Да, трябва да има следене за хибридна атака-защо се страхува от това?Понеже няма да има 121 депутати се чуди кого да обвини.Всички скачат на ПП,на които се отрежда 3-4 място.Спряха да се плюят взаимно Радев,Пеевски,Борисов,защото и тримата са мутри и част от мафията,завладяла държавата от години.",МУРЗИЛКА,преди 3 дни,12,5,2026-04-11 17:10:40
dnes.bg,https://www.dnes.bg/c/604-izbori-2026?page=2,https://www.dnes.bg/a/1-bulgaria/717253-radev-pravitelstvoto-otkrito-predprie-kampaniya-sreshtu-izborite,Радев: Правителството открито предприе кампания срещу изборите,08.04.2026 | 11:03 ч.,,31,"Добре де, аз не познавам човек, който ще гласува за него. От къде тези проценти, които му дават социолозите, не знам.",анонимен,преди 3 дни,16,4,2026-04-11 17:10:40
dnes.bg,https://www.dnes.bg/c/604-izbori-2026?page=2,https://www.dnes.bg/a/1-bulgaria/717253-radev-pravitelstvoto-otkrito-predprie-kampaniya-sreshtu-izborite,Радев: Правителството открито предприе кампания срещу изборите,08.04.2026 | 11:03 ч.,,30,"Усещаш ли жегата Рундьо? Изборите идват, и не в твоя полза :))))))))))))))))) ГЕРБ, Шиши и ППДБ ще имат мощно Евроатлантическо мнозинство в парламента. А ти и Koneйката няма да може да npъднeтe :)))))))))))))))))))))))))",Зозо,преди 3 дни,14,6,2026-04-11 17:10:40
dnes.bg,https://www.dnes.bg/c/604-izbori-2026?page=2,https://www.dnes.bg/a/1-bulgaria/717253-radev-pravitelstvoto-otkrito-predprie-kampaniya-sreshtu-izborite,Радев: Правителството открито предприе кампания срещу изборите,08.04.2026 | 11:03 ч.,,29,"Не искам да се подигравам на военното съсловие, още повече че и чичо ми беше полковник......обаче самата им работа да повтаряш механично нещо без да мислиш, ги прави страшно ограничени хора, без акъл",анонимен,преди 3 дни,18,5,2026-04-11 17:10:40
dnes.bg,https://www.dnes.bg/c/604-izbori-2026?page=2,https://www.dnes.bg/a/1-bulgaria/717253-radev-pravitelstvoto-otkrito-predprie-kampaniya-sreshtu-izborite,Радев: Правителството открито предприе кампания срещу изборите,08.04.2026 | 11:03 ч.,,28,До: анонимен - 25 не фуражка а каскет бе колега,хахаха,преди 3 дни,10,1,2026-04-11 17:10:40
dnes.bg,https://www.dnes.bg/c/604-izbori-2026?page=2,https://www.dnes.bg/a/1-bulgaria/717253-radev-pravitelstvoto-otkrito-predprie-kampaniya-sreshtu-izborite,Радев: Правителството открито предприе кампания срещу изборите,08.04.2026 | 11:03 ч.,,27,"Чорапче, заминахте по деволите, да знаеш.",анонимен,преди 3 дни,15,4,2026-04-11 17:10:43
dnes.bg,https://www.dnes.bg/c/604-izbori-2026?page=2,https://www.dnes.bg/a/1-bulgaria/717253-radev-pravitelstvoto-otkrito-predprie-kampaniya-sreshtu-izborite,Радев: Правителството открито предприе кампания срещу изборите,08.04.2026 | 11:03 ч.,,26,Светата троица Бойко Дилян и Румен ще управляват България.,анонимен,преди 3 дни,3,4,2026-04-11 17:10:43
dnes.bg,https://www.dnes.bg/c/604-izbori-2026?page=2,https://www.dnes.bg/a/1-bulgaria/717253-radev-pravitelstvoto-otkrito-predprie-kampaniya-sreshtu-izborite,Радев: Правителството открито предприе кампания срещу изборите,08.04.2026 | 11:03 ч.,,25,"прогресиста като как си обяснява че ще спечели без да се коалира с никой , как ще има 121 мандата в парламента ? тия дето му се наведоха няма да влезнат в парламента , БСП ако влезнат ще го подкрепят . а и почвам да имам усещането че от кремле го подлъгаха да влезне в политиката за да се отърват от него защото за 9 г. не оправда очакванията им .",дедо ви,преди 3 дни,14,0,2026-04-11 17:10:43
dnes.bg,https://www.dnes.bg/c/604-izbori-2026?page=2,https://www.dnes.bg/a/1-bulgaria/717253-radev-pravitelstvoto-otkrito-predprie-kampaniya-sreshtu-izborite,Радев: Правителството открито предприе кампания срещу изборите,08.04.2026 | 11:03 ч.,,24,"""Да го духат бедните"" - каза Асен Василев. ""Ако всеки министър беше като Кирил Петков - цена нямаше да има"" - промълви Румен Радев. Ние - работещите, реализирани и свободни българи не се ловим като шарани на тик-ток политика и знаем за кого да гласуваме. Факт.",анонимен,преди 3 дни,12,1,2026-04-11 17:10:43
dnes.bg,https://www.dnes.bg/c/604-izbori-2026?page=2,https://www.dnes.bg/a/1-bulgaria/717253-radev-pravitelstvoto-otkrito-predprie-kampaniya-sreshtu-izborite,Радев: Правителството открито предприе кампания срещу изборите,08.04.2026 | 11:03 ч.,,23,Преди бяха двама ББ и ДП. Сега станаха трима. Тежко му на народа.,анонимен,преди 3 дни,10,2,2026-04-11 17:10:43
dnes.bg,https://www.dnes.bg/c/604-izbori-2026?page=2,https://www.dnes.bg/a/1-bulgaria/717253-radev-pravitelstvoto-otkrito-predprie-kampaniya-sreshtu-izborite,Радев: Правителството открито предприе кампания срещу изборите,08.04.2026 | 11:03 ч.,,22,"Прекалява тоя лаладжия, съвсем елементарен е, и затова ще спечели! Защото сме все един ,,умен"" народ!",анонимен,преди 3 дни,11,2,2026-04-11 17:10:43
dnes.bg,https://www.dnes.bg/c/604-izbori-2026?page=2,https://www.dnes.bg/a/1-bulgaria/717253-radev-pravitelstvoto-otkrito-predprie-kampaniya-sreshtu-izborite,Радев: Правителството открито предприе кампания срещу изборите,08.04.2026 | 11:03 ч.,,21,Кой ще гласува за него?Луда работа.,Тоя не се трае,преди 3 дни,16,1,2026-04-11 17:10:43
dnes.bg,https://www.dnes.bg/c/604-izbori-2026?page=2,https://www.dnes.bg/a/1-bulgaria/717253-radev-pravitelstvoto-otkrito-predprie-kampaniya-sreshtu-izborite,Радев: Правителството открито предприе кампания срещу изборите,08.04.2026 | 11:03 ч.,,20,"При Карбовски , Радев каза , цитирам Пеевски приключи , до тук !",анонимен,преди 3 дни,3,3,2026-04-11 17:10:43
dnes.bg,https://www.dnes.bg/c/604-izbori-2026?page=2,https://www.dnes.bg/a/1-bulgaria/717253-radev-pravitelstvoto-otkrito-predprie-kampaniya-sreshtu-izborite,Радев: Правителството открито предприе кампания срещу изборите,08.04.2026 | 11:03 ч.,,19,"Фашистката диктатура вижда края си, но при нас няма да мине ""румънския"" номер на урсулата! Ако трябва ще защитаваме избора си, правото ни на глас, референдум и конституционни права! Народен Съд след изборите и референдум!!!",Истината,преди 3 дни,2,14,2026-04-11 17:10:43
dnes.bg,https://www.dnes.bg/c/604-izbori-2026?page=2,https://www.dnes.bg/a/1-bulgaria/717253-radev-pravitelstvoto-otkrito-predprie-kampaniya-sreshtu-izborite,Радев: Правителството открито предприе кампания срещу изборите,08.04.2026 | 11:03 ч.,,18,"Какво стана сега ? Последната социология ,да не изкара пак ГЕРБ първа сила ? Вълната за Радев , да не се окаже вълничка .?",анонимен,преди 3 дни,15,1,2026-04-11 17:10:43
dnes.bg,https://www.dnes.bg/c/604-izbori-2026?page=2,https://www.dnes.bg/a/1-bulgaria/717253-radev-pravitelstvoto-otkrito-predprie-kampaniya-sreshtu-izborite,Радев: Правителството открито предприе кампания срещу изборите,08.04.2026 | 11:03 ч.,,17,"Горкия чорап, да го ожалиш.",анонимен,преди 3 дни,17,2,2026-04-11 17:10:45
dnes.bg,https://www.dnes.bg/c/604-izbori-2026?page=2,https://www.dnes.bg/a/1-bulgaria/717253-radev-pravitelstvoto-otkrito-predprie-kampaniya-sreshtu-izborite,Радев: Правителството открито предприе кампания срещу изборите,08.04.2026 | 11:03 ч.,,16,"Гауляйтер Радев, който е гласен от Москва за местен фашизатор пак се изказа. Разкарайте го че не мога да му гледам дългият нос който се спуска към брадичката и ще продължи да расте на този грък. Той може да си го харесва, както и Орбан си харесва бременното коремче. Но за всичко трябва да има граници.",анонимен,преди 3 дни,13,2,2026-04-11 17:10:45
dnes.bg,https://www.dnes.bg/c/604-izbori-2026?page=2,https://www.dnes.bg/a/1-bulgaria/717253-radev-pravitelstvoto-otkrito-predprie-kampaniya-sreshtu-izborite,Радев: Правителството открито предприе кампания срещу изборите,08.04.2026 | 11:03 ч.,,15,Що триете вe??? Рундю-Боташа спука гумите и върви надолу в процентите. Боко като нищо ще го бие на изборите.,Зозо,преди 3 дни,16,2,2026-04-11 17:10:45
dnes.bg,https://www.dnes.bg/c/604-izbori-2026?page=2,https://www.dnes.bg/a/1-bulgaria/717253-radev-pravitelstvoto-otkrito-predprie-kampaniya-sreshtu-izborite,Радев: Правителството открито предприе кампания срещу изборите,08.04.2026 | 11:03 ч.,,14,"До: анонимен9, На полуостров Крим има много военни гробища. Италиански английски, немски, френски... Там са погребани стотици хиляди войници, които някога са се съмнявали чий е Крим!",Радев,преди 3 дни,3,5,2026-04-11 17:10:45
dnes.bg,https://www.dnes.bg/c/604-izbori-2026?page=2,https://www.dnes.bg/a/1-bulgaria/717253-radev-pravitelstvoto-otkrito-predprie-kampaniya-sreshtu-izborite,Радев: Правителството открито предприе кампания срещу изборите,08.04.2026 | 11:03 ч.,,13,До 9: явно си ***.умен след като след толкова питане и отговори не разбра че Крим е руски. Моли се и Украйна да не стане руска.,Гошо,преди 3 дни,3,8,2026-04-11 17:10:45
dnes.bg,https://www.dnes.bg/c/604-izbori-2026?page=2,https://www.dnes.bg/a/1-bulgaria/717253-radev-pravitelstvoto-otkrito-predprie-kampaniya-sreshtu-izborite,Радев: Правителството открито предприе кампания срещу изборите,08.04.2026 | 11:03 ч.,,12,"румбата нещо нервничи , дали щото процентите му падат",хахаха,преди 3 дни,18,2,2026-04-11 17:10:45
dnes.bg,https://www.dnes.bg/c/604-izbori-2026?page=2,https://www.dnes.bg/a/1-bulgaria/717253-radev-pravitelstvoto-otkrito-predprie-kampaniya-sreshtu-izborite,Радев: Правителството открито предприе кампания срещу изборите,08.04.2026 | 11:03 ч.,,11,Нали колежката ти го назначи що ривеш сига а маскара?,анонимен,преди 3 дни,14,2,2026-04-11 17:10:45
dnes.bg,https://www.dnes.bg/c/604-izbori-2026?page=2,https://www.dnes.bg/a/1-bulgaria/717253-radev-pravitelstvoto-otkrito-predprie-kampaniya-sreshtu-izborite,Радев: Правителството открито предприе кампания срещу изборите,08.04.2026 | 11:03 ч.,,10,"Лапам банани, авокадота, аржентинско говеждо, шотландско уиски, а вие бедните комунисти-соц носталгици си броите центовете в джоба и се чудите как да си платите тока, шумкари.",До Тодор Живков,преди 3 дни,8,3,2026-04-11 17:10:45
dnes.bg,https://www.dnes.bg/c/604-izbori-2026?page=2,https://www.dnes.bg/a/1-bulgaria/717253-radev-pravitelstvoto-otkrito-predprie-kampaniya-sreshtu-izborite,Радев: Правителството открито предприе кампания срещу изборите,08.04.2026 | 11:03 ч.,,9,"Предлагам да се отменят изборите. Списъците на новите депутати са готови в посолството, да се отиде и да се вземат. По евтино е. И още нещо: до два мандата за депутат, ако след първия не влезе в затвора.",Гошо,преди 3 дни,5,2,2026-04-11 17:10:45
dnes.bg,https://www.dnes.bg/c/604-izbori-2026?page=2,https://www.dnes.bg/a/1-bulgaria/717253-radev-pravitelstvoto-otkrito-predprie-kampaniya-sreshtu-izborite,Радев: Правителството открито предприе кампания срещу изборите,08.04.2026 | 11:03 ч.,,8,"Чий е Крим, другарю Радев?",анонимен,преди 3 дни,21,3,2026-04-11 17:10:45
dnes.bg,https://www.dnes.bg/c/604-izbori-2026?page=2,https://www.dnes.bg/a/1-bulgaria/717253-radev-pravitelstvoto-otkrito-predprie-kampaniya-sreshtu-izborite,Радев: Правителството открито предприе кампания срещу изборите,08.04.2026 | 11:03 ч.,,7,"Кой ти е изпразнил на тебе джобовете, ахмак? Хахахахахахахахахаха, мега нагъл плешивец. Били му изпразнили джобовете, хахахахахахахаха. Васил Божков и братя Бобокови ти са главните спонсори на кампанията, лихмус.",анонимен,преди 3 дни,23,1,2026-04-11 17:10:48
dnes.bg,https://www.dnes.bg/c/604-izbori-2026?page=2,https://www.dnes.bg/a/1-bulgaria/717253-radev-pravitelstvoto-otkrito-predprie-kampaniya-sreshtu-izborite,Радев: Правителството открито предприе кампания срещу изборите,08.04.2026 | 11:03 ч.,,6,"Доста гласове ще прибере с това изказване,никой не харесва петрохан ските сектанти.",анонимен,преди 3 дни,9,14,2026-04-11 17:10:48
dnes.bg,https://www.dnes.bg/c/604-izbori-2026?page=2,https://www.dnes.bg/a/1-bulgaria/717253-radev-pravitelstvoto-otkrito-predprie-kampaniya-sreshtu-izborite,Радев: Правителството открито предприе кампания срещу изборите,08.04.2026 | 11:03 ч.,,5,"""демократични свободи"" , Боташев? Свободата да се купуват избори? Аааайде нема нужда!",И кои са тези,преди 3 дни,19,2,2026-04-11 17:10:48
dnes.bg,https://www.dnes.bg/c/604-izbori-2026?page=2,https://www.dnes.bg/a/1-bulgaria/717253-radev-pravitelstvoto-otkrito-predprie-kampaniya-sreshtu-izborite,Радев: Правителството открито предприе кампания срещу изборите,08.04.2026 | 11:03 ч.,,4,"Радев ще докара наглите на сглобкаджиите. Борисов вече си изпуска нервите. Пеевски все още е по-обран, чак ме изненадва. Преди всеки ден плюеше Радев, чичо Румен, мистър кеш, сега тишина.",анонимен,преди 3 дни,11,4,2026-04-11 17:10:48
dnes.bg,https://www.dnes.bg/c/604-izbori-2026?page=2,https://www.dnes.bg/a/1-bulgaria/717253-radev-pravitelstvoto-otkrito-predprie-kampaniya-sreshtu-izborite,Радев: Правителството открито предприе кампания срещу изборите,08.04.2026 | 11:03 ч.,,3,Здравейте тyтманици. Как е демокрацията? Лапате ли го банана?,Тодор Живков,преди 3 дни,6,13,2026-04-11 17:10:48
dnes.bg,https://www.dnes.bg/c/604-izbori-2026?page=2,https://www.dnes.bg/a/1-bulgaria/717253-radev-pravitelstvoto-otkrito-predprie-kampaniya-sreshtu-izborite,Радев: Правителството открито предприе кампания срещу изборите,08.04.2026 | 11:03 ч.,,2,А какво става с отслабването и рухването на Русия. Почнаха ли вече протестите в Москва и Петербург?,анонимен,преди 3 дни,4,11,2026-04-11 17:10:48
dnes.bg,https://www.dnes.bg/c/604-izbori-2026?page=2,https://www.dnes.bg/a/1-bulgaria/717253-radev-pravitelstvoto-otkrito-predprie-kampaniya-sreshtu-izborite,Радев: Правителството открито предприе кампания срещу изборите,08.04.2026 | 11:03 ч.,,1,"Лъсна червения проруски глутеус и на Боташа - вече всичко е ясно - или коалиция с ББ и Главното ДЪ, или с иззрожденците, бсп, и някоя креслива, проруска агресивна политическа ПАТЕРИЦА - от рода на меч величие или сияние.",Запознат,преди 3 дни,15,6,2026-04-11 17:10:48
dnes.bg,https://www.dnes.bg/c/604-izbori-2026?page=2,https://www.dnes.bg/a/1-bulgaria/717249-gyurov-glasove-sa-se-kupuvali-za-dva-hlyaba-i-tri-salama-unizitelno-e-video,"Гюров: Гласове са се купували за два хляба и три салама, унизително е ВИДЕО",08.04.2026 | 10:48 ч.,,93,"Покриха случая Петрохан, това е важното, което свършиха",анонимен,преди 2 дни,1,0,2026-04-11 17:10:50
dnes.bg,https://www.dnes.bg/c/604-izbori-2026?page=2,https://www.dnes.bg/a/1-bulgaria/717249-gyurov-glasove-sa-se-kupuvali-za-dva-hlyaba-i-tri-salama-unizitelno-e-video,"Гюров: Гласове са се купували за два хляба и три салама, унизително е ВИДЕО",08.04.2026 | 10:48 ч.,,92,"Унизително е г-н Гюров, но унизителното е друго. Това, което което стои зад този факт. Че е два два хляба и три салама са социалната цена на голяма група от българското общество.",анонимен,преди 2 дни,1,0,2026-04-11 17:10:50
dnes.bg,https://www.dnes.bg/c/604-izbori-2026?page=2,https://www.dnes.bg/a/1-bulgaria/717249-gyurov-glasove-sa-se-kupuvali-za-dva-hlyaba-i-tri-salama-unizitelno-e-video,"Гюров: Гласове са се купували за два хляба и три салама, унизително е ВИДЕО",08.04.2026 | 10:48 ч.,,91,"Тези разказаха вица за ""Може ли да ви купя за 1 милион? Разбира се. А за два хляба и три салама? Вие за какъв човек ме смятате, това е унизително? Вече уточнихме какъв човек сте, сега уточняваме само цената.""",анонимен,преди 3 дни,2,0,2026-04-11 17:10:50
dnes.bg,https://www.dnes.bg/c/604-izbori-2026?page=2,https://www.dnes.bg/a/1-bulgaria/717249-gyurov-glasove-sa-se-kupuvali-za-dva-hlyaba-i-tri-salama-unizitelno-e-video,"Гюров: Гласове са се купували за два хляба и три салама, унизително е ВИДЕО",08.04.2026 | 10:48 ч.,,90,Да кажат каква е справедливата пазарна цена тогава либертарианците десни.,анонимен,преди 3 дни,2,0,2026-04-11 17:10:50
dnes.bg,https://www.dnes.bg/c/604-izbori-2026?page=2,https://www.dnes.bg/a/1-bulgaria/717249-gyurov-glasove-sa-se-kupuvali-za-dva-hlyaba-i-tri-salama-unizitelno-e-video,"Гюров: Гласове са се купували за два хляба и три салама, унизително е ВИДЕО",08.04.2026 | 10:48 ч.,,89,Колко осъдени Гюровче???,Сатир,преди 3 дни,1,2,2026-04-11 17:10:50
dnes.bg,https://www.dnes.bg/c/604-izbori-2026?page=2,https://www.dnes.bg/a/1-bulgaria/717249-gyurov-glasove-sa-se-kupuvali-za-dva-hlyaba-i-tri-salama-unizitelno-e-video,"Гюров: Гласове са се купували за два хляба и три салама, унизително е ВИДЕО",08.04.2026 | 10:48 ч.,,88,"каквото му трябва. Така се прави. Измама е, когато гласуваш за фалшиво евро и трябва да има наказания. Демокрацията е илюзия за някои, за други изгодна далавера. За едни гласуването за тях е изгода в милиони, за гласуващите за хляб и салам утешение, че не са съвсем капо.",На когото,преди 3 дни,0,1,2026-04-11 17:10:50
dnes.bg,https://www.dnes.bg/c/604-izbori-2026?page=2,https://www.dnes.bg/a/1-bulgaria/717249-gyurov-glasove-sa-se-kupuvali-za-dva-hlyaba-i-tri-salama-unizitelno-e-video,"Гюров: Гласове са се купували за два хляба и три салама, унизително е ВИДЕО",08.04.2026 | 10:48 ч.,,87,"Пак откриха топлата вода от този кабинет. В населени места, в които единствените работни места са в селския съвет, какво точно очаква освен феодализъм. Тези проблеми са от десетилетия и са причинени от концентрацията на хората в 3-4 града. Всичко друго е",анонимен,преди 3 дни,3,0,2026-04-11 17:10:50
dnes.bg,https://www.dnes.bg/c/604-izbori-2026?page=2,https://www.dnes.bg/a/1-bulgaria/717249-gyurov-glasove-sa-se-kupuvali-za-dva-hlyaba-i-tri-salama-unizitelno-e-video,"Гюров: Гласове са се купували за два хляба и три салама, унизително е ВИДЕО",08.04.2026 | 10:48 ч.,,86,"Унизително е ти да си ни премиер, ама на, ще трябва да ти търпим глупостите и магариите още месец-два.",анонимен,преди 3 дни,2,2,2026-04-11 17:10:50
dnes.bg,https://www.dnes.bg/c/604-izbori-2026?page=2,https://www.dnes.bg/a/1-bulgaria/717249-gyurov-glasove-sa-se-kupuvali-za-dva-hlyaba-i-tri-salama-unizitelno-e-video,"Гюров: Гласове са се купували за два хляба и три салама, унизително е ВИДЕО",08.04.2026 | 10:48 ч.,,85,"И кое доказахте бе, петрохански шарлатанин? Да не се окаже после, че всичко е било пушилка за медиите и да ви скъсат от съдебни дела за произвол?",Гражданин,преди 3 дни,2,3,2026-04-11 17:10:50
dnes.bg,https://www.dnes.bg/c/604-izbori-2026?page=2,https://www.dnes.bg/a/1-bulgaria/717249-gyurov-glasove-sa-se-kupuvali-za-dva-hlyaba-i-tri-salama-unizitelno-e-video,"Гюров: Гласове са се купували за два хляба и три салама, унизително е ВИДЕО",08.04.2026 | 10:48 ч.,,84,"Единственото нещо което е правил нелигитимния режим последните 80г е да прогонва хората от родните им места и терикатски да казва как им помага. Затова в селата и малките градове само роми останаха, за разлика от всички други бивши СССР и соц държави където се развиват на базата на демокрация и капитализъм.....беее-гетата сами се лъжат и очаквания резултат е налице....държавата щяла да ни оправи хахахахахах",анонимен,преди 3 дни,3,1,2026-04-11 17:10:50
dnes.bg,https://www.dnes.bg/c/604-izbori-2026?page=2,https://www.dnes.bg/a/1-bulgaria/717249-gyurov-glasove-sa-se-kupuvali-za-dva-hlyaba-i-tri-salama-unizitelno-e-video,"Гюров: Гласове са се купували за два хляба и три салама, унизително е ВИДЕО",08.04.2026 | 10:48 ч.,,83,Единственото нещо което са правили българчетата между себе си е да се гонят от отнасят отвратително един с друг....затова само роми останаха в селата и малките градове.,анонимен,преди 3 дни,0,0,2026-04-11 17:10:53
dnes.bg,https://www.dnes.bg/c/604-izbori-2026?page=2,https://www.dnes.bg/a/1-bulgaria/717249-gyurov-glasove-sa-se-kupuvali-za-dva-hlyaba-i-tri-salama-unizitelno-e-video,"Гюров: Гласове са се купували за два хляба и три салама, унизително е ВИДЕО",08.04.2026 | 10:48 ч.,,82,"Хората са толкова бедни, че се продават и за един хляб. Ама няма как да го разберем. На такива хич не им пука кой ги управлява.",Петро,преди 3 дни,0,2,2026-04-11 17:10:53
dnes.bg,https://www.dnes.bg/c/604-izbori-2026?page=2,https://www.dnes.bg/a/1-bulgaria/717249-gyurov-glasove-sa-se-kupuvali-za-dva-hlyaba-i-tri-salama-unizitelno-e-video,"Гюров: Гласове са се купували за два хляба и три салама, унизително е ВИДЕО",08.04.2026 | 10:48 ч.,,81,"До: Избирател Викаш по-добре да помпаме инфлацията, така ли, жълтурко?",анонимен,преди 3 дни,2,0,2026-04-11 17:10:53
dnes.bg,https://www.dnes.bg/c/604-izbori-2026?page=2,https://www.dnes.bg/a/1-bulgaria/717249-gyurov-glasove-sa-se-kupuvali-za-dva-hlyaba-i-tri-salama-unizitelno-e-video,"Гюров: Гласове са се купували за два хляба и три салама, унизително е ВИДЕО",08.04.2026 | 10:48 ч.,,80,"""Гюров: Гласове са се купували за два хляба и ... "" а тебе за колко те купиха бе Гяуров, за да подпишеш унизителния договор с Украйна?",анонимен,преди 3 дни,5,2,2026-04-11 17:10:53
dnes.bg,https://www.dnes.bg/c/604-izbori-2026?page=2,https://www.dnes.bg/a/1-bulgaria/717249-gyurov-glasove-sa-se-kupuvali-za-dva-hlyaba-i-tri-salama-unizitelno-e-video,"Гюров: Гласове са се купували за два хляба и три салама, унизително е ВИДЕО",08.04.2026 | 10:48 ч.,,79,По добре 20 евро за бензин от колкото два хляба и три салама!,Избирател,преди 3 дни,0,2,2026-04-11 17:10:53
dnes.bg,https://www.dnes.bg/c/604-izbori-2026?page=2,https://www.dnes.bg/a/1-bulgaria/717249-gyurov-glasove-sa-se-kupuvali-za-dva-hlyaba-i-tri-salama-unizitelno-e-video,"Гюров: Гласове са се купували за два хляба и три салама, унизително е ВИДЕО",08.04.2026 | 10:48 ч.,,78,Ами пазарната ни икономика водена от политическия и икономическия ни елит е докарала част от избирателите да смятат гласа си равен на два хляба и три салама. Там се е срещнало търсенето с предлагането.,анонимен,преди 3 дни,0,1,2026-04-11 17:10:53
dnes.bg,https://www.dnes.bg/c/604-izbori-2026?page=2,https://www.dnes.bg/a/1-bulgaria/717249-gyurov-glasove-sa-se-kupuvali-za-dva-hlyaba-i-tri-salama-unizitelno-e-video,"Гюров: Гласове са се купували за два хляба и три салама, унизително е ВИДЕО",08.04.2026 | 10:48 ч.,,77,"Айде да идват изборите, че ми омръзна от тая ГЮРОВЩИНА, РАДЕВЩИНА, ЙОТОВЩИНА ДЕЧЕВЩИНА, ПЕТРОХАНЩИНА, носещи цялата СМРАД на бездушие, посредственост и некадърност! Ало, ""управляващите"", не обиждайте народа, че е беден! Вие сте бедни духом, а народът е мъдър и няма да се продаде за парче салам! Ще ви изтърпим Гюро, още 10 дни!",анонимен,преди 3 дни,6,1,2026-04-11 17:10:53
dnes.bg,https://www.dnes.bg/c/604-izbori-2026?page=2,https://www.dnes.bg/a/1-bulgaria/717249-gyurov-glasove-sa-se-kupuvali-za-dva-hlyaba-i-tri-salama-unizitelno-e-video,"Гюров: Гласове са се купували за два хляба и три салама, унизително е ВИДЕО",08.04.2026 | 10:48 ч.,,76,няма нищо по ефтино от журналистите,анонимен,преди 3 дни,3,0,2026-04-11 17:10:53
dnes.bg,https://www.dnes.bg/c/604-izbori-2026?page=2,https://www.dnes.bg/a/1-bulgaria/717249-gyurov-glasove-sa-se-kupuvali-za-dva-hlyaba-i-tri-salama-unizitelno-e-video,"Гюров: Гласове са се купували за два хляба и три салама, унизително е ВИДЕО",08.04.2026 | 10:48 ч.,,75,"Нито за два хляба и салам,нито за 100 евро не гласувам.Не се гласува за мафията,бе стадо....",анонимен,преди 3 дни,3,1,2026-04-11 17:10:53
dnes.bg,https://www.dnes.bg/c/604-izbori-2026?page=2,https://www.dnes.bg/a/1-bulgaria/717249-gyurov-glasove-sa-se-kupuvali-za-dva-hlyaba-i-tri-salama-unizitelno-e-video,"Гюров: Гласове са се купували за два хляба и три салама, унизително е ВИДЕО",08.04.2026 | 10:48 ч.,,74,И кво? За 20 бензинови евро е къде къде по-евроатлантическо!,Христо Христов,преди 3 дни,4,0,2026-04-11 17:10:53
dnes.bg,https://www.dnes.bg/c/604-izbori-2026?page=2,https://www.dnes.bg/a/1-bulgaria/717249-gyurov-glasove-sa-se-kupuvali-za-dva-hlyaba-i-tri-salama-unizitelno-e-video,"Гюров: Гласове са се купували за два хляба и три салама, унизително е ВИДЕО",08.04.2026 | 10:48 ч.,,73,"Ако не е унизително за купувачите на вот, защо да е унизително за продавачите. Явно те и толкова си нямат, та им се налага да го правят. Но защо иматолкова много продавачи, та могат да обръщат резултатите? Не е ли по вина именно на купувачите? И не трябва ли друг метод, за да им се отнеме правото да правят това?",Пич,преди 3 дни,2,0,2026-04-11 17:10:55
dnes.bg,https://www.dnes.bg/c/604-izbori-2026?page=2,https://www.dnes.bg/a/1-bulgaria/717249-gyurov-glasove-sa-se-kupuvali-za-dva-hlyaba-i-tri-salama-unizitelno-e-video,"Гюров: Гласове са се купували за два хляба и три салама, унизително е ВИДЕО",08.04.2026 | 10:48 ч.,,72,"По добре да вземеш два хляба и три салама, от колкто да отидеш да гласуваш само срещу голите обещания на политиците. Всички знаем, че само обещават, а след изборите уреждат само собствения си живот, а това което са обещавали... Тате каза че ще ми купи колело, ама друг път.",анонимен,преди 3 дни,5,1,2026-04-11 17:10:55
dnes.bg,https://www.dnes.bg/c/604-izbori-2026?page=2,https://www.dnes.bg/a/1-bulgaria/717249-gyurov-glasove-sa-se-kupuvali-za-dva-hlyaba-i-tri-salama-unizitelno-e-video,"Гюров: Гласове са се купували за два хляба и три салама, унизително е ВИДЕО",08.04.2026 | 10:48 ч.,,71,мисирките са още по ефтини,анонимен,преди 3 дни,4,0,2026-04-11 17:10:55
dnes.bg,https://www.dnes.bg/c/604-izbori-2026?page=2,https://www.dnes.bg/a/1-bulgaria/717249-gyurov-glasove-sa-se-kupuvali-za-dva-hlyaba-i-tri-salama-unizitelno-e-video,"Гюров: Гласове са се купували за два хляба и три салама, унизително е ВИДЕО",08.04.2026 | 10:48 ч.,,70,"Саламите са за на гюров канализацията,. Три, щото е много разширена и не може да се затапи с един.",анонимен,преди 3 дни,1,0,2026-04-11 17:10:55
dnes.bg,https://www.dnes.bg/c/604-izbori-2026?page=2,https://www.dnes.bg/a/1-bulgaria/717249-gyurov-glasove-sa-se-kupuvali-za-dva-hlyaba-i-tri-salama-unizitelno-e-video,"Гюров: Гласове са се купували за два хляба и три салама, унизително е ВИДЕО",08.04.2026 | 10:48 ч.,,69,това е така щото толкова струвате всички политици,анонимен,преди 3 дни,6,0,2026-04-11 17:10:55
dnes.bg,https://www.dnes.bg/c/604-izbori-2026?page=2,https://www.dnes.bg/a/1-bulgaria/717249-gyurov-glasove-sa-se-kupuvali-za-dva-hlyaba-i-tri-salama-unizitelno-e-video,"Гюров: Гласове са се купували за два хляба и три салама, унизително е ВИДЕО",08.04.2026 | 10:48 ч.,,68,"Гюров, Гюров, ти хариза цяла държава с народа на Украйна...какви глупости говориш сега!",анонимен,преди 3 дни,6,1,2026-04-11 17:10:55
dnes.bg,https://www.dnes.bg/c/604-izbori-2026?page=2,https://www.dnes.bg/a/1-bulgaria/717249-gyurov-glasove-sa-se-kupuvali-za-dva-hlyaba-i-tri-salama-unizitelno-e-video,"Гюров: Гласове са се купували за два хляба и три салама, унизително е ВИДЕО",08.04.2026 | 10:48 ч.,,67,"Четете в нета "" пастор агитира ""неговите хора"" от кв. ""Дружба"" да гласуват за кмет на ПП-ДБ"" и разберете как се случва истинската агитация ! Днес това ще се случва на парламентарно ниво . Гласувайте българи да не гласуват шведите вместо вас!",анонимен,преди 3 дни,2,0,2026-04-11 17:10:55
dnes.bg,https://www.dnes.bg/c/604-izbori-2026?page=2,https://www.dnes.bg/a/1-bulgaria/717249-gyurov-glasove-sa-se-kupuvali-za-dva-hlyaba-i-tri-salama-unizitelno-e-video,"Гюров: Гласове са се купували за два хляба и три салама, унизително е ВИДЕО",08.04.2026 | 10:48 ч.,,66,"Гюров, много те молим кажи къде можем за 8 евро да купим 2 хляба и три салама. Аз такова място не познавам. Да не би специално са направени тези магазини за по 8 евро, както някога за един лев? Само че сега да си купуват гласовете лошите Бойко и Шиши. Айя яй!",анонимен,преди 3 дни,5,0,2026-04-11 17:10:55
dnes.bg,https://www.dnes.bg/c/604-izbori-2026?page=2,https://www.dnes.bg/a/1-bulgaria/717249-gyurov-glasove-sa-se-kupuvali-za-dva-hlyaba-i-tri-salama-unizitelno-e-video,"Гюров: Гласове са се купували за два хляба и три салама, унизително е ВИДЕО",08.04.2026 | 10:48 ч.,,65,"""""""Гласове са се купували за два хляба и три салама.."""""" ------- Ами народа е гладен, тъне в мизерия и сиромашия, не като вас с по Шест цифрови суми в банкови сметки в чужди банки и Пет цифрови заплати!",Констатация,преди 3 дни,4,0,2026-04-11 17:10:55
dnes.bg,https://www.dnes.bg/c/604-izbori-2026?page=2,https://www.dnes.bg/a/1-bulgaria/717249-gyurov-glasove-sa-se-kupuvali-za-dva-hlyaba-i-tri-salama-unizitelno-e-video,"Гюров: Гласове са се купували за два хляба и три салама, унизително е ВИДЕО",08.04.2026 | 10:48 ч.,,64,А има и хора които гласуват без да получат нищо за това! Което е още по-унизително,анонимен,преди 3 дни,3,1,2026-04-11 17:10:55
dnes.bg,https://www.dnes.bg/c/604-izbori-2026?page=2,https://www.dnes.bg/a/1-bulgaria/717249-gyurov-glasove-sa-se-kupuvali-za-dva-hlyaba-i-tri-salama-unizitelno-e-video,"Гюров: Гласове са се купували за два хляба и три салама, унизително е ВИДЕО",08.04.2026 | 10:48 ч.,,63,"аз съм за легализация на продаването - той избора така или иначе няма значение, поне да ни се заплати за времето и нямото съгласие",анонимен,преди 3 дни,5,0,2026-04-11 17:10:58
dnes.bg,https://www.dnes.bg/c/604-izbori-2026?page=2,https://www.dnes.bg/a/1-bulgaria/717249-gyurov-glasove-sa-se-kupuvali-za-dva-hlyaba-i-tri-salama-unizitelno-e-video,"Гюров: Гласове са се купували за два хляба и три салама, унизително е ВИДЕО",08.04.2026 | 10:48 ч.,,62,"Гледайте в ю туб заглавието "" МАРИНЕ, ЕДНА ГОДИНА СМЕ НА УЛИЦАТА СЪС СЕМЕЙСТВАТА СИ"" и ще видите какво е унизително .Как един ""швед "" Марин Тихомиров подкокороса цял квартал да се вдига за пиар на Киро Петков ППДБ колко е загрижен за шведите и НЕЗАКОННИТЕ им постройки там . Сега този който ги вдигаше на бунт ще влиза в парламента от листата ППДБ В СОФИЯ!! !!! НЕ СЕ ПРАВИ САМООТ ГЕРБ И ПС ВЕЧВ И ППДБ ИЗПОЗВАТ ШВЕДСКИЯТ ВОТ ! ГЛЕДАЙТЕ ВИДЕОТО : "" МАРИНЕ, ЕДНА ГОДИНА СМЕ НА УЛИЦАТА--ютуб",анонимен,преди 3 дни,1,0,2026-04-11 17:10:58
dnes.bg,https://www.dnes.bg/c/604-izbori-2026?page=2,https://www.dnes.bg/a/1-bulgaria/717249-gyurov-glasove-sa-se-kupuvali-za-dva-hlyaba-i-tri-salama-unizitelno-e-video,"Гюров: Гласове са се купували за два хляба и три салама, унизително е ВИДЕО",08.04.2026 | 10:48 ч.,,61,"E как за три салама, нали щели да купуват гласове с фалшивите 100 евро - така каза министърът, когато бе заловена една партида с фалшиви по 100 и по 500..",анонимен,преди 3 дни,0,0,2026-04-11 17:10:58
dnes.bg,https://www.dnes.bg/c/604-izbori-2026?page=2,https://www.dnes.bg/a/1-bulgaria/717249-gyurov-glasove-sa-se-kupuvali-za-dva-hlyaba-i-tri-salama-unizitelno-e-video,"Гюров: Гласове са се купували за два хляба и три салама, унизително е ВИДЕО",08.04.2026 | 10:48 ч.,,60,И буркан лютеница,Хляб и Салам,преди 3 дни,0,0,2026-04-11 17:10:58
dnes.bg,https://www.dnes.bg/c/604-izbori-2026?page=2,https://www.dnes.bg/a/1-bulgaria/717249-gyurov-glasove-sa-se-kupuvali-za-dva-hlyaba-i-tri-salama-unizitelno-e-video,"Гюров: Гласове са се купували за два хляба и три салама, унизително е ВИДЕО",08.04.2026 | 10:48 ч.,,59,50 ЯЙЦА И ГО ПРОДАВАМ,ЗА,преди 3 дни,0,0,2026-04-11 17:10:58
dnes.bg,https://www.dnes.bg/c/604-izbori-2026?page=2,https://www.dnes.bg/a/1-bulgaria/717249-gyurov-glasove-sa-se-kupuvali-za-dva-hlyaba-i-tri-salama-unizitelno-e-video,"Гюров: Гласове са се купували за два хляба и три салама, унизително е ВИДЕО",08.04.2026 | 10:48 ч.,,58,"правете си сметка, че от вашия ЕС на хората са им по-важни хляба исалама, отколкото да избират едни и същи търтеи.",ами,преди 3 дни,4,1,2026-04-11 17:10:58
dnes.bg,https://www.dnes.bg/c/604-izbori-2026?page=2,https://www.dnes.bg/a/1-bulgaria/717249-gyurov-glasove-sa-se-kupuvali-za-dva-hlyaba-i-tri-salama-unizitelno-e-video,"Гюров: Гласове са се купували за два хляба и три салама, унизително е ВИДЕО",08.04.2026 | 10:48 ч.,,57,продавам за половин прасе. ВДИГАЙТЕ ЦЕНИТЕ,Моя го,преди 3 дни,1,0,2026-04-11 17:10:58
dnes.bg,https://www.dnes.bg/c/604-izbori-2026?page=2,https://www.dnes.bg/a/1-bulgaria/717249-gyurov-glasove-sa-se-kupuvali-za-dva-hlyaba-i-tri-salama-unizitelno-e-video,"Гюров: Гласове са се купували за два хляба и три салама, унизително е ВИДЕО",08.04.2026 | 10:48 ч.,,56,УНИЗИТЕЛНО Е ЧЕ ЕДНИ НЕЗАКОННИЦИ ЛЪЖАТ И ЗАПЛАШВАШ ЕДНИ ХОРА ОТ ЕДНИ РЕГИОНИ БЕЗЗАКОНИЕ Е ЧЕ ЕДНА ИНСТИТУЦИЯ СЕ УПОТРЕБЯВА С ЛИЧНИ ЦЕЛИ И ВСИЧКИЪМЪЛЧАТ ГЮРОВИТЕ СА НЕЗАКОННИ,Аноним,преди 3 дни,5,0,2026-04-11 17:10:58
dnes.bg,https://www.dnes.bg/c/604-izbori-2026?page=2,https://www.dnes.bg/a/1-bulgaria/717249-gyurov-glasove-sa-se-kupuvali-za-dva-hlyaba-i-tri-salama-unizitelno-e-video,"Гюров: Гласове са се купували за два хляба и три салама, унизително е ВИДЕО",08.04.2026 | 10:48 ч.,,55,"Не фалшиви, ами мръсни пари. Например кмет от ПП (партия Петрохан) дарява на едноименната зелена скаутска секта (псевдоагенция) 75 000 общински чисти пари. Обратно му връщат примерно двойно почвече мръсни пари, които не могат да се проследят (от контрабанда, наркотици, кражби, изнудвания, педофилия и т.н.), с които да се стартира кампания от многохилядни протести озвучаване, платени протестиращи и т.н. Но бухалките се усещат и започват да изнудват скаутите, те геройски се самоубиват...",Петрохан не е само с,преди 3 дни,5,0,2026-04-11 17:10:58
dnes.bg,https://www.dnes.bg/c/604-izbori-2026?page=2,https://www.dnes.bg/a/1-bulgaria/717249-gyurov-glasove-sa-se-kupuvali-za-dva-hlyaba-i-tri-salama-unizitelno-e-video,"Гюров: Гласове са се купували за два хляба и три салама, унизително е ВИДЕО",08.04.2026 | 10:48 ч.,,54,"Какво е Гюров: конфликт на интереси, измама, корупция, ППДБ.",Йордан,преди 3 дни,5,1,2026-04-11 17:10:58
dnes.bg,https://www.dnes.bg/c/604-izbori-2026?page=2,https://www.dnes.bg/a/1-bulgaria/717249-gyurov-glasove-sa-se-kupuvali-za-dva-hlyaba-i-tri-salama-unizitelno-e-video,"Гюров: Гласове са се купували за два хляба и три салама, унизително е ВИДЕО",08.04.2026 | 10:48 ч.,,53,"Дааа! Преди 15-тина години, в компания и на майтап предложих като начин за подобряване благосъстоянието на хората - избори през 6 месеца, по аналогичен начин. Ето, че са се намерили ПП-ДБ да предизвикват избори през 6-9 месеца и да лобират за начина на купуване на гласове. Преди 10 години се говореше за кебапчета. Все пак три салама и два хляба струват повече от 5 кебапчета. Вдигнали сте благосъстоянието на хората, и настоявате за още повече.",анонимен,преди 3 дни,1,1,2026-04-11 17:11:01
dnes.bg,https://www.dnes.bg/c/604-izbori-2026?page=2,https://www.dnes.bg/a/1-bulgaria/717249-gyurov-glasove-sa-se-kupuvali-za-dva-hlyaba-i-tri-salama-unizitelno-e-video,"Гюров: Гласове са се купували за два хляба и три салама, унизително е ВИДЕО",08.04.2026 | 10:48 ч.,,52,"Колко и да е скъп бензина за 5 евро ще направиш 2-3 коктейла *** така, че проблема си е в нас ,че оставяме политиците да ни крадът.",факт,преди 3 дни,3,0,2026-04-11 17:11:01
dnes.bg,https://www.dnes.bg/c/604-izbori-2026?page=2,https://www.dnes.bg/a/1-bulgaria/717249-gyurov-glasove-sa-se-kupuvali-za-dva-hlyaba-i-tri-salama-unizitelno-e-video,"Гюров: Гласове са се купували за два хляба и три салама, унизително е ВИДЕО",08.04.2026 | 10:48 ч.,,51,"появили са се освен червени мутри, но и дебелашки мутри да пазаруват гласове",анонимен,преди 3 дни,1,2,2026-04-11 17:11:01
dnes.bg,https://www.dnes.bg/c/604-izbori-2026?page=2,https://www.dnes.bg/a/1-bulgaria/717249-gyurov-glasove-sa-se-kupuvali-za-dva-hlyaba-i-tri-salama-unizitelno-e-video,"Гюров: Гласове са се купували за два хляба и три салама, унизително е ВИДЕО",08.04.2026 | 10:48 ч.,,50,"Унизително с известни НА ПОЛИЦИЯТА БОСОВЕ НА ГЛАСОВЕ И КРЕДИТИ В ""ШВЕДСКИТЕ"" МАХАЛИ ДА СЕ СРЕЩАШ И ДА ИМ ОБЕЩАВАШ НА ХОРАТА РАЗРЕШИТЕЛНИ НА НЕЗАКОННИТЕ ИМ ПОСТРОЙКИ АКО ГЛАСУВАТ ЗА ТЕБ ! ! На миналите избори Асен и Киро така влязоха.Този пътдори един такъв бос депутат ще става от тяхнитте листи!",анонимен,преди 3 дни,4,2,2026-04-11 17:11:01
dnes.bg,https://www.dnes.bg/c/604-izbori-2026?page=2,https://www.dnes.bg/a/1-bulgaria/717249-gyurov-glasove-sa-se-kupuvali-za-dva-hlyaba-i-tri-salama-unizitelno-e-video,"Гюров: Гласове са се купували за два хляба и три салама, унизително е ВИДЕО",08.04.2026 | 10:48 ч.,,49,причината е че българина търпи такива из7роди в управлението дето го докараха до просешка тояга - а па тоя да оди вукрайна нали им обеща помощи - типичен антибългарин,анонимен,преди 3 дни,4,1,2026-04-11 17:11:01
dnes.bg,https://www.dnes.bg/c/604-izbori-2026?page=2,https://www.dnes.bg/a/1-bulgaria/717249-gyurov-glasove-sa-se-kupuvali-za-dva-hlyaba-i-tri-salama-unizitelno-e-video,"Гюров: Гласове са се купували за два хляба и три салама, унизително е ВИДЕО",08.04.2026 | 10:48 ч.,,48,"Ако ще си продавате гласа си , продайте скъпо .Нека да ви заредят поне евдин резервоар гориво",анонимен,преди 3 дни,3,2,2026-04-11 17:11:01
dnes.bg,https://www.dnes.bg/c/604-izbori-2026?page=2,https://www.dnes.bg/a/1-bulgaria/717249-gyurov-glasove-sa-se-kupuvali-za-dva-hlyaba-i-tri-salama-unizitelno-e-video,"Гюров: Гласове са се купували за два хляба и три салама, унизително е ВИДЕО",08.04.2026 | 10:48 ч.,,47,"А с инфлацията от еврото насложена на инфлацията от войната в Оран- какво ще правим?И сега да не излезе някой да ми цитира НСИ с техните 2 % годишна инфлация, че направо налитам на бой!",Аха,преди 3 дни,6,0,2026-04-11 17:11:01
dnes.bg,https://www.dnes.bg/c/604-izbori-2026?page=2,https://www.dnes.bg/a/1-bulgaria/717249-gyurov-glasove-sa-se-kupuvali-za-dva-hlyaba-i-tri-salama-unizitelno-e-video,"Гюров: Гласове са се купували за два хляба и три салама, унизително е ВИДЕО",08.04.2026 | 10:48 ч.,,46,"Аз се чуствам унизен от това ,че Надежда Нейнски от котилото на Костов , пак е министър .Тя участваше в разграбването на държавата",анонимен,преди 3 дни,9,1,2026-04-11 17:11:01
dnes.bg,https://www.dnes.bg/c/604-izbori-2026?page=2,https://www.dnes.bg/a/1-bulgaria/717249-gyurov-glasove-sa-se-kupuvali-za-dva-hlyaba-i-tri-salama-unizitelno-e-video,"Гюров: Гласове са се купували за два хляба и три салама, унизително е ВИДЕО",08.04.2026 | 10:48 ч.,,45,"в държавата на пеевски, борисов и дс, хората се продават за хляб и салам, потрудиха се да ни докарат до тук, че да им е по-евтино при купуването на гласове",анонимен,преди 3 дни,3,6,2026-04-11 17:11:01
dnes.bg,https://www.dnes.bg/c/604-izbori-2026?page=2,https://www.dnes.bg/a/1-bulgaria/717249-gyurov-glasove-sa-se-kupuvali-za-dva-hlyaba-i-tri-salama-unizitelno-e-video,"Гюров: Гласове са се купували за два хляба и три салама, унизително е ВИДЕО",08.04.2026 | 10:48 ч.,,44,Унизително е да нямаме право да носим оръжие както е в демокацията САЩ .Тогава ще видите кое е унизително и кое не .,анонимен,преди 3 дни,4,2,2026-04-11 17:11:01
dnes.bg,https://www.dnes.bg/c/604-izbori-2026?page=2,https://www.dnes.bg/a/1-bulgaria/717249-gyurov-glasove-sa-se-kupuvali-za-dva-hlyaba-i-tri-salama-unizitelno-e-video,"Гюров: Гласове са се купували за два хляба и три салама, унизително е ВИДЕО",08.04.2026 | 10:48 ч.,,43,"""Гюров: Гласове са се купували за два хляба и три салама, унизително е ""----------Дотам докарахте държавата.",анонимен,преди 3 дни,6,2,2026-04-11 17:11:03
dnes.bg,https://www.dnes.bg/c/604-izbori-2026?page=2,https://www.dnes.bg/a/1-bulgaria/717249-gyurov-glasove-sa-se-kupuvali-za-dva-hlyaba-i-tri-salama-unizitelno-e-video,"Гюров: Гласове са се купували за два хляба и три салама, унизително е ВИДЕО",08.04.2026 | 10:48 ч.,,42,Никой не е по-голям от хляба. А ако има и салам към хляба щастието е пълно!,анонимен,преди 3 дни,4,1,2026-04-11 17:11:03
dnes.bg,https://www.dnes.bg/c/604-izbori-2026?page=2,https://www.dnes.bg/a/1-bulgaria/717249-gyurov-glasove-sa-se-kupuvali-za-dva-hlyaba-i-tri-salama-unizitelno-e-video,"Гюров: Гласове са се купували за два хляба и три салама, унизително е ВИДЕО",08.04.2026 | 10:48 ч.,,41,"Гюров, поставен си не да констатираш, а да действаш. Ако не си в състояние да решиш купуването на гласове, шапката и в хижата в Петрохан...",Точен,преди 3 дни,6,2,2026-04-11 17:11:03
dnes.bg,https://www.dnes.bg/c/604-izbori-2026?page=2,https://www.dnes.bg/a/1-bulgaria/717249-gyurov-glasove-sa-se-kupuvali-za-dva-hlyaba-i-tri-salama-unizitelno-e-video,"Гюров: Гласове са се купували за два хляба и три салама, унизително е ВИДЕО",08.04.2026 | 10:48 ч.,,40,Хич не е особено на север,анонимен,преди 3 дни,2,0,2026-04-11 17:11:03
dnes.bg,https://www.dnes.bg/c/604-izbori-2026?page=2,https://www.dnes.bg/a/1-bulgaria/717249-gyurov-glasove-sa-se-kupuvali-za-dva-hlyaba-i-tri-salama-unizitelno-e-video,"Гюров: Гласове са се купували за два хляба и три салама, унизително е ВИДЕО",08.04.2026 | 10:48 ч.,,39,Аз взех 50 еврака от ПП-то.,анонимен,преди 3 дни,10,1,2026-04-11 17:11:03
dnes.bg,https://www.dnes.bg/c/604-izbori-2026?page=2,https://www.dnes.bg/a/1-bulgaria/717249-gyurov-glasove-sa-se-kupuvali-za-dva-hlyaba-i-tri-salama-unizitelno-e-video,"Гюров: Гласове са се купували за два хляба и три салама, унизително е ВИДЕО",08.04.2026 | 10:48 ч.,,38,"АЗ знам само , че когато ПП-ДБ са под някаква форма във власта , дизела винаги минава 3,20 лв",анонимен,преди 3 дни,8,2,2026-04-11 17:11:03
dnes.bg,https://www.dnes.bg/c/604-izbori-2026?page=2,https://www.dnes.bg/a/1-bulgaria/717249-gyurov-glasove-sa-se-kupuvali-za-dva-hlyaba-i-tri-salama-unizitelno-e-video,"Гюров: Гласове са се купували за два хляба и три салама, унизително е ВИДЕО",08.04.2026 | 10:48 ч.,,37,"Унизително е че има 1 милион калинки по разни държавни канцеларии където цоцат от нашите пари, а на избори ходят да гласуват за такива като тебе...",анонимен,преди 3 дни,3,1,2026-04-11 17:11:03
dnes.bg,https://www.dnes.bg/c/604-izbori-2026?page=2,https://www.dnes.bg/a/1-bulgaria/717249-gyurov-glasove-sa-se-kupuvali-za-dva-hlyaba-i-tri-salama-unizitelno-e-video,"Гюров: Гласове са се купували за два хляба и три салама, унизително е ВИДЕО",08.04.2026 | 10:48 ч.,,36,"Унизително е , че след 36 години управление на НПО , налагане на евро атлантизъм има гладни и бедни хора , които гласуват за хляб и салам .Унизително е ,че кило домати е 6 евро .Унизително е ,че унищожихте всички активи на държавата",анонимен,преди 3 дни,9,1,2026-04-11 17:11:03
dnes.bg,https://www.dnes.bg/c/604-izbori-2026?page=2,https://www.dnes.bg/a/1-bulgaria/717249-gyurov-glasove-sa-se-kupuvali-za-dva-hlyaba-i-tri-salama-unizitelno-e-video,"Гюров: Гласове са се купували за два хляба и три салама, унизително е ВИДЕО",08.04.2026 | 10:48 ч.,,35,Унизително е присъствието на превратаджиите от ППДБ в министерските кресла,анонимен,преди 3 дни,10,1,2026-04-11 17:11:03
dnes.bg,https://www.dnes.bg/c/604-izbori-2026?page=2,https://www.dnes.bg/a/1-bulgaria/717249-gyurov-glasove-sa-se-kupuvali-za-dva-hlyaba-i-tri-salama-unizitelno-e-video,"Гюров: Гласове са се купували за два хляба и три салама, унизително е ВИДЕО",08.04.2026 | 10:48 ч.,,34,"Толкова избори минаха,как пък на мен или на мои познати никой не ни прадложи да ни купи гласа ? Мисля,че преиграват с това купуване на гласове!",анонимен,преди 3 дни,8,1,2026-04-11 17:11:03
dnes.bg,https://www.dnes.bg/c/604-izbori-2026?page=2,https://www.dnes.bg/a/1-bulgaria/717249-gyurov-glasove-sa-se-kupuvali-za-dva-hlyaba-i-tri-salama-unizitelno-e-video,"Гюров: Гласове са се купували за два хляба и три салама, унизително е ВИДЕО",08.04.2026 | 10:48 ч.,,33,"Ние българите сме най-достойния народ, но от некаде ни идват политици които ни поставят в унизително положение и ние българите несправедливо страдаме невинни от това нещо.",Българин,преди 3 дни,3,0,2026-04-11 17:11:06
dnes.bg,https://www.dnes.bg/c/604-izbori-2026?page=2,https://www.dnes.bg/a/1-bulgaria/717249-gyurov-glasove-sa-se-kupuvali-za-dva-hlyaba-i-tri-salama-unizitelno-e-video,"Гюров: Гласове са се купували за два хляба и три салама, унизително е ВИДЕО",08.04.2026 | 10:48 ч.,,32,"Проблема е, че от никаде не ни идва един тезгях, на който са изложени за избор отговорни и читави политици които да ни осигурят нормален живот, да си имаме дом, работа, достойно заплащане, достъпно и качествено здравеопазване, сигурност и безопастност, функциониращи държавни институции, социален пакет - мед-обслужване, пенсии и грижа за възрастните и децата. Но проблема е, че от никаде не ни идва един тезгях с отговорни и читави политици да избираме.",Българин,преди 3 дни,2,0,2026-04-11 17:11:06
dnes.bg,https://www.dnes.bg/c/604-izbori-2026?page=2,https://www.dnes.bg/a/1-bulgaria/717249-gyurov-glasove-sa-se-kupuvali-za-dva-hlyaba-i-tri-salama-unizitelno-e-video,"Гюров: Гласове са се купували за два хляба и три салама, унизително е ВИДЕО",08.04.2026 | 10:48 ч.,,31,Ами нисък стандарта другарю началник... дигнете още заплатите да се дигнат и цените на гласовете...,анонимен,преди 3 дни,1,2,2026-04-11 17:11:06
dnes.bg,https://www.dnes.bg/c/604-izbori-2026?page=2,https://www.dnes.bg/a/1-bulgaria/717249-gyurov-glasove-sa-se-kupuvali-za-dva-hlyaba-i-tri-salama-unizitelno-e-video,"Гюров: Гласове са се купували за два хляба и три салама, унизително е ВИДЕО",08.04.2026 | 10:48 ч.,,30,Унизително е че благодарение на вас хората са в това положение.,анонимен,преди 3 дни,10,5,2026-04-11 17:11:06
dnes.bg,https://www.dnes.bg/c/604-izbori-2026?page=2,https://www.dnes.bg/a/1-bulgaria/717249-gyurov-glasove-sa-se-kupuvali-za-dva-hlyaba-i-tri-salama-unizitelno-e-video,"Гюров: Гласове са се купували за два хляба и три салама, унизително е ВИДЕО",08.04.2026 | 10:48 ч.,,29,А какво става с отслабването и рухването на Русия. Почнаха ли вече протестите в Москва и Петербург?,анонимен,преди 3 дни,4,5,2026-04-11 17:11:06
dnes.bg,https://www.dnes.bg/c/604-izbori-2026?page=2,https://www.dnes.bg/a/1-bulgaria/717249-gyurov-glasove-sa-se-kupuvali-za-dva-hlyaba-i-tri-salama-unizitelno-e-video,"Гюров: Гласове са се купували за два хляба и три салама, унизително е ВИДЕО",08.04.2026 | 10:48 ч.,,28,Кое не дакара да там?Дивият капитализъм демукрадизмът на ви го,Въпрос,преди 3 дни,3,3,2026-04-11 17:11:06
dnes.bg,https://www.dnes.bg/c/604-izbori-2026?page=2,https://www.dnes.bg/a/1-bulgaria/717249-gyurov-glasove-sa-se-kupuvali-za-dva-hlyaba-i-tri-salama-unizitelno-e-video,"Гюров: Гласове са се купували за два хляба и три салама, унизително е ВИДЕО",08.04.2026 | 10:48 ч.,,27,"Ние българите сме най-откарания народ, но от некаде ни идват политици които но докарват до това положение и ние българите несправедливо страдаме невинни от тая работа.",Българин,преди 3 дни,2,2,2026-04-11 17:11:06
dnes.bg,https://www.dnes.bg/c/604-izbori-2026?page=2,https://www.dnes.bg/a/1-bulgaria/717249-gyurov-glasove-sa-se-kupuvali-za-dva-hlyaba-i-tri-salama-unizitelno-e-video,"Гюров: Гласове са се купували за два хляба и три салама, унизително е ВИДЕО",08.04.2026 | 10:48 ч.,,26,"Има хора, които избират салама пред Свободата - и накрая губят и двете!",Сержант,преди 3 дни,4,4,2026-04-11 17:11:06
dnes.bg,https://www.dnes.bg/c/604-izbori-2026?page=2,https://www.dnes.bg/a/1-bulgaria/717249-gyurov-glasove-sa-se-kupuvali-za-dva-hlyaba-i-tri-salama-unizitelno-e-video,"Гюров: Гласове са се купували за два хляба и три салама, унизително е ВИДЕО",08.04.2026 | 10:48 ч.,,25,Ще е унизително ако ППДБ влезнат в парламента,анонимен,преди 3 дни,9,4,2026-04-11 17:11:06
dnes.bg,https://www.dnes.bg/c/604-izbori-2026?page=2,https://www.dnes.bg/a/1-bulgaria/717249-gyurov-glasove-sa-se-kupuvali-za-dva-hlyaba-i-tri-salama-unizitelno-e-video,"Гюров: Гласове са се купували за два хляба и три салама, унизително е ВИДЕО",08.04.2026 | 10:48 ч.,,24,Лесно тие ти ако гладуваш и ти ще гласуваш за салам и хляб,Гюро милионер си,преди 3 дни,9,1,2026-04-11 17:11:06
dnes.bg,https://www.dnes.bg/c/604-izbori-2026?page=2,https://www.dnes.bg/a/1-bulgaria/717249-gyurov-glasove-sa-se-kupuvali-za-dva-hlyaba-i-tri-salama-unizitelno-e-video,"Гюров: Гласове са се купували за два хляба и три салама, унизително е ВИДЕО",08.04.2026 | 10:48 ч.,,23,"Най-доброто за България е Ердоган да се смили да я вземе, да живнат малко българите, защото нищо не става от тоя народ, само се хаби хубавата територия - и климат, и природа и море и плодородна земя, и полезни изкопаеми и всичко си има, истински дар от Бога, но на народ не случи. Никакви избори и правителства не могат да помогнат на тоя народ, това племе трябва да се прочисти и други народи да се заселят на тази хубава земя.",анонимен,преди 3 дни,3,6,2026-04-11 17:11:09
dnes.bg,https://www.dnes.bg/c/604-izbori-2026?page=2,https://www.dnes.bg/a/1-bulgaria/717249-gyurov-glasove-sa-se-kupuvali-za-dva-hlyaba-i-tri-salama-unizitelno-e-video,"Гюров: Гласове са се купували за два хляба и три салама, унизително е ВИДЕО",08.04.2026 | 10:48 ч.,,22,"Това е унизително , това е социализъм и комунизъм . А преди имаше и това дали изобщо да съществуваш или да те интернират в някое безлюдно място за наказание че не гласуваш за червените ! Така беше . И сега е същото . Изобщо не е важно че сме в Европа . Важното е че пак ни управляват червените съдии , прокурори и адвокати ! При тяхната съдийска власт е така ! Това е тяхното върховенство на техния закон .",ПРАВОТО,преди 3 дни,3,4,2026-04-11 17:11:09
dnes.bg,https://www.dnes.bg/c/604-izbori-2026?page=2,https://www.dnes.bg/a/1-bulgaria/717249-gyurov-glasove-sa-se-kupuvali-za-dva-hlyaba-i-tri-salama-unizitelno-e-video,"Гюров: Гласове са се купували за два хляба и три салама, унизително е ВИДЕО",08.04.2026 | 10:48 ч.,,21,Тоя *** даде на крадливите укри 18 милиона евра а на бедните булгарите по 20 евро безсрамник такъв.,анонимен,преди 3 дни,12,0,2026-04-11 17:11:09
dnes.bg,https://www.dnes.bg/c/604-izbori-2026?page=2,https://www.dnes.bg/a/1-bulgaria/717249-gyurov-glasove-sa-se-kupuvali-za-dva-hlyaba-i-tri-salama-unizitelno-e-video,"Гюров: Гласове са се купували за два хляба и три салама, унизително е ВИДЕО",08.04.2026 | 10:48 ч.,,20,"А вие ги купувате публично и с държавни пари. По 20 евро за ""най-бедните"" - пенсионерите, които са с коли. Дори не е нужно да се коментира, че това е ПРОИНФЛАЦИОННА мярка, защото помпа потреблението именно на горината.",анонимен,преди 3 дни,9,1,2026-04-11 17:11:09
dnes.bg,https://www.dnes.bg/c/604-izbori-2026?page=2,https://www.dnes.bg/a/1-bulgaria/717249-gyurov-glasove-sa-se-kupuvali-za-dva-hlyaba-i-tri-salama-unizitelno-e-video,"Гюров: Гласове са се купували за два хляба и три салама, унизително е ВИДЕО",08.04.2026 | 10:48 ч.,,19,"прав е Гюров , унизително е . той плаща доста повече за гласове за ппдб",така де,преди 3 дни,10,0,2026-04-11 17:11:09
dnes.bg,https://www.dnes.bg/c/604-izbori-2026?page=2,https://www.dnes.bg/a/1-bulgaria/717249-gyurov-glasove-sa-se-kupuvali-za-dva-hlyaba-i-tri-salama-unizitelno-e-video,"Гюров: Гласове са се купували за два хляба и три салама, унизително е ВИДЕО",08.04.2026 | 10:48 ч.,,18,"този е човек който те кара да се чудиш откъде е изкопан. били се продали за хляб и салам.А за какво да се продадат след като живеят в мизерия а и по разни причини не могат сами да си изкарват прехраната. Този явно не знае какво е да си гладен.Пък и изглежда че си мисли че за да е унизително трябва да се продадеш по - скъпо.Ама то и за това се иска да си малко мозъчен.А тези със салама не са такива. Това трябва да му даде тема за размисъл, а не да го кара да се прави на умен",анонимен,преди 3 дни,14,0,2026-04-11 17:11:09
dnes.bg,https://www.dnes.bg/c/604-izbori-2026?page=2,https://www.dnes.bg/a/1-bulgaria/717249-gyurov-glasove-sa-se-kupuvali-za-dva-hlyaba-i-tri-salama-unizitelno-e-video,"Гюров: Гласове са се купували за два хляба и три салама, унизително е ВИДЕО",08.04.2026 | 10:48 ч.,,17,"унизително е, че си и министър-председател......",анонимен,преди 3 дни,14,0,2026-04-11 17:11:09
dnes.bg,https://www.dnes.bg/c/604-izbori-2026?page=2,https://www.dnes.bg/a/1-bulgaria/717249-gyurov-glasove-sa-se-kupuvali-za-dva-hlyaba-i-tri-salama-unizitelno-e-video,"Гюров: Гласове са се купували за два хляба и три салама, унизително е ВИДЕО",08.04.2026 | 10:48 ч.,,16,"Петрохан, петрохан, ама народа пак ще гласува за ПП-ДБ",анонимен,преди 3 дни,3,9,2026-04-11 17:11:09
dnes.bg,https://www.dnes.bg/c/604-izbori-2026?page=2,https://www.dnes.bg/a/1-bulgaria/717249-gyurov-glasove-sa-se-kupuvali-za-dva-hlyaba-i-tri-salama-unizitelno-e-video,"Гюров: Гласове са се купували за два хляба и три салама, унизително е ВИДЕО",08.04.2026 | 10:48 ч.,,15,"Гласувайте само за пари, иначе няма никакъв смисъл да се гласува да си губиш времето. Като си прдодаваш вота получаваш нещо реално, а иначе като гласуваш за обещания получаваш после среден пръст. Какво получиха тези които глауваха за обещания, освен, че ги измамиха, и те пак гласуват, и пак ги лъжат, и пак гласуват ... демокрация, кво да прайш...",анонимен,преди 3 дни,7,2,2026-04-11 17:11:09
dnes.bg,https://www.dnes.bg/c/604-izbori-2026?page=2,https://www.dnes.bg/a/1-bulgaria/717249-gyurov-glasove-sa-se-kupuvali-za-dva-hlyaba-i-tri-salama-unizitelno-e-video,"Гюров: Гласове са се купували за два хляба и три салама, унизително е ВИДЕО",08.04.2026 | 10:48 ч.,,14,А дубайците от NEXO как са?,анонимен,преди 3 дни,9,0,2026-04-11 17:11:09
dnes.bg,https://www.dnes.bg/c/604-izbori-2026?page=2,https://www.dnes.bg/a/1-bulgaria/717249-gyurov-glasove-sa-se-kupuvali-za-dva-hlyaba-i-tri-salama-unizitelno-e-video,"Гюров: Гласове са се купували за два хляба и три салама, унизително е ВИДЕО",08.04.2026 | 10:48 ч.,,13,"А за 50 лв или 100 нямаше да е унизително,че не разбирам,какво имаше предвид Господина ?",Гюнтер,преди 3 дни,9,0,2026-04-11 17:11:12
dnes.bg,https://www.dnes.bg/c/604-izbori-2026?page=2,https://www.dnes.bg/a/1-bulgaria/717249-gyurov-glasove-sa-se-kupuvali-za-dva-hlyaba-i-tri-salama-unizitelno-e-video,"Гюров: Гласове са се купували за два хляба и три салама, унизително е ВИДЕО",08.04.2026 | 10:48 ч.,,12,"Мене много ме кефат Бербата и Гюрата как дриблират в кабинета на Гюрата. Аз съм много щаслив че сме в ЕС и живеем при демокрациятa, това е прекрасно! Аз много обичам демокрацията.",Българин,преди 3 дни,1,8,2026-04-11 17:11:12
dnes.bg,https://www.dnes.bg/c/604-izbori-2026?page=2,https://www.dnes.bg/a/1-bulgaria/717249-gyurov-glasove-sa-se-kupuvali-za-dva-hlyaba-i-tri-salama-unizitelno-e-video,"Гюров: Гласове са се купували за два хляба и три салама, унизително е ВИДЕО",08.04.2026 | 10:48 ч.,,11,"унизително е, че сте докарали хората, да си продават гласа, за два хляба и три салама!",анонимен,преди 3 дни,12,0,2026-04-11 17:11:12
dnes.bg,https://www.dnes.bg/c/604-izbori-2026?page=2,https://www.dnes.bg/a/1-bulgaria/717249-gyurov-glasove-sa-se-kupuvali-za-dva-hlyaba-i-tri-salama-unizitelno-e-video,"Гюров: Гласове са се купували за два хляба и три салама, унизително е ВИДЕО",08.04.2026 | 10:48 ч.,,10,"в държавата на пеевски, борисов и дс, хората се продават за хляб и салам, потрудиха се да ни докарат до тук, че да им е по-евтино",анонимен,преди 3 дни,4,8,2026-04-11 17:11:12
dnes.bg,https://www.dnes.bg/c/604-izbori-2026?page=2,https://www.dnes.bg/a/1-bulgaria/717249-gyurov-glasove-sa-se-kupuvali-za-dva-hlyaba-i-tri-salama-unizitelno-e-video,"Гюров: Гласове са се купували за два хляба и три салама, унизително е ВИДЕО",08.04.2026 | 10:48 ч.,,9,Два хляба са си два хляба. По-добре е от обещания,Киро,преди 3 дни,9,1,2026-04-11 17:11:12
dnes.bg,https://www.dnes.bg/c/604-izbori-2026?page=2,https://www.dnes.bg/a/1-bulgaria/717249-gyurov-glasove-sa-se-kupuvali-za-dva-hlyaba-i-tri-salama-unizitelno-e-video,"Гюров: Гласове са се купували за два хляба и три салама, унизително е ВИДЕО",08.04.2026 | 10:48 ч.,,8,"Гюро, я кажи 20-те евро за бензин кога ще ги платите? Май ще е към август месец евентуално, ако има пари в бюджета :)))))) Вчера изскочил Тъпанчев с двата пръста чело и пуснал пак латерната Борисов-Пеевски :))))))))) Смешна работа.",Зозо,преди 3 дни,13,2,2026-04-11 17:11:12
dnes.bg,https://www.dnes.bg/c/604-izbori-2026?page=2,https://www.dnes.bg/a/1-bulgaria/717249-gyurov-glasove-sa-se-kupuvali-za-dva-hlyaba-i-tri-salama-unizitelno-e-video,"Гюров: Гласове са се купували за два хляба и три салама, унизително е ВИДЕО",08.04.2026 | 10:48 ч.,,7,"Е кое му е унизителното, като направихте така, че 2 хляба и 3 салама да струват 50 евро? Унизително е как обедня народа изведнъж.",анонимен,преди 3 дни,14,0,2026-04-11 17:11:12
dnes.bg,https://www.dnes.bg/c/604-izbori-2026?page=2,https://www.dnes.bg/a/1-bulgaria/717249-gyurov-glasove-sa-se-kupuvali-za-dva-hlyaba-i-tri-salama-unizitelno-e-video,"Гюров: Гласове са се купували за два хляба и три салама, унизително е ВИДЕО",08.04.2026 | 10:48 ч.,,6,"Трудна работа който и да било да се справи с такъв манталитет и ""култура"". Няма как общество, което е издигнало в култ тарикатлъка да го вкарваш в някаква нормалност. Трябва само тоталитарен режим, ама и то не вещае нещо много добро.",анонимен,преди 3 дни,10,2,2026-04-11 17:11:12
dnes.bg,https://www.dnes.bg/c/604-izbori-2026?page=2,https://www.dnes.bg/a/1-bulgaria/717249-gyurov-glasove-sa-se-kupuvali-za-dva-hlyaba-i-tri-salama-unizitelno-e-video,"Гюров: Гласове са се купували за два хляба и три салама, унизително е ВИДЕО",08.04.2026 | 10:48 ч.,,5,"Хората им писна от демокрация , инфлация , празен хладилник и решиха поня някой салам да вземат",анонимен,преди 3 дни,11,3,2026-04-11 17:11:12
dnes.bg,https://www.dnes.bg/c/604-izbori-2026?page=2,https://www.dnes.bg/a/1-bulgaria/717249-gyurov-glasove-sa-se-kupuvali-za-dva-hlyaba-i-tri-salama-unizitelno-e-video,"Гюров: Гласове са се купували за два хляба и три салама, унизително е ВИДЕО",08.04.2026 | 10:48 ч.,,4,"Инизително е гюров. унизително и да давате на пенсионерите по 20 евро за Великден и да гледам бабата вчера по новините ,че ще ги даде за лекарства и ,че е не е яла месо скоро",анонимен,преди 3 дни,18,1,2026-04-11 17:11:12
dnes.bg,https://www.dnes.bg/c/604-izbori-2026?page=2,https://www.dnes.bg/a/1-bulgaria/717249-gyurov-glasove-sa-se-kupuvali-za-dva-hlyaba-i-tri-salama-unizitelno-e-video,"Гюров: Гласове са се купували за два хляба и три салама, унизително е ВИДЕО",08.04.2026 | 10:48 ч.,,3,Може ли и една бира?,анонимен,преди 3 дни,10,0,2026-04-11 17:11:15
dnes.bg,https://www.dnes.bg/c/604-izbori-2026?page=2,https://www.dnes.bg/a/1-bulgaria/717249-gyurov-glasove-sa-se-kupuvali-za-dva-hlyaba-i-tri-salama-unizitelno-e-video,"Гюров: Гласове са се купували за два хляба и три салама, унизително е ВИДЕО",08.04.2026 | 10:48 ч.,,2,"Гюро с поредният сух напън. Като говори така, да каже първо ПРЕДПОЛАГАЕМО купуване на гласове. Тези после половината ще осъдят МВР, но няма да плаща Гюро и ППДБ. Ай сиктир!!!! ППДБ умре.",Зозо,преди 3 дни,5,1,2026-04-11 17:11:15
dnes.bg,https://www.dnes.bg/c/604-izbori-2026?page=2,https://www.dnes.bg/a/1-bulgaria/717249-gyurov-glasove-sa-se-kupuvali-za-dva-hlyaba-i-tri-salama-unizitelno-e-video,"Гюров: Гласове са се купували за два хляба и три салама, унизително е ВИДЕО",08.04.2026 | 10:48 ч.,,1,"Нали сме в клуба на богатите ве Гюров, що така се получва",анонимен,преди 3 дни,14,2,2026-04-11 17:11:15
dnes.bg,https://www.dnes.bg/c/604-izbori-2026?page=2,https://www.dnes.bg/a/1-bulgaria/717225-izborite-na-19-april-31-kandidat-deputati-sa-s-dosieta-ot-bivshata-ds,Изборите на 19 април: 31 кандидат-депутати са с досиета от бившата ДС,08.04.2026 | 09:30 ч.,,109,"Я ги вижте от снимката на ПБ, не е само един. А е един за всички и всички за един. Нещо като лозунгите на БКП",анонимен,преди 30 минути,0,0,2026-04-11 17:11:18
dnes.bg,https://www.dnes.bg/c/604-izbori-2026?page=2,https://www.dnes.bg/a/1-bulgaria/717225-izborite-na-19-april-31-kandidat-deputati-sa-s-dosieta-ot-bivshata-ds,Изборите на 19 април: 31 кандидат-депутати са с досиета от бившата ДС,08.04.2026 | 09:30 ч.,,108,"До: анонимен: ""Вече 37 години..."" И 137 г. да изминат не се ли извърши лустрация, след което да не се допускат тези сътрудници до висши и отговорни държавни длъжности у нас, а на пенсионерите да им се отнемат ""таванните"" пенсии - няма да има спиране. Вън комболшевишките/сталинистки/нацистки съветски путинрусофили от Родината ни! Опасни са за националната й сигурност. ДАНС!...",Rambaldievskievich,преди 50 минути,0,0,2026-04-11 17:11:18
dnes.bg,https://www.dnes.bg/c/604-izbori-2026?page=2,https://www.dnes.bg/a/1-bulgaria/717225-izborite-na-19-april-31-kandidat-deputati-sa-s-dosieta-ot-bivshata-ds,Изборите на 19 април: 31 кандидат-депутати са с досиета от бившата ДС,08.04.2026 | 09:30 ч.,,107,"Вече 37 години изминаха от 11 ноември 1989 г. Не е ли време да спрете с тези сътрудници на ДС? Наскоро прочетох за един господин, станал сътрудник на ДС през септември 89 г. Какво е работил е пред кого се е отчитал след 11 ноември с.г.?",анонимен,преди 3 часа,0,5,2026-04-11 17:11:18
dnes.bg,https://www.dnes.bg/c/604-izbori-2026?page=2,https://www.dnes.bg/a/1-bulgaria/717225-izborite-na-19-april-31-kandidat-deputati-sa-s-dosieta-ot-bivshata-ds,Изборите на 19 април: 31 кандидат-депутати са с досиета от бившата ДС,08.04.2026 | 09:30 ч.,,106,"А децата и внуците, и тях трябва. Ще се окаже, че ДС пак управлява.",анонимен,преди 6 часа,7,1,2026-04-11 17:11:18
dnes.bg,https://www.dnes.bg/c/604-izbori-2026?page=2,https://www.dnes.bg/a/1-bulgaria/717225-izborite-na-19-april-31-kandidat-deputati-sa-s-dosieta-ot-bivshata-ds,Изборите на 19 април: 31 кандидат-депутати са с досиета от бившата ДС,08.04.2026 | 09:30 ч.,,105,що не споменават ППЛГДБ там са до 9то коляно,анонимен,преди 17 часа,8,5,2026-04-11 17:11:18
dnes.bg,https://www.dnes.bg/c/604-izbori-2026?page=2,https://www.dnes.bg/a/1-bulgaria/717225-izborite-na-19-april-31-kandidat-deputati-sa-s-dosieta-ot-bivshata-ds,Изборите на 19 април: 31 кандидат-депутати са с досиета от бившата ДС,08.04.2026 | 09:30 ч.,,104,"В Прогресивна България само едно ченге - пълна лъжа.А ППДБ ,пълно с децата,внуците на ДС.Лъжци безсрамни",анонимен,преди 19 часа,9,3,2026-04-11 17:11:18
dnes.bg,https://www.dnes.bg/c/604-izbori-2026?page=2,https://www.dnes.bg/a/1-bulgaria/717225-izborite-na-19-april-31-kandidat-deputati-sa-s-dosieta-ot-bivshata-ds,Изборите на 19 април: 31 кандидат-депутати са с досиета от бившата ДС,08.04.2026 | 09:30 ч.,,103,Ние сме на всеки километър,Червен rъ3,преди 20 часа,11,0,2026-04-11 17:11:18
dnes.bg,https://www.dnes.bg/c/604-izbori-2026?page=2,https://www.dnes.bg/a/1-bulgaria/717225-izborite-na-19-april-31-kandidat-deputati-sa-s-dosieta-ot-bivshata-ds,Изборите на 19 април: 31 кандидат-депутати са с досиета от бившата ДС,08.04.2026 | 09:30 ч.,,102,Tekme. Out.,анонимен,преди 1 ден,2,0,2026-04-11 17:11:18
dnes.bg,https://www.dnes.bg/c/604-izbori-2026?page=2,https://www.dnes.bg/a/1-bulgaria/717225-izborite-na-19-april-31-kandidat-deputati-sa-s-dosieta-ot-bivshata-ds,Изборите на 19 април: 31 кандидат-депутати са с досиета от бившата ДС,08.04.2026 | 09:30 ч.,,101,А колко са децата на ДС? Те да не са нещо различно?,анонимен,преди 1 ден,14,3,2026-04-11 17:11:18
dnes.bg,https://www.dnes.bg/c/604-izbori-2026?page=2,https://www.dnes.bg/a/1-bulgaria/717225-izborite-na-19-april-31-kandidat-deputati-sa-s-dosieta-ot-bivshata-ds,Изборите на 19 април: 31 кандидат-депутати са с досиета от бившата ДС,08.04.2026 | 09:30 ч.,,100,ВСИЧКИ СА ЗА ПСУВАНЕ НА МАЙКА С ИЗКЛЮЧЕНИЕ НА ПП ДБ,анонимен,преди 3 дни,10,5,2026-04-11 17:11:18
dnes.bg,https://www.dnes.bg/c/604-izbori-2026?page=2,https://www.dnes.bg/a/1-bulgaria/717225-izborite-na-19-april-31-kandidat-deputati-sa-s-dosieta-ot-bivshata-ds,Изборите на 19 април: 31 кандидат-депутати са с досиета от бившата ДС,08.04.2026 | 09:30 ч.,,99,"Освен това всички тези са пенсионери с високи пенсии,но им знаят мръсните игри на всички и за благодарност сега ще станат и депутати ,,милите,,те,защото пенсията не им стига!!!Ето за това България няма да я бъде...",анонимен,преди 3 дни,15,0,2026-04-11 17:11:21
dnes.bg,https://www.dnes.bg/c/604-izbori-2026?page=2,https://www.dnes.bg/a/1-bulgaria/717225-izborite-na-19-april-31-kandidat-deputati-sa-s-dosieta-ot-bivshata-ds,Изборите на 19 април: 31 кандидат-депутати са с досиета от бившата ДС,08.04.2026 | 09:30 ч.,,98,"Аз разбрах, че нашето българско ДС е било клон на чуждото съветско КГБ.",АНОНИМ до 94 Реалист,преди 3 дни,16,2,2026-04-11 17:11:21
dnes.bg,https://www.dnes.bg/c/604-izbori-2026?page=2,https://www.dnes.bg/a/1-bulgaria/717225-izborite-na-19-april-31-kandidat-deputati-sa-s-dosieta-ot-bivshata-ds,Изборите на 19 април: 31 кандидат-депутати са с досиета от бившата ДС,08.04.2026 | 09:30 ч.,,97,"Тези с досиетата заслужават медал. Пазели са държавата от западняците, да не ни откраднат социализма.",Я па я !,преди 3 дни,8,2,2026-04-11 17:11:21
dnes.bg,https://www.dnes.bg/c/604-izbori-2026?page=2,https://www.dnes.bg/a/1-bulgaria/717225-izborite-na-19-april-31-kandidat-deputati-sa-s-dosieta-ot-bivshata-ds,Изборите на 19 април: 31 кандидат-депутати са с досиета от бившата ДС,08.04.2026 | 09:30 ч.,,96,"А, наследниците на ДС и БКП? Те са масово в ППДС и ГЕРБ.",анонимен,преди 3 дни,15,3,2026-04-11 17:11:21
dnes.bg,https://www.dnes.bg/c/604-izbori-2026?page=2,https://www.dnes.bg/a/1-bulgaria/717225-izborite-na-19-april-31-kandidat-deputati-sa-s-dosieta-ot-bivshata-ds,Изборите на 19 април: 31 кандидат-депутати са с досиета от бившата ДС,08.04.2026 | 09:30 ч.,,95,а колко от кандидатите са бившо и настоящо ДС?,анонимен,преди 3 дни,6,0,2026-04-11 17:11:21
dnes.bg,https://www.dnes.bg/c/604-izbori-2026?page=2,https://www.dnes.bg/a/1-bulgaria/717225-izborite-na-19-april-31-kandidat-deputati-sa-s-dosieta-ot-bivshata-ds,Изборите на 19 април: 31 кандидат-депутати са с досиета от бившата ДС,08.04.2026 | 09:30 ч.,,94,"Няма силна държава без силни служби за сигурност, такава е била и ДС! Който разбрал, разбрал!",Реалист,преди 3 дни,11,7,2026-04-11 17:11:21
dnes.bg,https://www.dnes.bg/c/604-izbori-2026?page=2,https://www.dnes.bg/a/1-bulgaria/717225-izborite-na-19-april-31-kandidat-deputati-sa-s-dosieta-ot-bivshata-ds,Изборите на 19 април: 31 кандидат-депутати са с досиета от бившата ДС,08.04.2026 | 09:30 ч.,,93,"Тези ги остави, те са ясни. Ами другите, които са със същата принадлежност, но са без досиета? Не знам дали има по-пробита държава от нашата. Понякога си мисля, че режимът на Другарките и Другарите никога не си е тръгвал.",Коса,преди 3 дни,13,0,2026-04-11 17:11:21
dnes.bg,https://www.dnes.bg/c/604-izbori-2026?page=2,https://www.dnes.bg/a/1-bulgaria/717225-izborite-na-19-april-31-kandidat-deputati-sa-s-dosieta-ot-bivshata-ds,Изборите на 19 април: 31 кандидат-депутати са с досиета от бившата ДС,08.04.2026 | 09:30 ч.,,92,"до 95 гледали са личните си интереси за пари, аман от фалшиви патриоти",анонимен,преди 3 дни,3,1,2026-04-11 17:11:21
dnes.bg,https://www.dnes.bg/c/604-izbori-2026?page=2,https://www.dnes.bg/a/1-bulgaria/717225-izborite-na-19-april-31-kandidat-deputati-sa-s-dosieta-ot-bivshata-ds,Изборите на 19 април: 31 кандидат-депутати са с досиета от бившата ДС,08.04.2026 | 09:30 ч.,,91,"И каква е разликата между агент и доносник, коя е по-голяма клюкарка ли? Да , може и да е огромна както казваш!",анонимен,преди 3 дни,7,0,2026-04-11 17:11:21
dnes.bg,https://www.dnes.bg/c/604-izbori-2026?page=2,https://www.dnes.bg/a/1-bulgaria/717225-izborite-na-19-april-31-kandidat-deputati-sa-s-dosieta-ot-bivshata-ds,Изборите на 19 април: 31 кандидат-депутати са с досиета от бившата ДС,08.04.2026 | 09:30 ч.,,90,"Това ли е най-важното? Айде скрийте се! Та тези хора, са служили на България!",анонимен,преди 3 дни,6,9,2026-04-11 17:11:21
