source_site,category_url,article_url,article_title,article_published_at,article_views,comment_index,comment,author,comment_date,likes,dislikes,scraped_at
fakti.bg,https://fakti.bg/topic/izbori,https://fakti.bg/bulgaria/1047511-v-bolnici-i-socialni-domove-shte-ima-sekcii-za-vota-pri-nai-malko-10-izbirateli,В болници и социални домове ще има секции за вота при най-малко 10 избиратели,вчера в 16:43 ч.,732,1,"Първия боклук пукна. Останаха още двама, тяхната няма, тяхната мама. Софиянеца е тук, още пърха. Ама оня гейзер циониста, никакъв го няма. Къде е? Неговата мама, ах неговата мама.",Десятката,10.04.2026 16:45,5,2,2026-04-11 17:23:57
fakti.bg,https://fakti.bg/topic/izbori,https://fakti.bg/bulgaria/1047511-v-bolnici-i-socialni-domove-shte-ima-sekcii-za-vota-pri-nai-malko-10-izbirateli,В болници и социални домове ще има секции за вота при най-малко 10 избиратели,вчера в 16:43 ч.,732,2,А в Лондон само 3 секции на 30 000 живущи тук гласоподаватели. Коментиран от #3,Сатана Z,10.04.2026 16:46,1,4,2026-04-11 17:23:57
fakti.bg,https://fakti.bg/topic/izbori,https://fakti.bg/bulgaria/1047511-v-bolnici-i-socialni-domove-shte-ima-sekcii-za-vota-pri-nai-malko-10-izbirateli,В болници и социални домове ще има секции за вота при най-малко 10 избиратели,вчера в 16:43 ч.,732,3,"До коментар #2 от ""Сатана Z"": Циганина от Столипиново за гласоподавател ли го имаш? Искам закон да гладуват само тези който в продължение на 15 години са плащали данъци. Келешите за 50 евро и майка си и баща си ще продадат, за да отидат вечерта някоя немита да нае. Бат.",Ехоооо,10.04.2026 16:51,0,0,2026-04-11 17:23:57
fakti.bg,https://fakti.bg/topic/izbori,https://fakti.bg/bulgaria/1047511-v-bolnici-i-socialni-domove-shte-ima-sekcii-za-vota-pri-nai-malko-10-izbirateli,В болници и социални домове ще има секции за вота при най-малко 10 избиратели,вчера в 16:43 ч.,732,4,Индиец ша фърлвме за Петрохан партията дету Коментиран от #6,Сичкото,10.04.2026 17:14,0,0,2026-04-11 17:23:57
fakti.bg,https://fakti.bg/topic/izbori,https://fakti.bg/bulgaria/1047511-v-bolnici-i-socialni-domove-shte-ima-sekcii-za-vota-pri-nai-malko-10-izbirateli,В болници и социални домове ще има секции за вота при най-малко 10 избиратели,вчера в 16:43 ч.,732,5,Да се купят гласовете на тия хора и то кой да ги купи управляващите партии кой друг ?!?,И каква точно е целта,10.04.2026 17:16,2,0,2026-04-11 17:23:57
fakti.bg,https://fakti.bg/topic/izbori,https://fakti.bg/bulgaria/1047511-v-bolnici-i-socialni-domove-shte-ima-sekcii-za-vota-pri-nai-malko-10-izbirateli,В болници и социални домове ще има секции за вота при най-малко 10 избиратели,вчера в 16:43 ч.,732,6,"До коментар #4 от ""Сичкото"": Пакистански студенти по медицина. Вече не са проблем нашите индийци а и истинските.",В мола е пълно с истински индийци и,10.04.2026 17:18,2,0,2026-04-11 17:23:57
fakti.bg,https://fakti.bg/topic/izbori,https://fakti.bg/bulgaria/1047511-v-bolnici-i-socialni-domove-shte-ima-sekcii-za-vota-pri-nai-malko-10-izbirateli,В болници и социални домове ще има секции за вота при най-малко 10 избиратели,вчера в 16:43 ч.,732,7,Са напълнили страната ако им дадат права и ще гласуват за пртроханската партия. Най накрая като дръпнем чертата и да не се окажем 10/12 млн.цигани и роми всичко.,На другите избори всичките чужденци дето,10.04.2026 17:25,0,1,2026-04-11 17:23:57
fakti.bg,https://fakti.bg/topic/izbori,https://fakti.bg/bulgaria/1047511-v-bolnici-i-socialni-domove-shte-ima-sekcii-za-vota-pri-nai-malko-10-izbirateli,В болници и социални домове ще има секции за вота при най-малко 10 избиратели,вчера в 16:43 ч.,732,9,"На здравеопазването,да се погрижат за санаториумите,че има много болни хора,да обърнат внимание на хигиената,да пръскат за хлебарки да ги поремонтират,защото има неща от Тодорживково време ,които още ги ползват",Министерство,10.04.2026 17:48,0,0,2026-04-11 17:23:57
fakti.bg,https://fakti.bg/topic/izbori,https://fakti.bg/bulgaria/1047511-v-bolnici-i-socialni-domove-shte-ima-sekcii-za-vota-pri-nai-malko-10-izbirateli,В болници и социални домове ще има секции за вота при най-малко 10 избиратели,вчера в 16:43 ч.,732,10,Няма да влезнат в НС Възраждане 🚾 Меч 🚾 Итн 🚾 БСП 🚾 ДПС 🚾 герб 🚾 !!!,Дядо Влайчо,11.04.2026 08:31,1,0,2026-04-11 17:23:57
fakti.bg,https://fakti.bg/topic/izbori,https://fakti.bg/bulgaria/1047511-v-bolnici-i-socialni-domove-shte-ima-sekcii-za-vota-pri-nai-malko-10-izbirateli,В болници и социални домове ще има секции за вота при най-малко 10 избиратели,вчера в 16:43 ч.,732,11,ВЕЛИЧИЕ КЕ СПАСИ БЪЛГАРИЯ 🇧🇬☝️!!! 14,Баба Ванга,11.04.2026 08:34,1,0,2026-04-11 17:23:57
fakti.bg,https://fakti.bg/topic/izbori,https://fakti.bg/bulgaria/1047497-asen-vasilev-v-pleven-mojem-da-vdignem-dohodite-i-da-ovladeem-cenite-s-golam-antikrizisen-paket,Асен Василев в Плевен: Можем да вдигнем доходите и да овладеем цените с голям антикризисен пакет,вчера в 14:41 ч.,1 536,1,"Цялата секта на Петрохан, веднага! В резерват! Коментиран от #28",Пълен Провал,10.04.2026 14:44,51,17,2026-04-11 17:24:00
fakti.bg,https://fakti.bg/topic/izbori,https://fakti.bg/bulgaria/1047497-asen-vasilev-v-pleven-mojem-da-vdignem-dohodite-i-da-ovladeem-cenite-s-golam-antikrizisen-paket,Асен Василев в Плевен: Можем да вдигнем доходите и да овладеем цените с голям антикризисен пакет,вчера в 14:41 ч.,1 536,2,СТЕ. ЗАПОЧНА СЕ ПРИ КИРО ТРЪПОТО. ТИ МЪНИЧКО СИ ПО ДОБЪР. НО НЕ СИ ИСТИНСКИ. ДНЕС ЕДНО УТРЕ ДРУГО. И СТИГА С ТОЗИ РАДЕВ. НЕ ТОЙ А ВИЕ СТЕ ПОРОЧНИТЕ. И ТОЙ АКО Е ТОЧЕН НИКОГА НЯМА ДА ВИ ПРОСТИ,МЛАДЕЖ ОПОРУЧЕНИ,10.04.2026 14:46,31,14,2026-04-11 17:24:00
fakti.bg,https://fakti.bg/topic/izbori,https://fakti.bg/bulgaria/1047497-asen-vasilev-v-pleven-mojem-da-vdignem-dohodite-i-da-ovladeem-cenite-s-golam-antikrizisen-paket,Асен Василев в Плевен: Можем да вдигнем доходите и да овладеем цените с голям антикризисен пакет,вчера в 14:41 ч.,1 536,3,"Асен Василев вдигна пенсиите на хората, а Бойко им подмяташе по 50 лв от джипката. Коментиран от #51",Оня с Фалконя,10.04.2026 14:46,29,39,2026-04-11 17:24:00
fakti.bg,https://fakti.bg/topic/izbori,https://fakti.bg/bulgaria/1047497-asen-vasilev-v-pleven-mojem-da-vdignem-dohodite-i-da-ovladeem-cenite-s-golam-antikrizisen-paket,Асен Василев в Плевен: Можем да вдигнем доходите и да овладеем цените с голям антикризисен пакет,вчера в 14:41 ч.,1 536,4,"Ааа, Асенка, прав си, че проблемът с цените и доходите става голям, ама ти си съставна част от него и можеш да допринесеш за решаването му, само ако се изметеш на момента",Гейчо Василев,10.04.2026 14:47,45,16,2026-04-11 17:24:00
fakti.bg,https://fakti.bg/topic/izbori,https://fakti.bg/bulgaria/1047497-asen-vasilev-v-pleven-mojem-da-vdignem-dohodite-i-da-ovladeem-cenite-s-golam-antikrizisen-paket,Асен Василев в Плевен: Можем да вдигнем доходите и да овладеем цените с голям антикризисен пакет,вчера в 14:41 ч.,1 536,5,"То е ясно , че доходите МОГАТ да се вдигнат и да се прекъсне СПЕКУЛАТА ! Въпросът е : ЩЕ ГО НАПРАВИТЕ ЛИ ?",Факти,10.04.2026 14:47,32,9,2026-04-11 17:24:00
fakti.bg,https://fakti.bg/topic/izbori,https://fakti.bg/bulgaria/1047497-asen-vasilev-v-pleven-mojem-da-vdignem-dohodite-i-da-ovladeem-cenite-s-golam-antikrizisen-paket,Асен Василев в Плевен: Можем да вдигнем доходите и да овладеем цените с голям антикризисен пакет,вчера в 14:41 ч.,1 536,6,Защото е сигурно че на него такъв му липсва,Този само в мъжките големи пакети гледа,10.04.2026 14:48,26,13,2026-04-11 17:24:00
fakti.bg,https://fakti.bg/topic/izbori,https://fakti.bg/bulgaria/1047497-asen-vasilev-v-pleven-mojem-da-vdignem-dohodite-i-da-ovladeem-cenite-s-golam-antikrizisen-paket,Асен Василев в Плевен: Можем да вдигнем доходите и да овладеем цените с голям антикризисен пакет,вчера в 14:41 ч.,1 536,7,"Ако някой ви излъже веднъж - срамът е за него, ако същият човек ви излъже втори път по един и същи начин - срамът е за вас... Мислете преди да гласувате!",Мда,10.04.2026 14:49,41,9,2026-04-11 17:24:00
fakti.bg,https://fakti.bg/topic/izbori,https://fakti.bg/bulgaria/1047497-asen-vasilev-v-pleven-mojem-da-vdignem-dohodite-i-da-ovladeem-cenite-s-golam-antikrizisen-paket,Асен Василев в Плевен: Можем да вдигнем доходите и да овладеем цените с голям антикризисен пакет,вчера в 14:41 ч.,1 536,8,Скапан измамник марш в затвора гад,ГЕРБ,10.04.2026 14:49,26,18,2026-04-11 17:24:00
fakti.bg,https://fakti.bg/topic/izbori,https://fakti.bg/bulgaria/1047497-asen-vasilev-v-pleven-mojem-da-vdignem-dohodite-i-da-ovladeem-cenite-s-golam-antikrizisen-paket,Асен Василев в Плевен: Можем да вдигнем доходите и да овладеем цените с голям антикризисен пакет,вчера в 14:41 ч.,1 536,9,"Точно пък ти не го вдигаш, девойко !",007 /агент/,10.04.2026 14:50,28,10,2026-04-11 17:24:00
fakti.bg,https://fakti.bg/topic/izbori,https://fakti.bg/bulgaria/1047497-asen-vasilev-v-pleven-mojem-da-vdignem-dohodite-i-da-ovladeem-cenite-s-golam-antikrizisen-paket,Асен Василев в Плевен: Можем да вдигнем доходите и да овладеем цените с голям антикризисен пакет,вчера в 14:41 ч.,1 536,10,"Всичко е наред в България, няма инфлация, можем да изпращаме млн. евраци на бандерите и язовците.",Кухоглава шекелка,10.04.2026 14:51,21,17,2026-04-11 17:24:00
fakti.bg,https://fakti.bg/topic/izbori,https://fakti.bg/bulgaria/1047497-asen-vasilev-v-pleven-mojem-da-vdignem-dohodite-i-da-ovladeem-cenite-s-golam-antikrizisen-paket,Асен Василев в Плевен: Можем да вдигнем доходите и да овладеем цените с голям антикризисен пакет,вчера в 14:41 ч.,1 536,12,Напред и навътре с ППДБ-ЛГБТ. Коментиран от #18,Розовото пони Денкоф 🌈🦄,10.04.2026 14:52,27,15,2026-04-11 17:24:00
fakti.bg,https://fakti.bg/topic/izbori,https://fakti.bg/bulgaria/1047497-asen-vasilev-v-pleven-mojem-da-vdignem-dohodite-i-da-ovladeem-cenite-s-golam-antikrizisen-paket,Асен Василев в Плевен: Можем да вдигнем доходите и да овладеем цените с голям антикризисен пакет,вчера в 14:41 ч.,1 536,13,имаш ли нещо за вдигане или и то е ампутирано като мозъка ти.Хасковски бек.,Аве Госпожа,10.04.2026 14:53,32,13,2026-04-11 17:24:00
fakti.bg,https://fakti.bg/topic/izbori,https://fakti.bg/bulgaria/1047497-asen-vasilev-v-pleven-mojem-da-vdignem-dohodite-i-da-ovladeem-cenite-s-golam-antikrizisen-paket,Асен Василев в Плевен: Можем да вдигнем доходите и да овладеем цените с голям антикризисен пакет,вчера в 14:41 ч.,1 536,14,"Тоя си мисли, че народната песен ""Девойко мари хубава"" е писана специално за него...",АГАТ а Кристи,10.04.2026 14:55,20,12,2026-04-11 17:24:00
fakti.bg,https://fakti.bg/topic/izbori,https://fakti.bg/bulgaria/1047497-asen-vasilev-v-pleven-mojem-da-vdignem-dohodite-i-da-ovladeem-cenite-s-golam-antikrizisen-paket,Асен Василев в Плевен: Можем да вдигнем доходите и да овладеем цените с голям антикризисен пакет,вчера в 14:41 ч.,1 536,15,Освен това увеличението на доходите ако не е свързано с повишаване на производителността на труда няма от къде другаде да дойде а от заеми. Явно за такъв пакет говориш. Но заемите трябва да се връщат което обрича следващите поколения на мизерия и бедност и дори на рабство . Нищо чудно пакистанците вече са тука.,Като увеличаваш доходите става инфлация,10.04.2026 14:55,28,9,2026-04-11 17:24:00
fakti.bg,https://fakti.bg/topic/izbori,https://fakti.bg/bulgaria/1047497-asen-vasilev-v-pleven-mojem-da-vdignem-dohodite-i-da-ovladeem-cenite-s-golam-antikrizisen-paket,Асен Василев в Плевен: Можем да вдигнем доходите и да овладеем цените с голям антикризисен пакет,вчера в 14:41 ч.,1 536,16,Искам да кажа че ние ще си вдигнем доходите а за вас ще има голям пакет от Киро на парапета но първо се подмийте,Асен Василев,10.04.2026 14:56,18,11,2026-04-11 17:24:00
fakti.bg,https://fakti.bg/topic/izbori,https://fakti.bg/bulgaria/1047497-asen-vasilev-v-pleven-mojem-da-vdignem-dohodite-i-da-ovladeem-cenite-s-golam-antikrizisen-paket,Асен Василев в Плевен: Можем да вдигнем доходите и да овладеем цените с голям антикризисен пакет,вчера в 14:41 ч.,1 536,18,"До коментар #12 от ""Розовото пони Денкоф 🌈🦄"": Напълно съм съгласен с вас, госпожо.",Мирчев нискочелия селянин,10.04.2026 14:59,20,8,2026-04-11 17:24:00
fakti.bg,https://fakti.bg/topic/izbori,https://fakti.bg/bulgaria/1047497-asen-vasilev-v-pleven-mojem-da-vdignem-dohodite-i-da-ovladeem-cenite-s-golam-antikrizisen-paket,Асен Василев в Плевен: Можем да вдигнем доходите и да овладеем цените с голям антикризисен пакет,вчера в 14:41 ч.,1 536,19,"Сopocнята твърди, че след влизането в еврозоната цените са се стабилизирали, нямало вече инфлация, а асанчо щях да ги овладява! Реторичния въпрос е кой лъже в случая?",от къдя на къдя,10.04.2026 14:59,24,9,2026-04-11 17:24:00
fakti.bg,https://fakti.bg/topic/izbori,https://fakti.bg/bulgaria/1047497-asen-vasilev-v-pleven-mojem-da-vdignem-dohodite-i-da-ovladeem-cenite-s-golam-antikrizisen-paket,Асен Василев в Плевен: Можем да вдигнем доходите и да овладеем цените с голям антикризисен пакет,вчера в 14:41 ч.,1 536,20,"НАПЪВАМ ГО НА ЗАДНА ПРАШКА ,А ИН МИ РЕЧИ АРЕ МОЛИМ ТЕ ИЗКАРАЙ ГО АМА ПО НАВЪТРЕ.",ДОКОПАХ ТОЯ НА КЕНАНА В ГОРИЧКАТА,10.04.2026 14:59,19,9,2026-04-11 17:24:00
fakti.bg,https://fakti.bg/topic/izbori,https://fakti.bg/bulgaria/1047497-asen-vasilev-v-pleven-mojem-da-vdignem-dohodite-i-da-ovladeem-cenite-s-golam-antikrizisen-paket,Асен Василев в Плевен: Можем да вдигнем доходите и да овладеем цените с голям антикризисен пакет,вчера в 14:41 ч.,1 536,21,"Ще вдигнете бабината си! Като бяхте с брадатия канадец,защо не ги вдигнахте?! От вашето кривителство започна масовото обедняване на хората в страната.Кирчо си хвана гащите и изчезна от политиката,време ти е и на тебе да се чупиш от нея.",имаджин,10.04.2026 15:00,25,8,2026-04-11 17:24:00
fakti.bg,https://fakti.bg/topic/izbori,https://fakti.bg/bulgaria/1047497-asen-vasilev-v-pleven-mojem-da-vdignem-dohodite-i-da-ovladeem-cenite-s-golam-antikrizisen-paket,Асен Василев в Плевен: Можем да вдигнем доходите и да овладеем цените с голям антикризисен пакет,вчера в 14:41 ч.,1 536,23,"Тоя още не може да оправдае тия 18 милиарда за какво са похарчени и четири години загуби времето на Българите само с лъжи. Тук написа много правилно номер 7 ,че видяхме им лъжите и ако искаме пак да ни лъжат гладувайте пак за тях . Ония КЕШ е същото недоразумение, последните 4 години говори едни и същи глупости и буквално нарочно подписа такъв гаден договор за да ни набута пак да купуваме руски газ, на ушким щял бъде азерския.",Анджо,10.04.2026 15:03,16,11,2026-04-11 17:24:00
fakti.bg,https://fakti.bg/topic/izbori,https://fakti.bg/bulgaria/1047497-asen-vasilev-v-pleven-mojem-da-vdignem-dohodite-i-da-ovladeem-cenite-s-golam-antikrizisen-paket,Асен Василев в Плевен: Можем да вдигнем доходите и да овладеем цените с голям антикризисен пакет,вчера в 14:41 ч.,1 536,24,"Много трудно е да обясниш това на прости хора, Асене. Виж коментарите. Само мисирки, плюят, пишат за педофили, нямат капка мозък. Тиквата го каза :лош материал Коментиран от #26",Мата Хари,10.04.2026 15:03,12,20,2026-04-11 17:24:00
fakti.bg,https://fakti.bg/topic/izbori,https://fakti.bg/bulgaria/1047497-asen-vasilev-v-pleven-mojem-da-vdignem-dohodite-i-da-ovladeem-cenite-s-golam-antikrizisen-paket,Асен Василев в Плевен: Можем да вдигнем доходите и да овладеем цените с голям антикризисен пакет,вчера в 14:41 ч.,1 536,25,Аз вярвам на Асен. Те и съдружниците му ... вярваха.,Сапунджиев,10.04.2026 15:04,19,7,2026-04-11 17:24:00
fakti.bg,https://fakti.bg/topic/izbori,https://fakti.bg/bulgaria/1047497-asen-vasilev-v-pleven-mojem-da-vdignem-dohodite-i-da-ovladeem-cenite-s-golam-antikrizisen-paket,Асен Василев в Плевен: Можем да вдигнем доходите и да овладеем цените с голям антикризисен пакет,вчера в 14:41 ч.,1 536,26,"До коментар #24 от ""Мата Хари"": Ти любовницата с иска на Асен ли си?",Гост,10.04.2026 15:07,13,8,2026-04-11 17:24:00
fakti.bg,https://fakti.bg/topic/izbori,https://fakti.bg/bulgaria/1047497-asen-vasilev-v-pleven-mojem-da-vdignem-dohodite-i-da-ovladeem-cenite-s-golam-antikrizisen-paket,Асен Василев в Плевен: Можем да вдигнем доходите и да овладеем цените с голям антикризисен пакет,вчера в 14:41 ч.,1 536,27,Тоя няма ли да се махне? Писна ми от него. Нещастник.,Гост,10.04.2026 15:07,22,10,2026-04-11 17:24:00
fakti.bg,https://fakti.bg/topic/izbori,https://fakti.bg/bulgaria/1047497-asen-vasilev-v-pleven-mojem-da-vdignem-dohodite-i-da-ovladeem-cenite-s-golam-antikrizisen-paket,Асен Василев в Плевен: Можем да вдигнем доходите и да овладеем цените с голям антикризисен пакет,вчера в 14:41 ч.,1 536,28,"До коментар #1 от ""Пълен Провал"": Лама Петрохан Педофил Жълтопаветници ,и децата разбраха че това са опорните точки на Пеевскоборисовата ОПГ. Коментиран от #50",Толкова просто,10.04.2026 15:09,14,15,2026-04-11 17:24:00
fakti.bg,https://fakti.bg/topic/izbori,https://fakti.bg/bulgaria/1047497-asen-vasilev-v-pleven-mojem-da-vdignem-dohodite-i-da-ovladeem-cenite-s-golam-antikrizisen-paket,Асен Василев в Плевен: Можем да вдигнем доходите и да овладеем цените с голям антикризисен пакет,вчера в 14:41 ч.,1 536,30,"100 милиона за ""бизнеса"", а 20 милиона за 6,5 милиона население! Ето, това е либералната политика на сегашното соросоидно правителство. Който пее такива политкоректни кретенщини, е по безмозъчен от египетска мумия. Народа вече е много гневен на всички политически толупи. И такива малоумни писания го правят още по гневен, и ще го изкарат по улиците още по бързо!!! Е да видите, когато акъл дават тъпаци, които са Харвард, или Урсула образовани. 40% повишено каско от вчера, само за година. Юли 2025 фирма ми повиши услугите и тя с 40%. Домати 5 юро, агнешко миналата година 16 лв., тази 20 юрошита. Масло миналата година преди юрошита 4.70 лв., тази година над 9 лв. За ток и студена вода не говорим повишения, те не влизат в статистиката. Двоен ценови шок, прием Юрошит и криза горива. Представител на Територията в ЕЦБ. Да му мислят банковите служители, които не подкрепиха протестите срещу Юрошита. Окончателно ни заробиха, за разлика от Полша, че и цифров става. От въвеждането на евраците няма никаква инфлация! Тъй говореха Боко, Ампарцумян, знайни и незнайни есперти и много ментъраджии и шмекери. Излъгаха народа и трябва да бъдат изритани отзаде на изборите!",Горски,10.04.2026 15:20,13,9,2026-04-11 17:24:00
fakti.bg,https://fakti.bg/topic/izbori,https://fakti.bg/bulgaria/1047497-asen-vasilev-v-pleven-mojem-da-vdignem-dohodite-i-da-ovladeem-cenite-s-golam-antikrizisen-paket,Асен Василев в Плевен: Можем да вдигнем доходите и да овладеем цените с голям антикризисен пакет,вчера в 14:41 ч.,1 536,31,"""Можем да вдигнем доходите и да овладеем цените с голям антикризисен пакет"" - и като въведете Нексото? А после пак ще се прегърнете с Делянчо и Тиквоча?",крадци на милиарди,10.04.2026 15:24,13,9,2026-04-11 17:24:00
fakti.bg,https://fakti.bg/topic/izbori,https://fakti.bg/bulgaria/1047497-asen-vasilev-v-pleven-mojem-da-vdignem-dohodite-i-da-ovladeem-cenite-s-golam-antikrizisen-paket,Асен Василев в Плевен: Можем да вдигнем доходите и да овладеем цените с голям антикризисен пакет,вчера в 14:41 ч.,1 536,32,"Като чета коментарите, тоя народ си заслужава ГЕРБ и 150 евро пенсия.",бфбж,10.04.2026 15:27,11,19,2026-04-11 17:24:00
fakti.bg,https://fakti.bg/topic/izbori,https://fakti.bg/bulgaria/1047497-asen-vasilev-v-pleven-mojem-da-vdignem-dohodite-i-da-ovladeem-cenite-s-golam-antikrizisen-paket,Асен Василев в Плевен: Можем да вдигнем доходите и да овладеем цените с голям антикризисен пакет,вчера в 14:41 ч.,1 536,33,"Антикризисния пакет, ако включва заем, не ни го предлагайте, а ако не включва заем, вероятно ще го предложат и другите партии.",Айше,10.04.2026 15:29,12,7,2026-04-11 17:24:00
fakti.bg,https://fakti.bg/topic/izbori,https://fakti.bg/bulgaria/1047497-asen-vasilev-v-pleven-mojem-da-vdignem-dohodite-i-da-ovladeem-cenite-s-golam-antikrizisen-paket,Асен Василев в Плевен: Можем да вдигнем доходите и да овладеем цените с голям антикризисен пакет,вчера в 14:41 ч.,1 536,34,"Oooooo, вдигането на доходите с помощта на огромни външни заеми е коронният номер на кръглата Ло е на топ чи ца, всички го знаем😂😂😂 Интересен ще е цирковият фокус с антикризисния розов пакет.....аааааа, сетих се - пак ще се вземат заеми, паричките ще се опаковат в пакетчета и ще бъдат раздадени антикризисно. После, след отчисленията от 30% джобни, розовите понита дружно ще отлетят за островите в топлите морета, където с кеф ще си ги похарчат! Гениално, нали?",Тити на Кака,10.04.2026 15:33,17,8,2026-04-11 17:24:00
fakti.bg,https://fakti.bg/topic/izbori,https://fakti.bg/bulgaria/1047497-asen-vasilev-v-pleven-mojem-da-vdignem-dohodite-i-da-ovladeem-cenite-s-golam-antikrizisen-paket,Асен Василев в Плевен: Можем да вдигнем доходите и да овладеем цените с голям антикризисен пакет,вчера в 14:41 ч.,1 536,35,"не можете вие ! За гербаджиите сте немогачи, за Радев сте шарлатани, а за Народа сте и двете !",Нищо,10.04.2026 15:34,18,8,2026-04-11 17:24:00
fakti.bg,https://fakti.bg/topic/izbori,https://fakti.bg/bulgaria/1047497-asen-vasilev-v-pleven-mojem-da-vdignem-dohodite-i-da-ovladeem-cenite-s-golam-antikrizisen-paket,Асен Василев в Плевен: Можем да вдигнем доходите и да овладеем цените с голям антикризисен пакет,вчера в 14:41 ч.,1 536,36,"С едни 20 млрд евро нов дълг една година ще поживеете прилично, преди да си изпратите децата при западните господари да им мият задниците.",000,10.04.2026 15:39,16,8,2026-04-11 17:24:00
fakti.bg,https://fakti.bg/topic/izbori,https://fakti.bg/bulgaria/1047497-asen-vasilev-v-pleven-mojem-da-vdignem-dohodite-i-da-ovladeem-cenite-s-golam-antikrizisen-paket,Асен Василев в Плевен: Можем да вдигнем доходите и да овладеем цените с голям антикризисен пакет,вчера в 14:41 ч.,1 536,37,"При положение ,че ви управляват същите като в просия е нормално и всичко в икономиката на бг да е като в просия.....Путин е изправен пред криза в търговията на дребно: 40% от магазините са застрашени от затварянеДокато войната в Украйна поглъща ресурси, а санкциите намаляват приходите, кризата вече засяга търговския сектор на страната. Бизнесът под напрежение Секторът на търговията на дрехи в Русия преживява рязък спад, като до 40% от магазините са изложени на риск от затваряне до 2026 г., според представители на индустрията, Търговците на дребно казват, че намаляващото търсене, нарастващите наеми, по-високите данъци и конкуренцията от онлайн платформите тежат силно върху пазара.Същото е положението и в бг на база Осигурителна тежест и нова минимална заплата!Разликата между бг и просия е в бг уж няма война..........това са лъжи и хвърляне на пожелания.Няма как да стане с еднии същи хора да се предизвикат кризи и същите да ги преодоляват.Историята доказва -едни се раждат крадци и убийци ,а другите са работливи ,смирени и градивни!Не може едни и същи да са и двете!Докато не се разкрие истината за ктб,докато не се разкрие истината за пирамидите и банките,за хиперинфлацията нищо няма да се промени тук.Колкото в просия върви икономиката толкова и тук!Едни и същи за крадлъовците!!!",дядо дръмпир-КТБ,10.04.2026 15:46,6,7,2026-04-11 17:24:00
fakti.bg,https://fakti.bg/topic/izbori,https://fakti.bg/bulgaria/1047497-asen-vasilev-v-pleven-mojem-da-vdignem-dohodite-i-da-ovladeem-cenite-s-golam-antikrizisen-paket,Асен Василев в Плевен: Можем да вдигнем доходите и да овладеем цените с голям антикризисен пакет,вчера в 14:41 ч.,1 536,38,"Асене помним 8млрд на година отгоре ако не е ГЕРБ. Е 8 милиарда отгоре не видяхме, но 9 милиарда за две седмици видяхме, за вдигане на инфлацията. И какво стана от всичко сега покупателната възможност е по-ниска сравнение с 2020 година при лошия Бойко. Само че при Бойко всяка година имаше финансов излишък и се натрупваха буфери, които ти и тях опоска та магистрала Хемус още е до никъде и добре, че беше последната година та започна да се строи пак. На двойни цени заради теб и хомо бандюгите ти. Е поне вече в Гърция не ни е скъпо, защото цените се изравниха. Даже хората ходят до Гърция да си пазаруват, че някои неща са по-евтини. Моля те изчезни биеш всички по противност даже и Станишев.",Един не-трол,10.04.2026 15:46,13,7,2026-04-11 17:24:00
fakti.bg,https://fakti.bg/topic/izbori,https://fakti.bg/bulgaria/1047497-asen-vasilev-v-pleven-mojem-da-vdignem-dohodite-i-da-ovladeem-cenite-s-golam-antikrizisen-paket,Асен Василев в Плевен: Можем да вдигнем доходите и да овладеем цените с голям антикризисен пакет,вчера в 14:41 ч.,1 536,39,Големият пакет на Клецов е за мен. А за вас един още по-голям антикризисен пакет!,Асан Насилев,10.04.2026 15:49,15,6,2026-04-11 17:24:00
fakti.bg,https://fakti.bg/topic/izbori,https://fakti.bg/bulgaria/1047497-asen-vasilev-v-pleven-mojem-da-vdignem-dohodite-i-da-ovladeem-cenite-s-golam-antikrizisen-paket,Асен Василев в Плевен: Можем да вдигнем доходите и да овладеем цените с голям антикризисен пакет,вчера в 14:41 ч.,1 536,40,"Тия дето теглят най-големите заеми и имаха най-големия администрационен апарат, с най-много външни съветници и най много НПО-та.. Те ще оправят държавата.. Мдобре",Баце ЕООД,10.04.2026 15:57,14,6,2026-04-11 17:24:00
fakti.bg,https://fakti.bg/topic/izbori,https://fakti.bg/bulgaria/1047497-asen-vasilev-v-pleven-mojem-da-vdignem-dohodite-i-da-ovladeem-cenite-s-golam-antikrizisen-paket,Асен Василев в Плевен: Можем да вдигнем доходите и да овладеем цените с голям антикризисен пакет,вчера в 14:41 ч.,1 536,41,"Вече и добре да лъжеш не можеш ! Дали има още наивни глупаци които да вярват в Дядо Мраз на ППДБ ? Коментиран от #45 , #56",АЗ БЕЗПАРТИЙНИЯТ ДЕМОКРАТ,10.04.2026 15:57,18,6,2026-04-11 17:24:00
fakti.bg,https://fakti.bg/topic/izbori,https://fakti.bg/bulgaria/1047497-asen-vasilev-v-pleven-mojem-da-vdignem-dohodite-i-da-ovladeem-cenite-s-golam-antikrizisen-paket,Асен Василев в Плевен: Можем да вдигнем доходите и да овладеем цените с голям антикризисен пакет,вчера в 14:41 ч.,1 536,42,Все за големи пакети мисли,Асенчо,10.04.2026 15:59,15,6,2026-04-11 17:24:00
fakti.bg,https://fakti.bg/topic/izbori,https://fakti.bg/bulgaria/1047497-asen-vasilev-v-pleven-mojem-da-vdignem-dohodite-i-da-ovladeem-cenite-s-golam-antikrizisen-paket,Асен Василев в Плевен: Можем да вдигнем доходите и да овладеем цените с голям антикризисен пакет,вчера в 14:41 ч.,1 536,43,ПитЧ ! С Кръпки ! Тази Работа ! Не Става ! Коментиран от #44,ПитЧ !,10.04.2026 16:01,4,4,2026-04-11 17:24:00
fakti.bg,https://fakti.bg/topic/izbori,https://fakti.bg/bulgaria/1047497-asen-vasilev-v-pleven-mojem-da-vdignem-dohodite-i-da-ovladeem-cenite-s-golam-antikrizisen-paket,Асен Василев в Плевен: Можем да вдигнем доходите и да овладеем цените с голям антикризисен пакет,вчера в 14:41 ч.,1 536,44,"До коментар #43 от ""ПитЧ !"": Няма Как Да Изхраниш ! Роднините си В България ! Ако Гениите В България ! Не Работят ! А За Да Работят ! Трябва ! Да Им Платиш ! Вместо Да ги Мачкаш С Данаци ! И Космически Разходи ! Ама от де ? Толкова Акъл ! У Един Счетоводител !",Няма Как Да Изхраниш !,10.04.2026 16:06,3,4,2026-04-11 17:24:00
fakti.bg,https://fakti.bg/topic/izbori,https://fakti.bg/bulgaria/1047497-asen-vasilev-v-pleven-mojem-da-vdignem-dohodite-i-da-ovladeem-cenite-s-golam-antikrizisen-paket,Асен Василев в Плевен: Можем да вдигнем доходите и да овладеем цените с голям антикризисен пакет,вчера в 14:41 ч.,1 536,45,"До коментар #41 от ""АЗ БЕЗПАРТИЙНИЯТ ДЕМОКРАТ"": И На Който и Да Било ! От Останалите ! Тая ! Игра ! Свърши !! Гащигте Са Оклепани ! И Изчистване ! Няма !",И На Който и Да Било !,10.04.2026 16:13,5,4,2026-04-11 17:24:00
fakti.bg,https://fakti.bg/topic/izbori,https://fakti.bg/bulgaria/1047497-asen-vasilev-v-pleven-mojem-da-vdignem-dohodite-i-da-ovladeem-cenite-s-golam-antikrizisen-paket,Асен Василев в Плевен: Можем да вдигнем доходите и да овладеем цените с голям антикризисен пакет,вчера в 14:41 ч.,1 536,46,Още от когато Радев в довлече сте ясни - не ставате.,Фен,10.04.2026 16:15,11,6,2026-04-11 17:24:00
fakti.bg,https://fakti.bg/topic/izbori,https://fakti.bg/bulgaria/1047497-asen-vasilev-v-pleven-mojem-da-vdignem-dohodite-i-da-ovladeem-cenite-s-golam-antikrizisen-paket,Асен Василев в Плевен: Можем да вдигнем доходите и да овладеем цените с голям антикризисен пакет,вчера в 14:41 ч.,1 536,47,Не го можете,Е точно това,10.04.2026 16:17,6,5,2026-04-11 17:24:00
fakti.bg,https://fakti.bg/topic/izbori,https://fakti.bg/bulgaria/1047497-asen-vasilev-v-pleven-mojem-da-vdignem-dohodite-i-da-ovladeem-cenite-s-golam-antikrizisen-paket,Асен Василев в Плевен: Можем да вдигнем доходите и да овладеем цените с голям антикризисен пакет,вчера в 14:41 ч.,1 536,48,"оглави Две министерства. Със спестените средства ще се купи кран, за да се демонтира борисов и пеевски. Смях!",Асен ще,10.04.2026 16:26,7,5,2026-04-11 17:24:00
fakti.bg,https://fakti.bg/topic/izbori,https://fakti.bg/bulgaria/1047497-asen-vasilev-v-pleven-mojem-da-vdignem-dohodite-i-da-ovladeem-cenite-s-golam-antikrizisen-paket,Асен Василев в Плевен: Можем да вдигнем доходите и да овладеем цените с голям антикризисен пакет,вчера в 14:41 ч.,1 536,49,"Кокорчо, пак ли ще теглиш заеми по 500 млн всеки понеделник?",Нехис,10.04.2026 16:29,15,3,2026-04-11 17:24:00
fakti.bg,https://fakti.bg/topic/izbori,https://fakti.bg/bulgaria/1047497-asen-vasilev-v-pleven-mojem-da-vdignem-dohodite-i-da-ovladeem-cenite-s-golam-antikrizisen-paket,Асен Василев в Плевен: Можем да вдигнем доходите и да овладеем цените с голям антикризисен пакет,вчера в 14:41 ч.,1 536,50,"До коментар #28 от ""Толкова просто"": Кое пеевско-борисово опг??? Това с което ппдб бяха в коалиция ли??? Моментално опандизване на тия антибългари от герб, дпс и ппдб!!!",Мнение,10.04.2026 16:39,4,7,2026-04-11 17:24:00
fakti.bg,https://fakti.bg/topic/izbori,https://fakti.bg/bulgaria/1047497-asen-vasilev-v-pleven-mojem-da-vdignem-dohodite-i-da-ovladeem-cenite-s-golam-antikrizisen-paket,Асен Василев в Плевен: Можем да вдигнем доходите и да овладеем цените с голям антикризисен пакет,вчера в 14:41 ч.,1 536,51,"До коментар #3 от ""Оня с Фалконя"": Асен Василев теглеше огромни дългове, които всички българи ще трябва да връщаме!!! Така, че Асенчо е вдигнал само това нещо на съпруга си!!! Моментално опандизване на герб, дпс и ппдб! Тия са абсолютна отрова за България!!!",Мнение,10.04.2026 16:41,8,4,2026-04-11 17:24:00
fakti.bg,https://fakti.bg/topic/izbori,https://fakti.bg/bulgaria/1047497-asen-vasilev-v-pleven-mojem-da-vdignem-dohodite-i-da-ovladeem-cenite-s-golam-antikrizisen-paket,Асен Василев в Плевен: Можем да вдигнем доходите и да овладеем цените с голям антикризисен пакет,вчера в 14:41 ч.,1 536,52,"Истината е, че Асен не веднъж го е правил в кризи - от Ковид, Енергийна и войната(по скоро войните) , които подпали московския диктатор и престъпник Путин.",Реално,10.04.2026 16:52,4,6,2026-04-11 17:24:00
fakti.bg,https://fakti.bg/topic/izbori,https://fakti.bg/bulgaria/1047497-asen-vasilev-v-pleven-mojem-da-vdignem-dohodite-i-da-ovladeem-cenite-s-golam-antikrizisen-paket,Асен Василев в Плевен: Можем да вдигнем доходите и да овладеем цените с голям антикризисен пакет,вчера в 14:41 ч.,1 536,54,Ей тоя главен лъжец не спря да заблуждава Гнус си,Анонимен,10.04.2026 17:09,8,3,2026-04-11 17:24:00
fakti.bg,https://fakti.bg/topic/izbori,https://fakti.bg/bulgaria/1047497-asen-vasilev-v-pleven-mojem-da-vdignem-dohodite-i-da-ovladeem-cenite-s-golam-antikrizisen-paket,Асен Василев в Плевен: Можем да вдигнем доходите и да овладеем цените с голям антикризисен пакет,вчера в 14:41 ч.,1 536,55,"И Радев обещава да вдигне доходите, само че на доходите на Москва.","Асене, не се изсилвай!",10.04.2026 17:15,6,0,2026-04-11 17:24:00
fakti.bg,https://fakti.bg/topic/izbori,https://fakti.bg/bulgaria/1047497-asen-vasilev-v-pleven-mojem-da-vdignem-dohodite-i-da-ovladeem-cenite-s-golam-antikrizisen-paket,Асен Василев в Плевен: Можем да вдигнем доходите и да овладеем цените с голям антикризисен пакет,вчера в 14:41 ч.,1 536,56,"До коментар #41 от ""АЗ БЕЗПАРТИЙНИЯТ ДЕМОКРАТ"": Вервайте на дедо ПеПе-рас",Асан Насилев,10.04.2026 17:19,8,1,2026-04-11 17:24:00
fakti.bg,https://fakti.bg/topic/izbori,https://fakti.bg/bulgaria/1047497-asen-vasilev-v-pleven-mojem-da-vdignem-dohodite-i-da-ovladeem-cenite-s-golam-antikrizisen-paket,Асен Василев в Плевен: Можем да вдигнем доходите и да овладеем цените с голям антикризисен пакет,вчера в 14:41 ч.,1 536,57,Нали като вдигаш доходите вдигаш и покупателната способност тоест помпаш инфлацията пък искаш да овладееш цените.,Как ще стане това от заглавието ?,10.04.2026 17:29,7,1,2026-04-11 17:24:00
fakti.bg,https://fakti.bg/topic/izbori,https://fakti.bg/bulgaria/1047497-asen-vasilev-v-pleven-mojem-da-vdignem-dohodite-i-da-ovladeem-cenite-s-golam-antikrizisen-paket,Асен Василев в Плевен: Можем да вдигнем доходите и да овладеем цените с голям антикризисен пакет,вчера в 14:41 ч.,1 536,58,"Този щом си отвори устата и лъжа след лъжа. Толкова е естествено при него. Няма и една истина, но той даже не мигва като ги ръси лъжите.","Лъже, както диша",10.04.2026 17:31,6,1,2026-04-11 17:24:00
fakti.bg,https://fakti.bg/topic/izbori,https://fakti.bg/bulgaria/1047497-asen-vasilev-v-pleven-mojem-da-vdignem-dohodite-i-da-ovladeem-cenite-s-golam-antikrizisen-paket,Асен Василев в Плевен: Можем да вдигнем доходите и да овладеем цените с голям антикризисен пакет,вчера в 14:41 ч.,1 536,59,"Този щом си отвори устата и лъжа след лъжа. Толкова е естествено при него. Няма и една истина, но той даже не мигва като ги ръси лъжите.","Лъже, както диша",10.04.2026 17:32,4,0,2026-04-11 17:24:00
fakti.bg,https://fakti.bg/topic/izbori,https://fakti.bg/bulgaria/1047497-asen-vasilev-v-pleven-mojem-da-vdignem-dohodite-i-da-ovladeem-cenite-s-golam-antikrizisen-paket,Асен Василев в Плевен: Можем да вдигнем доходите и да овладеем цените с голям антикризисен пакет,вчера в 14:41 ч.,1 536,60,"Пак народът, с по-високи цени ток, вода, парно, местни данъци и такси, осигуровки, акцизи, храни. Контрол върху цените. Намаляш и реформираш администрация с 80%. Не може държавни заплати по 15, 60, 390 хиляди шеф Лукойл. Във Финландия на 6 милиона 7500 полицая, в Територията на 5.5 милиона 75 000 полицая. Нереално. Плюс имотен спекулативен балон 60 кв. съборетина на 30 г. 700 000 лв. Българите трябва да страдат, и да им вдигат местни данъци и такси, заради шепа спекуланти. Как ще намалиш разходите като даваш 60 милиарда лева за 7 и 8 блок АЕЦ, отделно от хранилище за ОЯГ десет милиарда, на ниво работен проект. След 20 г. 120 милиарда лева. С едната ръка подхвърляш трохи с другата раздаваш милиарди на чужди държави с лихви. Махате юрошита, връщате цените от 2020 и държавна заплата повече от 4000 не трябва да има. Режете милиардите на НЗОК, намалели сме с 40%, те им дават 11 млрд от бюджет, и още 6 млрд. доплащане от пациенти. Махате всички посредници и мохоте борса ток, ти я подписа по ПВУ. Да имаш АЕЦ и да купуваш най-скъп ток в Европа. Пощуряхте с тези несигурни и съсипващи ел. мрежите фото и перки.",Кой ще ги връща тези заеми?,10.04.2026 17:34,2,3,2026-04-11 17:24:00
fakti.bg,https://fakti.bg/topic/izbori,https://fakti.bg/bulgaria/1047497-asen-vasilev-v-pleven-mojem-da-vdignem-dohodite-i-da-ovladeem-cenite-s-golam-antikrizisen-paket,Асен Василев в Плевен: Можем да вдигнем доходите и да овладеем цените с голям антикризисен пакет,вчера в 14:41 ч.,1 536,61,"ВДИГАЙ ПЕНСИИТЕ ППДЕРАС, МЛАДИТЕ ДА ГИ ВРЪЩАТ АКО МОГАТ! ДРЕМЕ МИ. НАЛИ ТЕ ВИ ДОКАРАХА НА ВЛАСТ?",ПЕНСИОНЕР,10.04.2026 18:17,4,0,2026-04-11 17:24:00
fakti.bg,https://fakti.bg/topic/izbori,https://fakti.bg/bulgaria/1047497-asen-vasilev-v-pleven-mojem-da-vdignem-dohodite-i-da-ovladeem-cenite-s-golam-antikrizisen-paket,Асен Василев в Плевен: Можем да вдигнем доходите и да овладеем цените с голям антикризисен пакет,вчера в 14:41 ч.,1 536,62,"Ало Василев , точно ти от Партията на кеша и пудела пачките да ми говориш за борба с корупцията е срамота , след като просто Киро подаде оставка заради нея! И стига се хвали със заплати и пенсии, тяхното увеличение не е за сметка на ръст в икономиката , а чрез теглене на нови и големи заеми , които при финансов “гений “ като теб достигнаха своя максимум!",Майора,10.04.2026 18:51,6,0,2026-04-11 17:24:00
fakti.bg,https://fakti.bg/topic/izbori,https://fakti.bg/bulgaria/1047497-asen-vasilev-v-pleven-mojem-da-vdignem-dohodite-i-da-ovladeem-cenite-s-golam-antikrizisen-paket,Асен Василев в Плевен: Можем да вдигнем доходите и да овладеем цените с голям антикризисен пакет,вчера в 14:41 ч.,1 536,63,"Премахнете тавана на пенсиите . Не крадете парите на хората , за да давате добавки с тях . Затова хората се осигуряват на минимума и останалото под масата . Защото виждат , че накрая ще им откраднат парите . 7,8 .",Цървул,10.04.2026 19:24,2,0,2026-04-11 17:24:00
fakti.bg,https://fakti.bg/topic/izbori,https://fakti.bg/bulgaria/1047497-asen-vasilev-v-pleven-mojem-da-vdignem-dohodite-i-da-ovladeem-cenite-s-golam-antikrizisen-paket,Асен Василев в Плевен: Можем да вдигнем доходите и да овладеем цените с голям антикризисен пакет,вчера в 14:41 ч.,1 536,64,"И как ще вдигнеш доходите след като в страната няма високотехнологични производства и производство на стоки с голяма принадена стойност?На световните пазари сме конкуренция само с ниските цени на зърнените храни и на труда в леката промишленост, където все още е останала! Никой уважаващ себе си и инвеститор няма да вложи средства там, където няма достатъчно образована,професионално подготвена работна ръка!Такава имаше първите години след 10.11.1989!Но вместо да се продаде на инвеститорите от вън които можеха да развият купеното, нашите си го заграбиха източиха средствата и фалираха предприятия за милиарди!Нещо строено с десетилетия, беше съсипано за месеци!Та, този убавец едва ли знае,че единствената ФАЛИРАЛА ПЕТРОЛНА РАФИНЕРИЯ в света е нашата Плама! Когато бе продадена,в складовете имаше масла и горива много по скъпи от продажната цена!!Кой взе комисионна,кой ""парче от баницата"" и вече дойде ""демокрацията""!",безпартиен,10.04.2026 20:20,1,0,2026-04-11 17:24:00
fakti.bg,https://fakti.bg/topic/izbori,https://fakti.bg/bulgaria/1047497-asen-vasilev-v-pleven-mojem-da-vdignem-dohodite-i-da-ovladeem-cenite-s-golam-antikrizisen-paket,Асен Василев в Плевен: Можем да вдигнем доходите и да овладеем цените с голям антикризисен пакет,вчера в 14:41 ч.,1 536,65,Голям антикризисен пакет = Поредният огромен кредит. Вашата политика е кредитна политика.,Факт,11.04.2026 13:18,1,0,2026-04-11 17:24:00
fakti.bg,https://fakti.bg/topic/izbori,https://fakti.bg/bulgaria/1047497-asen-vasilev-v-pleven-mojem-da-vdignem-dohodite-i-da-ovladeem-cenite-s-golam-antikrizisen-paket,Асен Василев в Плевен: Можем да вдигнем доходите и да овладеем цените с голям антикризисен пакет,вчера в 14:41 ч.,1 536,66,"Слагам тук за Асен Василев една шега - вдясно на екрана: - Колко жалко, че не можем да бъдем заедно! - Защо да не можем?! - Ми... не искам! Колко пъти им беше повторено да обединят всички демократи в една национална сила и колко пъти Те обещаха. Но не го направиха и сега РР ще им види сметката. Много жалко.",Кой какъв е,11.04.2026 17:23,0,0,2026-04-11 17:24:00
fakti.bg,https://fakti.bg/topic/izbori,https://fakti.bg/bulgaria/1047485-obshto-833-dushi-sa-provereni-v-ramkite-na-specializirana-policeiska-operacia-v-oblast-dobrich,Общо 833 души са проверени в рамките на специализирана полицейска операция в област Добрич,вчера в 13:42 ч.,1 245,1,"""...60 са с полицейска регистрация"" ---- 60 от ченгетата - трафиканти...🤣 Коментиран от #2",Евгени от Алфапласт,10.04.2026 13:45,7,3,2026-04-11 17:24:02
fakti.bg,https://fakti.bg/topic/izbori,https://fakti.bg/bulgaria/1047485-obshto-833-dushi-sa-provereni-v-ramkite-na-specializirana-policeiska-operacia-v-oblast-dobrich,Общо 833 души са проверени в рамките на специализирана полицейска операция в област Добрич,вчера в 13:42 ч.,1 245,4,"Охранителна полиция се отчита за свършена работа с това колко коли и лични карти са проверени, КАТ с написаните и връчени НП и фишове, а криминална полиция - с колко души са посочени/набедени/дадени на прокурор за да бъдат обвинени за някакво престъпление. При това не е речено че са виновни, прави се регистрация, пък после да се оправят дознателя и прокурора.",Тодор,10.04.2026 13:59,7,1,2026-04-11 17:24:02
fakti.bg,https://fakti.bg/topic/izbori,https://fakti.bg/bulgaria/1047485-obshto-833-dushi-sa-provereni-v-ramkite-na-specializirana-policeiska-operacia-v-oblast-dobrich,Общо 833 души са проверени в рамките на специализирана полицейска операция в област Добрич,вчера в 13:42 ч.,1 245,5,"Много ми е приятна думата СТРАЖАРИ още повече ме кефи думата ЗАПТИЕТА,,Бръснарниците вече са БЕРБЕРНИЦИ,,ПРАЗНИК ПЪК СЕ КАЗВА ,,ФЕСТ,,А ГРМАНЦИТЕ ПИШАТ ПРАЗНИК НА КИРИЛИЦА.Журналистите получават дипломите си от Агрономният уни Свищов.Всички магазини около женски пазар във София са със йероглифи някакъв Арабски език.Народ които не държи са своята култура,Език и вяра винаги остава без държава.",Луд,10.04.2026 14:03,9,1,2026-04-11 17:24:02
fakti.bg,https://fakti.bg/topic/izbori,https://fakti.bg/bulgaria/1047485-obshto-833-dushi-sa-provereni-v-ramkite-na-specializirana-policeiska-operacia-v-oblast-dobrich,Общо 833 души са проверени в рамките на специализирана полицейска операция в област Добрич,вчера в 13:42 ч.,1 245,6,"Някой ако моо ми обясни кво общо има БАБХ с изборното законодателство, че участва в специализирана операция за ""противодействие на нарушения на изборното законодателство и предотвратяване на престъпления срещу политическите права на гражданите"" Следващия път ше вземат и Айшето - експерт по чистотата да участва Тъпомера е на макс! Коментиран от #8",ДрайвингПлежър,10.04.2026 14:22,6,1,2026-04-11 17:24:02
fakti.bg,https://fakti.bg/topic/izbori,https://fakti.bg/bulgaria/1047485-obshto-833-dushi-sa-provereni-v-ramkite-na-specializirana-policeiska-operacia-v-oblast-dobrich,Общо 833 души са проверени в рамките на специализирана полицейска операция в област Добрич,вчера в 13:42 ч.,1 245,7,"Открити и иззети са общо 6,56 грама марихуана и 2,38 грама амфетамин. Коментиран от #11",Впечатляващ резуктат,10.04.2026 14:52,4,0,2026-04-11 17:24:02
fakti.bg,https://fakti.bg/topic/izbori,https://fakti.bg/bulgaria/1047485-obshto-833-dushi-sa-provereni-v-ramkite-na-specializirana-policeiska-operacia-v-oblast-dobrich,Общо 833 души са проверени в рамките на специализирана полицейска операция в област Добрич,вчера в 13:42 ч.,1 245,8,"До коментар #6 от ""ДрайвингПлежър"": имитират дейност в такива операции",бабх е ОПГ,10.04.2026 14:58,3,1,2026-04-11 17:24:02
fakti.bg,https://fakti.bg/topic/izbori,https://fakti.bg/bulgaria/1047485-obshto-833-dushi-sa-provereni-v-ramkite-na-specializirana-policeiska-operacia-v-oblast-dobrich,Общо 833 души са проверени в рамките на специализирана полицейска операция в област Добрич,вчера в 13:42 ч.,1 245,9,Сектата се вихри...,Фен,10.04.2026 15:14,2,0,2026-04-11 17:24:02
fakti.bg,https://fakti.bg/topic/izbori,https://fakti.bg/bulgaria/1047485-obshto-833-dushi-sa-provereni-v-ramkite-na-specializirana-policeiska-operacia-v-oblast-dobrich,Общо 833 души са проверени в рамките на специализирана полицейска операция в област Добрич,вчера в 13:42 ч.,1 245,10,"Бой по калинките,мисирките и тулупите на магнитският с-и-чуг и мутрата сикаджииска герберска",ту-туу,10.04.2026 15:19,2,0,2026-04-11 17:24:02
fakti.bg,https://fakti.bg/topic/izbori,https://fakti.bg/bulgaria/1047485-obshto-833-dushi-sa-provereni-v-ramkite-na-specializirana-policeiska-operacia-v-oblast-dobrich,Общо 833 души са проверени в рамките на специализирана полицейска операция в област Добрич,вчера в 13:42 ч.,1 245,11,"До коментар #7 от ""Впечатляващ резуктат"": ..полицай или граничен има повече в джоба или в жабката на служебната кола",Та един,10.04.2026 15:22,4,0,2026-04-11 17:24:02
fakti.bg,https://fakti.bg/topic/izbori,https://fakti.bg/bulgaria/1047485-obshto-833-dushi-sa-provereni-v-ramkite-na-specializirana-policeiska-operacia-v-oblast-dobrich,Общо 833 души са проверени в рамките на специализирана полицейска операция в област Добрич,вчера в 13:42 ч.,1 245,12,"И мен ме провериха ченгетата. Спряха ме на пътя, гледаха ми долументите, правиха справка. Констатираха, че не съм оперативно интересен и ме пуснаха да си ходя. Отчитат дейност.",бай Драгой,10.04.2026 15:43,1,0,2026-04-11 17:24:02
fakti.bg,https://fakti.bg/topic/izbori,https://fakti.bg/krimi/1047384-mvr-otkri-dokumenti-na-197-martavci-predi-vota-v-montansko,МВР откри документи на 197 мъртъвци преди вота в Монтанско,2026-04-09,2 884,1,"гласува, пуска бюлетината и сяда. Питат го от СИК - Вие какво чакате? Той отговорил - чакам дядо ми да дойде да гласува, почина преди три години, но му видях името в избирателните списъци...",Отива един човек да,09.04.2026 21:47,56,1,2026-04-11 17:24:05
fakti.bg,https://fakti.bg/topic/izbori,https://fakti.bg/krimi/1047384-mvr-otkri-dokumenti-na-197-martavci-predi-vota-v-montansko,МВР откри документи на 197 мъртъвци преди вота в Монтанско,2026-04-09,2 884,3,Значи са открили умрелите хора на проф.Мишо Константинов който винаги помага на герб да печели избори,Тома,09.04.2026 21:54,58,3,2026-04-11 17:24:05
fakti.bg,https://fakti.bg/topic/izbori,https://fakti.bg/krimi/1047384-mvr-otkri-dokumenti-na-197-martavci-predi-vota-v-montansko,МВР откри документи на 197 мъртъвци преди вота в Монтанско,2026-04-09,2 884,4,и никой да не гласува пак ще кажат че са гласували 3 или 4 милиона каквото каже лудия тръмп това ще стане за пръв в света се води по акъла на един луд президент човека иска греландия иска канада иска ормузкия канал .иска че иска ще кажеш че от жена си иска праскова - за туй че ние сме безгласни пред един ненормалник,и никой да не гласува,09.04.2026 21:57,30,5,2026-04-11 17:24:05
fakti.bg,https://fakti.bg/topic/izbori,https://fakti.bg/krimi/1047384-mvr-otkri-dokumenti-na-197-martavci-predi-vota-v-montansko,МВР откри документи на 197 мъртъвци преди вота в Монтанско,2026-04-09,2 884,5,Времето на Кеша...Мистър Кеш !!!? Коментиран от #6,!!!?,09.04.2026 21:57,13,21,2026-04-11 17:24:05
fakti.bg,https://fakti.bg/topic/izbori,https://fakti.bg/krimi/1047384-mvr-otkri-dokumenti-na-197-martavci-predi-vota-v-montansko,МВР откри документи на 197 мъртъвци преди вота в Монтанско,2026-04-09,2 884,6,"До коментар #5 от ""!!!?"": Кеша от Боташа.",си дзън,09.04.2026 21:59,10,25,2026-04-11 17:24:05
fakti.bg,https://fakti.bg/topic/izbori,https://fakti.bg/krimi/1047384-mvr-otkri-dokumenti-na-197-martavci-predi-vota-v-montansko,МВР откри документи на 197 мъртъвци преди вота в Монтанско,2026-04-09,2 884,7,"Това е интересен случай, как ли са попаднали тези лични документи в ръцете на чужди хора?",Учуден,09.04.2026 22:00,31,1,2026-04-11 17:24:05
fakti.bg,https://fakti.bg/topic/izbori,https://fakti.bg/krimi/1047384-mvr-otkri-dokumenti-na-197-martavci-predi-vota-v-montansko,МВР откри документи на 197 мъртъвци преди вота в Монтанско,2026-04-09,2 884,8,Претърсихме ли! Митко галата и Димова са главните потребители на вот,Счетоводната къща на Ирена Димова претър,09.04.2026 22:02,20,1,2026-04-11 17:24:05
fakti.bg,https://fakti.bg/topic/izbori,https://fakti.bg/krimi/1047384-mvr-otkri-dokumenti-na-197-martavci-predi-vota-v-montansko,МВР откри документи на 197 мъртъвци преди вота в Монтанско,2026-04-09,2 884,9,Още науката няма обяснение как държавата с население от 6.3 милиона има 6.5 милиона гласоподаватели :),Ами,09.04.2026 22:02,44,0,2026-04-11 17:24:05
fakti.bg,https://fakti.bg/topic/izbori,https://fakti.bg/krimi/1047384-mvr-otkri-dokumenti-na-197-martavci-predi-vota-v-montansko,МВР откри документи на 197 мъртъвци преди вота в Монтанско,2026-04-09,2 884,11,дето купуват гласове да знаят хората кои са мошениците от кои партии са да разберат що за стока са макар да не е трудно да се досети за 2 партии където имат много наивни поклонници Коментиран от #20,a що не казвате сега от кои партии са,09.04.2026 22:06,31,1,2026-04-11 17:24:05
fakti.bg,https://fakti.bg/topic/izbori,https://fakti.bg/krimi/1047384-mvr-otkri-dokumenti-na-197-martavci-predi-vota-v-montansko,МВР откри документи на 197 мъртъвци преди вота в Монтанско,2026-04-09,2 884,12,И това е само върха на айсберга!,Даниел Немитов,09.04.2026 22:15,26,2,2026-04-11 17:24:05
fakti.bg,https://fakti.bg/topic/izbori,https://fakti.bg/krimi/1047384-mvr-otkri-dokumenti-na-197-martavci-predi-vota-v-montansko,МВР откри документи на 197 мъртъвци преди вота в Монтанско,2026-04-09,2 884,13,"В избирателните списъци изобилстват близо 400 000 мъртъвци, а то се и знае как и за кого ще гласуват!",Жеро,09.04.2026 22:17,35,1,2026-04-11 17:24:05
fakti.bg,https://fakti.bg/topic/izbori,https://fakti.bg/krimi/1047384-mvr-otkri-dokumenti-na-197-martavci-predi-vota-v-montansko,МВР откри документи на 197 мъртъвци преди вота в Монтанско,2026-04-09,2 884,14,"Само в това ги бива байганьовците. В сеенето на смрад... Измами, фалшификации, рекет, пдфилия, едерастия, кражби, контрабанда и.т.н.",хаха,09.04.2026 22:18,24,4,2026-04-11 17:24:05
fakti.bg,https://fakti.bg/topic/izbori,https://fakti.bg/krimi/1047384-mvr-otkri-dokumenti-na-197-martavci-predi-vota-v-montansko,МВР откри документи на 197 мъртъвци преди вота в Монтанско,2026-04-09,2 884,15,"Въобще, имало ли е честни избори досега? Имали ли сме легитимно правителство? Изобщо, имали ли сме държава?",Факт,09.04.2026 22:18,30,1,2026-04-11 17:24:05
fakti.bg,https://fakti.bg/topic/izbori,https://fakti.bg/krimi/1047384-mvr-otkri-dokumenti-na-197-martavci-predi-vota-v-montansko,МВР откри документи на 197 мъртъвци преди вота в Монтанско,2026-04-09,2 884,16,МВР им прави реклама че имат пари и като спечелят места в парламентд ще има още повече пари при тях,Тия дето купуват гласове,09.04.2026 22:28,8,5,2026-04-11 17:24:05
fakti.bg,https://fakti.bg/topic/izbori,https://fakti.bg/krimi/1047384-mvr-otkri-dokumenti-na-197-martavci-predi-vota-v-montansko,МВР откри документи на 197 мъртъвци преди вота в Монтанско,2026-04-09,2 884,17,"В семейството ми има твърде много починали, все пак съм на възраст... Ако имам някой документ, останал от майка ми, кажете как да гласувам с него? Нали разбирате, че или цялата комисия трябва да е от една партия, или предварително да са разпределили гласовете на умрелите и да няма спор?",Ироничен,09.04.2026 22:37,17,7,2026-04-11 17:24:05
fakti.bg,https://fakti.bg/topic/izbori,https://fakti.bg/krimi/1047384-mvr-otkri-dokumenti-na-197-martavci-predi-vota-v-montansko,МВР откри документи на 197 мъртъвци преди вота в Монтанско,2026-04-09,2 884,18,"ЗА СЪЖАЛЕНИЕ ТОВА ГО СЪЗДАДЕ БСП ПРЕДИ ГОДИНИ. НИЩО НОВО, ЖАЛКО ЗА ПОЧИНАЛИТЕ ЗАЩОТО ТОВА Е ГАВРА С ТЯХ. МНОГО СЪМ ЛЮБОПТНА, ЗА КОЯ ПАРТИЯ СА БИЛИ ПРИГОТВЕНИ ? 🐷🎃😠👎🇧🇬",Цвете,09.04.2026 23:06,8,11,2026-04-11 17:24:05
fakti.bg,https://fakti.bg/topic/izbori,https://fakti.bg/krimi/1047384-mvr-otkri-dokumenti-na-197-martavci-predi-vota-v-montansko,МВР откри документи на 197 мъртъвци преди вота в Монтанско,2026-04-09,2 884,19,"ЗА СЪЖАЛЕНИЕ ТОВА ГО СЪЗДАДЕ БСП ПРЕДИ ГОДИНИ. НИЩО НОВО, ЖАЛКО ЗА ПОЧИНАЛИТЕ ЗАЩОТО ТОВА Е ГАВРА С ТЯХ. МНОГО СЪМ ЛЮБОПТНА, ЗА КОЯ ПАРТИЯ СА БИЛИ ПРИГОТВЕНИ ? 🐷🎃😠👎🇧🇬 Коментиран от #21",Цвете,09.04.2026 23:06,2,10,2026-04-11 17:24:05
fakti.bg,https://fakti.bg/topic/izbori,https://fakti.bg/krimi/1047384-mvr-otkri-dokumenti-na-197-martavci-predi-vota-v-montansko,МВР откри документи на 197 мъртъвци преди вота в Монтанско,2026-04-09,2 884,20,"До коментар #11 от ""a що не казвате сега от кои партии са"": И какво точно се купува че незнам изборите са на 19 април днес няма избори",Анонимен,09.04.2026 23:26,1,7,2026-04-11 17:24:05
fakti.bg,https://fakti.bg/topic/izbori,https://fakti.bg/krimi/1047384-mvr-otkri-dokumenti-na-197-martavci-predi-vota-v-montansko,МВР откри документи на 197 мъртъвци преди вота в Монтанско,2026-04-09,2 884,21,"До коментар #19 от ""Цвете"": Ами помисли малко бе, Цвете! Тая глава Господ ти я е дал не само да си правиш прически. Малка подсказка - не е партия, а са партии. И двете партии се водят от бая закръглени ""политици""!",Даниел Немитов,09.04.2026 23:56,12,3,2026-04-11 17:24:05
fakti.bg,https://fakti.bg/topic/izbori,https://fakti.bg/krimi/1047384-mvr-otkri-dokumenti-na-197-martavci-predi-vota-v-montansko,МВР откри документи на 197 мъртъвци преди вота в Монтанско,2026-04-09,2 884,23,"Защо не се разследва от МВР, как са попаднали личните карти в криминалния контингент и защо тези покойници фигурират в избирателните списъци? Това е ОПГ!",Перо,10.04.2026 01:47,12,0,2026-04-11 17:24:05
fakti.bg,https://fakti.bg/topic/izbori,https://fakti.bg/krimi/1047384-mvr-otkri-dokumenti-na-197-martavci-predi-vota-v-montansko,МВР откри документи на 197 мъртъвци преди вота в Монтанско,2026-04-09,2 884,24,Хората се питат как преброените живи лица са по-малко от имащите право на глас? В статията е описан един от отговорите! Този въпрос касае от части и националната сигурност за кражба на идентичност!,Перо,10.04.2026 02:12,14,0,2026-04-11 17:24:05
fakti.bg,https://fakti.bg/topic/izbori,https://fakti.bg/krimi/1047384-mvr-otkri-dokumenti-na-197-martavci-predi-vota-v-montansko,МВР откри документи на 197 мъртъвци преди вота в Монтанско,2026-04-09,2 884,25,"В Европа се чудят, Друг път невидели Ведно да гласуват Живи и умрели. /По Вазов/",нннн,10.04.2026 05:17,14,0,2026-04-11 17:24:05
fakti.bg,https://fakti.bg/topic/izbori,https://fakti.bg/krimi/1047384-mvr-otkri-dokumenti-na-197-martavci-predi-vota-v-montansko,МВР откри документи на 197 мъртъвци преди вота в Монтанско,2026-04-09,2 884,26,"Какви са тия глупости лични карти на починали? Когато почине човек личната карта се взима и се издава смъртен акт!Айде малко мисъл в главите на пишещите журналя, разбирам че искат да е уау статията,ама ....",Чочо,10.04.2026 07:22,5,1,2026-04-11 17:24:05
fakti.bg,https://fakti.bg/topic/izbori,https://fakti.bg/krimi/1047384-mvr-otkri-dokumenti-na-197-martavci-predi-vota-v-montansko,МВР откри документи на 197 мъртъвци преди вота в Монтанско,2026-04-09,2 884,27,Ама верно ли гласуват. Аз мислех че само си почиват.,666,10.04.2026 21:37,2,0,2026-04-11 17:24:05
fakti.bg,https://fakti.bg/topic/izbori,https://fakti.bg/krimi/1047384-mvr-otkri-dokumenti-na-197-martavci-predi-vota-v-montansko,МВР откри документи на 197 мъртъвци преди вота в Монтанско,2026-04-09,2 884,28,"Това са ""мъртвите души "" на ГЕРБ.Тска даже и не плащат по 50 евро.Че Баце не вади нищо от чекмеджето.",Колко чудно,11.04.2026 10:59,2,0,2026-04-11 17:24:05
fakti.bg,https://fakti.bg/topic/izbori,https://fakti.bg/krimi/1047384-mvr-otkri-dokumenti-na-197-martavci-predi-vota-v-montansko,МВР откри документи на 197 мъртъвци преди вота в Монтанско,2026-04-09,2 884,29,"В това село живеят само от ""братята"". Помислете за кого гласуват!",ха-ха-ха,11.04.2026 13:54,1,0,2026-04-11 17:24:05
fakti.bg,https://fakti.bg/topic/izbori,https://fakti.bg/bulgaria/1047372-georgi-kandev-kolegi-ne-se-pribiraite-izlizaite,"Георги Кандев: Колеги, не се прибирайте! Излизайте!",2026-04-09,7 813,1,"палицай е престъпник, колега",всеки втори,09.04.2026 20:45,84,9,2026-04-11 17:24:07
fakti.bg,https://fakti.bg/topic/izbori,https://fakti.bg/bulgaria/1047372-georgi-kandev-kolegi-ne-se-pribiraite-izlizaite,"Георги Кандев: Колеги, не се прибирайте! Излизайте!",2026-04-09,7 813,3,"Колегите работят, но тези които купуват, им пишат законите и кръгът се затваря.",Хващат мишоци,09.04.2026 20:45,75,2,2026-04-11 17:24:07
fakti.bg,https://fakti.bg/topic/izbori,https://fakti.bg/bulgaria/1047372-georgi-kandev-kolegi-ne-se-pribiraite-izlizaite,"Георги Кандев: Колеги, не се прибирайте! Излизайте!",2026-04-09,7 813,4,Mачкай ОПартийниГ за купуване на гласове! България е с правителството!,Давай напред,09.04.2026 20:46,27,29,2026-04-11 17:24:07
fakti.bg,https://fakti.bg/topic/izbori,https://fakti.bg/bulgaria/1047372-georgi-kandev-kolegi-ne-se-pribiraite-izlizaite,"Георги Кандев: Колеги, не се прибирайте! Излизайте!",2026-04-09,7 813,6,"А к во прайм с наркодиларите-едри,средни и по-дребни ?Мен те са ми по на сърце.",Файърфлай,09.04.2026 20:48,50,5,2026-04-11 17:24:07
fakti.bg,https://fakti.bg/topic/izbori,https://fakti.bg/bulgaria/1047372-georgi-kandev-kolegi-ne-se-pribiraite-izlizaite,"Георги Кандев: Колеги, не се прибирайте! Излизайте!",2026-04-09,7 813,7,"Леле...... Този натегач му се привижда, че ще го оставят завинаги ""Главен"" някакъв си!!! Да започва да си играе на ""Дрон"", защото ще излети толкова бързо след изборите!!! Нищо лично, така се прави!!! Коментиран от #16",Пич,09.04.2026 20:48,42,34,2026-04-11 17:24:07
fakti.bg,https://fakti.bg/topic/izbori,https://fakti.bg/bulgaria/1047372-georgi-kandev-kolegi-ne-se-pribiraite-izlizaite,"Георги Кандев: Колеги, не се прибирайте! Излизайте!",2026-04-09,7 813,9,МИСТЪР МИШКИН КОЙТО СЕ Е ПОМИСЛИЛ ЗА ТИГЪР. С ТАЗИ МИЛИЦИЯ СМЕ ЗА НИКЪДЕ.,ПОРЕДНИЯ,09.04.2026 20:49,38,28,2026-04-11 17:24:07
fakti.bg,https://fakti.bg/topic/izbori,https://fakti.bg/bulgaria/1047372-georgi-kandev-kolegi-ne-se-pribiraite-izlizaite,"Георги Кандев: Колеги, не се прибирайте! Излизайте!",2026-04-09,7 813,10,"Провалът в борбата с купеният вот е в две слани места, първо продаването на гласа също е престъпление, а това прави хиляди съучастници на един и второ, тайната на вота, великата глупост която уж гарантира честни избори. Така не е ясно, аз кого съм избрал да ме представлява, а депутатът пред кого точно отговаря. Докато тези две неща не се променят, всичко ще си е по старому, ако колегите да умрат облещени из махалите, дебнейки купувачи.","Проблемът е решим, но не от политиците",09.04.2026 20:53,25,6,2026-04-11 17:24:07
fakti.bg,https://fakti.bg/topic/izbori,https://fakti.bg/bulgaria/1047372-georgi-kandev-kolegi-ne-se-pribiraite-izlizaite,"Георги Кандев: Колеги, не се прибирайте! Излизайте!",2026-04-09,7 813,11,"Колегите цивилни купуват гласове за Тиквата и Шиши. Коментиран от #19 , #37",Последния Софиянец,09.04.2026 20:54,37,12,2026-04-11 17:24:07
fakti.bg,https://fakti.bg/topic/izbori,https://fakti.bg/bulgaria/1047372-georgi-kandev-kolegi-ne-se-pribiraite-izlizaite,"Георги Кандев: Колеги, не се прибирайте! Излизайте!",2026-04-09,7 813,12,Монтана да видите купен вот? Герб и ДПС са в стихията си,"МВР е мафия, ако не вярвате елате в монт",09.04.2026 20:56,51,12,2026-04-11 17:24:07
fakti.bg,https://fakti.bg/topic/izbori,https://fakti.bg/bulgaria/1047372-georgi-kandev-kolegi-ne-se-pribiraite-izlizaite,"Георги Кандев: Колеги, не се прибирайте! Излизайте!",2026-04-09,7 813,13,Всяко купуване на гласове без участието на МВР е престъпление...Не случайно всеки кандидат за власт се натиска да го вземе преди избори.,"Да,бе",09.04.2026 21:04,23,10,2026-04-11 17:24:07
fakti.bg,https://fakti.bg/topic/izbori,https://fakti.bg/bulgaria/1047372-georgi-kandev-kolegi-ne-se-pribiraite-izlizaite,"Георги Кандев: Колеги, не се прибирайте! Излизайте!",2026-04-09,7 813,14,"Крадени от народа пари , добити с рекет и политически измами се инвестират покупки на глас на цели села и квартали.","90 000 евро там и тук , тук и там.",09.04.2026 21:21,38,6,2026-04-11 17:24:07
fakti.bg,https://fakti.bg/topic/izbori,https://fakti.bg/bulgaria/1047372-georgi-kandev-kolegi-ne-se-pribiraite-izlizaite,"Георги Кандев: Колеги, не се прибирайте! Излизайте!",2026-04-09,7 813,15,"За 3000 еврака може и да се разходя до центъра. Ама пак ще рева, че са ми малко…",Яко връзкар,09.04.2026 21:22,19,2,2026-04-11 17:24:07
fakti.bg,https://fakti.bg/topic/izbori,https://fakti.bg/bulgaria/1047372-georgi-kandev-kolegi-ne-se-pribiraite-izlizaite,"Георги Кандев: Колеги, не се прибирайте! Излизайте!",2026-04-09,7 813,16,"До коментар #7 от ""Пич"": Ти да не си от боята на Костя копанара?",Фалшификатор,09.04.2026 21:23,19,11,2026-04-11 17:24:07
fakti.bg,https://fakti.bg/topic/izbori,https://fakti.bg/bulgaria/1047372-georgi-kandev-kolegi-ne-se-pribiraite-izlizaite,"Георги Кандев: Колеги, не се прибирайте! Излизайте!",2026-04-09,7 813,17,Гюров инфлуенсъри това какво е или за вас може властта е ваша без избори назначени сте а ЕС тепърва ще се произнася за Гюровите Демокрация доноси демокрация наше мвр ала бала,Анонимен,09.04.2026 21:26,16,10,2026-04-11 17:24:07
fakti.bg,https://fakti.bg/topic/izbori,https://fakti.bg/bulgaria/1047372-georgi-kandev-kolegi-ne-se-pribiraite-izlizaite,"Георги Кандев: Колеги, не се прибирайте! Излизайте!",2026-04-09,7 813,18,се прибирайте за да могат истинските мъже да покрият хубавите ви жени докато работите... Коментиран от #36,"Да колеги, не",09.04.2026 21:27,15,19,2026-04-11 17:24:07
fakti.bg,https://fakti.bg/topic/izbori,https://fakti.bg/bulgaria/1047372-georgi-kandev-kolegi-ne-se-pribiraite-izlizaite,"Георги Кандев: Колеги, не се прибирайте! Излизайте!",2026-04-09,7 813,19,"До коментар #11 от ""Последния Софиянец"": А Гюров официално с инфлуенсърите нали наше мвр е давай",Анонимен,09.04.2026 21:28,20,9,2026-04-11 17:24:07
fakti.bg,https://fakti.bg/topic/izbori,https://fakti.bg/bulgaria/1047372-georgi-kandev-kolegi-ne-se-pribiraite-izlizaite,"Георги Кандев: Колеги, не се прибирайте! Излизайте!",2026-04-09,7 813,20,"Защо не чувам нищо за Красно село....Цел ден се въртя по по пазара,ама никой не предлага мангизи.Обидно е.",Милчо Лаков,09.04.2026 21:32,21,4,2026-04-11 17:24:07
fakti.bg,https://fakti.bg/topic/izbori,https://fakti.bg/bulgaria/1047372-georgi-kandev-kolegi-ne-se-pribiraite-izlizaite,"Георги Кандев: Колеги, не се прибирайте! Излизайте!",2026-04-09,7 813,21,"Уж хванали купувачи на гласове, а няма нито едно досъдебно производство. Тоест ПР акция без доказателства. Коментиран от #43",Глупости,09.04.2026 21:32,26,10,2026-04-11 17:24:07
fakti.bg,https://fakti.bg/topic/izbori,https://fakti.bg/bulgaria/1047372-georgi-kandev-kolegi-ne-se-pribiraite-izlizaite,"Георги Кандев: Колеги, не се прибирайте! Излизайте!",2026-04-09,7 813,22,"Браво, беаво, браво старши! Браво, браво, браво!",Браво,09.04.2026 21:42,17,6,2026-04-11 17:24:07
fakti.bg,https://fakti.bg/topic/izbori,https://fakti.bg/bulgaria/1047372-georgi-kandev-kolegi-ne-se-pribiraite-izlizaite,"Георги Кандев: Колеги, не се прибирайте! Излизайте!",2026-04-09,7 813,23,към гл. комисар (и.д. гл. секретар на МВР) Георги Кандев,Респект,09.04.2026 21:47,18,14,2026-04-11 17:24:07
fakti.bg,https://fakti.bg/topic/izbori,https://fakti.bg/bulgaria/1047372-georgi-kandev-kolegi-ne-se-pribiraite-izlizaite,"Георги Кандев: Колеги, не се прибирайте! Излизайте!",2026-04-09,7 813,24,Да вземат да си чукнат по две червени яйца куките и купувачите за да е всичко точно за празника.,Тома,09.04.2026 21:50,10,4,2026-04-11 17:24:07
fakti.bg,https://fakti.bg/topic/izbori,https://fakti.bg/bulgaria/1047372-georgi-kandev-kolegi-ne-se-pribiraite-izlizaite,"Георги Кандев: Колеги, не се прибирайте! Излизайте!",2026-04-09,7 813,25,"сбъркано тролене му се казва тъпанарщина. Видяхме вашето МВР, министър киноман който седна на първия ред в парламента до една тлъста кълка. Колкото и да мразите служебните, да казвате на бялото черно е тъпоумие. Тъпи сте, толкова сте тъпи, че не разбирате абсолютно нищо",На това,09.04.2026 21:56,18,4,2026-04-11 17:24:07
fakti.bg,https://fakti.bg/topic/izbori,https://fakti.bg/bulgaria/1047372-georgi-kandev-kolegi-ne-se-pribiraite-izlizaite,"Георги Кандев: Колеги, не се прибирайте! Излизайте!",2026-04-09,7 813,26,Аз искам да си продам гласа за 100 евра. Кой ще ме спре? Коментиран от #57,Коста,09.04.2026 21:58,10,9,2026-04-11 17:24:07
fakti.bg,https://fakti.bg/topic/izbori,https://fakti.bg/bulgaria/1047372-georgi-kandev-kolegi-ne-se-pribiraite-izlizaite,"Георги Кандев: Колеги, не се прибирайте! Излизайте!",2026-04-09,7 813,27,"Тези глупави акции са на служебния кабинет защото ПП не искат да дават пари за гласуване. Да, ама така не става. И те знаят и дават и тях не ги пипат.",Коста,09.04.2026 22:00,10,7,2026-04-11 17:24:07
fakti.bg,https://fakti.bg/topic/izbori,https://fakti.bg/bulgaria/1047372-georgi-kandev-kolegi-ne-se-pribiraite-izlizaite,"Георги Кандев: Колеги, не се прибирайте! Излизайте!",2026-04-09,7 813,28,"Печен македонец. Измий срама си от катастрофата на ПСВ война . Моят дядо е раняван няколко пъти в клането в Македония . Попада във френски плен . Оцелява във френски лагер в Гърция и Франция . Баба ми вече го е погребала жив с 3 деца . Връща се от Ада . Воюва с фашистите през 23 г. в Ломските казарми . И отново остава жив. Хвала на храбрите българи . Трябва ни апостол , който не го е страх . .. Истински патриот . Независимо от географията на страната ни ... Пълно е с подлоги с пагони . Отврат , все едно Петко Капитан Войвода не е съществувал ...",Инженер,09.04.2026 22:04,15,6,2026-04-11 17:24:07
fakti.bg,https://fakti.bg/topic/izbori,https://fakti.bg/bulgaria/1047372-georgi-kandev-kolegi-ne-se-pribiraite-izlizaite,"Георги Кандев: Колеги, не се прибирайте! Излизайте!",2026-04-09,7 813,29,"има досъдебни производства, има доказателства. Разтягате локуми в защита на престъпници. На служебното пиар не му трябва, тръгват си до месец. На вас шишизирани човечета да ви е яка гърбината за това което идва след служебните",Чуло недочуло,09.04.2026 22:08,19,9,2026-04-11 17:24:07
fakti.bg,https://fakti.bg/topic/izbori,https://fakti.bg/bulgaria/1047372-georgi-kandev-kolegi-ne-se-pribiraite-izlizaite,"Георги Кандев: Колеги, не се прибирайте! Излизайте!",2026-04-09,7 813,30,"Ми то в България никой не работи. Работа има само преди избори. По време на ужким работа 8 часа ... около 7 часа отива за пафкане на цигари и един час с поглед към работата! Спомням си един полицай седейки на кръстовището в колата и пафкайки цигарки от време на време викаше към прекосяващите коли: ""Искам да си Купя това Кръстовище за Бизнес и да правя Пачки! Някой от Вас, знае ли от Кой Бизнесмен Мога да го Купя и Колко Струва Кръстовището?"". Един спря колата и казва: От Парламента. Парламата е Собственик и те знаят ЦЕНАТА!",Малко спомени,09.04.2026 22:09,12,5,2026-04-11 17:24:07
fakti.bg,https://fakti.bg/topic/izbori,https://fakti.bg/bulgaria/1047372-georgi-kandev-kolegi-ne-se-pribiraite-izlizaite,"Георги Кандев: Колеги, не се прибирайте! Излизайте!",2026-04-09,7 813,31,"Само едни наивници могат да си мислят, че МВР са извън мащабната схема за купуване на гласове! Излизайте, започна се!",Лена,09.04.2026 22:10,14,9,2026-04-11 17:24:07
fakti.bg,https://fakti.bg/topic/izbori,https://fakti.bg/bulgaria/1047372-georgi-kandev-kolegi-ne-se-pribiraite-izlizaite,"Георги Кандев: Колеги, не се прибирайте! Излизайте!",2026-04-09,7 813,32,При толкова много сигнали за купуване на гласове то трябва да отменим изборите последните петнайсе двайсе години щото то вече им станало втора природа. Само дето не се разбира за кои партии се отнася.,Путин е виновен,09.04.2026 22:22,14,5,2026-04-11 17:24:07
fakti.bg,https://fakti.bg/topic/izbori,https://fakti.bg/bulgaria/1047372-georgi-kandev-kolegi-ne-se-pribiraite-izlizaite,"Георги Кандев: Колеги, не се прибирайте! Излизайте!",2026-04-09,7 813,33,"Кандев, аз пък имам информация, че олигархията доста се е бръкнала, за да помага на тези избори на онзи, който се кани да я бори. Бихте ли проверили и този ""сигнал"".",Ти да видиш,09.04.2026 22:44,15,4,2026-04-11 17:24:07
fakti.bg,https://fakti.bg/topic/izbori,https://fakti.bg/bulgaria/1047372-georgi-kandev-kolegi-ne-se-pribiraite-izlizaite,"Георги Кандев: Колеги, не се прибирайте! Излизайте!",2026-04-09,7 813,34,"Е как така поне една статия на Мара,не можа да я публикува, поне без една грешка ...?! ,,главен секретар на МВРГеорги Кандев призова..."" Кое ли е това министрество...- ,,МВРГ""...се чудя ..?!?!",ЗабелязЪл!,09.04.2026 22:48,5,4,2026-04-11 17:24:07
fakti.bg,https://fakti.bg/topic/izbori,https://fakti.bg/bulgaria/1047372-georgi-kandev-kolegi-ne-se-pribiraite-izlizaite,"Георги Кандев: Колеги, не се прибирайте! Излизайте!",2026-04-09,7 813,35,Респект и поздравления за професионалната и ефективна работа на гл. Секретар Кандев. Така трябва да работи МВР - почтенно и професионално и абсолютно прозрачно. Още веднъж - респект. Коментиран от #38,Критикар,09.04.2026 23:04,13,12,2026-04-11 17:24:07
fakti.bg,https://fakti.bg/topic/izbori,https://fakti.bg/bulgaria/1047372-georgi-kandev-kolegi-ne-se-pribiraite-izlizaite,"Георги Кандев: Колеги, не се прибирайте! Излизайте!",2026-04-09,7 813,36,"До коментар #18 от ""Да колеги, не"": Това е препратка към оня случай с акцията по залавяне на контрабандни цигари в Пловдив.","""Колеги прибирайте се""",09.04.2026 23:22,6,2,2026-04-11 17:24:07
fakti.bg,https://fakti.bg/topic/izbori,https://fakti.bg/bulgaria/1047372-georgi-kandev-kolegi-ne-se-pribiraite-izlizaite,"Георги Кандев: Колеги, не се прибирайте! Излизайте!",2026-04-09,7 813,37,"До коментар #11 от ""Последния Софиянец"": Бавиш се, виж колко кометата има преди твоя, виж колко още статии има, на които не си писал коментар",Краен квартал,09.04.2026 23:33,4,1,2026-04-11 17:24:07
fakti.bg,https://fakti.bg/topic/izbori,https://fakti.bg/bulgaria/1047372-georgi-kandev-kolegi-ne-se-pribiraite-izlizaite,"Георги Кандев: Колеги, не се прибирайте! Излизайте!",2026-04-09,7 813,38,"До коментар #35 от ""Критикар"": Къш бе фуражка",Хихихи,09.04.2026 23:41,6,5,2026-04-11 17:24:07
fakti.bg,https://fakti.bg/topic/izbori,https://fakti.bg/bulgaria/1047372-georgi-kandev-kolegi-ne-se-pribiraite-izlizaite,"Георги Кандев: Колеги, не се прибирайте! Излизайте!",2026-04-09,7 813,39,Този беше изритан за некадърност чак в Македония. А сега се прави на голямата работа началник,Сериозно ли,10.04.2026 00:00,10,10,2026-04-11 17:24:07
fakti.bg,https://fakti.bg/topic/izbori,https://fakti.bg/bulgaria/1047372-georgi-kandev-kolegi-ne-se-pribiraite-izlizaite,"Георги Кандев: Колеги, не се прибирайте! Излизайте!",2026-04-09,7 813,40,ако изборите спечелят тези които търгуват гласове доказано? Коментиран от #49,ко праим,10.04.2026 00:06,8,3,2026-04-11 17:24:07
fakti.bg,https://fakti.bg/topic/izbori,https://fakti.bg/bulgaria/1047372-georgi-kandev-kolegi-ne-se-pribiraite-izlizaite,"Георги Кандев: Колеги, не се прибирайте! Излизайте!",2026-04-09,7 813,41,"Полицаите както всеки немен работник работим с работно време. Като ти свърши смяната се прибираш вкъщи и се възстановяваш за следващата смяна. Какво е това ""не се прибирайте""? Да нямаме петилетен план за три години да изпълняваме? А тези 90 000 ще ги връщаме на човека и ще се извиняваме.",Нещо за петилетния план не каза ли?,10.04.2026 01:01,6,6,2026-04-11 17:24:07
fakti.bg,https://fakti.bg/topic/izbori,https://fakti.bg/bulgaria/1047372-georgi-kandev-kolegi-ne-se-pribiraite-izlizaite,"Георги Кандев: Колеги, не се прибирайте! Излизайте!",2026-04-09,7 813,42,"Странна трудова биография имаш. На 3-тата година от постълването в МВР ""Полицай па годината"". На 5-тата пак същата награда. И после още награди и ""бутане"" нагоре. Ало не такива на ченгета с 20-30 г. стаж в системата. Същия като Калин Георгиев и Калин Стоянов. Родени и постъпили в МВР със ""сребърна лъжица в устата"". Най корумпираната и прогнила система. Едвам направих години за клас и се махнах с 200-а.",вече бивш,10.04.2026 04:21,5,4,2026-04-11 17:24:07
fakti.bg,https://fakti.bg/topic/izbori,https://fakti.bg/bulgaria/1047372-georgi-kandev-kolegi-ne-se-pribiraite-izlizaite,"Георги Кандев: Колеги, не се прибирайте! Излизайте!",2026-04-09,7 813,43,"До коментар #21 от ""Глупости"": писател, а не читател! Прочети пак статията , там пише за досъдебните производства. И дори не са десетки, а вече стотици!",Чукча,10.04.2026 06:08,1,1,2026-04-11 17:24:07
fakti.bg,https://fakti.bg/topic/izbori,https://fakti.bg/bulgaria/1047372-georgi-kandev-kolegi-ne-se-pribiraite-izlizaite,"Георги Кандев: Колеги, не се прибирайте! Излизайте!",2026-04-09,7 813,44,В днешно време полицай е много обидна дума. Днескашните душмани(полицай)) са най- долните хора на планетата . Амин,МП4,10.04.2026 08:24,5,2,2026-04-11 17:24:07
fakti.bg,https://fakti.bg/topic/izbori,https://fakti.bg/bulgaria/1047372-georgi-kandev-kolegi-ne-se-pribiraite-izlizaite,"Георги Кандев: Колеги, не се прибирайте! Излизайте!",2026-04-09,7 813,45,"Докато не започнат да говорят с имена на партии и действащите в тяхна полза лица, не вярвам на никого! Искам да знам кой търгува с нашия живот и бъдещето на нашите деца! Коментиран от #46",Отвратен,10.04.2026 08:36,4,3,2026-04-11 17:24:07
fakti.bg,https://fakti.bg/topic/izbori,https://fakti.bg/bulgaria/1047372-georgi-kandev-kolegi-ne-se-pribiraite-izlizaite,"Георги Кандев: Колеги, не се прибирайте! Излизайте!",2026-04-09,7 813,46,"До коментар #45 от ""Отвратен"": Точно така. Най-ефикасно е да се съобщят публично имената на партиите-купувачи на гласове, тогава ще стане интересно. И щом купуването и продаването на гласове са престъпления, значи МВР си върши работата. Поне се опитва. Ако не си вършат работата, ще ги обвиняват, като я вършат пак са криви. Няма угодия. Хубаво си действат, да продължават да тревожат опг-етата.",пери,10.04.2026 09:09,2,3,2026-04-11 17:24:07
fakti.bg,https://fakti.bg/topic/izbori,https://fakti.bg/bulgaria/1047372-georgi-kandev-kolegi-ne-se-pribiraite-izlizaite,"Георги Кандев: Колеги, не се прибирайте! Излизайте!",2026-04-09,7 813,47,А хванахте ли прокурорския син?? Коментиран от #48,Хубава работа,10.04.2026 09:14,6,2,2026-04-11 17:24:07
fakti.bg,https://fakti.bg/topic/izbori,https://fakti.bg/bulgaria/1047372-georgi-kandev-kolegi-ne-se-pribiraite-izlizaite,"Георги Кандев: Колеги, не се прибирайте! Излизайте!",2026-04-09,7 813,48,"До коментар #47 от ""Хубава работа"": Няма как ,той работи с тях. Сигурен съм.че поне 2-ма от ръководителите в милицията в отдел.издирване на местно ниво са н Аакани от него и не смеят и името му да изрекат камоли предприемат издирвателни мерки 😁😁 П С. МВР ако решат няма начин да не те намерят ,на територията на Бэлгария , другия вариант е този или си с омазани гащи е мълчиш или играят парички",МП4,10.04.2026 09:26,4,1,2026-04-11 17:24:07
fakti.bg,https://fakti.bg/topic/izbori,https://fakti.bg/bulgaria/1047372-georgi-kandev-kolegi-ne-se-pribiraite-izlizaite,"Георги Кандев: Колеги, не се прибирайте! Излизайте!",2026-04-09,7 813,49,"До коментар #40 от ""ко праим"": Няма да ги спечелят!","Там е работата, че ...",10.04.2026 10:09,3,2,2026-04-11 17:24:07
fakti.bg,https://fakti.bg/topic/izbori,https://fakti.bg/bulgaria/1047372-georgi-kandev-kolegi-ne-se-pribiraite-izlizaite,"Георги Кандев: Колеги, не се прибирайте! Излизайте!",2026-04-09,7 813,50,"Някой да е направил връзка,с онези открити 100К ,кеш- в превозно средство, пътуващо към комшията? За плащане на незаконни вещества,е нищожна сума.Но за плащане на определени групи за участие/ превоз в изборите там,е сериозна сума.Много точно го посочва Гл.секретар.Хиляди са много бедни,с оскъдни средства...Ето ти петдесет евро на човек, да посрещнете празниците! И насреща получава 4-5 гласа за определена партия,гарантирано.",Даа!,10.04.2026 10:09,1,2,2026-04-11 17:24:07
fakti.bg,https://fakti.bg/topic/izbori,https://fakti.bg/bulgaria/1047372-georgi-kandev-kolegi-ne-se-pribiraite-izlizaite,"Георги Кандев: Колеги, не се прибирайте! Излизайте!",2026-04-09,7 813,51,ЩЕ ПРЕПЪЛНИ ЗАТВОРИТЕ С ПРОДАВАЧИ НА ГЛАСОВЕ И ПРИ ТЕЗИ ИЗБОРИ ! КОЕТО НИКОГА НЕ СЕ Е СЛУЧВАЛО ЕСТЕСТВЕНО !,МЕНТЕ ПРАВИТЕЛСТВОТО,10.04.2026 11:51,1,1,2026-04-11 17:24:07
fakti.bg,https://fakti.bg/topic/izbori,https://fakti.bg/bulgaria/1047372-georgi-kandev-kolegi-ne-se-pribiraite-izlizaite,"Георги Кандев: Колеги, не се прибирайте! Излизайте!",2026-04-09,7 813,52,ОВЦЕТЕ НА БАЙ РИБАН И ЩЕ ГИ ЗАКОЛЯТ !,"МАЙ ЩЕ АРЕСТУВАТ ПАК ,",10.04.2026 11:53,3,1,2026-04-11 17:24:07
fakti.bg,https://fakti.bg/topic/izbori,https://fakti.bg/bulgaria/1047372-georgi-kandev-kolegi-ne-se-pribiraite-izlizaite,"Георги Кандев: Колеги, не се прибирайте! Излизайте!",2026-04-09,7 813,53,служебните да ви хващат прокурорския син??? Тоя хулиганстваше много преди служебните. Вашето МВР какво му крепеше. Служебните не са длъжни преди изборите да съобщават за кои партии се търгуват гласове. Чудите се за какво да се заяждате. То бива кривлеци ама чак толкова не е нормално,Защо,10.04.2026 13:29,3,2,2026-04-11 17:24:07
fakti.bg,https://fakti.bg/topic/izbori,https://fakti.bg/bulgaria/1047372-georgi-kandev-kolegi-ne-se-pribiraite-izlizaite,"Георги Кандев: Колеги, не се прибирайте! Излизайте!",2026-04-09,7 813,54,на служебните ама те си трътват и след тях любимите ви шишибоювци пак ще ви подкарат. Стадо Коментиран от #55,Нахвърляте се,10.04.2026 13:32,4,3,2026-04-11 17:24:07
fakti.bg,https://fakti.bg/topic/izbori,https://fakti.bg/bulgaria/1047372-georgi-kandev-kolegi-ne-se-pribiraite-izlizaite,"Георги Кандев: Колеги, не се прибирайте! Излизайте!",2026-04-09,7 813,55,"До коментар #54 от ""Нахвърляте се"": Няма как да стане!",Не плаши стадото!,10.04.2026 13:36,1,4,2026-04-11 17:24:07
fakti.bg,https://fakti.bg/topic/izbori,https://fakti.bg/bulgaria/1047372-georgi-kandev-kolegi-ne-se-pribiraite-izlizaite,"Георги Кандев: Колеги, не се прибирайте! Излизайте!",2026-04-09,7 813,56,всичко е пунта мара уж ловят копуваче на гласове смях в залата,някои,10.04.2026 16:34,4,0,2026-04-11 17:24:07
fakti.bg,https://fakti.bg/topic/izbori,https://fakti.bg/bulgaria/1047372-georgi-kandev-kolegi-ne-se-pribiraite-izlizaite,"Георги Кандев: Колеги, не се прибирайте! Излизайте!",2026-04-09,7 813,58,Тоз е жив изрод и лъжец.Педофилите ще направят големите измами на изборите.,Ганьо,10.04.2026 18:28,2,0,2026-04-11 17:24:07
fakti.bg,https://fakti.bg/topic/izbori,https://fakti.bg/bulgaria/1047372-georgi-kandev-kolegi-ne-se-pribiraite-izlizaite,"Георги Кандев: Колеги, не се прибирайте! Излизайте!",2026-04-09,7 813,59,"Търсят млади момчета,за ППедофилите.",Кандьо,10.04.2026 18:30,2,0,2026-04-11 17:24:07
fakti.bg,https://fakti.bg/topic/izbori,https://fakti.bg/bulgaria/1047372-georgi-kandev-kolegi-ne-se-pribiraite-izlizaite,"Георги Кандев: Колеги, не се прибирайте! Излизайте!",2026-04-09,7 813,60,Прикриват купувачите от ППедерисимите.,Радун,10.04.2026 18:33,2,0,2026-04-11 17:24:07
fakti.bg,https://fakti.bg/topic/izbori,https://fakti.bg/bulgaria/1047372-georgi-kandev-kolegi-ne-se-pribiraite-izlizaite,"Георги Кандев: Колеги, не се прибирайте! Излизайте!",2026-04-09,7 813,61,Има чадър над купувачите на гласове.ДБ плаща най-добре.,Змеев,10.04.2026 18:34,2,0,2026-04-11 17:24:07
fakti.bg,https://fakti.bg/topic/izbori,https://fakti.bg/bulgaria/1047372-georgi-kandev-kolegi-ne-se-pribiraite-izlizaite,"Георги Кандев: Колеги, не се прибирайте! Излизайте!",2026-04-09,7 813,62,Този е яко намесен в купуването на гласове от ПП.,Полицаят,10.04.2026 18:40,2,0,2026-04-11 17:24:07
fakti.bg,https://fakti.bg/topic/izbori,https://fakti.bg/bulgaria/1047372-georgi-kandev-kolegi-ne-se-pribiraite-izlizaite,"Георги Кандев: Колеги, не се прибирайте! Излизайте!",2026-04-09,7 813,63,"САМО. ТАКА. БЕЗКОМПРОМИСНА. БИТКА. С. ТЪРГАШИТЕ. НА. БЪДЕЩЕТО. НА. ДЕЦАТА. НИ . Е. И. В КРАЯ. НА. КРАИЩАТА. ТРЯБВА. ДЕЙСТВИТЕЛНО. ДА. ПОКАЖАТ ИСТИНСКА БОРБА. С. КУПЕНИЯ. ВОТ. И. ВЕЧЕ. МНОГО. ДОБРИТЕ. СИ. ЗАПЛАТИ. САМО. ТАКА. БОЙ. ПО. ТЪРГАШИТЕ, А. СЛЕД. ИЗБОРИТЕ. ДА. СЕ. ОБЯВЯТ ПАРТИИТЕ. И. ДИЛЪРИТЕ. НА. КУПЕНИЯ. ВОТ.",Джоро Джоров,11.04.2026 12:10,0,1,2026-04-11 17:24:07
fakti.bg,https://fakti.bg/topic/izbori,https://fakti.bg/bulgaria/1047372-georgi-kandev-kolegi-ne-se-pribiraite-izlizaite,"Георги Кандев: Колеги, не се прибирайте! Излизайте!",2026-04-09,7 813,64,"И. КОЙ. ИЗПИЩЯ. ЧЕ. ИМАЛО. ТОРМОЗ. ОТ. МВР, ГЕРБ, ГОЛЯМОТО. Д ГЛАВНИТЕ. ТЪРГАШИ. НА. ГЛАСОВЕ. БАЙ. МИ. ГАНЬО. НЕДЕЙ. ПСУВА. АМИ. ИЗЛЕЗ. И. МАСОВО. ГЛАСУВАЙ.",БАЙ ---ХОЙ,11.04.2026 12:13,0,1,2026-04-11 17:24:07
fakti.bg,https://fakti.bg/topic/izbori/2026/04/06/63581,https://fakti.bg/bulgaria/1046552-ivan-anev-za-nezrashtite-hora-tainata-na-vota-ne-e-taina,Иван Янев: За незрящите хора тайната на вота не е тайна,2026-04-06,851,1,"Тайната на вота, е че с вота не участваш в управлението на страната, а подписваш трудовия договор на едни хрантутници, дето ще си увеличават заплатите по 4 пъти в годината законово и това ще идва от джоба ти.",провинциалист,06.04.2026 10:27,8,1,2026-04-11 17:24:11
fakti.bg,https://fakti.bg/topic/izbori/2026/04/06/63581,https://fakti.bg/bulgaria/1046552-ivan-anev-za-nezrashtite-hora-tainata-na-vota-ne-e-taina,Иван Янев: За незрящите хора тайната на вота не е тайна,2026-04-06,851,2,"че ги носим на раменете си тези хора, ами сега и депутат ще се грижи за ""правата им"" ... Кирлива държава - не гледа да се развива и децата ни да не бяхат в чужбина, а само за цигани и ""социално онеправдани"" мисли ... Коментиран от #6",Не стига,06.04.2026 10:30,4,2,2026-04-11 17:24:11
fakti.bg,https://fakti.bg/topic/izbori/2026/04/06/63581,https://fakti.bg/bulgaria/1046552-ivan-anev-za-nezrashtite-hora-tainata-na-vota-ne-e-taina,Иван Янев: За незрящите хора тайната на вота не е тайна,2026-04-06,851,3,"Не е смешно, ама кьорав карти не играе.",Абе,06.04.2026 10:41,1,0,2026-04-11 17:24:11
fakti.bg,https://fakti.bg/topic/izbori/2026/04/06/63581,https://fakti.bg/bulgaria/1046552-ivan-anev-za-nezrashtite-hora-tainata-na-vota-ne-e-taina,Иван Янев: За незрящите хора тайната на вота не е тайна,2026-04-06,851,4,"Комунягите добре го знаят, Мълчат и си траят, По болната тема ""ЛУСТРАЦИЯ"", Защото ще следва КАСТРАЦИЯ, Не с тухли, а с клещи, После - петолъчка и свещи !",БОЦ - ко,06.04.2026 10:47,3,0,2026-04-11 17:24:11
fakti.bg,https://fakti.bg/topic/izbori/2026/04/06/63581,https://fakti.bg/bulgaria/1046552-ivan-anev-za-nezrashtite-hora-tainata-na-vota-ne-e-taina,Иван Янев: За незрящите хора тайната на вота не е тайна,2026-04-06,851,5,"Официално какъв е броя на истински незрящите,а не колко имат решение от ТЕЛК?",питанка?,06.04.2026 10:51,4,1,2026-04-11 17:24:11
fakti.bg,https://fakti.bg/topic/izbori/2026/04/06/63581,https://fakti.bg/bulgaria/1046552-ivan-anev-za-nezrashtite-hora-tainata-na-vota-ne-e-taina,Иван Янев: За незрящите хора тайната на вота не е тайна,2026-04-06,851,6,"До коментар #2 от ""Не стига"": Никой не споменава колко са незрящите като бройка,защото ги е срам.Ако се разрови кой знае какво ще излезе от там,както във всички сектори.",Орлово око,06.04.2026 10:55,4,0,2026-04-11 17:24:11
fakti.bg,https://fakti.bg/topic/izbori/2026/04/06/63581,https://fakti.bg/bulgaria/1046552-ivan-anev-za-nezrashtite-hora-tainata-na-vota-ne-e-taina,Иван Янев: За незрящите хора тайната на вота не е тайна,2026-04-06,851,7,"Слушах го по телевизията. Говори си съвсем нормално за техните си проблеми и явно е от занимаващите се с това от отдавна. Но е странно за депутат и както каза кучето ще стане депутат! ;) Не че няма такива случаи. На немско МВР бе един в инвалидна количка, където се оглеждал от кой ъгъл ще изскочи терорист - тогава на тяхното МВР викали Щази 2.0 . Но не трябва да следваме такива примери.",Някой,06.04.2026 10:57,1,2,2026-04-11 17:24:11
fakti.bg,https://fakti.bg/topic/izbori/2026/04/06/63581,https://fakti.bg/bulgaria/1046552-ivan-anev-za-nezrashtite-hora-tainata-na-vota-ne-e-taina,Иван Янев: За незрящите хора тайната на вота не е тайна,2026-04-06,851,8,"На тоя като му гледам свинckите очички, бузки и гуша и се сещам за ""Фермата на животните"" на Оруел Коментиран от #9","Чиба, северно-азиатски ибpик !",06.04.2026 11:18,2,2,2026-04-11 17:24:11
fakti.bg,https://fakti.bg/topic/izbori/2026/04/06/63581,https://fakti.bg/bulgaria/1046552-ivan-anev-za-nezrashtite-hora-tainata-na-vota-ne-e-taina,Иван Янев: За незрящите хора тайната на вота не е тайна,2026-04-06,851,9,"До коментар #8 от ""Чиба, северно-азиатски ибpик !"": Човекът е сляп, ако не си прочел статията. Сляп кандидат депутат с куче водач. Коментиран от #10",Някой,06.04.2026 11:28,2,0,2026-04-11 17:24:11
fakti.bg,https://fakti.bg/topic/izbori/2026/04/06/63581,https://fakti.bg/bulgaria/1046552-ivan-anev-za-nezrashtite-hora-tainata-na-vota-ne-e-taina,Иван Янев: За незрящите хора тайната на вота не е тайна,2026-04-06,851,10,"До коментар #9 от ""Някой"": Не вярваме.Незрящите имат съвсем друга визия.С намалено зрение е вероятно но се правят на слепи.Хиляди са такива лапачи.Тук пак навлизаме в зоната на ТЕЛК-а и докторите.",лапач,06.04.2026 11:39,2,0,2026-04-11 17:24:11
fakti.bg,https://fakti.bg/topic/izbori/2026/04/06/63581,https://fakti.bg/bulgaria/1046552-ivan-anev-za-nezrashtite-hora-tainata-na-vota-ne-e-taina,Иван Янев: За незрящите хора тайната на вота не е тайна,2026-04-06,851,11,До сега защо не повдигнахте въпроса? Избори в държавата се правят от столетия,ООрана държава,06.04.2026 11:47,1,0,2026-04-11 17:24:11
fakti.bg,https://fakti.bg/topic/izbori/2026/04/06/63581,https://fakti.bg/bulgaria/1046533-pokolenieto-mi-beshe-okurajavano-da-zamine-23-godishnata-anna-bodakova-izbira-da-ostane-v-balgaria,„Поколението ми беше окуражавано да замине“: 23-годишната Анна Бодакова избира да остане в България,2026-04-06,2 416,1,"Тази ще ни опрай 😆 Коментиран от #41 , #88",Вервайте ми,06.04.2026 08:41,88,6,2026-04-11 17:24:14
fakti.bg,https://fakti.bg/topic/izbori/2026/04/06/63581,https://fakti.bg/bulgaria/1046533-pokolenieto-mi-beshe-okurajavano-da-zamine-23-godishnata-anna-bodakova-izbira-da-ostane-v-balgaria,„Поколението ми беше окуражавано да замине“: 23-годишната Анна Бодакова избира да остане в България,2026-04-06,2 416,2,"Ще гласувам за Ани, от 2013-та година протестира срещу Борисов и Пеевски.",Трол,06.04.2026 08:41,17,37,2026-04-11 17:24:14
fakti.bg,https://fakti.bg/topic/izbori/2026/04/06/63581,https://fakti.bg/bulgaria/1046533-pokolenieto-mi-beshe-okurajavano-da-zamine-23-godishnata-anna-bodakova-izbira-da-ostane-v-balgaria,„Поколението ми беше окуражавано да замине“: 23-годишната Анна Бодакова избира да остане в България,2026-04-06,2 416,3,"И тази мрази Русия, въпреки, че носи руска фамилия. Коментиран от #63",честен ционист,06.04.2026 08:42,60,10,2026-04-11 17:24:14
fakti.bg,https://fakti.bg/topic/izbori/2026/04/06/63581,https://fakti.bg/bulgaria/1046533-pokolenieto-mi-beshe-okurajavano-da-zamine-23-godishnata-anna-bodakova-izbira-da-ostane-v-balgaria,„Поколението ми беше окуражавано да замине“: 23-годишната Анна Бодакова избира да остане в България,2026-04-06,2 416,5,проблемът не е да заминеш . проблем би бил ако не се върнеш след дипломиране.,пресолена,06.04.2026 08:42,25,16,2026-04-11 17:24:14
fakti.bg,https://fakti.bg/topic/izbori/2026/04/06/63581,https://fakti.bg/bulgaria/1046533-pokolenieto-mi-beshe-okurajavano-da-zamine-23-godishnata-anna-bodakova-izbira-da-ostane-v-balgaria,„Поколението ми беше окуражавано да замине“: 23-годишната Анна Бодакова избира да остане в България,2026-04-06,2 416,6,"А така госпожице. Стой тука до края на мандата и юни си свободна за бригадата. Две заплати, две! Кой ти ги дава? Все едно не си била студент, ако не си брала ягоди на хората!",Ццц,06.04.2026 08:43,38,7,2026-04-11 17:24:14
fakti.bg,https://fakti.bg/topic/izbori/2026/04/06/63581,https://fakti.bg/bulgaria/1046533-pokolenieto-mi-beshe-okurajavano-da-zamine-23-godishnata-anna-bodakova-izbira-da-ostane-v-balgaria,„Поколението ми беше окуражавано да замине“: 23-годишната Анна Бодакова избира да остане в България,2026-04-06,2 416,7,се е насочила към дупетатските кюфтета !,Добре,06.04.2026 08:43,54,4,2026-04-11 17:24:14
fakti.bg,https://fakti.bg/topic/izbori/2026/04/06/63581,https://fakti.bg/bulgaria/1046533-pokolenieto-mi-beshe-okurajavano-da-zamine-23-godishnata-anna-bodakova-izbira-da-ostane-v-balgaria,„Поколението ми беше окуражавано да замине“: 23-годишната Анна Бодакова избира да остане в България,2026-04-06,2 416,9,Още една парапетка от ПП /педофили и п...си/,Реалност,06.04.2026 08:44,59,8,2026-04-11 17:24:14
fakti.bg,https://fakti.bg/topic/izbori/2026/04/06/63581,https://fakti.bg/bulgaria/1046533-pokolenieto-mi-beshe-okurajavano-da-zamine-23-godishnata-anna-bodakova-izbira-da-ostane-v-balgaria,„Поколението ми беше окуражавано да замине“: 23-годишната Анна Бодакова избира да остане в България,2026-04-06,2 416,10,има само в България. Другите са само с български произход. Не разпилявайте семето си в чужди ниви!,българи,06.04.2026 08:44,31,8,2026-04-11 17:24:14
fakti.bg,https://fakti.bg/topic/izbori/2026/04/06/63581,https://fakti.bg/bulgaria/1046533-pokolenieto-mi-beshe-okurajavano-da-zamine-23-godishnata-anna-bodakova-izbira-da-ostane-v-balgaria,„Поколението ми беше окуражавано да замине“: 23-годишната Анна Бодакова избира да остане в България,2026-04-06,2 416,11,"„Поколението ми беше окуражавано да замине“: 23-годишната Анна Бодакова избира да остане в България за да стане дупетатка Коментиран от #25 , #110",Факти,06.04.2026 08:45,50,5,2026-04-11 17:24:14
fakti.bg,https://fakti.bg/topic/izbori/2026/04/06/63581,https://fakti.bg/bulgaria/1046533-pokolenieto-mi-beshe-okurajavano-da-zamine-23-godishnata-anna-bodakova-izbira-da-ostane-v-balgaria,„Поколението ми беше окуражавано да замине“: 23-годишната Анна Бодакова избира да остане в България,2026-04-06,2 416,12,защо иамте руски агентки в листите?,ЛГДБПП,06.04.2026 08:45,24,7,2026-04-11 17:24:14
fakti.bg,https://fakti.bg/topic/izbori/2026/04/06/63581,https://fakti.bg/bulgaria/1046533-pokolenieto-mi-beshe-okurajavano-da-zamine-23-godishnata-anna-bodakova-izbira-da-ostane-v-balgaria,„Поколението ми беше окуражавано да замине“: 23-годишната Анна Бодакова избира да остане в България,2026-04-06,2 416,13,"Роднина на Белобрадова, поредната евроатлантическа овца",Малката Мута,06.04.2026 08:47,46,4,2026-04-11 17:24:14
fakti.bg,https://fakti.bg/topic/izbori/2026/04/06/63581,https://fakti.bg/bulgaria/1046533-pokolenieto-mi-beshe-okurajavano-da-zamine-23-godishnata-anna-bodakova-izbira-da-ostane-v-balgaria,„Поколението ми беше окуражавано да замине“: 23-годишната Анна Бодакова избира да остане в България,2026-04-06,2 416,15,"айде мама, учи та да не работиш/. И КОЙ точно ви е поощрявал да напускате страната .На нас ни трябваше граничен пътен лист за да идем до петрич или ахтопол, и в университета се учеше ако тате е активен борец или партиен секретар..И я ти кажи твоя тате какъв е или батко е некоя мутра и те е изучил за новата РУЖА Коментиран от #20",така де,06.04.2026 08:48,37,8,2026-04-11 17:24:14
fakti.bg,https://fakti.bg/topic/izbori/2026/04/06/63581,https://fakti.bg/bulgaria/1046533-pokolenieto-mi-beshe-okurajavano-da-zamine-23-godishnata-anna-bodakova-izbira-da-ostane-v-balgaria,„Поколението ми беше окуражавано да замине“: 23-годишната Анна Бодакова избира да остане в България,2026-04-06,2 416,17,"Всеки един българин, независимо от възрастта си, ще избере да стане депутат с 10 000 евро заплата без да свърши и за 5 цента работа, вместо да мие чинии на Запад. п.п. На тази ще и викаме Лена №2",Нормално,06.04.2026 08:50,46,6,2026-04-11 17:24:14
fakti.bg,https://fakti.bg/topic/izbori/2026/04/06/63581,https://fakti.bg/bulgaria/1046533-pokolenieto-mi-beshe-okurajavano-da-zamine-23-godishnata-anna-bodakova-izbira-da-ostane-v-balgaria,„Поколението ми беше окуражавано да замине“: 23-годишната Анна Бодакова избира да остане в България,2026-04-06,2 416,18,калинките остават в българия а които няма връзки окстава без работа това е деиствителноста в маика българиая затова нашите деца и внуци отиват в чужбина да търсят препитание тук олигарсите ги експлоатират за желти стотинки така ще е докато не ги идзметем всички политици на българия и трябва президентса република и читав президент Коментиран от #26,бай благои,06.04.2026 08:50,26,6,2026-04-11 17:24:14
fakti.bg,https://fakti.bg/topic/izbori/2026/04/06/63581,https://fakti.bg/bulgaria/1046533-pokolenieto-mi-beshe-okurajavano-da-zamine-23-godishnata-anna-bodakova-izbira-da-ostane-v-balgaria,„Поколението ми беше окуражавано да замине“: 23-годишната Анна Бодакова избира да остане в България,2026-04-06,2 416,19,Чакам те на парапета... Коментиран от #116,Киро съм,06.04.2026 08:50,27,5,2026-04-11 17:24:14
fakti.bg,https://fakti.bg/topic/izbori/2026/04/06/63581,https://fakti.bg/bulgaria/1046533-pokolenieto-mi-beshe-okurajavano-da-zamine-23-godishnata-anna-bodakova-izbira-da-ostane-v-balgaria,„Поколението ми беше окуражавано да замине“: 23-годишната Анна Бодакова избира да остане в България,2026-04-06,2 416,22,"2019г. при едно изследване се установи, че 47% от осмокласниците са функционално неграмотни. Тази мома дали не е в това число? Коментиран от #84",гост,06.04.2026 08:52,43,4,2026-04-11 17:24:14
fakti.bg,https://fakti.bg/topic/izbori/2026/04/06/63581,https://fakti.bg/bulgaria/1046533-pokolenieto-mi-beshe-okurajavano-da-zamine-23-godishnata-anna-bodakova-izbira-da-ostane-v-balgaria,„Поколението ми беше окуражавано да замине“: 23-годишната Анна Бодакова избира да остане в България,2026-04-06,2 416,23,"Бягай Анна. Махай се от България. Тук всичко се руши и няма бъдеще за младите. Страната отива към фалит и национална катастрофа. Горчиво ще съжаляваш за решението си. Коментиран от #29 , #33 , #38",Мигрант,06.04.2026 08:52,9,24,2026-04-11 17:24:14
fakti.bg,https://fakti.bg/topic/izbori/2026/04/06/63581,https://fakti.bg/bulgaria/1046533-pokolenieto-mi-beshe-okurajavano-da-zamine-23-godishnata-anna-bodakova-izbira-da-ostane-v-balgaria,„Поколението ми беше окуражавано да замине“: 23-годишната Анна Бодакова избира да остане в България,2026-04-06,2 416,24,"В Народното събрание се приемат закони, вземат се политически решения, правят се политики... Вместо да приемат възможността депутатите да бъдат с двойно гражданство, трябваше да въведат долна граница на възрастта за влизане в парламента от навършена поне 40-годишна възраст. Какво разбира това хлапе от политика, държавно ,устройство, закони? А като не разбира как ще гласува? Същото е и със съдиите, не можеш да решаваш човешки съдби, ако нямаш достатъчен житейски опит, който идва единствено с възрастта. Харесвам младите хора, но те трябва да достигнат зрялост, за да заемат определени постове. Народното събрание не място за млади и красиви българи, а за опитни, отговорни и зрели хора, които си дават сметка, че от решенията им зависи съдбата на милиони българи.",това е несериозно,06.04.2026 08:53,45,4,2026-04-11 17:24:14
fakti.bg,https://fakti.bg/topic/izbori/2026/04/06/63581,https://fakti.bg/bulgaria/1046533-pokolenieto-mi-beshe-okurajavano-da-zamine-23-godishnata-anna-bodakova-izbira-da-ostane-v-balgaria,„Поколението ми беше окуражавано да замине“: 23-годишната Анна Бодакова избира да остане в България,2026-04-06,2 416,25,"До коментар #11 от ""Факти"": Щом Кирето заряза канадата за да стане депутат у нас трябва да има келепир. Ако отиде в чужбината ще се наложи да бачка. Пък и винаги има резервни варианти ако с депутатството не и потръгне - нечия секретарка, плеймейтката, инфлуенсърка и т.н.",Така де,06.04.2026 08:53,31,5,2026-04-11 17:24:14
fakti.bg,https://fakti.bg/topic/izbori/2026/04/06/63581,https://fakti.bg/bulgaria/1046533-pokolenieto-mi-beshe-okurajavano-da-zamine-23-godishnata-anna-bodakova-izbira-da-ostane-v-balgaria,„Поколението ми беше окуражавано да замине“: 23-годишната Анна Бодакова избира да остане в България,2026-04-06,2 416,26,"До коментар #18 от ""бай благои"": кой трябва да ги измете, щом младите забягват по чужбина? Филанкишията ли или ние, старите? Зададох риторичен въпрос,само .",Ама как,06.04.2026 08:54,9,7,2026-04-11 17:24:14
fakti.bg,https://fakti.bg/topic/izbori/2026/04/06/63581,https://fakti.bg/bulgaria/1046533-pokolenieto-mi-beshe-okurajavano-da-zamine-23-godishnata-anna-bodakova-izbira-da-ostane-v-balgaria,„Поколението ми беше окуражавано да замине“: 23-годишната Анна Бодакова избира да остане в България,2026-04-06,2 416,27,"До коментар #16 от ""кой мy дpeмe"": Е разделянето на електората на различни възрастови кохорти.",Особено интересно,06.04.2026 08:54,8,9,2026-04-11 17:24:14
fakti.bg,https://fakti.bg/topic/izbori/2026/04/06/63581,https://fakti.bg/bulgaria/1046533-pokolenieto-mi-beshe-okurajavano-da-zamine-23-godishnata-anna-bodakova-izbira-da-ostane-v-balgaria,„Поколението ми беше окуражавано да замине“: 23-годишната Анна Бодакова избира да остане в България,2026-04-06,2 416,28,Не разбрахме как са ги окуражавали!,Дзак,06.04.2026 08:58,17,4,2026-04-11 17:24:14
fakti.bg,https://fakti.bg/topic/izbori/2026/04/06/63581,https://fakti.bg/bulgaria/1046533-pokolenieto-mi-beshe-okurajavano-da-zamine-23-godishnata-anna-bodakova-izbira-da-ostane-v-balgaria,„Поколението ми беше окуражавано да замине“: 23-годишната Анна Бодакова избира да остане в България,2026-04-06,2 416,32,"Анна Бодакова е кандидатКА за депутатКА на ""ПП-ДБ"". Тя е на 23 години и вероятно е най-младАТА кандидатКА за народНА представителКА в следващия парламент. Коментиран от #55",глоги,06.04.2026 09:02,6,14,2026-04-11 17:24:14
fakti.bg,https://fakti.bg/topic/izbori/2026/04/06/63581,https://fakti.bg/bulgaria/1046533-pokolenieto-mi-beshe-okurajavano-da-zamine-23-godishnata-anna-bodakova-izbira-da-ostane-v-balgaria,„Поколението ми беше окуражавано да замине“: 23-годишната Анна Бодакова избира да остане в България,2026-04-06,2 416,33,"До коментар #23 от ""Мигрант"": И къде ще ходи? Само миналата година над 500 000 гастарбайтери са напуснали Германия, повечето от които са се прибрали по родните си места в Турция и България. В Западна Европа трябва да работиш като луд само и само да си платиш скочилите двойно квартири. А пък тази не я мисли - ще ""поработи"" някой друг месец като депутат, ще се навежда по парапети за да придобие популярност и после кариера в онлифенс. Коментиран от #45",Любопитен,06.04.2026 09:02,20,5,2026-04-11 17:24:14
fakti.bg,https://fakti.bg/topic/izbori/2026/04/06/63581,https://fakti.bg/bulgaria/1046533-pokolenieto-mi-beshe-okurajavano-da-zamine-23-godishnata-anna-bodakova-izbira-da-ostane-v-balgaria,„Поколението ми беше окуражавано да замине“: 23-годишната Анна Бодакова избира да остане в България,2026-04-06,2 416,34,барем една да е останала и да работи склададжийка на минимална… Коментиран от #47,Как пък не видях,06.04.2026 09:03,24,3,2026-04-11 17:24:14
fakti.bg,https://fakti.bg/topic/izbori/2026/04/06/63581,https://fakti.bg/bulgaria/1046533-pokolenieto-mi-beshe-okurajavano-da-zamine-23-godishnata-anna-bodakova-izbira-da-ostane-v-balgaria,„Поколението ми беше окуражавано да замине“: 23-годишната Анна Бодакова избира да остане в България,2026-04-06,2 416,35,Иска да нагъва кебапчета за 20 цента в парламента като се хване за кокала 🍗,Мям,06.04.2026 09:04,19,1,2026-04-11 17:24:14
fakti.bg,https://fakti.bg/topic/izbori/2026/04/06/63581,https://fakti.bg/bulgaria/1046533-pokolenieto-mi-beshe-okurajavano-da-zamine-23-godishnata-anna-bodakova-izbira-da-ostane-v-balgaria,„Поколението ми беше окуражавано да замине“: 23-годишната Анна Бодакова избира да остане в България,2026-04-06,2 416,37,...ла ще ни оправи,точно тази либeраcткaта пик...,06.04.2026 09:05,22,2,2026-04-11 17:24:14
fakti.bg,https://fakti.bg/topic/izbori/2026/04/06/63581,https://fakti.bg/bulgaria/1046533-pokolenieto-mi-beshe-okurajavano-da-zamine-23-godishnata-anna-bodakova-izbira-da-ostane-v-balgaria,„Поколението ми беше окуражавано да замине“: 23-годишната Анна Бодакова избира да остане в България,2026-04-06,2 416,38,"До коментар #23 от ""Мигрант"": Не мога, бе мигранте! Има още мазнинка по кокала за смикане и е много сладко!",Анна,06.04.2026 09:07,20,0,2026-04-11 17:24:14
fakti.bg,https://fakti.bg/topic/izbori/2026/04/06/63581,https://fakti.bg/bulgaria/1046533-pokolenieto-mi-beshe-okurajavano-da-zamine-23-godishnata-anna-bodakova-izbira-da-ostane-v-balgaria,„Поколението ми беше окуражавано да замине“: 23-годишната Анна Бодакова избира да остане в България,2026-04-06,2 416,40,"С този невероятен кадър, завършил езикова гимназия с испански език, ще задминем Китай по икономика:)))",Ехааа,06.04.2026 09:08,24,3,2026-04-11 17:24:14
fakti.bg,https://fakti.bg/topic/izbori/2026/04/06/63581,https://fakti.bg/bulgaria/1046533-pokolenieto-mi-beshe-okurajavano-da-zamine-23-godishnata-anna-bodakova-izbira-da-ostane-v-balgaria,„Поколението ми беше окуражавано да замине“: 23-годишната Анна Бодакова избира да остане в България,2026-04-06,2 416,41,"До коментар #1 от ""Вервайте ми"": Западния корупционен модел е един демократичен, свободен корупционен модел.",Има логика,06.04.2026 09:08,19,2,2026-04-11 17:24:14
fakti.bg,https://fakti.bg/topic/izbori/2026/04/06/63581,https://fakti.bg/bulgaria/1046533-pokolenieto-mi-beshe-okurajavano-da-zamine-23-godishnata-anna-bodakova-izbira-da-ostane-v-balgaria,„Поколението ми беше окуражавано да замине“: 23-годишната Анна Бодакова избира да остане в България,2026-04-06,2 416,43,"До коментар #39 от ""Кифлата на кой е или е оборотна"": Мяза на оборотна, но пък в партията и 99% са п...си и педофили, вероятно ще е новата на Бойко:)",Реалност,06.04.2026 09:11,18,2,2026-04-11 17:24:14
fakti.bg,https://fakti.bg/topic/izbori/2026/04/06/63581,https://fakti.bg/bulgaria/1046533-pokolenieto-mi-beshe-okurajavano-da-zamine-23-godishnata-anna-bodakova-izbira-da-ostane-v-balgaria,„Поколението ми беше окуражавано да замине“: 23-годишната Анна Бодакова избира да остане в България,2026-04-06,2 416,44,оставихме милионите в канада и дойдохме с кукор пенюаров да ви оправим,киро шприца,06.04.2026 09:12,16,1,2026-04-11 17:24:14
fakti.bg,https://fakti.bg/topic/izbori/2026/04/06/63581,https://fakti.bg/bulgaria/1046533-pokolenieto-mi-beshe-okurajavano-da-zamine-23-godishnata-anna-bodakova-izbira-da-ostane-v-balgaria,„Поколението ми беше окуражавано да замине“: 23-годишната Анна Бодакова избира да остане в България,2026-04-06,2 416,46,Как е възможно деца да се промотират за политици. Тия нямат срам Коментиран от #86,SDEЧЕВ,06.04.2026 09:14,33,1,2026-04-11 17:24:14
fakti.bg,https://fakti.bg/topic/izbori/2026/04/06/63581,https://fakti.bg/bulgaria/1046533-pokolenieto-mi-beshe-okurajavano-da-zamine-23-godishnata-anna-bodakova-izbira-da-ostane-v-balgaria,„Поколението ми беше окуражавано да замине“: 23-годишната Анна Бодакова избира да остане в България,2026-04-06,2 416,48,"От къде ги намират тези? Няма ли нормални момичета в България? Коментиран от #87 , #111",Данко Харсъзина,06.04.2026 09:18,24,3,2026-04-11 17:24:14
fakti.bg,https://fakti.bg/topic/izbori/2026/04/06/63581,https://fakti.bg/bulgaria/1046533-pokolenieto-mi-beshe-okurajavano-da-zamine-23-godishnata-anna-bodakova-izbira-da-ostane-v-balgaria,„Поколението ми беше окуражавано да замине“: 23-годишната Анна Бодакова избира да остане в България,2026-04-06,2 416,49,"ей такива като ни вкарват някакви млади зелени, от ПП ДБ къде е Божанков че ми вкарвате някакви 20 годишни да вземат решения. аман от идиоти, то не бяха 240 ами трупате трупате идиотизъм",мхммх,06.04.2026 09:19,17,2,2026-04-11 17:24:14
fakti.bg,https://fakti.bg/topic/izbori/2026/04/06/63581,https://fakti.bg/bulgaria/1046533-pokolenieto-mi-beshe-okurajavano-da-zamine-23-godishnata-anna-bodakova-izbira-da-ostane-v-balgaria,„Поколението ми беше окуражавано да замине“: 23-годишната Анна Бодакова избира да остане в България,2026-04-06,2 416,50,Слава Богу е 10та в листата и ако любовникът не е купил преференции ще гледа НС отвън.,Данко Харсъзина,06.04.2026 09:21,21,3,2026-04-11 17:24:14
fakti.bg,https://fakti.bg/topic/izbori/2026/04/06/63581,https://fakti.bg/bulgaria/1046533-pokolenieto-mi-beshe-okurajavano-da-zamine-23-godishnata-anna-bodakova-izbira-da-ostane-v-balgaria,„Поколението ми беше окуражавано да замине“: 23-годишната Анна Бодакова избира да остане в България,2026-04-06,2 416,51,И тая кифла е била на парапета с Киру Коментиран от #90,Сталин,06.04.2026 09:23,18,4,2026-04-11 17:24:14
fakti.bg,https://fakti.bg/topic/izbori/2026/04/06/63581,https://fakti.bg/bulgaria/1046533-pokolenieto-mi-beshe-okurajavano-da-zamine-23-godishnata-anna-bodakova-izbira-da-ostane-v-balgaria,„Поколението ми беше окуражавано да замине“: 23-годишната Анна Бодакова избира да остане в България,2026-04-06,2 416,53,"Айде стига бе, с някакви двайсетгодишни умнокрасивитетки, дето нямат ден трудов стаж, дето не са решили един проблем през живота си, дето не са изкарали един лев с труд освен парите от разни фондацийки и дето бъркат Австрия с Австралия, ще искате да управлявате. Какъв опит имат такива, какви длъжности са заемали до момента, какви атестации имат, кой в света ги признава за ценен кадър и т.н. Научили две думи на кръст на английски и само едно си знаят - искаме, искаме. А какво иска народът на България, интересува ли Ви, или си мислите че няма нужда да го питате, защото сте много ""умни""? Вие ще мислите вместо него, нали? Коментиран от #71 , #89",разни джензита,06.04.2026 09:24,35,5,2026-04-11 17:24:14
fakti.bg,https://fakti.bg/topic/izbori/2026/04/06/63581,https://fakti.bg/bulgaria/1046533-pokolenieto-mi-beshe-okurajavano-da-zamine-23-godishnata-anna-bodakova-izbira-da-ostane-v-balgaria,„Поколението ми беше окуражавано да замине“: 23-годишната Анна Бодакова избира да остане в България,2026-04-06,2 416,54,"Момичета вчера до ендека-то ги чух да си приказват с ""Чу ли ъ брат?"",""Ко ъ брат?"". Коментиран от #56",яйла,06.04.2026 09:26,23,0,2026-04-11 17:24:14
fakti.bg,https://fakti.bg/topic/izbori/2026/04/06/63581,https://fakti.bg/bulgaria/1046533-pokolenieto-mi-beshe-okurajavano-da-zamine-23-godishnata-anna-bodakova-izbira-da-ostane-v-balgaria,„Поколението ми беше окуражавано да замине“: 23-годишната Анна Бодакова избира да остане в България,2026-04-06,2 416,55,"До коментар #32 от ""глоги"": Малена Малчева не ли по- млада от Анна? Ей тъй се гради кариера, да гледа и да се учи следващото поколение - веднага след средно образование да влиза в парламента Коментиран от #58",Другата кандидатка,06.04.2026 09:27,14,7,2026-04-11 17:24:14
fakti.bg,https://fakti.bg/topic/izbori/2026/04/06/63581,https://fakti.bg/bulgaria/1046533-pokolenieto-mi-beshe-okurajavano-da-zamine-23-godishnata-anna-bodakova-izbira-da-ostane-v-balgaria,„Поколението ми беше окуражавано да замине“: 23-годишната Анна Бодакова избира да остане в България,2026-04-06,2 416,56,"До коментар #54 от ""яйла"": да ги пращат в парламентя да дремят!",веднага,06.04.2026 09:29,15,1,2026-04-11 17:24:14
fakti.bg,https://fakti.bg/topic/izbori/2026/04/06/63581,https://fakti.bg/bulgaria/1046533-pokolenieto-mi-beshe-okurajavano-da-zamine-23-godishnata-anna-bodakova-izbira-da-ostane-v-balgaria,„Поколението ми беше окуражавано да замине“: 23-годишната Анна Бодакова избира да остане в България,2026-04-06,2 416,57,ново Ленче,Ний ша Ва упрайм,06.04.2026 09:31,19,2,2026-04-11 17:24:14
fakti.bg,https://fakti.bg/topic/izbori/2026/04/06/63581,https://fakti.bg/bulgaria/1046533-pokolenieto-mi-beshe-okurajavano-da-zamine-23-godishnata-anna-bodakova-izbira-da-ostane-v-balgaria,„Поколението ми беше окуражавано да замине“: 23-годишната Анна Бодакова избира да остане в България,2026-04-06,2 416,58,"До коментар #55 от ""Другата кандидатка"": да почнете вече от детската градина в парламента да ги вкарвате, че децата са ви афинитет.",Hенормалните педроханци,06.04.2026 09:31,20,3,2026-04-11 17:24:14
fakti.bg,https://fakti.bg/topic/izbori/2026/04/06/63581,https://fakti.bg/bulgaria/1046533-pokolenieto-mi-beshe-okurajavano-da-zamine-23-godishnata-anna-bodakova-izbira-da-ostane-v-balgaria,„Поколението ми беше окуражавано да замине“: 23-годишната Анна Бодакова избира да остане в България,2026-04-06,2 416,59,"ПП и ДБ педофили са лъжци. За да измамят и младите българи сега са сложили в листите си и такива млади девоики и се надяват да излъжат колкото могат повече глупаци. Това младо дете, го използват мръсните ПП и ДБ педофили, и какво ще прави в парламента??? Закони ще гласува??? Ами тя не е живяла и няма нито професия нито житейски опит. Какво точно ще прави??? Ще натиска копчето като маймуна??? Тя цялата им групичка са такива лъжци без професии и без 1 ден работа. Калпаазани дето само се оглеждат кого да излъжат да ги храни. Слава на Господ Иисус Христос идват избори. Няма да гласувам за вашата секта педофили. Идва Величие да ви изрита на боклука. Коментиран от #61",кхиоки,06.04.2026 09:32,25,6,2026-04-11 17:24:14
fakti.bg,https://fakti.bg/topic/izbori/2026/04/06/63581,https://fakti.bg/bulgaria/1046533-pokolenieto-mi-beshe-okurajavano-da-zamine-23-godishnata-anna-bodakova-izbira-da-ostane-v-balgaria,„Поколението ми беше окуражавано да замине“: 23-годишната Анна Бодакова избира да остане в България,2026-04-06,2 416,60,"така е, познавам родители, които още кто се роди детето вече са решили къде в чужбина да го изпратят и съответно образованието - ако е Германия, учи в немска гимназия, ако е Англия и САЩ в английска гимназия, без да си дават сметка, че на стари години ще са сами до края",Хмм,06.04.2026 09:32,17,1,2026-04-11 17:24:14
fakti.bg,https://fakti.bg/topic/izbori/2026/04/06/63581,https://fakti.bg/bulgaria/1046533-pokolenieto-mi-beshe-okurajavano-da-zamine-23-godishnata-anna-bodakova-izbira-da-ostane-v-balgaria,„Поколението ми беше окуражавано да замине“: 23-годишната Анна Бодакова избира да остане в България,2026-04-06,2 416,61,"До коментар #59 от ""кхиоки"": на 10-то място в листата, това е неизбираемо място Коментиран от #62 , #65 , #66 , #67",Ами,06.04.2026 09:33,11,5,2026-04-11 17:24:14
fakti.bg,https://fakti.bg/topic/izbori/2026/04/06/63581,https://fakti.bg/bulgaria/1046533-pokolenieto-mi-beshe-okurajavano-da-zamine-23-godishnata-anna-bodakova-izbira-da-ostane-v-balgaria,„Поколението ми беше окуражавано да замине“: 23-годишната Анна Бодакова избира да остане в България,2026-04-06,2 416,62,"До коментар #61 от ""Ами"": Напълно избираемо е, целият фенклуб на ""Левски"" ще гласува с преференция за Анна. Коментиран от #68",Трол,06.04.2026 09:39,4,8,2026-04-11 17:24:14
fakti.bg,https://fakti.bg/topic/izbori/2026/04/06/63581,https://fakti.bg/bulgaria/1046533-pokolenieto-mi-beshe-okurajavano-da-zamine-23-godishnata-anna-bodakova-izbira-da-ostane-v-balgaria,„Поколението ми беше окуражавано да замине“: 23-годишната Анна Бодакова избира да остане в България,2026-04-06,2 416,63,"До коментар #3 от ""честен ционист"": И децата го разбраха ,само ти не",Дааа,06.04.2026 09:41,1,7,2026-04-11 17:24:14
fakti.bg,https://fakti.bg/topic/izbori/2026/04/06/63581,https://fakti.bg/bulgaria/1046533-pokolenieto-mi-beshe-okurajavano-da-zamine-23-godishnata-anna-bodakova-izbira-da-ostane-v-balgaria,„Поколението ми беше окуражавано да замине“: 23-годишната Анна Бодакова избира да остане в България,2026-04-06,2 416,64,"си да останеш в България само ако има кой да те уреди в някоя партийка, както тая кокона се гласи да влиза в парламента. Иначе за нормалните българи възможностите са навън",Струва,06.04.2026 09:41,14,5,2026-04-11 17:24:14
fakti.bg,https://fakti.bg/topic/izbori/2026/04/06/63581,https://fakti.bg/bulgaria/1046533-pokolenieto-mi-beshe-okurajavano-da-zamine-23-godishnata-anna-bodakova-izbira-da-ostane-v-balgaria,„Поколението ми беше окуражавано да замине“: 23-годишната Анна Бодакова избира да остане в България,2026-04-06,2 416,66,"До коментар #61 от ""Ами"": преференции и може да бъде избрана с тях.",Има,06.04.2026 09:44,7,4,2026-04-11 17:24:14
fakti.bg,https://fakti.bg/topic/izbori/2026/04/06/63581,https://fakti.bg/bulgaria/1046533-pokolenieto-mi-beshe-okurajavano-da-zamine-23-godishnata-anna-bodakova-izbira-da-ostane-v-balgaria,„Поколението ми беше окуражавано да замине“: 23-годишната Анна Бодакова избира да остане в България,2026-04-06,2 416,67,"До коментар #61 от ""Ами"": Избираемо е, купурат ми пак 10 000 римлянина и пенсионера и отново цялата съм вътре в парламентата!",Дyпетaт Tочевa oт OПГ-ГPAБ,06.04.2026 09:45,10,0,2026-04-11 17:24:14
fakti.bg,https://fakti.bg/topic/izbori/2026/04/06/63581,https://fakti.bg/bulgaria/1046533-pokolenieto-mi-beshe-okurajavano-da-zamine-23-godishnata-anna-bodakova-izbira-da-ostane-v-balgaria,„Поколението ми беше окуражавано да замине“: 23-годишната Анна Бодакова избира да остане в България,2026-04-06,2 416,68,"До коментар #62 от ""Трол"": от екипа на Белобрадова е, която е крала ток като ...",Хмм,06.04.2026 09:45,13,1,2026-04-11 17:24:14
fakti.bg,https://fakti.bg/topic/izbori/2026/04/06/63581,https://fakti.bg/bulgaria/1046533-pokolenieto-mi-beshe-okurajavano-da-zamine-23-godishnata-anna-bodakova-izbira-da-ostane-v-balgaria,„Поколението ми беше окуражавано да замине“: 23-годишната Анна Бодакова избира да остане в България,2026-04-06,2 416,69,"Нов модел бaджаци с „Пълен стомах - празна глава."" БАДЖAК, БАДЖАНAК, БАДЖАНAЦИ, ШУРОБAДЖАНАК, ШУРОБAДЖАНАЩИНА - от ЕДИН И СЪЩ ДОЛ ДРЕНКИ НА БАЙ ТОДОРАНЧО!",Червени израстъци,06.04.2026 09:46,12,0,2026-04-11 17:24:14
fakti.bg,https://fakti.bg/topic/izbori/2026/04/06/63581,https://fakti.bg/bulgaria/1046533-pokolenieto-mi-beshe-okurajavano-da-zamine-23-godishnata-anna-bodakova-izbira-da-ostane-v-balgaria,„Поколението ми беше окуражавано да замине“: 23-годишната Анна Бодакова избира да остане в България,2026-04-06,2 416,70,"Как се менят времената - едно време трябваше да излезеш от България, за да се върнеш после на 40, като спасител, а сега вече оставаш в родината си за да се докопаш до парламента, да предложиш политики там и после, на 40, да излетиш към някой топъл остров, където да си харчиш парите от политиките... Динамика, а?",Тити на Кака,06.04.2026 09:46,16,2,2026-04-11 17:24:14
fakti.bg,https://fakti.bg/topic/izbori/2026/04/06/63581,https://fakti.bg/bulgaria/1046533-pokolenieto-mi-beshe-okurajavano-da-zamine-23-godishnata-anna-bodakova-izbira-da-ostane-v-balgaria,„Поколението ми беше окуражавано да замине“: 23-годишната Анна Бодакова избира да остане в България,2026-04-06,2 416,71,"До коментар #53 от ""разни джензита"": на България всички депутати са били млади. Стамболов дори е бил на 28 години като председател на НС. Коментиран от #115 , #117",След Освобождението,06.04.2026 09:46,2,10,2026-04-11 17:24:14
fakti.bg,https://fakti.bg/topic/izbori/2026/04/06/63581,https://fakti.bg/bulgaria/1046533-pokolenieto-mi-beshe-okurajavano-da-zamine-23-godishnata-anna-bodakova-izbira-da-ostane-v-balgaria,„Поколението ми беше окуражавано да замине“: 23-годишната Анна Бодакова избира да остане в България,2026-04-06,2 416,72,"Така и не разбрах момата какъв опит има. Единственото което знаем за нея е, че е носачката на мръсните дрехи на Белобрадова до химическото и че от 2003 се бори с корупцията! Също ме разбрах, каква е визията и за България и как ще работи за постигането и. Кухите фрази дето повтаряте с момата с кривите, грабливи и мръсни нокти не хващат избиратели ! И Анче и да заминете, повечето от вас са функционално неграмотни , та не знам какво ще работите! Коментиран от #75",Хаха,06.04.2026 09:47,21,2,2026-04-11 17:24:14
fakti.bg,https://fakti.bg/topic/izbori/2026/04/06/63581,https://fakti.bg/bulgaria/1046533-pokolenieto-mi-beshe-okurajavano-da-zamine-23-godishnata-anna-bodakova-izbira-da-ostane-v-balgaria,„Поколението ми беше окуражавано да замине“: 23-годишната Анна Бодакова избира да остане в България,2026-04-06,2 416,73,"Как се менят времената - едно време трябваше да излезеш от България, за да се върнеш после на 40, като спасител, а сега вече оставаш в родината си за да се докопаш до парламента, да предложиш политики там и после, на 40, да излетиш към някой топъл остров, където да си харчиш парите от политиките... Динамика, а?",Тити на Кака,06.04.2026 09:47,10,1,2026-04-11 17:24:14
fakti.bg,https://fakti.bg/topic/izbori/2026/04/06/63581,https://fakti.bg/bulgaria/1046533-pokolenieto-mi-beshe-okurajavano-da-zamine-23-godishnata-anna-bodakova-izbira-da-ostane-v-balgaria,„Поколението ми беше окуражавано да замине“: 23-годишната Анна Бодакова избира да остане в България,2026-04-06,2 416,74,Аз избрах да остана и вярвам че ще се намери местенце и за мен на кьорсофрата покрай бат кокорчо вместо да работя за някое шефче да ми диша зад врата,малката калинка,06.04.2026 09:48,18,2,2026-04-11 17:24:14
fakti.bg,https://fakti.bg/topic/izbori/2026/04/06/63581,https://fakti.bg/bulgaria/1046533-pokolenieto-mi-beshe-okurajavano-da-zamine-23-godishnata-anna-bodakova-izbira-da-ostane-v-balgaria,„Поколението ми беше окуражавано да замине“: 23-годишната Анна Бодакова избира да остане в България,2026-04-06,2 416,75,"До коментар #72 от ""Хаха"": визията е 10 хиляди лева заплата Коментиран от #78",Хмм,06.04.2026 09:50,15,1,2026-04-11 17:24:14
fakti.bg,https://fakti.bg/topic/izbori/2026/04/06/63581,https://fakti.bg/bulgaria/1046533-pokolenieto-mi-beshe-okurajavano-da-zamine-23-godishnata-anna-bodakova-izbira-da-ostane-v-balgaria,„Поколението ми беше окуражавано да замине“: 23-годишната Анна Бодакова избира да остане в България,2026-04-06,2 416,76,"горкичката обслужва Оземпика, виждала съм я в мола с него, не е много щедър, даде и 20 лв ( тогава) за парцалки Зара. Тъжно",Тази,06.04.2026 09:51,12,1,2026-04-11 17:24:14
fakti.bg,https://fakti.bg/topic/izbori/2026/04/06/63581,https://fakti.bg/bulgaria/1046533-pokolenieto-mi-beshe-okurajavano-da-zamine-23-godishnata-anna-bodakova-izbira-da-ostane-v-balgaria,„Поколението ми беше окуражавано да замине“: 23-годишната Анна Бодакова избира да остане в България,2026-04-06,2 416,78,"До коментар #75 от ""Хмм"": Визията е 10 000 евро заплата и отделно още стотици хиялди от комисионните за предателски антинародни гласувания Коментиран от #81",Поравете се,06.04.2026 09:53,20,1,2026-04-11 17:24:14
fakti.bg,https://fakti.bg/topic/izbori/2026/04/06/63581,https://fakti.bg/bulgaria/1046533-pokolenieto-mi-beshe-okurajavano-da-zamine-23-godishnata-anna-bodakova-izbira-da-ostane-v-balgaria,„Поколението ми беше окуражавано да замине“: 23-годишната Анна Бодакова избира да остане в България,2026-04-06,2 416,81,"До коментар #78 от ""Поравете се"": като начало 10 хиляди са добре, даже много, може да създаде и социологическа агенция, завършила е социология Коментиран от #103",Хмм,06.04.2026 09:58,9,0,2026-04-11 17:24:14
fakti.bg,https://fakti.bg/topic/izbori/2026/04/06/63581,https://fakti.bg/bulgaria/1046533-pokolenieto-mi-beshe-okurajavano-da-zamine-23-godishnata-anna-bodakova-izbira-da-ostane-v-balgaria,„Поколението ми беше окуражавано да замине“: 23-годишната Анна Бодакова избира да остане в България,2026-04-06,2 416,83,"Жалко да се кандидатирате от Партия Петрохан , овладяла цялата власт в страната , със свое МВР и свои началник служби чрез служебният канинет и НПО на Сорос и платените от пидсъдимите олигарси протести начело с Черепа , Бобокови , Прокопиев и сие! Така честни забори не се правят!",Майора,06.04.2026 10:09,9,2,2026-04-11 17:24:14
fakti.bg,https://fakti.bg/topic/izbori/2026/04/06/63581,https://fakti.bg/bulgaria/1046533-pokolenieto-mi-beshe-okurajavano-da-zamine-23-godishnata-anna-bodakova-izbira-da-ostane-v-balgaria,„Поколението ми беше окуражавано да замине“: 23-годишната Анна Бодакова избира да остане в България,2026-04-06,2 416,84,"До коментар #22 от ""гост"": Там е. Коментиран от #85",2234,06.04.2026 10:09,3,0,2026-04-11 17:24:14
fakti.bg,https://fakti.bg/topic/izbori/2026/04/06/63581,https://fakti.bg/bulgaria/1046533-pokolenieto-mi-beshe-okurajavano-da-zamine-23-godishnata-anna-bodakova-izbira-da-ostane-v-balgaria,„Поколението ми беше окуражавано да замине“: 23-годишната Анна Бодакова избира да остане в България,2026-04-06,2 416,85,"До коментар #84 от ""2234"": не е нужно специално образование нали?",но за да крадеш,06.04.2026 10:11,6,0,2026-04-11 17:24:14
fakti.bg,https://fakti.bg/topic/izbori/2026/04/06/63581,https://fakti.bg/bulgaria/1046533-pokolenieto-mi-beshe-okurajavano-da-zamine-23-godishnata-anna-bodakova-izbira-da-ostane-v-balgaria,„Поколението ми беше окуражавано да замине“: 23-годишната Анна Бодакова избира да остане в България,2026-04-06,2 416,86,"До коментар #46 от ""SDEЧЕВ"": Ами щото толкова им е акъла.",2234,06.04.2026 10:11,2,0,2026-04-11 17:24:14
fakti.bg,https://fakti.bg/topic/izbori/2026/04/06/63581,https://fakti.bg/bulgaria/1046533-pokolenieto-mi-beshe-okurajavano-da-zamine-23-godishnata-anna-bodakova-izbira-da-ostane-v-balgaria,„Поколението ми беше окуражавано да замине“: 23-годишната Анна Бодакова избира да остане в България,2026-04-06,2 416,87,"До коментар #48 от ""Данко Харсъзина"": Бако Данко, тава е от поколението Гъ Зъ.",Абе,06.04.2026 10:11,10,2,2026-04-11 17:24:14
fakti.bg,https://fakti.bg/topic/izbori/2026/04/06/63581,https://fakti.bg/bulgaria/1046533-pokolenieto-mi-beshe-okurajavano-da-zamine-23-godishnata-anna-bodakova-izbira-da-ostane-v-balgaria,„Поколението ми беше окуражавано да замине“: 23-годишната Анна Бодакова избира да остане в България,2026-04-06,2 416,88,"До коментар #1 от ""Вервайте ми"": с 200 отзад ще ни орпави направо",така ще ни оправи,06.04.2026 10:13,7,2,2026-04-11 17:24:14
fakti.bg,https://fakti.bg/topic/izbori/2026/04/06/63581,https://fakti.bg/bulgaria/1046533-pokolenieto-mi-beshe-okurajavano-da-zamine-23-godishnata-anna-bodakova-izbira-da-ostane-v-balgaria,„Поколението ми беше окуражавано да замине“: 23-годишната Анна Бодакова избира да остане в България,2026-04-06,2 416,89,"До коментар #53 от ""разни джензита"": Браво, добре казано.",1234,06.04.2026 10:13,3,0,2026-04-11 17:24:14
fakti.bg,https://fakti.bg/topic/izbori/2026/04/06/63581,https://fakti.bg/bulgaria/1046533-pokolenieto-mi-beshe-okurajavano-da-zamine-23-godishnata-anna-bodakova-izbira-da-ostane-v-balgaria,„Поколението ми беше окуражавано да замине“: 23-годишната Анна Бодакова избира да остане в България,2026-04-06,2 416,90,"До коментар #51 от ""Сталин"": На парапета е, ама с Белобрадова.",Абе не бе,06.04.2026 10:13,9,1,2026-04-11 17:24:14
fakti.bg,https://fakti.bg/topic/izbori/2026/04/06/63581,https://fakti.bg/bulgaria/1046533-pokolenieto-mi-beshe-okurajavano-da-zamine-23-godishnata-anna-bodakova-izbira-da-ostane-v-balgaria,„Поколението ми беше окуражавано да замине“: 23-годишната Анна Бодакова избира да остане в България,2026-04-06,2 416,91,"Тази защо не ходи като връстничките си да се дyмка някъде, какво разбира от политика това недopазумение...",Дачко Яворов,06.04.2026 10:25,12,1,2026-04-11 17:24:14
fakti.bg,https://fakti.bg/topic/izbori/2026/04/06/63581,https://fakti.bg/bulgaria/1046533-pokolenieto-mi-beshe-okurajavano-da-zamine-23-godishnata-anna-bodakova-izbira-da-ostane-v-balgaria,„Поколението ми беше окуражавано да замине“: 23-годишната Анна Бодакова избира да остане в България,2026-04-06,2 416,92,"Някой нагло-саксонец е искал да бодне хубавата славянка Анна Бодакова , но вече свърши тая. Няма вече пресни П@тенца за коалицията епщайн. Коментиран от #93",Право е момичето,06.04.2026 10:27,9,3,2026-04-11 17:24:14
fakti.bg,https://fakti.bg/topic/izbori/2026/04/06/63581,https://fakti.bg/bulgaria/1046533-pokolenieto-mi-beshe-okurajavano-da-zamine-23-godishnata-anna-bodakova-izbira-da-ostane-v-balgaria,„Поколението ми беше окуражавано да замине“: 23-годишната Анна Бодакова избира да остане в България,2026-04-06,2 416,93,"До коментар #92 от ""Право е момичето"": Я не знам тоа що го пишат с П.",Абе,06.04.2026 10:30,1,0,2026-04-11 17:24:14
fakti.bg,https://fakti.bg/topic/izbori/2026/04/06/63581,https://fakti.bg/bulgaria/1046533-pokolenieto-mi-beshe-okurajavano-da-zamine-23-godishnata-anna-bodakova-izbira-da-ostane-v-balgaria,„Поколението ми беше окуражавано да замине“: 23-годишната Анна Бодакова избира да остане в България,2026-04-06,2 416,94,Тая знае ли какво е това кохорта? Аман от учили недоучили! Коментиран от #99,Денчо,06.04.2026 10:35,8,1,2026-04-11 17:24:14
fakti.bg,https://fakti.bg/topic/izbori/2026/04/06/63581,https://fakti.bg/bulgaria/1046533-pokolenieto-mi-beshe-okurajavano-da-zamine-23-godishnata-anna-bodakova-izbira-da-ostane-v-balgaria,„Поколението ми беше окуражавано да замине“: 23-годишната Анна Бодакова избира да остане в България,2026-04-06,2 416,95,Тя избрала да остане баце... НАГНЕЗДИЛА СЕ ЗА ПАРТИЕН СЕКРЕТАР ОЩЕ НА 20 ГОДИНИ! ама избрала да остане! Помните ли едно Дебело момче как започна кариерата си на държавна мутра - на 20 години стана партиен секретар и разнасяше кафета в парламента. Е тия младите Зет-джендърчета ще ви оправят окончателно. ... и тази е пак поне завършила имат едни още без образование Коментиран от #97,ДрайвингПлежър,06.04.2026 10:40,10,1,2026-04-11 17:24:14
fakti.bg,https://fakti.bg/topic/izbori/2026/04/06/63581,https://fakti.bg/bulgaria/1046533-pokolenieto-mi-beshe-okurajavano-da-zamine-23-godishnata-anna-bodakova-izbira-da-ostane-v-balgaria,„Поколението ми беше окуражавано да замине“: 23-годишната Анна Бодакова избира да остане в България,2026-04-06,2 416,96,"Къде беше досега ,че да не оправиш.....Слава на Господ,че те открихме.....Тази ще ни оправи вече:)))))))))))))","Тююююххх ма,",06.04.2026 10:48,7,1,2026-04-11 17:24:14
fakti.bg,https://fakti.bg/topic/izbori/2026/04/06/63581,https://fakti.bg/bulgaria/1046533-pokolenieto-mi-beshe-okurajavano-da-zamine-23-godishnata-anna-bodakova-izbira-da-ostane-v-balgaria,„Поколението ми беше окуражавано да замине“: 23-годишната Анна Бодакова избира да остане в България,2026-04-06,2 416,97,"До коментар #95 от ""ДрайвингПлежър"": Като е завършила?! Масово такива завършили като нея не могат да разделят на две магарета купчина сено. А онези другите са още по-зле, това е ясно. Коментиран от #112",И какво,06.04.2026 10:51,7,1,2026-04-11 17:24:14
fakti.bg,https://fakti.bg/topic/izbori/2026/04/06/63581,https://fakti.bg/bulgaria/1046533-pokolenieto-mi-beshe-okurajavano-da-zamine-23-godishnata-anna-bodakova-izbira-da-ostane-v-balgaria,„Поколението ми беше окуражавано да замине“: 23-годишната Анна Бодакова избира да остане в България,2026-04-06,2 416,98,"Нито един подкрепящ я коментар? Тази слугинка на козилата май никой не успя да излъже. А ние, какви сме та сме кохорта? Пешаци, костенурка... тя каква кохорта е? Много грамотна и учена фръцла. Дано да не е някоя обида тая кохорта. Уж се мазни, а обижда кохортата недна.",Пълно отрицание,06.04.2026 10:51,7,1,2026-04-11 17:24:14
fakti.bg,https://fakti.bg/topic/izbori/2026/04/06/63581,https://fakti.bg/bulgaria/1046533-pokolenieto-mi-beshe-okurajavano-da-zamine-23-godishnata-anna-bodakova-izbira-da-ostane-v-balgaria,„Поколението ми беше окуражавано да замине“: 23-годишната Анна Бодакова избира да остане в България,2026-04-06,2 416,99,"До коментар #94 от ""Денчо"": Думата е употребена правилно, във второто й значение: ""множество, тълпа"". Друг е въпросът, че това второ значение има пейоративен оттенък и щерката на Марин Бодаков не се посвенява в това да я изплюе публично. Голямата глупост, която е пльоснала барабар с тази дразнеща дума, е малоумното твърдение как "" Данните от преди протеста показват, че моето поколение гласува също колкото всяка една възрастова кохорта в България."" / всъщност, статистиките са унищожително противоположни - най-активна е ""кохортата"" 60+, втора е групата ""31-60"", а кохортата ""18-30"" не е кохорта, а кохортичка/. Диагнозата е ясна - поредната личност, която не успява да формулира някаква смислена идея е заявила мерак да формулира ""политики"" на парламентарно ниво. Смях😂",Тити на Кака,06.04.2026 10:57,9,1,2026-04-11 17:24:14
fakti.bg,https://fakti.bg/topic/izbori/2026/04/06/63581,https://fakti.bg/bulgaria/1046533-pokolenieto-mi-beshe-okurajavano-da-zamine-23-godishnata-anna-bodakova-izbira-da-ostane-v-balgaria,„Поколението ми беше окуражавано да замине“: 23-годишната Анна Бодакова избира да остане в България,2026-04-06,2 416,100,"Браво ! Бюлетина номер 7 , за да имат бъдеще децата ни .",Макс,06.04.2026 11:02,1,8,2026-04-11 17:24:14
fakti.bg,https://fakti.bg/topic/izbori/2026/04/06/63581,https://fakti.bg/bulgaria/1046533-pokolenieto-mi-beshe-okurajavano-da-zamine-23-godishnata-anna-bodakova-izbira-da-ostane-v-balgaria,„Поколението ми беше окуражавано да замине“: 23-годишната Анна Бодакова избира да остане в България,2026-04-06,2 416,101,"Точно това имах предвид за кохортата. Запомнила една дума и вижте колко съм начетена. Поне може да чете и пише, Киро тъпото и това не можеше.","Благодаря Тити,",06.04.2026 11:04,6,1,2026-04-11 17:24:14
fakti.bg,https://fakti.bg/topic/izbori/2026/04/06/63581,https://fakti.bg/bulgaria/1046533-pokolenieto-mi-beshe-okurajavano-da-zamine-23-godishnata-anna-bodakova-izbira-da-ostane-v-balgaria,„Поколението ми беше окуражавано да замине“: 23-годишната Анна Бодакова избира да остане в България,2026-04-06,2 416,102,"Окуражавано беше и поколението на вашите родители, но Онзи отгоре гледа...","Планът ""Голгота""",06.04.2026 11:10,2,0,2026-04-11 17:24:14
fakti.bg,https://fakti.bg/topic/izbori/2026/04/06/63581,https://fakti.bg/bulgaria/1046533-pokolenieto-mi-beshe-okurajavano-da-zamine-23-godishnata-anna-bodakova-izbira-da-ostane-v-balgaria,„Поколението ми беше окуражавано да замине“: 23-годишната Анна Бодакова избира да остане в България,2026-04-06,2 416,103,"До коментар #81 от ""Хмм"": Относно предложението й за перспективата как да накара младите да останат в България, независимо от коя кохорта са. Много военно и нееднозначно звучи това """"кохорта"" Коментиран от #105",Ама нищо не разясни,06.04.2026 11:22,2,0,2026-04-11 17:24:14
fakti.bg,https://fakti.bg/topic/izbori/2026/04/06/63581,https://fakti.bg/bulgaria/1046533-pokolenieto-mi-beshe-okurajavano-da-zamine-23-godishnata-anna-bodakova-izbira-da-ostane-v-balgaria,„Поколението ми беше окуражавано да замине“: 23-годишната Анна Бодакова избира да остане в България,2026-04-06,2 416,104,"Не е лошо родителите й да й кажат, че ако преди 1989 пътуванията зад граница, възможностите за работа бяха позволени, много българи щяха да го правят и тогава!Кухина!Абсолютна кухина..съвременен комсомолски секретар повлиян от партийният секретар Асен! Коментиран от #113",......,06.04.2026 11:28,5,1,2026-04-11 17:24:14
fakti.bg,https://fakti.bg/topic/izbori/2026/04/06/63581,https://fakti.bg/bulgaria/1046533-pokolenieto-mi-beshe-okurajavano-da-zamine-23-godishnata-anna-bodakova-izbira-da-ostane-v-balgaria,„Поколението ми беше окуражавано да замине“: 23-годишната Анна Бодакова избира да остане в България,2026-04-06,2 416,105,"До коментар #103 от ""Ама нищо не разясни"": Тази дума се употребява често в по-широк смисъл. Кохортата е рота в римската пехота, но днес думата е придобила смисъл на група от хора с общи идеи и цел. Трябва да се отбележи, че става дума за малък брой хора, а не за симпатизантите на цяла една политическа сила.",наблюдател,06.04.2026 11:30,2,0,2026-04-11 17:24:14
fakti.bg,https://fakti.bg/topic/izbori/2026/04/06/63581,https://fakti.bg/bulgaria/1046533-pokolenieto-mi-beshe-okurajavano-da-zamine-23-godishnata-anna-bodakova-izbira-da-ostane-v-balgaria,„Поколението ми беше окуражавано да замине“: 23-годишната Анна Бодакова избира да остане в България,2026-04-06,2 416,106,"е най гнусната партия, с най гнусните и лъжливи шарлатани. Коментиран от #108",ПП и ДБ,06.04.2026 11:36,4,0,2026-04-11 17:24:14
fakti.bg,https://fakti.bg/topic/izbori/2026/04/06/63581,https://fakti.bg/bulgaria/1046533-pokolenieto-mi-beshe-okurajavano-da-zamine-23-godishnata-anna-bodakova-izbira-da-ostane-v-balgaria,„Поколението ми беше окуражавано да замине“: 23-годишната Анна Бодакова избира да остане в България,2026-04-06,2 416,107,Това е някакъв майтап,Факт,06.04.2026 11:41,5,0,2026-04-11 17:24:14
fakti.bg,https://fakti.bg/topic/izbori/2026/04/06/63581,https://fakti.bg/bulgaria/1046533-pokolenieto-mi-beshe-okurajavano-da-zamine-23-godishnata-anna-bodakova-izbira-da-ostane-v-balgaria,„Поколението ми беше окуражавано да замине“: 23-годишната Анна Бодакова избира да остане в България,2026-04-06,2 416,108,"До коментар #106 от ""ПП и ДБ"": Никога няма да забравя гнусния език на чалгаджийската партия, високомерието им, когато им връчиха мандата, както и предателството към техните симпатизанти. Давам им палмата на първенството! Второто място е за чалнатите и техния лидер, който се излага всеки път, когато си отвори устата... Коментиран от #114",лицемери и циркаджии,06.04.2026 11:43,1,1,2026-04-11 17:24:14
fakti.bg,https://fakti.bg/topic/izbori/2026/04/06/63581,https://fakti.bg/bulgaria/1046533-pokolenieto-mi-beshe-okurajavano-da-zamine-23-godishnata-anna-bodakova-izbira-da-ostane-v-balgaria,„Поколението ми беше окуражавано да замине“: 23-годишната Анна Бодакова избира да остане в България,2026-04-06,2 416,109,"Явно и тя е образована от ,,учител,, от Илинденче назначен без да е учител-любимец на Вечната Янка...",Факт,06.04.2026 11:49,5,0,2026-04-11 17:24:14
fakti.bg,https://fakti.bg/topic/izbori/2026/04/06/63581,https://fakti.bg/bulgaria/1046533-pokolenieto-mi-beshe-okurajavano-da-zamine-23-godishnata-anna-bodakova-izbira-da-ostane-v-balgaria,„Поколението ми беше окуражавано да замине“: 23-годишната Анна Бодакова избира да остане в България,2026-04-06,2 416,110,"До коментар #11 от ""Факти"": Имащите мозък участват в Зелената лотария на САЩ, чуят ли българска реч бягат надалеч в случай че искат да преуспеят в живота",Неподписан,06.04.2026 12:02,2,0,2026-04-11 17:24:14
fakti.bg,https://fakti.bg/topic/izbori/2026/04/06/63581,https://fakti.bg/bulgaria/1046533-pokolenieto-mi-beshe-okurajavano-da-zamine-23-godishnata-anna-bodakova-izbira-da-ostane-v-balgaria,„Поколението ми беше окуражавано да замине“: 23-годишната Анна Бодакова избира да остане в България,2026-04-06,2 416,111,"До коментар #48 от ""Данко Харсъзина"": Демек питаш чия щерка е ли,дансаджийска или мвр-то...",Неподписан,06.04.2026 12:04,6,0,2026-04-11 17:24:14
fakti.bg,https://fakti.bg/topic/izbori/2026/04/06/63581,https://fakti.bg/bulgaria/1046533-pokolenieto-mi-beshe-okurajavano-da-zamine-23-godishnata-anna-bodakova-izbira-da-ostane-v-balgaria,„Поколението ми беше окуражавано да замине“: 23-годишната Анна Бодакова избира да остане в България,2026-04-06,2 416,112,"До коментар #97 от ""И какво"": Делян Пеевски е едва 19 годишен и току-що завършил средно образование и без никакъв житейски опит когато го назначават директор на най-голямото пристанище в България ,татко му е бивш началник на ДАНС а майка му знаете коя е...",Неподписан,06.04.2026 12:06,6,0,2026-04-11 17:24:14
fakti.bg,https://fakti.bg/topic/izbori/2026/04/06/63581,https://fakti.bg/bulgaria/1046533-pokolenieto-mi-beshe-okurajavano-da-zamine-23-godishnata-anna-bodakova-izbira-da-ostane-v-balgaria,„Поколението ми беше окуражавано да замине“: 23-годишната Анна Бодакова избира да остане в България,2026-04-06,2 416,113,"До коментар #104 от ""......"": Маята дансаджийска...",Неподписан,06.04.2026 12:08,2,1,2026-04-11 17:24:14
fakti.bg,https://fakti.bg/topic/izbori/2026/04/06/63581,https://fakti.bg/bulgaria/1046533-pokolenieto-mi-beshe-okurajavano-da-zamine-23-godishnata-anna-bodakova-izbira-da-ostane-v-balgaria,„Поколението ми беше окуражавано да замине“: 23-годишната Анна Бодакова избира да остане в България,2026-04-06,2 416,114,"До коментар #108 от ""лицемери и циркаджии"": Никой не лъже повече от тях.",Няма по гнусни от ПП и ДБ,06.04.2026 12:12,3,1,2026-04-11 17:24:14
fakti.bg,https://fakti.bg/topic/izbori/2026/04/06/63581,https://fakti.bg/bulgaria/1046533-pokolenieto-mi-beshe-okurajavano-da-zamine-23-godishnata-anna-bodakova-izbira-da-ostane-v-balgaria,„Поколението ми беше окуражавано да замине“: 23-годишната Анна Бодакова избира да остане в България,2026-04-06,2 416,115,"До коментар #71 от ""След Освобождението"": Има ли разлика между истината ти мръсна с немити зъбки и ампула ректума ти,например...",Неподписан,06.04.2026 12:17,2,1,2026-04-11 17:24:14
fakti.bg,https://fakti.bg/topic/izbori/2026/04/06/63581,https://fakti.bg/bulgaria/1046533-pokolenieto-mi-beshe-okurajavano-da-zamine-23-godishnata-anna-bodakova-izbira-da-ostane-v-balgaria,„Поколението ми беше окуражавано да замине“: 23-годишната Анна Бодакова избира да остане в България,2026-04-06,2 416,116,"До коментар #19 от ""Киро съм"": 😁.............",Неподписан,06.04.2026 12:18,0,0,2026-04-11 17:24:14
fakti.bg,https://fakti.bg/topic/izbori/2026/04/06/63581,https://fakti.bg/bulgaria/1046533-pokolenieto-mi-beshe-okurajavano-da-zamine-23-godishnata-anna-bodakova-izbira-da-ostane-v-balgaria,„Поколението ми беше окуражавано да замине“: 23-годишната Анна Бодакова избира да остане в България,2026-04-06,2 416,117,"До коментар #71 от ""След Освобождението"": Има ли разлика между устичката ти мръсна с немити зъбки и ампула ректума ти,например...",Неподписан,06.04.2026 12:20,2,2,2026-04-11 17:24:14
fakti.bg,https://fakti.bg/topic/izbori/2026/04/06/63581,https://fakti.bg/bulgaria/1046533-pokolenieto-mi-beshe-okurajavano-da-zamine-23-godishnata-anna-bodakova-izbira-da-ostane-v-balgaria,„Поколението ми беше окуражавано да замине“: 23-годишната Анна Бодакова избира да остане в България,2026-04-06,2 416,118,---- ДА СИ СПОМНИМ -- КОМСОМОЛСКИТЕ АКТИВИСТИ --КАРИЕРИСТИ !?!?!?!?!?!?!?!?,ПЕНКО,06.04.2026 14:32,6,0,2026-04-11 17:24:14
fakti.bg,https://fakti.bg/topic/izbori/2026/04/06/63581,https://fakti.bg/bulgaria/1046533-pokolenieto-mi-beshe-okurajavano-da-zamine-23-godishnata-anna-bodakova-izbira-da-ostane-v-balgaria,„Поколението ми беше окуражавано да замине“: 23-годишната Анна Бодакова избира да остане в България,2026-04-06,2 416,119,"Брао бе, хора с нулев опит и жълто около устата искат да ни управляват. До къде я докарахме...",Ко речи?,06.04.2026 15:14,6,0,2026-04-11 17:24:14
fakti.bg,https://fakti.bg/topic/izbori/2026/04/06/63581,https://fakti.bg/bulgaria/1046533-pokolenieto-mi-beshe-okurajavano-da-zamine-23-godishnata-anna-bodakova-izbira-da-ostane-v-balgaria,„Поколението ми беше окуражавано да замине“: 23-годишната Анна Бодакова избира да остане в България,2026-04-06,2 416,120,Видно е защо оставаш. Вече си в големите фекалии и пари. Що да заминаваш ? И аз нямаше да слугувам във френски Алпи ако рода ми е бил политикантски и с пари.,Станев,06.04.2026 22:13,4,0,2026-04-11 17:24:14
fakti.bg,https://fakti.bg/topic/izbori/2026/04/06/63581,https://fakti.bg/bulgaria/1046533-pokolenieto-mi-beshe-okurajavano-da-zamine-23-godishnata-anna-bodakova-izbira-da-ostane-v-balgaria,„Поколението ми беше окуражавано да замине“: 23-годишната Анна Бодакова избира да остане в България,2026-04-06,2 416,121,"Поне я забременете там из калабалъка. Хубави майченски ще взема и после до пенсия може да ходи из партии в патламента. Но то пък кой там да свърши полезна работа за приръста? Страхотен стаж-била съм депутат и бях на протест. Личи си , че трябва спешно да освободите от присъствие като много скъпи и безполезни поне 120 депутата. Няма кой да ви хрантути вече и само заеми борчове трупате на малцината оставащи тук въпреки това , че не са политици. Превърнахте лъжа ,кражба и политиканстване в наѝ - доходната професия изпреварваѝки наѝ-древната. Партийни мафиотски ОПГ-та на субсидии и петцифрени заплати без краденото.",Олга,06.04.2026 22:35,5,0,2026-04-11 17:24:14
fakti.bg,https://fakti.bg/topic/izbori/2026/04/06/63581,https://fakti.bg/bulgaria/1046514-slug-for-change,ЦИК назначава Секционните комисии извън страната,2026-04-06,763,1,Дреме ми на коприненитепрашки!,надарена кака,06.04.2026 07:22,0,1,2026-04-11 17:24:16
fakti.bg,https://fakti.bg/topic/izbori/2026/04/06/63581,https://fakti.bg/bulgaria/1046514-slug-for-change,ЦИК назначава Секционните комисии извън страната,2026-04-06,763,2,"ЦИК , с установени и доказани куп измами ще ги назначава , от сега се размирисва .",Щом,06.04.2026 07:23,4,0,2026-04-11 17:24:16
fakti.bg,https://fakti.bg/topic/izbori/2026/04/06/63581,https://fakti.bg/bulgaria/1046486-kostadin-kostadinov-mojem-da-se-dogovorim-s-rusia,Костадин Костадинов: Можем да се договорим с Русия,2026-04-05,4 228,5,"До коментар #1 от ""Последния Софиянец"": Костя и Цончовците са проект и рожба на простата Тиква Борисов и герберските крадци. Коментиран от #10 , #227 , #228",Факт!,05.04.2026 21:43,62,79,2026-04-11 17:24:18
fakti.bg,https://fakti.bg/topic/izbori/2026/04/06/63581,https://fakti.bg/bulgaria/1046486-kostadin-kostadinov-mojem-da-se-dogovorim-s-rusia,Костадин Костадинов: Можем да се договорим с Русия,2026-04-05,4 228,9,"Къде се е чуло и видяло, роб ""да се договаря"" с Господаря си?!?",Българин,05.04.2026 21:44,74,52,2026-04-11 17:24:18
fakti.bg,https://fakti.bg/topic/izbori/2026/04/06/63581,https://fakti.bg/bulgaria/1046486-kostadin-kostadinov-mojem-da-se-dogovorim-s-rusia,Костадин Костадинов: Можем да се договорим с Русия,2026-04-05,4 228,13,"пълни глупости и пополистки изказвания прави този човек,руснаците обявиха публично че няма нефт ,няма газ,няма нищо за не приятелски настроени държави,имат си пазар и то по голям от европейския Коментиран от #20 , #223",коко,05.04.2026 21:46,50,53,2026-04-11 17:24:18
fakti.bg,https://fakti.bg/topic/izbori/2026/04/06/63581,https://fakti.bg/bulgaria/1046486-kostadin-kostadinov-mojem-da-se-dogovorim-s-rusia,Костадин Костадинов: Можем да се договорим с Русия,2026-04-05,4 228,15,"До коментар #7 от ""оня с питон.я"": Хич не ми е важна Украйна. Отдавна ги разбарах и хич не харесвам никакви хомосоветикуси. Щом е СССР не струва. Само прибалтийците що годе стават. Коментиран от #213 , #214",Ха ха ха ха,05.04.2026 21:46,29,44,2026-04-11 17:24:18
fakti.bg,https://fakti.bg/topic/izbori/2026/04/06/63581,https://fakti.bg/bulgaria/1046486-kostadin-kostadinov-mojem-da-se-dogovorim-s-rusia,Костадин Костадинов: Можем да се договорим с Русия,2026-04-05,4 228,16,"Ходи в Русия там си седи и си плямпай колкото искаш,",12...34,05.04.2026 21:47,67,50,2026-04-11 17:24:18
fakti.bg,https://fakti.bg/topic/izbori/2026/04/06/63581,https://fakti.bg/bulgaria/1046486-kostadin-kostadinov-mojem-da-se-dogovorim-s-rusia,Костадин Костадинов: Можем да се договорим с Русия,2026-04-05,4 228,17,"До коментар #10 от ""оня с питон.я"": Костя и партийката му са финансирани от Борисов и Пеевски. Костя гласува, както му наредят Дебелите. Коментиран от #82 , #222",За притеснение е ситуацията,05.04.2026 21:47,43,51,2026-04-11 17:24:18
fakti.bg,https://fakti.bg/topic/izbori/2026/04/06/63581,https://fakti.bg/bulgaria/1046486-kostadin-kostadinov-mojem-da-se-dogovorim-s-rusia,Костадин Костадинов: Можем да се договорим с Русия,2026-04-05,4 228,19,"Никакво гласуване за евроатлантици, педофили и подобни психопати военолюбци обслужващи украинските и еврейските нацисти! Възраждане е най-българската партия и е единствената защитаваща интереса на българите. Коментиран от #22 , #215",Мирослав,05.04.2026 21:48,66,59,2026-04-11 17:24:18
fakti.bg,https://fakti.bg/topic/izbori/2026/04/06/63581,https://fakti.bg/bulgaria/1046486-kostadin-kostadinov-mojem-da-se-dogovorim-s-rusia,Костадин Костадинов: Можем да се договорим с Русия,2026-04-05,4 228,20,"До коментар #13 от ""коко"": Кой тоя пазар? Антарктида? Куба? Ура щели да карат втори танкер с петрол в Куба. Куба щяла да им го плати някъде към 2500 година.",Ха ха ха ха,05.04.2026 21:48,46,31,2026-04-11 17:24:18
fakti.bg,https://fakti.bg/topic/izbori/2026/04/06/63581,https://fakti.bg/bulgaria/1046486-kostadin-kostadinov-mojem-da-se-dogovorim-s-rusia,Костадин Костадинов: Можем да се договорим с Русия,2026-04-05,4 228,21,"Отиди се споразумей,но никога не се завръщай тук,продажник! Коментиран от #27 , #138",Даниел,05.04.2026 21:48,57,46,2026-04-11 17:24:18
fakti.bg,https://fakti.bg/topic/izbori/2026/04/06/63581,https://fakti.bg/bulgaria/1046486-kostadin-kostadinov-mojem-da-se-dogovorim-s-rusia,Костадин Костадинов: Можем да се договорим с Русия,2026-04-05,4 228,22,"До коментар #19 от ""Мирослав"": Да... откога циганите станаха българи? Откакто правешкият Ром управлява НРБто 35 години.",Циганин ли си българино?,05.04.2026 21:49,44,33,2026-04-11 17:24:18
fakti.bg,https://fakti.bg/topic/izbori/2026/04/06/63581,https://fakti.bg/bulgaria/1046486-kostadin-kostadinov-mojem-da-se-dogovorim-s-rusia,Костадин Костадинов: Можем да се договорим с Русия,2026-04-05,4 228,25,руските еничари?,До кога ще търпим,05.04.2026 21:49,51,55,2026-04-11 17:24:18
fakti.bg,https://fakti.bg/topic/izbori/2026/04/06/63581,https://fakti.bg/bulgaria/1046486-kostadin-kostadinov-mojem-da-se-dogovorim-s-rusia,Костадин Костадинов: Можем да се договорим с Русия,2026-04-05,4 228,27,"До коментар #21 от ""Даниел"": Какво ще се споразумее това, цинге? Тръмп го беше поканил? Оказа се, че тия покани се купуват с хиляди. Дали въобще взе виза и ходи, никой не разбра. Също в Москва ходи, разходи се на Червения площад и се прибра. Ни при Путин го пуснаха, ни при Медведев с водката. Пълен смях - турист! Коментиран от #55",БГА Балкан,05.04.2026 21:51,46,34,2026-04-11 17:24:18
fakti.bg,https://fakti.bg/topic/izbori/2026/04/06/63581,https://fakti.bg/bulgaria/1046486-kostadin-kostadinov-mojem-da-se-dogovorim-s-rusia,Костадин Костадинов: Можем да се договорим с Русия,2026-04-05,4 228,28,"До коментар #26 от ""Любо"": Какво? На всички ли ще им направиш оралка?",Евроатлантика,05.04.2026 21:51,14,15,2026-04-11 17:24:18
fakti.bg,https://fakti.bg/topic/izbori/2026/04/06/63581,https://fakti.bg/bulgaria/1046486-kostadin-kostadinov-mojem-da-se-dogovorim-s-rusia,Костадин Костадинов: Можем да се договорим с Русия,2026-04-05,4 228,29,"Те и галите на Версенжеторикс са искали да се договорят с Римската империя и Цезар , ама накрая са изяли всички дървото и са пратени по арените с лъвовете. С Империя не можеш да се договаряш Костадинов...... историята го е доказвала винаги.",Дедо,05.04.2026 21:53,26,16,2026-04-11 17:24:18
fakti.bg,https://fakti.bg/topic/izbori/2026/04/06/63581,https://fakti.bg/bulgaria/1046486-kostadin-kostadinov-mojem-da-se-dogovorim-s-rusia,Костадин Костадинов: Можем да се договорим с Русия,2026-04-05,4 228,31,Ходи се запиши доброволец в Руската армия.,Варненецо,05.04.2026 21:53,38,32,2026-04-11 17:24:18
fakti.bg,https://fakti.bg/topic/izbori/2026/04/06/63581,https://fakti.bg/bulgaria/1046486-kostadin-kostadinov-mojem-da-se-dogovorim-s-rusia,Костадин Костадинов: Можем да се договорим с Русия,2026-04-05,4 228,32,Няма ли някой да обясни на това нещо че ние сме в ЕС и не можем да кажем самостоятелно ние това или онова трябва тези неща да се съгласуват щото говорим неща ей така да има какво да се каже за предизборни глупости,Иван,05.04.2026 21:53,27,37,2026-04-11 17:24:18
fakti.bg,https://fakti.bg/topic/izbori/2026/04/06/63581,https://fakti.bg/bulgaria/1046486-kostadin-kostadinov-mojem-da-se-dogovorim-s-rusia,Костадин Костадинов: Можем да се договорим с Русия,2026-04-05,4 228,36,Какво ще договаряш с държава обявила те за враг?,шашармак,05.04.2026 21:54,35,28,2026-04-11 17:24:18
fakti.bg,https://fakti.bg/topic/izbori/2026/04/06/63581,https://fakti.bg/bulgaria/1046486-kostadin-kostadinov-mojem-da-se-dogovorim-s-rusia,Костадин Костадинов: Можем да се договорим с Русия,2026-04-05,4 228,38,На тия избори 7%... на следващите наесен 3.7%. Следва прокурорска проверка на морския имот на Вожда.,Възраждане в Атака,05.04.2026 21:56,42,31,2026-04-11 17:24:18
fakti.bg,https://fakti.bg/topic/izbori/2026/04/06/63581,https://fakti.bg/bulgaria/1046486-kostadin-kostadinov-mojem-da-se-dogovorim-s-rusia,Костадин Костадинов: Можем да се договорим с Русия,2026-04-05,4 228,41,"До коментар #1 от ""Последния Софиянец"": Вярно е че всеки Трети Снаряд на Украйна е произведен в БГ,но Укпайна СИ ПЛАЩА в Твърда валута за това.И възниква въпроса кое е по-добре - да не сме обявени за ""Вражеска държава"" от Русия,или да ни е ПЪЛНО ПОРТМОНЕТО?Със активиране нановага ЖП-Линия България-Украйна обаче се откриват Нови Хоризонти за Оръжейният ни бизнес МАСИВНО ПОДКРЕПЕН от Новия Немски Завод у Нас,като идеята е не всеки Грети,а ВСЕКИ ВТОРИ Снаряд на Украинците да е Български!Дори можем да предложим и безплатна Екстра на Снарядите ни да пише ""Нах Остен"". Коментиран от #61 , #161 , #178",оня с коня,05.04.2026 21:57,24,37,2026-04-11 17:24:18
fakti.bg,https://fakti.bg/topic/izbori/2026/04/06/63581,https://fakti.bg/bulgaria/1046486-kostadin-kostadinov-mojem-da-se-dogovorim-s-rusia,Костадин Костадинов: Можем да се договорим с Русия,2026-04-05,4 228,42,Прав е Костадинов ! Само Възраждане 8 ! Останалите партии са Турски Продажници .,Прав е 👍,05.04.2026 22:00,35,37,2026-04-11 17:24:18
fakti.bg,https://fakti.bg/topic/izbori/2026/04/06/63581,https://fakti.bg/bulgaria/1046486-kostadin-kostadinov-mojem-da-se-dogovorim-s-rusia,Костадин Костадинов: Можем да се договорим с Русия,2026-04-05,4 228,44,"Пак ще гласувам за ПП-ДБ ! Майтап бе Уили, ще гласувам както винаги за възраждане! :) Коментиран от #182",Феникс,05.04.2026 22:01,22,26,2026-04-11 17:24:18
fakti.bg,https://fakti.bg/topic/izbori/2026/04/06/63581,https://fakti.bg/bulgaria/1046486-kostadin-kostadinov-mojem-da-se-dogovorim-s-rusia,Костадин Костадинов: Можем да се договорим с Русия,2026-04-05,4 228,45,"Русия е производител на суров петрол, а в ЕС, който основно внася, половината от цената са такси и акцизи. С оглед на този факт и ниското БВП в руската федерация, цената на горивата им всъщност е доста висока.",.....,05.04.2026 22:01,17,13,2026-04-11 17:24:18
fakti.bg,https://fakti.bg/topic/izbori/2026/04/06/63581,https://fakti.bg/bulgaria/1046486-kostadin-kostadinov-mojem-da-se-dogovorim-s-rusia,Костадин Костадинов: Можем да се договорим с Русия,2026-04-05,4 228,47,Смехурко.,Аз съм веган,05.04.2026 22:01,8,8,2026-04-11 17:24:18
fakti.bg,https://fakti.bg/topic/izbori/2026/04/06/63581,https://fakti.bg/bulgaria/1046486-kostadin-kostadinov-mojem-da-se-dogovorim-s-rusia,Костадин Костадинов: Можем да се договорим с Русия,2026-04-05,4 228,49,И какво ще договори при условие че в Сърбия и Унгария горивата са по скъпи отколкото у нас .А уж са големи приятели с Русия,Тоя си фантазира,05.04.2026 22:02,33,23,2026-04-11 17:24:18
fakti.bg,https://fakti.bg/topic/izbori/2026/04/06/63581,https://fakti.bg/bulgaria/1046486-kostadin-kostadinov-mojem-da-se-dogovorim-s-rusia,Костадин Костадинов: Можем да се договорим с Русия,2026-04-05,4 228,50,"Тук е абсолютно прав Костадинов.Дпговорка с Русия ще ни носи само полза,докато с укрите само вреда.Този гюрко се оказа продажен б.к.л.к . Коментиран от #59",Мимчят,05.04.2026 22:02,34,29,2026-04-11 17:24:18
fakti.bg,https://fakti.bg/topic/izbori/2026/04/06/63581,https://fakti.bg/bulgaria/1046486-kostadin-kostadinov-mojem-da-se-dogovorim-s-rusia,Костадин Костадинов: Можем да се договорим с Русия,2026-04-05,4 228,52,"Коце го играе проруски настроен, за да привлече по-вече гласове. Тук все още има такива които да му вярват. Но в Русия никой не контактува с него, защото знаят за кого играе :)",Ами,05.04.2026 22:04,30,21,2026-04-11 17:24:18
fakti.bg,https://fakti.bg/topic/izbori/2026/04/06/63581,https://fakti.bg/bulgaria/1046486-kostadin-kostadinov-mojem-da-se-dogovorim-s-rusia,Костадин Костадинов: Можем да се договорим с Русия,2026-04-05,4 228,53,Тоз не е умен . Същия като Сидера . Най-хитър излезе Петя Волгин - дърпа си по 1000 евррака на ден и хич не му пука . :),Пламен,05.04.2026 22:05,27,16,2026-04-11 17:24:18
fakti.bg,https://fakti.bg/topic/izbori/2026/04/06/63581,https://fakti.bg/bulgaria/1046486-kostadin-kostadinov-mojem-da-se-dogovorim-s-rusia,Костадин Костадинов: Можем да се договорим с Русия,2026-04-05,4 228,55,"До коментар #27 от ""БГА Балкан"": Тоя бих го пуснал само във варницата!",Даниел,05.04.2026 22:05,18,17,2026-04-11 17:24:18
fakti.bg,https://fakti.bg/topic/izbori/2026/04/06/63581,https://fakti.bg/bulgaria/1046486-kostadin-kostadinov-mojem-da-se-dogovorim-s-rusia,Костадин Костадинов: Можем да се договорим с Русия,2026-04-05,4 228,57,ТЕЗИ ЛАКЪРДИИ МОГАТ ДА ФАНАТ ДЕКИШ САМО В НАСЕЛЕНИЕТО ИЗВЪН СОФИЙСКА ТАНГЕНТА... ТАМ КЪДЕТО СИ БОЯДИСВАТ ТРОТОАРИТЕ КАТО ЖП ПЕРОНИ....😀,ПРОГРЕСИВЕН С КОЛЕЛОТО,05.04.2026 22:06,22,12,2026-04-11 17:24:18
fakti.bg,https://fakti.bg/topic/izbori/2026/04/06/63581,https://fakti.bg/bulgaria/1046486-kostadin-kostadinov-mojem-da-se-dogovorim-s-rusia,Костадин Костадинов: Можем да се договорим с Русия,2026-04-05,4 228,59,"До коментар #50 от ""Мимчят"": Ако не се съобразяваме с укрите, те ще ни потопят два танкера и тука ще сидим въобще без гориво. Няма да е по 2 евро, няма да е 5, нито по 10. Просто няма да има никакво гориво! Въобще! Такйа че, да не се репчим излишно, да не се наложи да ходим пеш за морето! Коментиран от #106",Българин,05.04.2026 22:06,12,15,2026-04-11 17:24:18
fakti.bg,https://fakti.bg/topic/izbori/2026/04/06/63581,https://fakti.bg/bulgaria/1046486-kostadin-kostadinov-mojem-da-se-dogovorim-s-rusia,Костадин Костадинов: Можем да се договорим с Русия,2026-04-05,4 228,60,.....ПРАВ Е....,ганев,05.04.2026 22:07,16,12,2026-04-11 17:24:18
fakti.bg,https://fakti.bg/topic/izbori/2026/04/06/63581,https://fakti.bg/bulgaria/1046486-kostadin-kostadinov-mojem-da-se-dogovorim-s-rusia,Костадин Костадинов: Можем да се договорим с Русия,2026-04-05,4 228,61,"До коментар #41 от ""оня с коня"": Ти какво си взел от тези снаряди? Коментиран от #68 , #76 , #218 , #219",Последния Софиянец,05.04.2026 22:07,18,11,2026-04-11 17:24:18
fakti.bg,https://fakti.bg/topic/izbori/2026/04/06/63581,https://fakti.bg/bulgaria/1046486-kostadin-kostadinov-mojem-da-se-dogovorim-s-rusia,Костадин Костадинов: Можем да се договорим с Русия,2026-04-05,4 228,62,"Коце вече за кой ли път ти обръщам внимание....не си трови живота с тая продадена държава бе...Всичко е купено по един или друг начин...Гледам обясняваш на суетлю,а той те гледа кото сандък с празни шишета и се прави на ударен...Няма смисъл..има хора които за здраво накиснати в боба с чушките, та докато всичко не се срине тотално и катастрофически нищо не може да им размърда тинята...Гледам днес едно от твоите момичета спретнато ,възпитано предлага рекламни листовки на площада...минават трима циганина и с отвращение блъснаха ръката на момичето...за тях ли ще се тръшкаш бе човек... Коментиран от #169",сноу,05.04.2026 22:07,21,10,2026-04-11 17:24:18
fakti.bg,https://fakti.bg/topic/izbori/2026/04/06/63581,https://fakti.bg/bulgaria/1046486-kostadin-kostadinov-mojem-da-se-dogovorim-s-rusia,Костадин Костадинов: Можем да се договорим с Русия,2026-04-05,4 228,63,"Просперитета на една държава не се измерва с цената на горивата, но с реакциите на подобни публикации, биха могли да бъдат преброени полезните идиоти в държавата.",12345,05.04.2026 22:08,9,12,2026-04-11 17:24:18
fakti.bg,https://fakti.bg/topic/izbori/2026/04/06/63581,https://fakti.bg/bulgaria/1046486-kostadin-kostadinov-mojem-da-se-dogovorim-s-rusia,Костадин Костадинов: Можем да се договорим с Русия,2026-04-05,4 228,64,"КОЛКОТО И ДА ОВЪРТАШ, СЕ ВИЖДА С ПРОСТО ОКО "" ПОСЕЩЕНИЕТО ТИ ПРЕДИ ИЗВЕСТНО НА ЧЕРВЕНИЯ ПЛОЩАД. ЕТО КРАТКИЯ ИЗВОД, ДА НИ ПОДХЛЪЗНЕШ НАС БЪЛГАРИТЕ ДА ПРЕМАХНЕМ САНКЦИИТЕ, КОГАТО ТОЙ ( ПУТИН) НИ НАРЕЧЕ ВРАЖЕСКА ДЪРЖАВА, НАЛИ? НО РЕШЕНИЕТО НЕ Е САМО ОТ НАША СТРАНА ЗА САНКЦИИТЕ, А ОТ ЕВРОПА. ОБЩО ВЗЕТО, НЕ СИ ЗАБРАВИЛ, КАКВО ПРАВИ ДО ДЕН ДНЕШЕН ПУТИН СПРЯМО УКРАЙНА, НАЛИ? ЗА 20 МИЛИОНА КОМЕНТИРАШ ,НО ЗА "" БОТАШ "" НИТО ДУМА ? ПО ПОЛОВИН МИЛИОН ЕВРО ВСЕКИ ДЕН, КАК СЕ ЧУВСТВАМЕ НИЕ БЪЛГАРИТЕ? ☹️😠🤔",Цвете,05.04.2026 22:08,18,21,2026-04-11 17:24:18
fakti.bg,https://fakti.bg/topic/izbori/2026/04/06/63581,https://fakti.bg/bulgaria/1046486-kostadin-kostadinov-mojem-da-se-dogovorim-s-rusia,Костадин Костадинов: Можем да се договорим с Русия,2026-04-05,4 228,66,Копейкин и с дявола ще се договори стига да има далавера. Че къщите трябва да се довършват,И така,05.04.2026 22:09,22,14,2026-04-11 17:24:18
fakti.bg,https://fakti.bg/topic/izbori/2026/04/06/63581,https://fakti.bg/bulgaria/1046486-kostadin-kostadinov-mojem-da-se-dogovorim-s-rusia,Костадин Костадинов: Можем да се договорим с Русия,2026-04-05,4 228,67,"Чемодан, вокзал и марш там на място да се договаряш колкото щеш! Копейкииииииин!?",Марш...,05.04.2026 22:10,20,15,2026-04-11 17:24:18
fakti.bg,https://fakti.bg/topic/izbori/2026/04/06/63581,https://fakti.bg/bulgaria/1046486-kostadin-kostadinov-mojem-da-se-dogovorim-s-rusia,Костадин Костадинов: Можем да се договорим с Русия,2026-04-05,4 228,68,"До коментар #61 от ""Последния Софиянец"": Няма нищо по-приятно от това, с български снаряди да се пръскат съвеЦки манерки 😉 Коментиран от #233",08976,05.04.2026 22:11,17,22,2026-04-11 17:24:18
fakti.bg,https://fakti.bg/topic/izbori/2026/04/06/63581,https://fakti.bg/bulgaria/1046486-kostadin-kostadinov-mojem-da-se-dogovorim-s-rusia,Костадин Костадинов: Можем да се договорим с Русия,2026-04-05,4 228,69,"До коментар #51 от ""Ицо"": недоръгали - имаш май интерес,,,",Има,05.04.2026 22:11,2,6,2026-04-11 17:24:18
fakti.bg,https://fakti.bg/topic/izbori/2026/04/06/63581,https://fakti.bg/bulgaria/1046486-kostadin-kostadinov-mojem-da-se-dogovorim-s-rusia,Костадин Костадинов: Можем да се договорим с Русия,2026-04-05,4 228,70,"Тъпака си мисли, че може да преговаря със рашките.. тия казват условията баламурник и популист.",Троян,05.04.2026 22:11,16,14,2026-04-11 17:24:18
fakti.bg,https://fakti.bg/topic/izbori/2026/04/06/63581,https://fakti.bg/bulgaria/1046486-kostadin-kostadinov-mojem-da-se-dogovorim-s-rusia,Костадин Костадинов: Можем да се договорим с Русия,2026-04-05,4 228,71,"Колко струват горивата в съседна Сърбия, която не е в ЕС и е пръв приятел на Русия?",Въпрос към Копейкин,05.04.2026 22:12,22,12,2026-04-11 17:24:18
fakti.bg,https://fakti.bg/topic/izbori/2026/04/06/63581,https://fakti.bg/bulgaria/1046486-kostadin-kostadinov-mojem-da-se-dogovorim-s-rusia,Костадин Костадинов: Можем да се договорим с Русия,2026-04-05,4 228,72,"КОЛКОТО И ДА ОВЪРТАШ, СЕ ВИЖДА С ПРОСТО ОКО "" ПОСЕЩЕНИЕТО ТИ ПРЕДИ ИЗВЕСТНО НА ЧЕРВЕНИЯ ПЛОЩАД. ЕТО КРАТКИЯ ИЗВОД, ДА НИ ПОДХЛЪЗНЕШ НАС БЪЛГАРИТЕ ДА ПРЕМАХНЕМ САНКЦИИТЕ, КОГАТО ТОЙ ( ПУТИН) НИ НАРЕЧЕ ВРАЖЕСКА ДЪРЖАВА, НАЛИ? НО РЕШЕНИЕТО НЕ Е САМО ОТ НАША СТРАНА ЗА САНКЦИИТЕ, А ОТ ЕВРОПА. ОБЩО ВЗЕТО, НЕ СИ ЗАБРАВИЛ, КАКВО ПРАВИ ДО ДЕН ДНЕШЕН ПУТИН СПРЯМО УКРАЙНА, НАЛИ? ЗА 20 МИЛИОНА КОМЕНТИРАШ ,НО ЗА "" БОТАШ "" НИТО ДУМА ? ПО ПОЛОВИН МИЛИОН ЕВРО ВСЕКИ ДЕН, КАК СЕ ЧУВСТВАМЕ НИЕ БЪЛГАРИТЕ? ☹️😠🤔",Цвете,05.04.2026 22:12,12,10,2026-04-11 17:24:18
fakti.bg,https://fakti.bg/topic/izbori/2026/04/06/63581,https://fakti.bg/bulgaria/1046486-kostadin-kostadinov-mojem-da-se-dogovorim-s-rusia,Костадин Костадинов: Можем да се договорим с Русия,2026-04-05,4 228,73,Прав е Костадинов.Само партия Възраждане.Гласувам с две ръце.ЕС носи само вреди за България.,9888,05.04.2026 22:14,17,25,2026-04-11 17:24:18
fakti.bg,https://fakti.bg/topic/izbori/2026/04/06/63581,https://fakti.bg/bulgaria/1046486-kostadin-kostadinov-mojem-da-se-dogovorim-s-rusia,Костадин Костадинов: Можем да се договорим с Русия,2026-04-05,4 228,74,"До коментар #51 от ""Ицо"": Не . Повечето сме незадоволени евратлантици , красавице !",Демократ,05.04.2026 22:15,4,8,2026-04-11 17:24:18
fakti.bg,https://fakti.bg/topic/izbori/2026/04/06/63581,https://fakti.bg/bulgaria/1046486-kostadin-kostadinov-mojem-da-se-dogovorim-s-rusia,Костадин Костадинов: Можем да се договорим с Русия,2026-04-05,4 228,75,"КОПЕЙКЕ , ДОГОВАРЯЙ СЕ С .......................... ФАШИСТКА РУСИЯ КОЛКОТО СИ ИСКАШ ........................... ПРАВ ТИ ПЪТ , КРИВА ТИ ПЪТЕКА ......................... ИДИОТ НЕНОРМАЛЕН ..........................",ЕДГАР КЕЙСИ,05.04.2026 22:20,17,10,2026-04-11 17:24:18
fakti.bg,https://fakti.bg/topic/izbori/2026/04/06/63581,https://fakti.bg/bulgaria/1046486-kostadin-kostadinov-mojem-da-se-dogovorim-s-rusia,Костадин Костадинов: Можем да се договорим с Русия,2026-04-05,4 228,76,"До коментар #61 от ""Последния Софиянец"": Вземат ХИЛЯДИ Българи работещи в Оръжейната промишленост и то Отлични пари,затова и няма Протести за по-високи Заплати в Бранша.Какво вземам аз ли?Ами вземам СПОКОЙСТВИЕ че Русия е държана Далеч от БГ от Украинците/няма никакъв дядо Иван на Дунава/ за да мога да си харча на воля парите които ми снасят Реституираните ми Земи в Добруджа.Ако имаш други въпроси - Давай,но вече ще са с пари!:)",оня с коня,05.04.2026 22:21,16,12,2026-04-11 17:24:18
fakti.bg,https://fakti.bg/topic/izbori/2026/04/06/63581,https://fakti.bg/bulgaria/1046486-kostadin-kostadinov-mojem-da-se-dogovorim-s-rusia,Костадин Костадинов: Можем да се договорим с Русия,2026-04-05,4 228,77,"Единственото което трябва да се питат политиците е , защо разрушиха подредена държава ? За умишлени действия срещу държавата ,през последните 36 години , трябва да понесат отговорност , а не да ми се явяват на избори .",история,05.04.2026 22:22,17,13,2026-04-11 17:24:18
fakti.bg,https://fakti.bg/topic/izbori/2026/04/06/63581,https://fakti.bg/bulgaria/1046486-kostadin-kostadinov-mojem-da-se-dogovorim-s-rusia,Костадин Костадинов: Можем да се договорим с Русия,2026-04-05,4 228,78,"До коментар #56 от ""Оня"": държавата ни е дала над 20 милиарда - като суха пара и военна и др.помощ",Взели са фирмите,05.04.2026 22:22,10,7,2026-04-11 17:24:18
fakti.bg,https://fakti.bg/topic/izbori/2026/04/06/63581,https://fakti.bg/bulgaria/1046486-kostadin-kostadinov-mojem-da-se-dogovorim-s-rusia,Костадин Костадинов: Можем да се договорим с Русия,2026-04-05,4 228,79,"До коментар #51 от ""Ицо"": Нас руснаците ни ръгаха, биха и ебαхα достатъчно. Няма недоръгани!",Украинска копейка,05.04.2026 22:22,10,17,2026-04-11 17:24:18
fakti.bg,https://fakti.bg/topic/izbori/2026/04/06/63581,https://fakti.bg/bulgaria/1046486-kostadin-kostadinov-mojem-da-se-dogovorim-s-rusia,Костадин Костадинов: Можем да се договорим с Русия,2026-04-05,4 228,81,Дано не си жив!!!,ТИГО,05.04.2026 22:36,4,4,2026-04-11 17:24:18
fakti.bg,https://fakti.bg/topic/izbori/2026/04/06/63581,https://fakti.bg/bulgaria/1046486-kostadin-kostadinov-mojem-da-se-dogovorim-s-rusia,Костадин Костадинов: Можем да се договорим с Русия,2026-04-05,4 228,82,"До коментар #17 от ""За притеснение е ситуацията"": Викаш ппдб педо.илите не те притесняват?! Не те притесняват и американските самолети окупирали летище София?! Не те притесняват и договора на Гяуров и милионите българска пара, подарени на зеленски?! Притеснява те само догадките за зависимости на Костадинов с Борисов?! Ай у л.во педоханецо! Коментиран от #85",Мнение,05.04.2026 22:36,12,12,2026-04-11 17:24:18
fakti.bg,https://fakti.bg/topic/izbori/2026/04/06/63581,https://fakti.bg/bulgaria/1046486-kostadin-kostadinov-mojem-da-se-dogovorim-s-rusia,Костадин Костадинов: Можем да се договорим с Русия,2026-04-05,4 228,83,На тоя много му отива да завърши дните си да рови из кофите.,Ванга,05.04.2026 22:36,16,10,2026-04-11 17:24:18
fakti.bg,https://fakti.bg/topic/izbori/2026/04/06/63581,https://fakti.bg/bulgaria/1046486-kostadin-kostadinov-mojem-da-se-dogovorim-s-rusia,Костадин Костадинов: Можем да се договорим с Русия,2026-04-05,4 228,84,"Разбира се, че може!",Дзак,05.04.2026 22:37,5,3,2026-04-11 17:24:18
fakti.bg,https://fakti.bg/topic/izbori/2026/04/06/63581,https://fakti.bg/bulgaria/1046486-kostadin-kostadinov-mojem-da-se-dogovorim-s-rusia,Костадин Костадинов: Можем да се договорим с Русия,2026-04-05,4 228,85,"До коментар #82 от ""Мнение"": Целта на Костадинов и депутатите му е да трупат пачки, но не само от огромните си заплати. Борисов и Пеевски им нареждат как да гласуват и им заделят от краденото. Банковите сметки на възрожденците са бъкани с долари и евра. Коментиран от #134",Oще едно мнение,05.04.2026 22:43,14,14,2026-04-11 17:24:18
fakti.bg,https://fakti.bg/topic/izbori/2026/04/06/63581,https://fakti.bg/bulgaria/1046486-kostadin-kostadinov-mojem-da-se-dogovorim-s-rusia,Костадин Костадинов: Можем да се договорим с Русия,2026-04-05,4 228,86,"""...ако България премахне санкциите срещу Русия и започнем да купуваме руски петрол, при нас цените на горивата ще спаднат с до 40%."" В Унгария, която не е спирала изобщо да внася руски петрол, цените са с 20% по високи от тези в България, и не само сега а същото е било и през април 2025 г. Ако при нас цените станат с 40% по ниски от съседите, никой от съседите, дори и турците няма да зареждат гориво в държавата си. Така ще подпомагаме всички съседи, а ние ще мизерстваме и всичките ни стоки ще станат дефицитни за българите от България, а вносните ще са с непосилни цени. Всичко е свързано с цената на горивата, а по тази логика трябва да паднат и цените на всички български стоки. Да не се връщаме назад във времето, когато Румен Овчаров беше ни уредил да купувахме петрол от Русия на двойно по висока цена от всички държави в Западна Европа, а ""големия шлем"" на Георги Първанов ни уреди с двойно по скъп газ. Сега Радев ни уреди да плащаме и вятъра на Боташ. Коментиран от #96",Стига с тези смешки!,05.04.2026 22:44,19,10,2026-04-11 17:24:18
fakti.bg,https://fakti.bg/topic/izbori/2026/04/06/63581,https://fakti.bg/bulgaria/1046486-kostadin-kostadinov-mojem-da-se-dogovorim-s-rusia,Костадин Костадинов: Можем да се договорим с Русия,2026-04-05,4 228,88,"Скрии се максуда. Българите не искат да се договарят с просия. И ти не си България. Ти си един никой платен от просия с шепа платени пенсионери. Като мечтаеш за просия ,замини там и не се връщай. Клоун.",Гуру Гарабед,05.04.2026 22:49,19,9,2026-04-11 17:24:18
fakti.bg,https://fakti.bg/topic/izbori/2026/04/06/63581,https://fakti.bg/bulgaria/1046486-kostadin-kostadinov-mojem-da-se-dogovorim-s-rusia,Костадин Костадинов: Можем да се договорим с Русия,2026-04-05,4 228,90,А вие ни занимавате с далавените и измамите на някакъв катунар от Мъглявината Черната дупка. Коментиран от #125,Хора летят към Луната,05.04.2026 22:52,16,7,2026-04-11 17:24:18
fakti.bg,https://fakti.bg/topic/izbori/2026/04/06/63581,https://fakti.bg/bulgaria/1046486-kostadin-kostadinov-mojem-da-se-dogovorim-s-rusia,Костадин Костадинов: Можем да се договорим с Русия,2026-04-05,4 228,91,Ами какво правим със детонацията?,Дерогация или дезориентация?,05.04.2026 22:53,6,3,2026-04-11 17:24:18
fakti.bg,https://fakti.bg/topic/izbori/2026/04/06/63581,https://fakti.bg/bulgaria/1046486-kostadin-kostadinov-mojem-da-se-dogovorim-s-rusia,Костадин Костадинов: Можем да се договорим с Русия,2026-04-05,4 228,92,Лесно му е Копейкин сега - заплатата му е Евро . :),Пламен,05.04.2026 22:56,13,5,2026-04-11 17:24:18
fakti.bg,https://fakti.bg/topic/izbori/2026/04/06/63581,https://fakti.bg/bulgaria/1046486-kostadin-kostadinov-mojem-da-se-dogovorim-s-rusia,Костадин Костадинов: Можем да се договорим с Русия,2026-04-05,4 228,94,Ще спечели какво бе максуда????по скъпи горива като в сърбия и унгария ли бе?путлероид мръсен.,Вова Инхибитор,05.04.2026 22:58,16,6,2026-04-11 17:24:18
fakti.bg,https://fakti.bg/topic/izbori/2026/04/06/63581,https://fakti.bg/bulgaria/1046486-kostadin-kostadinov-mojem-da-se-dogovorim-s-rusia,Костадин Костадинов: Можем да се договорим с Русия,2026-04-05,4 228,95,"До коментар #87 от ""ТИГО"": Дошъл е да види къде ви е морето ,ама е видял само едно Шопско поле с тикви",Гедер,05.04.2026 23:00,7,2,2026-04-11 17:24:18
fakti.bg,https://fakti.bg/topic/izbori/2026/04/06/63581,https://fakti.bg/bulgaria/1046486-kostadin-kostadinov-mojem-da-se-dogovorim-s-rusia,Костадин Костадинов: Можем да се договорим с Русия,2026-04-05,4 228,96,"До коментар #86 от ""Стига с тези смешки!"": Факт. И Всички помнят как овчаров подписваше договори България да купува гас с 300 процента по скъпо. Никога повече България няма да в колония на просия.",Сатанас Теофилакт.,05.04.2026 23:01,16,5,2026-04-11 17:24:18
fakti.bg,https://fakti.bg/topic/izbori/2026/04/06/63581,https://fakti.bg/bulgaria/1046486-kostadin-kostadinov-mojem-da-se-dogovorim-s-rusia,Костадин Костадинов: Можем да се договорим с Русия,2026-04-05,4 228,97,"Абе Коце уж си прав но за тия четири години толкова мръсотии направихме на Русия, че те едва ли ще ни ги простят . Па и петрола и газа лека полека ги пренасочиха към Азия та едва ли сме им интересни вече. Та ще си купуваме демократичен газ и петрол или руски такъв маскиран като азерски, но с демократична надценка. Умните и красивите все пак успяха. Евалла на тях.",?????,05.04.2026 23:03,10,10,2026-04-11 17:24:18
fakti.bg,https://fakti.bg/topic/izbori/2026/04/06/63581,https://fakti.bg/bulgaria/1046486-kostadin-kostadinov-mojem-da-se-dogovorim-s-rusia,Костадин Костадинов: Можем да се договорим с Русия,2026-04-05,4 228,98,Господарите на русо робите ги активираха.,Хахахаха,05.04.2026 23:06,14,5,2026-04-11 17:24:18
fakti.bg,https://fakti.bg/topic/izbori/2026/04/06/63581,https://fakti.bg/bulgaria/1046486-kostadin-kostadinov-mojem-da-se-dogovorim-s-rusia,Костадин Костадинов: Можем да се договорим с Русия,2026-04-05,4 228,99,"До коментар #7 от ""оня с питон.я"": Копейки, вие трябва да останете в България. За да помагате на ВСУ, вашите данъци помагат на Украйна. Така, че не заминавайте за раша, моля ви! Коментиран от #195",Хахахаха,05.04.2026 23:08,13,4,2026-04-11 17:24:18
fakti.bg,https://fakti.bg/topic/izbori/2026/04/06/63581,https://fakti.bg/bulgaria/1046486-kostadin-kostadinov-mojem-da-se-dogovorim-s-rusia,Костадин Костадинов: Можем да се договорим с Русия,2026-04-05,4 228,101,С Коцето сме се договорили. И не само с него.,Бай Митрофан,05.04.2026 23:12,8,2,2026-04-11 17:24:18
fakti.bg,https://fakti.bg/topic/izbori/2026/04/06/63581,https://fakti.bg/bulgaria/1046486-kostadin-kostadinov-mojem-da-se-dogovorim-s-rusia,Костадин Костадинов: Можем да се договорим с Русия,2026-04-05,4 228,102,Исторически документи и факти. В периода 1945-1989 България е била колония на сссср. И в това колониално минало България е била напълно разграбена от просия. Хората чакаха в листата за москвич по 8г и за панелка 10 години.,Топорчев,05.04.2026 23:13,16,6,2026-04-11 17:24:18
fakti.bg,https://fakti.bg/topic/izbori/2026/04/06/63581,https://fakti.bg/bulgaria/1046486-kostadin-kostadinov-mojem-da-se-dogovorim-s-rusia,Костадин Костадинов: Можем да се договорим с Русия,2026-04-05,4 228,103,"Никога. Абсурд е .За Русия , България все едно не съществува. Освен това България е отявлен враг на Русия. България ще си се върна там където е била преди 145 години и всичко ще си се нареди както трябва. Русия няма за какво да разговаря с България. Няма тема. Всичко е приключило.",решено е за фронтовата територия,05.04.2026 23:13,9,4,2026-04-11 17:24:18
fakti.bg,https://fakti.bg/topic/izbori/2026/04/06/63581,https://fakti.bg/bulgaria/1046486-kostadin-kostadinov-mojem-da-se-dogovorim-s-rusia,Костадин Костадинов: Можем да се договорим с Русия,2026-04-05,4 228,104,Cамо Партия МЕЧ ще те оправи копейкин и вашите болни комунистически последователи !!!,Расташки,05.04.2026 23:14,9,6,2026-04-11 17:24:18
fakti.bg,https://fakti.bg/topic/izbori/2026/04/06/63581,https://fakti.bg/bulgaria/1046486-kostadin-kostadinov-mojem-da-se-dogovorim-s-rusia,Костадин Костадинов: Можем да се договорим с Русия,2026-04-05,4 228,105,"СЛЕД УДАРА ЯДРЕН СРЕЩУ ПСЕТАТА АНГЛИЙСКИ Коментиран от #229 , #230 , #231",С РУСИЯ ЩЕ ГОВОРИМ,05.04.2026 23:14,5,12,2026-04-11 17:24:18
fakti.bg,https://fakti.bg/topic/izbori/2026/04/06/63581,https://fakti.bg/bulgaria/1046486-kostadin-kostadinov-mojem-da-se-dogovorim-s-rusia,Костадин Костадинов: Можем да се договорим с Русия,2026-04-05,4 228,106,"До коментар #59 от ""Българин"": Ама, ти сериозно ли говориш.Ами,че ние първо имаме ли танкери?А и да имаме няма от тях да го вземаме.Има тръбопроводи по които може да тече,ако наистина господата ни бяха по дълновидни,а не да изпълняваме номерата за печалба на ястребите.. Коментиран от #109",Мимч,05.04.2026 23:17,4,2,2026-04-11 17:24:18
fakti.bg,https://fakti.bg/topic/izbori/2026/04/06/63581,https://fakti.bg/bulgaria/1046486-kostadin-kostadinov-mojem-da-se-dogovorim-s-rusia,Костадин Костадинов: Можем да се договорим с Русия,2026-04-05,4 228,108,"Русия е нашето спасение . Почти 40 години чакаме от запада да дойде нещо по - добро . Е май няма да дойде . По-лошо става. Колко ⁰неща имахме на сравнително добро ниво сега ги нямаме . Рязахме ,унищожавахме ,крадахме ,камък върху камък не оставихме ,преизпълнихме исканията на същия този запад. Надявахме се да ни приемат като равни, но те явно никога не са имали такова намерение. Всяко нещо има край, търпението също.",Истина,05.04.2026 23:22,9,16,2026-04-11 17:24:18
fakti.bg,https://fakti.bg/topic/izbori/2026/04/06/63581,https://fakti.bg/bulgaria/1046486-kostadin-kostadinov-mojem-da-se-dogovorim-s-rusia,Костадин Костадинов: Можем да се договорим с Русия,2026-04-05,4 228,109,"До коментар #106 от ""Мимч"": танкери от газото мy ще дава газ... без пари разбирасе а за нефт да не говорим че ще се обиди",що го питаш,05.04.2026 23:24,5,1,2026-04-11 17:24:18
fakti.bg,https://fakti.bg/topic/izbori/2026/04/06/63581,https://fakti.bg/bulgaria/1046486-kostadin-kostadinov-mojem-da-se-dogovorim-s-rusia,Костадин Костадинов: Можем да се договорим с Русия,2026-04-05,4 228,110,"Коце, ти хубаво ще се договаряш с Русия, ама какво ще правиш, ако укрите са обидят и започнат да потапят танкерите през Черно Море? А ако взривят газопровода, като завода в Брянск? Не е ли по-добре да си траем и да не се бутаме между шамарите?!?",Българин,05.04.2026 23:27,4,3,2026-04-11 17:24:18
fakti.bg,https://fakti.bg/topic/izbori/2026/04/06/63581,https://fakti.bg/bulgaria/1046486-kostadin-kostadinov-mojem-da-se-dogovorim-s-rusia,Костадин Костадинов: Можем да се договорим с Русия,2026-04-05,4 228,111,"До коментар #107 от ""Връщай"": Kупи skoda 2025г. mercedes за сина си и един форд и да не казвам колко имота",Познат,05.04.2026 23:29,12,0,2026-04-11 17:24:18
fakti.bg,https://fakti.bg/topic/izbori/2026/04/06/63581,https://fakti.bg/bulgaria/1046486-kostadin-kostadinov-mojem-da-se-dogovorim-s-rusia,Костадин Костадинов: Можем да се договорим с Русия,2026-04-05,4 228,112,"Русия може да говори с Турция, да се договарят и да решават съвместно всички въпроси от взаимен интерес. . С България няма за какво да говори.",това е положението,05.04.2026 23:31,10,3,2026-04-11 17:24:18
fakti.bg,https://fakti.bg/topic/izbori/2026/04/06/63581,https://fakti.bg/bulgaria/1046486-kostadin-kostadinov-mojem-da-se-dogovorim-s-rusia,Костадин Костадинов: Можем да се договорим с Русия,2026-04-05,4 228,115,"До един прекрасен момент, когато бакшиша от Кремъл заяви, че тероризираме чебурашките в Камчия и прати армията да ги освобождава и съответно да анексира територията. Тея са способни само на варварство и нищо градивно. Колкото по-далеч от Русия, толкова по-добре.",Един,05.04.2026 23:47,13,6,2026-04-11 17:24:18
fakti.bg,https://fakti.bg/topic/izbori/2026/04/06/63581,https://fakti.bg/bulgaria/1046486-kostadin-kostadinov-mojem-da-se-dogovorim-s-rusia,Костадин Костадинов: Можем да се договорим с Русия,2026-04-05,4 228,119,"Ти си малкия стратег,знаем кой е голем стратег.",Евро и пак евро,05.04.2026 23:56,3,2,2026-04-11 17:24:18
fakti.bg,https://fakti.bg/topic/izbori/2026/04/06/63581,https://fakti.bg/bulgaria/1046486-kostadin-kostadinov-mojem-da-se-dogovorim-s-rusia,Костадин Костадинов: Можем да се договорим с Русия,2026-04-05,4 228,120,"До коментар #114 от ""Горски"": Не виждате ли , че е тотално неадекватен. И той и главнокомадващата изобщо не са тук . Всичко е пунта мара.Сега Бандеровския режим и джуджетата са по важни от бункерите. Предстоящото управление на фронтовата полоса от двамта генерали ще бъде удивително. Да видим само до къде ще стигнат цените и какво ще остане на територията.",хахахаха,05.04.2026 23:58,3,2,2026-04-11 17:24:18
fakti.bg,https://fakti.bg/topic/izbori/2026/04/06/63581,https://fakti.bg/bulgaria/1046486-kostadin-kostadinov-mojem-da-se-dogovorim-s-rusia,Костадин Костадинов: Можем да се договорим с Русия,2026-04-05,4 228,121,Азиатци от и то от мюсулмански страни. Работодателите които поръчват чужденци са предимно западни инвеститори. Но те не могат да ги използват защото азиатците нито искат нито могат да работят. На Ганчев не му стигат нашите ромеи ами сега си внесе от Бангладеш хора които трябва да храни а българи умират от студ и глад. Партиите правителството президентството не се интересуват от този проблем голем.,Страната се напълни с чужденци предимно,05.04.2026 23:59,9,2,2026-04-11 17:24:18
fakti.bg,https://fakti.bg/topic/izbori/2026/04/06/63581,https://fakti.bg/bulgaria/1046486-kostadin-kostadinov-mojem-da-se-dogovorim-s-rusia,Костадин Костадинов: Можем да се договорим с Русия,2026-04-05,4 228,122,"Коцето копейкин иска да се договаря с престъпен режим! Че как иначе,нали от Кремъл са му финансите! И от Пеевски!",Димо,06.04.2026 00:01,11,4,2026-04-11 17:24:18
fakti.bg,https://fakti.bg/topic/izbori/2026/04/06/63581,https://fakti.bg/bulgaria/1046486-kostadin-kostadinov-mojem-da-se-dogovorim-s-rusia,Костадин Костадинов: Можем да се договорим с Русия,2026-04-05,4 228,124,И ти се сети кога преди изборите за ддс и Русия. Късно е вече пътник си ...,Да бе,06.04.2026 00:06,8,3,2026-04-11 17:24:18
fakti.bg,https://fakti.bg/topic/izbori/2026/04/06/63581,https://fakti.bg/bulgaria/1046486-kostadin-kostadinov-mojem-da-se-dogovorim-s-rusia,Костадин Костадинов: Можем да се договорим с Русия,2026-04-05,4 228,125,"До коментар #90 от ""Хора летят към Луната"": Те американците не могат да се справят с някакъв Иран към луната били тръгнали ? Наистина ли го вярваш това бе момче ? Коментиран от #181",Човешки крак не е стъпвал на луната,06.04.2026 00:14,6,3,2026-04-11 17:24:18
fakti.bg,https://fakti.bg/topic/izbori/2026/04/06/63581,https://fakti.bg/bulgaria/1046486-kostadin-kostadinov-mojem-da-se-dogovorim-s-rusia,Костадин Костадинов: Можем да се договорим с Русия,2026-04-05,4 228,129,Сороските тролеи ха ха ха. ...,Луд умора няма,06.04.2026 00:20,9,1,2026-04-11 17:24:18
fakti.bg,https://fakti.bg/topic/izbori/2026/04/06/63581,https://fakti.bg/bulgaria/1046486-kostadin-kostadinov-mojem-da-se-dogovorim-s-rusia,Костадин Костадинов: Можем да се договорим с Русия,2026-04-05,4 228,134,"До коментар #85 от ""Oще едно мнение"": Той щоту Радев и ппдб са независими от Борисов и Пеевски, и са бедняци?! Казах ти вече, марш у л.во!!!",Мнение,06.04.2026 00:24,6,3,2026-04-11 17:24:18
fakti.bg,https://fakti.bg/topic/izbori/2026/04/06/63581,https://fakti.bg/bulgaria/1046486-kostadin-kostadinov-mojem-da-se-dogovorim-s-rusia,Костадин Костадинов: Можем да се договорим с Русия,2026-04-05,4 228,136,Костадин Костадинов: Можем да се договорим с Русия-аз пък казвам по добре да се договорим с Турция да се пресъденим към тях защото е по добре за нас и сме комшии а русия е далеч нереде Ямбол нереде Истанбул Коментиран от #139,Костадин Костадинов,06.04.2026 00:25,4,8,2026-04-11 17:24:18
fakti.bg,https://fakti.bg/topic/izbori/2026/04/06/63581,https://fakti.bg/bulgaria/1046486-kostadin-kostadinov-mojem-da-se-dogovorim-s-rusia,Костадин Костадинов: Можем да се договорим с Русия,2026-04-05,4 228,138,"До коментар #21 от ""Даниел"": Кефи максимално как тъпче евроатлантизма в бг-то.",Браво Коста,06.04.2026 00:28,8,8,2026-04-11 17:24:18
fakti.bg,https://fakti.bg/topic/izbori/2026/04/06/63581,https://fakti.bg/bulgaria/1046486-kostadin-kostadinov-mojem-da-se-dogovorim-s-rusia,Костадин Костадинов: Можем да се договорим с Русия,2026-04-05,4 228,141,"Вие отдавна сте се договорили бе Костя, това и децата го знаят !",Ама,06.04.2026 00:31,5,3,2026-04-11 17:24:18
fakti.bg,https://fakti.bg/topic/izbori/2026/04/06/63581,https://fakti.bg/bulgaria/1046486-kostadin-kostadinov-mojem-da-se-dogovorim-s-rusia,Костадин Костадинов: Можем да се договорим с Русия,2026-04-05,4 228,144,Ама то ти можеш и да си береш лайката бе цигойнър от максуда.,хаха,06.04.2026 00:36,4,7,2026-04-11 17:24:18
fakti.bg,https://fakti.bg/topic/izbori/2026/04/06/63581,https://fakti.bg/bulgaria/1046486-kostadin-kostadinov-mojem-da-se-dogovorim-s-rusia,Костадин Костадинов: Можем да се договорим с Русия,2026-04-05,4 228,151,Но на практика няма как да стане !,По принцип може да може,06.04.2026 00:49,3,2,2026-04-11 17:24:18
fakti.bg,https://fakti.bg/topic/izbori/2026/04/06/63581,https://fakti.bg/bulgaria/1046486-kostadin-kostadinov-mojem-da-se-dogovorim-s-rusia,Костадин Костадинов: Можем да се договорим с Русия,2026-04-05,4 228,152,"До коментар #149 от ""Какво достойно има"": Подай сигнал и ти ако искаш. Не е редно да пише такива неща.",Подавам сигнал но без полза,06.04.2026 00:52,3,1,2026-04-11 17:24:18
fakti.bg,https://fakti.bg/topic/izbori/2026/04/06/63581,https://fakti.bg/bulgaria/1046486-kostadin-kostadinov-mojem-da-se-dogovorim-s-rusia,Костадин Костадинов: Можем да се договорим с Русия,2026-04-05,4 228,153,"До коментар #148 от ""Айде отговори"": А теб какво те кара да хозиш в хижата Петрохан и да се дупиш на богати чиковци? Толкова ли си я окъсал? Коментиран от #156",Горски,06.04.2026 00:53,2,1,2026-04-11 17:24:18
fakti.bg,https://fakti.bg/topic/izbori/2026/04/06/63581,https://fakti.bg/bulgaria/1046486-kostadin-kostadinov-mojem-da-se-dogovorim-s-rusia,Костадин Костадинов: Можем да се договорим с Русия,2026-04-05,4 228,156,"До коментар #153 от ""Горски"": че с лъжи се занимават само отпадъци. Нищо лично. Просто явно те влече. 😄 Коментиран от #159",Не споменах ли,06.04.2026 01:03,1,2,2026-04-11 17:24:18
fakti.bg,https://fakti.bg/topic/izbori/2026/04/06/63581,https://fakti.bg/bulgaria/1046486-kostadin-kostadinov-mojem-da-se-dogovorim-s-rusia,Костадин Костадинов: Можем да се договорим с Русия,2026-04-05,4 228,159,"До коментар #156 от ""Не споменах ли"": Като вас управляващите, нищо лично. Коментиран от #160",Горски,06.04.2026 01:08,3,2,2026-04-11 17:24:18
fakti.bg,https://fakti.bg/topic/izbori/2026/04/06/63581,https://fakti.bg/bulgaria/1046486-kostadin-kostadinov-mojem-da-se-dogovorim-s-rusia,Костадин Костадинов: Можем да се договорим с Русия,2026-04-05,4 228,160,"До коментар #159 от ""Горски"": ем се дразниш, че изглеждаш толкова глупаво и жалко. 😄Аз на отпадъци не съчувствам. Не търси съчувствие тук. 😄 Коментиран от #224 , #226",Ем лъжеш,06.04.2026 01:11,0,2,2026-04-11 17:24:18
fakti.bg,https://fakti.bg/topic/izbori/2026/04/06/63581,https://fakti.bg/bulgaria/1046486-kostadin-kostadinov-mojem-da-se-dogovorim-s-rusia,Костадин Костадинов: Можем да се договорим с Русия,2026-04-05,4 228,161,"До коментар #41 от ""оня с коня"": Кое портмоне ти е пълно?",Азз,06.04.2026 01:13,1,0,2026-04-11 17:24:18
fakti.bg,https://fakti.bg/topic/izbori/2026/04/06/63581,https://fakti.bg/bulgaria/1046486-kostadin-kostadinov-mojem-da-se-dogovorim-s-rusia,Костадин Костадинов: Можем да се договорим с Русия,2026-04-05,4 228,162,"До коментар #154 от ""ганю"": Интересно: ""45 години сме вървяли напред с Русия"" ?! Къде е това напред? Вървяли сме надолу, докато станахме последната дупка не само на Европа, ами и на целия свят! Точно 45 години СеСеСеРе изсмукваше и крадеше благата произвеждани в България и ни доведе до поредната национална катастрофа през 1989 г. След това следва оново грабеж на държавата от комунистическите, мафиотски структури на ДС в лицето на Андрей Луканов, Жан Виденов, Симеон Сакскобурготски, Доган, Сергей Станишев, Георги Първанов, Боко, Шиши ,,,,,,все изтъкнати дейци на руското разузнаване и мафия. Коментиран от #163 , #176",Балкански,06.04.2026 01:23,3,7,2026-04-11 17:24:18
fakti.bg,https://fakti.bg/topic/izbori/2026/04/06/63581,https://fakti.bg/bulgaria/1046486-kostadin-kostadinov-mojem-da-se-dogovorim-s-rusia,Костадин Костадинов: Можем да се договорим с Русия,2026-04-05,4 228,163,"До коментар #162 от ""Балкански"": Означава, че лъжеш. А това не е хубаво! По времето на социализма, в България имаше заводи, имаше производство, имаше селско стопанство, имаше една от най силните армии на балканите! Днес си на внос, а армията мираж.",Фактите не са на твоя страна,06.04.2026 01:27,6,4,2026-04-11 17:24:18
fakti.bg,https://fakti.bg/topic/izbori/2026/04/06/63581,https://fakti.bg/bulgaria/1046486-kostadin-kostadinov-mojem-da-se-dogovorim-s-rusia,Костадин Костадинов: Можем да се договорим с Русия,2026-04-05,4 228,164,Като гледам ти вече си се разбрал…,Обикновен кибик,06.04.2026 01:52,2,1,2026-04-11 17:24:18
fakti.bg,https://fakti.bg/topic/izbori/2026/04/06/63581,https://fakti.bg/bulgaria/1046486-kostadin-kostadinov-mojem-da-se-dogovorim-s-rusia,Костадин Костадинов: Можем да се договорим с Русия,2026-04-05,4 228,167,"Копейка, в Максуда може и да вървиш, пробвай там.",ЪХЪ,06.04.2026 02:04,4,6,2026-04-11 17:24:18
fakti.bg,https://fakti.bg/topic/izbori/2026/04/06/63581,https://fakti.bg/bulgaria/1046486-kostadin-kostadinov-mojem-da-se-dogovorim-s-rusia,Костадин Костадинов: Можем да се договорим с Русия,2026-04-05,4 228,168,Я да видим при тия с договорките с Русия дали горивата им са по евтини отколкото при нас. Ами не са.,Дика,06.04.2026 02:14,4,3,2026-04-11 17:24:18
fakti.bg,https://fakti.bg/topic/izbori/2026/04/06/63581,https://fakti.bg/bulgaria/1046486-kostadin-kostadinov-mojem-da-se-dogovorim-s-rusia,Костадин Костадинов: Можем да се договорим с Русия,2026-04-05,4 228,169,"До коментар #62 от ""сноу"": За съжаление си прав, съгласен съм с написаното от теб..... Убедено ще гласувам за Възраждане на България, пък дано да станем отново държава.... Съгласен съм, че за да се случи това е необходимо да се срути всичко и да се гради на ново..... Не може от една изтърбушена съборетина да направиш хубав дом ако не я събориш.... Коментиран от #171",Европеец,06.04.2026 02:24,6,6,2026-04-11 17:24:18
fakti.bg,https://fakti.bg/topic/izbori/2026/04/06/63581,https://fakti.bg/bulgaria/1046486-kostadin-kostadinov-mojem-da-se-dogovorim-s-rusia,Костадин Костадинов: Можем да се договорим с Русия,2026-04-05,4 228,170,"Ха ха, тоя сульо си мисли, че го бръсне за слива Путин, щял да се договори. И какво ще предложиш насреща, голия си ... ли?",Шоо,06.04.2026 02:27,6,8,2026-04-11 17:24:18
fakti.bg,https://fakti.bg/topic/izbori/2026/04/06/63581,https://fakti.bg/bulgaria/1046486-kostadin-kostadinov-mojem-da-se-dogovorim-s-rusia,Костадин Костадинов: Можем да се договорим с Русия,2026-04-05,4 228,171,"До коментар #169 от ""Европеец"": Те щото от възраждане са едни специалисти по съграждането, ум да ти зайде. И тия скоро ще правят компания на оня хахавия Волен. Остана си с големите приказки. Коментиран от #173",Бате Георги,06.04.2026 02:30,7,4,2026-04-11 17:24:18
fakti.bg,https://fakti.bg/topic/izbori/2026/04/06/63581,https://fakti.bg/bulgaria/1046486-kostadin-kostadinov-mojem-da-se-dogovorim-s-rusia,Костадин Костадинов: Можем да се договорим с Русия,2026-04-05,4 228,172,"Костадинов говори добри истини за България и ако се разберат с Радев след изборите това ще добра новина за страната. Стига вече соросоидните атлантически предатели са лъгали и заблуждавали народа чрез платените им медии. Стига вече разни нагаждачи """"историци"", ""учени"" и ""политици"" са ровили, късали и обръщали историята и настоящето с хастара навън само и само да ""докажат"" колко лош е бил живота преди ""демокрацията"" и как сме цъфнали и вързали след нейното нахлуване...",Артилерист,06.04.2026 02:39,7,5,2026-04-11 17:24:18
fakti.bg,https://fakti.bg/topic/izbori/2026/04/06/63581,https://fakti.bg/bulgaria/1046486-kostadin-kostadinov-mojem-da-se-dogovorim-s-rusia,Костадин Костадинов: Можем да се договорим с Русия,2026-04-05,4 228,173,"До коментар #171 от ""Бате Георги"": Може и да си прав.... Волен се гушна с тиквата и тотално се провали като политик, в лично качество сигурно се е захлебил от това гушкане.... Като гледам по места Възраждане не разполага с кадри за управление, защото не е бил никога управлението..... Ако след време влезе в управлението надявам се, че ще може да привлече умеещи хора с които да управлява..... Има много кадърни личности и партии, които няма да минат бариерата и заслужаващи внимание, но поради факта че няма да минат бариерата си струва да се гласува за Възраждане. ..",Европеец,06.04.2026 02:42,4,3,2026-04-11 17:24:18
fakti.bg,https://fakti.bg/topic/izbori/2026/04/06/63581,https://fakti.bg/bulgaria/1046486-kostadin-kostadinov-mojem-da-se-dogovorim-s-rusia,Костадин Костадинов: Можем да се договорим с Русия,2026-04-05,4 228,174,"Гласувам за Възраждане. Всеки друг вот е за Урсула, Кокорчо и Питрохан.",Трътлю,06.04.2026 02:54,7,8,2026-04-11 17:24:18
fakti.bg,https://fakti.bg/topic/izbori/2026/04/06/63581,https://fakti.bg/bulgaria/1046486-kostadin-kostadinov-mojem-da-se-dogovorim-s-rusia,Костадин Костадинов: Можем да се договорим с Русия,2026-04-05,4 228,175,значи иска с анадолския нyжник. Или…,"Който не иска с Русия,",06.04.2026 02:56,2,4,2026-04-11 17:24:18
fakti.bg,https://fakti.bg/topic/izbori/2026/04/06/63581,https://fakti.bg/bulgaria/1046486-kostadin-kostadinov-mojem-da-se-dogovorim-s-rusia,Костадин Костадинов: Можем да се договорим с Русия,2026-04-05,4 228,176,"До коментар #162 от ""Балкански"": балкански неразумний юроде, при социализма България изплува от небитието на раздробеното слабо селско стопанство с вола Белчо и кравичката Сивушка, с дребната железарска манифактура и липсата ток, лоените свещи и газените ламби и тн.,в съвременна развита във всяко отношение страна. Ако не беше соца и Съветския съюз с неговите танкери, фериботи и влакови композиции с най-различни природни ресурства, предоставени на достъпна цена или в замяна на селскостопанска продукция, България сега още щеше да гази калта без асфалтирани пътища, без електрификация и тн., устремена в тъмнината към Третия свят.","А, бе,",06.04.2026 03:13,7,7,2026-04-11 17:24:18
fakti.bg,https://fakti.bg/topic/izbori/2026/04/06/63581,https://fakti.bg/bulgaria/1046486-kostadin-kostadinov-mojem-da-se-dogovorim-s-rusia,Костадин Костадинов: Можем да се договорим с Русия,2026-04-05,4 228,177,Кой сте вие господин никой?Лаком циганин,Хубавеца,06.04.2026 03:36,4,3,2026-04-11 17:24:18
fakti.bg,https://fakti.bg/topic/izbori/2026/04/06/63581,https://fakti.bg/bulgaria/1046486-kostadin-kostadinov-mojem-da-se-dogovorim-s-rusia,Костадин Костадинов: Можем да се договорим с Русия,2026-04-05,4 228,179,"Костадин Костадинов: Можем да се договорим с Русия отново да навлезе с войски по Българските земи и както едно време прекръстихме Варна на Сталин град, сега да прекръстим Варна на Путин град. Първата държава, която премахне санкциите срещу Москва, ще спечели най-много, смята лидерът на ""Възраждане"" Лидерът на „Възраждане“ Костадин Костадинов е водач на листа в 3-и МИР във Варна и на 25-и МИР София.конкретни решения? Дадохме на руски Бизнесмени да изкупят над 400 хиляди имота по Българското Черноморие. Камчия е собственост на Руски Олигарсеи цялостно. Така ще станем цялостно изкупени и народа ще има пари, каза Костадинов. Ооо забравих за опустелите днешни села в България след като Сталин въведе крепостното право и отне земите на Селяните. Другари комунисти от „Възраждане“, ще възстановим отново селата. Ще вкараме по Свещенните Български Земи още много Циганета, като мен от Руския и селата няма да са веке опустели и ще има кой да работи за гладните Комунистически Олигарси собственици на ТКЗС. Костадинов: Напред с циганизацията другари, напред, напред с червеното - кърваво знаме напред и с Петолъчка на челото напред!",Комунистите родината изграждат,06.04.2026 03:46,9,5,2026-04-11 17:24:18
fakti.bg,https://fakti.bg/topic/izbori/2026/04/06/63581,https://fakti.bg/bulgaria/1046486-kostadin-kostadinov-mojem-da-se-dogovorim-s-rusia,Костадин Костадинов: Можем да се договорим с Русия,2026-04-05,4 228,180,Костя дъ Простя е Продажен Копанар .,Гаден Подъл Родоотстъпник,06.04.2026 03:48,7,5,2026-04-11 17:24:18
fakti.bg,https://fakti.bg/topic/izbori/2026/04/06/63581,https://fakti.bg/bulgaria/1046486-kostadin-kostadinov-mojem-da-se-dogovorim-s-rusia,Костадин Костадинов: Можем да се договорим с Русия,2026-04-05,4 228,181,"До коментар #125 от ""Човешки крак не е стъпвал на луната"": Личи че си Тотален Издуханяк.",Хахахаха,06.04.2026 03:49,3,3,2026-04-11 17:24:18
fakti.bg,https://fakti.bg/topic/izbori/2026/04/06/63581,https://fakti.bg/bulgaria/1046486-kostadin-kostadinov-mojem-da-se-dogovorim-s-rusia,Костадин Костадинов: Можем да се договорим с Русия,2026-04-05,4 228,183,"ПИСМО ДО ВАНКА С ТАНКА Пиша ти от Плевен, драги Ванка. Помниш ли кагда пришол със танка? Беше млад, но се държеше мъжки. Зарази семейството ми с въшки… Взе на мама златните пендари и дори галошите ми стари. Помниш ли, как кушаше картошки? Наконец забърса три кокошки. После си преспал със кака Сия и изпил си всичката ракия. А след време чухме и мълвата, че си гръмнал тате във главата! Длъжен бях да те обичам, Ваня. Даже кръстих дъщеря си Маня. Залъкът си давахме насила на Русия – тая дива сила. После цели девет петилетки грабихте уран и руди редки. Грабихте и жито, папироси… Зарад тебе ходим голи-боси! Дружбата ни беше “свята”, “чиста”. Ние всички хранехме танкиста. А пък ти ни пазаше със танка и ни взе последната луканка… Пазеше и немците, и чехите. Ние тук възпявахме успехите. С паметник стърчиш ни на главата и скверниш небето и земята.",Комунистите родината изграждат,06.04.2026 04:03,10,4,2026-04-11 17:24:18
fakti.bg,https://fakti.bg/topic/izbori/2026/04/06/63581,https://fakti.bg/bulgaria/1046486-kostadin-kostadinov-mojem-da-se-dogovorim-s-rusia,Костадин Костадинов: Можем да се договорим с Русия,2026-04-05,4 228,186,"Най-оскъдни във фалшифицирането на Българската История са последователите на гръцкия проект на Евгени Булгарес. Това е една доктрина в която в общи линии не се познава в България и не знам защо не се изучава, но гръцкият проект на Евгени Булгарис, тоест идеята за възстановяване на Византия минава през пълното унищожение на Българската История и това е от втората половина на 18 век. Кой е Евгени Българис? За съжаление Евгени Българис е българин по произход, който пребивавайки в Атон в средата на 18 век е ректор на атонската академия, която е клон на Константинополската Патриаршия. Това което трябва да се знае за него че е познат по Европа и е имал лични контакти с Монарсите. Той предлага неговият проект на неговите едномишленици и те приемат неговите идеи за цялостно унищожаване на Българската История. Евгени Българик е погребан в Сант Петерсбург заедно с Руските царе!",Майчице Свята,06.04.2026 04:27,4,3,2026-04-11 17:24:18
fakti.bg,https://fakti.bg/topic/izbori/2026/04/06/63581,https://fakti.bg/bulgaria/1046486-kostadin-kostadinov-mojem-da-se-dogovorim-s-rusia,Костадин Костадинов: Можем да се договорим с Русия,2026-04-05,4 228,187,"Евгени Българис напускайки Атон отива в Русия и Екатерина Велика го назначава като втори човек в руската църква на новопридобитите земи в съвременна Украйна където е Крим - Малорусия. Освен това става изключително влиятелен в Перебурската Академия на Науките, която е насъбрала доста историци от Прусия. И Евгени Българикус успява да включи Гръцкия Проект, заедно с Имперската политика на Екатерина Велика, така и Фалшификация на Историята",Майчице Свята,06.04.2026 04:28,4,3,2026-04-11 17:24:18
fakti.bg,https://fakti.bg/topic/izbori/2026/04/06/63581,https://fakti.bg/bulgaria/1046486-kostadin-kostadinov-mojem-da-se-dogovorim-s-rusia,Костадин Костадинов: Можем да се договорим с Русия,2026-04-05,4 228,188,"Кой е Евгени Българис? За съжаление Евгени Българис е българин по произход, който пребивавайки в Атон в средата на 18 век е ректор на атонската академия, която е клон на Константинополската Патриаршия. Това което трябва да се знае за него че е познат по Европа и е имал лични контакти с Монарсите. Той предлага неговият проект на неговите едномшленици и те приемат неговите идеи за цялостно унищожаване на Българската История. Евгени Българик е погребан в Сант Петерсбург заедно с Руските царе!",Майчице Свята,06.04.2026 04:29,5,3,2026-04-11 17:24:18
fakti.bg,https://fakti.bg/topic/izbori/2026/04/06/63581,https://fakti.bg/bulgaria/1046486-kostadin-kostadinov-mojem-da-se-dogovorim-s-rusia,Костадин Костадинов: Можем да се договорим с Русия,2026-04-05,4 228,189,"Най-осърдни във фалшифицирането на Българската История са последователите на гръцкия проект на Евгени Булгарес. Това е една доктрина в която в общи линии не се познава в България и не знам защо не се изучава, но гръцкият проект на Евгени Булгарис, тоест идеята за възстановяване на Византия минава през пълното унищожение на Българската История и това е от втората половина на 18 век. Коментиран от #191",Майчице Свята,06.04.2026 04:30,6,3,2026-04-11 17:24:18
fakti.bg,https://fakti.bg/topic/izbori/2026/04/06/63581,https://fakti.bg/bulgaria/1046486-kostadin-kostadinov-mojem-da-se-dogovorim-s-rusia,Костадин Костадинов: Можем да се договорим с Русия,2026-04-05,4 228,190,"Евгени Български и Паисий Хилендарски живеят по едно и също време в Атон. Има една голяма манипулация в Българската История, че преди Паисий ние българите не сме имали История! България винаги е имала История, още повече че историята на Петър Богдан Башев 100 години преди Паисий възниква като реакция на реформите на патриарх Никон в Русия, с които той започва да унищожава българското влияние на българската история и започват да се пренаписват всички български книги и да се фалшифицират! 88 Майчице Свята Паисий знаейки идеите на Евгени се обръща към него с думите ""Ооо Неразумний Юроде, защо се срамиш да се наречеш Българин?"" Не към някой друг, а именно към Идеологията на Евгени за извращение към Българската История изказва тези думи.... Та и затова днеска можем да се обърнем към Костадинов! Ооо Неразумний Юроде - Цигане, защо се срамиш да се наречеш Българин?",Майчице Свята,06.04.2026 04:34,7,3,2026-04-11 17:24:18
fakti.bg,https://fakti.bg/topic/izbori/2026/04/06/63581,https://fakti.bg/bulgaria/1046486-kostadin-kostadinov-mojem-da-se-dogovorim-s-rusia,Костадин Костадинов: Можем да се договорим с Русия,2026-04-05,4 228,191,"До коментар #189 от ""Майчице Свята"": не пишеш,че Евгени и Екатерина измислят славянството? Коментиран от #192 , #193",Защо,06.04.2026 04:36,1,1,2026-04-11 17:24:18
fakti.bg,https://fakti.bg/topic/izbori/2026/04/06/63581,https://fakti.bg/bulgaria/1046486-kostadin-kostadinov-mojem-da-se-dogovorim-s-rusia,Костадин Костадинов: Можем да се договорим с Русия,2026-04-05,4 228,195,"До коментар #99 от ""Хахахаха"": данъци плащат копейките според теб? Половината са пенсионери на 80г дето ахкат по младините и комунизма, а другата половина са перманентно безработни и на помощи. Та какви данъци и каква работа очакваш от тях? Ако имаха работа нямаше да кесят във форума по цял ден",Какви,06.04.2026 04:53,14,3,2026-04-11 17:24:18
fakti.bg,https://fakti.bg/topic/izbori/2026/04/06/63581,https://fakti.bg/bulgaria/1046486-kostadin-kostadinov-mojem-da-se-dogovorim-s-rusia,Костадин Костадинов: Можем да се договорим с Русия,2026-04-05,4 228,197,"Време е за "" Алтернатива за България "" с 8 !!!! Коментиран от #221",Извод,06.04.2026 05:45,4,10,2026-04-11 17:24:18
fakti.bg,https://fakti.bg/topic/izbori/2026/04/06/63581,https://fakti.bg/bulgaria/1046486-kostadin-kostadinov-mojem-da-se-dogovorim-s-rusia,Костадин Костадинов: Можем да се договорим с Русия,2026-04-05,4 228,198,"До коментар #196 от ""Майора"": Щото като не може да се провери може да се твърди нали. Хайде спрете се вече с тия соросоидни лъжи.",ДД ли ти каза това,06.04.2026 05:45,5,5,2026-04-11 17:24:18
fakti.bg,https://fakti.bg/topic/izbori/2026/04/06/63581,https://fakti.bg/bulgaria/1046486-kostadin-kostadinov-mojem-da-se-dogovorim-s-rusia,Костадин Костадинов: Можем да се договорим с Русия,2026-04-05,4 228,199,"но жълтопаветните са решили, че цялата икономика ще се срине, народът ще мръзне и ще се лишава от храна и лекарства, за да плаща парно и ток. Икономиката ще страда, а инвеститори бягат, поради високи производствени разходи. Но руски газ, петрол, ядрено гориво няма да купуват. Лукойл искал да заведе иска за 3 милиарда лева. Не стига, че управленците ни лишиха от евтини доставки на горива, а сега ще им плащаме и масрафа с глобите. Кой е управител на Нефтохим, ако е българин, ами сменяйте го. Видимо е, че човекът не става. И каква заплата получава, ми е интересно сигурно към 200 000. Учебник трябва да напишат жълтопаветните, как да у.б.иеш икономика, народ, и държава. Не купувате евтини горива, дайте на всеки българин по 200 юро април за ток, бензин, парно. Само от заплата на видимо неможещият управител на Нефтопим, можете да помогнете на 400 домакинства. А ако се вземат от всички заплати над 1500 юро на бюджетници, народът няма да страда.","Може,",06.04.2026 06:25,4,8,2026-04-11 17:24:18
fakti.bg,https://fakti.bg/topic/izbori/2026/04/06/63581,https://fakti.bg/bulgaria/1046486-kostadin-kostadinov-mojem-da-se-dogovorim-s-rusia,Костадин Костадинов: Можем да се договорим с Русия,2026-04-05,4 228,200,За газ по 2000 долара нали Костадинов????,Тити,06.04.2026 07:23,7,3,2026-04-11 17:24:18
fakti.bg,https://fakti.bg/topic/izbori/2026/04/06/63581,https://fakti.bg/bulgaria/1046486-kostadin-kostadinov-mojem-da-se-dogovorim-s-rusia,Костадин Костадинов: Можем да се договорим с Русия,2026-04-05,4 228,201,"Костя , Чемодан-Вокзал- Москва!!! Вън от Бг!!!! Предател!!!",Инж1,06.04.2026 07:31,10,3,2026-04-11 17:24:18
fakti.bg,https://fakti.bg/topic/izbori/2026/04/06/63581,https://fakti.bg/bulgaria/1046486-kostadin-kostadinov-mojem-da-se-dogovorim-s-rusia,Костадин Костадинов: Можем да се договорим с Русия,2026-04-05,4 228,203,Ще се договорим с руските терористи.......,сънища проРуски,06.04.2026 08:15,7,1,2026-04-11 17:24:18
fakti.bg,https://fakti.bg/topic/izbori/2026/04/06/63581,https://fakti.bg/bulgaria/1046486-kostadin-kostadinov-mojem-da-se-dogovorim-s-rusia,Костадин Костадинов: Можем да се договорим с Русия,2026-04-05,4 228,204,"Копейкин, предлагам ви , лично вие да се договорите с Берия и Сталин",АрхНикола Пеев,06.04.2026 08:23,6,1,2026-04-11 17:24:18
fakti.bg,https://fakti.bg/topic/izbori/2026/04/06/63581,https://fakti.bg/bulgaria/1046486-kostadin-kostadinov-mojem-da-se-dogovorim-s-rusia,Костадин Костадинов: Можем да се договорим с Русия,2026-04-05,4 228,205,изеднико замнавай в раша и не се връщай!,копейкин,06.04.2026 08:34,6,2,2026-04-11 17:24:18
fakti.bg,https://fakti.bg/topic/izbori/2026/04/06/63581,https://fakti.bg/bulgaria/1046486-kostadin-kostadinov-mojem-da-se-dogovorim-s-rusia,Костадин Костадинов: Можем да се договорим с Русия,2026-04-05,4 228,206,умник,Мало-,06.04.2026 08:46,3,0,2026-04-11 17:24:18
fakti.bg,https://fakti.bg/topic/izbori/2026/04/06/63581,https://fakti.bg/bulgaria/1046486-kostadin-kostadinov-mojem-da-se-dogovorim-s-rusia,Костадин Костадинов: Можем да се договорим с Русия,2026-04-05,4 228,207,"Такава е картината с всички мeдии създадени в България след 1944 г. - пълна заблуда и комyнист-мyтрашка пропаганда на блядиcтанcка идеология, преди на СССР сега на Русия - каквото им се каже от Крeмъл това правят нашите ""рoдолюбиви"" рублaджии... но нали затова им бутат рyбълите на ""дрyгарите"" станали крyпни феoдални влaдетели. Дори и в народното събрание имаха нaглостта да твърдят, че Русия била тяхната майка.",Майчице Свята,06.04.2026 09:31,7,0,2026-04-11 17:24:18
fakti.bg,https://fakti.bg/topic/izbori/2026/04/06/63581,https://fakti.bg/bulgaria/1046486-kostadin-kostadinov-mojem-da-se-dogovorim-s-rusia,Костадин Костадинов: Можем да се договорим с Русия,2026-04-05,4 228,211,връщай парите,копейкин,06.04.2026 10:32,3,0,2026-04-11 17:24:18
fakti.bg,https://fakti.bg/topic/izbori/2026/04/06/63581,https://fakti.bg/bulgaria/1046486-kostadin-kostadinov-mojem-da-se-dogovorim-s-rusia,Костадин Костадинов: Можем да се договорим с Русия,2026-04-05,4 228,212,"До коментар #158 от ""Къде ви намират толкова глупави"": Хи, хи, хи - ""падението и фашизма залял запада"".... А бе неадекватна и продажна копейко, това ""падение"" го чакате вече повече от 100 години, ама ""падналия"" запад ви завря в кучи гз преди 36 г, Сега се опитвате да надигнете глава, ама в най-скоро време фашизма в Русия ще бъде заличен и то завинаги !",Иван,06.04.2026 11:02,5,1,2026-04-11 17:24:18
fakti.bg,https://fakti.bg/topic/izbori/2026/04/06/63581,https://fakti.bg/bulgaria/1046486-kostadin-kostadinov-mojem-da-se-dogovorim-s-rusia,Костадин Костадинов: Можем да се договорим с Русия,2026-04-05,4 228,213,"До коментар #15 от ""Ха ха ха ха"": А ти за какво ставаш?","Сульо ненагледнии,",06.04.2026 12:08,1,0,2026-04-11 17:24:18
fakti.bg,https://fakti.bg/topic/izbori/2026/04/06/63581,https://fakti.bg/bulgaria/1046486-kostadin-kostadinov-mojem-da-se-dogovorim-s-rusia,Костадин Костадинов: Можем да се договорим с Русия,2026-04-05,4 228,214,"До коментар #15 от ""Ха ха ха ха"": На кого му пука какво ти е важно и какво не???",Пръдльооо,06.04.2026 12:09,1,0,2026-04-11 17:24:18
fakti.bg,https://fakti.bg/topic/izbori/2026/04/06/63581,https://fakti.bg/bulgaria/1046486-kostadin-kostadinov-mojem-da-se-dogovorim-s-rusia,Костадин Костадинов: Можем да се договорим с Русия,2026-04-05,4 228,216,"До коментар #158 от ""Къде ви намират толкова глупави"": Започва да ми писва от простащината ви и ще ви заритам!",Сульовциии,06.04.2026 12:17,1,0,2026-04-11 17:24:18
fakti.bg,https://fakti.bg/topic/izbori/2026/04/06/63581,https://fakti.bg/bulgaria/1046486-kostadin-kostadinov-mojem-da-se-dogovorim-s-rusia,Костадин Костадинов: Можем да се договорим с Русия,2026-04-05,4 228,218,"До коментар #61 от ""Последния Софиянец"": НЕ ЗНАМ КАКВО Е ВЗЕЛ ,НО ТИ С ТАЗИ ТИМБАРИЦА НА РАМЕНЕТЕ,НИЩО НЯМА ДА ВЗЕМЕШ!!",А бе,06.04.2026 12:25,1,0,2026-04-11 17:24:18
fakti.bg,https://fakti.bg/topic/izbori/2026/04/06/63581,https://fakti.bg/bulgaria/1046486-kostadin-kostadinov-mojem-da-se-dogovorim-s-rusia,Костадин Костадинов: Можем да се договорим с Русия,2026-04-05,4 228,219,"До коментар #61 от ""Последния Софиянец"": КАКВО СИ ДАЛ,ТА ИСКАШ ДА ВЗИМАШ НЕЩАСТНИК?? Коментиран от #220",КОПЕЙЗАЖ,06.04.2026 12:27,2,0,2026-04-11 17:24:18
fakti.bg,https://fakti.bg/topic/izbori/2026/04/06/63581,https://fakti.bg/bulgaria/1046486-kostadin-kostadinov-mojem-da-se-dogovorim-s-rusia,Костадин Костадинов: Можем да се договорим с Русия,2026-04-05,4 228,221,"До коментар #197 от ""Извод"": Ще го видите това време през крив макарон!",Генерален извод,06.04.2026 12:35,2,0,2026-04-11 17:24:18
fakti.bg,https://fakti.bg/topic/izbori/2026/04/06/63581,https://fakti.bg/bulgaria/1046486-kostadin-kostadinov-mojem-da-se-dogovorim-s-rusia,Костадин Костадинов: Можем да се договорим с Русия,2026-04-05,4 228,222,"До коментар #17 от ""За притеснение е ситуацията"": Русия но обяви за неприятел,този щяла да се договаря.Той е луд!!",Ехееее,06.04.2026 12:40,1,0,2026-04-11 17:24:18
fakti.bg,https://fakti.bg/topic/izbori/2026/04/06/63581,https://fakti.bg/bulgaria/1046486-kostadin-kostadinov-mojem-da-se-dogovorim-s-rusia,Костадин Костадинов: Можем да се договорим с Русия,2026-04-05,4 228,223,"До коментар #13 от ""коко"": Къде е този пазар бре ? Ти да не смяташ хората за балъци??Дават на китайците петрол и газ на нищожни цени!",Пръдльо потрупан,06.04.2026 12:44,1,0,2026-04-11 17:24:18
fakti.bg,https://fakti.bg/topic/izbori/2026/04/06/63581,https://fakti.bg/bulgaria/1046486-kostadin-kostadinov-mojem-da-se-dogovorim-s-rusia,Костадин Костадинов: Можем да се договорим с Русия,2026-04-05,4 228,225,Да го д ухаш!,Горски,06.04.2026 12:57,0,0,2026-04-11 17:24:18
fakti.bg,https://fakti.bg/topic/izbori/2026/04/06/63581,https://fakti.bg/bulgaria/1046486-kostadin-kostadinov-mojem-da-se-dogovorim-s-rusia,Костадин Костадинов: Можем да се договорим с Русия,2026-04-05,4 228,226,"До коментар #160 от ""Ем лъжеш"": Да го д ухаш!",Горски,06.04.2026 12:58,1,0,2026-04-11 17:24:18
fakti.bg,https://fakti.bg/topic/izbori/2026/04/06/63581,https://fakti.bg/bulgaria/1046486-kostadin-kostadinov-mojem-da-se-dogovorim-s-rusia,Костадин Костадинов: Можем да се договорим с Русия,2026-04-05,4 228,227,"До коментар #5 от ""Факт!"": Те са каста,навързани като свински черва дансаджии и продажниците от мвр",Неподписан,06.04.2026 17:19,0,0,2026-04-11 17:24:18
fakti.bg,https://fakti.bg/topic/izbori/2026/04/06/63581,https://fakti.bg/bulgaria/1046486-kostadin-kostadinov-mojem-da-se-dogovorim-s-rusia,Костадин Костадинов: Можем да се договорим с Русия,2026-04-05,4 228,228,"До коментар #5 от ""Факт!"": От 30 години Бойко Борисов и Алексей Петров са приятели с бащата на Кирил Петков, когото ви доведоха от Канада за премиер министър с ""новата"" партия Промяната Продължава . Всичко е нагласено,всички избори ! Румен е същият,баламосват ви отново",Неподписан,06.04.2026 17:22,0,0,2026-04-11 17:24:18
fakti.bg,https://fakti.bg/topic/izbori/2026/04/06/63581,https://fakti.bg/bulgaria/1046486-kostadin-kostadinov-mojem-da-se-dogovorim-s-rusia,Костадин Костадинов: Можем да се договорим с Русия,2026-04-05,4 228,229,"До коментар #105 от ""С РУСИЯ ЩЕ ГОВОРИМ"": Господ здраве да ти носи за добрите думи,казват старите хора...",Неподписан,06.04.2026 17:25,0,0,2026-04-11 17:24:18
fakti.bg,https://fakti.bg/topic/izbori/2026/04/06/63581,https://fakti.bg/bulgaria/1046486-kostadin-kostadinov-mojem-da-se-dogovorim-s-rusia,Костадин Костадинов: Можем да се договорим с Русия,2026-04-05,4 228,230,"До коментар #105 от ""С РУСИЯ ЩЕ ГОВОРИМ"": Представяш ли си да изтърват метеорит и той да се взриви над лондон,тухла в/у тухла да не остане от английската столица...",Неподписан,06.04.2026 17:27,0,0,2026-04-11 17:24:18
fakti.bg,https://fakti.bg/topic/izbori/2026/04/06/63581,https://fakti.bg/bulgaria/1046486-kostadin-kostadinov-mojem-da-se-dogovorim-s-rusia,Костадин Костадинов: Можем да се договорим с Русия,2026-04-05,4 228,231,"До коментар #105 от ""С РУСИЯ ЩЕ ГОВОРИМ"": Зараза да плъзне из цяла англия - зараза като каквато ни представиха във филма ""Заразно зло"" (с участието на Мила Йовович), шотландската войска да затвори границата също и Северна Ирландия да обяви независимост и да запечатат англия страната на зомбитата дизпохапят",Неподписан,06.04.2026 17:31,0,0,2026-04-11 17:24:18
fakti.bg,https://fakti.bg/topic/izbori/2026/04/06/63581,https://fakti.bg/bulgaria/1046486-kostadin-kostadinov-mojem-da-se-dogovorim-s-rusia,Костадин Костадинов: Можем да се договорим с Русия,2026-04-05,4 228,233,"До коментар #68 от ""08976"": Много поздрави да занесеш на Светослав Славков...",Неподписан,06.04.2026 17:41,0,0,2026-04-11 17:24:18
fakti.bg,https://fakti.bg/topic/izbori/2026/04/06/63581,https://fakti.bg/bulgaria/1046484-tomislav-donchev-trabva-da-rabotim-s-ukraina-sporazumenieto-ne-me-pritesnava,"Томислав Дончев: Трябва да работим с Украйна, споразумението не ме притеснява",2026-04-05,2 067,1,Toва нещо е бъдещ герберски затворник. Заедно с Тиквоча Борисов и ПееФ ще са в една килия.,Малеееее,05.04.2026 21:34,86,5,2026-04-11 17:24:20
fakti.bg,https://fakti.bg/topic/izbori/2026/04/06/63581,https://fakti.bg/bulgaria/1046484-tomislav-donchev-trabva-da-rabotim-s-ukraina-sporazumenieto-ne-me-pritesnava,"Томислав Дончев: Трябва да работим с Украйна, споразумението не ме притеснява",2026-04-05,2 067,3,"Но народа го притеснява,това продажническо споразумение...! И има защо! Коментиран от #10 , #80",Ами теб не те притеснява!,05.04.2026 21:35,87,5,2026-04-11 17:24:20
fakti.bg,https://fakti.bg/topic/izbori/2026/04/06/63581,https://fakti.bg/bulgaria/1046484-tomislav-donchev-trabva-da-rabotim-s-ukraina-sporazumenieto-ne-me-pritesnava,"Томислав Дончев: Трябва да работим с Украйна, споразумението не ме притеснява",2026-04-05,2 067,5,"Не че съм някакъв фен на тия споразумения и на политиката... ама ме кефи, как правят да цвилят изродените магарета. Хем цвилят, хем квичат! Най-много ще квичат, когато Радев ви оправи като нов Цар.",Ха ха ха ха,05.04.2026 21:35,11,34,2026-04-11 17:24:20
fakti.bg,https://fakti.bg/topic/izbori/2026/04/06/63581,https://fakti.bg/bulgaria/1046484-tomislav-donchev-trabva-da-rabotim-s-ukraina-sporazumenieto-ne-me-pritesnava,"Томислав Дончев: Трябва да работим с Украйна, споразумението не ме притеснява",2026-04-05,2 067,7,"Този ни вкара в две войни, еврозоната и хиперинфлация.",Последния Софиянец,05.04.2026 21:36,64,2,2026-04-11 17:24:20
fakti.bg,https://fakti.bg/topic/izbori/2026/04/06/63581,https://fakti.bg/bulgaria/1046484-tomislav-donchev-trabva-da-rabotim-s-ukraina-sporazumenieto-ne-me-pritesnava,"Томислав Дончев: Трябва да работим с Украйна, споразумението не ме притеснява",2026-04-05,2 067,8,Трябва да ти подарим еднопосочен билет като я предпочиташ пред България. Коментиран от #14,Анонимен,05.04.2026 21:36,56,5,2026-04-11 17:24:20
fakti.bg,https://fakti.bg/topic/izbori/2026/04/06/63581,https://fakti.bg/bulgaria/1046484-tomislav-donchev-trabva-da-rabotim-s-ukraina-sporazumenieto-ne-me-pritesnava,"Томислав Дончев: Трябва да работим с Украйна, споразумението не ме притеснява",2026-04-05,2 067,9,Като се накраде давай от откраднатото.,9689,05.04.2026 21:36,38,2,2026-04-11 17:24:20
fakti.bg,https://fakti.bg/topic/izbori/2026/04/06/63581,https://fakti.bg/bulgaria/1046484-tomislav-donchev-trabva-da-rabotim-s-ukraina-sporazumenieto-ne-me-pritesnava,"Томислав Дончев: Трябва да работим с Украйна, споразумението не ме притеснява",2026-04-05,2 067,10,"До коментар #3 от ""Ами теб не те притеснява!"": Заминавай за Русия, докажи на Путин че си верен братушка! Абе, защо всички страните от Русия като дяволи от тамян? Толкоз ли е лошо да си помогнете на братушките? Коментиран от #39 , #40",Ха ха ха ха,05.04.2026 21:36,5,40,2026-04-11 17:24:20
fakti.bg,https://fakti.bg/topic/izbori/2026/04/06/63581,https://fakti.bg/bulgaria/1046484-tomislav-donchev-trabva-da-rabotim-s-ukraina-sporazumenieto-ne-me-pritesnava,"Томислав Дончев: Трябва да работим с Украйна, споразумението не ме притеснява",2026-04-05,2 067,13,"До коментар #2 от ""На цяла България ни е много интересно"": Питай ДБ и ПП, които имат опит в ""борбата"" с герберо - пеевските престъпници. Реанимираха Тиквата Борисов и Пеевски, като се сглобиха с тях. Коментиран от #19",Да де,05.04.2026 21:37,36,3,2026-04-11 17:24:20
fakti.bg,https://fakti.bg/topic/izbori/2026/04/06/63581,https://fakti.bg/bulgaria/1046484-tomislav-donchev-trabva-da-rabotim-s-ukraina-sporazumenieto-ne-me-pritesnava,"Томислав Дончев: Трябва да работим с Украйна, споразумението не ме притеснява",2026-04-05,2 067,14,"До коментар #8 от ""Анонимен"": Ква България бе? Вие ревахте с магарешки сълзи, когато Три пъти руснаците ви казаха, че не ви искат в СССР, защото си имат достатъчно цигани!",Ха ха ха ха,05.04.2026 21:37,5,21,2026-04-11 17:24:20
fakti.bg,https://fakti.bg/topic/izbori/2026/04/06/63581,https://fakti.bg/bulgaria/1046484-tomislav-donchev-trabva-da-rabotim-s-ukraina-sporazumenieto-ne-me-pritesnava,"Томислав Дончев: Трябва да работим с Украйна, споразумението не ме притеснява",2026-04-05,2 067,15,"Томиславчо, да дарим по една заплата, а?",Кики съм,05.04.2026 21:37,36,2,2026-04-11 17:24:20
fakti.bg,https://fakti.bg/topic/izbori/2026/04/06/63581,https://fakti.bg/bulgaria/1046484-tomislav-donchev-trabva-da-rabotim-s-ukraina-sporazumenieto-ne-me-pritesnava,"Томислав Дончев: Трябва да работим с Украйна, споразумението не ме притеснява",2026-04-05,2 067,17,Докато спорят за данъците всичкият бизнес бяга или фалира.,Последния Софиянец,05.04.2026 21:38,25,2,2026-04-11 17:24:20
fakti.bg,https://fakti.bg/topic/izbori/2026/04/06/63581,https://fakti.bg/bulgaria/1046484-tomislav-donchev-trabva-da-rabotim-s-ukraina-sporazumenieto-ne-me-pritesnava,"Томислав Дончев: Трябва да работим с Украйна, споразумението не ме притеснява",2026-04-05,2 067,18,"До коментар #12 от ""Последния Софиянец"": Това е на Росен Миленов коалицията, нали?! Харесвам много борбеността му. Коментиран от #22",Въпрос,05.04.2026 21:39,11,5,2026-04-11 17:24:20
fakti.bg,https://fakti.bg/topic/izbori/2026/04/06/63581,https://fakti.bg/bulgaria/1046484-tomislav-donchev-trabva-da-rabotim-s-ukraina-sporazumenieto-ne-me-pritesnava,"Томислав Дончев: Трябва да работим с Украйна, споразумението не ме притеснява",2026-04-05,2 067,20,"Имаше един Жириновски, казваше на Путин, че е император и искаше да се построят 5 нови града с над милион жители в Сибир. Та за тия 5 милионници на руснаците ще им трябва население. Най-подходящо е да го вземат от България, както руския цар го е правил при руско-турските войни. След всяко нашествие е изселвал десетки и стотици хиляди из руските степи, обезкървявайки България. Коментиран от #45",Жириновски,05.04.2026 21:41,7,23,2026-04-11 17:24:20
fakti.bg,https://fakti.bg/topic/izbori/2026/04/06/63581,https://fakti.bg/bulgaria/1046484-tomislav-donchev-trabva-da-rabotim-s-ukraina-sporazumenieto-ne-me-pritesnava,"Томислав Дончев: Трябва да работим с Украйна, споразумението не ме притеснява",2026-04-05,2 067,21,В каменоломните всички ппдебили и герберопитеци продали интересите на българите на укронацистите.... Коментиран от #23,Трябва да чукате камъни,05.04.2026 21:42,30,4,2026-04-11 17:24:20
fakti.bg,https://fakti.bg/topic/izbori/2026/04/06/63581,https://fakti.bg/bulgaria/1046484-tomislav-donchev-trabva-da-rabotim-s-ukraina-sporazumenieto-ne-me-pritesnava,"Томислав Дончев: Трябва да работим с Украйна, споразумението не ме притеснява",2026-04-05,2 067,22,"До коментар #18 от ""Въпрос"": В десятката!",Точно,05.04.2026 21:43,10,2,2026-04-11 17:24:20
fakti.bg,https://fakti.bg/topic/izbori/2026/04/06/63581,https://fakti.bg/bulgaria/1046484-tomislav-donchev-trabva-da-rabotim-s-ukraina-sporazumenieto-ne-me-pritesnava,"Томислав Дончев: Трябва да работим с Украйна, споразумението не ме притеснява",2026-04-05,2 067,23,"До коментар #21 от ""Трябва да чукате камъни"": Номер 10 и желанието ти ще се сбъдне.Гаранция!",Последния Софиянец,05.04.2026 21:44,16,3,2026-04-11 17:24:20
fakti.bg,https://fakti.bg/topic/izbori/2026/04/06/63581,https://fakti.bg/bulgaria/1046484-tomislav-donchev-trabva-da-rabotim-s-ukraina-sporazumenieto-ne-me-pritesnava,"Томислав Дончев: Трябва да работим с Украйна, споразумението не ме притеснява",2026-04-05,2 067,24,"Тва споразумение трябва много да ни притеснява, щото ние не искаме да ядем бой, както прoстите урки го ядат вече 5-та година, а си мислеха, че ще е само 3 дня !!",Хи хи,05.04.2026 21:44,20,4,2026-04-11 17:24:20
fakti.bg,https://fakti.bg/topic/izbori/2026/04/06/63581,https://fakti.bg/bulgaria/1046484-tomislav-donchev-trabva-da-rabotim-s-ukraina-sporazumenieto-ne-me-pritesnava,"Томислав Дончев: Трябва да работим с Украйна, споразумението не ме притеснява",2026-04-05,2 067,25,"До коментар #19 от ""Ама не"": Христо Иванов и ПП заедно с ДБ изпраха Тиквата Борисов и Пеевски.",Амнезия,05.04.2026 21:45,23,5,2026-04-11 17:24:20
fakti.bg,https://fakti.bg/topic/izbori/2026/04/06/63581,https://fakti.bg/bulgaria/1046484-tomislav-donchev-trabva-da-rabotim-s-ukraina-sporazumenieto-ne-me-pritesnava,"Томислав Дончев: Трябва да работим с Украйна, споразумението не ме притеснява",2026-04-05,2 067,26,"Много нагло и дебилско изказване. Особено от човек, който е крал над десетилетие и яко си е ""оплел кошницата"", освен това пряко и косвено е нанесъл огромни щети на България.",Слуга на народа,05.04.2026 21:46,27,2,2026-04-11 17:24:20
fakti.bg,https://fakti.bg/topic/izbori/2026/04/06/63581,https://fakti.bg/bulgaria/1046484-tomislav-donchev-trabva-da-rabotim-s-ukraina-sporazumenieto-ne-me-pritesnava,"Томислав Дончев: Трябва да работим с Украйна, споразумението не ме притеснява",2026-04-05,2 067,27,"Кой каза, че трябва? Много неприятен тип. Защо продължават да го натрапват на хората след като е видно, че не става?",хмммм,05.04.2026 21:49,30,1,2026-04-11 17:24:20
fakti.bg,https://fakti.bg/topic/izbori/2026/04/06/63581,https://fakti.bg/bulgaria/1046484-tomislav-donchev-trabva-da-rabotim-s-ukraina-sporazumenieto-ne-me-pritesnava,"Томислав Дончев: Трябва да работим с Украйна, споразумението не ме притеснява",2026-04-05,2 067,28,"ЗАВЪРШИЛ СЪМ ПАЗАРДЖИК ЗНАМ ДА БИЯ ЗА БОЛНИЧЕН ЗА МЕСЕЦ,ШЕСТ ЗА ТЕБ КАТЕГОРИЧНО ЩЕ ТЕ ОКЪРША ЗА ГОДИНА ЛИСИГЕР ГАБРОВСКИ .",ДО КАРАТИСТА ОТ ГАБРОВИ,05.04.2026 21:49,15,1,2026-04-11 17:24:20
fakti.bg,https://fakti.bg/topic/izbori/2026/04/06/63581,https://fakti.bg/bulgaria/1046484-tomislav-donchev-trabva-da-rabotim-s-ukraina-sporazumenieto-ne-me-pritesnava,"Томислав Дончев: Трябва да работим с Украйна, споразумението не ме притеснява",2026-04-05,2 067,29,"Денонощно на остров Белене ,наглеци крадливи...... Коментиран от #37",Трябва да блъскате,05.04.2026 21:50,25,1,2026-04-11 17:24:20
fakti.bg,https://fakti.bg/topic/izbori/2026/04/06/63581,https://fakti.bg/bulgaria/1046484-tomislav-donchev-trabva-da-rabotim-s-ukraina-sporazumenieto-ne-me-pritesnava,"Томислав Дончев: Трябва да работим с Украйна, споразумението не ме притеснява",2026-04-05,2 067,32,До вчерашните селяндури днес най изявените проукраинци вървете в Украйна и се наработете селяни прсти,Уса,05.04.2026 21:58,23,3,2026-04-11 17:24:20
fakti.bg,https://fakti.bg/topic/izbori/2026/04/06/63581,https://fakti.bg/bulgaria/1046484-tomislav-donchev-trabva-da-rabotim-s-ukraina-sporazumenieto-ne-me-pritesnava,"Томислав Дончев: Трябва да работим с Украйна, споразумението не ме притеснява",2026-04-05,2 067,33,"Този не знае ли, че сегашния данък е пропорционален, а не плосък? Плосък означава всички да плащат еднакъв данък.",Дзак,05.04.2026 21:58,8,1,2026-04-11 17:24:20
fakti.bg,https://fakti.bg/topic/izbori/2026/04/06/63581,https://fakti.bg/bulgaria/1046484-tomislav-donchev-trabva-da-rabotim-s-ukraina-sporazumenieto-ne-me-pritesnava,"Томислав Дончев: Трябва да работим с Украйна, споразумението не ме притеснява",2026-04-05,2 067,34,да махнем пъпеши и тикви застояли се дълго на манежа,Трябва да работим,05.04.2026 22:01,24,2,2026-04-11 17:24:20
fakti.bg,https://fakti.bg/topic/izbori/2026/04/06/63581,https://fakti.bg/bulgaria/1046484-tomislav-donchev-trabva-da-rabotim-s-ukraina-sporazumenieto-ne-me-pritesnava,"Томислав Дончев: Трябва да работим с Украйна, споразумението не ме притеснява",2026-04-05,2 067,35,трябва да работим с крайна да така е но само и единствено за да им върним хрантутниците които лвжат по морето вече няколко години…,почти уцели томчо,05.04.2026 22:02,19,2,2026-04-11 17:24:20
fakti.bg,https://fakti.bg/topic/izbori/2026/04/06/63581,https://fakti.bg/bulgaria/1046484-tomislav-donchev-trabva-da-rabotim-s-ukraina-sporazumenieto-ne-me-pritesnava,"Томислав Дончев: Трябва да работим с Украйна, споразумението не ме притеснява",2026-04-05,2 067,36,"АЗ НЕ ИСКАМ ДА МИ ВЗЕМАТЕ ОТ ПАРИТЕ И ДА ИМ ГИ ПОДАРЯВАТЕ. НЕ ИСКАМ И ДА ИМ ПОДАРЯВАМЕ ТОК,А НИЕ ДА ПЛАЩАМЕ ДВОЙНИ СМЕТКИ. И ДА ПИТАМ, ВАС УКРАЙНА ПОВЕЧЕ ЛИ ВИ ИНТЕРЕСУВА ???","РАБОТИ ТИ С УКРАЙНА БЕ,",05.04.2026 22:02,26,2,2026-04-11 17:24:20
fakti.bg,https://fakti.bg/topic/izbori/2026/04/06/63581,https://fakti.bg/bulgaria/1046484-tomislav-donchev-trabva-da-rabotim-s-ukraina-sporazumenieto-ne-me-pritesnava,"Томислав Дончев: Трябва да работим с Украйна, споразумението не ме притеснява",2026-04-05,2 067,38,Колко деца направи бе? Поне куче да бе осиновил,Скопец,05.04.2026 22:03,15,2,2026-04-11 17:24:20
fakti.bg,https://fakti.bg/topic/izbori/2026/04/06/63581,https://fakti.bg/bulgaria/1046484-tomislav-donchev-trabva-da-rabotim-s-ukraina-sporazumenieto-ne-me-pritesnava,"Томислав Дончев: Трябва да работим с Украйна, споразумението не ме притеснява",2026-04-05,2 067,41,Съгласен ли си да те направят шеф на завода за дронове и всеки ден да си там?,Щом не те притеснява,05.04.2026 22:05,9,2,2026-04-11 17:24:20
fakti.bg,https://fakti.bg/topic/izbori/2026/04/06/63581,https://fakti.bg/bulgaria/1046484-tomislav-donchev-trabva-da-rabotim-s-ukraina-sporazumenieto-ne-me-pritesnava,"Томислав Дончев: Трябва да работим с Украйна, споразумението не ме притеснява",2026-04-05,2 067,42,"Тъй де,ама тези дронове май,че са за укрите ,а не за България.И ти лъжеш,като дърт циган.Стига да има,ама вече няма кой да ви вярва.Гербаджииска измет..",Мим,05.04.2026 22:11,21,2,2026-04-11 17:24:20
fakti.bg,https://fakti.bg/topic/izbori/2026/04/06/63581,https://fakti.bg/bulgaria/1046484-tomislav-donchev-trabva-da-rabotim-s-ukraina-sporazumenieto-ne-me-pritesnava,"Томислав Дончев: Трябва да работим с Украйна, споразумението не ме притеснява",2026-04-05,2 067,43,70 процента от българите са против това споразумение и са против всичко което е свързано с Украйна.,"А не те ли притеснява факта , че",05.04.2026 22:13,26,3,2026-04-11 17:24:20
fakti.bg,https://fakti.bg/topic/izbori/2026/04/06/63581,https://fakti.bg/bulgaria/1046484-tomislav-donchev-trabva-da-rabotim-s-ukraina-sporazumenieto-ne-me-pritesnava,"Томислав Дончев: Трябва да работим с Украйна, споразумението не ме притеснява",2026-04-05,2 067,45,"До коментар #20 от ""Жириновски"": Кога, бе? Такива глупости за пръв път чувам. Побързайте се вече, бе. Чудите се, кви простотии да изчислите. Русия в в ДНК-то на българина и соросоидите нямате никакви шансове с тъпата си пропаганда.",РЕАЛИСТ,05.04.2026 22:15,18,3,2026-04-11 17:24:20
fakti.bg,https://fakti.bg/topic/izbori/2026/04/06/63581,https://fakti.bg/bulgaria/1046484-tomislav-donchev-trabva-da-rabotim-s-ukraina-sporazumenieto-ne-me-pritesnava,"Томислав Дончев: Трябва да работим с Украйна, споразумението не ме притеснява",2026-04-05,2 067,46,"Едно е да работим заедно, друго е само да даваме",Правете разлика бе,05.04.2026 22:17,17,2,2026-04-11 17:24:20
fakti.bg,https://fakti.bg/topic/izbori/2026/04/06/63581,https://fakti.bg/bulgaria/1046484-tomislav-donchev-trabva-da-rabotim-s-ukraina-sporazumenieto-ne-me-pritesnava,"Томислав Дончев: Трябва да работим с Украйна, споразумението не ме притеснява",2026-04-05,2 067,47,"За квадратната ти ГЕРБ кратуна как ще и намерят такова затворническо кепе??? Този въпрос е тревожен. От къде ще се намери такова нестандартно кепе в затвора??? А е интересно като ограбвате милиардите от българите за вас и любовниците ви, от къде още ще отрежете за да храните пак с нашите пари и бандера фашистите??? Ограбихте и потрошихте България, а сега за да е мизерията пълна, освен вас искате да ни накарате да храним и бандера фашистите на наркомана Зеленски??? И всичко това е защото още не сте в затвора. Това е причината. Не сте още в затвора.Слава на Господ Иисус Христос идват избори. Ще се чудите къде да бягате после.",къхуйу,05.04.2026 22:19,22,2,2026-04-11 17:24:20
fakti.bg,https://fakti.bg/topic/izbori/2026/04/06/63581,https://fakti.bg/bulgaria/1046484-tomislav-donchev-trabva-da-rabotim-s-ukraina-sporazumenieto-ne-me-pritesnava,"Томислав Дончев: Трябва да работим с Украйна, споразумението не ме притеснява",2026-04-05,2 067,48,Човек който би гласувал за педроханците а в същото време социолозите им дават12/13%.,Как става така че не познавам нито един,05.04.2026 22:24,18,7,2026-04-11 17:24:20
fakti.bg,https://fakti.bg/topic/izbori/2026/04/06/63581,https://fakti.bg/bulgaria/1046484-tomislav-donchev-trabva-da-rabotim-s-ukraina-sporazumenieto-ne-me-pritesnava,"Томислав Дончев: Трябва да работим с Украйна, споразумението не ме притеснява",2026-04-05,2 067,49,"Вече се чертае Сглобката 2, с любезното съдействие на свинчо в сянка! На всички ни е ясно, че ппдб-лите и герб работят заедно и ще се скрият пак зад някакви евроатлантически ""ценности"", за да оправдаят лъжите си!",стоян георгиев,05.04.2026 22:25,18,4,2026-04-11 17:24:20
fakti.bg,https://fakti.bg/topic/izbori/2026/04/06/63581,https://fakti.bg/bulgaria/1046484-tomislav-donchev-trabva-da-rabotim-s-ukraina-sporazumenieto-ne-me-pritesnava,"Томислав Дончев: Трябва да работим с Украйна, споразумението не ме притеснява",2026-04-05,2 067,50,Болшинството българи са много против споразумението и против каквото и да е сътрудничество с украйна докато не свърши войната и няма мирно споразумение с Русия . Коментиран от #51,Томчо,05.04.2026 22:27,20,4,2026-04-11 17:24:20
fakti.bg,https://fakti.bg/topic/izbori/2026/04/06/63581,https://fakti.bg/bulgaria/1046484-tomislav-donchev-trabva-da-rabotim-s-ukraina-sporazumenieto-ne-me-pritesnava,"Томислав Дончев: Трябва да работим с Украйна, споразумението не ме притеснява",2026-04-05,2 067,51,"До коментар #50 от ""Томчо"": ""Болшинството българи са много против споразумението..."" А откога мнението на българите има значение? Тях ги броят за живи преди избори само и единственото, което трябва да направят е да отидат да гласуват.....От там нататък, мнението на българите няма никакво значение!",Ъъъъ,05.04.2026 22:37,14,2,2026-04-11 17:24:20
fakti.bg,https://fakti.bg/topic/izbori/2026/04/06/63581,https://fakti.bg/bulgaria/1046484-tomislav-donchev-trabva-da-rabotim-s-ukraina-sporazumenieto-ne-me-pritesnava,"Томислав Дончев: Трябва да работим с Украйна, споразумението не ме притеснява",2026-04-05,2 067,52,"Ми то там война бе. Няма много за работене с Украйна, особено пък за българи.","Томи,",05.04.2026 22:42,9,3,2026-04-11 17:24:20
fakti.bg,https://fakti.bg/topic/izbori/2026/04/06/63581,https://fakti.bg/bulgaria/1046484-tomislav-donchev-trabva-da-rabotim-s-ukraina-sporazumenieto-ne-me-pritesnava,"Томислав Дончев: Трябва да работим с Украйна, споразумението не ме притеснява",2026-04-05,2 067,54,ПолитическатаМастия Дончев .,Българин,05.04.2026 22:50,16,2,2026-04-11 17:24:20
fakti.bg,https://fakti.bg/topic/izbori/2026/04/06/63581,https://fakti.bg/bulgaria/1046484-tomislav-donchev-trabva-da-rabotim-s-ukraina-sporazumenieto-ne-me-pritesnava,"Томислав Дончев: Трябва да работим с Украйна, споразумението не ме притеснява",2026-04-05,2 067,55,"Не те притеснява,защото се нагуши покрай Винету.",Бай онзи,05.04.2026 22:51,13,2,2026-04-11 17:24:20
fakti.bg,https://fakti.bg/topic/izbori/2026/04/06/63581,https://fakti.bg/bulgaria/1046484-tomislav-donchev-trabva-da-rabotim-s-ukraina-sporazumenieto-ne-me-pritesnava,"Томислав Дончев: Трябва да работим с Украйна, споразумението не ме притеснява",2026-04-05,2 067,56,"Томиславчо, Томиславчо работата на България с Украйна е винаги да сме на загуба в работата с тях! Същото като теб, откраднахте 3 милиарда лв. за електронното ни правителство! За затвор сте крадливи гробари!",Реджеб,05.04.2026 22:56,19,2,2026-04-11 17:24:20
fakti.bg,https://fakti.bg/topic/izbori/2026/04/06/63581,https://fakti.bg/bulgaria/1046484-tomislav-donchev-trabva-da-rabotim-s-ukraina-sporazumenieto-ne-me-pritesnava,"Томислав Дончев: Трябва да работим с Украйна, споразумението не ме притеснява",2026-04-05,2 067,63,Слагай една каска на плешивото теме и бягай да ги освобождаваш,ООрана държава,05.04.2026 23:03,16,2,2026-04-11 17:24:20
fakti.bg,https://fakti.bg/topic/izbori/2026/04/06/63581,https://fakti.bg/bulgaria/1046484-tomislav-donchev-trabva-da-rabotim-s-ukraina-sporazumenieto-ne-me-pritesnava,"Томислав Дончев: Трябва да работим с Украйна, споразумението не ме притеснява",2026-04-05,2 067,64,"Ако бойко не те беше извадил от селото ти , сега щеше да пасеш козите , а не да си депутат неграмотник такъв!!!!",Айзомби,05.04.2026 23:25,15,2,2026-04-11 17:24:20
fakti.bg,https://fakti.bg/topic/izbori/2026/04/06/63581,https://fakti.bg/bulgaria/1046484-tomislav-donchev-trabva-da-rabotim-s-ukraina-sporazumenieto-ne-me-pritesnava,"Томислав Дончев: Трябва да работим с Украйна, споразумението не ме притеснява",2026-04-05,2 067,65,"Селяк,заминавай за Окропистан да работиш с Окропите ..Българите не желаят да имат нещо общо с тия свине..",ВВП,05.04.2026 23:34,18,2,2026-04-11 17:24:20
fakti.bg,https://fakti.bg/topic/izbori/2026/04/06/63581,https://fakti.bg/bulgaria/1046484-tomislav-donchev-trabva-da-rabotim-s-ukraina-sporazumenieto-ne-me-pritesnava,"Томислав Дончев: Трябва да работим с Украйна, споразумението не ме притеснява",2026-04-05,2 067,66,Мръсен Соросоид и Българопродажник!,Срос,05.04.2026 23:48,15,2,2026-04-11 17:24:20
fakti.bg,https://fakti.bg/topic/izbori/2026/04/06/63581,https://fakti.bg/bulgaria/1046484-tomislav-donchev-trabva-da-rabotim-s-ukraina-sporazumenieto-ne-me-pritesnava,"Томислав Дончев: Трябва да работим с Украйна, споразумението не ме притеснява",2026-04-05,2 067,68,"Не си харчете парите и даренията за предизборна кампания,оставете нещо и за Вас!Народа вече си е решил, Който и да питам-никой не Ви гледа,странно,но факт!!!",До всички!Зa бъдещето!,06.04.2026 00:02,11,0,2026-04-11 17:24:20
fakti.bg,https://fakti.bg/topic/izbori/2026/04/06/63581,https://fakti.bg/bulgaria/1046484-tomislav-donchev-trabva-da-rabotim-s-ukraina-sporazumenieto-ne-me-pritesnava,"Томислав Дончев: Трябва да работим с Украйна, споразумението не ме притеснява",2026-04-05,2 067,70,"Със каква Украйна а ще работи тоя,като той работа никога не е хвашал?",Къси буклууци ни управляват лелее,06.04.2026 00:16,16,2,2026-04-11 17:24:20
fakti.bg,https://fakti.bg/topic/izbori/2026/04/06/63581,https://fakti.bg/bulgaria/1046484-tomislav-donchev-trabva-da-rabotim-s-ukraina-sporazumenieto-ne-me-pritesnava,"Томислав Дончев: Трябва да работим с Украйна, споразумението не ме притеснява",2026-04-05,2 067,72,Най-големият страх на западните архитекти на дългогодишния конфликт с последвалата война е един ден да се съюзят Украйна и Русия. Процесът би започнал с премахването на неверникът президент.,454,06.04.2026 00:32,10,2,2026-04-11 17:24:20
fakti.bg,https://fakti.bg/topic/izbori/2026/04/06/63581,https://fakti.bg/bulgaria/1046484-tomislav-donchev-trabva-da-rabotim-s-ukraina-sporazumenieto-ne-me-pritesnava,"Томислав Дончев: Трябва да работим с Украйна, споразумението не ме притеснява",2026-04-05,2 067,74,Тебе няма да те притесни даже може на вас сороските кавали това ви е мечта и целта ?,И дори да ни пришият към украйна,06.04.2026 00:45,10,2,2026-04-11 17:24:20
fakti.bg,https://fakti.bg/topic/izbori/2026/04/06/63581,https://fakti.bg/bulgaria/1046484-tomislav-donchev-trabva-da-rabotim-s-ukraina-sporazumenieto-ne-me-pritesnava,"Томислав Дончев: Трябва да работим с Украйна, споразумението не ме притеснява",2026-04-05,2 067,75,"""За да могат те да натрупат по-голям опит. Това е важно“ Това се казва далновидно мислене. Колкото до ПП, въпреки врътките и мурафетите, не те, а ГЕРБ въведе България в Шенген и Еврозоната. А ПП ламтят за власт в своя поход да върнат Червената Буржоазия като господстваща в България. Главатаря в едно с прокситата се стремят към утвръждаване на ръководни постове като имитират различия за да могат да увлекат по-широк кръг от избиратели. И после, старата песен на нов глас.",Ани,06.04.2026 00:47,8,3,2026-04-11 17:24:20
fakti.bg,https://fakti.bg/topic/izbori/2026/04/06/63581,https://fakti.bg/bulgaria/1046484-tomislav-donchev-trabva-da-rabotim-s-ukraina-sporazumenieto-ne-me-pritesnava,"Томислав Дончев: Трябва да работим с Украйна, споразумението не ме притеснява",2026-04-05,2 067,76,"Kaк пък ,нито един селянин не замина за Окрайната ??.Да трупа опит .",ВВП,06.04.2026 01:04,7,3,2026-04-11 17:24:20
fakti.bg,https://fakti.bg/topic/izbori/2026/04/06/63581,https://fakti.bg/bulgaria/1046484-tomislav-donchev-trabva-da-rabotim-s-ukraina-sporazumenieto-ne-me-pritesnava,"Томислав Дончев: Трябва да работим с Украйна, споразумението не ме притеснява",2026-04-05,2 067,77,"Само бай Съби ,хиената замина на боен опит в Одесса..И повече не се чу нищо за тия паркетник...",ВВП,06.04.2026 01:06,6,2,2026-04-11 17:24:20
fakti.bg,https://fakti.bg/topic/izbori/2026/04/06/63581,https://fakti.bg/bulgaria/1046484-tomislav-donchev-trabva-da-rabotim-s-ukraina-sporazumenieto-ne-me-pritesnava,"Томислав Дончев: Трябва да работим с Украйна, споразумението не ме притеснява",2026-04-05,2 067,78,Представителя на Сорос продължава с антибългарската риторика? Дончев с коя Украйна? С тази дето въртите едни пари и богатеете на гърба на българите и убитите на фронта украинци и руснаци? Да подкрепим фашизма и ционизма?,Мда,06.04.2026 01:12,12,2,2026-04-11 17:24:20
fakti.bg,https://fakti.bg/topic/izbori/2026/04/06/63581,https://fakti.bg/bulgaria/1046484-tomislav-donchev-trabva-da-rabotim-s-ukraina-sporazumenieto-ne-me-pritesnava,"Томислав Дончев: Трябва да работим с Украйна, споразумението не ме притеснява",2026-04-05,2 067,79,"Как изведнъж станахте такива любители на Украйна безсрамници такива.Я си погледнете изказванията от преди 5 години дали сте я споменавали сутрин,обед,вечер,както сега.Ей за това ще изгубите на изборите един куп гласове.",Срам,06.04.2026 02:37,7,2,2026-04-11 17:24:20
fakti.bg,https://fakti.bg/topic/izbori/2026/04/06/63581,https://fakti.bg/bulgaria/1046484-tomislav-donchev-trabva-da-rabotim-s-ukraina-sporazumenieto-ne-me-pritesnava,"Томислав Дончев: Трябва да работим с Украйна, споразумението не ме притеснява",2026-04-05,2 067,80,"До коментар #3 от ""Ами теб не те притеснява!"": Тоя не го притеснява споразумението, защото Главчев беше част от него! Всеки втори ред започва с “България се задължава”….. . И това за него не е притеснително!",Перо,06.04.2026 05:05,7,1,2026-04-11 17:24:20
fakti.bg,https://fakti.bg/topic/izbori/2026/04/06/63581,https://fakti.bg/bulgaria/1046484-tomislav-donchev-trabva-da-rabotim-s-ukraina-sporazumenieto-ne-me-pritesnava,"Томислав Дончев: Трябва да работим с Украйна, споразумението не ме притеснява",2026-04-05,2 067,81,Можеш ли да обясниш какво ще работиш с Украйна бе тъпанар? Коментиран от #87,Павел Пенев,06.04.2026 06:07,8,1,2026-04-11 17:24:20
fakti.bg,https://fakti.bg/topic/izbori/2026/04/06/63581,https://fakti.bg/bulgaria/1046484-tomislav-donchev-trabva-da-rabotim-s-ukraina-sporazumenieto-ne-me-pritesnava,"Томислав Дончев: Трябва да работим с Украйна, споразумението не ме притеснява",2026-04-05,2 067,82,"да работим с Укр. Вие ако искате, отивайте в Укр. Работете с българите. Ако не можете защо се явявате на БЪЛГАРСКИ избори, украинските партии са в Украйна. Защо трябва да умирам от студ, в името на чужд народ. Става въпрос за оцеляване, втори ценови шок след кризата с Юрошита, този път с горивата. Кому беше нужно да унищожавате Народът с Юрошита и ЧУДОВИЩНАТА ИНФЛАЦИЯ без Референдум, с фалшиви данни. Че и 30% искате повишаване на парно. С 12% повишихте ток декември, вода увеличение 15% декември. Роби ли сме на ГЕРБ, СДС, БКП, ДПС, ПП, и ДБ с Юрошита. Вашите заплатки хвърчат нагоре с 1500 лв. увеличение толкова е 5% от 30, 40 000 заплати. За 200 000 на шефа на Нефтохим, нямам думи, заради който се завежда иск за 3 милиарда лева. Аз да умирам от студ, заради скъп ток, за да можел украинеца да получава ЕВТИН ТОК от АЕЦ на Фиксирана ЦЕНА. С твойта заплата, няма да имам проблеми, но със средна пенсия от 1000 лв., надписана сметка ток 400 лв. и парно 250 е ПРОБЛЕМ, огромен проблем.",Ма ние не искаме,06.04.2026 07:01,8,0,2026-04-11 17:24:20
fakti.bg,https://fakti.bg/topic/izbori/2026/04/06/63581,https://fakti.bg/bulgaria/1046484-tomislav-donchev-trabva-da-rabotim-s-ukraina-sporazumenieto-ne-me-pritesnava,"Томислав Дончев: Трябва да работим с Украйна, споразумението не ме притеснява",2026-04-05,2 067,83,5G не ви ли стига та искате и с дронове да ни бомбите,ха ха,06.04.2026 07:27,4,0,2026-04-11 17:24:20
fakti.bg,https://fakti.bg/topic/izbori/2026/04/06/63581,https://fakti.bg/bulgaria/1046484-tomislav-donchev-trabva-da-rabotim-s-ukraina-sporazumenieto-ne-me-pritesnava,"Томислав Дончев: Трябва да работим с Украйна, споразумението не ме притеснява",2026-04-05,2 067,85,"Теб може да не те притеснява, ама целият български народ го притеснява. Е тази Украйна ви изяде властта и скоро ще се борите за оцеляване и влизане в парламента. Дано на всички вас един ден бъде потърсена и отговорност за национално предателство. Защото за вас българският народ не представлява никаква ценност, за вас той е непотребен продукт. Ходете в Украйна и там ставайте депутат. Всякакви е имало до момента в България, но такива, дето поставят интересите на чужди държави над интересите на българската държава и дето грабят от българския народ, за да дават на чужди, не е имало. Срам и позор.",защо триете бе?,06.04.2026 09:32,5,0,2026-04-11 17:24:20
fakti.bg,https://fakti.bg/topic/izbori/2026/04/06/63581,https://fakti.bg/bulgaria/1046484-tomislav-donchev-trabva-da-rabotim-s-ukraina-sporazumenieto-ne-me-pritesnava,"Томислав Дончев: Трябва да работим с Украйна, споразумението не ме притеснява",2026-04-05,2 067,86,"Още, да плащаме на Украина,да учат децата ни украински и да издържаме 74000 глави на ясла тук.",Аланколу,06.04.2026 09:44,3,0,2026-04-11 17:24:20
fakti.bg,https://fakti.bg/topic/izbori/2026/04/06/63581,https://fakti.bg/bulgaria/1046484-tomislav-donchev-trabva-da-rabotim-s-ukraina-sporazumenieto-ne-me-pritesnava,"Томислав Дончев: Трябва да работим с Украйна, споразумението не ме притеснява",2026-04-05,2 067,87,"До коментар #81 от ""Павел Пенев"": Не е тъпанар,а сороски възпитаник.",Йешуа,06.04.2026 09:47,3,0,2026-04-11 17:24:20
fakti.bg,https://fakti.bg/topic/izbori/2026/04/06/63581,https://fakti.bg/bulgaria/1046484-tomislav-donchev-trabva-da-rabotim-s-ukraina-sporazumenieto-ne-me-pritesnava,"Томислав Дончев: Трябва да работим с Украйна, споразумението не ме притеснява",2026-04-05,2 067,88,"Усещате ли , драги сънародници , как се пълни с Украинци и си правят , каквото си пожелаят!! Това лично на мен не ми харесва",Млад Старец,06.04.2026 10:15,3,0,2026-04-11 17:24:20
fakti.bg,https://fakti.bg/topic/izbori/2026/04/06/63581,https://fakti.bg/bulgaria/1046484-tomislav-donchev-trabva-da-rabotim-s-ukraina-sporazumenieto-ne-me-pritesnava,"Томислав Дончев: Трябва да работим с Украйна, споразумението не ме притеснява",2026-04-05,2 067,90,Това нещо което наричаш украйна спъва развитието на българия откакто създадена преди около сто и оедесет като не визирам населението които наричат украинци и ще бъдат зготвени за дълго и исползване за разселване по пан славениската стратегия,Аз не мисля така,08.04.2026 22:08,0,0,2026-04-11 17:24:20
fakti.bg,https://fakti.bg/topic/izbori/2026/04/04/54020,https://fakti.bg/bulgaria/1046283-ilian-ionchev-bsp-balgarskata-ikonomika-da-raboti-za-horata-a-ne-za-posrednicite,"Илиян Йончев, БСП: Българската икономика да работи за хората, а не за посредниците",2026-04-04,1 130,1,Посредниците ги измислихте точно вие.,тиририрам,04.04.2026 14:08,30,1,2026-04-11 17:24:26
fakti.bg,https://fakti.bg/topic/izbori/2026/04/04/54020,https://fakti.bg/bulgaria/1046283-ilian-ionchev-bsp-balgarskata-ikonomika-da-raboti-za-horata-a-ne-za-posrednicite,"Илиян Йончев, БСП: Българската икономика да работи за хората, а не за посредниците",2026-04-04,1 130,2,Точно вашата партия да говори че милионерите трябва да плащат. Срам нямате ей...,Шака Зулу,04.04.2026 14:09,24,1,2026-04-11 17:24:26
fakti.bg,https://fakti.bg/topic/izbori/2026/04/04/54020,https://fakti.bg/bulgaria/1046283-ilian-ionchev-bsp-balgarskata-ikonomika-da-raboti-za-horata-a-ne-za-posrednicite,"Илиян Йончев, БСП: Българската икономика да работи за хората, а не за посредниците",2026-04-04,1 130,3,"разбирач , бе !",Голям,04.04.2026 14:10,22,1,2026-04-11 17:24:26
fakti.bg,https://fakti.bg/topic/izbori/2026/04/04/54020,https://fakti.bg/bulgaria/1046283-ilian-ionchev-bsp-balgarskata-ikonomika-da-raboti-za-horata-a-ne-za-posrednicite,"Илиян Йончев, БСП: Българската икономика да работи за хората, а не за посредниците",2026-04-04,1 130,4,"ТЯ ДО СЕГА НЕ Е ЛИ РАБОТИЛА ЗА ХОРАТА? ИЛИ НЯКОИ СА ИЗКЛЮЧИТЕЛНО ДОВОЛНИ ОТ "" ПРЕХОДА "" И СЕГА ВЕЧЕ ЩЕ РАБОТЯТ ЗА ЖИВИТЕ. СМЯХ Е ДА СИ ПОМИСЛИ ЧОВЕК ТОВА БСП ДО КЪДЕ СЕ ДОКАРА. 🐷✈️🪆🎃🤔🕸🇧🇬",Цвете,04.04.2026 14:12,15,0,2026-04-11 17:24:26
fakti.bg,https://fakti.bg/topic/izbori/2026/04/04/54020,https://fakti.bg/bulgaria/1046283-ilian-ionchev-bsp-balgarskata-ikonomika-da-raboti-za-horata-a-ne-za-posrednicite,"Илиян Йончев, БСП: Българската икономика да работи за хората, а не за посредниците",2026-04-04,1 130,5,"Каква икономика бе, смешник?!? В България само се сече дървесина на поразия и се бетонират все нови и нови площи!",Озадачен,04.04.2026 14:12,14,0,2026-04-11 17:24:26
fakti.bg,https://fakti.bg/topic/izbori/2026/04/04/54020,https://fakti.bg/bulgaria/1046283-ilian-ionchev-bsp-balgarskata-ikonomika-da-raboti-za-horata-a-ne-za-posrednicite,"Илиян Йончев, БСП: Българската икономика да работи за хората, а не за посредниците",2026-04-04,1 130,6,"ТЯ ДО СЕГА НЕ Е ЛИ РАБОТИЛА ЗА ХОРАТА? ИЛИ НЯКОИ СА ИЗКЛЮЧИТЕЛНО ДОВОЛНИ ОТ "" ПРЕХОДА "" И СЕГА ВЕЧЕ ЩЕ РАБОТЯТ ЗА ЖИВИТЕ. СМЯХ Е ДА СИ ПОМИСЛИ ЧОВЕК ТОВА БСП ДО КЪДЕ СЕ ДОКАРА. 🐷✈️🪆🎃🤔🕸🇧🇬",Цвете,04.04.2026 14:13,9,0,2026-04-11 17:24:26
fakti.bg,https://fakti.bg/topic/izbori/2026/04/04/54020,https://fakti.bg/bulgaria/1046283-ilian-ionchev-bsp-balgarskata-ikonomika-da-raboti-za-horata-a-ne-za-posrednicite,"Илиян Йончев, БСП: Българската икономика да работи за хората, а не за посредниците",2026-04-04,1 130,8,Един Шиши ни стига.,"А,не!И тоя ли ще работи за хората?",04.04.2026 14:15,13,2,2026-04-11 17:24:26
fakti.bg,https://fakti.bg/topic/izbori/2026/04/04/54020,https://fakti.bg/bulgaria/1046283-ilian-ionchev-bsp-balgarskata-ikonomika-da-raboti-za-horata-a-ne-za-posrednicite,"Илиян Йончев, БСП: Българската икономика да работи за хората, а не за посредниците",2026-04-04,1 130,9,физиономийката! Тя казва всичко! Под 1% процент им пожелавам на тези! Коментиран от #18,Вижте му,04.04.2026 14:16,14,1,2026-04-11 17:24:26
fakti.bg,https://fakti.bg/topic/izbori/2026/04/04/54020,https://fakti.bg/bulgaria/1046283-ilian-ionchev-bsp-balgarskata-ikonomika-da-raboti-za-horata-a-ne-za-posrednicite,"Илиян Йончев, БСП: Българската икономика да работи за хората, а не за посредниците",2026-04-04,1 130,10,Моделът на БСП вече го видяхме и при Луканов и при Виденов . Трети път не искаме да го виждаме Коментиран от #12,55 от Козлодуй,04.04.2026 14:16,10,2,2026-04-11 17:24:26
fakti.bg,https://fakti.bg/topic/izbori/2026/04/04/54020,https://fakti.bg/bulgaria/1046283-ilian-ionchev-bsp-balgarskata-ikonomika-da-raboti-za-horata-a-ne-za-posrednicite,"Илиян Йончев, БСП: Българската икономика да работи за хората, а не за посредниците",2026-04-04,1 130,11,"Е как ще стане това бе, чичееее! За 4те процента всичко ще кажеш, ама минеш ли ги, на секундата си забравил какво си казал",Гост,04.04.2026 14:19,12,1,2026-04-11 17:24:26
fakti.bg,https://fakti.bg/topic/izbori/2026/04/04/54020,https://fakti.bg/bulgaria/1046283-ilian-ionchev-bsp-balgarskata-ikonomika-da-raboti-za-horata-a-ne-za-posrednicite,"Илиян Йончев, БСП: Българската икономика да работи за хората, а не за посредниците",2026-04-04,1 130,12,"До коментар #10 от ""55 от Козлодуй"": Фритюрника как беше?",А при,04.04.2026 14:19,10,0,2026-04-11 17:24:26
fakti.bg,https://fakti.bg/topic/izbori/2026/04/04/54020,https://fakti.bg/bulgaria/1046283-ilian-ionchev-bsp-balgarskata-ikonomika-da-raboti-za-horata-a-ne-za-posrednicite,"Илиян Йончев, БСП: Българската икономика да работи за хората, а не за посредниците",2026-04-04,1 130,13,"Илияне,смеш.ико жа.ък,сменете плочата.Същото го разправяхте и на предните избори когато направихте ОПГ с ГРОБ,ДПС и ИТН.",ШЕФА,04.04.2026 14:21,12,1,2026-04-11 17:24:26
fakti.bg,https://fakti.bg/topic/izbori/2026/04/04/54020,https://fakti.bg/bulgaria/1046283-ilian-ionchev-bsp-balgarskata-ikonomika-da-raboti-za-horata-a-ne-za-posrednicite,"Илиян Йончев, БСП: Българската икономика да работи за хората, а не за посредниците",2026-04-04,1 130,14,"ТЯ ДО СЕГА НЕ Е ЛИ РАБОТИЛА ЗА ХОРАТА? ИЛИ НЯКОИ СА ИЗКЛЮЧИТЕЛНО ДОВОЛНИ ОТ "" ПРЕХОДА "" И СЕГА ВЕЧЕ ЩЕ РАБОТЯТ ЗА ЖИВИТЕ. СМЯХ Е ДА СИ ПОМИСЛИ ЧОВЕК ТОВА БСП ДО КЪДЕ СЕ ДОКАРА. 🐷✈️🪆🎃🤔🕸🇧🇬",Цвете,04.04.2026 14:24,5,1,2026-04-11 17:24:26
fakti.bg,https://fakti.bg/topic/izbori/2026/04/04/54020,https://fakti.bg/bulgaria/1046283-ilian-ionchev-bsp-balgarskata-ikonomika-da-raboti-za-horata-a-ne-za-posrednicite,"Илиян Йончев, БСП: Българската икономика да работи за хората, а не за посредниците",2026-04-04,1 130,16,"Функционерите на ""обновената"" БСП се правят че не разбират че Гласът на Партията се чуваше ЕДИНСТВЕНО когато бяха до Борисов в предходното Правителство.Сега вече няма да са в Парламента и всякакви техни изцепки са ""Глас в Пустиня"".",оня с коня,04.04.2026 14:30,3,1,2026-04-11 17:24:26
fakti.bg,https://fakti.bg/topic/izbori/2026/04/04/54020,https://fakti.bg/bulgaria/1046283-ilian-ionchev-bsp-balgarskata-ikonomika-da-raboti-za-horata-a-ne-za-posrednicite,"Илиян Йончев, БСП: Българската икономика да работи за хората, а не за посредниците",2026-04-04,1 130,17,"Този палячо е готов за сатирата.Добре че са изборите за да разбера колко много смешници и лъжци има в тая жалка окрадена и ограбена територия. Илияне,това виц ли е което го разправяш или си се надруса... и не знаеш какво приказваш ?",Тиквата,04.04.2026 14:32,4,1,2026-04-11 17:24:26
fakti.bg,https://fakti.bg/topic/izbori/2026/04/04/54020,https://fakti.bg/bulgaria/1046283-ilian-ionchev-bsp-balgarskata-ikonomika-da-raboti-za-horata-a-ne-za-posrednicite,"Илиян Йончев, БСП: Българската икономика да работи за хората, а не за посредниците",2026-04-04,1 130,18,"До коментар #9 от ""Вижте му"": Колхозник",мда,04.04.2026 14:33,5,2,2026-04-11 17:24:26
fakti.bg,https://fakti.bg/topic/izbori/2026/04/04/54020,https://fakti.bg/bulgaria/1046283-ilian-ionchev-bsp-balgarskata-ikonomika-da-raboti-za-horata-a-ne-za-posrednicite,"Илиян Йончев, БСП: Българската икономика да работи за хората, а не за посредниците",2026-04-04,1 130,20,"Тоя доб.тък признавам си е майстор на късия разказ,лъже и даже не се изчервява !",Столична община,04.04.2026 14:33,5,1,2026-04-11 17:24:26
fakti.bg,https://fakti.bg/topic/izbori/2026/04/04/54020,https://fakti.bg/bulgaria/1046283-ilian-ionchev-bsp-balgarskata-ikonomika-da-raboti-za-horata-a-ne-za-posrednicite,"Илиян Йончев, БСП: Българската икономика да работи за хората, а не за посредниците",2026-04-04,1 130,23,"Ахахахахахаха, БСП за хората, ахахахахахахаха!!!!!!!",Ахахахаха,04.04.2026 14:38,5,1,2026-04-11 17:24:26
fakti.bg,https://fakti.bg/topic/izbori/2026/04/04/54020,https://fakti.bg/bulgaria/1046283-ilian-ionchev-bsp-balgarskata-ikonomika-da-raboti-za-horata-a-ne-za-posrednicite,"Илиян Йончев, БСП: Българската икономика да работи за хората, а не за посредниците",2026-04-04,1 130,24,"“Късно е либе за китка”. Плоският данък се знаеше в самото начало, че обслужва държавните милионери и никога не си е изживявал своето време, защото никога не му е идвало! Не може за тоталната щета за икономиката да се оправдава с “своето време”, главен виновник е еврейна С. Станишев, без нито един ден трудов стаж в икономическата сфера и държавната администрация, като Премиер! Този данък ще се отчете на изборите към червената буржоазия от БСП! От кога патерицата на всички партии е “лява алтернатива” с десни политики! В НС подкрепяха Украйна, а сега лицемерничат с договора! Партия, която си е изживяла своето време и с нея ще си отидат един куп боклуци!",Перо,04.04.2026 14:39,6,0,2026-04-11 17:24:26
fakti.bg,https://fakti.bg/topic/izbori/2026/04/04/54020,https://fakti.bg/bulgaria/1046283-ilian-ionchev-bsp-balgarskata-ikonomika-da-raboti-za-horata-a-ne-za-posrednicite,"Илиян Йончев, БСП: Българската икономика да работи за хората, а не за посредниците",2026-04-04,1 130,25,Неправилен начин на писане на заглавие. От къде го измислихте. Нищо не ви се разбира.,Това с двете точки е,04.04.2026 14:40,1,0,2026-04-11 17:24:26
fakti.bg,https://fakti.bg/topic/izbori/2026/04/04/54020,https://fakti.bg/bulgaria/1046283-ilian-ionchev-bsp-balgarskata-ikonomika-da-raboti-za-horata-a-ne-za-posrednicite,"Илиян Йончев, БСП: Българската икономика да работи за хората, а не за посредниците",2026-04-04,1 130,26,Изобщо не ме интересуват вашите избиратели и няма да работя за тях. 45 години достатъчно открадохте и сега им давайте да хвърлят за вас.,цвг,04.04.2026 14:41,1,2,2026-04-11 17:24:26
fakti.bg,https://fakti.bg/topic/izbori/2026/04/04/54020,https://fakti.bg/bulgaria/1046283-ilian-ionchev-bsp-balgarskata-ikonomika-da-raboti-za-horata-a-ne-za-posrednicite,"Илиян Йончев, БСП: Българската икономика да работи за хората, а не за посредниците",2026-04-04,1 130,27,"Българската икономика доколкото я има работи изцяло за укронацистите като произвежда за тях оръжия на три смени, защото нашето правителство е украинско. Друга икономика нямаме и български народ не съществува вече за тях.",Ти да видиш,04.04.2026 14:49,3,2,2026-04-11 17:24:26
fakti.bg,https://fakti.bg/topic/izbori/2026/04/04/54020,https://fakti.bg/bulgaria/1046283-ilian-ionchev-bsp-balgarskata-ikonomika-da-raboti-za-horata-a-ne-za-posrednicite,"Илиян Йончев, БСП: Българската икономика да работи за хората, а не за посредниците",2026-04-04,1 130,28,"При социализЪма имаше почти същото: ""Всичко в името на човека, всичко за благото на човека"". Даже знаехме и името на човека! Коментиран от #32",Ъхъ!!!,04.04.2026 14:50,3,2,2026-04-11 17:24:26
fakti.bg,https://fakti.bg/topic/izbori/2026/04/04/54020,https://fakti.bg/bulgaria/1046283-ilian-ionchev-bsp-balgarskata-ikonomika-da-raboti-za-horata-a-ne-za-posrednicite,"Илиян Йончев, БСП: Българската икономика да работи за хората, а не за посредниците",2026-04-04,1 130,29,България икономика хора де тез неща нютюю няма ги,ФАКТ,04.04.2026 15:00,1,0,2026-04-11 17:24:26
fakti.bg,https://fakti.bg/topic/izbori/2026/04/04/54020,https://fakti.bg/bulgaria/1046283-ilian-ionchev-bsp-balgarskata-ikonomika-da-raboti-za-horata-a-ne-za-posrednicite,"Илиян Йончев, БСП: Българската икономика да работи за хората, а не за посредниците",2026-04-04,1 130,30,Дописника какво работи и какво е работил! Коментиран от #33,Дзак,04.04.2026 15:04,3,0,2026-04-11 17:24:26
fakti.bg,https://fakti.bg/topic/izbori/2026/04/04/54020,https://fakti.bg/bulgaria/1046283-ilian-ionchev-bsp-balgarskata-ikonomika-da-raboti-za-horata-a-ne-za-posrednicite,"Илиян Йончев, БСП: Българската икономика да работи за хората, а не за посредниците",2026-04-04,1 130,31,не са ли хора?,Олигарсите,04.04.2026 15:07,2,0,2026-04-11 17:24:26
fakti.bg,https://fakti.bg/topic/izbori/2026/04/04/54020,https://fakti.bg/bulgaria/1046283-ilian-ionchev-bsp-balgarskata-ikonomika-da-raboti-za-horata-a-ne-za-posrednicite,"Илиян Йончев, БСП: Българската икономика да работи за хората, а не за посредниците",2026-04-04,1 130,32,"До коментар #28 от ""Ъхъ!!!"": правеше деца и бяхме 9 милиона!",Партията,04.04.2026 15:08,0,3,2026-04-11 17:24:26
fakti.bg,https://fakti.bg/topic/izbori/2026/04/04/54020,https://fakti.bg/bulgaria/1046283-ilian-ionchev-bsp-balgarskata-ikonomika-da-raboti-za-horata-a-ne-za-posrednicite,"Илиян Йончев, БСП: Българската икономика да работи за хората, а не за посредниците",2026-04-04,1 130,33,"До коментар #30 от ""Дзак"": Неудобен въпрос?",Анонимен,04.04.2026 15:09,0,0,2026-04-11 17:24:26
fakti.bg,https://fakti.bg/topic/izbori/2026/04/04/54020,https://fakti.bg/bulgaria/1046283-ilian-ionchev-bsp-balgarskata-ikonomika-da-raboti-za-horata-a-ne-za-posrednicite,"Илиян Йончев, БСП: Българската икономика да работи за хората, а не за посредниците",2026-04-04,1 130,34,"През 80-те и 90-те ме смазахте. Вие , гонихте дори децата на тези, които не бяха сагласни с вас. ял съм ви попарата.",Не ви вярвам,04.04.2026 16:27,2,1,2026-04-11 17:24:26
fakti.bg,https://fakti.bg/topic/izbori/2026/04/04/54020,https://fakti.bg/bulgaria/1046283-ilian-ionchev-bsp-balgarskata-ikonomika-da-raboti-za-horata-a-ne-za-posrednicite,"Илиян Йончев, БСП: Българската икономика да работи за хората, а не за посредниците",2026-04-04,1 130,36,ПРЕДИ ГОДИНИ....НЯМАШЕ...ПОСРЕДНИЦИ,ганев,04.04.2026 16:44,1,0,2026-04-11 17:24:26
fakti.bg,https://fakti.bg/topic/izbori/2026/04/04/54020,https://fakti.bg/bulgaria/1046283-ilian-ionchev-bsp-balgarskata-ikonomika-da-raboti-za-horata-a-ne-za-posrednicite,"Илиян Йончев, БСП: Българската икономика да работи за хората, а не за посредниците",2026-04-04,1 130,37,ДЕЦАТА..СИ ГИ ПРАВЕХМЕ....САМИ,ганев,04.04.2026 16:46,2,0,2026-04-11 17:24:26
fakti.bg,https://fakti.bg/topic/izbori/2026/04/04/54020,https://fakti.bg/bulgaria/1046283-ilian-ionchev-bsp-balgarskata-ikonomika-da-raboti-za-horata-a-ne-za-posrednicite,"Илиян Йончев, БСП: Българската икономика да работи за хората, а не за посредниците",2026-04-04,1 130,38,....И ЗАТОВА...9.000.000,ганев,04.04.2026 16:46,1,0,2026-04-11 17:24:26
fakti.bg,https://fakti.bg/topic/izbori/2026/04/04/54020,https://fakti.bg/bulgaria/1046283-ilian-ionchev-bsp-balgarskata-ikonomika-da-raboti-za-horata-a-ne-za-posrednicite,"Илиян Йончев, БСП: Българската икономика да работи за хората, а не за посредниците",2026-04-04,1 130,39,"Този за Гоцето от Сирищник, трафиканта Кирчо с германските марки от сръбската граница и Румен Петков - Запалката ли говори?",Сопола,04.04.2026 16:56,3,0,2026-04-11 17:24:26
fakti.bg,https://fakti.bg/topic/izbori/2026/04/04/54020,https://fakti.bg/bulgaria/1046283-ilian-ionchev-bsp-balgarskata-ikonomika-da-raboti-za-horata-a-ne-za-posrednicite,"Илиян Йончев, БСП: Българската икономика да работи за хората, а не за посредниците",2026-04-04,1 130,40,"Г-н Илияне , ще одържавите ли енергоразпределителните дружества и ВиК , на първо време , за да докажете , че искате да премахнете посредниците ? Или само си чешеш езика . Трябва да сте поне 10 години извън парламента за да съберете идеите отвън и да ги внесете после вътре .",Цървул,04.04.2026 17:00,4,1,2026-04-11 17:24:26
fakti.bg,https://fakti.bg/topic/izbori/2026/04/04/54020,https://fakti.bg/bulgaria/1046283-ilian-ionchev-bsp-balgarskata-ikonomika-da-raboti-za-horata-a-ne-za-posrednicite,"Илиян Йончев, БСП: Българската икономика да работи за хората, а не за посредниците",2026-04-04,1 130,41,"Едричък комунист. За по - нагледно - бкп е в онова незавидно състояние, в което е предала богу дух, прекслила със зависимостта си от шишо и сие, а крумчо е комсомолецс, който продължава реанимацията. Час на смъртта.......",Поредният,04.04.2026 17:09,2,1,2026-04-11 17:24:26
fakti.bg,https://fakti.bg/topic/izbori/2026/04/04/54020,https://fakti.bg/bulgaria/1046283-ilian-ionchev-bsp-balgarskata-ikonomika-da-raboti-za-horata-a-ne-za-posrednicite,"Илиян Йончев, БСП: Българската икономика да работи за хората, а не за посредниците",2026-04-04,1 130,42,"заповядай й на икономиката и си оправи прическата, триъгълник на голяма кръгла глава",Ами да работи,04.04.2026 21:32,2,0,2026-04-11 17:24:26
fakti.bg,https://fakti.bg/topic/izbori/2026/04/04/54020,https://fakti.bg/bulgaria/1046280-informacionno-obslujvane-shte-demonstrira-publichno-sistemata-za-komputarna-obrabotka-na-dannite-ot-vota,"""Информационно обслужване“ ще демонстрира публично системата за компютърна обработка на данните от вота",2026-04-04,1 008,1,Може да покаже и данните от вота след обработката🤔🤔🤔🤔,🇧🇬БАЙ Х@Й‼️,04.04.2026 14:01,13,0,2026-04-11 17:24:28
fakti.bg,https://fakti.bg/topic/izbori/2026/04/04/54020,https://fakti.bg/bulgaria/1046280-informacionno-obslujvane-shte-demonstrira-publichno-sistemata-za-komputarna-obrabotka-na-dannite-ot-vota,"""Информационно обслужване“ ще демонстрира публично системата за компютърна обработка на данните от вота",2026-04-04,1 008,2,Ами да публикуват резултатите и да ме правим излишен масраф за избори .,55 от Козлодуй,04.04.2026 14:18,11,0,2026-04-11 17:24:28
fakti.bg,https://fakti.bg/topic/izbori/2026/04/04/54020,https://fakti.bg/bulgaria/1046280-informacionno-obslujvane-shte-demonstrira-publichno-sistemata-za-komputarna-obrabotka-na-dannite-ot-vota,"""Информационно обслужване“ ще демонстрира публично системата за компютърна обработка на данните от вота",2026-04-04,1 008,3,"Абе кво не ви е ясно,в името на демокрацията ще гласувате за тези които ние сме избрали",Посолството,04.04.2026 14:19,11,0,2026-04-11 17:24:28
fakti.bg,https://fakti.bg/topic/izbori/2026/04/04/54020,https://fakti.bg/bulgaria/1046280-informacionno-obslujvane-shte-demonstrira-publichno-sistemata-za-komputarna-obrabotka-na-dannite-ot-vota,"""Информационно обслужване“ ще демонстрира публично системата за компютърна обработка на данните от вота",2026-04-04,1 008,4,"Тиквата имаше в предвид информационно обслужване като каза: ""Пазете се от Гунди в последните секунди"". Значи там се тегли чертата на изборите. И там се нагласяват резултатите. И ние го знаем. Не случайно тоя дъртак Константинов е на почит и е канен по всички купени медии.","Ура,,Ура",04.04.2026 14:22,8,0,2026-04-11 17:24:28
fakti.bg,https://fakti.bg/topic/izbori/2026/04/04/54020,https://fakti.bg/bulgaria/1046280-informacionno-obslujvane-shte-demonstrira-publichno-sistemata-za-komputarna-obrabotka-na-dannite-ot-vota,"""Информационно обслужване“ ще демонстрира публично системата за компютърна обработка на данните от вота",2026-04-04,1 008,5,"Абе кво не ви е ясно ,ще предаваме директно от посолството данните от вота",Информационно обслужване,04.04.2026 14:23,9,0,2026-04-11 17:24:28
fakti.bg,https://fakti.bg/topic/izbori/2026/04/04/54020,https://fakti.bg/bulgaria/1046280-informacionno-obslujvane-shte-demonstrira-publichno-sistemata-za-komputarna-obrabotka-na-dannite-ot-vota,"""Информационно обслужване“ ще демонстрира публично системата за компютърна обработка на данните от вота",2026-04-04,1 008,6,"Всички говорят за манипулации на машините, но никой за мошенгиите от информационно обслужване.",Има ни пак,04.04.2026 14:27,10,1,2026-04-11 17:24:28
fakti.bg,https://fakti.bg/topic/izbori/2026/04/04/54020,https://fakti.bg/bulgaria/1046280-informacionno-obslujvane-shte-demonstrira-publichno-sistemata-za-komputarna-obrabotka-na-dannite-ot-vota,"""Информационно обслужване“ ще демонстрира публично системата за компютърна обработка на данните от вота",2026-04-04,1 008,7,… на вота гласуват само 18% от всички имащи право на глас. Една от най-тоталитарните държави в светът!!! Коментиран от #12,Реално….,04.04.2026 14:33,6,0,2026-04-11 17:24:28
fakti.bg,https://fakti.bg/topic/izbori/2026/04/04/54020,https://fakti.bg/bulgaria/1046280-informacionno-obslujvane-shte-demonstrira-publichno-sistemata-za-komputarna-obrabotka-na-dannite-ot-vota,"""Информационно обслужване“ ще демонстрира публично системата за компютърна обработка на данните от вота",2026-04-04,1 008,8,"Урсула вече е пратила на ИО и ЦИК какви трябва да бъдат резултати от изборите .Урсула е наредила единствената патриотична партия Възраждане да не се допуска на първите 2 места, иначе изборите трябва дъдат повторени до ""правилен"" разултат!",Резултатите са под контрола на ЕС,04.04.2026 14:44,7,0,2026-04-11 17:24:28
fakti.bg,https://fakti.bg/topic/izbori/2026/04/04/54020,https://fakti.bg/bulgaria/1046280-informacionno-obslujvane-shte-demonstrira-publichno-sistemata-za-komputarna-obrabotka-na-dannite-ot-vota,"""Информационно обслужване“ ще демонстрира публично системата за компютърна обработка на данните от вота",2026-04-04,1 008,9,И после нашият министър ППдебил ще влезе през нощта да бърника машините с флашката. Тоя път като го прави да изключи камерите за да не го хванат пак ДАНС !,Ти да видиш,04.04.2026 14:46,8,0,2026-04-11 17:24:28
fakti.bg,https://fakti.bg/topic/izbori/2026/04/04/54020,https://fakti.bg/bulgaria/1046280-informacionno-obslujvane-shte-demonstrira-publichno-sistemata-za-komputarna-obrabotka-na-dannite-ot-vota,"""Информационно обслужване“ ще демонстрира публично системата за компютърна обработка на данните от вота",2026-04-04,1 008,10,"ИО зече е готова с резултати от изборите, чака само да минат изборите за да ги обяви! Ако стане издънка ще анулират изборите заради ""руска"" или ""иранска"" намеса))",Урсула държи ИО под контрол,04.04.2026 14:51,8,0,2026-04-11 17:24:28
fakti.bg,https://fakti.bg/topic/izbori/2026/04/04/54020,https://fakti.bg/bulgaria/1046280-informacionno-obslujvane-shte-demonstrira-publichno-sistemata-za-komputarna-obrabotka-na-dannite-ot-vota,"""Информационно обслужване“ ще демонстрира публично системата за компютърна обработка на данните от вота",2026-04-04,1 008,11,Мирчев държи кодовете така че спокойно победа,Лена,04.04.2026 15:03,5,0,2026-04-11 17:24:28
fakti.bg,https://fakti.bg/topic/izbori/2026/04/04/54020,https://fakti.bg/bulgaria/1046280-informacionno-obslujvane-shte-demonstrira-publichno-sistemata-za-komputarna-obrabotka-na-dannite-ot-vota,"""Информационно обслужване“ ще демонстрира публично системата за компютърна обработка на данните от вота",2026-04-04,1 008,12,"До коментар #7 от ""Реално…."": си мислят че са в демокрация... Коментиран от #13",да но де били те,04.04.2026 19:20,2,0,2026-04-11 17:24:28
fakti.bg,https://fakti.bg/topic/izbori/2026/04/04/54020,https://fakti.bg/bulgaria/1046280-informacionno-obslujvane-shte-demonstrira-publichno-sistemata-za-komputarna-obrabotka-na-dannite-ot-vota,"""Информационно обслужване“ ще демонстрира публично системата за компютърна обработка на данните от вота",2026-04-04,1 008,13,"До коментар #12 от ""да но де били те"": Така де, това вече се нарича демокрация ( тази дума е без съдържание), пасва към атлантическите ценности ( всички ценности чрез Атлантика по местопредназначението",Яяяяя,04.04.2026 20:11,1,0,2026-04-11 17:24:28
fakti.bg,https://fakti.bg/topic/izbori/2026/04/04/54020,https://fakti.bg/bulgaria/1046276-policeiska-operacia-sreshtu-kupenia-vot-v-slivenska-oblast,Полицейска операция срещу купения вот в Сливенска област,2026-04-04,1 628,1,"Елена Йончева от Новото време пак ще ореве Европарламента, че има терор над електората и. Коментиран от #8 , #19",Олеле,04.04.2026 13:18,25,1,2026-04-11 17:24:30
fakti.bg,https://fakti.bg/topic/izbori/2026/04/04/54020,https://fakti.bg/bulgaria/1046276-policeiska-operacia-sreshtu-kupenia-vot-v-slivenska-oblast,Полицейска операция срещу купения вот в Сливенска област,2026-04-04,1 628,2,"Язък що са хаби боко. Ма разправят, че тиквата плащал с фалшиво евро, на ксерокс Коментиран от #18",Пешо,04.04.2026 13:23,19,3,2026-04-11 17:24:30
fakti.bg,https://fakti.bg/topic/izbori/2026/04/04/54020,https://fakti.bg/bulgaria/1046276-policeiska-operacia-sreshtu-kupenia-vot-v-slivenska-oblast,Полицейска операция срещу купения вот в Сливенска област,2026-04-04,1 628,8,"До коментар #1 от ""Олеле"": Обраха пак оборотните пари на магазинчетата и им взеха списъците с вересиите. Коментиран от #17",Хайде пак,04.04.2026 13:32,13,8,2026-04-11 17:24:30
fakti.bg,https://fakti.bg/topic/izbori/2026/04/04/54020,https://fakti.bg/bulgaria/1046276-policeiska-operacia-sreshtu-kupenia-vot-v-slivenska-oblast,Полицейска операция срещу купения вот в Сливенска област,2026-04-04,1 628,9,"Браво! Най-накрая в тази държава всички трябва да разберат, че гласуването е право на всеки човек и ниКОЙ, ниКОЙ не може да те принуждава, да ти плаща, да те заплашва, наказва, купува, за да гласуваш за този или онзи, от който по някакъв начин си зависим в оцеляването си, било чрез работата ти, социални помощи, дърва за огрев или каквото и да било. През последните 30 години, особено при Борисов и Дебелото Д, тези уродливи явления станаха непоносими. Браво на министър Дечев и, ако питате народа точно такъв човек сме чакали от 35 гонини, човек с характер и нетърпимост, и непоносимост към мафията, пуснала отровните си пипала навсякъде, където се обърне човек. Дебелото Д дори и патриарх си купи и назначи, какво остава за останалите системи и учреждения в държавата. Коментиран от #16 , #24",Мнение,04.04.2026 13:35,25,5,2026-04-11 17:24:30
fakti.bg,https://fakti.bg/topic/izbori/2026/04/04/54020,https://fakti.bg/bulgaria/1046276-policeiska-operacia-sreshtu-kupenia-vot-v-slivenska-oblast,Полицейска операция срещу купения вот в Сливенска област,2026-04-04,1 628,10,"До коментар #3 от ""Сталин"": Така е- че всеки има право да продава и купува,но следва да се ПЛАЩА ДДС и всякакви други държавни Данъци и Такси.Така е в БГ и на който не му харесва - Свят широк. Коментиран от #22",оня с коня,04.04.2026 13:35,3,12,2026-04-11 17:24:30
fakti.bg,https://fakti.bg/topic/izbori/2026/04/04/54020,https://fakti.bg/bulgaria/1046276-policeiska-operacia-sreshtu-kupenia-vot-v-slivenska-oblast,Полицейска операция срещу купения вот в Сливенска област,2026-04-04,1 628,11,ПИИИШШ!,Смешки страшни,04.04.2026 13:36,5,2,2026-04-11 17:24:30
fakti.bg,https://fakti.bg/topic/izbori/2026/04/04/54020,https://fakti.bg/bulgaria/1046276-policeiska-operacia-sreshtu-kupenia-vot-v-slivenska-oblast,Полицейска операция срещу купения вот в Сливенска област,2026-04-04,1 628,14,Имаше едно време имаше един филм - Много шум за нищо.,Майстора,04.04.2026 13:42,10,6,2026-04-11 17:24:30
fakti.bg,https://fakti.bg/topic/izbori/2026/04/04/54020,https://fakti.bg/bulgaria/1046276-policeiska-operacia-sreshtu-kupenia-vot-v-slivenska-oblast,Полицейска операция срещу купения вот в Сливенска област,2026-04-04,1 628,16,"До коментар #9 от ""Мнение"": Че това си е истинска заплаха за хората от родната полиция на гюровите незаконници Всяват страх това как се нарича",Анонимен,04.04.2026 14:10,6,7,2026-04-11 17:24:30
fakti.bg,https://fakti.bg/topic/izbori/2026/04/04/54020,https://fakti.bg/bulgaria/1046276-policeiska-operacia-sreshtu-kupenia-vot-v-slivenska-oblast,Полицейска операция срещу купения вот в Сливенска област,2026-04-04,1 628,17,"До коментар #8 от ""Хайде пак"": Нали Шиши все работи за ""хората""?А то резултатът е бедност и вересии?Сигурно защото не е посочил за кои хора точно работи.","Как вересии,бе",04.04.2026 14:10,11,4,2026-04-11 17:24:30
fakti.bg,https://fakti.bg/topic/izbori/2026/04/04/54020,https://fakti.bg/bulgaria/1046276-policeiska-operacia-sreshtu-kupenia-vot-v-slivenska-oblast,Полицейска операция срещу купения вот в Сливенска област,2026-04-04,1 628,18,"До коментар #2 от ""Пешо"": Ей тия купувачи даже едни истински пари нямат много бедни",Анонимен,04.04.2026 14:12,7,0,2026-04-11 17:24:30
fakti.bg,https://fakti.bg/topic/izbori/2026/04/04/54020,https://fakti.bg/bulgaria/1046276-policeiska-operacia-sreshtu-kupenia-vot-v-slivenska-oblast,Полицейска операция срещу купения вот в Сливенска област,2026-04-04,1 628,19,"До коментар #1 от ""Олеле"": Ами това според теб какво е законите демокрацията за нашето мвр важат ли",Анонимен,04.04.2026 14:13,2,3,2026-04-11 17:24:30
fakti.bg,https://fakti.bg/topic/izbori/2026/04/04/54020,https://fakti.bg/bulgaria/1046276-policeiska-operacia-sreshtu-kupenia-vot-v-slivenska-oblast,Полицейска операция срещу купения вот в Сливенска област,2026-04-04,1 628,20,"Режимът в БГ ползва полицията като бухалка в полза на определена ПП групировка за натиск върху избирателите преди изборите уж,че водят борба против купен вот.А защо режимът в Булгария обещава увеличение на заплатите на държавната и общинска администрация точно в навечерието на изборите. Това не е ли КУПЕН ВОТ с парите на данъкоплатците в полза на ППдофилската партия“ Кой освен нас,гласоподавателите ще се бори с беззаконието на временното правителство на шепа либерал-фашисти завзела управлението на държавата незаконно?",Сатана Z,04.04.2026 14:19,5,7,2026-04-11 17:24:30
fakti.bg,https://fakti.bg/topic/izbori/2026/04/04/54020,https://fakti.bg/bulgaria/1046276-policeiska-operacia-sreshtu-kupenia-vot-v-slivenska-oblast,Полицейска операция срещу купения вот в Сливенска област,2026-04-04,1 628,22,"До коментар #10 от ""оня с коня"": Няма как това, че съм тарикатка да го дължа на държавата...",Айше,04.04.2026 14:55,1,0,2026-04-11 17:24:30
fakti.bg,https://fakti.bg/topic/izbori/2026/04/04/54020,https://fakti.bg/bulgaria/1046276-policeiska-operacia-sreshtu-kupenia-vot-v-slivenska-oblast,Полицейска операция срещу купения вот в Сливенска област,2026-04-04,1 628,23,"На кой са масажиращите обувки? Разкарай ги от мен, че тежат и не са удобни.",Коткаааа,04.04.2026 15:26,2,0,2026-04-11 17:24:30
fakti.bg,https://fakti.bg/topic/izbori/2026/04/04/54020,https://fakti.bg/bulgaria/1046276-policeiska-operacia-sreshtu-kupenia-vot-v-slivenska-oblast,Полицейска операция срещу купения вот в Сливенска област,2026-04-04,1 628,24,"До коментар #9 от ""Мнение"": Е пълен боклук",Този министър,04.04.2026 15:38,1,4,2026-04-11 17:24:30
fakti.bg,https://fakti.bg/topic/izbori/2026/04/04/54020,https://fakti.bg/bulgaria/1046276-policeiska-operacia-sreshtu-kupenia-vot-v-slivenska-oblast,Полицейска операция срещу купения вот в Сливенска област,2026-04-04,1 628,25,"Радевото МВР беснее. Представете си , ако спечели каква диктатура ни очаква.",ЧИЧО,04.04.2026 15:40,1,5,2026-04-11 17:24:30
fakti.bg,https://fakti.bg/topic/izbori/2026/04/04/54020,https://fakti.bg/bulgaria/1046276-policeiska-operacia-sreshtu-kupenia-vot-v-slivenska-oblast,Полицейска операция срещу купения вот в Сливенска област,2026-04-04,1 628,26,"Има ЗАКОН ЗА ЗАДЪЛЖИТЕЛНО ОБРАЗОВАНИЕ! Който не е спазвал закона, няма право да гласува!!! Образованието е задължително основно!Без диплома за завършено основно образование,няма да гласува!!! Същото се отнася и за данъците!Не си платил данъци,нямаш право на глас!",безпартиен,04.04.2026 17:13,4,0,2026-04-11 17:24:30
fakti.bg,https://fakti.bg/topic/izbori/2026/04/04/54020,https://fakti.bg/bulgaria/1046276-policeiska-operacia-sreshtu-kupenia-vot-v-slivenska-oblast,Полицейска операция срещу купения вот в Сливенска област,2026-04-04,1 628,27,"За информация на матряла . Снимката е от ромският квартал ,,Надежда"" в който живее около една трета от населението на Сливен . Там не живее нито един българин , но за сметка на това там се намира единствената джамия на града . Практически това е кварталът на турчеещите се роми в града . За Сливен справедливо важи поговорката , че за разлика от другите градове които имат само 1 ромска махала , Сливен има само 1 българска . Ромите успешно се инфилтрират и в други сливенски квартали , а северната част на квартал Комлука е другата компактна маса роми . Като цяло , ромите в Сливен и окръга отдавна преобладават над етническите българи в града и региона . И нямат никакво намерение да се интегрират с българите ...",Рогач,04.04.2026 21:40,2,0,2026-04-11 17:24:30
fakti.bg,https://fakti.bg/topic/izbori/2026/04/04/54020,https://fakti.bg/bulgaria/1046276-policeiska-operacia-sreshtu-kupenia-vot-v-slivenska-oblast,Полицейска операция срещу купения вот в Сливенска област,2026-04-04,1 628,28,"Ти явно нямаш представа за какво става въпрос в ромското гето на Сливен , квартал ,,Надежда"" . Там държавата отдавна е абдикирала и ромите живеят по собствени правила и закони . Ако рискуваш да влезеш вътре особенно нощно време , клоаките на Момбай, ще ти се сторят Монте Карло ! Иначе си имат даже Казино...",Знаещ,04.04.2026 21:48,0,0,2026-04-11 17:24:30
fakti.bg,https://fakti.bg/topic/izbori/2026/04/04/54020,https://fakti.bg/bulgaria/1046276-policeiska-operacia-sreshtu-kupenia-vot-v-slivenska-oblast,Полицейска операция срещу купения вот в Сливенска област,2026-04-04,1 628,29,"Войводи, ветрове,. ....., и еврака за глас!",Сливен -Градът на стоте!,04.04.2026 22:44,0,0,2026-04-11 17:24:30
fakti.bg,https://fakti.bg/topic/izbori/2026/04/04/54020,https://fakti.bg/bulgaria/1046276-policeiska-operacia-sreshtu-kupenia-vot-v-slivenska-oblast,Полицейска операция срещу купения вот в Сливенска област,2026-04-04,1 628,30,"КУПУВА ГЛАС НАД 20 ЕВРО ! ДОРИ И КОМИСИЯТА СТРУВА ТОЛКОВА , ИНАЧЕ ЧЕКМЕДЖЕТО ЩЕ ОЛЕКНЕ !",В СЛИВЕН НИКОЙ ОСВЕН ГЕРБ НЕ МОЖЕ ДА,05.04.2026 13:35,0,0,2026-04-11 17:24:30
fakti.bg,https://fakti.bg/topic/izbori/2026/04/04/54020,https://fakti.bg/bulgaria/1046275-danaci-i-osigurovki-kakvo-ostava-v-djoba-na-raboteshtite-i-kakvo-predlagat-partiite,Данъци и осигуровки: Какво остава в джоба на работещите и какво предлагат партиите,2026-04-04,1 923,1,"В джоба на работещите остават някакви дребни парички и те това е. Да не споменавам,какво остава в джоба на бабетата-пенсионерки,седящи на пейките пред блока ни. Коментиран от #3",Анна Недева,04.04.2026 12:50,28,4,2026-04-11 17:24:33
fakti.bg,https://fakti.bg/topic/izbori/2026/04/04/54020,https://fakti.bg/bulgaria/1046275-danaci-i-osigurovki-kakvo-ostava-v-djoba-na-raboteshtite-i-kakvo-predlagat-partiite,Данъци и осигуровки: Какво остава в джоба на работещите и какво предлагат партиите,2026-04-04,1 923,2,ПОЧТИ 40 ГОДИНИ.,ПРАЗНИ ПРИКАЗКИ,04.04.2026 12:52,29,1,2026-04-11 17:24:33
fakti.bg,https://fakti.bg/topic/izbori/2026/04/04/54020,https://fakti.bg/bulgaria/1046275-danaci-i-osigurovki-kakvo-ostava-v-djoba-na-raboteshtite-i-kakvo-predlagat-partiite,Данъци и осигуровки: Какво остава в джоба на работещите и какво предлагат партиите,2026-04-04,1 923,3,"До коментар #1 от ""Анна Недева"": важното е моя да е фул",обръчи от фирми,04.04.2026 12:52,10,1,2026-04-11 17:24:33
fakti.bg,https://fakti.bg/topic/izbori/2026/04/04/54020,https://fakti.bg/bulgaria/1046275-danaci-i-osigurovki-kakvo-ostava-v-djoba-na-raboteshtite-i-kakvo-predlagat-partiite,Данъци и осигуровки: Какво остава в джоба на работещите и какво предлагат партиите,2026-04-04,1 923,4,"Как и да го въртим, ако е плосък данъка никой няма защо да крие заплата и доходи. Ако има прогресивно данъчно облагане масово ще се мине на минимална необлагаема заплата и остатъците в плик. Поне това беше преди плоския данък. Коментиран от #14 , #23 , #44",Миризлив пор,04.04.2026 12:55,15,11,2026-04-11 17:24:33
fakti.bg,https://fakti.bg/topic/izbori/2026/04/04/54020,https://fakti.bg/bulgaria/1046275-danaci-i-osigurovki-kakvo-ostava-v-djoba-na-raboteshtite-i-kakvo-predlagat-partiite,Данъци и осигуровки: Какво остава в джоба на работещите и какво предлагат партиите,2026-04-04,1 923,6,"Плоската политика и плоските данъци са от плоски картуни между 240-те в синята зала. Коментиран от #9 , #17",ъгъл,04.04.2026 12:58,23,3,2026-04-11 17:24:33
fakti.bg,https://fakti.bg/topic/izbori/2026/04/04/54020,https://fakti.bg/bulgaria/1046275-danaci-i-osigurovki-kakvo-ostava-v-djoba-na-raboteshtite-i-kakvo-predlagat-partiite,Данъци и осигуровки: Какво остава в джоба на работещите и какво предлагат партиите,2026-04-04,1 923,7,ДА ВРЪЩАТ ПАРИТЕ!,"""партиите""",04.04.2026 13:01,18,0,2026-04-11 17:24:33
fakti.bg,https://fakti.bg/topic/izbori/2026/04/04/54020,https://fakti.bg/bulgaria/1046275-danaci-i-osigurovki-kakvo-ostava-v-djoba-na-raboteshtite-i-kakvo-predlagat-partiite,Данъци и осигуровки: Какво остава в джоба на работещите и какво предлагат партиите,2026-04-04,1 923,9,"До коментар #6 от ""ъгъл"": от българските политици доказано Коментиран от #10",няма по некадърни,04.04.2026 13:03,20,0,2026-04-11 17:24:33
fakti.bg,https://fakti.bg/topic/izbori/2026/04/04/54020,https://fakti.bg/bulgaria/1046275-danaci-i-osigurovki-kakvo-ostava-v-djoba-na-raboteshtite-i-kakvo-predlagat-partiite,Данъци и осигуровки: Какво остава в джоба на работещите и какво предлагат партиите,2026-04-04,1 923,10,"До коментар #9 от ""няма по некадърни"": пак да крадат..",гласят са,04.04.2026 13:04,16,0,2026-04-11 17:24:33
fakti.bg,https://fakti.bg/topic/izbori/2026/04/04/54020,https://fakti.bg/bulgaria/1046275-danaci-i-osigurovki-kakvo-ostava-v-djoba-na-raboteshtite-i-kakvo-predlagat-partiite,Данъци и осигуровки: Какво остава в джоба на работещите и какво предлагат партиите,2026-04-04,1 923,11,НА ХРАНИЛКАТА ДА ЗАПОЧНАТ ДА СИ ПЛАЩАТ ОСИГУРОВКИТЕ.,ТЕЗИ,04.04.2026 13:10,25,0,2026-04-11 17:24:33
fakti.bg,https://fakti.bg/topic/izbori/2026/04/04/54020,https://fakti.bg/bulgaria/1046275-danaci-i-osigurovki-kakvo-ostava-v-djoba-na-raboteshtite-i-kakvo-predlagat-partiite,Данъци и осигуровки: Какво остава в джоба на работещите и какво предлагат партиите,2026-04-04,1 923,12,Откъде произлиза името Интул?,въпросче,04.04.2026 13:11,1,0,2026-04-11 17:24:33
fakti.bg,https://fakti.bg/topic/izbori/2026/04/04/54020,https://fakti.bg/bulgaria/1046275-danaci-i-osigurovki-kakvo-ostava-v-djoba-na-raboteshtite-i-kakvo-predlagat-partiite,Данъци и осигуровки: Какво остава в джоба на работещите и какво предлагат партиите,2026-04-04,1 923,13,"Слаба статия!първо се дава инфо с цифри,числа и проценти какво се плаща в момента , а после се дава същото ,но това ,което предлагат партиите!Ако го бяхте сторили щяхте да видите ,че само Асен Василев разбира от финанси! Коментиран от #19",дядо дръмпир,04.04.2026 13:14,8,6,2026-04-11 17:24:33
fakti.bg,https://fakti.bg/topic/izbori/2026/04/04/54020,https://fakti.bg/bulgaria/1046275-danaci-i-osigurovki-kakvo-ostava-v-djoba-na-raboteshtite-i-kakvo-predlagat-partiite,Данъци и осигуровки: Какво остава в джоба на работещите и какво предлагат партиите,2026-04-04,1 923,14,"До коментар #4 от ""Миризлив пор"": Доста първосигнално умозаключение ❗ Първо, това с пликовете го имаше още от зората на ДЕКОРОкрацията, има го и още❗ Контрол по укриване на доходи и данъци не е нов раздел, описан още в разказа ""Андрешко"" ❗ А дали контролът е ефективен не зависи от начина да облагане с данъци- справка съдебни дела за милиони в други страни❗ Второ, само да ти кажа, че при прогресивна скала големите собственици биха предпочели вместо да дават по- голяма част в хазната, да я дадат като разход във фирмата под форма на нови машини, облекло или ДМС на служителите❗",🇧🇬БАЙ Х@Й‼️,04.04.2026 13:15,12,0,2026-04-11 17:24:33
fakti.bg,https://fakti.bg/topic/izbori/2026/04/04/54020,https://fakti.bg/bulgaria/1046275-danaci-i-osigurovki-kakvo-ostava-v-djoba-na-raboteshtite-i-kakvo-predlagat-partiite,Данъци и осигуровки: Какво остава в джоба на работещите и какво предлагат партиите,2026-04-04,1 923,15,Да остава ! Все по - Малко ! В Джоба !,КАКВО ПРАДЛАГАТ ПАРТИИТЕ ?,04.04.2026 13:19,6,0,2026-04-11 17:24:33
fakti.bg,https://fakti.bg/topic/izbori/2026/04/04/54020,https://fakti.bg/bulgaria/1046275-danaci-i-osigurovki-kakvo-ostava-v-djoba-na-raboteshtite-i-kakvo-predlagat-partiite,Данъци и осигуровки: Какво остава в джоба на работещите и какво предлагат партиите,2026-04-04,1 923,16,"Да не се правят на луди !!! Въпросът на който трябва да отговарят е - къде са 40 милиарда, които бяха гарант към МВФ...?! Вече сме евро богаташи, та - защо мълчат за тези пари на българската държава ?! Или, народните пари !!!",Пич,04.04.2026 13:19,12,0,2026-04-11 17:24:33
fakti.bg,https://fakti.bg/topic/izbori/2026/04/04/54020,https://fakti.bg/bulgaria/1046275-danaci-i-osigurovki-kakvo-ostava-v-djoba-na-raboteshtite-i-kakvo-predlagat-partiite,Данъци и осигуровки: Какво остава в джоба на работещите и какво предлагат партиите,2026-04-04,1 923,17,"До коментар #6 от ""ъгъл"": Плоският данък е мечта за всички капиталисти, нону нас го въведоха..... БСП❗ А по-голямото преразпределение през бюджета е мечта на БКП, но най-голямото преразпределение го извършват антикомунистическите управления❗ Дясно управление с леви мерки и обратно - ляво управление с десни мерки❗",🇧🇬БАЙ Х@Й‼️,04.04.2026 13:20,14,0,2026-04-11 17:24:33
fakti.bg,https://fakti.bg/topic/izbori/2026/04/04/54020,https://fakti.bg/bulgaria/1046275-danaci-i-osigurovki-kakvo-ostava-v-djoba-na-raboteshtite-i-kakvo-predlagat-partiite,Данъци и осигуровки: Какво остава в джоба на работещите и какво предлагат партиите,2026-04-04,1 923,18,"Само абсолютни тъпири ще им четат глупостите. Скоро - увеличение на данъците, увеличение на ДДС, увеличение на местни данъци и такси, увеличение на осигуровки. ХАХАХА Всичко както си е редно. Само на абсолютни тъпаци (като ориенталките кроманьонци) не им е ясно.",хаха,04.04.2026 13:22,12,0,2026-04-11 17:24:33
fakti.bg,https://fakti.bg/topic/izbori/2026/04/04/54020,https://fakti.bg/bulgaria/1046275-danaci-i-osigurovki-kakvo-ostava-v-djoba-na-raboteshtite-i-kakvo-predlagat-partiite,Данъци и осигуровки: Какво остава в джоба на работещите и какво предлагат партиите,2026-04-04,1 923,19,"До коментар #13 от ""дядо дръмпир"": Никой не разбира ! От ! Финанси ! Да разбираеш От Фенанси ! Това означава ! Как се Правят Финанси ! Но Защо сме ? Все повече На Минус ! При толкова Много! Разбирачи ! Коментиран от #24",Очевидно !,04.04.2026 13:22,6,0,2026-04-11 17:24:33
fakti.bg,https://fakti.bg/topic/izbori/2026/04/04/54020,https://fakti.bg/bulgaria/1046275-danaci-i-osigurovki-kakvo-ostava-v-djoba-na-raboteshtite-i-kakvo-predlagat-partiite,Данъци и осигуровки: Какво остава в джоба на работещите и какво предлагат партиите,2026-04-04,1 923,20,"Гласувайте за мен- Това което АЗ мога да ви ОБЕЩАЯ, никой друг не може да Ви го ДАДЕ❗ ( не че аз ще ви го дам) А защо когато АЗ Ви излъжа - това ще е измама, а когато партиите Ви лъжат- това е политика, се замислете сами❗",🇧🇬БАЙ Х@Й‼️,04.04.2026 13:24,10,0,2026-04-11 17:24:33
fakti.bg,https://fakti.bg/topic/izbori/2026/04/04/54020,https://fakti.bg/bulgaria/1046275-danaci-i-osigurovki-kakvo-ostava-v-djoba-na-raboteshtite-i-kakvo-predlagat-partiite,Данъци и осигуровки: Какво остава в джоба на работещите и какво предлагат партиите,2026-04-04,1 923,21,"Правете като държавните служители , просто не плащате осигуровки и така ще ви оставят повече пари Коментиран от #37 , #46",ФАЯНСАДЖИЯТА,04.04.2026 13:24,18,0,2026-04-11 17:24:33
fakti.bg,https://fakti.bg/topic/izbori/2026/04/04/54020,https://fakti.bg/bulgaria/1046275-danaci-i-osigurovki-kakvo-ostava-v-djoba-na-raboteshtite-i-kakvo-predlagat-partiite,Данъци и осигуровки: Какво остава в джоба на работещите и какво предлагат партиите,2026-04-04,1 923,22,"пак ще ровят в хладилника , на че им трябва но от всеки по стотинка и ето ти нов милионер , верен на бандитския режим който да бие бедните , демокрация ,а ?",ха ха,04.04.2026 13:28,7,0,2026-04-11 17:24:33
fakti.bg,https://fakti.bg/topic/izbori/2026/04/04/54020,https://fakti.bg/bulgaria/1046275-danaci-i-osigurovki-kakvo-ostava-v-djoba-na-raboteshtite-i-kakvo-predlagat-partiite,Данъци и осигуровки: Какво остава в джоба на работещите и какво предлагат партиите,2026-04-04,1 923,23,"До коментар #4 от ""Миризлив пор"": Това с пликовете все още продължава.Врътката е проста.Удръжката от заплатата не са само тези 10%.Има и здравни,за песния прочее.На работодателя му идва по-евтино да даде от печалбата си на работника ""подарък"" в плик на работника си,която се облсга само с 10%.Така дефакто работника получава повече кеш в момента,но ще загуби в бъдеще,когато ще получава по-ниска пенсия. Коментиран от #45 , #48",Сириозну?,04.04.2026 13:33,7,1,2026-04-11 17:24:33
fakti.bg,https://fakti.bg/topic/izbori/2026/04/04/54020,https://fakti.bg/bulgaria/1046275-danaci-i-osigurovki-kakvo-ostava-v-djoba-na-raboteshtite-i-kakvo-predlagat-partiite,Данъци и осигуровки: Какво остава в джоба на работещите и какво предлагат партиите,2026-04-04,1 923,24,"До коментар #19 от ""Очевидно !"": колко пъти да обяснявам ???чети обяснил съм го!Основното е диспропорцията в кошера за теб държавата!В един кошер се намаляват ,а през есента се гонят търтеите ,а тук в кошера на бг има много големи и охранени търтеи!Затова е проблема със финанс затъването на държавата!ПС.Дори да станат като оня цар дето избил възрастните хора ,този проблем няма да изчезне със систематично унищожаване на пенсионерите.Може да се намали ,ако се намири сила ,която да регулира държавни хрантутници не внасящи ДОО,ЗОО,ДЗПО и другите ,които внасят ,но за жалост са все по малко!",дядо дръмпир -учи вас!,04.04.2026 13:37,12,0,2026-04-11 17:24:33
fakti.bg,https://fakti.bg/topic/izbori/2026/04/04/54020,https://fakti.bg/bulgaria/1046275-danaci-i-osigurovki-kakvo-ostava-v-djoba-na-raboteshtite-i-kakvo-predlagat-partiite,Данъци и осигуровки: Какво остава в джоба на работещите и какво предлагат партиите,2026-04-04,1 923,25,21 трябва,Двайсет и едно,04.04.2026 13:43,3,1,2026-04-11 17:24:33
fakti.bg,https://fakti.bg/topic/izbori/2026/04/04/54020,https://fakti.bg/bulgaria/1046275-danaci-i-osigurovki-kakvo-ostava-v-djoba-na-raboteshtite-i-kakvo-predlagat-partiite,Данъци и осигуровки: Какво остава в джоба на работещите и какво предлагат партиите,2026-04-04,1 923,26,"Като минат изборите всички бързо ще забравят какво са предлагали и пак ще ги вълнува само как да се доберат до държавната софра. Приказки за наивници са всички останало,за да вземат някой глас в повече.",Казанлъшкия,04.04.2026 13:45,16,0,2026-04-11 17:24:33
fakti.bg,https://fakti.bg/topic/izbori/2026/04/04/54020,https://fakti.bg/bulgaria/1046275-danaci-i-osigurovki-kakvo-ostava-v-djoba-na-raboteshtite-i-kakvo-predlagat-partiite,Данъци и осигуровки: Какво остава в джоба на работещите и какво предлагат партиите,2026-04-04,1 923,28,"Също така е редно както аз си плащам осигуровки и данъци от заплатата, така и всички държавни служители да го правят ! Полицаите получават чисто парите си примерно. Лелки по институции, НАП и т.н.,не плащат цент данък. Ако всички такива служители плащат както всеки друг ще има още няколко милиарда в хазната.",Казанлъшкия,04.04.2026 13:47,13,0,2026-04-11 17:24:33
fakti.bg,https://fakti.bg/topic/izbori/2026/04/04/54020,https://fakti.bg/bulgaria/1046275-danaci-i-osigurovki-kakvo-ostava-v-djoba-na-raboteshtite-i-kakvo-predlagat-partiite,Данъци и осигуровки: Какво остава в джоба на работещите и какво предлагат партиите,2026-04-04,1 923,29,"партийте преди изборите няма нищо общо с това , които ще бъде прието след тях.А , дали са съгласни с въвеждане на прогресивен данък , трябва да са наясно, че няма страна членка на еврозоната с плосък данък.","Това , което предлагат",04.04.2026 13:51,12,0,2026-04-11 17:24:33
fakti.bg,https://fakti.bg/topic/izbori/2026/04/04/54020,https://fakti.bg/bulgaria/1046275-danaci-i-osigurovki-kakvo-ostava-v-djoba-na-raboteshtite-i-kakvo-predlagat-partiite,Данъци и осигуровки: Какво остава в джоба на работещите и какво предлагат партиите,2026-04-04,1 923,30,Заболелите хора получават робовладелство понякога унижения и подигравки меко казано. Системата превръща хората в роби. Лекарите също са притиснати от системата. Затова смятам че лекарите трябва да имат твърди високи заплати. Тогава може да има шанс и за хората. Но трябва смяна на системата !?! Изцяло нова система !!!,Срещу здравните осигуровки,04.04.2026 13:52,14,1,2026-04-11 17:24:33
fakti.bg,https://fakti.bg/topic/izbori/2026/04/04/54020,https://fakti.bg/bulgaria/1046275-danaci-i-osigurovki-kakvo-ostava-v-djoba-na-raboteshtite-i-kakvo-predlagat-partiite,Данъци и осигуровки: Какво остава в джоба на работещите и какво предлагат партиите,2026-04-04,1 923,31,Защото така запазват независимостта си. Тоест безплатното социалистическо здравеопазване защото пак ги лекуват пак им израждат бебетата пак лежат по болниците но за малцинствата е безплатно .,ромите не искат да внасят здравни вноски,04.04.2026 13:57,10,0,2026-04-11 17:24:33
fakti.bg,https://fakti.bg/topic/izbori/2026/04/04/54020,https://fakti.bg/bulgaria/1046275-danaci-i-osigurovki-kakvo-ostava-v-djoba-na-raboteshtite-i-kakvo-predlagat-partiite,Данъци и осигуровки: Какво остава в джоба на работещите и какво предлагат партиите,2026-04-04,1 923,32,За да лекуват хората нормално и да не се унижават взаимно лекари и пациенти. Трябва пълна промяна в здравеопазването точно обратното което е сега защото сегашната система е неефективна.,Моля дайте високи заплати на лекарите,04.04.2026 14:02,6,3,2026-04-11 17:24:33
fakti.bg,https://fakti.bg/topic/izbori/2026/04/04/54020,https://fakti.bg/bulgaria/1046275-danaci-i-osigurovki-kakvo-ostava-v-djoba-na-raboteshtite-i-kakvo-predlagat-partiite,Данъци и осигуровки: Какво остава в джоба на работещите и какво предлагат партиите,2026-04-04,1 923,33,"Данък от 10% и сега е различен за някой на минимална заплата и за някой със заплата 10к. Трябва да се махне максималния осигурителен праг, да се въведат осигуровки за всички държавни служители, да се намали техния брой, да се осветлят наемодатели, фризьорки и козметични, автомонтьори, разни домашни майстори и работодатели дето дават в плик. А не сметката да плащат 40-50% будали дето си внасят всичко до стотинка, а останалите да се смеят и после да викат ми тя пенсията ми ниска или пък - аз бях Мильо и се кефя на будалите дето работят. Коментиран от #35",Счетоводител,04.04.2026 14:11,6,4,2026-04-11 17:24:33
fakti.bg,https://fakti.bg/topic/izbori/2026/04/04/54020,https://fakti.bg/bulgaria/1046275-danaci-i-osigurovki-kakvo-ostava-v-djoba-na-raboteshtite-i-kakvo-predlagat-partiite,Данъци и осигуровки: Какво остава в джоба на работещите и какво предлагат партиите,2026-04-04,1 923,34,"За по голямата част от работещите , като бръкнат в скъсаните си джобове , няма семки и бонбонки . Най много да хванат един гол ...",Будител,04.04.2026 14:18,7,0,2026-04-11 17:24:33
fakti.bg,https://fakti.bg/topic/izbori/2026/04/04/54020,https://fakti.bg/bulgaria/1046275-danaci-i-osigurovki-kakvo-ostava-v-djoba-na-raboteshtite-i-kakvo-predlagat-partiite,Данъци и осигуровки: Какво остава в джоба на работещите и какво предлагат партиите,2026-04-04,1 923,35,"До коментар #33 от ""Счетоводител"": Както беше преди две хилядната година и може би преди ЕС че даже и преди демокрадцията , защото изглежда че точно тя ни убива. Ние сме роби на лекарите на администрацията на здравната система на правосъдие вътрешни работи образование всичко е напълно погрешно.Няма една добрина за хората.",С две думи трябва да се върне всичко,04.04.2026 14:31,9,0,2026-04-11 17:24:33
fakti.bg,https://fakti.bg/topic/izbori/2026/04/04/54020,https://fakti.bg/bulgaria/1046275-danaci-i-osigurovki-kakvo-ostava-v-djoba-na-raboteshtite-i-kakvo-predlagat-partiite,Данъци и осигуровки: Какво остава в джоба на работещите и какво предлагат партиите,2026-04-04,1 923,36,"В джоба на работещите остава една голяма евродупка, а в хладилника - две яйца и един кренвирш.",Плосък данък,04.04.2026 14:34,8,1,2026-04-11 17:24:33
fakti.bg,https://fakti.bg/topic/izbori/2026/04/04/54020,https://fakti.bg/bulgaria/1046275-danaci-i-osigurovki-kakvo-ostava-v-djoba-na-raboteshtite-i-kakvo-predlagat-partiite,Данъци и осигуровки: Какво остава в джоба на работещите и какво предлагат партиите,2026-04-04,1 923,37,"До коментар #21 от ""ФАЯНСАДЖИЯТА"": Защото щели да се лекуват на частно. Да ама те и частните болници се финансират от здравната каса. Ами частните кабинети също ползват логистика и апаратура финансирана от здравната каса. Е къде е справедливостта тогава ?!?",Фаянсажиите не внасят здравни вноски,04.04.2026 14:48,8,1,2026-04-11 17:24:33
fakti.bg,https://fakti.bg/topic/izbori/2026/04/04/54020,https://fakti.bg/bulgaria/1046275-danaci-i-osigurovki-kakvo-ostava-v-djoba-na-raboteshtite-i-kakvo-predlagat-partiite,Данъци и осигуровки: Какво остава в джоба на работещите и какво предлагат партиите,2026-04-04,1 923,39,"Нов опасен щам на Ковид ""произведен""от ваксините атакува много страни и бг.това не се казва ,а много хора в бг са го преминали ,а други в момента боледуват..Разновидност на Омикрон ,но с тежките форми на Ковид в 1ва версия уморил много хора !Около 75% от новия вариант кръстен Щамът се нарича BA.3.2 и също ""Цикада"".открит еПървоначално е идентифициран в Южна Африка в края на 2024 г., а по-късно е открит в САЩ, Великобритания, Япония, Кения и Европа, наред с други.В момента има хора ,които боледуват ,а други са преминали ,но Срещу него ще имат имунен отговор не повече от 25% от Изкаралите първия Ковид!Тоест ваксините на тази урсула да си ги..... Нямам намерение да плаша ,а информирам....пак се пробват върху нас Българи ,пазете се!",никой не ви информира за това!!,04.04.2026 15:13,1,1,2026-04-11 17:24:33
fakti.bg,https://fakti.bg/topic/izbori/2026/04/04/54020,https://fakti.bg/bulgaria/1046275-danaci-i-osigurovki-kakvo-ostava-v-djoba-na-raboteshtite-i-kakvo-predlagat-partiite,Данъци и осигуровки: Какво остава в джоба на работещите и какво предлагат партиите,2026-04-04,1 923,40,"това е много опасен мутант на безобидния омикрон.Бях написал симптомите -изтриха ги в 38 пост.общо взето тук в бг сме по добре защото го изкарахме ,а не се бодохме,но това е нова вълна и тя ще ни залее отново!Пазете се това лекарите не ви го казват ,защото за тях сме маймунки....",Дядо дръмпир -истината в 39пост,04.04.2026 15:25,2,0,2026-04-11 17:24:33
fakti.bg,https://fakti.bg/topic/izbori/2026/04/04/54020,https://fakti.bg/bulgaria/1046275-danaci-i-osigurovki-kakvo-ostava-v-djoba-na-raboteshtite-i-kakvo-predlagat-partiite,Данъци и осигуровки: Какво остава в джоба на работещите и какво предлагат партиите,2026-04-04,1 923,41,"Тоест гласувате за левичари, популисти и кремълски подметки получавате робство ! Пипнат ли данъците излиза по изгодно да се живее и работи в западна Европа, там поне държавите имат закони и са уредени. Тук без реформи подобни мерки са просто разхищение на средства за корупционери …",Хъхъ,04.04.2026 15:35,4,3,2026-04-11 17:24:33
fakti.bg,https://fakti.bg/topic/izbori/2026/04/04/54020,https://fakti.bg/bulgaria/1046275-danaci-i-osigurovki-kakvo-ostava-v-djoba-na-raboteshtite-i-kakvo-predlagat-partiite,Данъци и осигуровки: Какво остава в джоба на работещите и какво предлагат партиите,2026-04-04,1 923,42,"Аз имам по добра програма за данъци която ще улесни много и работещи и фирми, но автоматично ще направи ненужни голяма част от администрацията ! Всички на трудов договор да имат 0% данък върху доходите, плащания само по банков път, НО да се увеличат плащанията за здраве и пенсия. Бруто заплатата която получавате да включи всичките разходи които в момента се делят между работодател и работник. Фирмите да плащат данъците си директно към избрани от тях проекти по общини. Ако не желят се плаща към бюджета 12% върху печалбата. ДДС да се вдигне на 25% за всички стоки. Така администрацията ще контролира само фирмите а гражданите които получават повече, ще плащат повече при по висока консумация .. Коментиран от #47",Ехее,04.04.2026 15:46,2,3,2026-04-11 17:24:33
fakti.bg,https://fakti.bg/topic/izbori/2026/04/04/54020,https://fakti.bg/bulgaria/1046275-danaci-i-osigurovki-kakvo-ostava-v-djoba-na-raboteshtite-i-kakvo-predlagat-partiite,Данъци и осигуровки: Какво остава в джоба на работещите и какво предлагат партиите,2026-04-04,1 923,43,"Навсякъде имам Въпроси ,но това еептен не го проумявам!!!Бруто заплатата която получавате да включи всичките разходи които в момента се делят между работодател и работник????",дълбоко виждащ дядо дръмпир,04.04.2026 15:53,1,0,2026-04-11 17:24:33
fakti.bg,https://fakti.bg/topic/izbori/2026/04/04/54020,https://fakti.bg/bulgaria/1046275-danaci-i-osigurovki-kakvo-ostava-v-djoba-na-raboteshtite-i-kakvo-predlagat-partiite,Данъци и осигуровки: Какво остава в джоба на работещите и какво предлагат партиите,2026-04-04,1 923,44,"До коментар #4 от ""Миризлив пор"": Добре,но и за такъв вид тарикатлъци,има лек.Просто се прилага закон - правилник , приет от много години.Фирми компании, от дребен бизнес,до имащи няколко стотин,или хиляди работници да функционира с контрагенти, доставчик на суровини,ток,вода, гориво и др,само през банков превод.Да има право( според оборота и брой работници) да тегли- или държи на каса, минимални суми,за оперативни нужди.При проверка от Данъчни,достатъчно е наличие на документи за кешови разплащания ,като аванс,заплата и следва санкция в размер на определен процент от оборота.От баничара,до огромни компании ,доста ще се замислят за номера д плика.А от такава проверка,никой не може да избяга.Това "" изхлузване"" с мантрата,за скок на сивата икономика, е само параван за укриване на данъци.При такава контролна система,едно евро не може да избяга.На запад,много от развитите икономики,са със шрогресивна данъчна скала.Изглежда ,че Радев ( според програмата им) по нищо не се различава от досегашните "" десни"" дори клони към десни неолиберали.Ако в едно четири членно семейство, двама имат доходи по 2 хиляди евро,третия -4 хиляди,а четвъртият -10 хиляди,но всички внасят в домашния бюджет еднакво - по 10% от дохода си,дали това семейство,ще успее да закупи още едно жилище,скъп автомобил,да почива в лукс курорти.Ще го постигнат само последните двама.",Мухаа ха!,04.04.2026 16:30,0,4,2026-04-11 17:24:33
fakti.bg,https://fakti.bg/topic/izbori/2026/04/04/54020,https://fakti.bg/bulgaria/1046275-danaci-i-osigurovki-kakvo-ostava-v-djoba-na-raboteshtite-i-kakvo-predlagat-partiite,Данъци и осигуровки: Какво остава в джоба на работещите и какво предлагат партиите,2026-04-04,1 923,45,"До коментар #23 от ""Сириозну?"": институциите дремят...",всички знаят за тая схема,04.04.2026 16:45,1,0,2026-04-11 17:24:33
fakti.bg,https://fakti.bg/topic/izbori/2026/04/04/54020,https://fakti.bg/bulgaria/1046275-danaci-i-osigurovki-kakvo-ostava-v-djoba-na-raboteshtite-i-kakvo-predlagat-partiite,Данъци и осигуровки: Какво остава в джоба на работещите и какво предлагат партиите,2026-04-04,1 923,46,"До коментар #21 от ""ФАЯНСАДЖИЯТА"": Или-За Бога братя, Иганизираѝте се . С едно „ ц “ отпред. Само така ще оцелеете в 40 години партокрация и комунистически капитализъм.",Илиев,05.04.2026 08:05,0,0,2026-04-11 17:24:33
fakti.bg,https://fakti.bg/topic/izbori/2026/04/04/54020,https://fakti.bg/bulgaria/1046275-danaci-i-osigurovki-kakvo-ostava-v-djoba-na-raboteshtite-i-kakvo-predlagat-partiite,Данъци и осигуровки: Какво остава в джоба на работещите и какво предлагат партиите,2026-04-04,1 923,47,"До коментар #42 от ""Ехее"": От всяко изработено Евро на произвеждащия му остава да потреби за да е жив около 0,35 цента. Другото е директните удръжки. Хайде сега сложиме и данък 400% увеличен за имот и смет - ползвал или не без значение и ако имаш и една 15 год.кола. Да прибавим ли и месечния рекет на енергото и ВиК ? Минимална реална заплата те прави негоден за живот , работещ роб все по-беден и никакъв шанс за семейство и възпроизводство. Та, казваш още с 5 % да им се вдигне ДДС-то което като краен потребител няма връщане . Тогава директно може на тях да се предложи евтаназия за да не се мъчат и страдат повече или със заем еднопосочен за чужбина. 10. години работа на запад е равна на минимум 3 пъти по- голяма пенсия от тази тук въпреки 40 години робия. О станете си тук далавераджии търговци , политиците Ви и оня етнос . Впрочем и той май избяга, а тук само имоти като фабрика на 8-ми септември 1944 г. копува.",Тенев,05.04.2026 08:32,0,0,2026-04-11 17:24:33
fakti.bg,https://fakti.bg/topic/izbori/2026/04/04/54020,https://fakti.bg/bulgaria/1046275-danaci-i-osigurovki-kakvo-ostava-v-djoba-na-raboteshtite-i-kakvo-predlagat-partiite,Данъци и осигуровки: Какво остава в джоба на работещите и какво предлагат партиите,2026-04-04,1 923,48,"До коментар #23 от ""Сириозну?"": Той работника до пенсия не доживява, само чиновници",Яяяяяяя,05.04.2026 11:02,0,0,2026-04-11 17:24:33
fakti.bg,https://fakti.bg/topic/izbori/2026/04/04/54020,https://fakti.bg/bulgaria/1046262-borisov-ot-alfatar-izborite-sa-sastezanie-ne-sa-na-jivot-i-smart-sled-19-april-pak-shte-si-ostanem-hora,"Борисов от Алфатар: Изборите са състезание, не са на живот и смърт. След 19 април пак ще си останем хора",2026-04-04,2 814,1,"Пуснах се пак с кожения шлифер и бивши лели граб (сега бабички гроб) са отново мои! Коментиран от #9 , #11 , #53",Асфалт Паша,04.04.2026 11:36,96,1,2026-04-11 17:24:35
fakti.bg,https://fakti.bg/topic/izbori/2026/04/04/54020,https://fakti.bg/bulgaria/1046262-borisov-ot-alfatar-izborite-sa-sastezanie-ne-sa-na-jivot-i-smart-sled-19-april-pak-shte-si-ostanem-hora,"Борисов от Алфатар: Изборите са състезание, не са на живот и смърт. След 19 април пак ще си останем хора",2026-04-04,2 814,2,Това са метачките назначени от кмета от ГЕРБ. Коментиран от #15,Гост,04.04.2026 11:38,89,3,2026-04-11 17:24:35
fakti.bg,https://fakti.bg/topic/izbori/2026/04/04/54020,https://fakti.bg/bulgaria/1046262-borisov-ot-alfatar-izborite-sa-sastezanie-ne-sa-na-jivot-i-smart-sled-19-april-pak-shte-si-ostanem-hora,"Борисов от Алфатар: Изборите са състезание, не са на живот и смърт. След 19 април пак ще си останем хора",2026-04-04,2 814,4,ще продължава същата мизерия за съжаление Коментиран от #17,зарди офсе заблудени на чобанин тикван,04.04.2026 11:39,77,2,2026-04-11 17:24:35
fakti.bg,https://fakti.bg/topic/izbori/2026/04/04/54020,https://fakti.bg/bulgaria/1046262-borisov-ot-alfatar-izborite-sa-sastezanie-ne-sa-na-jivot-i-smart-sled-19-april-pak-shte-si-ostanem-hora,"Борисов от Алфатар: Изборите са състезание, не са на живот и смърт. След 19 април пак ще си останем хора",2026-04-04,2 814,5,Маскирал се е на Батман.,Отдолу гол,04.04.2026 11:41,66,2,2026-04-11 17:24:35
fakti.bg,https://fakti.bg/topic/izbori/2026/04/04/54020,https://fakti.bg/bulgaria/1046262-borisov-ot-alfatar-izborite-sa-sastezanie-ne-sa-na-jivot-i-smart-sled-19-april-pak-shte-si-ostanem-hora,"Борисов от Алфатар: Изборите са състезание, не са на живот и смърт. След 19 април пак ще си останем хора",2026-04-04,2 814,6,КАКВА ОМЕКНАЛА ТИКВАТААААА Коментиран от #73,ЛЕЛЕ ЛЕЛЕЕЕЕ,04.04.2026 11:41,61,2,2026-04-11 17:24:35
fakti.bg,https://fakti.bg/topic/izbori/2026/04/04/54020,https://fakti.bg/bulgaria/1046262-borisov-ot-alfatar-izborite-sa-sastezanie-ne-sa-na-jivot-i-smart-sled-19-april-pak-shte-si-ostanem-hora,"Борисов от Алфатар: Изборите са състезание, не са на живот и смърт. След 19 април пак ще си останем хора",2026-04-04,2 814,8,"Хора в затвора ....някой хора ще бъдат в затвора и ще попаднат на"" добри "" хора ( Зоро и Рамбо от Факултета примерно , в една килия )",Сила,04.04.2026 11:41,42,6,2026-04-11 17:24:35
fakti.bg,https://fakti.bg/topic/izbori/2026/04/04/54020,https://fakti.bg/bulgaria/1046262-borisov-ot-alfatar-izborite-sa-sastezanie-ne-sa-na-jivot-i-smart-sled-19-april-pak-shte-si-ostanem-hora,"Борисов от Алфатар: Изборите са състезание, не са на живот и смърт. След 19 април пак ще си останем хора",2026-04-04,2 814,9,"До коментар #1 от ""Асфалт Паша"": Буци пак го е шубе от нещо🤔 Такъв шлифер с кевлар спаси Златко Баретата при стрелба с АК❗",🇧🇬БАЙ Х@Й‼️,04.04.2026 11:43,58,2,2026-04-11 17:24:35
fakti.bg,https://fakti.bg/topic/izbori/2026/04/04/54020,https://fakti.bg/bulgaria/1046262-borisov-ot-alfatar-izborite-sa-sastezanie-ne-sa-na-jivot-i-smart-sled-19-april-pak-shte-si-ostanem-hora,"Борисов от Алфатар: Изборите са състезание, не са на живот и смърт. След 19 април пак ще си останем хора",2026-04-04,2 814,11,"До коментар #1 от ""Асфалт Паша"": На финалната права ще е само по шлифер ...за да впечатли и дъщерите на стринки ГЕРБ !!!",Сила,04.04.2026 11:43,49,0,2026-04-11 17:24:35
fakti.bg,https://fakti.bg/topic/izbori/2026/04/04/54020,https://fakti.bg/bulgaria/1046262-borisov-ot-alfatar-izborite-sa-sastezanie-ne-sa-na-jivot-i-smart-sled-19-april-pak-shte-si-ostanem-hora,"Борисов от Алфатар: Изборите са състезание, не са на живот и смърт. След 19 април пак ще си останем хора",2026-04-04,2 814,15,"До коментар #2 от ""Гост"": Мислех си, че простата Тиква Борисов е зад решетките, пък той пак се плези зад микрофоните.",Малеееее,04.04.2026 11:47,59,2,2026-04-11 17:24:35
fakti.bg,https://fakti.bg/topic/izbori/2026/04/04/54020,https://fakti.bg/bulgaria/1046262-borisov-ot-alfatar-izborite-sa-sastezanie-ne-sa-na-jivot-i-smart-sled-19-april-pak-shte-si-ostanem-hora,"Борисов от Алфатар: Изборите са състезание, не са на живот и смърт. След 19 април пак ще си останем хора",2026-04-04,2 814,17,"До коментар #4 от ""зарди офсе заблудени на чобанин тикван"": когато Борисов влезе в затвора заедно с аверчето си Пеевски, тогава и България ще тръгне по своя правилен път на развитие. Коментиран от #45","Да де, ама",04.04.2026 11:48,51,3,2026-04-11 17:24:35
fakti.bg,https://fakti.bg/topic/izbori/2026/04/04/54020,https://fakti.bg/bulgaria/1046262-borisov-ot-alfatar-izborite-sa-sastezanie-ne-sa-na-jivot-i-smart-sled-19-april-pak-shte-si-ostanem-hora,"Борисов от Алфатар: Изборите са състезание, не са на живот и смърт. След 19 април пак ще си останем хора",2026-04-04,2 814,19,"Мижи да те лъжа ""како Иванке""...., я елате сега да се"" снимате"" с мене!!!",Оракула от Делфи,04.04.2026 11:51,34,1,2026-04-11 17:24:35
fakti.bg,https://fakti.bg/topic/izbori/2026/04/04/54020,https://fakti.bg/bulgaria/1046262-borisov-ot-alfatar-izborite-sa-sastezanie-ne-sa-na-jivot-i-smart-sled-19-april-pak-shte-si-ostanem-hora,"Борисов от Алфатар: Изборите са състезание, не са на живот и смърт. След 19 април пак ще си останем хора",2026-04-04,2 814,20,новина ли ще е??? Коментиран от #27,Ако изпусне газове,04.04.2026 11:53,30,3,2026-04-11 17:24:35
fakti.bg,https://fakti.bg/topic/izbori/2026/04/04/54020,https://fakti.bg/bulgaria/1046262-borisov-ot-alfatar-izborite-sa-sastezanie-ne-sa-na-jivot-i-smart-sled-19-april-pak-shte-si-ostanem-hora,"Борисов от Алфатар: Изборите са състезание, не са на живот и смърт. След 19 април пак ще си останем хора",2026-04-04,2 814,22,Поне 90% от българите се надяват след 19-ти ти Тикви да станеш затворник.😂 Коментиран от #93,Съдията,04.04.2026 11:57,42,3,2026-04-11 17:24:35
fakti.bg,https://fakti.bg/topic/izbori/2026/04/04/54020,https://fakti.bg/bulgaria/1046262-borisov-ot-alfatar-izborite-sa-sastezanie-ne-sa-na-jivot-i-smart-sled-19-april-pak-shte-si-ostanem-hora,"Борисов от Алфатар: Изборите са състезание, не са на живот и смърт. След 19 април пак ще си останем хора",2026-04-04,2 814,23,"Борисов, ти ако беше човек, нашият хал щеше да е друг.",Сусу Манарата,04.04.2026 11:57,37,3,2026-04-11 17:24:35
fakti.bg,https://fakti.bg/topic/izbori/2026/04/04/54020,https://fakti.bg/bulgaria/1046262-borisov-ot-alfatar-izborite-sa-sastezanie-ne-sa-na-jivot-i-smart-sled-19-april-pak-shte-si-ostanem-hora,"Борисов от Алфатар: Изборите са състезание, не са на живот и смърт. След 19 април пак ще си останем хора",2026-04-04,2 814,25,"Алфатарските баби се радват на Бащицата.. нахлул кожен шлифер като комисар от гражданската война:)) ...впрочем,кой му финансира разходките на тоЪ тюфлек?! Коментиран от #31",Град Симитли,04.04.2026 12:03,33,2,2026-04-11 17:24:35
fakti.bg,https://fakti.bg/topic/izbori/2026/04/04/54020,https://fakti.bg/bulgaria/1046262-borisov-ot-alfatar-izborite-sa-sastezanie-ne-sa-na-jivot-i-smart-sled-19-april-pak-shte-si-ostanem-hora,"Борисов от Алфатар: Изборите са състезание, не са на живот и смърт. След 19 април пак ще си останем хора",2026-04-04,2 814,27,"До коментар #20 от ""Ако изпусне газове"": Разбира се!",Коня Солтуклиева,04.04.2026 12:04,13,1,2026-04-11 17:24:35
fakti.bg,https://fakti.bg/topic/izbori/2026/04/04/54020,https://fakti.bg/bulgaria/1046262-borisov-ot-alfatar-izborite-sa-sastezanie-ne-sa-na-jivot-i-smart-sled-19-april-pak-shte-si-ostanem-hora,"Борисов от Алфатар: Изборите са състезание, не са на живот и смърт. След 19 април пак ще си останем хора",2026-04-04,2 814,31,"До коментар #25 от ""Град Симитли"": ""председателя на домсъвета Швондер ""....Кучешко сърце , Булгаков",Сила,04.04.2026 12:08,15,0,2026-04-11 17:24:35
fakti.bg,https://fakti.bg/topic/izbori/2026/04/04/54020,https://fakti.bg/bulgaria/1046262-borisov-ot-alfatar-izborite-sa-sastezanie-ne-sa-na-jivot-i-smart-sled-19-april-pak-shte-si-ostanem-hora,"Борисов от Алфатар: Изборите са състезание, не са на живот и смърт. След 19 април пак ще си останем хора",2026-04-04,2 814,32,Едно време нацистките офицери и гестаповците са ходили с такива кожени шлифери помните ли лозунга на Бойко “Работата ще ви освободи”. Коментиран от #44,хер Баце,04.04.2026 12:09,34,3,2026-04-11 17:24:35
fakti.bg,https://fakti.bg/topic/izbori/2026/04/04/54020,https://fakti.bg/bulgaria/1046262-borisov-ot-alfatar-izborite-sa-sastezanie-ne-sa-na-jivot-i-smart-sled-19-april-pak-shte-si-ostanem-hora,"Борисов от Алфатар: Изборите са състезание, не са на живот и смърт. След 19 април пак ще си останем хора",2026-04-04,2 814,34,И за шистовата отрова.,Граб,04.04.2026 12:10,16,2,2026-04-11 17:24:35
fakti.bg,https://fakti.bg/topic/izbori/2026/04/04/54020,https://fakti.bg/bulgaria/1046262-borisov-ot-alfatar-izborite-sa-sastezanie-ne-sa-na-jivot-i-smart-sled-19-april-pak-shte-si-ostanem-hora,"Борисов от Алфатар: Изборите са състезание, не са на живот и смърт. След 19 април пак ще си останем хора",2026-04-04,2 814,35,Е ЗА ЗАТВОР!,БОЙО БЪЛГАРОУБИЕЦА,04.04.2026 12:12,29,3,2026-04-11 17:24:35
fakti.bg,https://fakti.bg/topic/izbori/2026/04/04/54020,https://fakti.bg/bulgaria/1046262-borisov-ot-alfatar-izborite-sa-sastezanie-ne-sa-na-jivot-i-smart-sled-19-april-pak-shte-si-ostanem-hora,"Борисов от Алфатар: Изборите са състезание, не са на живот и смърт. След 19 април пак ще си останем хора",2026-04-04,2 814,38,Прав е Бочката - с такъв матрял - толкова!,Топалов,04.04.2026 12:14,16,7,2026-04-11 17:24:35
fakti.bg,https://fakti.bg/topic/izbori/2026/04/04/54020,https://fakti.bg/bulgaria/1046262-borisov-ot-alfatar-izborite-sa-sastezanie-ne-sa-na-jivot-i-smart-sled-19-april-pak-shte-si-ostanem-hora,"Борисов от Алфатар: Изборите са състезание, не са на живот и смърт. След 19 април пак ще си останем хора",2026-04-04,2 814,39,Абе има ли още някой да вярва на Тиквата Коментиран от #43,Смешник,04.04.2026 12:15,27,3,2026-04-11 17:24:35
fakti.bg,https://fakti.bg/topic/izbori/2026/04/04/54020,https://fakti.bg/bulgaria/1046262-borisov-ot-alfatar-izborite-sa-sastezanie-ne-sa-na-jivot-i-smart-sled-19-april-pak-shte-si-ostanem-hora,"Борисов от Алфатар: Изборите са състезание, не са на живот и смърт. След 19 април пак ще си останем хора",2026-04-04,2 814,40,Само не разбрах защо няма да има вода :),Ами,04.04.2026 12:15,20,1,2026-04-11 17:24:35
fakti.bg,https://fakti.bg/topic/izbori/2026/04/04/54020,https://fakti.bg/bulgaria/1046262-borisov-ot-alfatar-izborite-sa-sastezanie-ne-sa-na-jivot-i-smart-sled-19-april-pak-shte-si-ostanem-hora,"Борисов от Алфатар: Изборите са състезание, не са на живот и смърт. След 19 април пак ще си останем хора",2026-04-04,2 814,42,"Двайсет калинки като балеринки Двайсет калинки като балеринки Под дъжда вървели, песнички си пеели Под дъжда вървели, песнички си пеели Тралалали нека да вали Тралалали нека да вали От дъждеца ах, нас не ни е страх От дъждеца ах, нас не ни е страх",Пародия,04.04.2026 12:19,11,1,2026-04-11 17:24:35
fakti.bg,https://fakti.bg/topic/izbori/2026/04/04/54020,https://fakti.bg/bulgaria/1046262-borisov-ot-alfatar-izborite-sa-sastezanie-ne-sa-na-jivot-i-smart-sled-19-april-pak-shte-si-ostanem-hora,"Борисов от Алфатар: Изборите са състезание, не са на живот и смърт. След 19 април пак ще си останем хора",2026-04-04,2 814,43,"До коментар #39 от ""Смешник"": Само онзи Данко Харсъзина с шесте хотела.",Дам,04.04.2026 12:20,10,1,2026-04-11 17:24:35
fakti.bg,https://fakti.bg/topic/izbori/2026/04/04/54020,https://fakti.bg/bulgaria/1046262-borisov-ot-alfatar-izborite-sa-sastezanie-ne-sa-na-jivot-i-smart-sled-19-april-pak-shte-si-ostanem-hora,"Борисов от Алфатар: Изборите са състезание, не са на живот и смърт. След 19 април пак ще си останем хора",2026-04-04,2 814,44,"До коментар #32 от ""хер Баце"": Кой ходи с тежка охрана и е далеч от хората Радев а Борисов си ходи с този шлифер от години кой е нелигитимен Гюровите",Анонимен,04.04.2026 12:20,8,16,2026-04-11 17:24:35
fakti.bg,https://fakti.bg/topic/izbori/2026/04/04/54020,https://fakti.bg/bulgaria/1046262-borisov-ot-alfatar-izborite-sa-sastezanie-ne-sa-na-jivot-i-smart-sled-19-april-pak-shte-si-ostanem-hora,"Борисов от Алфатар: Изборите са състезание, не са на живот и смърт. След 19 април пак ще си останем хора",2026-04-04,2 814,45,"До коментар #17 от ""Да де, ама"": Никога",Тоест,04.04.2026 12:21,3,1,2026-04-11 17:24:35
fakti.bg,https://fakti.bg/topic/izbori/2026/04/04/54020,https://fakti.bg/bulgaria/1046262-borisov-ot-alfatar-izborite-sa-sastezanie-ne-sa-na-jivot-i-smart-sled-19-april-pak-shte-si-ostanem-hora,"Борисов от Алфатар: Изборите са състезание, не са на живот и смърт. След 19 април пак ще си останем хора",2026-04-04,2 814,46,"И след изборите, пак ще си същата тиква! Коментиран от #50 , #52",Тиква празна,04.04.2026 12:21,27,1,2026-04-11 17:24:35
fakti.bg,https://fakti.bg/topic/izbori/2026/04/04/54020,https://fakti.bg/bulgaria/1046262-borisov-ot-alfatar-izborite-sa-sastezanie-ne-sa-na-jivot-i-smart-sled-19-april-pak-shte-si-ostanem-hora,"Борисов от Алфатар: Изборите са състезание, не са на живот и смърт. След 19 април пак ще си останем хора",2026-04-04,2 814,47,"До коментар #10 от ""МАЗНИЙ БУЦИ"": Хората от КАРЛУКОВО са тук Гнусни сте",Развитие,04.04.2026 12:21,7,3,2026-04-11 17:24:35
fakti.bg,https://fakti.bg/topic/izbori/2026/04/04/54020,https://fakti.bg/bulgaria/1046262-borisov-ot-alfatar-izborite-sa-sastezanie-ne-sa-na-jivot-i-smart-sled-19-april-pak-shte-si-ostanem-hora,"Борисов от Алфатар: Изборите са състезание, не са на живот и смърт. След 19 април пак ще си останем хора",2026-04-04,2 814,50,"До коментар #46 от ""Тиква празна"": Умствен багаж нула за 46 хахаха умствен багаж за 46 нула хахахаха Коментиран от #91",Анонимен,04.04.2026 12:23,12,1,2026-04-11 17:24:35
fakti.bg,https://fakti.bg/topic/izbori/2026/04/04/54020,https://fakti.bg/bulgaria/1046262-borisov-ot-alfatar-izborite-sa-sastezanie-ne-sa-na-jivot-i-smart-sled-19-april-pak-shte-si-ostanem-hora,"Борисов от Алфатар: Изборите са състезание, не са на живот и смърт. След 19 април пак ще си останем хора",2026-04-04,2 814,51,"Ще си останете, ако сте били! Коментиран от #56",Толкова му е пипето,04.04.2026 12:24,7,2,2026-04-11 17:24:35
fakti.bg,https://fakti.bg/topic/izbori/2026/04/04/54020,https://fakti.bg/bulgaria/1046262-borisov-ot-alfatar-izborite-sa-sastezanie-ne-sa-na-jivot-i-smart-sled-19-april-pak-shte-si-ostanem-hora,"Борисов от Алфатар: Изборите са състезание, не са на живот и смърт. След 19 април пак ще си останем хора",2026-04-04,2 814,52,"До коментар #46 от ""Тиква празна"": Това като във вица: Облякъл черния шлифер,погледнал се в огледалото и казал:,,Приличам също като мутра"" Съблякъл шлифера,погледнал се в огледалото и казал:,,Не,не е от шлифера""",Картаген,04.04.2026 12:24,18,1,2026-04-11 17:24:35
fakti.bg,https://fakti.bg/topic/izbori/2026/04/04/54020,https://fakti.bg/bulgaria/1046262-borisov-ot-alfatar-izborite-sa-sastezanie-ne-sa-na-jivot-i-smart-sled-19-april-pak-shte-si-ostanem-hora,"Борисов от Алфатар: Изборите са състезание, не са на живот и смърт. След 19 април пак ще си останем хора",2026-04-04,2 814,53,"До коментар #1 от ""Асфалт Паша"": чак мило да му стане на човек",медун,04.04.2026 12:26,11,0,2026-04-11 17:24:35
fakti.bg,https://fakti.bg/topic/izbori/2026/04/04/54020,https://fakti.bg/bulgaria/1046262-borisov-ot-alfatar-izborite-sa-sastezanie-ne-sa-na-jivot-i-smart-sled-19-april-pak-shte-si-ostanem-hora,"Борисов от Алфатар: Изборите са състезание, не са на живот и смърт. След 19 април пак ще си останем хора",2026-04-04,2 814,55,В Алфатар мъже няма ли?,интересно,04.04.2026 12:27,13,2,2026-04-11 17:24:35
fakti.bg,https://fakti.bg/topic/izbori/2026/04/04/54020,https://fakti.bg/bulgaria/1046262-borisov-ot-alfatar-izborite-sa-sastezanie-ne-sa-na-jivot-i-smart-sled-19-april-pak-shte-si-ostanem-hora,"Борисов от Алфатар: Изборите са състезание, не са на живот и смърт. След 19 април пак ще си останем хора",2026-04-04,2 814,56,"До коментар #51 от ""Толкова му е пипето"": До 51 и 52 Борисов е ЛИДЕР вече 20 години а вие вижте себе си изпаднали сте доста нула умствен багаж с простотии написани тук",Анонимен,04.04.2026 12:28,5,19,2026-04-11 17:24:35
fakti.bg,https://fakti.bg/topic/izbori/2026/04/04/54020,https://fakti.bg/bulgaria/1046262-borisov-ot-alfatar-izborite-sa-sastezanie-ne-sa-na-jivot-i-smart-sled-19-april-pak-shte-si-ostanem-hora,"Борисов от Алфатар: Изборите са състезание, не са на живот и смърт. След 19 април пак ще си останем хора",2026-04-04,2 814,57,"До коментар #36 от ""Колкото , толкова"": На думи може да имат прилика, но който е живял по времето на управлението на двамата знае, че сравняваш педиатър с педофил- все преди, ама разликата е огромна❗",🇧🇬БАЙ Х@Й‼️,04.04.2026 12:30,9,1,2026-04-11 17:24:35
fakti.bg,https://fakti.bg/topic/izbori/2026/04/04/54020,https://fakti.bg/bulgaria/1046262-borisov-ot-alfatar-izborite-sa-sastezanie-ne-sa-na-jivot-i-smart-sled-19-april-pak-shte-si-ostanem-hora,"Борисов от Алфатар: Изборите са състезание, не са на живот и смърт. След 19 април пак ще си останем хора",2026-04-04,2 814,60,аз ви вкарах в евросъюза и в шенген аз ви вкарах изкуствения интелект и в еврозоната!,бойко,04.04.2026 12:33,8,1,2026-04-11 17:24:35
fakti.bg,https://fakti.bg/topic/izbori/2026/04/04/54020,https://fakti.bg/bulgaria/1046262-borisov-ot-alfatar-izborite-sa-sastezanie-ne-sa-na-jivot-i-smart-sled-19-april-pak-shte-si-ostanem-hora,"Борисов от Алфатар: Изборите са състезание, не са на живот и смърт. След 19 април пак ще си останем хора",2026-04-04,2 814,62,"Изборите са състезание, не са на живот и смърт. След 19 април пак ще си останем хора / кажи го на твоите психопати",ха ха,04.04.2026 12:37,12,1,2026-04-11 17:24:35
fakti.bg,https://fakti.bg/topic/izbori/2026/04/04/54020,https://fakti.bg/bulgaria/1046262-borisov-ot-alfatar-izborite-sa-sastezanie-ne-sa-na-jivot-i-smart-sled-19-april-pak-shte-si-ostanem-hora,"Борисов от Алфатар: Изборите са състезание, не са на живот и смърт. След 19 април пак ще си останем хора",2026-04-04,2 814,63,"Всичко живо масово ще гласува за Радев, другите партии няма да стигнат и 10 процента. Най много пп да вземат 10. Гербаджиите масово минават към Радев за да не са обвързани с Пеевски. Хората на Пеевски гледат само как да го разкарат от друга страна. Коментиран от #71",Мнение,04.04.2026 12:38,16,2,2026-04-11 17:24:35
fakti.bg,https://fakti.bg/topic/izbori/2026/04/04/54020,https://fakti.bg/bulgaria/1046262-borisov-ot-alfatar-izborite-sa-sastezanie-ne-sa-na-jivot-i-smart-sled-19-april-pak-shte-si-ostanem-hora,"Борисов от Алфатар: Изборите са състезание, не са на живот и смърт. След 19 април пак ще си останем хора",2026-04-04,2 814,64,Гледайте и се учете на театрално майсторство!,Додо,04.04.2026 12:38,15,0,2026-04-11 17:24:35
fakti.bg,https://fakti.bg/topic/izbori/2026/04/04/54020,https://fakti.bg/bulgaria/1046262-borisov-ot-alfatar-izborite-sa-sastezanie-ne-sa-na-jivot-i-smart-sled-19-april-pak-shte-si-ostanem-hora,"Борисов от Алфатар: Изборите са състезание, не са на живот и смърт. След 19 април пак ще си останем хора",2026-04-04,2 814,65,"Подари на Борисов биберон въа формата на графика, че да джвака и да престане на плямпа простотии! Далече си от Радев, баце! Борисов, собственика на Галъп Интернешенъл…ала бала е верното куче Борислав Цеков. Хахаха! Тоя мазен подмазвач олигави ПИК с идиотизмите си! Утре ще ситна първо място в графика.",Вчера ГАЛЪП,04.04.2026 12:39,14,1,2026-04-11 17:24:35
fakti.bg,https://fakti.bg/topic/izbori/2026/04/04/54020,https://fakti.bg/bulgaria/1046262-borisov-ot-alfatar-izborite-sa-sastezanie-ne-sa-na-jivot-i-smart-sled-19-april-pak-shte-si-ostanem-hora,"Борисов от Алфатар: Изборите са състезание, не са на живот и смърт. След 19 април пак ще си останем хора",2026-04-04,2 814,66,…избори гласуват само 18% за всички кандидати! И толкова! По-тежка диктатура България не е имала!!!,На вашите….,04.04.2026 12:40,7,0,2026-04-11 17:24:35
fakti.bg,https://fakti.bg/topic/izbori/2026/04/04/54020,https://fakti.bg/bulgaria/1046262-borisov-ot-alfatar-izborite-sa-sastezanie-ne-sa-na-jivot-i-smart-sled-19-april-pak-shte-si-ostanem-hora,"Борисов от Алфатар: Изборите са състезание, не са на живот и смърт. След 19 април пак ще си останем хора",2026-04-04,2 814,67,Така народа посрещаше и Тодор Живков. Само жените които му подаряваха цветя бяха по млади.,Живков,04.04.2026 12:42,8,1,2026-04-11 17:24:35
fakti.bg,https://fakti.bg/topic/izbori/2026/04/04/54020,https://fakti.bg/bulgaria/1046262-borisov-ot-alfatar-izborite-sa-sastezanie-ne-sa-na-jivot-i-smart-sled-19-april-pak-shte-si-ostanem-hora,"Борисов от Алфатар: Изборите са състезание, не са на живот и смърт. След 19 април пак ще си останем хора",2026-04-04,2 814,68,Мръсник и бандит.,БОКО Е,04.04.2026 12:42,13,0,2026-04-11 17:24:35
fakti.bg,https://fakti.bg/topic/izbori/2026/04/04/54020,https://fakti.bg/bulgaria/1046262-borisov-ot-alfatar-izborite-sa-sastezanie-ne-sa-na-jivot-i-smart-sled-19-april-pak-shte-si-ostanem-hora,"Борисов от Алфатар: Изборите са състезание, не са на живот и смърт. След 19 април пак ще си останем хора",2026-04-04,2 814,69,Вече няма джуки фенки Остаря Не поумня Залиня,Само баби,04.04.2026 12:42,13,1,2026-04-11 17:24:35
fakti.bg,https://fakti.bg/topic/izbori/2026/04/04/54020,https://fakti.bg/bulgaria/1046262-borisov-ot-alfatar-izborite-sa-sastezanie-ne-sa-na-jivot-i-smart-sled-19-april-pak-shte-si-ostanem-hora,"Борисов от Алфатар: Изборите са състезание, не са на живот и смърт. След 19 април пак ще си останем хора",2026-04-04,2 814,72,"Да му се радват. Борисов, що не ги повозиш на влакчето? София- Банкя?",Едвам събрал няколко турти,04.04.2026 12:43,14,1,2026-04-11 17:24:35
fakti.bg,https://fakti.bg/topic/izbori/2026/04/04/54020,https://fakti.bg/bulgaria/1046262-borisov-ot-alfatar-izborite-sa-sastezanie-ne-sa-na-jivot-i-smart-sled-19-april-pak-shte-si-ostanem-hora,"Борисов от Алфатар: Изборите са състезание, не са на живот и смърт. След 19 април пак ще си останем хора",2026-04-04,2 814,73,"До коментар #6 от ""ЛЕЛЕ ЛЕЛЕЕЕЕ"": Това е едно от многото му лица.;)",за пред хората,04.04.2026 12:44,12,0,2026-04-11 17:24:35
fakti.bg,https://fakti.bg/topic/izbori/2026/04/04/54020,https://fakti.bg/bulgaria/1046262-borisov-ot-alfatar-izborite-sa-sastezanie-ne-sa-na-jivot-i-smart-sled-19-april-pak-shte-si-ostanem-hora,"Борисов от Алфатар: Изборите са състезание, не са на живот и смърт. След 19 април пак ще си останем хора",2026-04-04,2 814,75,След 19ти април този на снимката ще се скрие в миша дупка и поне до Коледа няма да го чуете . Да му мислят замесените в употреба на непозволена превишена власт и нехайство на институциите Коментиран от #77,Коментар,04.04.2026 12:44,11,1,2026-04-11 17:24:35
fakti.bg,https://fakti.bg/topic/izbori/2026/04/04/54020,https://fakti.bg/bulgaria/1046262-borisov-ot-alfatar-izborite-sa-sastezanie-ne-sa-na-jivot-i-smart-sled-19-april-pak-shte-si-ostanem-hora,"Борисов от Алфатар: Изборите са състезание, не са на живот и смърт. След 19 април пак ще си останем хора",2026-04-04,2 814,76,"Бойко с тоя кожен шлифер прилича на фалшиво ченге, което всъщност той си е.",Минувач,04.04.2026 12:45,18,1,2026-04-11 17:24:35
fakti.bg,https://fakti.bg/topic/izbori/2026/04/04/54020,https://fakti.bg/bulgaria/1046262-borisov-ot-alfatar-izborite-sa-sastezanie-ne-sa-na-jivot-i-smart-sled-19-april-pak-shte-si-ostanem-hora,"Борисов от Алфатар: Изборите са състезание, не са на живот и смърт. След 19 април пак ще си останем хора",2026-04-04,2 814,77,"До коментар #75 от ""Коментар"": Изборите може и да бъдат касирани с незаконните гюрови Коментиран от #89",Анонимен,04.04.2026 12:46,1,12,2026-04-11 17:24:35
fakti.bg,https://fakti.bg/topic/izbori/2026/04/04/54020,https://fakti.bg/bulgaria/1046262-borisov-ot-alfatar-izborite-sa-sastezanie-ne-sa-na-jivot-i-smart-sled-19-april-pak-shte-si-ostanem-hora,"Борисов от Алфатар: Изборите са състезание, не са на живот и смърт. След 19 април пак ще си останем хора",2026-04-04,2 814,78,"До коментар #74 от ""БУЦИ ДЕЙСТВА"": Буци е като компрес на дървен крак! И с него, и без него, файда няма! Коментиран от #81",Не!,04.04.2026 12:46,13,0,2026-04-11 17:24:35
fakti.bg,https://fakti.bg/topic/izbori/2026/04/04/54020,https://fakti.bg/bulgaria/1046262-borisov-ot-alfatar-izborite-sa-sastezanie-ne-sa-na-jivot-i-smart-sled-19-april-pak-shte-si-ostanem-hora,"Борисов от Алфатар: Изборите са състезание, не са на живот и смърт. След 19 април пак ще си останем хора",2026-04-04,2 814,79,Сдобихме се с трима Тодор Живковци. Досега бяха двама.,Леле мале.,04.04.2026 12:46,7,0,2026-04-11 17:24:35
fakti.bg,https://fakti.bg/topic/izbori/2026/04/04/54020,https://fakti.bg/bulgaria/1046262-borisov-ot-alfatar-izborite-sa-sastezanie-ne-sa-na-jivot-i-smart-sled-19-april-pak-shte-si-ostanem-hora,"Борисов от Алфатар: Изборите са състезание, не са на живот и смърт. След 19 април пак ще си останем хора",2026-04-04,2 814,80,"Ти си тумор, не човек. Ние ще си останем хора, ти ще си останеш рак.",дронк,04.04.2026 12:47,12,0,2026-04-11 17:24:35
fakti.bg,https://fakti.bg/topic/izbori/2026/04/04/54020,https://fakti.bg/bulgaria/1046262-borisov-ot-alfatar-izborite-sa-sastezanie-ne-sa-na-jivot-i-smart-sled-19-april-pak-shte-si-ostanem-hora,"Борисов от Алфатар: Изборите са състезание, не са на живот и смърт. След 19 април пак ще си останем хора",2026-04-04,2 814,81,"До коментар #78 от ""Не!"": Бай Ставри не ползва такива матриали...",между другото,04.04.2026 12:48,7,0,2026-04-11 17:24:35
fakti.bg,https://fakti.bg/topic/izbori/2026/04/04/54020,https://fakti.bg/bulgaria/1046262-borisov-ot-alfatar-izborite-sa-sastezanie-ne-sa-na-jivot-i-smart-sled-19-april-pak-shte-si-ostanem-hora,"Борисов от Алфатар: Изборите са състезание, не са на живот и смърт. След 19 април пак ще си останем хора",2026-04-04,2 814,82,Хора ли? Роботизирани биологични единици...............,Баба,04.04.2026 12:49,9,1,2026-04-11 17:24:35
fakti.bg,https://fakti.bg/topic/izbori/2026/04/04/54020,https://fakti.bg/bulgaria/1046262-borisov-ot-alfatar-izborite-sa-sastezanie-ne-sa-na-jivot-i-smart-sled-19-april-pak-shte-si-ostanem-hora,"Борисов от Алфатар: Изборите са състезание, не са на живот и смърт. След 19 април пак ще си останем хора",2026-04-04,2 814,84,Но Борисов пак ще си остане комунист. Коментиран от #87,"Е,някои ще си останат хора,",04.04.2026 12:51,9,1,2026-04-11 17:24:35
fakti.bg,https://fakti.bg/topic/izbori/2026/04/04/54020,https://fakti.bg/bulgaria/1046262-borisov-ot-alfatar-izborite-sa-sastezanie-ne-sa-na-jivot-i-smart-sled-19-april-pak-shte-si-ostanem-hora,"Борисов от Алфатар: Изборите са състезание, не са на живот и смърт. След 19 април пак ще си останем хора",2026-04-04,2 814,85,"КАК ЩЕ ИМА ПРИТЕСНЕНИЯ ,КОГАТО КУППУВАТЕ ГЛАСОВЕ ОТ ГОДИНИ В БЪЛГАРИЯ. НАПРАВИЛ МНОГО ЗА АЛФАТАР?! КАЖИ ПОНЕ ЕДНО. ДОБРЕ ЧЕ СИ ВЯРВА. 🎃🇧🇬🎃🤔🎃😉🇧🇬",Цвете,04.04.2026 12:52,8,0,2026-04-11 17:24:35
fakti.bg,https://fakti.bg/topic/izbori/2026/04/04/54020,https://fakti.bg/bulgaria/1046262-borisov-ot-alfatar-izborite-sa-sastezanie-ne-sa-na-jivot-i-smart-sled-19-april-pak-shte-si-ostanem-hora,"Борисов от Алфатар: Изборите са състезание, не са на живот и смърт. След 19 април пак ще си останем хора",2026-04-04,2 814,86,"КАК ЩЕ ИМА ПРИТЕСНЕНИЯ ,КОГАТО КУППУВАТЕ ГЛАСОВЕ ОТ ГОДИНИ В БЪЛГАРИЯ. НАПРАВИЛ МНОГО ЗА АЛФАТАР?! КАЖИ ПОНЕ ЕДНО. ДОБРЕ ЧЕ СИ ВЯРВА. 🎃🇧🇬🎃🤔🎃😉🇧🇬",Цвете,04.04.2026 12:53,5,0,2026-04-11 17:24:35
fakti.bg,https://fakti.bg/topic/izbori/2026/04/04/54020,https://fakti.bg/bulgaria/1046262-borisov-ot-alfatar-izborite-sa-sastezanie-ne-sa-na-jivot-i-smart-sled-19-april-pak-shte-si-ostanem-hora,"Борисов от Алфатар: Изборите са състезание, не са на живот и смърт. След 19 април пак ще си останем хора",2026-04-04,2 814,87,"До коментар #84 от ""Е,някои ще си останат хора,"": За комунистите има специален кръг в Ада.😎 Коментиран от #98",1111,04.04.2026 12:54,7,1,2026-04-11 17:24:35
fakti.bg,https://fakti.bg/topic/izbori/2026/04/04/54020,https://fakti.bg/bulgaria/1046262-borisov-ot-alfatar-izborite-sa-sastezanie-ne-sa-na-jivot-i-smart-sled-19-april-pak-shte-si-ostanem-hora,"Борисов от Алфатар: Изборите са състезание, не са на живот и смърт. След 19 април пак ще си останем хора",2026-04-04,2 814,88,СА МУ ОХРАНЕНИ ФЕНКИТЕ. ДОБРЕ ГИ СПОНСОРИРА.,МНОГО,04.04.2026 12:55,11,0,2026-04-11 17:24:35
fakti.bg,https://fakti.bg/topic/izbori/2026/04/04/54020,https://fakti.bg/bulgaria/1046262-borisov-ot-alfatar-izborite-sa-sastezanie-ne-sa-na-jivot-i-smart-sled-19-april-pak-shte-si-ostanem-hora,"Борисов от Алфатар: Изборите са състезание, не са на живот и смърт. След 19 април пак ще си останем хора",2026-04-04,2 814,89,"До коментар #77 от ""Анонимен"": Народа ще ги""касира"" това, което се анализира е интересно. Без гласовете по махалите и смесените райони ГЕРБ няма как да постигне посочения, надут резултат в проучванията, които излизат. Едно е социологията у нас, друго е действителен резултат, а доказателството е Пазарджик! Коментиран от #142",Стефко,04.04.2026 12:55,9,1,2026-04-11 17:24:35
fakti.bg,https://fakti.bg/topic/izbori/2026/04/04/54020,https://fakti.bg/bulgaria/1046262-borisov-ot-alfatar-izborite-sa-sastezanie-ne-sa-na-jivot-i-smart-sled-19-april-pak-shte-si-ostanem-hora,"Борисов от Алфатар: Изборите са състезание, не са на живот и смърт. След 19 април пак ще си останем хора",2026-04-04,2 814,90,"КАК ЩЕ ИМА ПРИТЕСНЕНИЯ ,КОГАТО КУППУВАТЕ ГЛАСОВЕ ОТ ГОДИНИ В БЪЛГАРИЯ. НАПРАВИЛ МНОГО ЗА АЛФАТАР?! КАЖИ ПОНЕ ЕДНО. ДОБРЕ ЧЕ СИ ВЯРВА. 🎃🇧🇬🎃🤔🎃😉🇧🇬",Цвете,04.04.2026 12:58,6,0,2026-04-11 17:24:35
fakti.bg,https://fakti.bg/topic/izbori/2026/04/04/54020,https://fakti.bg/bulgaria/1046262-borisov-ot-alfatar-izborite-sa-sastezanie-ne-sa-na-jivot-i-smart-sled-19-april-pak-shte-si-ostanem-hora,"Борисов от Алфатар: Изборите са състезание, не са на живот и смърт. След 19 април пак ще си останем хора",2026-04-04,2 814,91,"До коментар #50 от ""Анонимен"": Пълно подобие на простата Тиква Борисов. В кратуната на Бойко има само простотия, далавери и корупциоони врътки.",Прав си!,04.04.2026 13:05,10,0,2026-04-11 17:24:35
fakti.bg,https://fakti.bg/topic/izbori/2026/04/04/54020,https://fakti.bg/bulgaria/1046262-borisov-ot-alfatar-izborite-sa-sastezanie-ne-sa-na-jivot-i-smart-sled-19-april-pak-shte-si-ostanem-hora,"Борисов от Алфатар: Изборите са състезание, не са на живот и смърт. След 19 април пак ще си останем хора",2026-04-04,2 814,92,САМО ДА ЗНАЕТЕ КАК МУ СЕ КРАДЕ ОТ ЖИПКАТА ................. КРАДЕ МУ СЕ ПАК ТА СЪН ГО НЕ ЛОВИ !,МУТРАТА С ЛЮБИМОТО СИ КОЖЕНО ШЛИФЕРЧЕ !,04.04.2026 13:05,10,0,2026-04-11 17:24:35
fakti.bg,https://fakti.bg/topic/izbori/2026/04/04/54020,https://fakti.bg/bulgaria/1046262-borisov-ot-alfatar-izborite-sa-sastezanie-ne-sa-na-jivot-i-smart-sled-19-april-pak-shte-si-ostanem-hora,"Борисов от Алфатар: Изборите са състезание, не са на живот и смърт. След 19 април пак ще си останем хора",2026-04-04,2 814,93,"До коментар #22 от ""Съдията"": Мястото на Борисов е в зтвора, но му се полага килия с южно изложение.",Новият прокурор,04.04.2026 13:07,10,0,2026-04-11 17:24:35
fakti.bg,https://fakti.bg/topic/izbori/2026/04/04/54020,https://fakti.bg/bulgaria/1046262-borisov-ot-alfatar-izborite-sa-sastezanie-ne-sa-na-jivot-i-smart-sled-19-april-pak-shte-si-ostanem-hora,"Борисов от Алфатар: Изборите са състезание, не са на живот и смърт. След 19 април пак ще си останем хора",2026-04-04,2 814,94,"До коментар #26 от ""🇧🇬БАЙ Х@Й‼️"": Това са ,,истините"" Му, а ако вземем да пишем лъжите му.....отиде Април месец. Тоя дето му се радват,през времето когато управляваше от 2009 г ,вдшгаше пенсиите с 10 лв. на година и МРЗ с по 15-20 лв.на година, През 2013 когато се отвори Европейски трудов пазар за българи и румънци,за няколко године се изнесоха над 500 хил.души,ако не и повече. Хвалбите му за Шенген и Еврозоната са дъвки за заблудени овце,като ония от рекламата на една напитка. България е член на ЕС от 2007 и това щеше да се случи и без хвалипръцкото и партията му.Даже и много по- рано ,досега щяхме да сме си изпили горчивата чаша и да сме много,много по- добре. Коментиран от #117",Михал Стоянов,04.04.2026 13:07,10,0,2026-04-11 17:24:35
fakti.bg,https://fakti.bg/topic/izbori/2026/04/04/54020,https://fakti.bg/bulgaria/1046262-borisov-ot-alfatar-izborite-sa-sastezanie-ne-sa-na-jivot-i-smart-sled-19-april-pak-shte-si-ostanem-hora,"Борисов от Алфатар: Изборите са състезание, не са на живот и смърт. След 19 април пак ще си останем хора",2026-04-04,2 814,96,Би било твърде милостиво да отидеш и да го гръмнеш тоя. Трябва да е жив и бавно да се мъчи.,Хейт,04.04.2026 13:08,9,0,2026-04-11 17:24:35
fakti.bg,https://fakti.bg/topic/izbori/2026/04/04/54020,https://fakti.bg/bulgaria/1046262-borisov-ot-alfatar-izborite-sa-sastezanie-ne-sa-na-jivot-i-smart-sled-19-april-pak-shte-si-ostanem-hora,"Борисов от Алфатар: Изборите са състезание, не са на живот и смърт. След 19 април пак ще си останем хора",2026-04-04,2 814,97,"Хаха, айде стига с тези нагласени снимки с тези чистачки, че ептен смешен стана.",Бат Венце Сикаджията,04.04.2026 13:08,10,0,2026-04-11 17:24:35
fakti.bg,https://fakti.bg/topic/izbori/2026/04/04/54020,https://fakti.bg/bulgaria/1046262-borisov-ot-alfatar-izborite-sa-sastezanie-ne-sa-na-jivot-i-smart-sled-19-april-pak-shte-si-ostanem-hora,"Борисов от Алфатар: Изборите са състезание, не са на живот и смърт. След 19 април пак ще си останем хора",2026-04-04,2 814,98,"До коментар #87 от ""1111"": Там ще се срещнат с идолите си като Сталин...",...,04.04.2026 13:08,2,1,2026-04-11 17:24:35
fakti.bg,https://fakti.bg/topic/izbori/2026/04/04/54020,https://fakti.bg/bulgaria/1046262-borisov-ot-alfatar-izborite-sa-sastezanie-ne-sa-na-jivot-i-smart-sled-19-april-pak-shte-si-ostanem-hora,"Борисов от Алфатар: Изборите са състезание, не са на живот и смърт. След 19 април пак ще си останем хора",2026-04-04,2 814,100,"АКО НЕ Е ГЕРБ ЩЯХА ДА СА НА ПОЛЕТО С МОТИКАТА ! ТЕ СА И В КОМИСИИТЕ НА ИЗБОРИТЕ , ОТ ТЯХ ЗАВИСИ ЗА КОЙ ЩЕ ГЛАСУВАМЕ - ТЕ РЕШАВАТ - ЗАТОВА ТОЙ Е ТАМ ДА ИМ НАПОМНИ КАКВИ БЛАГИНИ ГИ ЧАКАТ АКО СЛУШКАТ ! Коментиран от #104",ЖЕНСКИТЕ МЕЧКИ СА ОТ ОБЩИНАТА,04.04.2026 13:11,8,0,2026-04-11 17:24:35
fakti.bg,https://fakti.bg/topic/izbori/2026/04/04/54020,https://fakti.bg/bulgaria/1046262-borisov-ot-alfatar-izborite-sa-sastezanie-ne-sa-na-jivot-i-smart-sled-19-april-pak-shte-si-ostanem-hora,"Борисов от Алфатар: Изборите са състезание, не са на живот и смърт. След 19 април пак ще си останем хора",2026-04-04,2 814,102,"Кажи им, че искат да ме съсипят, понеже съм готина!",Фют,04.04.2026 13:14,1,2,2026-04-11 17:24:35
fakti.bg,https://fakti.bg/topic/izbori/2026/04/04/54020,https://fakti.bg/bulgaria/1046262-borisov-ot-alfatar-izborite-sa-sastezanie-ne-sa-na-jivot-i-smart-sled-19-april-pak-shte-si-ostanem-hora,"Борисов от Алфатар: Изборите са състезание, не са на живот и смърт. След 19 април пак ще си останем хора",2026-04-04,2 814,103,"...кви са теА червени бабички-фенки на Борисов...?! Явно,помнят че Борисов е стара комуняга...!","Не,че нещо,ама...",04.04.2026 13:15,6,0,2026-04-11 17:24:35
fakti.bg,https://fakti.bg/topic/izbori/2026/04/04/54020,https://fakti.bg/bulgaria/1046262-borisov-ot-alfatar-izborite-sa-sastezanie-ne-sa-na-jivot-i-smart-sled-19-april-pak-shte-si-ostanem-hora,"Борисов от Алфатар: Изборите са състезание, не са на живот и смърт. След 19 април пак ще си останем хора",2026-04-04,2 814,104,"До коментар #100 от ""ЖЕНСКИТЕ МЕЧКИ СА ОТ ОБЩИНАТА"": Борисов напълни местните общини с верни нищоправещи калинки,с цел да обработват населението ,при поредните избори...!",Мдаа...!,04.04.2026 13:18,6,0,2026-04-11 17:24:35
fakti.bg,https://fakti.bg/topic/izbori/2026/04/04/54020,https://fakti.bg/bulgaria/1046262-borisov-ot-alfatar-izborite-sa-sastezanie-ne-sa-na-jivot-i-smart-sled-19-april-pak-shte-si-ostanem-hora,"Борисов от Алфатар: Изборите са състезание, не са на живот и смърт. След 19 април пак ще си останем хора",2026-04-04,2 814,105,"""Толкова избори сме спечелиил"", дрънка СИКаджийската мутра на десетина лелки в Алфатар, които ГЕРБерастката кметица насила е изкарала на улицата! Не, мутро СИКаджийска, неграмоетн селяндурино и престъпник от подземния свят! Ти никога не си ""печелил"", избори! Ти си ги КУПУВАЛ! Купавал си ги с откраднатите стотици милиони и милиарди от нещастния ни народ, който 12 години търпя теб - една неграмотна мутра, която говори на диалект и за 20 годиин с голям зор запомни три английски думи, и твоето премиерстване тези 12 години бяха големия срам и позор за великата ни някога държава, най-черната страница в историята ин! Ти ограби, съсипа и срути България бе, мутро Банкянска! Долен, коварен, мръсен, небръснапт, двуличен измамник и лъжец! Това е Боко тиквата!",Лъжец от класа,04.04.2026 13:20,8,0,2026-04-11 17:24:35
fakti.bg,https://fakti.bg/topic/izbori/2026/04/04/54020,https://fakti.bg/bulgaria/1046262-borisov-ot-alfatar-izborite-sa-sastezanie-ne-sa-na-jivot-i-smart-sled-19-april-pak-shte-si-ostanem-hora,"Борисов от Алфатар: Изборите са състезание, не са на живот и смърт. След 19 април пак ще си останем хора",2026-04-04,2 814,106,"Той, Бойко спря... в полезрението му се мерна галопираща Бабичка с цвета. Разсъблече я с ириса на зеницата си... погали вълната на чoчаpката и.. и продължи да галопира, към другите ръкопляскащи съученички.",Любов,04.04.2026 13:20,7,0,2026-04-11 17:24:35
fakti.bg,https://fakti.bg/topic/izbori/2026/04/04/54020,https://fakti.bg/bulgaria/1046262-borisov-ot-alfatar-izborite-sa-sastezanie-ne-sa-na-jivot-i-smart-sled-19-april-pak-shte-si-ostanem-hora,"Борисов от Алфатар: Изборите са състезание, не са на живот и смърт. След 19 април пак ще си останем хора",2026-04-04,2 814,107,Ти за човек ли се имаш бе Мутро крадлива?,Град Козлодуй,04.04.2026 13:23,7,0,2026-04-11 17:24:35
fakti.bg,https://fakti.bg/topic/izbori/2026/04/04/54020,https://fakti.bg/bulgaria/1046262-borisov-ot-alfatar-izborite-sa-sastezanie-ne-sa-na-jivot-i-smart-sled-19-april-pak-shte-si-ostanem-hora,"Борисов от Алфатар: Изборите са състезание, не са на живот и смърт. След 19 април пак ще си останем хора",2026-04-04,2 814,108,"Непрекъснато под всяка Статия отразяваща Партийната дейност на ББ всякакви Несретници се втурват да го оплюват по всякакви Дебилски начини- що е със Шлифер или пък Без,че бил Илитерат,че не знаел чужди езици,ама що не е в затвора,че трябвало отдавна да излезе от политиката и т.н.И ви питам Ас Вас:Нямате ли си Партия със съответния Лидер които да коментирате,ами одумвате ББ?Някои от вас имате - Русофилските Паптии,които вече нямат място в НС,а Възраждане ще е на последна позиция.Повечето обаче сте НЕГЛАСУВАЩИ ""Гъбари"" които плюят по всичко що мърда за да намерят ""Виновен"" за Неудачния си Живот.Аре продължавайте да месите С НАСТЪРВЕНИЕ Погачи за дядо Иван с надеждата че вече е на Дунава,щото е казано""Ако искаш да унищожиш Човека- отнеми му Надеждата""! Коментиран от #118 , #145",оня с коня,04.04.2026 13:25,1,8,2026-04-11 17:24:35
fakti.bg,https://fakti.bg/topic/izbori/2026/04/04/54020,https://fakti.bg/bulgaria/1046262-borisov-ot-alfatar-izborite-sa-sastezanie-ne-sa-na-jivot-i-smart-sled-19-april-pak-shte-si-ostanem-hora,"Борисов от Алфатар: Изборите са състезание, не са на живот и смърт. След 19 април пак ще си останем хора",2026-04-04,2 814,109,Ако и на мен Ми Дадеш 5-6 милиона ! Вместо да ми ги Вземаш ! Сигурно ! И Аз Ще те Заобичам !,А Бе -- ее !,04.04.2026 13:26,5,0,2026-04-11 17:24:35
fakti.bg,https://fakti.bg/topic/izbori/2026/04/04/54020,https://fakti.bg/bulgaria/1046262-borisov-ot-alfatar-izborite-sa-sastezanie-ne-sa-na-jivot-i-smart-sled-19-april-pak-shte-si-ostanem-hora,"Борисов от Алфатар: Изборите са състезание, не са на живот и смърт. След 19 април пак ще си останем хора",2026-04-04,2 814,110,Многоликия Буда-това е крадеца и унищожителя на всичко Българско!,Истината боли,04.04.2026 13:27,6,0,2026-04-11 17:24:35
fakti.bg,https://fakti.bg/topic/izbori/2026/04/04/54020,https://fakti.bg/bulgaria/1046262-borisov-ot-alfatar-izborite-sa-sastezanie-ne-sa-na-jivot-i-smart-sled-19-april-pak-shte-si-ostanem-hora,"Борисов от Алфатар: Изборите са състезание, не са на живот и смърт. След 19 април пак ще си останем хора",2026-04-04,2 814,113,"Точно е тия бедни лелки, по провинцията, мутрата с шлифера, ги е грабил най-много. Най-големият грабител в българската история! Дано някой смелчага покаже всичките му кражби, тия жени инфаркт ще получат...",Гост,04.04.2026 13:35,6,0,2026-04-11 17:24:35
fakti.bg,https://fakti.bg/topic/izbori/2026/04/04/54020,https://fakti.bg/bulgaria/1046262-borisov-ot-alfatar-izborite-sa-sastezanie-ne-sa-na-jivot-i-smart-sled-19-april-pak-shte-si-ostanem-hora,"Борисов от Алфатар: Изборите са състезание, не са на живот и смърт. След 19 април пак ще си останем хора",2026-04-04,2 814,114,Около Бойко винаги има почитатели Пламенки.,Казуар,04.04.2026 13:36,2,0,2026-04-11 17:24:35
fakti.bg,https://fakti.bg/topic/izbori/2026/04/04/54020,https://fakti.bg/bulgaria/1046262-borisov-ot-alfatar-izborite-sa-sastezanie-ne-sa-na-jivot-i-smart-sled-19-april-pak-shte-si-ostanem-hora,"Борисов от Алфатар: Изборите са състезание, не са на живот и смърт. След 19 април пак ще си останем хора",2026-04-04,2 814,115,А отвътре то тресе страх да не го разследват. Жалък,Празни приказки,04.04.2026 13:36,7,0,2026-04-11 17:24:35
fakti.bg,https://fakti.bg/topic/izbori/2026/04/04/54020,https://fakti.bg/bulgaria/1046262-borisov-ot-alfatar-izborite-sa-sastezanie-ne-sa-na-jivot-i-smart-sled-19-april-pak-shte-si-ostanem-hora,"Борисов от Алфатар: Изборите са състезание, не са на живот и смърт. След 19 април пак ще си останем хора",2026-04-04,2 814,116,Вече знае. Че ще загуби изборите. И то с много,Последния Софиянец,04.04.2026 13:37,7,0,2026-04-11 17:24:35
fakti.bg,https://fakti.bg/topic/izbori/2026/04/04/54020,https://fakti.bg/bulgaria/1046262-borisov-ot-alfatar-izborite-sa-sastezanie-ne-sa-na-jivot-i-smart-sled-19-april-pak-shte-si-ostanem-hora,"Борисов от Алфатар: Изборите са състезание, не са на живот и смърт. След 19 април пак ще си останем хора",2026-04-04,2 814,117,"До коментар #94 от ""Михал Стоянов"": Леле, доживях да три-Я-т цитати на Б.Б. 🤔❗ Коментиран от #159",🇧🇬БАЙ Х@Й‼️,04.04.2026 13:37,4,0,2026-04-11 17:24:35
fakti.bg,https://fakti.bg/topic/izbori/2026/04/04/54020,https://fakti.bg/bulgaria/1046262-borisov-ot-alfatar-izborite-sa-sastezanie-ne-sa-na-jivot-i-smart-sled-19-april-pak-shte-si-ostanem-hora,"Борисов от Алфатар: Изборите са състезание, не са на живот и смърт. След 19 април пак ще си останем хора",2026-04-04,2 814,118,"До коментар #108 от ""оня с коня"": А ти колко вече стана банален с тия наколенки, подгонил с му рейтинга. Стига си ни тормозил с ""умните"" си мисли, коняяя",Гост,04.04.2026 13:39,3,1,2026-04-11 17:24:35
fakti.bg,https://fakti.bg/topic/izbori/2026/04/04/54020,https://fakti.bg/bulgaria/1046262-borisov-ot-alfatar-izborite-sa-sastezanie-ne-sa-na-jivot-i-smart-sled-19-april-pak-shte-si-ostanem-hora,"Борисов от Алфатар: Изборите са състезание, не са на живот и смърт. След 19 април пак ще си останем хора",2026-04-04,2 814,119,"Явно патронния празник на този човек е Първи април. Въобще чува ли се какви ги говори, явно гинкобилобата идва в пъти по малко.",Не вярвам,04.04.2026 13:39,6,0,2026-04-11 17:24:35
fakti.bg,https://fakti.bg/topic/izbori/2026/04/04/54020,https://fakti.bg/bulgaria/1046262-borisov-ot-alfatar-izborite-sa-sastezanie-ne-sa-na-jivot-i-smart-sled-19-april-pak-shte-si-ostanem-hora,"Борисов от Алфатар: Изборите са състезание, не са на живот и смърт. След 19 април пак ще си останем хора",2026-04-04,2 814,120,"Лелеееее, събрали 15-те служители в общината. В събота........ Няма кой да сготви да децата им. Бойкоооо, виждаме бе, не сме прости като теб",Ха ха ха ха ха ха ха,04.04.2026 13:39,6,0,2026-04-11 17:24:35
fakti.bg,https://fakti.bg/topic/izbori/2026/04/04/54020,https://fakti.bg/bulgaria/1046262-borisov-ot-alfatar-izborite-sa-sastezanie-ne-sa-na-jivot-i-smart-sled-19-april-pak-shte-si-ostanem-hora,"Борисов от Алфатар: Изборите са състезание, не са на живот и смърт. След 19 април пак ще си останем хора",2026-04-04,2 814,121,Щом са си избрали кмет от ГЕРБ сега да го д. У. Х. А. Т. Аз съм у София,Последния Софиянец,04.04.2026 13:43,5,1,2026-04-11 17:24:35
fakti.bg,https://fakti.bg/topic/izbori/2026/04/04/54020,https://fakti.bg/bulgaria/1046262-borisov-ot-alfatar-izborite-sa-sastezanie-ne-sa-na-jivot-i-smart-sled-19-april-pak-shte-si-ostanem-hora,"Борисов от Алфатар: Изборите са състезание, не са на живот и смърт. След 19 април пак ще си останем хора",2026-04-04,2 814,124,"Бойко, към Бабичката, подаваща му цветя: Той, Бойко каза Стой! Тя каза Хвани ме, ако можеш! Той извика: Ще взривя всички мостове по пътя ти! А тя: Кой е успял да изтръгне лъчите на слънцето? Toй изкрещя: Ще запратя стрели от най-безсрамните си сънища подире ти! Тя се усмихна: Нима може праведният да сплаши с безсрамие грешница? Той се задъха: Не бягай... само косата ти може да стопли вледенения дъх на мечтите ми! Тя се изсмя: А не умират ли мечтите, щом ги докоснем на живо? Той промълви: Ще те отровя с безразличие! А тя извика: Тогава ще ме възкресиш до себе си,пречистена! Коментиран от #133",Любов,04.04.2026 13:48,2,3,2026-04-11 17:24:35
fakti.bg,https://fakti.bg/topic/izbori/2026/04/04/54020,https://fakti.bg/bulgaria/1046262-borisov-ot-alfatar-izborite-sa-sastezanie-ne-sa-na-jivot-i-smart-sled-19-april-pak-shte-si-ostanem-hora,"Борисов от Алфатар: Изборите са състезание, не са на живот и смърт. След 19 април пак ще си останем хора",2026-04-04,2 814,125,"Буци защо сам обикаля по храсталаците? Къде са му придворните Сачева, малкия Пеевски, Къдравата Сю, доктор Коце, Райчето Назарян, Томето бика и всички останали герберасти, които са около него в битките в Парламента? Оставили го чисто сам да го изедат прасетата и мечките в горите. Сиротния той. Ааа, не така. Като крадете сте заедно, пък сега оставихте човека чисто сам. Я си размърдайте мслко охранените дебели зад. ци.",Въпрос,04.04.2026 13:49,7,1,2026-04-11 17:24:35
fakti.bg,https://fakti.bg/topic/izbori/2026/04/04/54020,https://fakti.bg/bulgaria/1046262-borisov-ot-alfatar-izborite-sa-sastezanie-ne-sa-na-jivot-i-smart-sled-19-april-pak-shte-si-ostanem-hora,"Борисов от Алфатар: Изборите са състезание, не са на живот и смърт. След 19 април пак ще си останем хора",2026-04-04,2 814,126,"Бойко, към Бабичката, подаваща му цветя: Жена без гърди и Мъж без пари - огън да ги гори. Дали съм ясен ?",Любов,04.04.2026 13:52,5,2,2026-04-11 17:24:35
fakti.bg,https://fakti.bg/topic/izbori/2026/04/04/54020,https://fakti.bg/bulgaria/1046262-borisov-ot-alfatar-izborite-sa-sastezanie-ne-sa-na-jivot-i-smart-sled-19-april-pak-shte-si-ostanem-hora,"Борисов от Алфатар: Изборите са състезание, не са на живот и смърт. След 19 април пак ще си останем хора",2026-04-04,2 814,127,барсата пак ръси мозък!!!,виктория,04.04.2026 13:55,3,0,2026-04-11 17:24:35
fakti.bg,https://fakti.bg/topic/izbori/2026/04/04/54020,https://fakti.bg/bulgaria/1046262-borisov-ot-alfatar-izborite-sa-sastezanie-ne-sa-na-jivot-i-smart-sled-19-april-pak-shte-si-ostanem-hora,"Борисов от Алфатар: Изборите са състезание, не са на живот и смърт. След 19 април пак ще си останем хора",2026-04-04,2 814,129,Бойко Борисов НАЦИОНАЛЕН ПРЕДАТЕЛ БОКЛУК!!!,България 🇧🇬,04.04.2026 14:00,6,2,2026-04-11 17:24:35
fakti.bg,https://fakti.bg/topic/izbori/2026/04/04/54020,https://fakti.bg/bulgaria/1046262-borisov-ot-alfatar-izborite-sa-sastezanie-ne-sa-na-jivot-i-smart-sled-19-april-pak-shte-si-ostanem-hora,"Борисов от Алфатар: Изборите са състезание, не са на живот и смърт. След 19 април пак ще си останем хора",2026-04-04,2 814,130,"тикво крадлива продажна,изроди сте вие състезателите",си пън,04.04.2026 14:02,5,1,2026-04-11 17:24:35
fakti.bg,https://fakti.bg/topic/izbori/2026/04/04/54020,https://fakti.bg/bulgaria/1046262-borisov-ot-alfatar-izborite-sa-sastezanie-ne-sa-na-jivot-i-smart-sled-19-april-pak-shte-si-ostanem-hora,"Борисов от Алфатар: Изборите са състезание, не са на живот и смърт. След 19 април пак ще си останем хора",2026-04-04,2 814,131,"Добре ще е да се направят записи от речите на Боко и качени на спътник и да разнасят славата му в безкрайния космос , с надежда извън земните да си го приберат както във Френската кинокомедия Полицая и извънземните от 1979г Де тоз късмет.",Р Г В,04.04.2026 14:03,4,1,2026-04-11 17:24:35
fakti.bg,https://fakti.bg/topic/izbori/2026/04/04/54020,https://fakti.bg/bulgaria/1046262-borisov-ot-alfatar-izborite-sa-sastezanie-ne-sa-na-jivot-i-smart-sled-19-april-pak-shte-si-ostanem-hora,"Борисов от Алфатар: Изборите са състезание, не са на живот и смърт. След 19 април пак ще си останем хора",2026-04-04,2 814,132,"Хубав мъж , хубаво нещо !! Друг мъж на снимката няма – не е и необходимо......",Шаран БГ,04.04.2026 14:10,2,5,2026-04-11 17:24:35
fakti.bg,https://fakti.bg/topic/izbori/2026/04/04/54020,https://fakti.bg/bulgaria/1046262-borisov-ot-alfatar-izborite-sa-sastezanie-ne-sa-na-jivot-i-smart-sled-19-april-pak-shte-si-ostanem-hora,"Борисов от Алфатар: Изборите са състезание, не са на живот и смърт. След 19 април пак ще си останем хора",2026-04-04,2 814,133,"До коментар #124 от ""Любов"": ""А моето безразличие ще бъде вечно!""",Малко си объркал финала,04.04.2026 14:13,1,0,2026-04-11 17:24:35
fakti.bg,https://fakti.bg/topic/izbori/2026/04/04/54020,https://fakti.bg/bulgaria/1046262-borisov-ot-alfatar-izborite-sa-sastezanie-ne-sa-na-jivot-i-smart-sled-19-april-pak-shte-si-ostanem-hora,"Борисов от Алфатар: Изборите са състезание, не са на живот и смърт. След 19 април пак ще си останем хора",2026-04-04,2 814,134,"№ 25 ""Град Симитли"" Просто е .... Който финансира и покупката на гласове за Герб !! Коментиран от #136",Шаран БГ,04.04.2026 14:14,1,1,2026-04-11 17:24:35
fakti.bg,https://fakti.bg/topic/izbori/2026/04/04/54020,https://fakti.bg/bulgaria/1046262-borisov-ot-alfatar-izborite-sa-sastezanie-ne-sa-na-jivot-i-smart-sled-19-april-pak-shte-si-ostanem-hora,"Борисов от Алфатар: Изборите са състезание, не са на живот и смърт. След 19 април пак ще си останем хора",2026-04-04,2 814,135,"До коментар #128 от ""оня с коня"": От Мишката, откъде другаде?",ха ха,04.04.2026 14:15,1,1,2026-04-11 17:24:35
fakti.bg,https://fakti.bg/topic/izbori/2026/04/04/54020,https://fakti.bg/bulgaria/1046262-borisov-ot-alfatar-izborite-sa-sastezanie-ne-sa-na-jivot-i-smart-sled-19-april-pak-shte-si-ostanem-hora,"Борисов от Алфатар: Изборите са състезание, не са на живот и смърт. След 19 април пак ще си останем хора",2026-04-04,2 814,136,"До коментар #134 от ""Шаран БГ"": Аман от лъжци и фалшификатори 134 вие сте истинските купувачи на гласове вие",Анонимен,04.04.2026 14:20,1,2,2026-04-11 17:24:35
fakti.bg,https://fakti.bg/topic/izbori/2026/04/04/54020,https://fakti.bg/bulgaria/1046262-borisov-ot-alfatar-izborite-sa-sastezanie-ne-sa-na-jivot-i-smart-sled-19-april-pak-shte-si-ostanem-hora,"Борисов от Алфатар: Изборите са състезание, не са на живот и смърт. След 19 април пак ще си останем хора",2026-04-04,2 814,138,"До коментар #122 от ""Пази Боже бе ,108 - и!"": 122 о свещена простота 122 нула умствен багаж а драсканиците ти са мухлясали",Анонимен,04.04.2026 14:23,1,1,2026-04-11 17:24:35
fakti.bg,https://fakti.bg/topic/izbori/2026/04/04/54020,https://fakti.bg/bulgaria/1046262-borisov-ot-alfatar-izborite-sa-sastezanie-ne-sa-na-jivot-i-smart-sled-19-april-pak-shte-si-ostanem-hora,"Борисов от Алфатар: Изборите са състезание, не са на живот и смърт. След 19 април пак ще си останем хора",2026-04-04,2 814,139,"До коментар #128 от ""оня с коня"": Питаш откъде са тия 20% за ББ ли Драскачо с чужд Ник?Ами от КУПЕН И КОРПОРАТИВЕН Вот,както и от Вот С ДЪЛБОКА УБЕДЕНОСТ като моят- сега ясно ли ти е?И не са 20% ,а доста повече.Ама били ""всички"" срещу Тиквата...А КОЛКО сте тия ""Всички""- имате ли 1 Файтон хора?И да е ясно:Няма никакво значение откъде са гласовете за Борисов - важното е да бъде ПРЪВ,или най-малкото да има гласове колкото ЕДНОДНЕВКАТА Радев защото е казано:""Целта оправдава средствата"". Коментиран от #162",оня с коня,04.04.2026 14:24,4,6,2026-04-11 17:24:35
fakti.bg,https://fakti.bg/topic/izbori/2026/04/04/54020,https://fakti.bg/bulgaria/1046262-borisov-ot-alfatar-izborite-sa-sastezanie-ne-sa-na-jivot-i-smart-sled-19-april-pak-shte-si-ostanem-hora,"Борисов от Алфатар: Изборите са състезание, не са на живот и смърт. След 19 април пак ще си останем хора",2026-04-04,2 814,141,"Космическият кораб на НАСА , днес влезе в орбитата на луната и оооо чудо. На луната пълно с китайски монитори които излъчват мемета на Бойко Борисов.",Будител,04.04.2026 14:27,5,0,2026-04-11 17:24:35
fakti.bg,https://fakti.bg/topic/izbori/2026/04/04/54020,https://fakti.bg/bulgaria/1046262-borisov-ot-alfatar-izborite-sa-sastezanie-ne-sa-na-jivot-i-smart-sled-19-april-pak-shte-si-ostanem-hora,"Борисов от Алфатар: Изборите са състезание, не са на живот и смърт. След 19 април пак ще си останем хора",2026-04-04,2 814,142,"До коментар #89 от ""Стефко"": Пазарджик махалите са гласували за шарлатаните и затова са спечелили Борисов има един милион гласоподаватели сега Терорът и насилието на незаконниците над българи е извън законността Само настройват българите срещу гюровите незаконниС терор и насилие избори не се печелят да знаеш 19 април е скоро Здравомислещи работещи българи живеят тук Коментиран от #146 , #147",Анонимен,04.04.2026 14:28,2,3,2026-04-11 17:24:35
fakti.bg,https://fakti.bg/topic/izbori/2026/04/04/54020,https://fakti.bg/bulgaria/1046262-borisov-ot-alfatar-izborite-sa-sastezanie-ne-sa-na-jivot-i-smart-sled-19-april-pak-shte-si-ostanem-hora,"Борисов от Алфатар: Изборите са състезание, не са на живот и смърт. След 19 април пак ще си останем хора",2026-04-04,2 814,145,"До коментар #108 от ""оня с коня"": Като не давате пари-Аз отивам за гъби.",оня с коня,04.04.2026 15:20,1,0,2026-04-11 17:24:35
fakti.bg,https://fakti.bg/topic/izbori/2026/04/04/54020,https://fakti.bg/bulgaria/1046262-borisov-ot-alfatar-izborite-sa-sastezanie-ne-sa-na-jivot-i-smart-sled-19-april-pak-shte-si-ostanem-hora,"Борисов от Алфатар: Изборите са състезание, не са на живот и смърт. След 19 април пак ще си останем хора",2026-04-04,2 814,146,"До коментар #142 от ""Анонимен"": Всички мургавели са за Бойко.Спор в това няма.Пазят си ценния кадър.Ама то по голяма мургавела от него няма.Истината е,че на 19.04. ще се завре в зайчарника.Тресе се от страх,че Радев ще го отвее-като плявата от брашното. Коментиран от #148 , #150",Град Козлодуй,04.04.2026 15:23,4,2,2026-04-11 17:24:35
fakti.bg,https://fakti.bg/topic/izbori/2026/04/04/54020,https://fakti.bg/bulgaria/1046262-borisov-ot-alfatar-izborite-sa-sastezanie-ne-sa-na-jivot-i-smart-sled-19-april-pak-shte-si-ostanem-hora,"Борисов от Алфатар: Изборите са състезание, не са на живот и смърт. След 19 април пак ще си останем хора",2026-04-04,2 814,147,"До коментар #142 от ""Анонимен"": Айдееее Проняна стана Анонимен....хахаха.",ДрайвингПлежър,04.04.2026 15:25,2,0,2026-04-11 17:24:35
fakti.bg,https://fakti.bg/topic/izbori/2026/04/04/54020,https://fakti.bg/bulgaria/1046262-borisov-ot-alfatar-izborite-sa-sastezanie-ne-sa-na-jivot-i-smart-sled-19-april-pak-shte-si-ostanem-hora,"Борисов от Алфатар: Изборите са състезание, не са на живот и смърт. След 19 април пак ще си останем хора",2026-04-04,2 814,148,"До коментар #146 от ""Град Козлодуй"": То така беше и кирчо с кокорчо когато щяха да чегъртат. После срам не срам седнаха на бойко и пеевски в скутовете за мазно кафе. Толкова мазно , че още лъщят и се хлъзгат...Радев го очаква същата съдба. А Бойко ще стане първи на всеселенските избори с купен вот о ще оглави космоса Коментиран от #152",Будител,04.04.2026 15:28,2,2,2026-04-11 17:24:35
fakti.bg,https://fakti.bg/topic/izbori/2026/04/04/54020,https://fakti.bg/bulgaria/1046262-borisov-ot-alfatar-izborite-sa-sastezanie-ne-sa-na-jivot-i-smart-sled-19-april-pak-shte-si-ostanem-hora,"Борисов от Алфатар: Изборите са състезание, не са на живот и смърт. След 19 април пак ще си останем хора",2026-04-04,2 814,150,"До коментар #146 от ""Град Козлодуй"": Чул не дочул ...плява и брашно 😀😀😀 Плявата се отвява за да остане зърното, а зърното после се мели за да се получи брашно❗",🇧🇬БАЙ Х@Й‼️,04.04.2026 15:36,0,0,2026-04-11 17:24:35
fakti.bg,https://fakti.bg/topic/izbori/2026/04/04/54020,https://fakti.bg/bulgaria/1046262-borisov-ot-alfatar-izborite-sa-sastezanie-ne-sa-na-jivot-i-smart-sled-19-april-pak-shte-si-ostanem-hora,"Борисов от Алфатар: Изборите са състезание, не са на живот и смърт. След 19 април пак ще си останем хора",2026-04-04,2 814,151,"винаги е имала добри артисти но пред тоя всички бледнеят какъв ,,талант""дамо",България,04.04.2026 15:36,3,0,2026-04-11 17:24:35
fakti.bg,https://fakti.bg/topic/izbori/2026/04/04/54020,https://fakti.bg/bulgaria/1046262-borisov-ot-alfatar-izborite-sa-sastezanie-ne-sa-na-jivot-i-smart-sled-19-april-pak-shte-si-ostanem-hora,"Борисов от Алфатар: Изборите са състезание, не са на живот и смърт. След 19 април пак ще си останем хора",2026-04-04,2 814,152,"До коментар #148 от ""Будител"": Тук си прав.Мургавелата от Банкя само патриарх и космонавт не е бил.Президент-това не е титла за него.Малка ще му е за неговото его.Ама виж:Всеселенски отпред-много ще му тича.Даже междугалактически е най добре.Не си прав само за едно.В скута на Пеевски седеше и мазния Бойко.Даже по зле.Бършеше му задните части с ръкава си и продължава да го прави.",Град Козлодуй,04.04.2026 15:39,3,1,2026-04-11 17:24:35
fakti.bg,https://fakti.bg/topic/izbori/2026/04/04/54020,https://fakti.bg/bulgaria/1046262-borisov-ot-alfatar-izborite-sa-sastezanie-ne-sa-na-jivot-i-smart-sled-19-april-pak-shte-si-ostanem-hora,"Борисов от Алфатар: Изборите са състезание, не са на живот и смърт. След 19 април пак ще си останем хора",2026-04-04,2 814,153,"Вгледайте се в лицето на тоя човек,дали не му е пораснал дълъг дървен нос като на лъжливото човече Пинокио!То има наглост и лъжи ама тоя прескочи всякакви граници. Срам! Има още много от голям ""отбор юнаци"", все паралии, които така и една магистрала не успяха да построят, но са гушкани с пари по офшорки. Американците изстреляха космически кораб с четири членен екипаж до Луната, скоро може и градове и магистрали да построят там, обаче ГЕРБ пак няма да успее да завърши поне една магистрала, ако гласувате за тях. Борисов 20 г във властта и какво направи, крадеше, напълни банковите си сметки и на обръча си от фирми. Коментиран от #163 , #164 , #165",Горски,04.04.2026 15:42,5,2,2026-04-11 17:24:35
fakti.bg,https://fakti.bg/topic/izbori/2026/04/04/54020,https://fakti.bg/bulgaria/1046262-borisov-ot-alfatar-izborite-sa-sastezanie-ne-sa-na-jivot-i-smart-sled-19-april-pak-shte-si-ostanem-hora,"Борисов от Алфатар: Изборите са състезание, не са на живот и смърт. След 19 април пак ще си останем хора",2026-04-04,2 814,154,"Орбан си отива,Путин вожда на ""дивите северни племена"" искат да натресат в ЕС фатмак Мунчо. Беден речник,визия на вол (извинявам се на животинчето),не може да се мери с олигарха Орбан. Като няма друг рашите са доволни и на тоя.",БЪЛГАРИН,04.04.2026 15:46,3,2,2026-04-11 17:24:35
fakti.bg,https://fakti.bg/topic/izbori/2026/04/04/54020,https://fakti.bg/bulgaria/1046262-borisov-ot-alfatar-izborite-sa-sastezanie-ne-sa-na-jivot-i-smart-sled-19-april-pak-shte-si-ostanem-hora,"Борисов от Алфатар: Изборите са състезание, не са на живот и смърт. След 19 април пак ще си останем хора",2026-04-04,2 814,155,Това е БорисOFF.,Град Козлодуй,04.04.2026 16:00,4,0,2026-04-11 17:24:35
fakti.bg,https://fakti.bg/topic/izbori/2026/04/04/54020,https://fakti.bg/bulgaria/1046262-borisov-ot-alfatar-izborite-sa-sastezanie-ne-sa-na-jivot-i-smart-sled-19-april-pak-shte-si-ostanem-hora,"Борисов от Алфатар: Изборите са състезание, не са на живот и смърт. След 19 април пак ще си останем хора",2026-04-04,2 814,156,След 19.04 Радев ще посочи вратата и ще каже на Борисов: ЗА ТЕБ-ПОЛИТИКАТА ПРИКЛЮЧИ!,Хелс Политикшън,04.04.2026 16:20,4,0,2026-04-11 17:24:35
fakti.bg,https://fakti.bg/topic/izbori/2026/04/04/54020,https://fakti.bg/bulgaria/1046262-borisov-ot-alfatar-izborite-sa-sastezanie-ne-sa-na-jivot-i-smart-sled-19-april-pak-shte-si-ostanem-hora,"Борисов от Алфатар: Изборите са състезание, не са на живот и смърт. След 19 април пак ще си останем хора",2026-04-04,2 814,157,Утре къде ще си сикаджииско гербераска мутро-шлифер,сретен,04.04.2026 16:30,3,0,2026-04-11 17:24:35
fakti.bg,https://fakti.bg/topic/izbori/2026/04/04/54020,https://fakti.bg/bulgaria/1046262-borisov-ot-alfatar-izborite-sa-sastezanie-ne-sa-na-jivot-i-smart-sled-19-april-pak-shte-si-ostanem-hora,"Борисов от Алфатар: Изборите са състезание, не са на живот и смърт. След 19 април пак ще си останем хора",2026-04-04,2 814,158,"Борисов много добре знае,че ще загуби тези избори.Сега нарочно обикаля в смесените райони и върши работата на Шиши.Говори за единство и срещу ""Възродителния процес"" в който сам е участвал.С действията си постига точно определен резултат-да се галсува там за НН.Това е толкова долно същество,че просто нямам думи.Не знам само кой нормален човек ще гласува за този доказано престъпен индивид.",Боруна Лом,04.04.2026 16:34,3,0,2026-04-11 17:24:35
fakti.bg,https://fakti.bg/topic/izbori/2026/04/04/54020,https://fakti.bg/bulgaria/1046262-borisov-ot-alfatar-izborite-sa-sastezanie-ne-sa-na-jivot-i-smart-sled-19-april-pak-shte-si-ostanem-hora,"Борисов от Алфатар: Изборите са състезание, не са на живот и смърт. След 19 април пак ще си останем хора",2026-04-04,2 814,159,"До коментар #117 от ""🇧🇬БАЙ Х@Й‼️"": Това не променя фактите.",Михал Стоянов,04.04.2026 17:17,1,0,2026-04-11 17:24:35
fakti.bg,https://fakti.bg/topic/izbori/2026/04/04/54020,https://fakti.bg/bulgaria/1046262-borisov-ot-alfatar-izborite-sa-sastezanie-ne-sa-na-jivot-i-smart-sled-19-april-pak-shte-si-ostanem-hora,"Борисов от Алфатар: Изборите са състезание, не са на живот и смърт. След 19 април пак ще си останем хора",2026-04-04,2 814,160,Господа-другари от Герб спрете да крадете държавата и народа,милица,04.04.2026 17:45,3,1,2026-04-11 17:24:35
fakti.bg,https://fakti.bg/topic/izbori/2026/04/04/54020,https://fakti.bg/bulgaria/1046262-borisov-ot-alfatar-izborite-sa-sastezanie-ne-sa-na-jivot-i-smart-sled-19-april-pak-shte-si-ostanem-hora,"Борисов от Алфатар: Изборите са състезание, не са на живот и смърт. След 19 април пак ще си останем хора",2026-04-04,2 814,161,Туй общината ли е?,Жалка картинка,04.04.2026 19:46,1,0,2026-04-11 17:24:35
fakti.bg,https://fakti.bg/topic/izbori/2026/04/04/54020,https://fakti.bg/bulgaria/1046262-borisov-ot-alfatar-izborite-sa-sastezanie-ne-sa-na-jivot-i-smart-sled-19-april-pak-shte-si-ostanem-hora,"Борисов от Алфатар: Изборите са състезание, не са на живот и смърт. След 19 април пак ще си останем хора",2026-04-04,2 814,162,"До коментар #139 от ""оня с коня"": Още преди година ти казах колко ще е ""пръв"" тоя бандит. И за гласовете му ти казах колко сте реално (по лично негови думи, също като Киро Канадеца). Обаче дай да меляме дивотии на килограм от коневръза, а?😎",КонСпиратор,04.04.2026 22:12,1,0,2026-04-11 17:24:35
fakti.bg,https://fakti.bg/topic/izbori/2026/04/04/54020,https://fakti.bg/bulgaria/1046262-borisov-ot-alfatar-izborite-sa-sastezanie-ne-sa-na-jivot-i-smart-sled-19-april-pak-shte-si-ostanem-hora,"Борисов от Алфатар: Изборите са състезание, не са на живот и смърт. След 19 април пак ще си останем хора",2026-04-04,2 814,165,"До коментар #153 от ""Горски"": 6. БРУТЕН ВЪТРЕШЕН ПРОДУКТ на България 2009 г - 52 млрд. лв! 2020 г - 128 000 000 000 лв. За 10 години България е станала ДВА ПЪТИ ПО БОГАТА ! 7.За 70 г при ШЕСТ Министър-Председатели се построиха 360 км магистрали!!! Бойко Борисов за 12 години ПОСТРОИ 560 км магистрали! ДВА ПЪТИ ПОВЕЧЕ от колкото всички останали за 70 г ! 8.За 12 г се построиха ПОВЕЧЕ Метро-път и ПОВЕЧЕ Метро-станции от колкото за 80 г, от когато е направен Първият ""Проект за Метро на София""!",ПРИПОМНЯНЕ,04.04.2026 22:45,1,2,2026-04-11 17:24:35
fakti.bg,https://fakti.bg/topic/izbori/2026/04/04/54020,https://fakti.bg/bulgaria/1046262-borisov-ot-alfatar-izborite-sa-sastezanie-ne-sa-na-jivot-i-smart-sled-19-april-pak-shte-si-ostanem-hora,"Борисов от Алфатар: Изборите са състезание, не са на живот и смърт. След 19 април пак ще си останем хора",2026-04-04,2 814,166,"А обещаваш ли,че няма да крадеш?",Павел Пенев,06.04.2026 19:56,0,0,2026-04-11 17:24:35
fakti.bg,https://fakti.bg/topic/izbori/2026/04/01/78928,https://fakti.bg/bulgaria/1045676-radev-na-tezi-izbori-varvam-che-shte-nakajem-onezi-partii-i-politici-koito-prez-glavata-na-vsichki-ni-vavedoha-evroto,"Радев: На тези избори вярвам, че ще накажем онези партии и политици, които през главата на всички ни въведоха еврото",2026-04-01,5 151,1,"Бойко каза, че той ни е вкарал в еврото заедно с Данчо Ментата. Коментиран от #128 , #220",Значиии,01.04.2026 21:18,95,16,2026-04-11 17:24:41
fakti.bg,https://fakti.bg/topic/izbori/2026/04/01/78928,https://fakti.bg/bulgaria/1045676-radev-na-tezi-izbori-varvam-che-shte-nakajem-onezi-partii-i-politici-koito-prez-glavata-na-vsichki-ni-vavedoha-evroto,"Радев: На тези избори вярвам, че ще накажем онези партии и политици, които през главата на всички ни въведоха еврото",2026-04-01,5 151,2,"Като гледам с какви си се заобиколил радев,вие сте новите крадливи. Коментиран от #149",Фарфалюлю,01.04.2026 21:19,171,35,2026-04-11 17:24:41
fakti.bg,https://fakti.bg/topic/izbori/2026/04/01/78928,https://fakti.bg/bulgaria/1045676-radev-na-tezi-izbori-varvam-che-shte-nakajem-onezi-partii-i-politici-koito-prez-glavata-na-vsichki-ni-vavedoha-evroto,"Радев: На тези избори вярвам, че ще накажем онези партии и политици, които през главата на всички ни въведоха еврото",2026-04-01,5 151,3,пресечем достъпа до публичния ресурс ! На всички и пълна лустрация Коментиран от #11,На всички атлантици трябва да,01.04.2026 21:20,54,71,2026-04-11 17:24:41
fakti.bg,https://fakti.bg/topic/izbori/2026/04/01/78928,https://fakti.bg/bulgaria/1045676-radev-na-tezi-izbori-varvam-che-shte-nakajem-onezi-partii-i-politici-koito-prez-glavata-na-vsichki-ni-vavedoha-evroto,"Радев: На тези избори вярвам, че ще накажем онези партии и политици, които през главата на всички ни въведоха еврото",2026-04-01,5 151,5,"Радев масона лъже - типичен популист! Той е ЗА еврото! На първия дебат по нова, представителят на ПБ го потвърди. Радев е ЗА еврото. Радев каза, че Иран трябва да бъдат победени военно, за да има ""устойчив мир"". ПБ е израелска партия 🇮🇱🇺🇲 Коментиран от #98 , #191",таксиджия 🚖,01.04.2026 21:21,103,23,2026-04-11 17:24:41
fakti.bg,https://fakti.bg/topic/izbori/2026/04/01/78928,https://fakti.bg/bulgaria/1045676-radev-na-tezi-izbori-varvam-che-shte-nakajem-onezi-partii-i-politici-koito-prez-glavata-na-vsichki-ni-vavedoha-evroto,"Радев: На тези избори вярвам, че ще накажем онези партии и политици, които през главата на всички ни въведоха еврото",2026-04-01,5 151,6,Бг Лев ??? Да или Не за Руски петрол Да или Не за 33 члена ВСС ДА ИЛИ НЕ ЗА НОВА ПЕТРОЛЕНА БОРСА И ТРИЛИОНИ ОПЕРАЦИИ ЧЕ НЕМИДАВА ДА СЛОЖА ПАРИТЕ НА САЩ Коментиран от #13,Да или Не,01.04.2026 21:22,7,17,2026-04-11 17:24:41
fakti.bg,https://fakti.bg/topic/izbori/2026/04/01/78928,https://fakti.bg/bulgaria/1045676-radev-na-tezi-izbori-varvam-che-shte-nakajem-onezi-partii-i-politici-koito-prez-glavata-na-vsichki-ni-vavedoha-evroto,"Радев: На тези избори вярвам, че ще накажем онези партии и политици, които през главата на всички ни въведоха еврото",2026-04-01,5 151,7,"Че ""Нито цент от нашия бюджет не трябва и няма да отива в тези войни, защото нашите пари трябва да остават за нашите пенсионери, деца, здравеопазване и образование“, прибави той..... Коментиран от #21 , #74 , #76",Да го подпише това което е казал,01.04.2026 21:22,41,15,2026-04-11 17:24:41
fakti.bg,https://fakti.bg/topic/izbori/2026/04/01/78928,https://fakti.bg/bulgaria/1045676-radev-na-tezi-izbori-varvam-che-shte-nakajem-onezi-partii-i-politici-koito-prez-glavata-na-vsichki-ni-vavedoha-evroto,"Радев: На тези избори вярвам, че ще накажем онези партии и политици, които през главата на всички ни въведоха еврото",2026-04-01,5 151,8,"Трябва реформа на основни неща почти на всичко. Трябва превенция на заболяванията и доболнична помощ , а то никнат болници като гъби. Но болниците са за болни хора а то не трябва да се стига до там.",В здравеопазването,01.04.2026 21:23,32,3,2026-04-11 17:24:41
fakti.bg,https://fakti.bg/topic/izbori/2026/04/01/78928,https://fakti.bg/bulgaria/1045676-radev-na-tezi-izbori-varvam-che-shte-nakajem-onezi-partii-i-politici-koito-prez-glavata-na-vsichki-ni-vavedoha-evroto,"Радев: На тези избори вярвам, че ще накажем онези партии и политици, които през главата на всички ни въведоха еврото",2026-04-01,5 151,9,"Трябва реформа на основни неща почти на всичко. Трябва превенция на заболяванията и доболнична помощ , а то никнат болници като гъби. Но болниците са за болни хора а то не трябва да се стига до там. Коментиран от #27 , #168",В здравеопазването,01.04.2026 21:23,19,5,2026-04-11 17:24:41
fakti.bg,https://fakti.bg/topic/izbori/2026/04/01/78928,https://fakti.bg/bulgaria/1045676-radev-na-tezi-izbori-varvam-che-shte-nakajem-onezi-partii-i-politici-koito-prez-glavata-na-vsichki-ni-vavedoha-evroto,"Радев: На тези избори вярвам, че ще накажем онези партии и политици, които през главата на всички ни въведоха еврото",2026-04-01,5 151,10,"Трябва ясно да каже, какво ще прави с еврейската народна партия и нейният лидер ББ! Коментиран от #92",До изборите,01.04.2026 21:24,38,16,2026-04-11 17:24:41
fakti.bg,https://fakti.bg/topic/izbori/2026/04/01/78928,https://fakti.bg/bulgaria/1045676-radev-na-tezi-izbori-varvam-che-shte-nakajem-onezi-partii-i-politici-koito-prez-glavata-na-vsichki-ni-vavedoha-evroto,"Радев: На тези избори вярвам, че ще накажем онези партии и политици, които през главата на всички ни въведоха еврото",2026-04-01,5 151,11,"До коментар #3 от ""На всички атлантици трябва да"": Тихо путлероид. Безмозъчен паразит. Радев е поредния измамник. Факт.новите олигарси и новите крадливи. Гербов,бобокови ,копринков и още и още около зеления чорап. Бг наивниците пак се водят по поредния спасител тип славе чалгаря и отново ще смучат тиня. Коментиран от #112",Сандоколенков,01.04.2026 21:24,96,36,2026-04-11 17:24:41
fakti.bg,https://fakti.bg/topic/izbori/2026/04/01/78928,https://fakti.bg/bulgaria/1045676-radev-na-tezi-izbori-varvam-che-shte-nakajem-onezi-partii-i-politici-koito-prez-glavata-na-vsichki-ni-vavedoha-evroto,"Радев: На тези избори вярвам, че ще накажем онези партии и политици, които през главата на всички ни въведоха еврото",2026-04-01,5 151,12,"а после !? Лошите жаби ще ги накажем, ама как ще излезем от блатото ? Ще имате ли смелост да посегнете и на жабите които само лапат и подкрепят другите само за да им дават лапачка и да крякат ? Блато не се пресушава лесно ! И комарите пият кръвчица и ....... да продължавам ли ?","Добре,",01.04.2026 21:25,42,2,2026-04-11 17:24:41
fakti.bg,https://fakti.bg/topic/izbori/2026/04/01/78928,https://fakti.bg/bulgaria/1045676-radev-na-tezi-izbori-varvam-che-shte-nakajem-onezi-partii-i-politici-koito-prez-glavata-na-vsichki-ni-vavedoha-evroto,"Радев: На тези избори вярвам, че ще накажем онези партии и политици, които през главата на всички ни въведоха еврото",2026-04-01,5 151,13,"До коментар #6 от ""Да или Не"": За другото много много не ти се разбира. Коментиран от #16",Такъв съвет не трябва изобщо да има,01.04.2026 21:26,11,4,2026-04-11 17:24:41
fakti.bg,https://fakti.bg/topic/izbori/2026/04/01/78928,https://fakti.bg/bulgaria/1045676-radev-na-tezi-izbori-varvam-che-shte-nakajem-onezi-partii-i-politici-koito-prez-glavata-na-vsichki-ni-vavedoha-evroto,"Радев: На тези избори вярвам, че ще накажем онези партии и политици, които през главата на всички ни въведоха еврото",2026-04-01,5 151,14,ра дев,Глуп ака,01.04.2026 21:26,53,19,2026-04-11 17:24:41
fakti.bg,https://fakti.bg/topic/izbori/2026/04/01/78928,https://fakti.bg/bulgaria/1045676-radev-na-tezi-izbori-varvam-che-shte-nakajem-onezi-partii-i-politici-koito-prez-glavata-na-vsichki-ni-vavedoha-evroto,"Радев: На тези избори вярвам, че ще накажем онези партии и политици, които през главата на всички ни въведоха еврото",2026-04-01,5 151,15,Избърши си дирника с книжен лев зелен чорап. Еврото и само еврото. Текат евраци в момента и никой не се оплаква. Путлероид мръсен. Радев е измамник.,Пожорунтав,01.04.2026 21:27,80,35,2026-04-11 17:24:41
fakti.bg,https://fakti.bg/topic/izbori/2026/04/01/78928,https://fakti.bg/bulgaria/1045676-radev-na-tezi-izbori-varvam-che-shte-nakajem-onezi-partii-i-politici-koito-prez-glavata-na-vsichki-ni-vavedoha-evroto,"Радев: На тези избори вярвам, че ще накажем онези партии и политици, които през главата на всички ни въведоха еврото",2026-04-01,5 151,16,"До коментар #13 от ""Такъв съвет не трябва изобщо да има"": Трийсе хиляди лева заплата ? На всичкото отгоре.",Освен това защо трябва да са с по,01.04.2026 21:27,28,2,2026-04-11 17:24:41
fakti.bg,https://fakti.bg/topic/izbori/2026/04/01/78928,https://fakti.bg/bulgaria/1045676-radev-na-tezi-izbori-varvam-che-shte-nakajem-onezi-partii-i-politici-koito-prez-glavata-na-vsichki-ni-vavedoha-evroto,"Радев: На тези избори вярвам, че ще накажем онези партии и политици, които през главата на всички ни въведоха еврото",2026-04-01,5 151,17,"Нали олигархията нещо щеше да правиш бе, чорап?!?!?? Кого ще наказваш бе, фатмак!?!?",Бай Тошо,01.04.2026 21:27,73,20,2026-04-11 17:24:41
fakti.bg,https://fakti.bg/topic/izbori/2026/04/01/78928,https://fakti.bg/bulgaria/1045676-radev-na-tezi-izbori-varvam-che-shte-nakajem-onezi-partii-i-politici-koito-prez-glavata-na-vsichki-ni-vavedoha-evroto,"Радев: На тези избори вярвам, че ще накажем онези партии и политици, които през главата на всички ни въведоха еврото",2026-04-01,5 151,18,"Стига вече с тая корупция! Има власт, която произвежда корупцията! Корупцията не пада от небето!",Перо,01.04.2026 21:27,62,7,2026-04-11 17:24:41
fakti.bg,https://fakti.bg/topic/izbori/2026/04/01/78928,https://fakti.bg/bulgaria/1045676-radev-na-tezi-izbori-varvam-che-shte-nakajem-onezi-partii-i-politici-koito-prez-glavata-na-vsichki-ni-vavedoha-evroto,"Радев: На тези избори вярвам, че ще накажем онези партии и политици, които през главата на всички ни въведоха еврото",2026-04-01,5 151,19,Че какво му е на еврото? Изобщо не е толкова страшно колкото такива шарлатани се опитваха да ни плашат. Коментиран от #31,"Айде бе,",01.04.2026 21:28,74,30,2026-04-11 17:24:41
fakti.bg,https://fakti.bg/topic/izbori/2026/04/01/78928,https://fakti.bg/bulgaria/1045676-radev-na-tezi-izbori-varvam-che-shte-nakajem-onezi-partii-i-politici-koito-prez-glavata-na-vsichki-ni-vavedoha-evroto,"Радев: На тези избори вярвам, че ще накажем онези партии и политици, които през главата на всички ни въведоха еврото",2026-04-01,5 151,20,За десет години не можа да надрасне селският си манталитет.,Тоя црвл,01.04.2026 21:28,69,16,2026-04-11 17:24:41
fakti.bg,https://fakti.bg/topic/izbori/2026/04/01/78928,https://fakti.bg/bulgaria/1045676-radev-na-tezi-izbori-varvam-che-shte-nakajem-onezi-partii-i-politici-koito-prez-glavata-na-vsichki-ni-vavedoha-evroto,"Радев: На тези избори вярвам, че ще накажем онези партии и политици, които през главата на всички ни въведоха еврото",2026-04-01,5 151,21,"До коментар #7 от ""Да го подпише това което е казал"": Нито цент за Украйна, САЩ и Израел от бюджета ... Ама не му вярвам !",Това ми харесва,01.04.2026 21:29,26,20,2026-04-11 17:24:41
fakti.bg,https://fakti.bg/topic/izbori/2026/04/01/78928,https://fakti.bg/bulgaria/1045676-radev-na-tezi-izbori-varvam-che-shte-nakajem-onezi-partii-i-politici-koito-prez-glavata-na-vsichki-ni-vavedoha-evroto,"Радев: На тези избори вярвам, че ще накажем онези партии и политици, които през главата на всички ни въведоха еврото",2026-04-01,5 151,22,"Открито да заявиш, че си за излизане от ес и нато и ни се правиш на атлантик, нищо няма да спечелиш! Хората искат смели, открити и честни водачи, а не усул революционери! За тива харесвам Костадинов - умен, честен и открит и не се страхува да заяви открито целите, които единствено са в интерес на България!! Ти, ако вземеш властта, как ще се спогодиш с урсулите? Коментиран от #29","Радев, докато те е страх",01.04.2026 21:29,20,42,2026-04-11 17:24:41
fakti.bg,https://fakti.bg/topic/izbori/2026/04/01/78928,https://fakti.bg/bulgaria/1045676-radev-na-tezi-izbori-varvam-che-shte-nakajem-onezi-partii-i-politici-koito-prez-glavata-na-vsichki-ni-vavedoha-evroto,"Радев: На тези избори вярвам, че ще накажем онези партии и политици, които през главата на всички ни въведоха еврото",2026-04-01,5 151,23,Наказания ще бъдеш ти защото си замълча дори не сложи вето на фалшивите избори ти Бойко и шиши сте една тройка няма как едно прасенце да ти квичи под прозорците на президентското мистър Кеш а ти да си мълчиш и дори не го осъди за клевета явно е бил прав шиши че си мафи-от,Бай Хасан,01.04.2026 21:30,42,8,2026-04-11 17:24:41
fakti.bg,https://fakti.bg/topic/izbori/2026/04/01/78928,https://fakti.bg/bulgaria/1045676-radev-na-tezi-izbori-varvam-che-shte-nakajem-onezi-partii-i-politici-koito-prez-glavata-na-vsichki-ni-vavedoha-evroto,"Радев: На тези избори вярвам, че ще накажем онези партии и политици, които през главата на всички ни въведоха еврото",2026-04-01,5 151,24,Как ша вервам на некф страхлив лицемер който заряза президенството за да си прави лична кариера на гърба на хората. Кажи кой те финансира чорап. Кажи с кой и как ще правиш коалиция. Пълен си с измамници около теб от други партии. Никой не ти вярва бе чорап. Дъвка за наивници.,Хасмучевец,01.04.2026 21:30,52,15,2026-04-11 17:24:41
fakti.bg,https://fakti.bg/topic/izbori/2026/04/01/78928,https://fakti.bg/bulgaria/1045676-radev-na-tezi-izbori-varvam-che-shte-nakajem-onezi-partii-i-politici-koito-prez-glavata-na-vsichki-ni-vavedoha-evroto,"Радев: На тези избори вярвам, че ще накажем онези партии и политици, които през главата на всички ни въведоха еврото",2026-04-01,5 151,25,"от години , всеизвестни на българските граждани и неуспорвани относно Еврото , били станали през главата ни , представи си ?!","Неща , планирани",01.04.2026 21:31,37,14,2026-04-11 17:24:41
fakti.bg,https://fakti.bg/topic/izbori/2026/04/01/78928,https://fakti.bg/bulgaria/1045676-radev-na-tezi-izbori-varvam-che-shte-nakajem-onezi-partii-i-politici-koito-prez-glavata-na-vsichki-ni-vavedoha-evroto,"Радев: На тези избори вярвам, че ще накажем онези партии и политици, които през главата на всички ни въведоха еврото",2026-04-01,5 151,26,Чий е Крим ?,питам,01.04.2026 21:31,34,9,2026-04-11 17:24:41
fakti.bg,https://fakti.bg/topic/izbori/2026/04/01/78928,https://fakti.bg/bulgaria/1045676-radev-na-tezi-izbori-varvam-che-shte-nakajem-onezi-partii-i-politici-koito-prez-glavata-na-vsichki-ni-vavedoha-evroto,"Радев: На тези избори вярвам, че ще накажем онези партии и политици, които през главата на всички ни въведоха еврото",2026-04-01,5 151,27,"До коментар #9 от ""В здравеопазването"": Обичаш да лежиш в болница. Кой ти пречи.",Защо слагаш минус,01.04.2026 21:31,6,6,2026-04-11 17:24:41
fakti.bg,https://fakti.bg/topic/izbori/2026/04/01/78928,https://fakti.bg/bulgaria/1045676-radev-na-tezi-izbori-varvam-che-shte-nakajem-onezi-partii-i-politici-koito-prez-glavata-na-vsichki-ni-vavedoha-evroto,"Радев: На тези избори вярвам, че ще накажем онези партии и политици, които през главата на всички ни въведоха еврото",2026-04-01,5 151,28,"Лидерът на ""Прогресивна България"" Румен Радев подкрепи сключването на споразумение с Украйна и осъди по най-категоричен начин Руската агресия. Похвали готовността на Украйна незабавно да сключи пълно примирие или да спре да нанася уари по руската петролна или газова инфраструктира, стига и Русия да спре с атаките си по украинската енергийна система, които през зимата оберкоха милиони украинци на студ и глад.. България, заяви бившият президент, заедно с останалите страни от ЕС ще работи и занапред за справедлие и треаен мир, базиран на принципите на хартата на ООН. (Честит 1-ви април.) Коментиран от #36",.....,01.04.2026 21:31,12,17,2026-04-11 17:24:41
fakti.bg,https://fakti.bg/topic/izbori/2026/04/01/78928,https://fakti.bg/bulgaria/1045676-radev-na-tezi-izbori-varvam-che-shte-nakajem-onezi-partii-i-politici-koito-prez-glavata-na-vsichki-ni-vavedoha-evroto,"Радев: На тези избори вярвам, че ще накажем онези партии и политици, които през главата на всички ни въведоха еврото",2026-04-01,5 151,30,"От боеприпаси за Украйна изкарахме милиарди.Даже и руската скрап дето им дарихме ЕС ни платиха милиони евро.Ти 17 милона можеш ли да сравниш с 5 милиарда.А да те питам ти как преджоби българите с едно от служебните си правителства.Ма голям бизнесмен си г-н Боташ,Веулик си и не се опитвай да завиваш към русия щото тогава ще има нова революция.",Ей Радефффффффф,01.04.2026 21:32,45,18,2026-04-11 17:24:41
fakti.bg,https://fakti.bg/topic/izbori/2026/04/01/78928,https://fakti.bg/bulgaria/1045676-radev-na-tezi-izbori-varvam-che-shte-nakajem-onezi-partii-i-politici-koito-prez-glavata-na-vsichki-ni-vavedoha-evroto,"Радев: На тези избори вярвам, че ще накажем онези партии и политици, които през главата на всички ни въведоха еврото",2026-04-01,5 151,32,Абе Ганьо ти не беше ли човека който подписа указ за подготовка за въвеждане на еврото на 19 август 2024...Ти не отхвърли ли референдума на Възраждане с 600 хиляди подписа и каза че за вече подписани международни договори неможе да има референдум..Но ти пак ще вземеш гласове защото българина е късо паметен ...,12345,01.04.2026 21:32,50,8,2026-04-11 17:24:41
fakti.bg,https://fakti.bg/topic/izbori/2026/04/01/78928,https://fakti.bg/bulgaria/1045676-radev-na-tezi-izbori-varvam-che-shte-nakajem-onezi-partii-i-politici-koito-prez-glavata-na-vsichki-ni-vavedoha-evroto,"Радев: На тези избори вярвам, че ще накажем онези партии и политици, които през главата на всички ни въведоха еврото",2026-04-01,5 151,33,"Просто вие които сте настроени против Радев сте тия които сте живели според вашите представи,добре по времето на Бойко и Пеевски.Вие сте трън в окото на нормално и трезво разсъждаващия българин.Точно вие които се хвалят на каква готина отпуска в чужбина сте ходили,а не ви интересува за толкова години на какъв резил е заприличала страната ни! Ох заблудени душици,пиявици и жалки битости.УЖ ХОРА…. Коментиран от #109",Агата,01.04.2026 21:33,14,41,2026-04-11 17:24:41
fakti.bg,https://fakti.bg/topic/izbori/2026/04/01/78928,https://fakti.bg/bulgaria/1045676-radev-na-tezi-izbori-varvam-che-shte-nakajem-onezi-partii-i-politici-koito-prez-glavata-na-vsichki-ni-vavedoha-evroto,"Радев: На тези избори вярвам, че ще накажем онези партии и политици, които през главата на всички ни въведоха еврото",2026-04-01,5 151,34,"до Септември Войната в Арабският Гълф няма да завърши въпреки кефа на Израелци и Американци. До Септември Европейския Съюз ще бъде Рецесия, след Септември Европейския Съюз ще бъде официално в Икономическа Депресия, това са добрите новини, лошите ще Ви спестя, дръжте винаги Кеш, Хладилника зареден до горе, пълен Резервоар и Жената и Децата на близо. Ave Caesar, аве Зеленски, Слава.🤣😂🤣","Са, моята икономическата прогноза е,",01.04.2026 21:33,16,17,2026-04-11 17:24:41
fakti.bg,https://fakti.bg/topic/izbori/2026/04/01/78928,https://fakti.bg/bulgaria/1045676-radev-na-tezi-izbori-varvam-che-shte-nakajem-onezi-partii-i-politici-koito-prez-glavata-na-vsichki-ni-vavedoha-evroto,"Радев: На тези избори вярвам, че ще накажем онези партии и политици, които през главата на всички ни въведоха еврото",2026-04-01,5 151,35,36 години само грабят народа тези наследници на монархо фашисти и нацисти. Лустрация е нужна а за министрите дето са били съд ! Коментиран от #57,всички атлантици са паразити,01.04.2026 21:33,17,21,2026-04-11 17:24:41
fakti.bg,https://fakti.bg/topic/izbori/2026/04/01/78928,https://fakti.bg/bulgaria/1045676-radev-na-tezi-izbori-varvam-che-shte-nakajem-onezi-partii-i-politici-koito-prez-glavata-na-vsichki-ni-vavedoha-evroto,"Радев: На тези избори вярвам, че ще накажем онези партии и политици, които през главата на всички ни въведоха еврото",2026-04-01,5 151,36,"До коментар #28 от ""....."": Става!",Ако е шега -,01.04.2026 21:34,7,1,2026-04-11 17:24:41
fakti.bg,https://fakti.bg/topic/izbori/2026/04/01/78928,https://fakti.bg/bulgaria/1045676-radev-na-tezi-izbori-varvam-che-shte-nakajem-onezi-partii-i-politici-koito-prez-glavata-na-vsichki-ni-vavedoha-evroto,"Радев: На тези избори вярвам, че ще накажем онези партии и политици, които през главата на всички ни въведоха еврото",2026-04-01,5 151,37,ГОСПОДИНЕ заобиколен от огромната си охрана на държавата и незнам откъде черпите пари за скъпата си кампания ГОСПОДИНЕ Я вижте комунисти стари спортисти червени куфарчета стари военни слугите ви от президенствотоАма господине всичката тази маса зад вас единствено жадува за лесните пари в парламента МАЛОУМНИЦИ САМО МОЖЕ ДА ЗАБЛУЖДАВАТЕ,Промяна,01.04.2026 21:34,41,10,2026-04-11 17:24:41
fakti.bg,https://fakti.bg/topic/izbori/2026/04/01/78928,https://fakti.bg/bulgaria/1045676-radev-na-tezi-izbori-varvam-che-shte-nakajem-onezi-partii-i-politici-koito-prez-glavata-na-vsichki-ni-vavedoha-evroto,"Радев: На тези избори вярвам, че ще накажем онези партии и политици, които през главата на всички ни въведоха еврото",2026-04-01,5 151,38,Заместник на Костя копейкин,Радев,01.04.2026 21:35,33,10,2026-04-11 17:24:41
fakti.bg,https://fakti.bg/topic/izbori/2026/04/01/78928,https://fakti.bg/bulgaria/1045676-radev-na-tezi-izbori-varvam-che-shte-nakajem-onezi-partii-i-politici-koito-prez-glavata-na-vsichki-ni-vavedoha-evroto,"Радев: На тези избори вярвам, че ще накажем онези партии и политици, които през главата на всички ни въведоха еврото",2026-04-01,5 151,39,"Поредният спасител червенушко. И след време, като се огледа човек, децата и внуците на шумкарите с парички, хотели, коли, вили, а Вие чакайте коча да пусне мляко. Брей, наивни хорица бе!",Кака Пена,01.04.2026 21:35,46,9,2026-04-11 17:24:41
fakti.bg,https://fakti.bg/topic/izbori/2026/04/01/78928,https://fakti.bg/bulgaria/1045676-radev-na-tezi-izbori-varvam-che-shte-nakajem-onezi-partii-i-politici-koito-prez-glavata-na-vsichki-ni-vavedoha-evroto,"Радев: На тези избори вярвам, че ще накажем онези партии и политици, които през главата на всички ни въведоха еврото",2026-04-01,5 151,40,"""Нито цент от нашия бюджет не трябва и няма да отива в тези войни, защото нашите пари трябва да остават за нашите пенсионери, деца, здравеопазване и образование“, прибави той....","А тъй, точно тъй",01.04.2026 21:35,9,19,2026-04-11 17:24:41
fakti.bg,https://fakti.bg/topic/izbori/2026/04/01/78928,https://fakti.bg/bulgaria/1045676-radev-na-tezi-izbori-varvam-che-shte-nakajem-onezi-partii-i-politici-koito-prez-glavata-na-vsichki-ni-vavedoha-evroto,"Радев: На тези избори вярвам, че ще накажем онези партии и политици, които през главата на всички ни въведоха еврото",2026-04-01,5 151,42,Речите му са писани в Кремъл. ЮдаБулгарикус,файтонджу,01.04.2026 21:36,39,10,2026-04-11 17:24:41
fakti.bg,https://fakti.bg/topic/izbori/2026/04/01/78928,https://fakti.bg/bulgaria/1045676-radev-na-tezi-izbori-varvam-che-shte-nakajem-onezi-partii-i-politici-koito-prez-glavata-na-vsichki-ni-vavedoha-evroto,"Радев: На тези избори вярвам, че ще накажем онези партии и политици, които през главата на всички ни въведоха еврото",2026-04-01,5 151,43,"Май от ден на ден, Радев все повече се изнервя и до края на кампанията, откровенно ще се обяви против еврото, шенген и ЕС. Очаквам вече да чуя, че България трябва да преосмисли членството в НАТО и да стане сателит на Путин. В Русия вече спряха интернета - на българите защо им е? Искат много да знаят а ?",Ники,01.04.2026 21:36,43,12,2026-04-11 17:24:41
fakti.bg,https://fakti.bg/topic/izbori/2026/04/01/78928,https://fakti.bg/bulgaria/1045676-radev-na-tezi-izbori-varvam-che-shte-nakajem-onezi-partii-i-politici-koito-prez-glavata-na-vsichki-ni-vavedoha-evroto,"Радев: На тези избори вярвам, че ще накажем онези партии и политици, които през главата на всички ни въведоха еврото",2026-04-01,5 151,44,Лежа 10 години в президенството сега решил да полежи още в парламента хахахахахахаА и е заедно с петроханските извратеняци и догановите дерибеи ГОЛЯМ ТИМ СТЕ ХАХАХАХАХА Коментиран от #75,Промяна,01.04.2026 21:37,31,12,2026-04-11 17:24:41
fakti.bg,https://fakti.bg/topic/izbori/2026/04/01/78928,https://fakti.bg/bulgaria/1045676-radev-na-tezi-izbori-varvam-che-shte-nakajem-onezi-partii-i-politici-koito-prez-glavata-na-vsichki-ni-vavedoha-evroto,"Радев: На тези избори вярвам, че ще накажем онези партии и политици, които през главата на всички ни въведоха еврото",2026-04-01,5 151,45,То хубаво ама как да накажем онези политици сложили ни Гяуров за премиер. Освен да фърляме за Коста възраждането.,Край,01.04.2026 21:37,15,20,2026-04-11 17:24:41
fakti.bg,https://fakti.bg/topic/izbori/2026/04/01/78928,https://fakti.bg/bulgaria/1045676-radev-na-tezi-izbori-varvam-che-shte-nakajem-onezi-partii-i-politici-koito-prez-glavata-na-vsichki-ni-vavedoha-evroto,"Радев: На тези избори вярвам, че ще накажем онези партии и политици, които през главата на всички ни въведоха еврото",2026-04-01,5 151,46,"От думите му стана ясно, че Благоевград може да бъде иновационен и предприемачески център, благодарение на младите си хора. Коментиран от #54",А Перник ? А?,01.04.2026 21:37,9,5,2026-04-11 17:24:41
fakti.bg,https://fakti.bg/topic/izbori/2026/04/01/78928,https://fakti.bg/bulgaria/1045676-radev-na-tezi-izbori-varvam-che-shte-nakajem-onezi-partii-i-politici-koito-prez-glavata-na-vsichki-ni-vavedoha-evroto,"Радев: На тези избори вярвам, че ще накажем онези партии и политици, които през главата на всички ни въведоха еврото",2026-04-01,5 151,48,"Наборе, наборе що си не седе у президентството,и после шапка на тояга. За девет години не разбра ли ,че политиката е .. работа... Явно ще го разбереш по трудния начин...",Ветеран,01.04.2026 21:38,30,6,2026-04-11 17:24:41
fakti.bg,https://fakti.bg/topic/izbori/2026/04/01/78928,https://fakti.bg/bulgaria/1045676-radev-na-tezi-izbori-varvam-che-shte-nakajem-onezi-partii-i-politici-koito-prez-glavata-na-vsichki-ni-vavedoha-evroto,"Радев: На тези избори вярвам, че ще накажем онези партии и политици, които през главата на всички ни въведоха еврото",2026-04-01,5 151,49,С две думи въздух под налягане и общи приказки за баламите които сляпо ще гласуват за този галфон обявил се за пореден спасител на нацията и държавата срещу които плю цели 9 г като пРезидент!!,г-н Мун,01.04.2026 21:39,39,8,2026-04-11 17:24:41
fakti.bg,https://fakti.bg/topic/izbori/2026/04/01/78928,https://fakti.bg/bulgaria/1045676-radev-na-tezi-izbori-varvam-che-shte-nakajem-onezi-partii-i-politici-koito-prez-glavata-na-vsichki-ni-vavedoha-evroto,"Радев: На тези избори вярвам, че ще накажем онези партии и политици, които през главата на всички ни въведоха еврото",2026-04-01,5 151,50,Тоа ако дойде ше въведе да плащаме с топчета и бомбонки😅😅😅😅,Ужас,01.04.2026 21:39,23,6,2026-04-11 17:24:41
fakti.bg,https://fakti.bg/topic/izbori/2026/04/01/78928,https://fakti.bg/bulgaria/1045676-radev-na-tezi-izbori-varvam-che-shte-nakajem-onezi-partii-i-politici-koito-prez-glavata-na-vsichki-ni-vavedoha-evroto,"Радев: На тези избори вярвам, че ще накажем онези партии и политици, които през главата на всички ни въведоха еврото",2026-04-01,5 151,51,Ти каква двулична маймуна си...,Гошо,01.04.2026 21:39,29,5,2026-04-11 17:24:41
fakti.bg,https://fakti.bg/topic/izbori/2026/04/01/78928,https://fakti.bg/bulgaria/1045676-radev-na-tezi-izbori-varvam-che-shte-nakajem-onezi-partii-i-politici-koito-prez-glavata-na-vsichki-ni-vavedoha-evroto,"Радев: На тези избори вярвам, че ще накажем онези партии и политици, които през главата на всички ни въведоха еврото",2026-04-01,5 151,52,кой да кълве !,Няма,01.04.2026 21:39,28,6,2026-04-11 17:24:41
fakti.bg,https://fakti.bg/topic/izbori/2026/04/01/78928,https://fakti.bg/bulgaria/1045676-radev-na-tezi-izbori-varvam-che-shte-nakajem-onezi-partii-i-politici-koito-prez-glavata-na-vsichki-ni-vavedoha-evroto,"Радев: На тези избори вярвам, че ще накажем онези партии и политици, които през главата на всички ни въведоха еврото",2026-04-01,5 151,53,"Щом глyпака Радев тръгна срещу еврото има шанс да загуби още преди да е спечелил .... Еророто дори и за ""копейките"" има стойност да изглеждаме като че стоим по добре от Румъния и Унгария че сме част от богатия свят ... няма да обяснявам че ще разкандардисам Радев.",бай Даньо,01.04.2026 21:39,33,10,2026-04-11 17:24:41
fakti.bg,https://fakti.bg/topic/izbori/2026/04/01/78928,https://fakti.bg/bulgaria/1045676-radev-na-tezi-izbori-varvam-che-shte-nakajem-onezi-partii-i-politici-koito-prez-glavata-na-vsichki-ni-vavedoha-evroto,"Радев: На тези избори вярвам, че ще накажем онези партии и политици, които през главата на всички ни въведоха еврото",2026-04-01,5 151,54,"До коментар #46 от ""А Перник ? А?"": Лъже, радев. младите избягаха в чужбина или софия да работят. В благоевград няма работа,фабрики и производство. Иди виж.",Лополичев,01.04.2026 21:39,31,4,2026-04-11 17:24:41
fakti.bg,https://fakti.bg/topic/izbori/2026/04/01/78928,https://fakti.bg/bulgaria/1045676-radev-na-tezi-izbori-varvam-che-shte-nakajem-onezi-partii-i-politici-koito-prez-glavata-na-vsichki-ni-vavedoha-evroto,"Радев: На тези избори вярвам, че ще накажем онези партии и политици, които през главата на всички ни въведоха еврото",2026-04-01,5 151,55,"С ""вярвам"" не става Радев. 45 години ни учеха да ""вярваме"" в комунизма и накрая комунизма фалира държавата и съсипа хората. Така че не се опитвай Радев пак с ""вяра"" да унищожиш България ! Акъл трябва, а не ""вяра"" и офицерска фуражка !",Иван,01.04.2026 21:39,36,7,2026-04-11 17:24:41
fakti.bg,https://fakti.bg/topic/izbori/2026/04/01/78928,https://fakti.bg/bulgaria/1045676-radev-na-tezi-izbori-varvam-che-shte-nakajem-onezi-partii-i-politici-koito-prez-glavata-na-vsichki-ni-vavedoha-evroto,"Радев: На тези избори вярвам, че ще накажем онези партии и политици, които през главата на всички ни въведоха еврото",2026-04-01,5 151,56,"Срещу Радев. Не знам защо той не казва нищо за тази системна манипулация. И за НПОтата и за троловете но това е важно , защото те формират фалшиво обществено мнение.",Яка манипулация на знаците,01.04.2026 21:40,14,9,2026-04-11 17:24:41
fakti.bg,https://fakti.bg/topic/izbori/2026/04/01/78928,https://fakti.bg/bulgaria/1045676-radev-na-tezi-izbori-varvam-che-shte-nakajem-onezi-partii-i-politici-koito-prez-glavata-na-vsichki-ni-vavedoha-evroto,"Радев: На тези избори вярвам, че ще накажем онези партии и политици, които през главата на всички ни въведоха еврото",2026-04-01,5 151,58,На тези избори трябва да накажем и педофилите. Най интимно да ги накажем,Само че,01.04.2026 21:41,16,10,2026-04-11 17:24:41
fakti.bg,https://fakti.bg/topic/izbori/2026/04/01/78928,https://fakti.bg/bulgaria/1045676-radev-na-tezi-izbori-varvam-che-shte-nakajem-onezi-partii-i-politici-koito-prez-glavata-na-vsichki-ni-vavedoha-evroto,"Радев: На тези избори вярвам, че ще накажем онези партии и политици, които през главата на всички ни въведоха еврото",2026-04-01,5 151,59,"До кога ще има наглостта да лъже - Боташ, американски самолети, договора за мир и 17 милиона и още какво ли не",Гост,01.04.2026 21:41,25,8,2026-04-11 17:24:41
fakti.bg,https://fakti.bg/topic/izbori/2026/04/01/78928,https://fakti.bg/bulgaria/1045676-radev-na-tezi-izbori-varvam-che-shte-nakajem-onezi-partii-i-politici-koito-prez-glavata-na-vsichki-ni-vavedoha-evroto,"Радев: На тези избори вярвам, че ще накажем онези партии и политици, които през главата на всички ни въведоха еврото",2026-04-01,5 151,60,"иска войни , да си избира военни ! Тотално безполезни пенсионери и някой друг спортист . Коментиран от #66",Който,01.04.2026 21:41,23,7,2026-04-11 17:24:41
fakti.bg,https://fakti.bg/topic/izbori/2026/04/01/78928,https://fakti.bg/bulgaria/1045676-radev-na-tezi-izbori-varvam-che-shte-nakajem-onezi-partii-i-politici-koito-prez-glavata-na-vsichki-ni-vavedoha-evroto,"Радев: На тези избори вярвам, че ще накажем онези партии и политици, които през главата на всички ни въведоха еврото",2026-04-01,5 151,61,Радка Популистката...2027ма ще се мъчим да го сваляме.,...,01.04.2026 21:41,28,6,2026-04-11 17:24:41
fakti.bg,https://fakti.bg/topic/izbori/2026/04/01/78928,https://fakti.bg/bulgaria/1045676-radev-na-tezi-izbori-varvam-che-shte-nakajem-onezi-partii-i-politici-koito-prez-glavata-na-vsichki-ni-vavedoha-evroto,"Радев: На тези избори вярвам, че ще накажем онези партии и политици, които през главата на всички ни въведоха еврото",2026-04-01,5 151,63,не го слуша главата Коментиран от #79,Тоя,01.04.2026 21:41,28,7,2026-04-11 17:24:41
fakti.bg,https://fakti.bg/topic/izbori/2026/04/01/78928,https://fakti.bg/bulgaria/1045676-radev-na-tezi-izbori-varvam-che-shte-nakajem-onezi-partii-i-politici-koito-prez-glavata-na-vsichki-ni-vavedoha-evroto,"Радев: На тези избори вярвам, че ще накажем онези партии и политици, които през главата на всички ни въведоха еврото",2026-04-01,5 151,64,Еми той Радев заедно със своите служебни правителства изпращаше тонове оръжия на Украйна и помагаше за набутването ни насила в еврозоната! Също така той създаде франкенщайна ПП! Коментиран от #69,Феникс,01.04.2026 21:42,16,11,2026-04-11 17:24:41
fakti.bg,https://fakti.bg/topic/izbori/2026/04/01/78928,https://fakti.bg/bulgaria/1045676-radev-na-tezi-izbori-varvam-che-shte-nakajem-onezi-partii-i-politici-koito-prez-glavata-na-vsichki-ni-vavedoha-evroto,"Радев: На тези избори вярвам, че ще накажем онези партии и политици, които през главата на всички ни въведоха еврото",2026-04-01,5 151,65,"Същия зелен чорап дет сега квичи щот гюров бил подписал едни формални дългосрочни документи без обвързване, неговите хора на зеления чорап служебното му правителство подписа търговски договор без клауза за прекратяване за 10 години на стойност 13 милиарда лева. Всеки ден българия плаща 1 милион лева на турция без да получава нищо благодарение на зеления чорап. Това ако не е корупционерство и национално предстелство ,тогава какво е??",Танасиков,01.04.2026 21:43,35,5,2026-04-11 17:24:41
fakti.bg,https://fakti.bg/topic/izbori/2026/04/01/78928,https://fakti.bg/bulgaria/1045676-radev-na-tezi-izbori-varvam-che-shte-nakajem-onezi-partii-i-politici-koito-prez-glavata-na-vsichki-ni-vavedoha-evroto,"Радев: На тези избори вярвам, че ще накажем онези партии и политици, които през главата на всички ни въведоха еврото",2026-04-01,5 151,66,"До коментар #60 от ""Който"": Вярно е",Бикололев,01.04.2026 21:44,7,3,2026-04-11 17:24:41
fakti.bg,https://fakti.bg/topic/izbori/2026/04/01/78928,https://fakti.bg/bulgaria/1045676-radev-na-tezi-izbori-varvam-che-shte-nakajem-onezi-partii-i-politici-koito-prez-glavata-na-vsichki-ni-vavedoha-evroto,"Радев: На тези избори вярвам, че ще накажем онези партии и политици, които през главата на всички ни въведоха еврото",2026-04-01,5 151,67,"Много е гнусен мамника. Не го е срам да говори за въвеждането на еврото. Той имаше възможността да реагира, но него направи, а сега яхна недоволството на стадото от високите цени. Гнусно и недостойно!",Абсурдистан,01.04.2026 21:44,27,7,2026-04-11 17:24:41
fakti.bg,https://fakti.bg/topic/izbori/2026/04/01/78928,https://fakti.bg/bulgaria/1045676-radev-na-tezi-izbori-varvam-che-shte-nakajem-onezi-partii-i-politici-koito-prez-glavata-na-vsichki-ni-vavedoha-evroto,"Радев: На тези избори вярвам, че ще накажем онези партии и политици, които през главата на всички ни въведоха еврото",2026-04-01,5 151,68,Тоя от сега почна да плаши...Пред кремъл ли е говорил или в бг?,това било бг-политик.....,01.04.2026 21:44,26,7,2026-04-11 17:24:41
fakti.bg,https://fakti.bg/topic/izbori/2026/04/01/78928,https://fakti.bg/bulgaria/1045676-radev-na-tezi-izbori-varvam-che-shte-nakajem-onezi-partii-i-politici-koito-prez-glavata-na-vsichki-ni-vavedoha-evroto,"Радев: На тези избори вярвам, че ще накажем онези партии и политици, които през главата на всички ни въведоха еврото",2026-04-01,5 151,70,"Румен Радев 9 години като хлевоуста махленска бабичка обикаляше от порта на порта (от телевизия в телевизия) да хули и да злослови. Той натресе на България своите шарлатани, даде им властта - защо после обвиняваше тях, а не себе си? Натресе ни и Боташ - пак не той, другите са му виновни.Aко го изберат и ако се провали, пак ще обвинява другите, а не себе си.",Еврокопейкa,01.04.2026 21:45,23,8,2026-04-11 17:24:41
fakti.bg,https://fakti.bg/topic/izbori/2026/04/01/78928,https://fakti.bg/bulgaria/1045676-radev-na-tezi-izbori-varvam-che-shte-nakajem-onezi-partii-i-politici-koito-prez-glavata-na-vsichki-ni-vavedoha-evroto,"Радев: На тези избори вярвам, че ще накажем онези партии и политици, които през главата на всички ни въведоха еврото",2026-04-01,5 151,71,"са потенциални убийци ! Бъдещето са младите и достойни българи , а те искат мир , както и всеки нормален мислещ човек !",Военните,01.04.2026 21:45,15,6,2026-04-11 17:24:41
fakti.bg,https://fakti.bg/topic/izbori/2026/04/01/78928,https://fakti.bg/bulgaria/1045676-radev-na-tezi-izbori-varvam-che-shte-nakajem-onezi-partii-i-politici-koito-prez-glavata-na-vsichki-ni-vavedoha-evroto,"Радев: На тези избори вярвам, че ще накажем онези партии и политици, които през главата на всички ни въведоха еврото",2026-04-01,5 151,72,"Тоя почна с глупостите. Едно е да бомбандираш със самолета от 8 хиляди метра височина , друго е да се биел в калните окопи с кални ботуши . Ще го разбере по трудния начин летеца.",Тервел,01.04.2026 21:47,21,6,2026-04-11 17:24:41
fakti.bg,https://fakti.bg/topic/izbori/2026/04/01/78928,https://fakti.bg/bulgaria/1045676-radev-na-tezi-izbori-varvam-che-shte-nakajem-onezi-partii-i-politici-koito-prez-glavata-na-vsichki-ni-vavedoha-evroto,"Радев: На тези избори вярвам, че ще накажем онези партии и политици, които през главата на всички ни въведоха еврото",2026-04-01,5 151,73,Това е работа и път на много правителства Това е сключен договор с Европа ОЩЕ малко и ще искате при Москва да ни позиционирате ХАЙДЕ стига заблуди А щом влезете в парламента тогава накъде сте ЯСНО ще си проличи,Промяна,01.04.2026 21:47,18,9,2026-04-11 17:24:41
fakti.bg,https://fakti.bg/topic/izbori/2026/04/01/78928,https://fakti.bg/bulgaria/1045676-radev-na-tezi-izbori-varvam-che-shte-nakajem-onezi-partii-i-politici-koito-prez-glavata-na-vsichki-ni-vavedoha-evroto,"Радев: На тези избори вярвам, че ще накажем онези партии и политици, които през главата на всички ни въведоха еврото",2026-04-01,5 151,75,"До коментар #44 от ""Промяна"": Петроханци дали няма да го оправят за да стане от тяхната секта?",Готин,01.04.2026 21:50,11,10,2026-04-11 17:24:41
fakti.bg,https://fakti.bg/topic/izbori/2026/04/01/78928,https://fakti.bg/bulgaria/1045676-radev-na-tezi-izbori-varvam-che-shte-nakajem-onezi-partii-i-politici-koito-prez-glavata-na-vsichki-ni-vavedoha-evroto,"Радев: На тези избори вярвам, че ще накажем онези партии и политици, които през главата на всички ни въведоха еврото",2026-04-01,5 151,76,"До коментар #7 от ""Да го подпише това което е казал"": нашите пари трябва да остават за нашите пенсионери, деца, здравеопазване и образование“, прибави той.... ама иначе заводи за барути нали? И пръдни",Ъхъъъъъ....,01.04.2026 21:50,15,7,2026-04-11 17:24:41
fakti.bg,https://fakti.bg/topic/izbori/2026/04/01/78928,https://fakti.bg/bulgaria/1045676-radev-na-tezi-izbori-varvam-che-shte-nakajem-onezi-partii-i-politici-koito-prez-glavata-na-vsichki-ni-vavedoha-evroto,"Радев: На тези избори вярвам, че ще накажем онези партии и политици, които през главата на всички ни въведоха еврото",2026-04-01,5 151,78,Записвайте си хора кви ги говори сега....,Подлият Радев,01.04.2026 21:51,21,7,2026-04-11 17:24:41
fakti.bg,https://fakti.bg/topic/izbori/2026/04/01/78928,https://fakti.bg/bulgaria/1045676-radev-na-tezi-izbori-varvam-che-shte-nakajem-onezi-partii-i-politici-koito-prez-glavata-na-vsichki-ni-vavedoha-evroto,"Радев: На тези избори вярвам, че ще накажем онези партии и политици, които през главата на всички ни въведоха еврото",2026-04-01,5 151,79,"До коментар #63 от ""Тоя"": Дойде с осем плюса априори.",А Тоя,01.04.2026 21:52,7,2,2026-04-11 17:24:41
fakti.bg,https://fakti.bg/topic/izbori/2026/04/01/78928,https://fakti.bg/bulgaria/1045676-radev-na-tezi-izbori-varvam-che-shte-nakajem-onezi-partii-i-politici-koito-prez-glavata-na-vsichki-ni-vavedoha-evroto,"Радев: На тези избори вярвам, че ще накажем онези партии и политици, които през главата на всички ни въведоха еврото",2026-04-01,5 151,80,"Радев още не е разбрал, че в цял свят, който има някакви кинти ги обръща в долари или евро - за гаранция",Пенчо,01.04.2026 21:53,25,8,2026-04-11 17:24:41
fakti.bg,https://fakti.bg/topic/izbori/2026/04/01/78928,https://fakti.bg/bulgaria/1045676-radev-na-tezi-izbori-varvam-che-shte-nakajem-onezi-partii-i-politici-koito-prez-glavata-na-vsichki-ni-vavedoha-evroto,"Радев: На тези избори вярвам, че ще накажем онези партии и политици, които през главата на всички ни въведоха еврото",2026-04-01,5 151,81,Помпам безплатно всички русофили и техните разклонения и всички дето ни дърпат към Блатото Русия.,Селския бик съм,01.04.2026 21:53,21,5,2026-04-11 17:24:41
fakti.bg,https://fakti.bg/topic/izbori/2026/04/01/78928,https://fakti.bg/bulgaria/1045676-radev-na-tezi-izbori-varvam-che-shte-nakajem-onezi-partii-i-politici-koito-prez-glavata-na-vsichki-ni-vavedoha-evroto,"Радев: На тези избори вярвам, че ще накажем онези партии и политици, които през главата на всички ни въведоха еврото",2026-04-01,5 151,82,"Лицето Румен Радев ще се яви на изборите с коалиция ""Прогресивна България"". Ще натворят маса поразии и шарлатанлъци, ще пуснат на макс фабриката за клишета. След сигурния си провал ще изчезне заедно с кохортата си завинаги. Ето, това ще бъде истински прогрес. Другото е типичното зеленочорапно дърдорене на клишета.",Вечният русофилски цирк,01.04.2026 21:53,26,5,2026-04-11 17:24:41
fakti.bg,https://fakti.bg/topic/izbori/2026/04/01/78928,https://fakti.bg/bulgaria/1045676-radev-na-tezi-izbori-varvam-che-shte-nakajem-onezi-partii-i-politici-koito-prez-glavata-na-vsichki-ni-vavedoha-evroto,"Радев: На тези избори вярвам, че ще накажем онези партии и политици, които през главата на всички ни въведоха еврото",2026-04-01,5 151,84,"За нашите пенсионери, деца, здравеопазване и образование.... На 100% може да сте сигурни хора. Задължителна военна служба и милитаризация само са му в главата. Нали помните как многократно едно е говорил в България и само час по късно точно обратното във чужбина ...",Въобще не му пука на Радев,01.04.2026 21:56,23,6,2026-04-11 17:24:41
fakti.bg,https://fakti.bg/topic/izbori/2026/04/01/78928,https://fakti.bg/bulgaria/1045676-radev-na-tezi-izbori-varvam-che-shte-nakajem-onezi-partii-i-politici-koito-prez-glavata-na-vsichki-ni-vavedoha-evroto,"Радев: На тези избори вярвам, че ще накажем онези партии и политици, които през главата на всички ни въведоха еврото",2026-04-01,5 151,85,Що бе Радев рубли ли искаш да ни въведеш. За Българина няма значение каква хартийка използва за плащане важното е дали получава висока заплата.,Тити,01.04.2026 21:56,24,5,2026-04-11 17:24:41
fakti.bg,https://fakti.bg/topic/izbori/2026/04/01/78928,https://fakti.bg/bulgaria/1045676-radev-na-tezi-izbori-varvam-che-shte-nakajem-onezi-partii-i-politici-koito-prez-glavata-na-vsichki-ni-vavedoha-evroto,"Радев: На тези избори вярвам, че ще накажем онези партии и политици, които през главата на всички ни въведоха еврото",2026-04-01,5 151,87,"Радев, пълна дупка си. Дъвка за пенсионери и наивници. Младите хора от протестите не искат дърти комунистически мутри от миналото. Бивши комуняги с червени куфарчета искащи българив да е колония на путлерланд. Младите искат евро,да пътуват,да са свободни и образовани и да са в европа. Не искат да им спират интернета и да ги тъпчат с путлерастка пропаганда. Измамник си радев. Разкрит си какъв измамник си.",Гуру Гарабед,01.04.2026 21:57,26,6,2026-04-11 17:24:41
fakti.bg,https://fakti.bg/topic/izbori/2026/04/01/78928,https://fakti.bg/bulgaria/1045676-radev-na-tezi-izbori-varvam-che-shte-nakajem-onezi-partii-i-politici-koito-prez-glavata-na-vsichki-ni-vavedoha-evroto,"Радев: На тези избори вярвам, че ще накажем онези партии и политици, които през главата на всички ни въведоха еврото",2026-04-01,5 151,88,"В полза на статуквото което ще си отиде със или без Радев , рано или късно. Песента ви е изпята.",По десет дванайсет фалшиви лайки,01.04.2026 21:58,12,7,2026-04-11 17:24:41
fakti.bg,https://fakti.bg/topic/izbori/2026/04/01/78928,https://fakti.bg/bulgaria/1045676-radev-na-tezi-izbori-varvam-che-shte-nakajem-onezi-partii-i-politici-koito-prez-glavata-na-vsichki-ni-vavedoha-evroto,"Радев: На тези избори вярвам, че ще накажем онези партии и политици, които през главата на всички ни въведоха еврото",2026-04-01,5 151,89,"и от реч на реч,все повече хора разбират колко му е политическия багаж на летеца. Популизъм отвсякъде. Говори това, което си въобразява че искат да чуят хората...общо взето политически новобранец.. има още много да учи Радев,ама няма кой да го чака да се научи.. . Коментиран от #131",От ден на ден,01.04.2026 21:58,25,7,2026-04-11 17:24:41
fakti.bg,https://fakti.bg/topic/izbori/2026/04/01/78928,https://fakti.bg/bulgaria/1045676-radev-na-tezi-izbori-varvam-che-shte-nakajem-onezi-partii-i-politici-koito-prez-glavata-na-vsichki-ni-vavedoha-evroto,"Радев: На тези избори вярвам, че ще накажем онези партии и политици, които през главата на всички ни въведоха еврото",2026-04-01,5 151,90,"100% Прогресивен Парапет. Радев мечтае да е най-успешната путинска матрьошка. Но Орбан, Лукашенко, Вучич, Фицо…. са доста напред и има да догонва останалите отрепки, отгледани от КГБ да саботират държавите си.",Това е най-голямата кОпейка,01.04.2026 21:58,24,7,2026-04-11 17:24:41
fakti.bg,https://fakti.bg/topic/izbori/2026/04/01/78928,https://fakti.bg/bulgaria/1045676-radev-na-tezi-izbori-varvam-che-shte-nakajem-onezi-partii-i-politici-koito-prez-glavata-na-vsichki-ni-vavedoha-evroto,"Радев: На тези избори вярвам, че ще накажем онези партии и политици, които през главата на всички ни въведоха еврото",2026-04-01,5 151,91,"Че ""Нито цент от нашия бюджет не трябва и няма да отива в тези войни, защото нашите пари трябва да остават за нашите пенсионери, деца, здравеопазване и образование“ .... пише и се разписва !",Да го подпише,01.04.2026 21:59,4,5,2026-04-11 17:24:41
fakti.bg,https://fakti.bg/topic/izbori/2026/04/01/78928,https://fakti.bg/bulgaria/1045676-radev-na-tezi-izbori-varvam-che-shte-nakajem-onezi-partii-i-politici-koito-prez-glavata-na-vsichki-ni-vavedoha-evroto,"Радев: На тези избори вярвам, че ще накажем онези партии и политици, които през главата на всички ни въведоха еврото",2026-04-01,5 151,92,"До коментар #10 от ""До изборите"": Защо па Боташов трябва да прави с Боко каквото и да е?Да не би да е дедо господ твоя мунчо?",Големдебил,01.04.2026 21:59,9,4,2026-04-11 17:24:41
fakti.bg,https://fakti.bg/topic/izbori/2026/04/01/78928,https://fakti.bg/bulgaria/1045676-radev-na-tezi-izbori-varvam-che-shte-nakajem-onezi-partii-i-politici-koito-prez-glavata-na-vsichki-ni-vavedoha-evroto,"Радев: На тези избори вярвам, че ще накажем онези партии и политици, които през главата на всички ни въведоха еврото",2026-04-01,5 151,93,Да ама Радев за първия референдум иниациран от ВЪЗРАЖДАНЕ го обяви за нелегитимен при все че бяха събрани шестото хиляди подписа така че за мен Радев е фурнаджийска лопата и лично аз му нямам много много доверие,Стенли,01.04.2026 21:59,20,4,2026-04-11 17:24:41
fakti.bg,https://fakti.bg/topic/izbori/2026/04/01/78928,https://fakti.bg/bulgaria/1045676-radev-na-tezi-izbori-varvam-che-shte-nakajem-onezi-partii-i-politici-koito-prez-glavata-na-vsichki-ni-vavedoha-evroto,"Радев: На тези избори вярвам, че ще накажем онези партии и политици, които през главата на всички ни въведоха еврото",2026-04-01,5 151,94,Аз ще гласувам за Възраждане. А вив? Коментиран от #115,Данко Харсъзина,01.04.2026 21:59,4,22,2026-04-11 17:24:41
fakti.bg,https://fakti.bg/topic/izbori/2026/04/01/78928,https://fakti.bg/bulgaria/1045676-radev-na-tezi-izbori-varvam-che-shte-nakajem-onezi-partii-i-politici-koito-prez-glavata-na-vsichki-ni-vavedoha-evroto,"Радев: На тези избори вярвам, че ще накажем онези партии и политици, които през главата на всички ни въведоха еврото",2026-04-01,5 151,95,Тоя какви ги бръщолеви!? Даже закъсняхме с въвеждането на еврото. Ама на зелените чорапки това му е запазен номер - да разделя. Пробита копейка е и той! Предател!,Камион,01.04.2026 22:00,29,9,2026-04-11 17:24:41
fakti.bg,https://fakti.bg/topic/izbori/2026/04/01/78928,https://fakti.bg/bulgaria/1045676-radev-na-tezi-izbori-varvam-che-shte-nakajem-onezi-partii-i-politici-koito-prez-glavata-na-vsichki-ni-vavedoha-evroto,"Радев: На тези избори вярвам, че ще накажем онези партии и политици, които през главата на всички ни въведоха еврото",2026-04-01,5 151,96,"Долу диктаторите Радев , Борисов , Пеевски и Костадинов . Долу Путин и СССР 2.0 Коментиран от #102",ддсгфсггсдсс,01.04.2026 22:00,21,7,2026-04-11 17:24:41
fakti.bg,https://fakti.bg/topic/izbori/2026/04/01/78928,https://fakti.bg/bulgaria/1045676-radev-na-tezi-izbori-varvam-che-shte-nakajem-onezi-partii-i-politici-koito-prez-glavata-na-vsichki-ni-vavedoha-evroto,"Радев: На тези избори вярвам, че ще накажем онези партии и политици, които през главата на всички ни въведоха еврото",2026-04-01,5 151,98,"До коментар #5 от ""таксиджия 🚖"": Въведен от служебното му правителство. Не беше толкова отдавна.","И ""Зеления сертификат"" не сме забравили",01.04.2026 22:01,15,7,2026-04-11 17:24:41
fakti.bg,https://fakti.bg/topic/izbori/2026/04/01/78928,https://fakti.bg/bulgaria/1045676-radev-na-tezi-izbori-varvam-che-shte-nakajem-onezi-partii-i-politici-koito-prez-glavata-na-vsichki-ni-vavedoha-evroto,"Радев: На тези избори вярвам, че ще накажем онези партии и политици, които през главата на всички ни въведоха еврото",2026-04-01,5 151,99,"Радев ще се срине точно като парванов. Защото е кукла на конци дърпана от гергов и подобни червени олигарси. И да вземе първо място сега, ще стане като със славе чалгаря,няма с кой да направи коалиция и отново избори. И ще се срине като първанов ,копейкин и славе чалгаро. Радев е измамник и не е никаква алтернатива на статуквото.",Шоколадов,01.04.2026 22:01,30,4,2026-04-11 17:24:41
fakti.bg,https://fakti.bg/topic/izbori/2026/04/01/78928,https://fakti.bg/bulgaria/1045676-radev-na-tezi-izbori-varvam-che-shte-nakajem-onezi-partii-i-politici-koito-prez-glavata-na-vsichki-ni-vavedoha-evroto,"Радев: На тези избори вярвам, че ще накажем онези партии и политици, които през главата на всички ни въведоха еврото",2026-04-01,5 151,103,"А как се прави на пръднал тоя ... че през чие одобрение мина това с еврото бе, чорапе, ? Популист ефтин ,Колко години стоя и не направи нищо за над 600 000 гласа за свикване на референдум? Само Коцето ще ви нагласи .",ходи се снимай чорап,01.04.2026 22:03,19,8,2026-04-11 17:24:41
fakti.bg,https://fakti.bg/topic/izbori/2026/04/01/78928,https://fakti.bg/bulgaria/1045676-radev-na-tezi-izbori-varvam-che-shte-nakajem-onezi-partii-i-politici-koito-prez-glavata-na-vsichki-ni-vavedoha-evroto,"Радев: На тези избори вярвам, че ще накажем онези партии и политици, които през главата на всички ни въведоха еврото",2026-04-01,5 151,104,"Това дърво и другите като него може ли да обясни какво е виновно еврото бай Драган да продава краставици за 10 лв, 5 евро или за каквото и колкото реши? Абе как няма един нормален бе, всеки само гледа да докопа общата държавна паница и да се наплюска.",Шоо,01.04.2026 22:03,24,5,2026-04-11 17:24:41
fakti.bg,https://fakti.bg/topic/izbori/2026/04/01/78928,https://fakti.bg/bulgaria/1045676-radev-na-tezi-izbori-varvam-che-shte-nakajem-onezi-partii-i-politici-koito-prez-glavata-na-vsichki-ni-vavedoha-evroto,"Радев: На тези избори вярвам, че ще накажем онези партии и политици, които през главата на всички ни въведоха еврото",2026-04-01,5 151,105,"Аз ще гласувам за Възраждане. А вие? Коментиран от #122 , #182",Данко Харсъзина,01.04.2026 22:03,4,22,2026-04-11 17:24:41
fakti.bg,https://fakti.bg/topic/izbori/2026/04/01/78928,https://fakti.bg/bulgaria/1045676-radev-na-tezi-izbori-varvam-che-shte-nakajem-onezi-partii-i-politici-koito-prez-glavata-na-vsichki-ni-vavedoha-evroto,"Радев: На тези избори вярвам, че ще накажем онези партии и политици, които през главата на всички ни въведоха еврото",2026-04-01,5 151,106,"До коментар #102 от ""Гробар"": Ппдб не са фашисти, а ционистки подлоги.",оня с питон.я,01.04.2026 22:03,10,12,2026-04-11 17:24:41
fakti.bg,https://fakti.bg/topic/izbori/2026/04/01/78928,https://fakti.bg/bulgaria/1045676-radev-na-tezi-izbori-varvam-che-shte-nakajem-onezi-partii-i-politici-koito-prez-glavata-na-vsichki-ni-vavedoha-evroto,"Радев: На тези избори вярвам, че ще накажем онези партии и политици, които през главата на всички ни въведоха еврото",2026-04-01,5 151,108,"Ще граби от олигарсите и ще раздава на пенсионерите и децата и ще им плаща също здравеопазването и образованието ....и най важното му е обикновеният човек, неговата сигурност и достойни доходи....",Робин Худ,01.04.2026 22:04,8,9,2026-04-11 17:24:41
fakti.bg,https://fakti.bg/topic/izbori/2026/04/01/78928,https://fakti.bg/bulgaria/1045676-radev-na-tezi-izbori-varvam-che-shte-nakajem-onezi-partii-i-politici-koito-prez-glavata-na-vsichki-ni-vavedoha-evroto,"Радев: На тези избори вярвам, че ще накажем онези партии и политици, които през главата на всички ни въведоха еврото",2026-04-01,5 151,109,"До коментар #33 от ""Агата"": Плащат им да тролят. От малцинствата са. Преписват по предварително раздадени опорки.",Те са тролове,01.04.2026 22:05,11,5,2026-04-11 17:24:41
fakti.bg,https://fakti.bg/topic/izbori/2026/04/01/78928,https://fakti.bg/bulgaria/1045676-radev-na-tezi-izbori-varvam-che-shte-nakajem-onezi-partii-i-politici-koito-prez-glavata-na-vsichki-ni-vavedoha-evroto,"Радев: На тези избори вярвам, че ще накажем онези партии и политици, които през главата на всички ни въведоха еврото",2026-04-01,5 151,110,"Кретен и мръсник, народът и Господ да го накажат,че раздели народа и продължава да сее омраза. Позор!","Аз,достатъчно ли е?",01.04.2026 22:05,20,6,2026-04-11 17:24:41
fakti.bg,https://fakti.bg/topic/izbori/2026/04/01/78928,https://fakti.bg/bulgaria/1045676-radev-na-tezi-izbori-varvam-che-shte-nakajem-onezi-partii-i-politici-koito-prez-glavata-na-vsichki-ni-vavedoha-evroto,"Радев: На тези избори вярвам, че ще накажем онези партии и политици, които през главата на всички ни въведоха еврото",2026-04-01,5 151,111,"За външната политика или говори уклончиво или мълчи Все още не може да се разбере близо до Кремъл ли е или е натовски генерал Коментиран от #119 , #130",Смешник,01.04.2026 22:06,13,6,2026-04-11 17:24:41
fakti.bg,https://fakti.bg/topic/izbori/2026/04/01/78928,https://fakti.bg/bulgaria/1045676-radev-na-tezi-izbori-varvam-che-shte-nakajem-onezi-partii-i-politici-koito-prez-glavata-na-vsichki-ni-vavedoha-evroto,"Радев: На тези избори вярвам, че ще накажем онези партии и политици, които през главата на всички ни въведоха еврото",2026-04-01,5 151,112,"До коментар #11 от ""Сандоколенков"": Соросоидно 💩 след тези избори сте приключени.. Коментиран от #125",кккккккк,01.04.2026 22:06,11,6,2026-04-11 17:24:41
fakti.bg,https://fakti.bg/topic/izbori/2026/04/01/78928,https://fakti.bg/bulgaria/1045676-radev-na-tezi-izbori-varvam-che-shte-nakajem-onezi-partii-i-politici-koito-prez-glavata-na-vsichki-ni-vavedoha-evroto,"Радев: На тези избори вярвам, че ще накажем онези партии и политици, които през главата на всички ни въведоха еврото",2026-04-01,5 151,113,"Хора, моля ви не се лъжете. Този е страшна фурнаджийска лопата, двуличен змийчок. Зависи пред кого говори се извърта според обстоятелствата на 180 градуса. Мръсни олигарси зад него точат лиги, не му вярвайте. Сега мишкува и гледа да събере гласове и от двете страни. Не е достатъчно мъж да си каже, че ще ни завърти на изток, дойде ли на власт. Като в Грузия...",Офф,01.04.2026 22:06,26,7,2026-04-11 17:24:41
fakti.bg,https://fakti.bg/topic/izbori/2026/04/01/78928,https://fakti.bg/bulgaria/1045676-radev-na-tezi-izbori-varvam-che-shte-nakajem-onezi-partii-i-politici-koito-prez-glavata-na-vsichki-ni-vavedoha-evroto,"Радев: На тези избори вярвам, че ще накажем онези партии и политици, които през главата на всички ни въведоха еврото",2026-04-01,5 151,114,"Ако Радев направи коалиция с Продължаваме Пе-до-филията ,тогава ще бъде анатемосан!!!",Демо-крад,01.04.2026 22:07,15,6,2026-04-11 17:24:41
fakti.bg,https://fakti.bg/topic/izbori/2026/04/01/78928,https://fakti.bg/bulgaria/1045676-radev-na-tezi-izbori-varvam-che-shte-nakajem-onezi-partii-i-politici-koito-prez-glavata-na-vsichki-ni-vavedoha-evroto,"Радев: На тези избори вярвам, че ще накажем онези партии и политици, които през главата на всички ни въведоха еврото",2026-04-01,5 151,115,"До коментар #94 от ""Данко Харсъзина"": Тия поне за разлика от Радев са ясни",Смешник,01.04.2026 22:07,8,3,2026-04-11 17:24:41
fakti.bg,https://fakti.bg/topic/izbori/2026/04/01/78928,https://fakti.bg/bulgaria/1045676-radev-na-tezi-izbori-varvam-che-shte-nakajem-onezi-partii-i-politici-koito-prez-glavata-na-vsichki-ni-vavedoha-evroto,"Радев: На тези избори вярвам, че ще накажем онези партии и политици, които през главата на всички ни въведоха еврото",2026-04-01,5 151,116,"Ще работят за по малко пречки за бизнеса , но все пак ще има пречки/рушвети/",САНДОКАН,01.04.2026 22:08,10,5,2026-04-11 17:24:41
fakti.bg,https://fakti.bg/topic/izbori/2026/04/01/78928,https://fakti.bg/bulgaria/1045676-radev-na-tezi-izbori-varvam-che-shte-nakajem-onezi-partii-i-politici-koito-prez-glavata-na-vsichki-ni-vavedoha-evroto,"Радев: На тези избори вярвам, че ще накажем онези партии и политици, които през главата на всички ни въведоха еврото",2026-04-01,5 151,117,А така! А така!,Нахъсан,01.04.2026 22:09,4,6,2026-04-11 17:24:41
fakti.bg,https://fakti.bg/topic/izbori/2026/04/01/78928,https://fakti.bg/bulgaria/1045676-radev-na-tezi-izbori-varvam-che-shte-nakajem-onezi-partii-i-politici-koito-prez-glavata-na-vsichki-ni-vavedoha-evroto,"Радев: На тези избори вярвам, че ще накажем онези партии и политици, които през главата на всички ни въведоха еврото",2026-04-01,5 151,118,В случая Зеления чорап само ще бъде използван от Кремъл за всее още раздор в обществото ни...и да стопира развитието на България.,Критик,01.04.2026 22:09,24,7,2026-04-11 17:24:41
fakti.bg,https://fakti.bg/topic/izbori/2026/04/01/78928,https://fakti.bg/bulgaria/1045676-radev-na-tezi-izbori-varvam-che-shte-nakajem-onezi-partii-i-politici-koito-prez-glavata-na-vsichki-ni-vavedoha-evroto,"Радев: На тези избори вярвам, че ще накажем онези партии и политици, които през главата на всички ни въведоха еврото",2026-04-01,5 151,119,"До коментар #111 от ""Смешник"": Кое не ти е ясно след цели 9 години, че е кремълски плъшок ли? Ето, давам ти го наготово. Даже и очите му са като на мигащ в брашно плъх.",Язе съм,01.04.2026 22:10,18,5,2026-04-11 17:24:41
fakti.bg,https://fakti.bg/topic/izbori/2026/04/01/78928,https://fakti.bg/bulgaria/1045676-radev-na-tezi-izbori-varvam-che-shte-nakajem-onezi-partii-i-politici-koito-prez-glavata-na-vsichki-ni-vavedoha-evroto,"Радев: На тези избори вярвам, че ще накажем онези партии и политици, които през главата на всички ни въведоха еврото",2026-04-01,5 151,120,"Нагледахме се на управници, които не смеят да заявят нашият национален интерес навън в съюзите, в които членуваме и в международните формати“, каза още Румен Радев.",Браво малък ми Орбанчо,01.04.2026 22:10,14,2,2026-04-11 17:24:41
fakti.bg,https://fakti.bg/topic/izbori/2026/04/01/78928,https://fakti.bg/bulgaria/1045676-radev-na-tezi-izbori-varvam-che-shte-nakajem-onezi-partii-i-politici-koito-prez-glavata-na-vsichki-ni-vavedoha-evroto,"Радев: На тези избори вярвам, че ще накажем онези партии и политици, които през главата на всички ни въведоха еврото",2026-04-01,5 151,121,"НИТО ГЛАС ЗА УБИЙЦИТЕ НА БЪЛГАРСКИЯ ЛЕВ - герб, бсп , итн , пп и дъпъсъ ново изтрещяло !!!! РАДЕВ И ВЕЛИЧИЕ НА ПЪРВИТЕ ДВЕ МЕСТА, ДА ЖИВЕЕ БЪЛГАРИЯ !!!",Траянов,01.04.2026 22:10,7,16,2026-04-11 17:24:41
fakti.bg,https://fakti.bg/topic/izbori/2026/04/01/78928,https://fakti.bg/bulgaria/1045676-radev-na-tezi-izbori-varvam-che-shte-nakajem-onezi-partii-i-politici-koito-prez-glavata-na-vsichki-ni-vavedoha-evroto,"Радев: На тези избори вярвам, че ще накажем онези партии и политици, които през главата на всички ни въведоха еврото",2026-04-01,5 151,122,"До коментар #105 от ""Данко Харсъзина"": А можеш ли да обясниш защо, какво очакваш че ще направят, което ще е добре лично за тебе?",Завърнал се,01.04.2026 22:10,8,3,2026-04-11 17:24:41
fakti.bg,https://fakti.bg/topic/izbori/2026/04/01/78928,https://fakti.bg/bulgaria/1045676-radev-na-tezi-izbori-varvam-che-shte-nakajem-onezi-partii-i-politici-koito-prez-glavata-na-vsichki-ni-vavedoha-evroto,"Радев: На тези избори вярвам, че ще накажем онези партии и политици, които през главата на всички ни въведоха еврото",2026-04-01,5 151,123,"Нито партии, нито политици можеш да накажеш. Партийните решения са групова безотговорност, а политиците в парламента са с депутатски имунитет. Дори и като кандидат депутати в изборна листа пак ползват привилегията на имунитета.",Предизборни еквилибристики са това,01.04.2026 22:10,10,3,2026-04-11 17:24:41
fakti.bg,https://fakti.bg/topic/izbori/2026/04/01/78928,https://fakti.bg/bulgaria/1045676-radev-na-tezi-izbori-varvam-che-shte-nakajem-onezi-partii-i-politici-koito-prez-glavata-na-vsichki-ni-vavedoha-evroto,"Радев: На тези избори вярвам, че ще накажем онези партии и политици, които през главата на всички ни въведоха еврото",2026-04-01,5 151,124,"се оказа един многоо голям лицемер и путински слуга. Близо 60 процента сме за европейския съюз, за свобода, за върховенство на правото, за европейските ценности, за голям европейски пазар, за еврото, за Шенген, за свободно пътуване, за безвизово пътуване, да следваме и учим в Европа. А този щял да наказва партиите. Какъв си ти бе предател и мерзавец, че да ни отнемаш настоящето и бъдещето!!! Марш при Путин с кликата си!!! Коментиран от #141 , #143 , #148 , #217",Радев,01.04.2026 22:10,25,9,2026-04-11 17:24:41
fakti.bg,https://fakti.bg/topic/izbori/2026/04/01/78928,https://fakti.bg/bulgaria/1045676-radev-na-tezi-izbori-varvam-che-shte-nakajem-onezi-partii-i-politici-koito-prez-glavata-na-vsichki-ni-vavedoha-evroto,"Радев: На тези избори вярвам, че ще накажем онези партии и политици, които през главата на всички ни въведоха еврото",2026-04-01,5 151,126,"кРадев подари 2,44 МИЛИАРДА ЕВРО от нашите пари на Боташ - 516 хиляди на ден, 188 милиона на година за 13 години. Към днешна дата ние сме платили на Боташ 316 МИЛИОНА ЕВРО и сме натрупали дълг за 328 МИЛИОНА, като само за 11% от тях е пренесен газ. Към днешна дата сме 653 МИЛОНА ЕВРО ЧИСТА ЗАГУБА. Ако днес прекратим договора дължим неустойка за цялата оставаща сума от 2,1 МИЛИАРДА ЕВРО. На тези избори трябва да накажем кРадев, който подари НАШИТЕ МИЛИАРДИ ЕВРО на Боташ, които трябваше да остават за нашите пенсионери, деца, здравеопазване и образование.",Факти,01.04.2026 22:11,23,6,2026-04-11 17:24:41
fakti.bg,https://fakti.bg/topic/izbori/2026/04/01/78928,https://fakti.bg/bulgaria/1045676-radev-na-tezi-izbori-varvam-che-shte-nakajem-onezi-partii-i-politici-koito-prez-glavata-na-vsichki-ni-vavedoha-evroto,"Радев: На тези избори вярвам, че ще накажем онези партии и политици, които през главата на всички ни въведоха еврото",2026-04-01,5 151,127,Я чупка бе зелен чорап!,Морски,01.04.2026 22:11,16,5,2026-04-11 17:24:41
fakti.bg,https://fakti.bg/topic/izbori/2026/04/01/78928,https://fakti.bg/bulgaria/1045676-radev-na-tezi-izbori-varvam-che-shte-nakajem-onezi-partii-i-politici-koito-prez-glavata-na-vsichki-ni-vavedoha-evroto,"Радев: На тези избори вярвам, че ще накажем онези партии и политици, които през главата на всички ни въведоха еврото",2026-04-01,5 151,128,"До коментар #1 от ""Значиии"": И ппдб! Защо ги изключвате?! Те също гласуваха за въвеждане на еврото! Съд и затвор за всички евроатлантици, работещи против България и българите!!! Коментиран от #199",Мнение,01.04.2026 22:11,11,11,2026-04-11 17:24:41
fakti.bg,https://fakti.bg/topic/izbori/2026/04/01/78928,https://fakti.bg/bulgaria/1045676-radev-na-tezi-izbori-varvam-che-shte-nakajem-onezi-partii-i-politici-koito-prez-glavata-na-vsichki-ni-vavedoha-evroto,"Радев: На тези избори вярвам, че ще накажем онези партии и политици, които през главата на всички ни въведоха еврото",2026-04-01,5 151,129,"До коментар #69 от ""И защо да не"": Защото режима е фашиски и корумпиран и пълним гушата на Зеления пор Коментиран от #134",Смешник,01.04.2026 22:12,6,13,2026-04-11 17:24:41
fakti.bg,https://fakti.bg/topic/izbori/2026/04/01/78928,https://fakti.bg/bulgaria/1045676-radev-na-tezi-izbori-varvam-che-shte-nakajem-onezi-partii-i-politici-koito-prez-glavata-na-vsichki-ni-vavedoha-evroto,"Радев: На тези избори вярвам, че ще накажем онези партии и политици, които през главата на всички ни въведоха еврото",2026-04-01,5 151,130,"До коментар #111 от ""Смешник"": Един ""натовски генерал"" колко подчинени средно има? Горе долу?",Плахо да запитам,01.04.2026 22:12,7,3,2026-04-11 17:24:41
fakti.bg,https://fakti.bg/topic/izbori/2026/04/01/78928,https://fakti.bg/bulgaria/1045676-radev-na-tezi-izbori-varvam-che-shte-nakajem-onezi-partii-i-politici-koito-prez-glavata-na-vsichki-ni-vavedoha-evroto,"Радев: На тези избори вярвам, че ще накажем онези партии и политици, които през главата на всички ни въведоха еврото",2026-04-01,5 151,131,"До коментар #89 от ""От ден на ден"": Само че нищо няма да научи защото под фуражка акъл няма",Фвролидов,01.04.2026 22:13,16,6,2026-04-11 17:24:41
fakti.bg,https://fakti.bg/topic/izbori/2026/04/01/78928,https://fakti.bg/bulgaria/1045676-radev-na-tezi-izbori-varvam-che-shte-nakajem-onezi-partii-i-politici-koito-prez-glavata-na-vsichki-ni-vavedoha-evroto,"Радев: На тези избори вярвам, че ще накажем онези партии и политици, които през главата на всички ни въведоха еврото",2026-04-01,5 151,132,Гол...Автогол! Не очаквах такова късогледство!,Тончо,01.04.2026 22:14,11,5,2026-04-11 17:24:41
fakti.bg,https://fakti.bg/topic/izbori/2026/04/01/78928,https://fakti.bg/bulgaria/1045676-radev-na-tezi-izbori-varvam-che-shte-nakajem-onezi-partii-i-politici-koito-prez-glavata-na-vsichki-ni-vavedoha-evroto,"Радев: На тези избори вярвам, че ще накажем онези партии и политици, които през главата на всички ни въведоха еврото",2026-04-01,5 151,133,"Еврото не е Никакъв Проблем ! Проблема са Управляващите ! Които управляват тази Страна ! Срещу Постановеното от Конституцията и Закона ! И Не пдопускат ! Справедливите искания на Българския Народ До Конституционния Съд ! Какъвто се оказа и Ти Самия ! За тези 9х години на този пост ! За Това ! В тази страна ! Няма хора ! Нито Господ ! Просто Един Рояк ! Смладливи Вмирисави ! ""Души"" !",Еврото не е Никакъв Проблемр !,01.04.2026 22:14,16,5,2026-04-11 17:24:41
fakti.bg,https://fakti.bg/topic/izbori/2026/04/01/78928,https://fakti.bg/bulgaria/1045676-radev-na-tezi-izbori-varvam-che-shte-nakajem-onezi-partii-i-politici-koito-prez-glavata-na-vsichki-ni-vavedoha-evroto,"Радев: На тези избори вярвам, че ще накажем онези партии и политици, които през главата на всички ни въведоха еврото",2026-04-01,5 151,136,Да се знае 😁,Фокус,01.04.2026 22:16,21,15,2026-04-11 17:24:41
fakti.bg,https://fakti.bg/topic/izbori/2026/04/01/78928,https://fakti.bg/bulgaria/1045676-radev-na-tezi-izbori-varvam-che-shte-nakajem-onezi-partii-i-politici-koito-prez-glavata-na-vsichki-ni-vavedoha-evroto,"Радев: На тези избори вярвам, че ще накажем онези партии и политици, които през главата на всички ни въведоха еврото",2026-04-01,5 151,137,"включително и теб. В деня на фалшивите ви избори ще реша на коя партия да метна измежду тия на Кузман, Клисаря и Роската Миленов.",С удоволствие ще ги накажа,01.04.2026 22:16,14,9,2026-04-11 17:24:41
fakti.bg,https://fakti.bg/topic/izbori/2026/04/01/78928,https://fakti.bg/bulgaria/1045676-radev-na-tezi-izbori-varvam-che-shte-nakajem-onezi-partii-i-politici-koito-prez-glavata-na-vsichki-ni-vavedoha-evroto,"Радев: На тези избори вярвам, че ще накажем онези партии и политици, които през главата на всички ни въведоха еврото",2026-04-01,5 151,138,"Този обра електората на Коцето....Коцеее, ето твоят враг номер едно",Дядо от село,01.04.2026 22:16,12,12,2026-04-11 17:24:41
fakti.bg,https://fakti.bg/topic/izbori/2026/04/01/78928,https://fakti.bg/bulgaria/1045676-radev-na-tezi-izbori-varvam-che-shte-nakajem-onezi-partii-i-politici-koito-prez-glavata-na-vsichki-ni-vavedoha-evroto,"Радев: На тези избори вярвам, че ще накажем онези партии и политици, които през главата на всички ни въведоха еврото",2026-04-01,5 151,139,"Радев девет години разединяване нацията, мразеше всички и сега си мисли, че ще спечели изборите, ама друг път. Червен Кольо го каза ясно, че т.н. социологически проучвания са платени и за него плащат митрофановките и кремълската пета колона, но ще се спука яко на изборите. Срам и позор за България!",Този мръсник,01.04.2026 22:17,19,14,2026-04-11 17:24:41
fakti.bg,https://fakti.bg/topic/izbori/2026/04/01/78928,https://fakti.bg/bulgaria/1045676-radev-na-tezi-izbori-varvam-che-shte-nakajem-onezi-partii-i-politici-koito-prez-glavata-na-vsichki-ni-vavedoha-evroto,"Радев: На тези избори вярвам, че ще накажем онези партии и политици, които през главата на всички ни въведоха еврото",2026-04-01,5 151,140,"Еххх на дядо Тошо дечурлигата.... Двама братя, Бойко и Радев..... Ту в Шенген, ту извън Шенген!",Дядо,01.04.2026 22:17,16,10,2026-04-11 17:24:41
fakti.bg,https://fakti.bg/topic/izbori/2026/04/01/78928,https://fakti.bg/bulgaria/1045676-radev-na-tezi-izbori-varvam-che-shte-nakajem-onezi-partii-i-politici-koito-prez-glavata-na-vsichki-ni-vavedoha-evroto,"Радев: На тези избори вярвам, че ще накажем онези партии и политици, които през главата на всички ни въведоха еврото",2026-04-01,5 151,141,"До коментар #124 от ""Радев"": Ох, радвам се, че има хора, които виждат реалната картинка. Не искам да повярвам, че за тоя зелен чорап дават най-много проценти на изборите. Кой малоумник би гласувал за него. Марионетка… Коментиран от #218",Трактор,01.04.2026 22:17,21,9,2026-04-11 17:24:41
fakti.bg,https://fakti.bg/topic/izbori/2026/04/01/78928,https://fakti.bg/bulgaria/1045676-radev-na-tezi-izbori-varvam-che-shte-nakajem-onezi-partii-i-politici-koito-prez-glavata-na-vsichki-ni-vavedoha-evroto,"Радев: На тези избори вярвам, че ще накажем онези партии и политици, които през главата на всички ни въведоха еврото",2026-04-01,5 151,143,"До коментар #124 от ""Радев"": Все за наказания говорят .Иска ми се да чуя как може да управляват с някого. Слави Василев се изцепи в едно интервю""НИЕ КАТО ВЗЕМЕМ ВЛАСТТА..."". Аз пък мислех,че ще управляват,а те ще властват.Не искаме ПЪЛНА ПРОМЯНА.Не зачерквайте тотално всичко.",Лошо,01.04.2026 22:18,11,7,2026-04-11 17:24:41
fakti.bg,https://fakti.bg/topic/izbori/2026/04/01/78928,https://fakti.bg/bulgaria/1045676-radev-na-tezi-izbori-varvam-che-shte-nakajem-onezi-partii-i-politici-koito-prez-glavata-na-vsichki-ni-vavedoha-evroto,"Радев: На тези избори вярвам, че ще накажем онези партии и политици, които през главата на всички ни въведоха еврото",2026-04-01,5 151,144,в човешки дрехи,Свине,01.04.2026 22:18,11,4,2026-04-11 17:24:41
fakti.bg,https://fakti.bg/topic/izbori/2026/04/01/78928,https://fakti.bg/bulgaria/1045676-radev-na-tezi-izbori-varvam-che-shte-nakajem-onezi-partii-i-politici-koito-prez-glavata-na-vsichki-ni-vavedoha-evroto,"Радев: На тези избори вярвам, че ще накажем онези партии и политици, които през главата на всички ни въведоха еврото",2026-04-01,5 151,145,Изглежда зеленият чорап е отчаян щом извади картата с еврото.,Хаха,01.04.2026 22:20,18,11,2026-04-11 17:24:41
fakti.bg,https://fakti.bg/topic/izbori/2026/04/01/78928,https://fakti.bg/bulgaria/1045676-radev-na-tezi-izbori-varvam-che-shte-nakajem-onezi-partii-i-politici-koito-prez-glavata-na-vsichki-ni-vavedoha-evroto,"Радев: На тези избори вярвам, че ще накажем онези партии и политици, които през главата на всички ни въведоха еврото",2026-04-01,5 151,146,Спомени от времената на Сърп и Чyк,Комунистите родината изграждат,01.04.2026 22:21,21,16,2026-04-11 17:24:41
fakti.bg,https://fakti.bg/topic/izbori/2026/04/01/78928,https://fakti.bg/bulgaria/1045676-radev-na-tezi-izbori-varvam-che-shte-nakajem-onezi-partii-i-politici-koito-prez-glavata-na-vsichki-ni-vavedoha-evroto,"Радев: На тези избори вярвам, че ще накажем онези партии и политици, които през главата на всички ни въведоха еврото",2026-04-01,5 151,147,"Това да не ти е казармата, че да наказваш? Ва си изкривената психика!","Кого ще наказваш бе, неможач?",01.04.2026 22:23,19,10,2026-04-11 17:24:41
fakti.bg,https://fakti.bg/topic/izbori/2026/04/01/78928,https://fakti.bg/bulgaria/1045676-radev-na-tezi-izbori-varvam-che-shte-nakajem-onezi-partii-i-politici-koito-prez-glavata-na-vsichki-ni-vavedoha-evroto,"Радев: На тези избори вярвам, че ще накажем онези партии и политици, които през главата на всички ни въведоха еврото",2026-04-01,5 151,148,"До коментар #124 от ""Радев"": свобода, върховенство на правото, европейски ценности, голям европейски пазар, Шенген и т.н НЯМА. И честни избори няма и лидери няма ..... и най важното и достатъчно евро с покритие вече НЯМА",В европейският съюз пич,01.04.2026 22:23,8,11,2026-04-11 17:24:41
fakti.bg,https://fakti.bg/topic/izbori/2026/04/01/78928,https://fakti.bg/bulgaria/1045676-radev-na-tezi-izbori-varvam-che-shte-nakajem-onezi-partii-i-politici-koito-prez-glavata-na-vsichki-ni-vavedoha-evroto,"Радев: На тези избори вярвам, че ще накажем онези партии и политици, които през главата на всички ни въведоха еврото",2026-04-01,5 151,149,"До коментар #2 от ""Фарфалюлю"": Ти си нов бот платен от байко свинската мафия...хората не са глупави да ти се хващат на лъжите! Коментиран от #161",Истината е друга....,01.04.2026 22:25,12,7,2026-04-11 17:24:41
fakti.bg,https://fakti.bg/topic/izbori/2026/04/01/78928,https://fakti.bg/bulgaria/1045676-radev-na-tezi-izbori-varvam-che-shte-nakajem-onezi-partii-i-politici-koito-prez-glavata-na-vsichki-ni-vavedoha-evroto,"Радев: На тези избори вярвам, че ще накажем онези партии и политици, които през главата на всички ни въведоха еврото",2026-04-01,5 151,150,"Съдейки по якото плюене срещу Радев, евроатлантиците истерично се опитват да намалят изборния му резултат, като сеят съмнения. При такава истерия срещу него, няма начин да не гласувам за него! Коментиран от #167",Евроатлантиците в несвяст,01.04.2026 22:26,11,23,2026-04-11 17:24:41
fakti.bg,https://fakti.bg/topic/izbori/2026/04/01/78928,https://fakti.bg/bulgaria/1045676-radev-na-tezi-izbori-varvam-che-shte-nakajem-onezi-partii-i-politici-koito-prez-glavata-na-vsichki-ni-vavedoha-evroto,"Радев: На тези избори вярвам, че ще накажем онези партии и политици, които през главата на всички ни въведоха еврото",2026-04-01,5 151,151,"...е вътре ви е... плановете може би са били..към Рублата..но ... друго стана другарю....Още нещо. ако на си забелязал войната в Украйна..влезе в 4-та!!!! година.България не във война...също,! както твърдеше.... Дезинформация,...само това можеш",Гласът,01.04.2026 22:27,14,7,2026-04-11 17:24:41
fakti.bg,https://fakti.bg/topic/izbori/2026/04/01/78928,https://fakti.bg/bulgaria/1045676-radev-na-tezi-izbori-varvam-che-shte-nakajem-onezi-partii-i-politici-koito-prez-glavata-na-vsichki-ni-vavedoha-evroto,"Радев: На тези избори вярвам, че ще накажем онези партии и политици, които през главата на всички ни въведоха еврото",2026-04-01,5 151,152,изхвърлим олигархичните сглобки от политическата власт и после жална ни майка когато ще са вече НЕолигархични. Впрочем кое е обратното на олигарх да ви питам?,Ще ги накажем и ще ги,01.04.2026 22:29,6,5,2026-04-11 17:24:41
fakti.bg,https://fakti.bg/topic/izbori/2026/04/01/78928,https://fakti.bg/bulgaria/1045676-radev-na-tezi-izbori-varvam-che-shte-nakajem-onezi-partii-i-politici-koito-prez-glavata-na-vsichki-ni-vavedoha-evroto,"Радев: На тези избори вярвам, че ще накажем онези партии и политици, които през главата на всички ни въведоха еврото",2026-04-01,5 151,153,Мръсният зелен чорап се размириса,Гражданин,01.04.2026 22:30,17,11,2026-04-11 17:24:41
fakti.bg,https://fakti.bg/topic/izbori/2026/04/01/78928,https://fakti.bg/bulgaria/1045676-radev-na-tezi-izbori-varvam-che-shte-nakajem-onezi-partii-i-politici-koito-prez-glavata-na-vsichki-ni-vavedoha-evroto,"Радев: На тези избори вярвам, че ще накажем онези партии и политици, които през главата на всички ни въведоха еврото",2026-04-01,5 151,154,Очаквам в затвора политици начело с Борисов.,Надзирател,01.04.2026 22:31,14,7,2026-04-11 17:24:41
fakti.bg,https://fakti.bg/topic/izbori/2026/04/01/78928,https://fakti.bg/bulgaria/1045676-radev-na-tezi-izbori-varvam-che-shte-nakajem-onezi-partii-i-politici-koito-prez-glavata-na-vsichki-ni-vavedoha-evroto,"Радев: На тези избори вярвам, че ще накажем онези партии и политици, които през главата на всички ни въведоха еврото",2026-04-01,5 151,155,"Ето ги нашите управници къде се обучаваха в Московията, как да управляват народа Български!",Българин,01.04.2026 22:31,13,7,2026-04-11 17:24:41
fakti.bg,https://fakti.bg/topic/izbori/2026/04/01/78928,https://fakti.bg/bulgaria/1045676-radev-na-tezi-izbori-varvam-che-shte-nakajem-onezi-partii-i-politici-koito-prez-glavata-na-vsichki-ni-vavedoha-evroto,"Радев: На тези избори вярвам, че ще накажем онези партии и политици, които през главата на всички ни въведоха еврото",2026-04-01,5 151,156,Агент Радев ще вземе под 15%!!!...,Хохо Бохо,01.04.2026 22:34,13,9,2026-04-11 17:24:41
fakti.bg,https://fakti.bg/topic/izbori/2026/04/01/78928,https://fakti.bg/bulgaria/1045676-radev-na-tezi-izbori-varvam-che-shte-nakajem-onezi-partii-i-politici-koito-prez-glavata-na-vsichki-ni-vavedoha-evroto,"Радев: На тези избори вярвам, че ще накажем онези партии и политици, които през главата на всички ни въведоха еврото",2026-04-01,5 151,157,Радев е менте на Решетников,Хо хо,01.04.2026 22:35,13,8,2026-04-11 17:24:41
fakti.bg,https://fakti.bg/topic/izbori/2026/04/01/78928,https://fakti.bg/bulgaria/1045676-radev-na-tezi-izbori-varvam-che-shte-nakajem-onezi-partii-i-politici-koito-prez-glavata-na-vsichki-ni-vavedoha-evroto,"Радев: На тези избори вярвам, че ще накажем онези партии и политици, които през главата на всички ни въведоха еврото",2026-04-01,5 151,158,"А това е бащата на днешните управници! Коментиран от #172 , #180 , #193",Малко спомени,01.04.2026 22:35,17,11,2026-04-11 17:24:41
fakti.bg,https://fakti.bg/topic/izbori/2026/04/01/78928,https://fakti.bg/bulgaria/1045676-radev-na-tezi-izbori-varvam-che-shte-nakajem-onezi-partii-i-politici-koito-prez-glavata-na-vsichki-ni-vavedoha-evroto,"Радев: На тези избори вярвам, че ще накажем онези партии и политици, които през главата на всички ни въведоха еврото",2026-04-01,5 151,159,"До коментар #31 от ""А, де ще е"": И веригите пълни,нали сте бедни?",Да бе да,01.04.2026 22:35,5,1,2026-04-11 17:24:41
fakti.bg,https://fakti.bg/topic/izbori/2026/04/01/78928,https://fakti.bg/bulgaria/1045676-radev-na-tezi-izbori-varvam-che-shte-nakajem-onezi-partii-i-politici-koito-prez-glavata-na-vsichki-ni-vavedoha-evroto,"Радев: На тези избори вярвам, че ще накажем онези партии и политици, които през главата на всички ни въведоха еврото",2026-04-01,5 151,160,"Прокопиев, Цв. Василев, Бобокови и Гергов ще борят олигарсите и крадците! Вервайте на Фуражката!","Копринков, Василев, Божков,",01.04.2026 22:36,18,8,2026-04-11 17:24:41
fakti.bg,https://fakti.bg/topic/izbori/2026/04/01/78928,https://fakti.bg/bulgaria/1045676-radev-na-tezi-izbori-varvam-che-shte-nakajem-onezi-partii-i-politici-koito-prez-glavata-na-vsichki-ni-vavedoha-evroto,"Радев: На тези избори вярвам, че ще накажем онези партии и политици, които през главата на всички ни въведоха еврото",2026-04-01,5 151,161,"До коментар #149 от ""Истината е друга...."": Давам ти разрешение да ми гр.ухаш са.лама пу.тлероид",Екзобот Празеодим,01.04.2026 22:36,5,6,2026-04-11 17:24:41
fakti.bg,https://fakti.bg/topic/izbori/2026/04/01/78928,https://fakti.bg/bulgaria/1045676-radev-na-tezi-izbori-varvam-che-shte-nakajem-onezi-partii-i-politici-koito-prez-glavata-na-vsichki-ni-vavedoha-evroto,"Радев: На тези избори вярвам, че ще накажем онези партии и политици, които през главата на всички ни въведоха еврото",2026-04-01,5 151,162,"Баш Боташ е този румен гадев.Всеки ден по 1 милион лева.И така 13 години. 365 дни по 13 години е равно на 4 745 милиарда лева или 2 426,07 милиарда евро. Найс а.",ТТТ,01.04.2026 22:38,11,7,2026-04-11 17:24:41
fakti.bg,https://fakti.bg/topic/izbori/2026/04/01/78928,https://fakti.bg/bulgaria/1045676-radev-na-tezi-izbori-varvam-che-shte-nakajem-onezi-partii-i-politici-koito-prez-glavata-na-vsichki-ni-vavedoha-evroto,"Радев: На тези избори вярвам, че ще накажем онези партии и политици, които през главата на всички ни въведоха еврото",2026-04-01,5 151,163,"Ах каква готовност а когато можеше да спре приемането на еврото се спотайваше и нищо не направи. Високопарни , многообещаващи но само на думи речи. Не му вярвам , делата му не отговарят на предизборните му обещания. Всичка ще се потули.",ДЕЛАТА МУ НЕ СА ЧИСТИ,01.04.2026 22:39,13,6,2026-04-11 17:24:41
fakti.bg,https://fakti.bg/topic/izbori/2026/04/01/78928,https://fakti.bg/bulgaria/1045676-radev-na-tezi-izbori-varvam-che-shte-nakajem-onezi-partii-i-politici-koito-prez-glavata-na-vsichki-ni-vavedoha-evroto,"Радев: На тези избори вярвам, че ще накажем онези партии и политици, които през главата на всички ни въведоха еврото",2026-04-01,5 151,164,"Вместо ""Разделяй и владей"" да пробвате с ""Обединявай и управлявай"",по-добре ще е за хората.Иначе, няма да изкарате дълго,даже да вземете цялата власт.Нали няма да тласнете хората в гражданска война.Вече сме в ЕС и НАТО.Повечето хора одобряват това.Обичаме Русия,но сега сме в еврозоната.Няма да ПРОКОПСАМЕ, ако се лутаме а насам,а натам.",Предлагам,01.04.2026 22:40,9,3,2026-04-11 17:24:41
fakti.bg,https://fakti.bg/topic/izbori/2026/04/01/78928,https://fakti.bg/bulgaria/1045676-radev-na-tezi-izbori-varvam-che-shte-nakajem-onezi-partii-i-politici-koito-prez-glavata-na-vsichki-ni-vavedoha-evroto,"Радев: На тези избори вярвам, че ще накажем онези партии и политици, които през главата на всички ни въведоха еврото",2026-04-01,5 151,165,Според трагикомика трябваше да въведем рублата .Така каза шефа на партия Петрохан,ехаа,01.04.2026 22:43,10,6,2026-04-11 17:24:41
fakti.bg,https://fakti.bg/topic/izbori/2026/04/01/78928,https://fakti.bg/bulgaria/1045676-radev-na-tezi-izbori-varvam-che-shte-nakajem-onezi-partii-i-politici-koito-prez-glavata-na-vsichki-ni-vavedoha-evroto,"Радев: На тези избори вярвам, че ще накажем онези партии и политици, които през главата на всички ни въведоха еврото",2026-04-01,5 151,166,"Какво е тролене и генериране на коментари срещу Радев, леле леле, много е тежко... За съжаление на промитите, ""демократчетата"", Бою циганина, и Дебелян, цялото им усилие ще е напразно. ;)",Хихихихих,01.04.2026 22:46,5,10,2026-04-11 17:24:41
fakti.bg,https://fakti.bg/topic/izbori/2026/04/01/78928,https://fakti.bg/bulgaria/1045676-radev-na-tezi-izbori-varvam-che-shte-nakajem-onezi-partii-i-politici-koito-prez-glavata-na-vsichki-ni-vavedoha-evroto,"Радев: На тези избори вярвам, че ще накажем онези партии и политици, които през главата на всички ни въведоха еврото",2026-04-01,5 151,167,"До коментар #150 от ""Евроатлантиците в несвяст"": Чудех се,дали ще се закачи някой на тази кукичка.Явно има кой.Опитват се с малко трици да хванат много маймуни.Първо--струва много пари да излезем от еврозоната и да си върнем лева.Второ--никой няма да го позволи.Кауза пердута,това е.Вече се чудят какво да измислят.Направи го на инат и после да не ревеш Коментиран от #174",Аз пък,01.04.2026 22:47,10,6,2026-04-11 17:24:41
fakti.bg,https://fakti.bg/topic/izbori/2026/04/01/78928,https://fakti.bg/bulgaria/1045676-radev-na-tezi-izbori-varvam-che-shte-nakajem-onezi-partii-i-politici-koito-prez-glavata-na-vsichki-ni-vavedoha-evroto,"Радев: На тези избори вярвам, че ще накажем онези партии и политици, които през главата на всички ни въведоха еврото",2026-04-01,5 151,168,"До коментар #9 от ""В здравеопазването"": основния проблем са ТЕЛК овете не здравеопазването Наглостта на ромляните е стигнала до там че в София м е д директно казват Ние сме за ТЕЛК тук 800 000 романес с ТЕЛК и за укрите не стига мощността",в грешка си,01.04.2026 22:52,6,0,2026-04-11 17:24:41
fakti.bg,https://fakti.bg/topic/izbori/2026/04/01/78928,https://fakti.bg/bulgaria/1045676-radev-na-tezi-izbori-varvam-che-shte-nakajem-onezi-partii-i-politici-koito-prez-glavata-na-vsichki-ni-vavedoha-evroto,"Радев: На тези избори вярвам, че ще накажем онези партии и политици, които през главата на всички ни въведоха еврото",2026-04-01,5 151,169,Тази нова партия е най-малкото зло в момента .,Цървул,01.04.2026 23:02,9,7,2026-04-11 17:24:41
fakti.bg,https://fakti.bg/topic/izbori/2026/04/01/78928,https://fakti.bg/bulgaria/1045676-radev-na-tezi-izbori-varvam-che-shte-nakajem-onezi-partii-i-politici-koito-prez-glavata-na-vsichki-ni-vavedoha-evroto,"Радев: На тези избори вярвам, че ще накажем онези партии и политици, които през главата на всички ни въведоха еврото",2026-04-01,5 151,170,"Трябва да си пич. Да участваш във война. По-умните дават пари, а по глупавите умират за пари. За това е по добре да платим нещо, но да не участваме.",трябва да си пич,01.04.2026 23:04,3,5,2026-04-11 17:24:41
fakti.bg,https://fakti.bg/topic/izbori/2026/04/01/78928,https://fakti.bg/bulgaria/1045676-radev-na-tezi-izbori-varvam-che-shte-nakajem-onezi-partii-i-politici-koito-prez-glavata-na-vsichki-ni-vavedoha-evroto,"Радев: На тези избори вярвам, че ще накажем онези партии и политици, които през главата на всички ни въведоха еврото",2026-04-01,5 151,171,Какъв политик си ти бе .,Абеиййъъъъъ,01.04.2026 23:13,6,6,2026-04-11 17:24:41
fakti.bg,https://fakti.bg/topic/izbori/2026/04/01/78928,https://fakti.bg/bulgaria/1045676-radev-na-tezi-izbori-varvam-che-shte-nakajem-onezi-partii-i-politici-koito-prez-glavata-na-vsichki-ni-vavedoha-evroto,"Радев: На тези избори вярвам, че ще накажем онези партии и политици, които през главата на всички ни въведоха еврото",2026-04-01,5 151,172,"До коментар #158 от ""Малко спомени"": 1989 българите бяха близо 9 милиона души.След 37 г. демокрация са около 6 милиона!!!Излиза че бай Тошо е по-добър управник от демократите а? Коментиран от #173 , #175 , #186 , #198",Демо-крад,01.04.2026 23:20,12,15,2026-04-11 17:24:41
fakti.bg,https://fakti.bg/topic/izbori/2026/04/01/78928,https://fakti.bg/bulgaria/1045676-radev-na-tezi-izbori-varvam-che-shte-nakajem-onezi-partii-i-politici-koito-prez-glavata-na-vsichki-ni-vavedoha-evroto,"Радев: На тези избори вярвам, че ще накажем онези партии и политици, които през главата на всички ни въведоха еврото",2026-04-01,5 151,173,"До коментар #172 от ""Демо-крад"": Какви жени имаше едно време - работеха по ТКЗС и бяха безплатни, а армията вардеше да не бягаме, понеже трябваше да храниме комунистите.",Малко спомени,01.04.2026 23:31,14,6,2026-04-11 17:24:41
fakti.bg,https://fakti.bg/topic/izbori/2026/04/01/78928,https://fakti.bg/bulgaria/1045676-radev-na-tezi-izbori-varvam-che-shte-nakajem-onezi-partii-i-politici-koito-prez-glavata-na-vsichki-ni-vavedoha-evroto,"Радев: На тези избори вярвам, че ще накажем онези партии и политици, които през главата на всички ни въведоха еврото",2026-04-01,5 151,174,"До коментар #167 от ""Аз пък"": Глупавата ти пропаганда не върви. Нормализацията на отношенията с Русия и внасяне на евтин руски нефт не е ""кауза пердута"" защото Русия е отвъд Черно море. Това ЕС може и да не го ""позволи"", ама никой няма да ги пита, като Орбан! Още повече Радев е против завличането на България във война, колкото и да напират разни евроатлантици да ни пращат на фронта. Така че Радев ще е доста полезен за България, и доста вреден за ЕС, затова е този истеричевн евротлантичен вой срещу него.",Евроатлантиците в несвяст,01.04.2026 23:39,8,13,2026-04-11 17:24:41
fakti.bg,https://fakti.bg/topic/izbori/2026/04/01/78928,https://fakti.bg/bulgaria/1045676-radev-na-tezi-izbori-varvam-che-shte-nakajem-onezi-partii-i-politici-koito-prez-glavata-na-vsichki-ni-vavedoha-evroto,"Радев: На тези избори вярвам, че ще накажем онези партии и политици, които през главата на всички ни въведоха еврото",2026-04-01,5 151,175,"До коментар #172 от ""Демо-крад"": Защо стана така, защото 45 години живяхме в държавен затвор и като се отвориха границите и хората забегнаха. А да не говорим ,че ни командваха най големите тъпанари и продължава да ни командват тези червени мафиоти. Живял съм това време и не лъжи младите колко хубаво е било.",Анджо,01.04.2026 23:42,14,8,2026-04-11 17:24:41
fakti.bg,https://fakti.bg/topic/izbori/2026/04/01/78928,https://fakti.bg/bulgaria/1045676-radev-na-tezi-izbori-varvam-che-shte-nakajem-onezi-partii-i-politici-koito-prez-glavata-na-vsichki-ni-vavedoha-evroto,"Радев: На тези избори вярвам, че ще накажем онези партии и политици, които през главата на всички ни въведоха еврото",2026-04-01,5 151,176,"1 МИЛИОН ЛЕВА НА ДЕН ЗВУЧЕШЕ ПО-СЕРИОЗНО ОТ НЯКАКВИ СИ ПОЛОВИН МИЛИОН ЕВРО? АМА ВСЕКИ ДЕН, АМА ПОЛОВШН МИЛИОН? Коментиран от #178 , #179",СЕГА Е НЯКАК ДРЕБНА СУМА,01.04.2026 23:47,11,6,2026-04-11 17:24:41
fakti.bg,https://fakti.bg/topic/izbori/2026/04/01/78928,https://fakti.bg/bulgaria/1045676-radev-na-tezi-izbori-varvam-che-shte-nakajem-onezi-partii-i-politici-koito-prez-glavata-na-vsichki-ni-vavedoha-evroto,"Радев: На тези избори вярвам, че ще накажем онези партии и политици, които през главата на всички ни въведоха еврото",2026-04-01,5 151,177,"КЕШ БОТАШОВ е най големият лицемер който познавам. Какво му е на еврото та тоя гаден боклук иска да ни връща пак в руското блато. Дядо ми през 74 година го чух да казва, деца тая власт много се задържа , ма....та ще ви се разкатае и позна . Тогава бях малък и не разбрах какво искаше да каже.",Анджо,01.04.2026 23:49,16,6,2026-04-11 17:24:41
fakti.bg,https://fakti.bg/topic/izbori/2026/04/01/78928,https://fakti.bg/bulgaria/1045676-radev-na-tezi-izbori-varvam-che-shte-nakajem-onezi-partii-i-politici-koito-prez-glavata-na-vsichki-ni-vavedoha-evroto,"Радев: На тези избори вярвам, че ще накажем онези партии и политици, които през главата на всички ни въведоха еврото",2026-04-01,5 151,178,"До коментар #176 от ""СЕГА Е НЯКАК ДРЕБНА СУМА"": Тъпотията край няма в нашата държава Пълно е с идиоти",Ужас,01.04.2026 23:50,8,0,2026-04-11 17:24:41
fakti.bg,https://fakti.bg/topic/izbori/2026/04/01/78928,https://fakti.bg/bulgaria/1045676-radev-na-tezi-izbori-varvam-che-shte-nakajem-onezi-partii-i-politici-koito-prez-glavata-na-vsichki-ni-vavedoha-evroto,"Радев: На тези избори вярвам, че ще накажем онези партии и политици, които през главата на всички ни въведоха еврото",2026-04-01,5 151,179,"До коментар #176 от ""СЕГА Е НЯКАК ДРЕБНА СУМА"": Да , и тяхното обещание е да успеят да направят този договор не печелившт а да можело да се изплати. Никой ли не виджда колко са лицемерни.",Анджо,01.04.2026 23:53,6,3,2026-04-11 17:24:41
fakti.bg,https://fakti.bg/topic/izbori/2026/04/01/78928,https://fakti.bg/bulgaria/1045676-radev-na-tezi-izbori-varvam-che-shte-nakajem-onezi-partii-i-politici-koito-prez-glavata-na-vsichki-ni-vavedoha-evroto,"Радев: На тези избори вярвам, че ще накажем онези партии и политици, които през главата на всички ни въведоха еврото",2026-04-01,5 151,180,"До коментар #158 от ""Малко спомени"": Паролата беше мой човек. 😂😂😂😂🤷",Анджо,01.04.2026 23:56,4,4,2026-04-11 17:24:41
fakti.bg,https://fakti.bg/topic/izbori/2026/04/01/78928,https://fakti.bg/bulgaria/1045676-radev-na-tezi-izbori-varvam-che-shte-nakajem-onezi-partii-i-politici-koito-prez-glavata-na-vsichki-ni-vavedoha-evroto,"Радев: На тези избори вярвам, че ще накажем онези партии и политици, които през главата на всички ни въведоха еврото",2026-04-01,5 151,181,"Ще наказва. Радьо, спри се с глупостите си, излагаш се.",Ще демонтира,02.04.2026 00:03,15,5,2026-04-11 17:24:41
fakti.bg,https://fakti.bg/topic/izbori/2026/04/01/78928,https://fakti.bg/bulgaria/1045676-radev-na-tezi-izbori-varvam-che-shte-nakajem-onezi-partii-i-politici-koito-prez-glavata-na-vsichki-ni-vavedoha-evroto,"Радев: На тези избори вярвам, че ще накажем онези партии и политици, които през главата на всички ни въведоха еврото",2026-04-01,5 151,182,"До коментар #105 от ""Данко Харсъзина"": Ще Ви отговоря, макар и рискувайки да причиня нечия хипертонична криза (на разпенени дедита от стадото корицооплювачи). Ако си спомняте на кого клехте децата лично Вие, господине - за него възнамерявам да гласувам. За победителя. Дори ще Ви поясня защо. За да се оцени една книга, трябва да се разлисти и да се почете от нея. Корицата не е показателна. Никога. За да се изпробва един продукт, трябва да се разопакова. За да се ""познае по делата"" политик/партия, трябва да има шанс за трансфера ""законодателна власт"" -> ""изпълнителна власт"". Сещате се, нали? Риторично. Поздравления за решението Ви, между другото. Е, ще ми липсват смеховете по идолопоклонничеството Ви, но ще го преживея. 🙃",Аполитична,02.04.2026 00:04,3,5,2026-04-11 17:24:41
fakti.bg,https://fakti.bg/topic/izbori/2026/04/01/78928,https://fakti.bg/bulgaria/1045676-radev-na-tezi-izbori-varvam-che-shte-nakajem-onezi-partii-i-politici-koito-prez-glavata-na-vsichki-ni-vavedoha-evroto,"Радев: На тези избори вярвам, че ще накажем онези партии и политици, които през главата на всички ни въведоха еврото",2026-04-01,5 151,183,"Как може да говори такива глупости и да си вярва че е интересен.9 год беше екскурзиант докато ни натресе Боташ .Точно с Копринков и Узунов ще борят корупцията,то бива лъжи но това е брутално.Олигарсите които му плащат този .цирк не са олигарси А неговите 4 години служебни кабинети ,доведе шарлатаните на власт които излъгаха всички.И какво ще направиш за Благоевград ,че какво му е на града всъщност ,унижава хората които живеят там ,какво ,заводи ли ще строиш,инвеститори на голо поле,само общи приказки.Радев този нов ВВС с посочени кандидати от соросни НПО как си го представяш? Еле това че хората го искали ,той хора не е виждал ,никой не се интересува от него обкръжението му иска власта,но само за далавери.",Излагация,02.04.2026 00:06,15,5,2026-04-11 17:24:41
fakti.bg,https://fakti.bg/topic/izbori/2026/04/01/78928,https://fakti.bg/bulgaria/1045676-radev-na-tezi-izbori-varvam-che-shte-nakajem-onezi-partii-i-politici-koito-prez-glavata-na-vsichki-ni-vavedoha-evroto,"Радев: На тези избори вярвам, че ще накажем онези партии и политици, които през главата на всички ни въведоха еврото",2026-04-01,5 151,184,"Ама нали държавата ни пазеше от спекуланти? Нали шеше да е 0 и нещо инфлацията! реалната инфлация при храните е 100% а скоро и другите стоки ще настигнат. А истината е, че тепърва ще вдигате и данъците и ще стигнат европейските щото няма как иначе, кражбите трябва да се покриват. Вкарването на България в ЕС и в еврозоната са престъпления против държавата. България няма никакъв юридически суверенитет, правилата на ЕС (директиви и регламенти) са с предимство пред националното законодателство, отказахме се от валутата си и сега решенията за парите ни се вземат от ЕЦБ, някъде там - далече от някакви непознати и неизвестни за нас хора, но нали Росен се подписа от името на българския народ, който не искаше да влиза в еврозоната. България остана само географско понятие и контур на картата, скоро и това няма да го има.",Горски,02.04.2026 00:10,8,12,2026-04-11 17:24:41
fakti.bg,https://fakti.bg/topic/izbori/2026/04/01/78928,https://fakti.bg/bulgaria/1045676-radev-na-tezi-izbori-varvam-che-shte-nakajem-onezi-partii-i-politici-koito-prez-glavata-na-vsichki-ni-vavedoha-evroto,"Радев: На тези избори вярвам, че ще накажем онези партии и политици, които през главата на всички ни въведоха еврото",2026-04-01,5 151,185,"РАДЕВ зелений чорапе...Историята ще те запомни като предателят на България в името на Путин, заедно с Тиквата и Прасето.",Иван,02.04.2026 00:11,13,7,2026-04-11 17:24:41
fakti.bg,https://fakti.bg/topic/izbori/2026/04/01/78928,https://fakti.bg/bulgaria/1045676-radev-na-tezi-izbori-varvam-che-shte-nakajem-onezi-partii-i-politici-koito-prez-glavata-na-vsichki-ni-vavedoha-evroto,"Радев: На тези избори вярвам, че ще накажем онези партии и политици, които през главата на всички ни въведоха еврото",2026-04-01,5 151,186,"До коментар #172 от ""Демо-крад"": Говориш за Демокрацията на ДС другарю ?",Иван,02.04.2026 00:15,12,5,2026-04-11 17:24:41
fakti.bg,https://fakti.bg/topic/izbori/2026/04/01/78928,https://fakti.bg/bulgaria/1045676-radev-na-tezi-izbori-varvam-che-shte-nakajem-onezi-partii-i-politici-koito-prez-glavata-na-vsichki-ni-vavedoha-evroto,"Радев: На тези избори вярвам, че ще накажем онези партии и политици, които през главата на всички ни въведоха еврото",2026-04-01,5 151,187,Това е моят президент,Уса,02.04.2026 00:41,6,15,2026-04-11 17:24:41
fakti.bg,https://fakti.bg/topic/izbori/2026/04/01/78928,https://fakti.bg/bulgaria/1045676-radev-na-tezi-izbori-varvam-che-shte-nakajem-onezi-partii-i-politici-koito-prez-glavata-na-vsichki-ni-vavedoha-evroto,"Радев: На тези избори вярвам, че ще накажем онези партии и политици, които през главата на всички ни въведоха еврото",2026-04-01,5 151,188,еврото през плешивата му тъпа глава. Ще наказваме!,Въвели,02.04.2026 00:47,15,5,2026-04-11 17:24:41
fakti.bg,https://fakti.bg/topic/izbori/2026/04/01/78928,https://fakti.bg/bulgaria/1045676-radev-na-tezi-izbori-varvam-che-shte-nakajem-onezi-partii-i-politici-koito-prez-glavata-na-vsichki-ni-vavedoha-evroto,"Радев: На тези избори вярвам, че ще накажем онези партии и политици, които през главата на всички ни въведоха еврото",2026-04-01,5 151,189,"""Ние ще накажем тези които въведоха еврото "" ,е от какъв зор?Вече сме в еврозоната и Шенген ,проблем няма.Още повече 27 г във Валутен борд то лев нямаше само на хартия А да не би чувалите му още да са в левчета,но едва ли ,може би с прането на пари не му е комфортно ?Вие кои сте ,и какво сте свършили ,че не се сещам ?Под Вие имам предвид Копринков,Узунов ,Бобоков ,,Гергов ,в комбина с Прокопиев който му прави изборите ,щото не са само нашето МВР но и машинките на другите двама братя със софтуета и кода?Та с това обкръжение да гони олигарси е много лицемерно! Бившата глава отново злорадо ,леко прилапва зомби електората на Костя ,щото е най лесно като им кажеш "" лев "" и хоп ,пак в стил разделяй и владей.Да не му се връзват ,лъжец е!Бившия за 9 год не разбра основната си функция да олицетворява единството на нацията ,т.е.да може да балансира и показва мъдрост .Но когато си марионетка ,не става.КС е редно да публикуват мотивите на Радев за исканата оставка .Какви основания е изложил за да хвърли кърпата.Тоеа са сериозни неща .То имаше някакви политически протести на ППДБ ,но никой не е споменавал Радев и никаква вълна не е имало за него.Сами простовати пърформанси по соросни сценарии.Той и Гешев почна да гони олигарсите ,но сега къде ?Така че Старата глава само лъже хората ,лековерните да го изберат,а успоредно полицейщина срещу опоненти и принуда да глауват за това недоразумение.",Виж ти,02.04.2026 01:00,13,6,2026-04-11 17:24:41
fakti.bg,https://fakti.bg/topic/izbori/2026/04/01/78928,https://fakti.bg/bulgaria/1045676-radev-na-tezi-izbori-varvam-che-shte-nakajem-onezi-partii-i-politici-koito-prez-glavata-na-vsichki-ni-vavedoha-evroto,"Радев: На тези избори вярвам, че ще накажем онези партии и политици, които през главата на всички ни въведоха еврото",2026-04-01,5 151,190,заминавай в раша като не ти харесва Европа и вземи бавноразвиващите копейки в България със себе си!!!,мунчо,02.04.2026 01:25,12,7,2026-04-11 17:24:41
fakti.bg,https://fakti.bg/topic/izbori/2026/04/01/78928,https://fakti.bg/bulgaria/1045676-radev-na-tezi-izbori-varvam-che-shte-nakajem-onezi-partii-i-politici-koito-prez-glavata-na-vsichki-ni-vavedoha-evroto,"Радев: На тези избори вярвам, че ще накажем онези партии и политици, които през главата на всички ни въведоха еврото",2026-04-01,5 151,191,"До коментар #5 от ""таксиджия 🚖"": дървено желязо",български масон,02.04.2026 01:26,3,4,2026-04-11 17:24:41
fakti.bg,https://fakti.bg/topic/izbori/2026/04/01/78928,https://fakti.bg/bulgaria/1045676-radev-na-tezi-izbori-varvam-che-shte-nakajem-onezi-partii-i-politici-koito-prez-glavata-na-vsichki-ni-vavedoha-evroto,"Радев: На тези избори вярвам, че ще накажем онези партии и политици, които през главата на всички ни въведоха еврото",2026-04-01,5 151,192,напред другари да възкресим комунизъма който дори в руското блато се разпадна отдавна!,радев,02.04.2026 01:30,12,6,2026-04-11 17:24:41
fakti.bg,https://fakti.bg/topic/izbori/2026/04/01/78928,https://fakti.bg/bulgaria/1045676-radev-na-tezi-izbori-varvam-che-shte-nakajem-onezi-partii-i-politici-koito-prez-glavata-na-vsichki-ni-vavedoha-evroto,"Радев: На тези избори вярвам, че ще накажем онези партии и политици, които през главата на всички ни въведоха еврото",2026-04-01,5 151,194,"Вашето МВР на Копринков ползва болшевишки методи срещу обикновени хора и кандидат депутати на опоненти в малки населени места и не само там за да стресира хората и ги откаже да гласуват или да гласуват само за Репресивната партия .Днес излязоха данни в НС за глутница от 22 полицейски коли с полицаи как влезли в дома на един кмет да тарашат ,набеден за купувач на гласове Не открили нищо ,но ходили още два пъти и пак не открили нищо затова отишли в магазина на дъщеря му и взели целия оборот щото била "" купувачка "" .И тя не може да си плати на доставчици.Това си е чиста кражба ,защото има касов апарат и може да се провери чрез НАП.Значи така ще борим олигархията ,която си живее живота нашироко , а ще тормозят обикновени хора за да гласуват за"" правилния.""Обаче когато кандидата на Радев Копринков отива да агитира на същото място е придружен от полицай който го охранява за да покаже пред хората кой ще кара влака.Виждаме наченки за ""много честни избори и свободна воля"".Тези башибозушки методи коя държава копират ,съседна Сърбия ясно ,но и доста по на изток . Ей какво ,диктатура ли да очакваме ,е няма да стане и не трябва. Надявам се всички потърпевши да заведат дела и устояват правото си на достоен живот. Коментиран от #207 , #208",Сори но,02.04.2026 01:53,10,5,2026-04-11 17:24:41
fakti.bg,https://fakti.bg/topic/izbori/2026/04/01/78928,https://fakti.bg/bulgaria/1045676-radev-na-tezi-izbori-varvam-che-shte-nakajem-onezi-partii-i-politici-koito-prez-glavata-na-vsichki-ni-vavedoha-evroto,"Радев: На тези избори вярвам, че ще накажем онези партии и политици, които през главата на всички ни въведоха еврото",2026-04-01,5 151,195,На Орбан Скоро ще обвинява Украйна За всички свои провали ДРУГАРЯ РАДЕВ . ЗАПОЧНА СЪС ЕВРОТО СЛЕД ГОДИНА ЗА ВСИЧКИ НЕГОВИ ИЗДЪЛНКИ ЩЕ БЪДЕ ВИНОВЕН ЗЕЛЕНСКИ. ЦИРКЪТ ЩЕ БЪДЕ ТОТАЛЕН .,По Примера,02.04.2026 02:18,10,4,2026-04-11 17:24:41
fakti.bg,https://fakti.bg/topic/izbori/2026/04/01/78928,https://fakti.bg/bulgaria/1045676-radev-na-tezi-izbori-varvam-che-shte-nakajem-onezi-partii-i-politici-koito-prez-glavata-na-vsichki-ni-vavedoha-evroto,"Радев: На тези избори вярвам, че ще накажем онези партии и политици, които през главата на всички ни въведоха еврото",2026-04-01,5 151,196,Задължителна казарма и пенсии на 70 г със стаж 45 !Юруш народе!,Фатмак,02.04.2026 04:50,4,5,2026-04-11 17:24:41
fakti.bg,https://fakti.bg/topic/izbori/2026/04/01/78928,https://fakti.bg/bulgaria/1045676-radev-na-tezi-izbori-varvam-che-shte-nakajem-onezi-partii-i-politici-koito-prez-glavata-na-vsichki-ni-vavedoha-evroto,"Радев: На тези избори вярвам, че ще накажем онези партии и политици, които през главата на всички ни въведоха еврото",2026-04-01,5 151,197,Не може да повтори 1997 !,Мъка,02.04.2026 04:52,7,2,2026-04-11 17:24:41
fakti.bg,https://fakti.bg/topic/izbori/2026/04/01/78928,https://fakti.bg/bulgaria/1045676-radev-na-tezi-izbori-varvam-che-shte-nakajem-onezi-partii-i-politici-koito-prez-glavata-na-vsichki-ni-vavedoha-evroto,"Радев: На тези избори вярвам, че ще накажем онези партии и политици, които през главата на всички ни въведоха еврото",2026-04-01,5 151,198,"До коментар #172 от ""Демо-крад"": По плодовит !",Не бе,02.04.2026 04:55,0,2,2026-04-11 17:24:41
fakti.bg,https://fakti.bg/topic/izbori/2026/04/01/78928,https://fakti.bg/bulgaria/1045676-radev-na-tezi-izbori-varvam-che-shte-nakajem-onezi-partii-i-politici-koito-prez-glavata-na-vsichki-ni-vavedoha-evroto,"Радев: На тези избори вярвам, че ще накажем онези партии и политици, които през главата на всички ни въведоха еврото",2026-04-01,5 151,199,"До коментар #128 от ""Мнение"": Бойко каза, че те нямат принос.",Защото,02.04.2026 04:56,1,2,2026-04-11 17:24:41
fakti.bg,https://fakti.bg/topic/izbori/2026/04/01/78928,https://fakti.bg/bulgaria/1045676-radev-na-tezi-izbori-varvam-che-shte-nakajem-onezi-partii-i-politici-koito-prez-glavata-na-vsichki-ni-vavedoha-evroto,"Радев: На тези избори вярвам, че ще накажем онези партии и политици, които през главата на всички ни въведоха еврото",2026-04-01,5 151,200,Прогресивна България Прогресивна Сърбия на Вучич Прогресивна Унгария на Орбан.......,Говорить Москва,02.04.2026 05:46,8,6,2026-04-11 17:24:41
fakti.bg,https://fakti.bg/topic/izbori/2026/04/01/78928,https://fakti.bg/bulgaria/1045676-radev-na-tezi-izbori-varvam-che-shte-nakajem-onezi-partii-i-politici-koito-prez-glavata-na-vsichki-ni-vavedoha-evroto,"Радев: На тези избори вярвам, че ще накажем онези партии и политици, които през главата на всички ни въведоха еврото",2026-04-01,5 151,201,"Ало Радев , ти самият вярваш ли си , когато казваш веднъж че няма да има референдум за еврото , а после казваш че трябва да има!Пътят на България е ясен и точен -ЕС и Еврозоната, а не Евразия и Русия където ти искаш!С Шишо Бакшишо ,”Бях точен с парите..!”и подсъдимите олигарси начело с Черепа , Бобокови , Вълканов и другите ли ще поставяш новото начало? Няма да стане!",Майора,02.04.2026 08:14,7,4,2026-04-11 17:24:41
fakti.bg,https://fakti.bg/topic/izbori/2026/04/01/78928,https://fakti.bg/bulgaria/1045676-radev-na-tezi-izbori-varvam-che-shte-nakajem-onezi-partii-i-politici-koito-prez-glavata-na-vsichki-ni-vavedoha-evroto,"Радев: На тези избори вярвам, че ще накажем онези партии и политици, които през главата на всички ни въведоха еврото",2026-04-01,5 151,206,"Това някаква шизофрения ли е? Биполярност, раздвояване на личността, взаимно отхвърлящи и отричащи се послания.... Лутане... Но, друго не би могло и да се очаква при подобни близки съратници и съветници. Корумпета, селски кметове и зкпч-та, зелени чорапи и там подобни....",Наблюдател,02.04.2026 09:39,5,4,2026-04-11 17:24:41
fakti.bg,https://fakti.bg/topic/izbori/2026/04/01/78928,https://fakti.bg/bulgaria/1045676-radev-na-tezi-izbori-varvam-che-shte-nakajem-onezi-partii-i-politici-koito-prez-glavata-na-vsichki-ni-vavedoha-evroto,"Радев: На тези избори вярвам, че ще накажем онези партии и политици, които през главата на всички ни въведоха еврото",2026-04-01,5 151,207,"До коментар #194 от ""Сори но"": Копринков остана в Президентството при Йотова. Това което си написал е откровена лъжа и инсинуация. Плюсовете са ти фалшиви или манипулирани от хора които си подвел с тази абсолютно недостойна лъжа. Трябва да бъдеш съден за ЛЪЖА ! Коментиран от #211",Копринков не е кандидат на Радев,02.04.2026 09:57,3,4,2026-04-11 17:24:41
fakti.bg,https://fakti.bg/topic/izbori/2026/04/01/78928,https://fakti.bg/bulgaria/1045676-radev-na-tezi-izbori-varvam-che-shte-nakajem-onezi-partii-i-politici-koito-prez-glavata-na-vsichki-ni-vavedoha-evroto,"Радев: На тези избори вярвам, че ще накажем онези партии и политици, които през главата на всички ни въведоха еврото",2026-04-01,5 151,208,"До коментар #194 от ""Сори но"": Инсинуации и манипулации. Написаното няма връзка нито с Радев нито с Прогресивна България ти си лъжец !!!",Ми това са лъжи и,02.04.2026 10:02,2,2,2026-04-11 17:24:41
fakti.bg,https://fakti.bg/topic/izbori/2026/04/01/78928,https://fakti.bg/bulgaria/1045676-radev-na-tezi-izbori-varvam-che-shte-nakajem-onezi-partii-i-politici-koito-prez-glavata-na-vsichki-ni-vavedoha-evroto,"Радев: На тези избори вярвам, че ще накажем онези партии и политици, които през главата на всички ни въведоха еврото",2026-04-01,5 151,209,Те са си измислили разни опорки и лъжи. Но най лошото е че манипулират лайковете и то с по десет дванайсет на веднъж. Още снощи го забелязах това недостойно деяние.,Целия форум е пълен с тролове,02.04.2026 10:05,3,4,2026-04-11 17:24:41
fakti.bg,https://fakti.bg/topic/izbori/2026/04/01/78928,https://fakti.bg/bulgaria/1045676-radev-na-tezi-izbori-varvam-che-shte-nakajem-onezi-partii-i-politici-koito-prez-glavata-na-vsichki-ni-vavedoha-evroto,"Радев: На тези избори вярвам, че ще накажем онези партии и политици, които през главата на всички ни въведоха еврото",2026-04-01,5 151,210,"За да ""наказваш"" когото и да било навява спомени за отдавна минали времена, за страх, мракобесие и популизъм ! Да си на власт означава да водиш държавата напред в бурните води на световната политика и в подмолите на вътрешната такава, да се грижиш за тези, които са те избрали и са ти гласували доверие, а не да търсиш реализация на собствените си амбиции и реваншизъм от други политически лидери. Не случайно суверенът, в лицето на народа в последните години не дава цялата власт в ръцете на една партия и нашите политици, партии и движения трябва да се научат да работят ЗАЕДНО за просперитета на Отечеството.Всичко друго е ""Мижи да те лажем""",Когато искаш да дойдеш на власт,02.04.2026 11:01,6,1,2026-04-11 17:24:41
fakti.bg,https://fakti.bg/topic/izbori/2026/04/01/78928,https://fakti.bg/bulgaria/1045676-radev-na-tezi-izbori-varvam-che-shte-nakajem-onezi-partii-i-politici-koito-prez-glavata-na-vsichki-ni-vavedoha-evroto,"Радев: На тези избори вярвам, че ще накажем онези партии и политици, които през главата на всички ни въведоха еврото",2026-04-01,5 151,211,"До коментар #207 от ""Копринков не е кандидат на Радев"": Копринката се види съветник на Ифдиотова,но по цял ден налива вода в джакузито на Радев в хотела.А магистралките,които е завел при чорапа,се крият от камерите и се заключват по спалните. Та това е .","Виж сега,",02.04.2026 13:17,2,1,2026-04-11 17:24:41
fakti.bg,https://fakti.bg/topic/izbori/2026/04/01/78928,https://fakti.bg/bulgaria/1045676-radev-na-tezi-izbori-varvam-che-shte-nakajem-onezi-partii-i-politici-koito-prez-glavata-na-vsichki-ni-vavedoha-evroto,"Радев: На тези избори вярвам, че ще накажем онези партии и политици, които през главата на всички ни въведоха еврото",2026-04-01,5 151,212,"Не искам да живея мечтите на ПРОГРЕСИВНА БЪЛГАРИЯ, НА ВЪЗРАЖДАНЕ и ПП-ДБ ПЕТРОХАНЦИ ,а да стоя зад своите собствени, които се припокриват с тези на ГЕРБ-СДС. ГЛАСУВАМ С БЮЛЕТИНА НОМЕР 15.","НЕ СТАНАЛ ДЕПУТАТ, ЗАПОЧНА ДА НАКАЗВА",02.04.2026 16:19,4,1,2026-04-11 17:24:41
fakti.bg,https://fakti.bg/topic/izbori/2026/04/01/78928,https://fakti.bg/bulgaria/1045676-radev-na-tezi-izbori-varvam-che-shte-nakajem-onezi-partii-i-politici-koito-prez-glavata-na-vsichki-ni-vavedoha-evroto,"Радев: На тези избори вярвам, че ще накажем онези партии и политици, които през главата на всички ни въведоха еврото",2026-04-01,5 151,213,радеф ще върне лева! Кога?,Старчо,02.04.2026 16:23,1,1,2026-04-11 17:24:41
fakti.bg,https://fakti.bg/topic/izbori/2026/04/01/78928,https://fakti.bg/bulgaria/1045676-radev-na-tezi-izbori-varvam-che-shte-nakajem-onezi-partii-i-politici-koito-prez-glavata-na-vsichki-ni-vavedoha-evroto,"Радев: На тези избори вярвам, че ще накажем онези партии и политици, които през главата на всички ни въведоха еврото",2026-04-01,5 151,214,"Каква баналност, човекът на Путин дърдори глупости, обвинява всички - само той е способен да ни оправи. И така ще го направи, че след това ще се влачим на опашката още 40 години! Късмет народе, освен ако на 19 април не го изгубиш безвъзвратно!",Кой какъв е,02.04.2026 17:29,4,0,2026-04-11 17:24:41
fakti.bg,https://fakti.bg/topic/izbori/2026/04/01/78928,https://fakti.bg/bulgaria/1045676-radev-na-tezi-izbori-varvam-che-shte-nakajem-onezi-partii-i-politici-koito-prez-glavata-na-vsichki-ni-vavedoha-evroto,"Радев: На тези избори вярвам, че ще накажем онези партии и политици, които през главата на всички ни въведоха еврото",2026-04-01,5 151,215,"Не гласувайте!!! Ако в България се стигне до теоретичната ситуация, в която нито една партия или коалиция не премине 4-процентната бариера на парламентарни избори, се прилагат следните правила според Изборния кодекс: 1. Няма да има избран парламент Тъй като мандатите в Народното събрание (всички 240 места) се разпределят само между партиите и коалициите, които са получили поне 4% от действителните гласове на национално ниво, ако никой не достигне този праг, няма на кого да бъдат присъдени тези места. Wikipedia",Будител,02.04.2026 19:51,0,1,2026-04-11 17:24:41
fakti.bg,https://fakti.bg/topic/izbori/2026/04/01/78928,https://fakti.bg/bulgaria/1045676-radev-na-tezi-izbori-varvam-che-shte-nakajem-onezi-partii-i-politici-koito-prez-glavata-na-vsichki-ni-vavedoha-evroto,"Радев: На тези избори вярвам, че ще накажем онези партии и политици, които през главата на всички ни въведоха еврото",2026-04-01,5 151,216,"Според Радев корупционерите години наред ""преджобват българите“, а служебното правителство, вчера е сторило същото, като е извадило 17 милиона и то за оръжие за Украйна без никакъв диалог с институциите и без санкция на парламента и то в разгара на инфлацията и кризата с горивата. -;-",Боташа няма да стане премиер,02.04.2026 20:42,0,1,2026-04-11 17:24:41
fakti.bg,https://fakti.bg/topic/izbori/2026/04/01/78928,https://fakti.bg/bulgaria/1045676-radev-na-tezi-izbori-varvam-che-shte-nakajem-onezi-partii-i-politici-koito-prez-glavata-na-vsichki-ni-vavedoha-evroto,"Радев: На тези избори вярвам, че ще накажем онези партии и политици, които през главата на всички ни въведоха еврото",2026-04-01,5 151,219,"Лидерът на ""Прогресивна България“ използва възможността да представи пред благоевградската общественост приоритети на коалицията. Сред тях са изхвърлянето на олигархията, избор нов ВСС, реформа в МВР и службите, ревизия на обществените поръчки и търсене на отговорност от подставени лица с палати и имоти с неясен произход. Освен това в програмата на ""Прогресивна България“ се предвижда подкрепа за малкия и среден бизнес, продоволствен суверенитет в сектор земеделие, реформи в секторите здравеопазване, образование и спорт. -- Тоя като кандидат студент за изпита по политиката си е е наизустил темите за политикономията на Боташлиите!","Къде са качени програмите на ПБ, ГЕРБ,",02.04.2026 20:52,0,1,2026-04-11 17:24:41
fakti.bg,https://fakti.bg/topic/izbori/2026/04/01/78928,https://fakti.bg/bulgaria/1045676-radev-na-tezi-izbori-varvam-che-shte-nakajem-onezi-partii-i-politici-koito-prez-glavata-na-vsichki-ni-vavedoha-evroto,"Радев: На тези избори вярвам, че ще накажем онези партии и политици, които през главата на всички ни въведоха еврото",2026-04-01,5 151,221,"А може ли нещо по-полезно и позитивно като например благоденствие и финансова свобода за всички българи. Еврото не е проблем на никого, проблем е малкото му количество.",Айше,02.04.2026 22:20,3,0,2026-04-11 17:24:41
fakti.bg,https://fakti.bg/topic/izbori/2026/04/01/78928,https://fakti.bg/bulgaria/1045676-radev-na-tezi-izbori-varvam-che-shte-nakajem-onezi-partii-i-politici-koito-prez-glavata-na-vsichki-ni-vavedoha-evroto,"Радев: На тези избори вярвам, че ще накажем онези партии и политици, които през главата на всички ни въведоха еврото",2026-04-01,5 151,222,НЕ ОЧАКВАЙ НИЩО !,НЕ КАЖЕШ ЛИ КАК ЩЕ НАКАЖЕШ ПРЕСТЪПНИЦИТЕ,02.04.2026 22:43,2,0,2026-04-11 17:24:41
fakti.bg,https://fakti.bg/topic/izbori/2026/04/01/78928,https://fakti.bg/bulgaria/1045676-radev-na-tezi-izbori-varvam-che-shte-nakajem-onezi-partii-i-politici-koito-prez-glavata-na-vsichki-ni-vavedoha-evroto,"Радев: На тези избори вярвам, че ще накажем онези партии и политици, които през главата на всички ни въведоха еврото",2026-04-01,5 151,223,Направо не мога да повярвам:))))))!,секта,04.04.2026 13:24,0,0,2026-04-11 17:24:41
fakti.bg,https://fakti.bg/topic/izbori/2026/04/01/78928,https://fakti.bg/bulgaria/1045676-radev-na-tezi-izbori-varvam-che-shte-nakajem-onezi-partii-i-politici-koito-prez-glavata-na-vsichki-ni-vavedoha-evroto,"Радев: На тези избори вярвам, че ще накажем онези партии и политици, които през главата на всички ни въведоха еврото",2026-04-01,5 151,224,"ДА СИ ВЪРНЕМ ЛЕВА,И ДА ОТКАЖЕМ РЕАКТОРИТЕ НА УЕСТИНГХАУС ТОГАВА ЩЕ ИМАШ ГОЛЯМА МОЩ!!! ДО ТОГАВА СИ ПАК ОТ СЪЩИЯ БУЛМАЧ!!!",СЛОНА,04.04.2026 19:43,0,0,2026-04-11 17:24:41
fakti.bg,https://fakti.bg/topic/izbori/2026/04/01/78928,https://fakti.bg/bulgaria/1045676-radev-na-tezi-izbori-varvam-che-shte-nakajem-onezi-partii-i-politici-koito-prez-glavata-na-vsichki-ni-vavedoha-evroto,"Радев: На тези избори вярвам, че ще накажем онези партии и политици, които през главата на всички ни въведоха еврото",2026-04-01,5 151,225,Радев да говори за себе си ! Няма нужда да се изказва вместо всички нас !,Мара,09.04.2026 01:41,0,0,2026-04-11 17:24:41
fakti.bg,https://fakti.bg/topic/izbori/2026/04/01/78928,https://fakti.bg/bulgaria/1045674-zarkov-ot-ruse-provalenoto-zasedanie-na-ns-e-atentat-sreshtu-parlamentarizma,Зарков от Русе: Проваленото заседание на НС е атентат срещу парламентаризма,2026-04-01,2 447,1,Бита карта си Крумчо мамино кацамунче.....,🏴‍☠️🏴‍☠️🏴‍☠️Някой си🏴‍☠️🏴‍☠️🏴‍☠️,01.04.2026 20:48,30,6,2026-04-11 17:24:43
fakti.bg,https://fakti.bg/topic/izbori/2026/04/01/78928,https://fakti.bg/bulgaria/1045674-zarkov-ot-ruse-provalenoto-zasedanie-na-ns-e-atentat-sreshtu-parlamentarizma,Зарков от Русе: Проваленото заседание на НС е атентат срещу парламентаризма,2026-04-01,2 447,2,"НС няма да видите , под 4 процента сте.",Дреме ти,01.04.2026 20:48,31,7,2026-04-11 17:24:43
fakti.bg,https://fakti.bg/topic/izbori/2026/04/01/78928,https://fakti.bg/bulgaria/1045674-zarkov-ot-ruse-provalenoto-zasedanie-na-ns-e-atentat-sreshtu-parlamentarizma,Зарков от Русе: Проваленото заседание на НС е атентат срещу парламентаризма,2026-04-01,2 447,3,"ами нормално е бензина и дизела да поскъпнат на около 5€ литъра все пак има банани във магазина и е демокрация нали до сега бай тшо ви пречеше , ами той умря сега вас да ви видим Коментиран от #34",кога ще поскъпва дизела?,01.04.2026 20:49,13,19,2026-04-11 17:24:43
fakti.bg,https://fakti.bg/topic/izbori/2026/04/01/78928,https://fakti.bg/bulgaria/1045674-zarkov-ot-ruse-provalenoto-zasedanie-na-ns-e-atentat-sreshtu-parlamentarizma,Зарков от Русе: Проваленото заседание на НС е атентат срещу парламентаризма,2026-04-01,2 447,4,"Народът трябва да знае кой го е провалил и кой се крие зад липсата на кворум. НС да публикува поименно, кои депутати са били регистрирани и кои не, за да знаем кой ни представлява и кой не! Коментиран от #11",Чакаме,01.04.2026 20:49,10,12,2026-04-11 17:24:43
fakti.bg,https://fakti.bg/topic/izbori/2026/04/01/78928,https://fakti.bg/bulgaria/1045674-zarkov-ot-ruse-provalenoto-zasedanie-na-ns-e-atentat-sreshtu-parlamentarizma,Зарков от Русе: Проваленото заседание на НС е атентат срещу парламентаризма,2026-04-01,2 447,6,"миличък. Няма страшно де, на есен с песен пак Коментиран от #9",играта свърши,01.04.2026 20:53,13,4,2026-04-11 17:24:43
fakti.bg,https://fakti.bg/topic/izbori/2026/04/01/78928,https://fakti.bg/bulgaria/1045674-zarkov-ot-ruse-provalenoto-zasedanie-na-ns-e-atentat-sreshtu-parlamentarizma,Зарков от Русе: Проваленото заседание на НС е атентат срещу парламентаризма,2026-04-01,2 447,7,Демократичните сили едва ли щяха да спечелят защото ГЕРБ и ППДБ имат мнозинство.,Ми те Герб провалиха кворума но,01.04.2026 20:53,10,7,2026-04-11 17:24:43
fakti.bg,https://fakti.bg/topic/izbori/2026/04/01/78928,https://fakti.bg/bulgaria/1045674-zarkov-ot-ruse-provalenoto-zasedanie-na-ns-e-atentat-sreshtu-parlamentarizma,Зарков от Русе: Проваленото заседание на НС е атентат срещу парламентаризма,2026-04-01,2 447,8,може да спре поскъпването на горивата. Жан Виденов му е казал как.,Само Зарков,01.04.2026 21:00,16,9,2026-04-11 17:24:43
fakti.bg,https://fakti.bg/topic/izbori/2026/04/01/78928,https://fakti.bg/bulgaria/1045674-zarkov-ot-ruse-provalenoto-zasedanie-na-ns-e-atentat-sreshtu-parlamentarizma,Зарков от Русе: Проваленото заседание на НС е атентат срещу парламентаризма,2026-04-01,2 447,9,"До коментар #6 от ""играта свърши"": Миличък.",Много си прозз,01.04.2026 21:01,6,3,2026-04-11 17:24:43
fakti.bg,https://fakti.bg/topic/izbori/2026/04/01/78928,https://fakti.bg/bulgaria/1045674-zarkov-ot-ruse-provalenoto-zasedanie-na-ns-e-atentat-sreshtu-parlamentarizma,Зарков от Русе: Проваленото заседание на НС е атентат срещу парламентаризма,2026-04-01,2 447,10,С украинско господство и заграбване на пари и достойнство. Не сме сигурни как щяха да гласуват БСП но едва ли са на акъла на Зарков.,България замени въображаемото руско госп,01.04.2026 21:06,4,11,2026-04-11 17:24:43
fakti.bg,https://fakti.bg/topic/izbori/2026/04/01/78928,https://fakti.bg/bulgaria/1045674-zarkov-ot-ruse-provalenoto-zasedanie-na-ns-e-atentat-sreshtu-parlamentarizma,Зарков от Русе: Проваленото заседание на НС е атентат срещу парламентаризма,2026-04-01,2 447,11,"До коментар #4 от ""Чакаме"": Много жалко за теб щом чакаш сега да разбереш. Значи не се ориентираш и затова ви лъжат. Коментиран от #16",Ти до сега не си ли разбрал,01.04.2026 21:10,6,1,2026-04-11 17:24:43
fakti.bg,https://fakti.bg/topic/izbori/2026/04/01/78928,https://fakti.bg/bulgaria/1045674-zarkov-ot-ruse-provalenoto-zasedanie-na-ns-e-atentat-sreshtu-parlamentarizma,Зарков от Русе: Проваленото заседание на НС е атентат срещу парламентаризма,2026-04-01,2 447,12,"Ако сме народ, трябва веднага да си отиват Йотова и камарилата с Гюров. Но за сега, тука е така.А после когато дойде Урагана, кой как може ще се спасява. Жалко . Този път Русия няма да направи грешка. Ще стои настрани и ще гледа трагедията. И въпросите ще се решат бързо тотално и за дълго. Няма как да се размине мръсотията. Никой не обича предателите. Веднъж предател, винаги предател подъл. Веднъж роб , винаги роб. Веднъж с господар , винаги подлога с господар. Това е положението, с покаяние не става. Коментиран от #19",Горски,01.04.2026 21:11,11,11,2026-04-11 17:24:43
fakti.bg,https://fakti.bg/topic/izbori/2026/04/01/78928,https://fakti.bg/bulgaria/1045674-zarkov-ot-ruse-provalenoto-zasedanie-na-ns-e-atentat-sreshtu-parlamentarizma,Зарков от Русе: Проваленото заседание на НС е атентат срещу парламентаризма,2026-04-01,2 447,13,За украинците 18 милиона евро на часа. Коментиран от #33,На нас по 20 евро,01.04.2026 21:14,9,12,2026-04-11 17:24:43
fakti.bg,https://fakti.bg/topic/izbori/2026/04/01/78928,https://fakti.bg/bulgaria/1045674-zarkov-ot-ruse-provalenoto-zasedanie-na-ns-e-atentat-sreshtu-parlamentarizma,Зарков от Русе: Проваленото заседание на НС е атентат срещу парламентаризма,2026-04-01,2 447,14,предизборен цирк,мдаа,01.04.2026 21:15,12,3,2026-04-11 17:24:43
fakti.bg,https://fakti.bg/topic/izbori/2026/04/01/78928,https://fakti.bg/bulgaria/1045674-zarkov-ot-ruse-provalenoto-zasedanie-na-ns-e-atentat-sreshtu-parlamentarizma,Зарков от Русе: Проваленото заседание на НС е атентат срещу парламентаризма,2026-04-01,2 447,15,Украинската авантюра а то не било това. ....,Мислех че критикува,01.04.2026 21:16,5,6,2026-04-11 17:24:43
fakti.bg,https://fakti.bg/topic/izbori/2026/04/01/78928,https://fakti.bg/bulgaria/1045674-zarkov-ot-ruse-provalenoto-zasedanie-na-ns-e-atentat-sreshtu-parlamentarizma,Зарков от Русе: Проваленото заседание на НС е атентат срещу парламентаризма,2026-04-01,2 447,16,"До коментар #11 от ""Ти до сега не си ли разбрал"": Документът е официално доказателство, научил, чул, чел някъде из фейсбук са партенки. Ти като знаеш, публикувай списък с имената и партията!",Чакаме,01.04.2026 21:19,4,2,2026-04-11 17:24:43
fakti.bg,https://fakti.bg/topic/izbori/2026/04/01/78928,https://fakti.bg/bulgaria/1045674-zarkov-ot-ruse-provalenoto-zasedanie-na-ns-e-atentat-sreshtu-parlamentarizma,Зарков от Русе: Проваленото заседание на НС е атентат срещу парламентаризма,2026-04-01,2 447,17,утече в канала. Срам и позор сте всички червени капиталисти и кремълски слуги-.,Кацамунски,01.04.2026 21:20,18,3,2026-04-11 17:24:43
fakti.bg,https://fakti.bg/topic/izbori/2026/04/01/78928,https://fakti.bg/bulgaria/1045674-zarkov-ot-ruse-provalenoto-zasedanie-na-ns-e-atentat-sreshtu-parlamentarizma,Зарков от Русе: Проваленото заседание на НС е атентат срещу парламентаризма,2026-04-01,2 447,18,"Какъв съботаж срещу парламентаризма, какви 5 лева. В този разкапан парламент никакъв парламентаризъм няма. Колкото по-малко работи, толкова по-добре за хората и държавата !",Иван,01.04.2026 21:27,15,2,2026-04-11 17:24:43
fakti.bg,https://fakti.bg/topic/izbori/2026/04/01/78928,https://fakti.bg/bulgaria/1045674-zarkov-ot-ruse-provalenoto-zasedanie-na-ns-e-atentat-sreshtu-parlamentarizma,Зарков от Русе: Проваленото заседание на НС е атентат срещу парламентаризма,2026-04-01,2 447,19,"До коментар #12 от ""Горски"": Само когато Русия присъства в България, само тогава България е била процъфтяваща демокрация. Само тогава политиците са наистина слуги на народа! Коментиран от #25",Истината,01.04.2026 21:35,8,9,2026-04-11 17:24:43
fakti.bg,https://fakti.bg/topic/izbori/2026/04/01/78928,https://fakti.bg/bulgaria/1045674-zarkov-ot-ruse-provalenoto-zasedanie-na-ns-e-atentat-sreshtu-parlamentarizma,Зарков от Русе: Проваленото заседание на НС е атентат срещу парламентаризма,2026-04-01,2 447,20,"Най-много обичам комунисти да ми четат лекции по парламентаризъм и демокрация! Това Гулаг, вождизъм, репресии въобще не е част от комунистическата история, сакън!!!",Даниел Немитов,01.04.2026 21:40,9,6,2026-04-11 17:24:43
fakti.bg,https://fakti.bg/topic/izbori/2026/04/01/78928,https://fakti.bg/bulgaria/1045674-zarkov-ot-ruse-provalenoto-zasedanie-na-ns-e-atentat-sreshtu-parlamentarizma,Зарков от Русе: Проваленото заседание на НС е атентат срещу парламентаризма,2026-04-01,2 447,21,"Тоя прилича на палячо, говори като палячо и се държи като палячо. Значи е пълен палячо .",Тервел,01.04.2026 21:41,11,3,2026-04-11 17:24:43
fakti.bg,https://fakti.bg/topic/izbori/2026/04/01/78928,https://fakti.bg/bulgaria/1045674-zarkov-ot-ruse-provalenoto-zasedanie-na-ns-e-atentat-sreshtu-parlamentarizma,Зарков от Русе: Проваленото заседание на НС е атентат срещу парламентаризма,2026-04-01,2 447,22,"Довечера се хилеше до гзъ на Кака Корнелия, сега гледа жално .",Цецко,01.04.2026 21:42,10,1,2026-04-11 17:24:43
fakti.bg,https://fakti.bg/topic/izbori/2026/04/01/78928,https://fakti.bg/bulgaria/1045674-zarkov-ot-ruse-provalenoto-zasedanie-na-ns-e-atentat-sreshtu-parlamentarizma,Зарков от Русе: Проваленото заседание на НС е атентат срещу парламентаризма,2026-04-01,2 447,23,Лидер с очила винаги отблъсква хората .,Бойко,01.04.2026 21:44,4,3,2026-04-11 17:24:43
fakti.bg,https://fakti.bg/topic/izbori/2026/04/01/78928,https://fakti.bg/bulgaria/1045674-zarkov-ot-ruse-provalenoto-zasedanie-na-ns-e-atentat-sreshtu-parlamentarizma,Зарков от Русе: Проваленото заседание на НС е атентат срещу парламентаризма,2026-04-01,2 447,25,"До коментар #19 от ""Истината"": Абс. вярно е че когато Русия присъства в България имаше Неоспорима Демокрация,което се потвърждава от наличието на Концлагери като Белене и Скравена където Прасетата никога не оставаха гладни,отделно че имаше само 1 Партия- БКП/БЗНС беше Смокиновия й Лист/,за да не се чудят хората за кого другиго да гласуват.",оня с коня,01.04.2026 21:46,7,8,2026-04-11 17:24:43
fakti.bg,https://fakti.bg/topic/izbori/2026/04/01/78928,https://fakti.bg/bulgaria/1045674-zarkov-ot-ruse-provalenoto-zasedanie-na-ns-e-atentat-sreshtu-parlamentarizma,Зарков от Русе: Проваленото заседание на НС е атентат срещу парламентаризма,2026-04-01,2 447,26,да осигурява кворум на негодници,Никой не е длъжен,01.04.2026 21:49,7,6,2026-04-11 17:24:43
fakti.bg,https://fakti.bg/topic/izbori/2026/04/01/78928,https://fakti.bg/bulgaria/1045674-zarkov-ot-ruse-provalenoto-zasedanie-na-ns-e-atentat-sreshtu-parlamentarizma,Зарков от Русе: Проваленото заседание на НС е атентат срещу парламентаризма,2026-04-01,2 447,27,"Тоя като стана лидер на БСП очакваше червените бабички да го щипят по бузките и да му се радват , пък те се радват на Ивелин Фараона.",Женя,01.04.2026 21:50,6,1,2026-04-11 17:24:43
fakti.bg,https://fakti.bg/topic/izbori/2026/04/01/78928,https://fakti.bg/bulgaria/1045674-zarkov-ot-ruse-provalenoto-zasedanie-na-ns-e-atentat-sreshtu-parlamentarizma,Зарков от Русе: Проваленото заседание на НС е атентат срещу парламентаризма,2026-04-01,2 447,28,Мяза на даскал по музика.,Беба,01.04.2026 21:52,6,2,2026-04-11 17:24:43
fakti.bg,https://fakti.bg/topic/izbori/2026/04/01/78928,https://fakti.bg/bulgaria/1045674-zarkov-ot-ruse-provalenoto-zasedanie-na-ns-e-atentat-sreshtu-parlamentarizma,Зарков от Русе: Проваленото заседание на НС е атентат срещу парламентаризма,2026-04-01,2 447,29,"да осигурява кворум на негодници Ако мислиш, че това беше заседание и ако се киприш и ти за се държиш като тъшки и шишки нака ще те наритат хората, че на задните си части няма да можеш да седнеш, гадино лицемерна",Никой не е длъжен,01.04.2026 21:53,7,4,2026-04-11 17:24:43
fakti.bg,https://fakti.bg/topic/izbori/2026/04/01/78928,https://fakti.bg/bulgaria/1045674-zarkov-ot-ruse-provalenoto-zasedanie-na-ns-e-atentat-sreshtu-parlamentarizma,Зарков от Русе: Проваленото заседание на НС е атентат срещу парламентаризма,2026-04-01,2 447,30,Да Не Е ! Сефте ! Някой Иска Нашите Пари ! И нашите Политици ! Гледат ! Да Се Облажат ! Покрай Това !,Да Не Е ! Сефте !,01.04.2026 22:18,2,0,2026-04-11 17:24:43
fakti.bg,https://fakti.bg/topic/izbori/2026/04/01/78928,https://fakti.bg/bulgaria/1045674-zarkov-ot-ruse-provalenoto-zasedanie-na-ns-e-atentat-sreshtu-parlamentarizma,Зарков от Русе: Проваленото заседание на НС е атентат срещу парламентаризма,2026-04-01,2 447,31,Много разочароващо защото това е най важното.,Нито дума за украинската екскурзия,01.04.2026 22:18,3,3,2026-04-11 17:24:43
fakti.bg,https://fakti.bg/topic/izbori/2026/04/01/78928,https://fakti.bg/bulgaria/1045674-zarkov-ot-ruse-provalenoto-zasedanie-na-ns-e-atentat-sreshtu-parlamentarizma,Зарков от Русе: Проваленото заседание на НС е атентат срещу парламентаризма,2026-04-01,2 447,32,Удавниците се хващат и за сламка.,Дик диверсанта,01.04.2026 22:31,3,0,2026-04-11 17:24:43
fakti.bg,https://fakti.bg/topic/izbori/2026/04/01/78928,https://fakti.bg/bulgaria/1045674-zarkov-ot-ruse-provalenoto-zasedanie-na-ns-e-atentat-sreshtu-parlamentarizma,Зарков от Русе: Проваленото заседание на НС е атентат срещу парламентаризма,2026-04-01,2 447,35,Всички видяха кои са руските подлоги...,Хохо Бохо,01.04.2026 22:37,5,1,2026-04-11 17:24:43
fakti.bg,https://fakti.bg/topic/izbori/2026/04/01/78928,https://fakti.bg/bulgaria/1045674-zarkov-ot-ruse-provalenoto-zasedanie-na-ns-e-atentat-sreshtu-parlamentarizma,Зарков от Русе: Проваленото заседание на НС е атентат срещу парламентаризма,2026-04-01,2 447,37,Другари Пазете си домашните любимци Стрелят ги с пушка,Четири лапи,01.04.2026 23:54,3,1,2026-04-11 17:24:43
fakti.bg,https://fakti.bg/topic/izbori/2026/04/01/78928,https://fakti.bg/bulgaria/1045674-zarkov-ot-ruse-provalenoto-zasedanie-na-ns-e-atentat-sreshtu-parlamentarizma,Зарков от Русе: Проваленото заседание на НС е атентат срещу парламентаризма,2026-04-01,2 447,38,делата зафиркини. Нетодник,Продължава,02.04.2026 00:05,2,0,2026-04-11 17:24:43
fakti.bg,https://fakti.bg/topic/izbori/2026/04/01/78928,https://fakti.bg/bulgaria/1045674-zarkov-ot-ruse-provalenoto-zasedanie-na-ns-e-atentat-sreshtu-parlamentarizma,Зарков от Русе: Проваленото заседание на НС е атентат срещу парламентаризма,2026-04-01,2 447,39,"има много провалени кворуми по различни причини вкл и групата на бесепето е проваляла кворуми. А кака ти крушовица напускаше парламента като протеста й срещу гербавите де изразяваше в галене на козички. Не ставаш за политик, защото си дървен философ. Много се хвалите ама един протест не можете да организирате. А когато има протести не смеете да излезете при хората.","Палячо,",02.04.2026 00:27,2,0,2026-04-11 17:24:43
fakti.bg,https://fakti.bg/topic/izbori/2026/04/01/78928,https://fakti.bg/bulgaria/1045674-zarkov-ot-ruse-provalenoto-zasedanie-na-ns-e-atentat-sreshtu-parlamentarizma,Зарков от Русе: Проваленото заседание на НС е атентат срещу парламентаризма,2026-04-01,2 447,40,е в кофата за боклука!,бсп,02.04.2026 00:37,4,0,2026-04-11 17:24:43
fakti.bg,https://fakti.bg/topic/izbori/2026/04/01/78928,https://fakti.bg/bulgaria/1045674-zarkov-ot-ruse-provalenoto-zasedanie-na-ns-e-atentat-sreshtu-parlamentarizma,Зарков от Русе: Проваленото заседание на НС е атентат срещу парламентаризма,2026-04-01,2 447,42,е комунис коткоубиец!,зарко,02.04.2026 02:37,3,0,2026-04-11 17:24:43
fakti.bg,https://fakti.bg/topic/izbori/2026/04/01/78928,https://fakti.bg/bulgaria/1045674-zarkov-ot-ruse-provalenoto-zasedanie-na-ns-e-atentat-sreshtu-parlamentarizma,Зарков от Русе: Проваленото заседание на НС е атентат срещу парламентаризма,2026-04-01,2 447,43,"Зарков, който уж беше от новите леви политици. Всичко, родено под червеното знаме, е гнило!",Кой какъв е,02.04.2026 17:31,0,0,2026-04-11 17:24:43
fakti.bg,https://fakti.bg/topic/izbori/2026/04/01/78928,https://fakti.bg/bulgaria/1045493-doc-ivo-indjov-prestrelkite-mejdu-radev-i-pp-db-gorat-mostove-za-koalicia-sled-izborite,Доц. Иво Инджов: Престрелките между Радев и ПП-ДБ горят мостове за коалиция след изборите,2026-04-01,1 605,1,"Вече има алтернатива -Движение на непартийните кандидати.Партията на редовите хора от протеста.С номер 10 народа влиза в парламента. Коментиран от #8 , #10 , #24",Последния Софиянец,01.04.2026 10:44,6,12,2026-04-11 17:24:46
fakti.bg,https://fakti.bg/topic/izbori/2026/04/01/78928,https://fakti.bg/bulgaria/1045493-doc-ivo-indjov-prestrelkite-mejdu-radev-i-pp-db-gorat-mostove-za-koalicia-sled-izborite,Доц. Иво Инджов: Престрелките между Радев и ПП-ДБ горят мостове за коалиция след изборите,2026-04-01,1 605,2,"Политически анализи като този са ми като литературен анализ на порнороман. Коментиран от #13 , #15",провинциалист,01.04.2026 10:46,15,3,2026-04-11 17:24:46
fakti.bg,https://fakti.bg/topic/izbori/2026/04/01/78928,https://fakti.bg/bulgaria/1045493-doc-ivo-indjov-prestrelkite-mejdu-radev-i-pp-db-gorat-mostove-za-koalicia-sled-izborite,Доц. Иво Инджов: Престрелките между Радев и ПП-ДБ горят мостове за коалиция след изборите,2026-04-01,1 605,4,"Не така Иво за тях на 1-во място всичко е пари,няма значение колко и как ще се обиждат. Коментиран от #41",12...34,01.04.2026 10:55,9,1,2026-04-11 17:24:46
fakti.bg,https://fakti.bg/topic/izbori/2026/04/01/78928,https://fakti.bg/bulgaria/1045493-doc-ivo-indjov-prestrelkite-mejdu-radev-i-pp-db-gorat-mostove-za-koalicia-sled-izborite,Доц. Иво Инджов: Престрелките между Радев и ПП-ДБ горят мостове за коалиция след изборите,2026-04-01,1 605,5,"Чака ни евроатлантическа фашистка сглобка Радев герб ппдб. Ако имаме късмет Радев да изкара по-висок процент може само с герб без фашистите от ппдб. Страх тресе ламите, може да не се доредят този път.",оня с питон.я,01.04.2026 10:57,12,7,2026-04-11 17:24:46
fakti.bg,https://fakti.bg/topic/izbori/2026/04/01/78928,https://fakti.bg/bulgaria/1045493-doc-ivo-indjov-prestrelkite-mejdu-radev-i-pp-db-gorat-mostove-za-koalicia-sled-izborite,Доц. Иво Инджов: Престрелките между Радев и ПП-ДБ горят мостове за коалиция след изборите,2026-04-01,1 605,6,"Точно обратното е! И съвсем в традициите на шарлатаните да искат да командват всички и всичко с 10% от гласовете! Няма да стане така, не и този път! Коментиран от #40",Фибата,01.04.2026 10:57,19,6,2026-04-11 17:24:46
fakti.bg,https://fakti.bg/topic/izbori/2026/04/01/78928,https://fakti.bg/bulgaria/1045493-doc-ivo-indjov-prestrelkite-mejdu-radev-i-pp-db-gorat-mostove-za-koalicia-sled-izborite,Доц. Иво Инджов: Престрелките между Радев и ПП-ДБ горят мостове за коалиция след изборите,2026-04-01,1 605,7,"И с ГЕРБ се джавкаха, пък се сглобяваха, ротираха, коалираха и в повечето законопроекти гласуваха заедно. Коментиран от #29",Анонимен,01.04.2026 10:58,13,0,2026-04-11 17:24:46
fakti.bg,https://fakti.bg/topic/izbori/2026/04/01/78928,https://fakti.bg/bulgaria/1045493-doc-ivo-indjov-prestrelkite-mejdu-radev-i-pp-db-gorat-mostove-za-koalicia-sled-izborite,Доц. Иво Инджов: Престрелките между Радев и ПП-ДБ горят мостове за коалиция след изборите,2026-04-01,1 605,8,"До коментар #1 от ""Последния Софиянец"": Алтернативата е зад граница. Не разчитай този път дядо Иван да ви тури в ред. Скоро Сърбия ще ни нападне, а Русия ще ги подкрепи. Докато ние даваме всичко за Украйна, сърбите се въоръжават до зъби. Може да станат Израел на Балканите докато спим. Коментиран от #43",оня с питон.я,01.04.2026 11:00,4,11,2026-04-11 17:24:46
fakti.bg,https://fakti.bg/topic/izbori/2026/04/01/78928,https://fakti.bg/bulgaria/1045493-doc-ivo-indjov-prestrelkite-mejdu-radev-i-pp-db-gorat-mostove-za-koalicia-sled-izborite,Доц. Иво Инджов: Престрелките между Радев и ПП-ДБ горят мостове за коалиция след изборите,2026-04-01,1 605,9,"на радев, ще са в същата ситуация, както бяха гербалъците, когато свалиха правителството на петков, и после станаха първи на изборите. Първи сме, ама ся ко ша прайм..... И наесен с песен, пак на избори. Само, че тоя път, ще са последни, в резултата.",Прогресивните,01.04.2026 11:01,11,4,2026-04-11 17:24:46
fakti.bg,https://fakti.bg/topic/izbori/2026/04/01/78928,https://fakti.bg/bulgaria/1045493-doc-ivo-indjov-prestrelkite-mejdu-radev-i-pp-db-gorat-mostove-za-koalicia-sled-izborite,Доц. Иво Инджов: Престрелките между Радев и ПП-ДБ горят мостове за коалиция след изборите,2026-04-01,1 605,10,"До коментар #1 от ""Последния Софиянец"": Росен Миленов идва като цунами с бюлетина номер 10. Пеевски и Борисов си стягат багажа да бягат в Турция. Коментиран от #46 , #47",Прав си!,01.04.2026 11:04,9,5,2026-04-11 17:24:46
fakti.bg,https://fakti.bg/topic/izbori/2026/04/01/78928,https://fakti.bg/bulgaria/1045493-doc-ivo-indjov-prestrelkite-mejdu-radev-i-pp-db-gorat-mostove-za-koalicia-sled-izborite,Доц. Иво Инджов: Престрелките между Радев и ПП-ДБ горят мостове за коалиция след изборите,2026-04-01,1 605,11,"Евала на Радев. Ясно се разграничи с педофилската секта ППДБ. Никаква коалиция с тези гнусни /не мога и думата ж""хора"" да използвам за тях/ , каквито там са.",РЕАЛИСТ,01.04.2026 11:06,10,8,2026-04-11 17:24:46
fakti.bg,https://fakti.bg/topic/izbori/2026/04/01/78928,https://fakti.bg/bulgaria/1045493-doc-ivo-indjov-prestrelkite-mejdu-radev-i-pp-db-gorat-mostove-za-koalicia-sled-izborite,Доц. Иво Инджов: Престрелките между Радев и ПП-ДБ горят мостове за коалиция след изборите,2026-04-01,1 605,12,"За който никога не е ходил на театър, може и така да е",Баце ЕООД,01.04.2026 11:07,11,0,2026-04-11 17:24:46
fakti.bg,https://fakti.bg/topic/izbori/2026/04/01/78928,https://fakti.bg/bulgaria/1045493-doc-ivo-indjov-prestrelkite-mejdu-radev-i-pp-db-gorat-mostove-za-koalicia-sled-izborite,Доц. Иво Инджов: Престрелките между Радев и ПП-ДБ горят мостове за коалиция след изборите,2026-04-01,1 605,13,"До коментар #2 от ""провинциалист"": Съгласен съм с коментара ти...... Радев и ППДБ са от едно котило, това тоя анализатор има много здраве.....",Европеец,01.04.2026 11:08,5,4,2026-04-11 17:24:46
fakti.bg,https://fakti.bg/topic/izbori/2026/04/01/78928,https://fakti.bg/bulgaria/1045493-doc-ivo-indjov-prestrelkite-mejdu-radev-i-pp-db-gorat-mostove-za-koalicia-sled-izborite,Доц. Иво Инджов: Престрелките между Радев и ПП-ДБ горят мостове за коалиция след изборите,2026-04-01,1 605,14,"Няма да гласуваш за Радев ,а да получаваш ппдебили и герберасти.....",Айде стига с тия коалиции и сглобки,01.04.2026 11:08,6,1,2026-04-11 17:24:46
fakti.bg,https://fakti.bg/topic/izbori/2026/04/01/78928,https://fakti.bg/bulgaria/1045493-doc-ivo-indjov-prestrelkite-mejdu-radev-i-pp-db-gorat-mostove-za-koalicia-sled-izborite,Доц. Иво Инджов: Престрелките между Радев и ПП-ДБ горят мостове за коалиция след изборите,2026-04-01,1 605,15,"До коментар #2 от ""провинциалист"": На вас от ППДБ само порно и гнусотии са ви в главата. Дано народът ви изрита веднъж и завинаги от политическата сцена. Коментиран от #16",РЕАЛИСТ,01.04.2026 11:10,12,3,2026-04-11 17:24:46
fakti.bg,https://fakti.bg/topic/izbori/2026/04/01/78928,https://fakti.bg/bulgaria/1045493-doc-ivo-indjov-prestrelkite-mejdu-radev-i-pp-db-gorat-mostove-za-koalicia-sled-izborite,Доц. Иво Инджов: Престрелките между Радев и ПП-ДБ горят мостове за коалиция след изборите,2026-04-01,1 605,16,"До коментар #15 от ""РЕАЛИСТ"": Първо, уважителната форма ""Вас"" се пише с главна буква, но все пак благодаря; второ - досега в коментарите само към пп-дб не ме бяха причислявали; трето, очевидно е, че моя коментар визира тенденцията на автора да търси в политическия пейзаж сглобки на всяка цена и нищо друго, към което е и сравнението ми. Коментиран от #20",провинциалист,01.04.2026 11:17,3,1,2026-04-11 17:24:46
fakti.bg,https://fakti.bg/topic/izbori/2026/04/01/78928,https://fakti.bg/bulgaria/1045493-doc-ivo-indjov-prestrelkite-mejdu-radev-i-pp-db-gorat-mostove-za-koalicia-sled-izborite,Доц. Иво Инджов: Престрелките между Радев и ПП-ДБ горят мостове за коалиция след изборите,2026-04-01,1 605,17,"Радев печели популярност на гърба на битката, която ППДБ водят, но вместо да им благодари, той ги плюе заедно с тошковци, бойковци и деляновци.",Мнение,01.04.2026 11:18,4,5,2026-04-11 17:24:46
fakti.bg,https://fakti.bg/topic/izbori/2026/04/01/78928,https://fakti.bg/bulgaria/1045493-doc-ivo-indjov-prestrelkite-mejdu-radev-i-pp-db-gorat-mostove-za-koalicia-sled-izborite,Доц. Иво Инджов: Престрелките между Радев и ПП-ДБ горят мостове за коалиция след изборите,2026-04-01,1 605,18,"Така и трябва, никой не бива да се коалира с кауна, защо единствено ще загуби от това.",Дедовия,01.04.2026 11:18,8,3,2026-04-11 17:24:46
fakti.bg,https://fakti.bg/topic/izbori/2026/04/01/78928,https://fakti.bg/bulgaria/1045493-doc-ivo-indjov-prestrelkite-mejdu-radev-i-pp-db-gorat-mostove-za-koalicia-sled-izborite,Доц. Иво Инджов: Престрелките между Радев и ПП-ДБ горят мостове за коалиция след изборите,2026-04-01,1 605,19,"РР=Москва. Каква коалиция с противниците на ЕС и НАТО!?!?!?! Колкото се получи ""сглобката""!!!! ППДБ само отнесоха негативите. Все пак влизането ни в Еврозоната предотврати подготвяния ни сценарий от сриване на Борда и нова 1996г. А това никак не е малко!!!! Коментиран от #31",Инж1,01.04.2026 11:21,3,4,2026-04-11 17:24:46
fakti.bg,https://fakti.bg/topic/izbori/2026/04/01/78928,https://fakti.bg/bulgaria/1045493-doc-ivo-indjov-prestrelkite-mejdu-radev-i-pp-db-gorat-mostove-za-koalicia-sled-izborite,Доц. Иво Инджов: Престрелките между Радев и ПП-ДБ горят мостове за коалиция след изборите,2026-04-01,1 605,20,"До коментар #16 от ""провинциалист"": В провинцията може и да не знаете, но ВАС с голяма буква се пише само в учтива форма. В неучтива се пише с малка буква. Не мога да използвам учтива форма за гнусари от ППДБ. Коментиран от #26 , #27",РЕАЛИСТ,01.04.2026 11:24,6,2,2026-04-11 17:24:46
fakti.bg,https://fakti.bg/topic/izbori/2026/04/01/78928,https://fakti.bg/bulgaria/1045493-doc-ivo-indjov-prestrelkite-mejdu-radev-i-pp-db-gorat-mostove-za-koalicia-sled-izborite,Доц. Иво Инджов: Престрелките между Радев и ПП-ДБ горят мостове за коалиция след изборите,2026-04-01,1 605,21,"ГЛЕДАХ ГО ИНДЖОВ В ЕДНО ПРЕДАВАНЕ И ОСТАНАХ ИЗНЕНАДАНА ,ЧЕ ТОЗИ ЧОВЕК НЕМОЖЕ ДА ВЪРЖЕ ДВЕ ДУМИ, А БИЛ ПРЕПОДАВАТЕЛ ?",Цвете,01.04.2026 11:27,6,0,2026-04-11 17:24:46
fakti.bg,https://fakti.bg/topic/izbori/2026/04/01/78928,https://fakti.bg/bulgaria/1045493-doc-ivo-indjov-prestrelkite-mejdu-radev-i-pp-db-gorat-mostove-za-koalicia-sled-izborite,Доц. Иво Инджов: Престрелките между Радев и ПП-ДБ горят мостове за коалиция след изборите,2026-04-01,1 605,22,Ще им изгоря розовите пеньоари 😏😉😜😈💀🔥🔥🔥,Радев,01.04.2026 11:29,4,0,2026-04-11 17:24:46
fakti.bg,https://fakti.bg/topic/izbori/2026/04/01/78928,https://fakti.bg/bulgaria/1045493-doc-ivo-indjov-prestrelkite-mejdu-radev-i-pp-db-gorat-mostove-za-koalicia-sled-izborite,Доц. Иво Инджов: Престрелките между Радев и ПП-ДБ горят мостове за коалиция след изборите,2026-04-01,1 605,23,"Няма нафта,няма газ,но Урсула е зад нас ! Става въпрос за ПП ДБ.Вътрешното положение ( кочина) го дължим на ГЕРБ и Пеевски,външната политика (поза панцер) пак на тях плюс особеното слагачество на ППейците.Така,че какви ""мостове"".какви 5 лв.",Файърфлай,01.04.2026 11:29,4,1,2026-04-11 17:24:46
fakti.bg,https://fakti.bg/topic/izbori/2026/04/01/78928,https://fakti.bg/bulgaria/1045493-doc-ivo-indjov-prestrelkite-mejdu-radev-i-pp-db-gorat-mostove-za-koalicia-sled-izborite,Доц. Иво Инджов: Престрелките между Радев и ПП-ДБ горят мостове за коалиция след изборите,2026-04-01,1 605,24,"До коментар #1 от ""Последния Софиянец"": Алтернативата е Величие!",Българин,01.04.2026 11:29,2,2,2026-04-11 17:24:46
fakti.bg,https://fakti.bg/topic/izbori/2026/04/01/78928,https://fakti.bg/bulgaria/1045493-doc-ivo-indjov-prestrelkite-mejdu-radev-i-pp-db-gorat-mostove-za-koalicia-sled-izborite,Доц. Иво Инджов: Престрелките между Радев и ПП-ДБ горят мостове за коалиция след изборите,2026-04-01,1 605,25,Винету хареса тази новина.👍,тиририам,01.04.2026 11:30,1,1,2026-04-11 17:24:46
fakti.bg,https://fakti.bg/topic/izbori/2026/04/01/78928,https://fakti.bg/bulgaria/1045493-doc-ivo-indjov-prestrelkite-mejdu-radev-i-pp-db-gorat-mostove-za-koalicia-sled-izborite,Доц. Иво Инджов: Престрелките между Радев и ПП-ДБ горят мостове за коалиция след изборите,2026-04-01,1 605,26,"До коментар #20 от ""РЕАЛИСТ"": Всички сме в провинцията, само дето провициите са няколко - Мизия, Тракия, Сердика... В последната май още не са научили как се спрягат глаголите в 1 л. ед. ч. в българския език.",провинциалист,01.04.2026 11:30,1,0,2026-04-11 17:24:46
fakti.bg,https://fakti.bg/topic/izbori/2026/04/01/78928,https://fakti.bg/bulgaria/1045493-doc-ivo-indjov-prestrelkite-mejdu-radev-i-pp-db-gorat-mostove-za-koalicia-sled-izborite,Доц. Иво Инджов: Престрелките между Радев и ПП-ДБ горят мостове за коалиция след изборите,2026-04-01,1 605,27,"До коментар #20 от ""РЕАЛИСТ"": Щом си реалист значи реално си захранен с Петрохански салам",Джак Спароу,01.04.2026 11:31,2,4,2026-04-11 17:24:46
fakti.bg,https://fakti.bg/topic/izbori/2026/04/01/78928,https://fakti.bg/bulgaria/1045493-doc-ivo-indjov-prestrelkite-mejdu-radev-i-pp-db-gorat-mostove-za-koalicia-sled-izborite,Доц. Иво Инджов: Престрелките между Радев и ПП-ДБ горят мостове за коалиция след изборите,2026-04-01,1 605,28,"Уж Крим беше руски/ предизборно/ Радев- Русия води агресивна война, Крим е неправомерно анексиран Лъжливото овчарче, това е предизборната"" борба"" на Радев Ако искате ,вярвайте му",За пред народа,01.04.2026 11:33,6,2,2026-04-11 17:24:46
fakti.bg,https://fakti.bg/topic/izbori/2026/04/01/78928,https://fakti.bg/bulgaria/1045493-doc-ivo-indjov-prestrelkite-mejdu-radev-i-pp-db-gorat-mostove-za-koalicia-sled-izborite,Доц. Иво Инджов: Престрелките между Радев и ПП-ДБ горят мостове за коалиция след изборите,2026-04-01,1 605,29,"До коментар #7 от ""Анонимен"": Да не се чудят тогава защо рейтингът им спихва! Когато хората избират за кого да гласуват, те се замислят и за възможностите да се състави правителство. Говоря за по-интелигентните, чиито представители те имат претенции да бъдат!",1111,01.04.2026 11:33,3,2,2026-04-11 17:24:46
fakti.bg,https://fakti.bg/topic/izbori/2026/04/01/78928,https://fakti.bg/bulgaria/1045493-doc-ivo-indjov-prestrelkite-mejdu-radev-i-pp-db-gorat-mostove-za-koalicia-sled-izborite,Доц. Иво Инджов: Престрелките между Радев и ПП-ДБ горят мостове за коалиция след изборите,2026-04-01,1 605,30,"Какви мостове може да има Миризливия кремълски чорап и достойните и почтени хора от ППДБ??? Коментиран от #32 , #44",Озадачен,01.04.2026 11:34,4,7,2026-04-11 17:24:46
fakti.bg,https://fakti.bg/topic/izbori/2026/04/01/78928,https://fakti.bg/bulgaria/1045493-doc-ivo-indjov-prestrelkite-mejdu-radev-i-pp-db-gorat-mostove-za-koalicia-sled-izborite,Доц. Иво Инджов: Престрелките между Радев и ПП-ДБ горят мостове за коалиция след изборите,2026-04-01,1 605,31,"До коментар #19 от ""Инж1"": ""РР=Москва."" - нищо общо. Просто сега е модерно ""Русия"" да е обидна дума точно както преди думичката с ""П"" беше обидна дума. Само че сега си имаме партия ""ПП"" и обиждат всички на ""руснак"". И за борда не си прав. Точно с еврозоната падна борда и се започна едно теглене на кредити и се гмурнахме в инфлацията. И да, еврото не е виновно, зоната е.",провинциалист,01.04.2026 11:36,4,2,2026-04-11 17:24:46
fakti.bg,https://fakti.bg/topic/izbori/2026/04/01/78928,https://fakti.bg/bulgaria/1045493-doc-ivo-indjov-prestrelkite-mejdu-radev-i-pp-db-gorat-mostove-za-koalicia-sled-izborite,Доц. Иво Инджов: Престрелките между Радев и ПП-ДБ горят мостове за коалиция след изборите,2026-04-01,1 605,32,"До коментар #30 от ""Озадачен"": Сглобките бяха реализирани без всякаква почтеност!","Да не забравяме, че",01.04.2026 11:36,6,2,2026-04-11 17:24:46
fakti.bg,https://fakti.bg/topic/izbori/2026/04/01/78928,https://fakti.bg/bulgaria/1045493-doc-ivo-indjov-prestrelkite-mejdu-radev-i-pp-db-gorat-mostove-za-koalicia-sled-izborite,Доц. Иво Инджов: Престрелките между Радев и ПП-ДБ горят мостове за коалиция след изборите,2026-04-01,1 605,33,Вън педофилите от властта завинаги!Марш при зелената маймуна!,Любител на тихоокеанските ценности,01.04.2026 11:43,2,3,2026-04-11 17:24:46
fakti.bg,https://fakti.bg/topic/izbori/2026/04/01/78928,https://fakti.bg/bulgaria/1045493-doc-ivo-indjov-prestrelkite-mejdu-radev-i-pp-db-gorat-mostove-za-koalicia-sled-izborite,Доц. Иво Инджов: Престрелките между Радев и ПП-ДБ горят мостове за коалиция след изборите,2026-04-01,1 605,34,"ще е вреден за държавата. ПП - ДБ не са възможен партньор, но това няма значение. Жалко, че българите ще измъкуват и тоя пишман политик Коментиран от #35",Радев,01.04.2026 11:52,3,2,2026-04-11 17:24:46
fakti.bg,https://fakti.bg/topic/izbori/2026/04/01/78928,https://fakti.bg/bulgaria/1045493-doc-ivo-indjov-prestrelkite-mejdu-radev-i-pp-db-gorat-mostove-za-koalicia-sled-izborite,Доц. Иво Инджов: Престрелките между Радев и ПП-ДБ горят мостове за коалиция след изборите,2026-04-01,1 605,35,"До коментар #34 от ""Радев"": Сурогатите, които готвехте да го заместят, СЪЩО НЕ СТАВАТ!",От Туту по-пишман няма!,01.04.2026 11:55,1,0,2026-04-11 17:24:46
fakti.bg,https://fakti.bg/topic/izbori/2026/04/01/78928,https://fakti.bg/bulgaria/1045493-doc-ivo-indjov-prestrelkite-mejdu-radev-i-pp-db-gorat-mostove-za-koalicia-sled-izborite,Доц. Иво Инджов: Престрелките между Радев и ПП-ДБ горят мостове за коалиция след изборите,2026-04-01,1 605,36,"Първосигналните само това бляботяти през ум не им минава, че именно те ще вкарат ""педофилите"" във властта. Казусът ""Хасърджиев"" умишлено не обсъждан от сайта прочетете инфо и се смирете, неумни плювачи","""Вън педофилите от властта""",01.04.2026 11:59,2,0,2026-04-11 17:24:46
fakti.bg,https://fakti.bg/topic/izbori/2026/04/01/78928,https://fakti.bg/bulgaria/1045493-doc-ivo-indjov-prestrelkite-mejdu-radev-i-pp-db-gorat-mostove-za-koalicia-sled-izborite,Доц. Иво Инджов: Престрелките между Радев и ПП-ДБ горят мостове за коалиция след изборите,2026-04-01,1 605,37,предпочитат свински бахур вместо петрохавски салам. Докато простотията се вихри в обществото все ще е още и още свинщина в държавата. Време е за младите българи!,Някои,01.04.2026 12:04,4,0,2026-04-11 17:24:46
fakti.bg,https://fakti.bg/topic/izbori/2026/04/01/78928,https://fakti.bg/bulgaria/1045493-doc-ivo-indjov-prestrelkite-mejdu-radev-i-pp-db-gorat-mostove-za-koalicia-sled-izborite,Доц. Иво Инджов: Престрелките между Радев и ПП-ДБ горят мостове за коалиция след изборите,2026-04-01,1 605,38,"Ако Радев не се коалира със възраждане му е спукана работата! Хората очакват ясен завой към брикс и Русия от натовеца, което е почти невъзможно!",Феникс,01.04.2026 12:13,2,1,2026-04-11 17:24:46
fakti.bg,https://fakti.bg/topic/izbori/2026/04/01/78928,https://fakti.bg/bulgaria/1045493-doc-ivo-indjov-prestrelkite-mejdu-radev-i-pp-db-gorat-mostove-za-koalicia-sled-izborite,Доц. Иво Инджов: Престрелките между Радев и ПП-ДБ горят мостове за коалиция след изборите,2026-04-01,1 605,39,"""Престрелките между Радев и ПП-ДБ горят мостове за коалиция след изборите"". Каква коалиция, какви пет лева? Радев е начело на българска формация, за която националните интереси са на първо място. Какво представлява формацията ""Продължаваме промяната""- ""Демократична България""? Това е филиал на чичко Сорос и в нея няма нищо българско. Тя е вредна за България. Ако сега Радев обяви, че ще направи коалиция с тях след изборите, ще загуби поне половината от избирателите си. ВРЕДНО ЗА РАДЕВ Е ДА ПРАВИ КОАЛИЦИЯ С ТИЯ ГОСПОДА!",Григор,01.04.2026 12:37,2,1,2026-04-11 17:24:46
fakti.bg,https://fakti.bg/topic/izbori/2026/04/01/78928,https://fakti.bg/bulgaria/1045493-doc-ivo-indjov-prestrelkite-mejdu-radev-i-pp-db-gorat-mostove-za-koalicia-sled-izborite,Доц. Иво Инджов: Престрелките между Радев и ПП-ДБ горят мостове за коалиция след изборите,2026-04-01,1 605,40,"До коментар #6 от ""Фибата"": Браво, деди! Страхотен коментар! Изстрел право в десетката!",дядо Петър,01.04.2026 12:39,1,1,2026-04-11 17:24:46
fakti.bg,https://fakti.bg/topic/izbori/2026/04/01/78928,https://fakti.bg/bulgaria/1045493-doc-ivo-indjov-prestrelkite-mejdu-radev-i-pp-db-gorat-mostove-za-koalicia-sled-izborite,Доц. Иво Инджов: Престрелките между Радев и ПП-ДБ горят мостове за коалиция след изборите,2026-04-01,1 605,41,"До коментар #4 от ""12...34"": На ли всички агенции и медии дават на ППДБиПРОГРЕСИВНА. БЪЛГАРИЯ по 120 депутатаоще ли има наивници и глупаци които не вярват на тези изследания",Какво престрелка,01.04.2026 12:46,1,1,2026-04-11 17:24:46
fakti.bg,https://fakti.bg/topic/izbori/2026/04/01/78928,https://fakti.bg/bulgaria/1045493-doc-ivo-indjov-prestrelkite-mejdu-radev-i-pp-db-gorat-mostove-za-koalicia-sled-izborite,Доц. Иво Инджов: Престрелките между Радев и ПП-ДБ горят мостове за коалиция след изборите,2026-04-01,1 605,42,БТЛГАРОПРОДАВЦИ КАТО ПП ДБ БЕЗРОПОТНИ СЛУГИ НА УРСУЛИАНЦИТЕ ВЪРТЯЩИ ДО ПОСЛЕДНО К....КИ НОМЕРА НА ЧОВЕКА КОЙТО ГИ ВКАРА В ПОЛИТИКАТА ПОДКРЕПЯЩИ ФИНАНСОВО СЕКТАНТИ ПЕДОФИЛИ НЕ МОЖЕ ДА ИМА НИКАКВО СПОРАЗУМЕНИЕ,С МАЛИУМНИ,01.04.2026 16:29,1,0,2026-04-11 17:24:46
fakti.bg,https://fakti.bg/topic/izbori/2026/04/01/78928,https://fakti.bg/bulgaria/1045493-doc-ivo-indjov-prestrelkite-mejdu-radev-i-pp-db-gorat-mostove-za-koalicia-sled-izborite,Доц. Иво Инджов: Престрелките между Радев и ПП-ДБ горят мостове за коалиция след изборите,2026-04-01,1 605,43,"До коментар #8 от ""оня с питон.я"": АЙДЕ НОВИТЕ КВ.....СКИ НОМЕРА АМА НЕ ВЪРВИШ ДЕБИЛ",АЙДЕ НОВАТА ДЕБИЛНА ОПОРКА,01.04.2026 16:32,1,0,2026-04-11 17:24:46
fakti.bg,https://fakti.bg/topic/izbori/2026/04/01/78928,https://fakti.bg/bulgaria/1045493-doc-ivo-indjov-prestrelkite-mejdu-radev-i-pp-db-gorat-mostove-za-koalicia-sled-izborite,Доц. Иво Инджов: Престрелките между Радев и ПП-ДБ горят мостове за коалиция след изборите,2026-04-01,1 605,44,"До коментар #30 от ""Озадачен"": С МАЛОУМНИ БТЛГАРОПРОДАВЦИ КАТО ПП ДБ БЕЗРОПОТНИ СЛУГИ НА УРСУЛИАНЦИТЕ ВЪРТЯЩИ ДО ПОСЛЕДНО К....КИ НОМЕРА НА ЧОВЕКА КОЙТО ГИ ВКАРА В ПОЛИТИКАТА ПОДКРЕПЯЩИ ФИНАНСОВО СЕКТАНТИ ПЕДОФИЛИ НЕ МОЖЕ ДА ИМА НИКАКВО СПОРАЗУМЕНИЕ",ПОЧТЕНИ ХОРА,01.04.2026 18:04,0,1,2026-04-11 17:24:46
fakti.bg,https://fakti.bg/topic/izbori/2026/04/01/78928,https://fakti.bg/bulgaria/1045493-doc-ivo-indjov-prestrelkite-mejdu-radev-i-pp-db-gorat-mostove-za-koalicia-sled-izborite,Доц. Иво Инджов: Престрелките между Радев и ПП-ДБ горят мостове за коалиция след изборите,2026-04-01,1 605,45,"Не може да има коалиция между Шарлатанина /шута на Путин/ и другите /ПП/, които нарече шарлатани. Никога!",Зло под слънцето,01.04.2026 18:12,0,1,2026-04-11 17:24:46
fakti.bg,https://fakti.bg/topic/izbori/2026/04/01/78928,https://fakti.bg/bulgaria/1045493-doc-ivo-indjov-prestrelkite-mejdu-radev-i-pp-db-gorat-mostove-za-koalicia-sled-izborite,Доц. Иво Инджов: Престрелките между Радев и ПП-ДБ горят мостове за коалиция след изборите,2026-04-01,1 605,46,"До коментар #10 от ""Прав си!"": Деси стяга редоветеиНещо не върви както показваха социолозите и медии те / ще трябва да връщат пари на олигарсите които са спонсори",ХаХа Ха,01.04.2026 19:32,0,0,2026-04-11 17:24:46
fakti.bg,https://fakti.bg/topic/izbori/2026/04/01/78928,https://fakti.bg/bulgaria/1045493-doc-ivo-indjov-prestrelkite-mejdu-radev-i-pp-db-gorat-mostove-za-koalicia-sled-izborite,Доц. Иво Инджов: Престрелките между Радев и ПП-ДБ горят мостове за коалиция след изборите,2026-04-01,1 605,47,"До коментар #10 от ""Прав си!"": Радев чрез БОТАШ ДРУГ НЕ МОЖЕ ДА ХОДИ ТАМ С. 500 000 хил на месец щепу е добре",Там си е платил,01.04.2026 19:36,0,0,2026-04-11 17:24:46
fakti.bg,https://fakti.bg/topic/izbori/2026/04/01/78928,https://fakti.bg/bulgaria/1045493-doc-ivo-indjov-prestrelkite-mejdu-radev-i-pp-db-gorat-mostove-za-koalicia-sled-izborite,Доц. Иво Инджов: Престрелките между Радев и ПП-ДБ горят мостове за коалиция след изборите,2026-04-01,1 605,48,"ПП-ДБ отдавна са изгорили всички мостове, включително и с избирателите си!",Стефан,02.04.2026 11:53,1,0,2026-04-11 17:24:46
fakti.bg,https://fakti.bg/topic/izbori/2026/04/01/78928,https://fakti.bg/bulgaria/1045318-georgi-kurtev-nai-poshloto-v-predizbornata-kampania-teparva-predstoi,Георги Куртев: Най-пошлото в предизборната кампания тепърва предстои,2026-03-31,1 191,1,Сигурно някоя снимка от кухнята на петроханската дружина ще изкочи. Коментиран от #11,честен ционист,31.03.2026 15:20,4,3,2026-04-11 17:24:48
fakti.bg,https://fakti.bg/topic/izbori/2026/04/01/78928,https://fakti.bg/bulgaria/1045318-georgi-kurtev-nai-poshloto-v-predizbornata-kampania-teparva-predstoi,Георги Куртев: Най-пошлото в предизборната кампания тепърва предстои,2026-03-31,1 191,2,искат да стават депутатчета!,"Разни адвокатчета, тарикатчета",31.03.2026 15:20,6,0,2026-04-11 17:24:48
fakti.bg,https://fakti.bg/topic/izbori/2026/04/01/78928,https://fakti.bg/bulgaria/1045318-georgi-kurtev-nai-poshloto-v-predizbornata-kampania-teparva-predstoi,Георги Куртев: Най-пошлото в предизборната кампания тепърва предстои,2026-03-31,1 191,3,Дреме ми на дантеленитепрашки! Коментиран от #8,надарена кака,31.03.2026 15:21,1,0,2026-04-11 17:24:48
fakti.bg,https://fakti.bg/topic/izbori/2026/04/01/78928,https://fakti.bg/bulgaria/1045318-georgi-kurtev-nai-poshloto-v-predizbornata-kampania-teparva-predstoi,Георги Куртев: Най-пошлото в предизборната кампания тепърва предстои,2026-03-31,1 191,4,ЗА ВЪЗРАЖДАНЕ!,ВРЕМЕ Е,31.03.2026 15:21,3,3,2026-04-11 17:24:48
fakti.bg,https://fakti.bg/topic/izbori/2026/04/01/78928,https://fakti.bg/bulgaria/1045318-georgi-kurtev-nai-poshloto-v-predizbornata-kampania-teparva-predstoi,Георги Куртев: Най-пошлото в предизборната кампания тепърва предстои,2026-03-31,1 191,5,Има още много съдрани галоши!,Проруски електорат,31.03.2026 15:22,1,1,2026-04-11 17:24:48
fakti.bg,https://fakti.bg/topic/izbori/2026/04/01/78928,https://fakti.bg/bulgaria/1045318-georgi-kurtev-nai-poshloto-v-predizbornata-kampania-teparva-predstoi,Георги Куртев: Най-пошлото в предизборната кампания тепърва предстои,2026-03-31,1 191,6,"По лошо от това може да е единствено да се казваш Куртев, а да немаш мощно такова!",Хм.....,31.03.2026 15:22,0,3,2026-04-11 17:24:48
fakti.bg,https://fakti.bg/topic/izbori/2026/04/01/78928,https://fakti.bg/bulgaria/1045318-georgi-kurtev-nai-poshloto-v-predizbornata-kampania-teparva-predstoi,Георги Куртев: Най-пошлото в предизборната кампания тепърва предстои,2026-03-31,1 191,7,"За израждане,а не ЗА ВЪЗРАЖДАНЕ!",лют пипер,31.03.2026 15:24,1,1,2026-04-11 17:24:48
fakti.bg,https://fakti.bg/topic/izbori/2026/04/01/78928,https://fakti.bg/bulgaria/1045318-georgi-kurtev-nai-poshloto-v-predizbornata-kampania-teparva-predstoi,Георги Куртев: Най-пошлото в предизборната кампания тепърва предстои,2026-03-31,1 191,8,"До коментар #3 от ""надарена кака"": Аз като те запозная с Куртев, за пръв път в живота си ще видиш, как прашките ти сами се хващат за главата!",Надарен батко,31.03.2026 15:27,0,0,2026-04-11 17:24:48
fakti.bg,https://fakti.bg/topic/izbori/2026/04/01/78928,https://fakti.bg/bulgaria/1045318-georgi-kurtev-nai-poshloto-v-predizbornata-kampania-teparva-predstoi,Георги Куртев: Най-пошлото в предизборната кампания тепърва предстои,2026-03-31,1 191,10,"8-мия,Казах ти да не се обаждаш и да не закачаш мадамата! Млъквай вече!",Стас,31.03.2026 15:31,0,0,2026-04-11 17:24:48
fakti.bg,https://fakti.bg/topic/izbori/2026/04/01/78928,https://fakti.bg/bulgaria/1045318-georgi-kurtev-nai-poshloto-v-predizbornata-kampania-teparva-predstoi,Георги Куртев: Най-пошлото в предизборната кампания тепърва предстои,2026-03-31,1 191,11,"До коментар #1 от ""честен ционист"": ПП-ДБ имат много алтернативи. А вие не можете да скроите шапка на всеки.😎 Хората бързо ще се преориентират, защото са решени да гласуват. А най-хубавото е, че няма да гласуват за двамата дебели!",Това няма да ви помогне!,31.03.2026 15:53,5,0,2026-04-11 17:24:48
fakti.bg,https://fakti.bg/topic/izbori/2026/04/01/78928,https://fakti.bg/bulgaria/1045318-georgi-kurtev-nai-poshloto-v-predizbornata-kampania-teparva-predstoi,Георги Куртев: Най-пошлото в предизборната кампания тепърва предстои,2026-03-31,1 191,12,"Чухме го и Слави как не спал цяла нощ, а той само ходеше подире ми да краде идеи, докато си изтърках подметките от чекнене по дансинга. Хаха.",Айше,31.03.2026 18:47,0,0,2026-04-11 17:24:48
