source_site,category_url,article_url,article_title,article_published_at,article_views,comment_index,comment,author,comment_date,likes,dislikes,scraped_at
mediapool.bg,https://www.mediapool.bg/izbori-2026-cat130.html,https://www.mediapool.bg/dps-predlaga-da-padne-ogranichenieto-za-sektsiite-v-chuzhbina-news382941.html,ДПС предлага да падне ограничението за секциите в чужбина,2026-04-30 16:21:22,,8,"Това предложение означава още повече пари за изборите. Ние, обикновените избиратели предлагаме, да се увеличи срока за депутатите в НС, за президента и за правителството, за да се намалят броя избори, в които участваме. Вместо това предлагаме, служебните правителства да бъдат притеснени да харчат само 1/4 от бюджета на държавата, защото по закон управляват само 3 месеца. Това не е икономия, а икономика.",Е анита хегерланд,3.05.2026 (нд) 13:51:46,0,0,2026-06-11 23:32:40
mediapool.bg,https://www.mediapool.bg/izbori-2026-cat130.html,https://www.mediapool.bg/dps-predlaga-da-padne-ogranichenieto-za-sektsiite-v-chuzhbina-news382941.html,ДПС предлага да падне ограничението за секциите в чужбина,2026-04-30 16:21:22,,7,Свинята желае и финансиране оттам. Казвам само. ^^,Любо от Далеч,30.04.2026 (чт) 20:57:04,3,1,2026-06-11 23:32:40
mediapool.bg,https://www.mediapool.bg/izbori-2026-cat130.html,https://www.mediapool.bg/dps-predlaga-da-padne-ogranichenieto-za-sektsiite-v-chuzhbina-news382941.html,ДПС предлага да падне ограничението за секциите в чужбина,2026-04-30 16:21:22,,6,"Това са турци без грам българско, какво не ти е ясно ? Тия които са изселниците в Турция веят турски знамена, за тях Турция е тяхната родина ,и много от тях дори имат териториални претенции към България. Смениха им имената защото Турция твърдеше ,че в България живеят два милиона турци ,и се готвеше да ни нападне както направи с Гърците. Ние тука си извъртаме историята и пишем глупости ,че били прокудени ,а те правят филми ,че били сключили договор да се изселят ,предпочитам да вярвам на турската историография ,а не на нашите еничарски бастуни които поради някакъв криворазбран антикомунизъм фалшифицират миналото ни.",кр,30.04.2026 (чт) 20:38:03,2,4,2026-06-11 23:32:40
mediapool.bg,https://www.mediapool.bg/izbori-2026-cat130.html,https://www.mediapool.bg/dps-predlaga-da-padne-ogranichenieto-za-sektsiite-v-chuzhbina-news382941.html,ДПС предлага да падне ограничението за секциите в чужбина,2026-04-30 16:21:22,,5,"Шопaрът пеевски както обикновено лицемерничи. Ограничението беше въведено по две причини- да не би в Турция да гласуват за Доган и заради крайно ниската популярност на гербаджиите в чужбина. Естествено на думи голямото Д е бил против за пред електората, но на практика зависимите от него прокараха това безобразие.",sloth,30.04.2026 (чт) 20:26:37,3,2,2026-06-11 23:32:40
mediapool.bg,https://www.mediapool.bg/izbori-2026-cat130.html,https://www.mediapool.bg/dps-predlaga-da-padne-ogranichenieto-za-sektsiite-v-chuzhbina-news382941.html,ДПС предлага да падне ограничението за секциите в чужбина,2026-04-30 16:21:22,,4,"... освен да въведеш графа ""Национално самосъзнание"" в личните документи...",sloth,30.04.2026 (чт) 20:22:30,2,1,2026-06-11 23:32:40
mediapool.bg,https://www.mediapool.bg/izbori-2026-cat130.html,https://www.mediapool.bg/dps-predlaga-da-padne-ogranichenieto-za-sektsiite-v-chuzhbina-news382941.html,ДПС предлага да падне ограничението за секциите в чужбина,2026-04-30 16:21:22,,3,"Нищо няма да кяри тоя. дпс е със затихващи функции, ръководена все от ченгета. Каква специална мотивация може да има един мюсюлманин да храни ченгета, дето поддържаха местни паши?",dabedabe,30.04.2026 (чт) 19:09:46,2,3,2026-06-11 23:32:40
mediapool.bg,https://www.mediapool.bg/izbori-2026-cat130.html,https://www.mediapool.bg/dps-predlaga-da-padne-ogranichenieto-za-sektsiite-v-chuzhbina-news382941.html,ДПС предлага да падне ограничението за секциите в чужбина,2026-04-30 16:21:22,,2,"Това лицемерие на пеевски и борисов не е даже и за коментар. Да видим дали ПБ ще отвори кодекса преди изборите, за да се въведе 100% машинното гласуване, за да се спре с тези хартиени манипулации на свинете и техните слуги!",Libe,30.04.2026 (чт) 17:36:39,7,1,2026-06-11 23:32:40
mediapool.bg,https://www.mediapool.bg/izbori-2026-cat130.html,https://www.mediapool.bg/dps-predlaga-da-padne-ogranichenieto-za-sektsiite-v-chuzhbina-news382941.html,ДПС предлага да падне ограничението за секциите в чужбина,2026-04-30 16:21:22,,1,"Естествено ,че ще предлага ,фесовете вече залагат на него :/ Ако не бяха ограничени секциите щеше да получи повече гласове :/ На български избори трябва да имат право на глас само хора с българско национално самосъзнание, на изселниците в Турция не им е родина България и не го крият ,те са нещо като пета колона на Турция :/",кр,30.04.2026 (чт) 17:27:57,3,5,2026-06-11 23:32:40
mediapool.bg,https://www.mediapool.bg/izbori-2026-cat130.html,https://www.mediapool.bg/mihaela-dotsova-ot-progresivna-bulgaria-stana-predsedatel-na-ns-s-podkrepata-na-gerb-i-dps-news382914.html,"Михаела Доцова от ""Прогресивна България"" стана председател на НС с подкрепата на ГЕРБ и ДПС",2026-04-30 11:31:06,,30,""" Полека изчезна, зад облака бял...."" / от шлагер на Йосиф Цанков/. Че е, ""брилянтен"", както сме го запомнили, няма две думи. Затова, въпросът ви е, и общонационален ! Боже, Пази България !",Александър Борисов,4.05.2026 (пн) 3:56:51,0,0,2026-06-11 23:32:51
mediapool.bg,https://www.mediapool.bg/izbori-2026-cat130.html,https://www.mediapool.bg/mihaela-dotsova-ot-progresivna-bulgaria-stana-predsedatel-na-ns-s-podkrepata-na-gerb-i-dps-news382914.html,"Михаела Доцова от ""Прогресивна България"" стана председател на НС с подкрепата на ГЕРБ и ДПС",2026-04-30 11:31:06,,29,"Спокоен съм, че е ""бивш кадър на БСП"". Иначе, щеше да бъде невероятно!",Александър Борисов,4.05.2026 (пн) 3:49:01,0,0,2026-06-11 23:32:51
mediapool.bg,https://www.mediapool.bg/izbori-2026-cat130.html,https://www.mediapool.bg/mihaela-dotsova-ot-progresivna-bulgaria-stana-predsedatel-na-ns-s-podkrepata-na-gerb-i-dps-news382914.html,"Михаела Доцова от ""Прогресивна България"" стана председател на НС с подкрепата на ГЕРБ и ДПС",2026-04-30 11:31:06,,28,"Задава се нов политически сезон с висока влажност – от сълзите на тези, които до вчера се упражняваха в прякори, а днес трябва да свикват с дългото присъствие на ""Зеления чорап"". Ще трябва да проявите малко християнско смирение. Все пак търпението е добродетел, особено когато нямаш друг избор.",Ravel,3.05.2026 (нд) 8:34:33,2,0,2026-06-11 23:32:51
mediapool.bg,https://www.mediapool.bg/izbori-2026-cat130.html,https://www.mediapool.bg/mihaela-dotsova-ot-progresivna-bulgaria-stana-predsedatel-na-ns-s-podkrepata-na-gerb-i-dps-news382914.html,"Михаела Доцова от ""Прогресивна България"" стана председател на НС с подкрепата на ГЕРБ и ДПС",2026-04-30 11:31:06,,27,"Да, виждам набитите канчета на разтурената секта на шарлатаните и ДеБилите! ;)",Мазен Кумунис,1.05.2026 (пт) 5:11:34,0,5,2026-06-11 23:32:51
mediapool.bg,https://www.mediapool.bg/izbori-2026-cat130.html,https://www.mediapool.bg/mihaela-dotsova-ot-progresivna-bulgaria-stana-predsedatel-na-ns-s-podkrepata-na-gerb-i-dps-news382914.html,"Михаела Доцова от ""Прогресивна България"" стана председател на НС с подкрепата на ГЕРБ и ДПС",2026-04-30 11:31:06,,26,"Загледах и не знам защо се сетих за Ива Митева. Дано на подсъзнателно ниво, тази асоциация не е била адекватна. Така ли ми се стори или наистина Демерджиев седеше до субект ""10"" и водеха непринуден, казуален разговор. Друго, което прави впечатление, е че на първи ред-център седят много генерали...",Rolo Tomassi,30.04.2026 (чт) 23:27:02,4,0,2026-06-11 23:32:51
mediapool.bg,https://www.mediapool.bg/izbori-2026-cat130.html,https://www.mediapool.bg/mihaela-dotsova-ot-progresivna-bulgaria-stana-predsedatel-na-ns-s-podkrepata-na-gerb-i-dps-news382914.html,"Михаела Доцова от ""Прогресивна България"" стана председател на НС с подкрепата на ГЕРБ и ДПС",2026-04-30 11:31:06,,25,"Наистина, какво стана с Гълъб Донев? Говореше се, че той ще бъде председател на НС. А сега за какъв го спрятат?",Един препатил,30.04.2026 (чт) 20:16:09,5,0,2026-06-11 23:32:51
mediapool.bg,https://www.mediapool.bg/izbori-2026-cat130.html,https://www.mediapool.bg/mihaela-dotsova-ot-progresivna-bulgaria-stana-predsedatel-na-ns-s-podkrepata-na-gerb-i-dps-news382914.html,"Михаела Доцова от ""Прогресивна България"" стана председател на НС с подкрепата на ГЕРБ и ДПС",2026-04-30 11:31:06,,24,Ха-ха!Много бързо отеца ти от Славяновската деревня се прегърна с братя си Бойко и Делян..,Кая,30.04.2026 (чт) 17:17:19,10,2,2026-06-11 23:32:51
mediapool.bg,https://www.mediapool.bg/izbori-2026-cat130.html,https://www.mediapool.bg/mihaela-dotsova-ot-progresivna-bulgaria-stana-predsedatel-na-ns-s-podkrepata-na-gerb-i-dps-news382914.html,"Михаела Доцова от ""Прогресивна България"" стана председател на НС с подкрепата на ГЕРБ и ДПС",2026-04-30 11:31:06,,23,"Зеления чорап нанесе непреодолими щети на президентската институция в България с това, че се отказа от основната ѝ роля и я използва за това да гради политическа кариера, която е в ущърб на националните интереси. Доста дълго разиграваха театри с Борисов и Певски, какви големи врагове са, но дойде часа на истината. Радев има мнозинство в парламента и Ганьо може само да ""духа супата"".",Кая,30.04.2026 (чт) 17:14:26,11,1,2026-06-11 23:32:51
mediapool.bg,https://www.mediapool.bg/izbori-2026-cat130.html,https://www.mediapool.bg/mihaela-dotsova-ot-progresivna-bulgaria-stana-predsedatel-na-ns-s-podkrepata-na-gerb-i-dps-news382914.html,"Михаела Доцова от ""Прогресивна България"" стана председател на НС с подкрепата на ГЕРБ и ДПС",2026-04-30 11:31:06,,22,"Е че Ивайло Мирчев какъв е?! Христо Бойкикев?! Ами гуруто Прокопиев?! Ами апологетите Дайнов , Инджев Дремджиев, Илиян Василев?! Все отрочета на комунистическата партия или доносници на ДС.",Sion,30.04.2026 (чт) 16:40:04,2,8,2026-06-11 23:32:51
mediapool.bg,https://www.mediapool.bg/izbori-2026-cat130.html,https://www.mediapool.bg/mihaela-dotsova-ot-progresivna-bulgaria-stana-predsedatel-na-ns-s-podkrepata-na-gerb-i-dps-news382914.html,"Михаела Доцова от ""Прогресивна България"" стана председател на НС с подкрепата на ГЕРБ и ДПС",2026-04-30 11:31:06,,21,"Българското общество е унищожено, в това общество няма авторитети. Новият председател на НС е млад и високо образован човек, ако също е и способен да изпълнява съвестно функциите на шеф на НС, значи си е на мястото.",F16,30.04.2026 (чт) 15:44:14,1,11,2026-06-11 23:32:51
mediapool.bg,https://www.mediapool.bg/izbori-2026-cat130.html,https://www.mediapool.bg/seriozna-politicheska-greshka-pp-i-db-se-raztsepiha-v-dve-grupi-v-noviya-parlament-obnovena-news382894.html,"""Сериозна политическа грешка"". ПП и ДБ се разцепиха в две групи в новия парламент (обновена)",2026-04-29 19:38:02,,137,Трогателни примитиви.,Ravel,3.05.2026 (нд) 8:53:44,0,0,2026-06-11 23:33:02
mediapool.bg,https://www.mediapool.bg/izbori-2026-cat130.html,https://www.mediapool.bg/seriozna-politicheska-greshka-pp-i-db-se-raztsepiha-v-dve-grupi-v-noviya-parlament-obnovena-news382894.html,"""Сериозна политическа грешка"". ПП и ДБ се разцепиха в две групи в новия парламент (обновена)",2026-04-29 19:38:02,,136,"Най уродливата и престъпна коалиция в новата история на България се стана от едноглав змей на двуглав. Тяхното единение е само на основата руската омраза. Там най-активен беше MaнаF Пейков, който между другото пееше страхотни руски песни, но него вече го няма и сега ПП и ДБ не могат да се разберат кой ще бъде родител 1 и кой ще бъде родител 2...",ivaylo123123,1.05.2026 (пт) 12:56:11,3,0,2026-06-11 23:33:02
mediapool.bg,https://www.mediapool.bg/izbori-2026-cat130.html,https://www.mediapool.bg/seriozna-politicheska-greshka-pp-i-db-se-raztsepiha-v-dve-grupi-v-noviya-parlament-obnovena-news382894.html,"""Сериозна политическа грешка"". ПП и ДБ се разцепиха в две групи в новия парламент (обновена)",2026-04-29 19:38:02,,135,За твое съжаление /защото не го разбираш/ ти си нещастник.,Prascho,1.05.2026 (пт) 1:07:48,0,2,2026-06-11 23:33:02
mediapool.bg,https://www.mediapool.bg/izbori-2026-cat130.html,https://www.mediapool.bg/seriozna-politicheska-greshka-pp-i-db-se-raztsepiha-v-dve-grupi-v-noviya-parlament-obnovena-news382894.html,"""Сериозна политическа грешка"". ПП и ДБ се разцепиха в две групи в новия парламент (обновена)",2026-04-29 19:38:02,,134,"Точно така - пълно изиграване на избирателите на ПП-ДБ - защо Асен василев не взе това решение преди да гласуваме. Или това е същата тактика - траене, нищо да не се знае - за да излъжем хората и сега да се присъединят към Радев. Много лошо, много подло - дано сега истински десните да се обединят. И още един въпрос към василев - затова ли напуснаха К.Петков, Лена Бориславова - защото не искат да се лепнат към ПБ?",Prascho,1.05.2026 (пт) 1:02:31,2,2,2026-06-11 23:33:02
mediapool.bg,https://www.mediapool.bg/izbori-2026-cat130.html,https://www.mediapool.bg/seriozna-politicheska-greshka-pp-i-db-se-raztsepiha-v-dve-grupi-v-noviya-parlament-obnovena-news382894.html,"""Сериозна политическа грешка"". ПП и ДБ се разцепиха в две групи в новия парламент (обновена)",2026-04-29 19:38:02,,133,"Ние видехме, кък бей0сипе0пето са сгромолеса пред наште смаяньи ОКИ... Не сакам да съм кофти прорѝок, ама и ДЯСНОТО по Нашенско /не от вчера!/ е наблъскано ОТ агентурни лимонки?! Виждаме днеска, кък едните /нормални есатлантски граждани/ сочат къмто ген. ""ЖАБА"" као предатель, а другите ненавижьдат Асенько /""меката китка""/... Мисла, и ВИ казвам: Щом са разделиха, НИЕ - не сме! Нека да ги видиме парларементарно, де та са вика. СЕТНЕ - ний ше се провикнеме отново. ПЛОЩАДИТЕ, па и булевардните им притоци, …Прочети целия коментар па и градските и селските мегдани, все йоще не са ни забранени за ПРОТЕСТНИ вълнувания, доколкото имам представа от НПК-то... Ако Рундьо Решетката не ни ги спре за уПУТтреба, нале. Хо-хо. Айде, леката!",Ощавен маркиз,30.04.2026 (чт) 21:45:41,1,2,2026-06-11 23:33:02
mediapool.bg,https://www.mediapool.bg/izbori-2026-cat130.html,https://www.mediapool.bg/seriozna-politicheska-greshka-pp-i-db-se-raztsepiha-v-dve-grupi-v-noviya-parlament-obnovena-news382894.html,"""Сериозна политическа грешка"". ПП и ДБ се разцепиха в две групи в новия парламент (обновена)",2026-04-29 19:38:02,,132,Хасенчо ше ги докара до извън парламента на следващите избори. С неговите ... пепедебейски номера.,Кибик 007,30.04.2026 (чт) 20:46:30,2,3,2026-06-11 23:33:02
mediapool.bg,https://www.mediapool.bg/izbori-2026-cat130.html,https://www.mediapool.bg/seriozna-politicheska-greshka-pp-i-db-se-raztsepiha-v-dve-grupi-v-noviya-parlament-obnovena-news382894.html,"""Сериозна политическа грешка"". ПП и ДБ се разцепиха в две групи в новия парламент (обновена)",2026-04-29 19:38:02,,131,"Защо, сега имаме избор : умни или красиви.",DG,30.04.2026 (чт) 18:00:38,1,5,2026-06-11 23:33:02
mediapool.bg,https://www.mediapool.bg/izbori-2026-cat130.html,https://www.mediapool.bg/seriozna-politicheska-greshka-pp-i-db-se-raztsepiha-v-dve-grupi-v-noviya-parlament-obnovena-news382894.html,"""Сериозна политическа грешка"". ПП и ДБ се разцепиха в две групи в новия парламент (обновена)",2026-04-29 19:38:02,,130,да си го кажем така: при това мнозинство на льотчика . . . малко ще е значението на това дали опозицията формално е в една или в 2 групи. (руско-cвuнckuте мyтpu от гЭрб-дпсЭ-въZр. не ги броя към опозицията - те са си там за още престъпления с/у България - тва не е опозиция. . .),Bлaдo,30.04.2026 (чт) 13:05:20,13,3,2026-06-11 23:33:02
mediapool.bg,https://www.mediapool.bg/izbori-2026-cat130.html,https://www.mediapool.bg/seriozna-politicheska-greshka-pp-i-db-se-raztsepiha-v-dve-grupi-v-noviya-parlament-obnovena-news382894.html,"""Сериозна политическа грешка"". ПП и ДБ се разцепиха в две групи в новия парламент (обновена)",2026-04-29 19:38:02,,129,"Започвам да имам съмнения, че това разделение се дължи на отношението към бъдещото управление на другаря Гадев.",anton nikolov,30.04.2026 (чт) 12:44:15,5,8,2026-06-11 23:33:02
mediapool.bg,https://www.mediapool.bg/izbori-2026-cat130.html,https://www.mediapool.bg/seriozna-politicheska-greshka-pp-i-db-se-raztsepiha-v-dve-grupi-v-noviya-parlament-obnovena-news382894.html,"""Сериозна политическа грешка"". ПП и ДБ се разцепиха в две групи в новия парламент (обновена)",2026-04-29 19:38:02,,128,"Фалстарт , за който вината се носи изцяло от ПП. Хората ,които дадоха гласа си за ПП -ДБ гласуваха за единна формация в парламента, а не за две отделни. Това е чиста подигравка с избирателите и ще има последици.",anton nikolov,30.04.2026 (чт) 12:42:02,4,10,2026-06-11 23:33:02
mediapool.bg,https://www.mediapool.bg/izbori-2026-cat130.html,https://www.mediapool.bg/posledni-chasove-predi-finalnoto-reshenie-shte-se-raztsepi-li-pp-db-news382852.html,Последни часове преди финалното решение: Ще се разцепи ли ПП-ДБ,2026-04-28 18:31:07,,66,"Благодаря на пепейците и дебейците ,че ми четете коментарите . Четете ги и вие ще поумнеете.",Ravel,29.04.2026 (ср) 20:09:12,0,2,2026-06-11 23:33:13
mediapool.bg,https://www.mediapool.bg/izbori-2026-cat130.html,https://www.mediapool.bg/posledni-chasove-predi-finalnoto-reshenie-shte-se-raztsepi-li-pp-db-news382852.html,Последни часове преди финалното решение: Ще се разцепи ли ПП-ДБ,2026-04-28 18:31:07,,65,"Какъвто народът, такива и коментарите му",Prascho,29.04.2026 (ср) 17:12:30,1,0,2026-06-11 23:33:13
mediapool.bg,https://www.mediapool.bg/izbori-2026-cat130.html,https://www.mediapool.bg/posledni-chasove-predi-finalnoto-reshenie-shte-se-raztsepi-li-pp-db-news382852.html,Последни часове преди финалното решение: Ще се разцепи ли ПП-ДБ,2026-04-28 18:31:07,,64,Воя на свинските трошляци и рева на кремълските под-логи е музика за ушите ми.,Кая,29.04.2026 (ср) 14:49:42,6,0,2026-06-11 23:33:13
mediapool.bg,https://www.mediapool.bg/izbori-2026-cat130.html,https://www.mediapool.bg/posledni-chasove-predi-finalnoto-reshenie-shte-se-raztsepi-li-pp-db-news382852.html,Последни часове преди финалното решение: Ще се разцепи ли ПП-ДБ,2026-04-28 18:31:07,,63,"Ама те, преференциите, затова съществуват. Да може избирателят да "" коригира"" според волята си партийната листа. Хубаво е, че се използват преференциите.:)",valentinа паumova,29.04.2026 (ср) 13:43:54,5,0,2026-06-11 23:33:13
mediapool.bg,https://www.mediapool.bg/izbori-2026-cat130.html,https://www.mediapool.bg/posledni-chasove-predi-finalnoto-reshenie-shte-se-raztsepi-li-pp-db-news382852.html,Последни часове преди финалното решение: Ще се разцепи ли ПП-ДБ,2026-04-28 18:31:07,,62,"Това ще е най-голямата глупост, ако го направят. Имаше идея за предварителен (вътрешен) вот за определяне на листите - нищо! На някои не им стана ясно, че ""парашутистите"" на челните места в листите са нежелани от избирателите и затова се гласува преференциално! Избирателят иска някой, който да представлява неговите проблеми, неговото населено място, който познава и при това е желателно лично, а не само от телевизора!",ImBlack,29.04.2026 (ср) 11:48:35,4,0,2026-06-11 23:33:13
mediapool.bg,https://www.mediapool.bg/izbori-2026-cat130.html,https://www.mediapool.bg/posledni-chasove-predi-finalnoto-reshenie-shte-se-raztsepi-li-pp-db-news382852.html,Последни часове преди финалното решение: Ще се разцепи ли ПП-ДБ,2026-04-28 18:31:07,,61,"Защо да нямат аргументи, Боряна? Имат. Ние с Вас сме най-силният аргумент. :) Не желаем да ги виждаме разпокъсани. Не желаем да са излъгали вота ни на парламентарните избори, когато сме гласували за единна формация. (Аз например съм гласувала за листа в София с водач Николай Денков, а съм от ДСБ.) Фактически с вота си ние сме легитимирали коалиционната формула. Ако това не разбират политиците от ПП и в частност Асен Василев, чиито интелектуални и волеви качества заслужават уважение, значи не стават за политици. :)",valentinа паumova,29.04.2026 (ср) 10:48:09,5,0,2026-06-11 23:33:13
mediapool.bg,https://www.mediapool.bg/izbori-2026-cat130.html,https://www.mediapool.bg/posledni-chasove-predi-finalnoto-reshenie-shte-se-raztsepi-li-pp-db-news382852.html,Последни часове преди финалното решение: Ще се разцепи ли ПП-ДБ,2026-04-28 18:31:07,,60,"Закривай тази шарлатанска секта! ,)",Мазен Кумунис,29.04.2026 (ср) 9:33:31,0,5,2026-06-11 23:33:13
mediapool.bg,https://www.mediapool.bg/izbori-2026-cat130.html,https://www.mediapool.bg/posledni-chasove-predi-finalnoto-reshenie-shte-se-raztsepi-li-pp-db-news382852.html,Последни часове преди финалното решение: Ще се разцепи ли ПП-ДБ,2026-04-28 18:31:07,,59,"Не е честно да е се решава на парламентарна група. Да България има повече представители. Правилният подход е лидерска среща. Но се опасявам че Мирчев и Божанов нямат достатъчно аргументи, а както знаем Василев всяка негова дума е пирон в стената. Все пак най- добре да останат еднни в НС, по начинт по който сме гласували за тях, иначе не виждам добри последици.",boriana,29.04.2026 (ср) 9:04:41,4,1,2026-06-11 23:33:13
mediapool.bg,https://www.mediapool.bg/izbori-2026-cat130.html,https://www.mediapool.bg/posledni-chasove-predi-finalnoto-reshenie-shte-se-raztsepi-li-pp-db-news382852.html,Последни часове преди финалното решение: Ще се разцепи ли ПП-ДБ,2026-04-28 18:31:07,,58,Хайде сега да коментираш и другите факти: 1. КОЙ заедно с орбан и фицо шантажираше ЕК за да може пУтЬю да получи дерогация през която да заобикаля нефтеното ембарго?; 2. КОЙ продължи да транZZитира гаZ дори след като гаZпром наруши всички договори?; 3. КОЙ всеки път е гласуваше срещу предоставянето на военна помощ на Украйна?; 4. КОЙ тормозеше и прогонваше украинските бежанци?; 5. КОЙ се хвърли да защитава имуществото на лукойл срещу законните действия на българското правителство по спасяванене на Нефтохим?,ABV,29.04.2026 (ср) 8:46:51,2,4,2026-06-11 23:33:13
mediapool.bg,https://www.mediapool.bg/izbori-2026-cat130.html,https://www.mediapool.bg/posledni-chasove-predi-finalnoto-reshenie-shte-se-raztsepi-li-pp-db-news382852.html,Последни часове преди финалното решение: Ще се разцепи ли ПП-ДБ,2026-04-28 18:31:07,,57,"Колкото и да манипулираш ДеБилно фактите истината е следната - изгонването на пУтинистанските агенти и събарянето на МОЧА се случи въпреки съпротивата на пУ/атков и са негова заслуга точно колкото изгряването на слънцето. Първото: стана след безпрецедентен натиск от американците да бъде разтурен центърът за координация на диверсии на територията на Балканите и дори цяла Европа; Второто: Събарянето на МОЧА беше предложено от кого? - Борисов и Пеевски, докато пУ/атков и лигльото рапър обикаляха медиите …Прочети целия коментар и твърдяха, че ""...не трябва да се събаря, трябва да се съхрани за иZториата!"". Трето: нима твърдиш, че Борисов и Габриел цели 9 месеца почтенно подкрепяха чуждо за тях правителство на мардата денков и когато дойде време за ротация провалиха собственото си...? Доста ДеБилно...",ABV,29.04.2026 (ср) 8:37:52,2,5,2026-06-11 23:33:13
mediapool.bg,https://www.mediapool.bg/izbori-2026-cat130.html,https://www.mediapool.bg/dsb-se-obyavi-protiv-razdelyaneto-na-pp-i-db-news382823.html,ДСБ се обяви против разделянето на ПП и ДБ,2026-04-28 12:28:16,,41,"дсб си дават сметка, че са само шета устати/гласовити хпра. Скоро и евродепутат не могат запрати.",dabedabe,30.04.2026 (чт) 6:49:54,0,0,2026-06-11 23:33:23
mediapool.bg,https://www.mediapool.bg/izbori-2026-cat130.html,https://www.mediapool.bg/dsb-se-obyavi-protiv-razdelyaneto-na-pp-i-db-news382823.html,ДСБ се обяви против разделянето на ПП и ДБ,2026-04-28 12:28:16,,40,Така става след разкопките в Търново !!!,БииПрасето,29.04.2026 (ср) 11:58:58,0,2,2026-06-11 23:33:23
mediapool.bg,https://www.mediapool.bg/izbori-2026-cat130.html,https://www.mediapool.bg/dsb-se-obyavi-protiv-razdelyaneto-na-pp-i-db-news382823.html,ДСБ се обяви против разделянето на ПП и ДБ,2026-04-28 12:28:16,,39,"""Новите Братушки"" нещо не могат да маршируват в такт !!! Сигурна на някой отворите са им по-охлабени !!! Имам един въпрос: - Дали телесно е увреждане ако разхлабен си отзад ? Зная че тук ще има доста хора които ще ми отговорят от опит!",БииПрасето,29.04.2026 (ср) 11:57:46,1,1,2026-06-11 23:33:23
mediapool.bg,https://www.mediapool.bg/izbori-2026-cat130.html,https://www.mediapool.bg/dsb-se-obyavi-protiv-razdelyaneto-na-pp-i-db-news382823.html,ДСБ се обяви против разделянето на ПП и ДБ,2026-04-28 12:28:16,,38,"Интересно как хора със знаме на чужда държава на профила си станаха най-големите капацитети по българска вътрешна политика. Вие си карайте със Зеленски, докато ви дойде акълът, пък ние тук сами ще преценим кой да си изберем за президент. Малко повече смирение не би ви навредило, вместо да размахвате пръст на нация, която ви помага.",Ravel,29.04.2026 (ср) 8:27:08,3,1,2026-06-11 23:33:23
mediapool.bg,https://www.mediapool.bg/izbori-2026-cat130.html,https://www.mediapool.bg/dsb-se-obyavi-protiv-razdelyaneto-na-pp-i-db-news382823.html,ДСБ се обяви против разделянето на ПП и ДБ,2026-04-28 12:28:16,,37,"Нело, Нело с това килийно образование, къде се буташ ? Марш в дупката от която си изпълзяла!",Кая,28.04.2026 (вт) 19:46:31,3,2,2026-06-11 23:33:23
mediapool.bg,https://www.mediapool.bg/izbori-2026-cat130.html,https://www.mediapool.bg/dsb-se-obyavi-protiv-razdelyaneto-na-pp-i-db-news382823.html,ДСБ се обяви против разделянето на ПП и ДБ,2026-04-28 12:28:16,,36,"ех, andrei, утре-вдругиден ще осъмнем:) Обаче Нейнски, хм...",dedomir,28.04.2026 (вт) 18:08:47,2,3,2026-06-11 23:33:23
mediapool.bg,https://www.mediapool.bg/izbori-2026-cat130.html,https://www.mediapool.bg/dsb-se-obyavi-protiv-razdelyaneto-na-pp-i-db-news382823.html,ДСБ се обяви против разделянето на ПП и ДБ,2026-04-28 12:28:16,,34,"на мене дедо ми е савецки генерал, бе ль*ль*о. Тва не ми пречи да имам нормален мозък. Почни сега лекция за Костов и оня институт по кво беше. Съберете се там и обмислете нови опорки на по няколко водки и още нещо",dedomir,28.04.2026 (вт) 17:33:55,1,2,2026-06-11 23:33:23
mediapool.bg,https://www.mediapool.bg/izbori-2026-cat130.html,https://www.mediapool.bg/dsb-se-obyavi-protiv-razdelyaneto-na-pp-i-db-news382823.html,ДСБ се обяви против разделянето на ПП и ДБ,2026-04-28 12:28:16,,33,"Тия работи ( "" наратива"", дето вика другарката neli от #24) - в ""Рашистки гласове"" на Явор Дачков. Как за толкова много години сте си все същите комуноченгета и как за толкова много години не си сменихте миризливата кухня!",valentinа паumova,28.04.2026 (вт) 17:29:33,3,2,2026-06-11 23:33:23
mediapool.bg,https://www.mediapool.bg/izbori-2026-cat130.html,https://www.mediapool.bg/dsb-se-obyavi-protiv-razdelyaneto-na-pp-i-db-news382823.html,ДСБ се обяви против разделянето на ПП и ДБ,2026-04-28 12:28:16,,32,"72% ОЛП при Ф.Д. Нарязахте 1-4 реактор. Продадохте Нефтохим на руснаците! Когато ви предупреждаваха да не го правите! От ПосолствоТО! АнглийскоТО! Отидоха на крака при надеТО! Костов, външната министърка и тоя като НСС ОДОБРИХА продажбата! Останалото продадохте на комунистите! Не премахнахте корумпираните от листите. /Петя Владимирова/ Издигнахте внука на ВКР генерал за кмет. Седяхте в скута на Пеевски, където опраскахте конституцията с Борисов. Заедно д Борисов и Пеевски ходите на килимчето в укро посолството за медали! За вашите медали България плаща МИЛИАРДИ! В заеми, които НИКОГА няма да се върнат!",т€еритория на Мики Маус,28.04.2026 (вт) 17:14:39,3,3,2026-06-11 23:33:23
mediapool.bg,https://www.mediapool.bg/izbori-2026-cat130.html,https://www.mediapool.bg/yotova-podpisa-ukaza-za-svikvaneto-na-parlamenta-news382818.html,Йотова подписа указа за свикването на парламента,2026-04-28 09:58:38,,18,Социално маргинализиран индивид с тежки сексуални проблеми.,Мисисипски,28.04.2026 (вт) 17:42:09,0,2,2026-06-11 23:33:34
mediapool.bg,https://www.mediapool.bg/izbori-2026-cat130.html,https://www.mediapool.bg/yotova-podpisa-ukaza-za-svikvaneto-na-parlamenta-news382818.html,Йотова подписа указа за свикването на парламента,2026-04-28 09:58:38,,17,"Прав си, колкото беше права майка ти на матрака под моста.",2026,28.04.2026 (вт) 14:46:53,2,1,2026-06-11 23:33:34
mediapool.bg,https://www.mediapool.bg/izbori-2026-cat130.html,https://www.mediapool.bg/yotova-podpisa-ukaza-za-svikvaneto-na-parlamenta-news382818.html,Йотова подписа указа за свикването на парламента,2026-04-28 09:58:38,,16,"Толкова много простотия може да има само във бивш фен на Костадинка,които сега е нахлузил зелени чорапи.",Мисисипски,28.04.2026 (вт) 14:44:48,0,3,2026-06-11 23:33:34
mediapool.bg,https://www.mediapool.bg/izbori-2026-cat130.html,https://www.mediapool.bg/yotova-podpisa-ukaza-za-svikvaneto-na-parlamenta-news382818.html,Йотова подписа указа за свикването на парламента,2026-04-28 09:58:38,,15,"Лустро оставям покрай на маека ти устата, мутренски слуга нещастен",2026,28.04.2026 (вт) 14:07:33,3,0,2026-06-11 23:33:34
mediapool.bg,https://www.mediapool.bg/izbori-2026-cat130.html,https://www.mediapool.bg/yotova-podpisa-ukaza-za-svikvaneto-na-parlamenta-news382818.html,Йотова подписа указа за свикването на парламента,2026-04-28 09:58:38,,14,"Падна ти лустрото, направо блесна!",Мисисипски,28.04.2026 (вт) 12:23:18,0,4,2026-06-11 23:33:34
mediapool.bg,https://www.mediapool.bg/izbori-2026-cat130.html,https://www.mediapool.bg/yotova-podpisa-ukaza-za-svikvaneto-na-parlamenta-news382818.html,Йотова подписа указа за свикването на парламента,2026-04-28 09:58:38,,13,"С две резби съм, ако случайно се окажеш п.тка (пишеш като такава).",2026,28.04.2026 (вт) 12:15:45,2,1,2026-06-11 23:33:34
mediapool.bg,https://www.mediapool.bg/izbori-2026-cat130.html,https://www.mediapool.bg/yotova-podpisa-ukaza-za-svikvaneto-na-parlamenta-news382818.html,Йотова подписа указа за свикването на парламента,2026-04-28 09:58:38,,12,Ти червен с лява резба? Отврат.,Мисисипски,28.04.2026 (вт) 12:14:26,1,3,2026-06-11 23:33:34
mediapool.bg,https://www.mediapool.bg/izbori-2026-cat130.html,https://www.mediapool.bg/yotova-podpisa-ukaza-za-svikvaneto-na-parlamenta-news382818.html,Йотова подписа указа за свикването на парламента,2026-04-28 09:58:38,,11,"Готово е да го оближеш, гербав паляк ;)",2026,28.04.2026 (вт) 11:51:25,2,1,2026-06-11 23:33:34
mediapool.bg,https://www.mediapool.bg/izbori-2026-cat130.html,https://www.mediapool.bg/yotova-podpisa-ukaza-za-svikvaneto-na-parlamenta-news382818.html,Йотова подписа указа за свикването на парламента,2026-04-28 09:58:38,,10,Цъфна ти червеното д-у-п-е най накрая.,Мисисипски,28.04.2026 (вт) 11:40:12,1,3,2026-06-11 23:33:34
mediapool.bg,https://www.mediapool.bg/izbori-2026-cat130.html,https://www.mediapool.bg/yotova-podpisa-ukaza-za-svikvaneto-na-parlamenta-news382818.html,Йотова подписа указа за свикването на парламента,2026-04-28 09:58:38,,9,"Боташ е проект за НАМАЛЯВАНЕ НА РУСКИЯ ЕНЕРГИЕН МОНОПОЛ върху България и се чудя защо ""десните"" и ""про-европейски"" ГЕРБ толкова лаят срещу мерки срещу Русия. А, сетих се. Потапяй се обратно в кенефа и първо виж какво е Боташ, преди да с.реш.",2026,28.04.2026 (вт) 11:22:16,2,2,2026-06-11 23:33:34
mediapool.bg,https://www.mediapool.bg/izbori-2026-cat130.html,https://www.mediapool.bg/gerb-analizira-izbornite-rezultati-v-plovdiv-pri-zakriti-vrata-news382812.html,ГЕРБ анализира изборните резултати в Пловдив при закрити врата,2026-04-27 19:23:06,,30,"Определено износи снимката си отпреди 30 години, която още ползва под ""статиите"" (вижте актуалната ѝ харошая муцуна).",2026,28.04.2026 (вт) 14:15:35,2,2,2026-06-11 23:33:45
mediapool.bg,https://www.mediapool.bg/izbori-2026-cat130.html,https://www.mediapool.bg/gerb-analizira-izbornite-rezultati-v-plovdiv-pri-zakriti-vrata-news382812.html,ГЕРБ анализира изборните резултати в Пловдив при закрити врата,2026-04-27 19:23:06,,29,андролката дали износи рибарските батуши?,dabedabe,28.04.2026 (вт) 14:08:00,2,2,2026-06-11 23:33:45
mediapool.bg,https://www.mediapool.bg/izbori-2026-cat130.html,https://www.mediapool.bg/gerb-analizira-izbornite-rezultati-v-plovdiv-pri-zakriti-vrata-news382812.html,ГЕРБ анализира изборните резултати в Пловдив при закрити врата,2026-04-27 19:23:06,,28,На снимката Бай Тошо,ivofixzone,28.04.2026 (вт) 13:19:51,2,2,2026-06-11 23:33:45
mediapool.bg,https://www.mediapool.bg/izbori-2026-cat130.html,https://www.mediapool.bg/gerb-analizira-izbornite-rezultati-v-plovdiv-pri-zakriti-vrata-news382812.html,ГЕРБ анализира изборните резултати в Пловдив при закрити врата,2026-04-27 19:23:06,,27,"в момента герб е . . . клозетна чиния с голЕЕЕмо лajно в нея и със спряна в момента вода. И трябва да намерят от некъде барем една кофа вода и да си отпушат клозета от тоя бОк(о) . . . . . . * езикова справка: думата „бок“ (bok) на турски език означава буквално лajнo, uзnpaжнeнue, гoвнo",Bлaдo,28.04.2026 (вт) 12:32:58,2,2,2026-06-11 23:33:45
mediapool.bg,https://www.mediapool.bg/izbori-2026-cat130.html,https://www.mediapool.bg/gerb-analizira-izbornite-rezultati-v-plovdiv-pri-zakriti-vrata-news382812.html,ГЕРБ анализира изборните резултати в Пловдив при закрити врата,2026-04-27 19:23:06,,26,"такъв ми беше и . . . пресантиманът към тва нещо ""анролова"" . . . Загледах се из долните текстове, само защото некви бабо-деди, бидейки изтрещели по борисов, ми цитират неква, дето приплаква, че некви други са изтрещели по радев. . . . . . А диагнозата им, всъщност, е същата - фиксация по некви комунисти - национални предатели . . .",Bлaдo,28.04.2026 (вт) 12:27:01,1,2,2026-06-11 23:33:45
mediapool.bg,https://www.mediapool.bg/izbori-2026-cat130.html,https://www.mediapool.bg/gerb-analizira-izbornite-rezultati-v-plovdiv-pri-zakriti-vrata-news382812.html,ГЕРБ анализира изборните резултати в Пловдив при закрити врата,2026-04-27 19:23:06,,25,"А! - брои се! - анализът си е анализ, независимо от желанието на анализирания борисов. . .",Bлaдo,28.04.2026 (вт) 12:20:35,2,2,2026-06-11 23:33:45
mediapool.bg,https://www.mediapool.bg/izbori-2026-cat130.html,https://www.mediapool.bg/gerb-analizira-izbornite-rezultati-v-plovdiv-pri-zakriti-vrata-news382812.html,ГЕРБ анализира изборните резултати в Пловдив при закрити врата,2026-04-27 19:23:06,,24,"Тая, която я еб.аха и Карбовски, и Волгин. Друго, смятам, не ти трябва да знаеш за тази ""авторка"".",2026,28.04.2026 (вт) 12:12:26,2,2,2026-06-11 23:33:45
mediapool.bg,https://www.mediapool.bg/izbori-2026-cat130.html,https://www.mediapool.bg/gerb-analizira-izbornite-rezultati-v-plovdiv-pri-zakriti-vrata-news382812.html,ГЕРБ анализира изборните резултати в Пловдив при закрити врата,2026-04-27 19:23:06,,23,"""закрити врата"" е 'вратата към властта', която се затвори пред борисов и партията му герб завинаги. . . . . . И коя е тая андролова? - новата бенофска с лека пареза и с тежка извратена фиксация по бОко?",Bлaдo,28.04.2026 (вт) 12:11:06,3,2,2026-06-11 23:33:45
mediapool.bg,https://www.mediapool.bg/izbori-2026-cat130.html,https://www.mediapool.bg/gerb-analizira-izbornite-rezultati-v-plovdiv-pri-zakriti-vrata-news382812.html,ГЕРБ анализира изборните резултати в Пловдив при закрити врата,2026-04-27 19:23:06,,22,Борисов- ОСТАВКА!,boriana,28.04.2026 (вт) 12:07:46,0,2,2026-06-11 23:33:45
mediapool.bg,https://www.mediapool.bg/izbori-2026-cat130.html,https://www.mediapool.bg/gerb-analizira-izbornite-rezultati-v-plovdiv-pri-zakriti-vrata-news382812.html,ГЕРБ анализира изборните резултати в Пловдив при закрити врата,2026-04-27 19:23:06,,21,"Андролова първо да си събере провисналата руска карантия обратно в миризливата слива, после да се прави на Александър Дюма.",2026,28.04.2026 (вт) 11:27:29,3,3,2026-06-11 23:33:45
mediapool.bg,https://www.mediapool.bg/izbori-2026-cat130.html,https://www.mediapool.bg/koya-formatsiya-kade-shte-sedi-v-plenarnata-zala-news382808.html,Коя формация къде ще седи в пленарната зала,2026-04-27 18:22:38,,4,"Този турлюгювеч е покрит с мълчанието на Румен Радев, така изглежда мъдър, премислен и актуален, нужен на народното дело за освобождение от капитализма.",Е анита хегерланд,28.04.2026 (вт) 13:16:42,1,0,2026-06-11 23:33:46
mediapool.bg,https://www.mediapool.bg/izbori-2026-cat130.html,https://www.mediapool.bg/koya-formatsiya-kade-shte-sedi-v-plenarnata-zala-news382808.html,Коя формация къде ще седи в пленарната зала,2026-04-27 18:22:38,,3,"Не е ли по-важно кой за какво се бори?! ""Прогресивна България"" се състои от три партии: ПД ""Социалдемократи"" е ключовия мадатоносител, ""Движение за радикална промяна ""Българска пролет"" и ""Български съюз за директна демокрация"". Социалдемократите искат свобода, справедливост, солидарност. Мисля, че и без да се борят за тях, ние ще им ги дадем. Смятат, че изпреварват времето си, но ние не мислим така, направили са обратно броене. Досега са се борили за местната …Прочети целия коментар власт, сега искат повече. Държат на няколко социални законопроекта и това е всичко. ДРП ""Българска пролет"" - искат да променят политико-икономическия модел. Представяте ли си да премахнат пазарната икономика?! Искат премахване привилегиите на властта. Тогава властта какво е?! Искат национализация на енергетиката, това ли е?! Наистина?! ""БС за директна демокрация"" - демокрацията според тях трябва да е форма на управление. Смятат, че покриват целия политически спектър. Мислят дори, че техни хора са участвали в Априлското въстание...Вие решете какво е това?!",Е анита хегерланд,28.04.2026 (вт) 13:12:42,0,0,2026-06-11 23:33:46
mediapool.bg,https://www.mediapool.bg/izbori-2026-cat130.html,https://www.mediapool.bg/koya-formatsiya-kade-shte-sedi-v-plenarnata-zala-news382808.html,Коя формация къде ще седи в пленарната зала,2026-04-27 18:22:38,,2,Много се съмнявам Борисов и Пеевски да се появят в пленарната зала и въобще в Народното събрание. Представяте ли си каква жалка картинка ще бъдат и какви шеги и закачки ще чуят?,Един препатил,27.04.2026 (пн) 20:19:59,4,1,2026-06-11 23:33:46
mediapool.bg,https://www.mediapool.bg/izbori-2026-cat130.html,https://www.mediapool.bg/koya-formatsiya-kade-shte-sedi-v-plenarnata-zala-news382808.html,Коя формация къде ще седи в пленарната зала,2026-04-27 18:22:38,,1,За Борисов и Свинята - специална кочина ! Да си грухтят. ^^,Любо от Далеч,27.04.2026 (пн) 19:41:36,9,2,2026-06-11 23:33:46
mediapool.bg,https://www.mediapool.bg/izbori-2026-cat130.html,https://www.mediapool.bg/nad-310-000-balgari-sa-gledali-videobroeneto-na-byuletinite-edva-017-ot-sik-sa-bez-zapis-news382802.html,"Над 310 000 българи са гледали видеоброенето на бюлетините, едва 0.17% от СИК са без запис",2026-04-27 16:47:16,,4,"Гледали са броенето, но не знаят, дали всички гласували са преброени.",Е анита хегерланд,28.04.2026 (вт) 9:35:53,0,0,2026-06-11 23:33:46
mediapool.bg,https://www.mediapool.bg/izbori-2026-cat130.html,https://www.mediapool.bg/nad-310-000-balgari-sa-gledali-videobroeneto-na-byuletinite-edva-017-ot-sik-sa-bez-zapis-news382802.html,"Над 310 000 българи са гледали видеоброенето на бюлетините, едва 0.17% от СИК са без запис",2026-04-27 16:47:16,,3,"Там Радев е спечелил 100%, Прасето и тиквата са с по 110:%",Jack Daniels,27.04.2026 (пн) 21:56:37,0,0,2026-06-11 23:33:46
mediapool.bg,https://www.mediapool.bg/izbori-2026-cat130.html,https://www.mediapool.bg/nad-310-000-balgari-sa-gledali-videobroeneto-na-byuletinite-edva-017-ot-sik-sa-bez-zapis-news382802.html,"Над 310 000 българи са гледали видеоброенето на бюлетините, едва 0.17% от СИК са без запис",2026-04-27 16:47:16,,2,"310000 са гледали броенето и не са се обадили на Кандев и Дечев, че гласове за Героя на Украйна се пишат за РуZZкий Льотчик?!",Poro,27.04.2026 (пн) 18:40:40,0,0,2026-06-11 23:33:46
mediapool.bg,https://www.mediapool.bg/izbori-2026-cat130.html,https://www.mediapool.bg/nad-310-000-balgari-sa-gledali-videobroeneto-na-byuletinite-edva-017-ot-sik-sa-bez-zapis-news382802.html,"Над 310 000 българи са гледали видеоброенето на бюлетините, едва 0.17% от СИК са без запис",2026-04-27 16:47:16,,1,"Тово не изключва ала балата с машините и наше МВР.Каза го Асенка,не аз.Никой не може да ме убеди че ПБ спечели честно изборите.",Taormina,27.04.2026 (пн) 18:04:37,0,0,2026-06-11 23:33:46
mediapool.bg,https://www.mediapool.bg/izbori-2026-cat130.html,https://www.mediapool.bg/asen-vasilev-stava-deputat-ot-plovdiv-manol-peikov-ostava-izvan-parlamenta-news382721.html,"Асен Василев става депутат от Пловдив, Манол Пейков остава извън парламента",2026-04-24 16:51:29,,39,"Алчния генерал веднага да се маха, толко не можаха да намерят лидер след Костов.",vlatkyn,27.04.2026 (пн) 16:53:13,0,0,2026-06-11 23:33:57
mediapool.bg,https://www.mediapool.bg/izbori-2026-cat130.html,https://www.mediapool.bg/asen-vasilev-stava-deputat-ot-plovdiv-manol-peikov-ostava-izvan-parlamenta-news382721.html,"Асен Василев става депутат от Пловдив, Манол Пейков остава извън парламента",2026-04-24 16:51:29,,38,"""Пляс, пляс педалите. Водно колело"" ;)",Мазен Кумунис,25.04.2026 (сб) 11:37:22,3,3,2026-06-11 23:33:57
mediapool.bg,https://www.mediapool.bg/izbori-2026-cat130.html,https://www.mediapool.bg/asen-vasilev-stava-deputat-ot-plovdiv-manol-peikov-ostava-izvan-parlamenta-news382721.html,"Асен Василев става депутат от Пловдив, Манол Пейков остава извън парламента",2026-04-24 16:51:29,,37,"Народните представители могат да се квалифицират различно. Напр. могат да се разделят на ефективни и ефектни. Панов беше от ефективните, М. Пейков от ефектите. Сега са ни нужни повече от първите.",boriana,25.04.2026 (сб) 10:27:21,2,2,2026-06-11 23:33:57
mediapool.bg,https://www.mediapool.bg/izbori-2026-cat130.html,https://www.mediapool.bg/asen-vasilev-stava-deputat-ot-plovdiv-manol-peikov-ostava-izvan-parlamenta-news382721.html,"Асен Василев става депутат от Пловдив, Манол Пейков остава извън парламента",2026-04-24 16:51:29,,36,"Много ще ми липсва Coпол и неговите прекрасни руски изпълнения в рецитал. А агресията му към руснаците впоследствие е уникална и разкрива само неговата морално повратлива същност. Ти си достоен член на ПП/ДБ и заслужаваш мястото си в парламента, Cопoле!!!",ivaylo123123,25.04.2026 (сб) 7:24:20,3,5,2026-06-11 23:33:57
mediapool.bg,https://www.mediapool.bg/izbori-2026-cat130.html,https://www.mediapool.bg/asen-vasilev-stava-deputat-ot-plovdiv-manol-peikov-ostava-izvan-parlamenta-news382721.html,"Асен Василев става депутат от Пловдив, Манол Пейков остава извън парламента",2026-04-24 16:51:29,,34,Да не са го избрали от ДПС? Прасюгата много ще му се радва ;-),Megadonkey,25.04.2026 (сб) 1:31:04,2,2,2026-06-11 23:33:57
mediapool.bg,https://www.mediapool.bg/izbori-2026-cat130.html,https://www.mediapool.bg/asen-vasilev-stava-deputat-ot-plovdiv-manol-peikov-ostava-izvan-parlamenta-news382721.html,"Асен Василев става депутат от Пловдив, Манол Пейков остава извън парламента",2026-04-24 16:51:29,,33,"По-долу някой каза, че се цепят на умни и красиви муааааааа.",DG,24.04.2026 (пт) 23:30:30,6,6,2026-06-11 23:33:57
mediapool.bg,https://www.mediapool.bg/izbori-2026-cat130.html,https://www.mediapool.bg/asen-vasilev-stava-deputat-ot-plovdiv-manol-peikov-ostava-izvan-parlamenta-news382721.html,"Асен Василев става депутат от Пловдив, Манол Пейков остава извън парламента",2026-04-24 16:51:29,,32,Е то вече се получи. Льо пти Женераль не си говори с МирчОФФ,Sion,24.04.2026 (пт) 22:42:50,3,5,2026-06-11 23:33:57
mediapool.bg,https://www.mediapool.bg/izbori-2026-cat130.html,https://www.mediapool.bg/asen-vasilev-stava-deputat-ot-plovdiv-manol-peikov-ostava-izvan-parlamenta-news382721.html,"Асен Василев става депутат от Пловдив, Манол Пейков остава извън парламента",2026-04-24 16:51:29,,31,"Пейков тъкмо ще си пие на спокойствие, без това да се отразява на всички, които гледат репортажи от НС. Пък и се надявам да има по нормален тон в парламента. Та отвсякъде добре .",Sion,24.04.2026 (пт) 22:38:15,4,9,2026-06-11 23:33:57
mediapool.bg,https://www.mediapool.bg/izbori-2026-cat130.html,https://www.mediapool.bg/asen-vasilev-stava-deputat-ot-plovdiv-manol-peikov-ostava-izvan-parlamenta-news382721.html,"Асен Василев става депутат от Пловдив, Манол Пейков остава извън парламента",2026-04-24 16:51:29,,30,"На някой много му се иска да сее интриги и да вбива клин между ПП, ""Да, България"" и ДСБ превръщайки всеки частен спор ""от муха в летящ слон"". Но няма да му се получи ! Не с емоции, а с прагматизъм и здрав разум, не чрез разлайване на мрежите, а в спокойни директни разговори между техните лидери, ПП и ДБ ще намерят оптималната формула на коалиране и начина за вземане на ключови и оперативни решения. ПП-ДБ са на прага на исторически момент, когато могат да реализират тъй дългоочакваните реформи в съдебната система. И независимо от различните идеи за постигането й, тяхната обща кауза ги задължава да бъдат единни и на нивото на очакванията на техните избиратели. Успех !",Обектив,24.04.2026 (пт) 21:33:31,8,4,2026-06-11 23:33:57
mediapool.bg,https://www.mediapool.bg/izbori-2026-cat130.html,https://www.mediapool.bg/okonchatelno-radev-sas-131-deputati-gerb-ima-39-a-pp-db---37-news382679.html,"Окончателно: Радев със 131 депутати, ГЕРБ има 39, а ПП-ДБ - 37",2026-04-23 19:18:14,,40,"След като българите сме авторите на първото антифеодално въстание (селянина Ивайло стана цар) Априлското и първото антифашистко въстание в света, сега е ред на първото антиевропейско въстание. Пропуснах Спартак , той е от Сандански.",Ravel,24.04.2026 (пт) 13:42:34,1,1,2026-06-11 23:34:08
mediapool.bg,https://www.mediapool.bg/izbori-2026-cat130.html,https://www.mediapool.bg/okonchatelno-radev-sas-131-deputati-gerb-ima-39-a-pp-db---37-news382679.html,"Окончателно: Радев със 131 депутати, ГЕРБ има 39, а ПП-ДБ - 37",2026-04-23 19:18:14,,39,"Не знам колко добре Радев го осъзнава, но от 5+ години нещата /не много бързо, по български/ се движат към ""революционна ситуация"". COVID /""мерките"" сериозно забавиха нещата, но вече са налице и енергията и желанието... а той се оказа най-отпред на влакчето. :) И независимо какво мисли и какво му харесва, и на какво симпатизира... му предстои да се опита, ама наистина много сериозно, да управлява... или да се окаже вързан отпред на носа!",pepe,24.04.2026 (пт) 11:00:41,0,0,2026-06-11 23:34:08
mediapool.bg,https://www.mediapool.bg/izbori-2026-cat130.html,https://www.mediapool.bg/okonchatelno-radev-sas-131-deputati-gerb-ima-39-a-pp-db---37-news382679.html,"Окончателно: Радев със 131 депутати, ГЕРБ има 39, а ПП-ДБ - 37",2026-04-23 19:18:14,,38,"Това не бях избори, а размазване на всички туморни образувания начело с ПП/ДБ, ГЕРБ и ДПС, слагам в това число и ИТН. Най-накрая България си има достоен премиер и прогноза за светло бъдеще.",ivaylo123123,24.04.2026 (пт) 10:59:28,2,1,2026-06-11 23:34:08
mediapool.bg,https://www.mediapool.bg/izbori-2026-cat130.html,https://www.mediapool.bg/okonchatelno-radev-sas-131-deputati-gerb-ima-39-a-pp-db---37-news382679.html,"Окончателно: Радев със 131 депутати, ГЕРБ има 39, а ПП-ДБ - 37",2026-04-23 19:18:14,,37,"И как го направи?С мошенгии с машините,и ""каубоите"" Узов и кандьо.Така всеки може.",Taormina,24.04.2026 (пт) 10:32:36,1,1,2026-06-11 23:34:08
mediapool.bg,https://www.mediapool.bg/izbori-2026-cat130.html,https://www.mediapool.bg/okonchatelno-radev-sas-131-deputati-gerb-ima-39-a-pp-db---37-news382679.html,"Окончателно: Радев със 131 депутати, ГЕРБ има 39, а ПП-ДБ - 37",2026-04-23 19:18:14,,35,"""РАЗВОД МИ ДАЙ: ПП и ДБ с отделни групи в парламента"" ;)",Мазен Кумунис,24.04.2026 (пт) 9:48:32,3,1,2026-06-11 23:34:08
mediapool.bg,https://www.mediapool.bg/izbori-2026-cat130.html,https://www.mediapool.bg/okonchatelno-radev-sas-131-deputati-gerb-ima-39-a-pp-db---37-news382679.html,"Окончателно: Радев със 131 депутати, ГЕРБ има 39, а ПП-ДБ - 37",2026-04-23 19:18:14,,34,"6 милиона е цялото население на тази страна! В списъците има стотици хиляди хора, които живеят в чужбина и никога не са гласували и няма да гласуват! Само в нащият блок има 5 човека, а на някои от тях е възможно и децата им да са включени, ако са се сдобили с лични карти! Така че тези данни са пълен фалш!",Anticomm,24.04.2026 (пт) 7:57:23,1,1,2026-06-11 23:34:08
mediapool.bg,https://www.mediapool.bg/izbori-2026-cat130.html,https://www.mediapool.bg/okonchatelno-radev-sas-131-deputati-gerb-ima-39-a-pp-db---37-news382679.html,"Окончателно: Радев със 131 депутати, ГЕРБ има 39, а ПП-ДБ - 37",2026-04-23 19:18:14,,33,"Пепейците и дебейците са пред развод. Говорят си , но нямат единно мнение за това кой дърпа ППДБ надолу.",Ravel,24.04.2026 (пт) 7:57:11,3,2,2026-06-11 23:34:08
mediapool.bg,https://www.mediapool.bg/izbori-2026-cat130.html,https://www.mediapool.bg/okonchatelno-radev-sas-131-deputati-gerb-ima-39-a-pp-db---37-news382679.html,"Окончателно: Радев със 131 депутати, ГЕРБ има 39, а ПП-ДБ - 37",2026-04-23 19:18:14,,32,"Една от бившите жени на Сокола я познавах лично, имах си за кратко вземане - даване с нея, ама беше преди 25 години:))) Айсехел, бачкаше в редакцията на Морски Труд във Варна. Готина мадама беше, не нещо фрапантно, напълно нормална. Сокола никога не е плющял непълнолетни, тва мога да ти го кажа най - отговорно.",Poro,24.04.2026 (пт) 4:42:21,2,4,2026-06-11 23:34:08
mediapool.bg,https://www.mediapool.bg/izbori-2026-cat130.html,https://www.mediapool.bg/okonchatelno-radev-sas-131-deputati-gerb-ima-39-a-pp-db---37-news382679.html,"Окончателно: Радев със 131 депутати, ГЕРБ има 39, а ПП-ДБ - 37",2026-04-23 19:18:14,,31,"Крайно време е ЕС да започне автоматично да изритва тъпите народи, които избират пУтюрасти.",ABV,24.04.2026 (пт) 1:39:10,4,3,2026-06-11 23:34:08
mediapool.bg,https://www.mediapool.bg/izbori-2026-cat130.html,https://www.mediapool.bg/kazusat-s-peikov-popov-i-panev-topkata-e-v-poleto-na-demokratichna-bulgaria-news382668.html,"Казусът с Пейков, Попов и Панев: Топката е в полето на ""Демократична България""",2026-04-23 16:21:21,,36,"А, не съм съгласен. Асен много правилно ги оставя. Защото това е проблем на ДБ, която макар и партньор, е отделна политическа структура. ПП правилно, макар че се страхувам, че накрая ще се наложи да го направи, няма желание да го решава за ДБ. А проблема се страхувам, че не е само до/в Манол Пейков и Чило Попов, но и до доста ""безхаберие"" на не малка част от българската интелигенция /добри хора, но с пропуски в разбирането на политика и мениджмънт/, по отношение на управлението /на страната/. И вече се забелязва известно разминаване между разбиранията на ""домашната"" интелигенция и училите мениджмънт извън страната.",pepe,24.04.2026 (пт) 11:52:59,2,1,2026-06-11 23:34:19
mediapool.bg,https://www.mediapool.bg/izbori-2026-cat130.html,https://www.mediapool.bg/kazusat-s-peikov-popov-i-panev-topkata-e-v-poleto-na-demokratichna-bulgaria-news382668.html,"Казусът с Пейков, Попов и Панев: Топката е в полето на ""Демократична България""",2026-04-23 16:21:21,,35,"Казусът е другаде - крайно време е за някакво обединение на всички парламентарни и извънпарламентарни демократични партии, движения, фронтове и т.н.",Старият куфар,24.04.2026 (пт) 10:20:52,0,1,2026-06-11 23:34:19
mediapool.bg,https://www.mediapool.bg/izbori-2026-cat130.html,https://www.mediapool.bg/kazusat-s-peikov-popov-i-panev-topkata-e-v-poleto-na-demokratichna-bulgaria-news382668.html,"Казусът с Пейков, Попов и Панев: Топката е в полето на ""Демократична България""",2026-04-23 16:21:21,,34,"Тъпо, грозно и не рита. Що е то? ПП-ДБ! ;)",Мазен Кумунис,24.04.2026 (пт) 9:33:13,2,3,2026-06-11 23:34:19
mediapool.bg,https://www.mediapool.bg/izbori-2026-cat130.html,https://www.mediapool.bg/kazusat-s-peikov-popov-i-panev-topkata-e-v-poleto-na-demokratichna-bulgaria-news382668.html,"Казусът с Пейков, Попов и Панев: Топката е в полето на ""Демократична България""",2026-04-23 16:21:21,,33,"Моя човек е Манол Дългопишков. Чило не го знам, а Панев е лаладжия.",Poro,24.04.2026 (пт) 8:33:46,2,1,2026-06-11 23:34:19
mediapool.bg,https://www.mediapool.bg/izbori-2026-cat130.html,https://www.mediapool.bg/kazusat-s-peikov-popov-i-panev-topkata-e-v-poleto-na-demokratichna-bulgaria-news382668.html,"Казусът с Пейков, Попов и Панев: Топката е в полето на ""Демократична България""",2026-04-23 16:21:21,,32,"Тоя Чило ли е , какъв е , трябва сам да се откаже . Драмите в момента са изцяло заради него.",Sion,24.04.2026 (пт) 1:49:12,2,2,2026-06-11 23:34:19
mediapool.bg,https://www.mediapool.bg/izbori-2026-cat130.html,https://www.mediapool.bg/kazusat-s-peikov-popov-i-panev-topkata-e-v-poleto-na-demokratichna-bulgaria-news382668.html,"Казусът с Пейков, Попов и Панев: Топката е в полето на ""Демократична България""",2026-04-23 16:21:21,,31,"Едно време децата играеха на музикални столчета, а тези измислиха нова - парламентарно столче. Никой не се отказва от парламентарните кюфтаци.",Някойси,24.04.2026 (пт) 1:37:31,3,3,2026-06-11 23:34:19
mediapool.bg,https://www.mediapool.bg/izbori-2026-cat130.html,https://www.mediapool.bg/kazusat-s-peikov-popov-i-panev-topkata-e-v-poleto-na-demokratichna-bulgaria-news382668.html,"Казусът с Пейков, Попов и Панев: Топката е в полето на ""Демократична България""",2026-04-23 16:21:21,,30,"Зная, че е така и точно това наричам игри от селски вечеринки.",Един препатил,23.04.2026 (чт) 22:37:42,2,2,2026-06-11 23:34:19
mediapool.bg,https://www.mediapool.bg/izbori-2026-cat130.html,https://www.mediapool.bg/kazusat-s-peikov-popov-i-panev-topkata-e-v-poleto-na-demokratichna-bulgaria-news382668.html,"Казусът с Пейков, Попов и Панев: Топката е в полето на ""Демократична България""",2026-04-23 16:21:21,,29,"Водачите на листите "" дърпат"" листата и гарантират изборен успех. По правило те се кандидатират в сигурен изборен район и в по-малък и несигурен. Това обяснява защо се практикува тази възможност.:)",valentinа паumova,23.04.2026 (чт) 21:40:58,1,2,2026-06-11 23:34:19
mediapool.bg,https://www.mediapool.bg/izbori-2026-cat130.html,https://www.mediapool.bg/kazusat-s-peikov-popov-i-panev-topkata-e-v-poleto-na-demokratichna-bulgaria-news382668.html,"Казусът с Пейков, Попов и Панев: Топката е в полето на ""Демократична България""",2026-04-23 16:21:21,,28,"Буря в чашата с вода..разотивайте се, шоуто е без пуканки.",nsnikolov77,23.04.2026 (чт) 21:12:32,4,2,2026-06-11 23:34:19
mediapool.bg,https://www.mediapool.bg/izbori-2026-cat130.html,https://www.mediapool.bg/kazusat-s-peikov-popov-i-panev-topkata-e-v-poleto-na-demokratichna-bulgaria-news382668.html,"Казусът с Пейков, Попов и Панев: Топката е в полето на ""Демократична България""",2026-04-23 16:21:21,,27,"Драмата - не само тази, имало е и други - произтича от малоумното положение водачите на листите да могат да се кандидатират в два избирателни района. Всъщност селска е не самата драма, а тази хитрешковска възможност. Ако тя бъде премахната няма да има и драми.",Един препатил,23.04.2026 (чт) 20:40:14,4,2,2026-06-11 23:34:19
mediapool.bg,https://www.mediapool.bg/izbori-2026-cat130.html,https://www.mediapool.bg/asen-vasilev-chaka-db-da-reshi-za-manol-peikov-deputat-ot-pp-obvini-db-v-litsemerie-news382616.html,"Асен Василев чака ДБ да реши за Манол Пейков. Депутат от ПП обвини ДБ в ""лицемерие""",2026-04-22 17:22:06,,59,"Сигурно пишат, но даже и да нямаше тази цепнатина в ПП-ДБ те пак щяха да пишат. Освен това не е лошо да чуят и нашето МНЕНИЕ, даже то да не е лицеприятно или критично, или нека бъде подкрепящо, позитивно, а не просто да се заяждаме с тази гербарско-депесарска- комунистическо-левичарска СВОЛАЧ във форма или помежду си. Защото въпросът е принципен. ПП-ДБ устоя на мерака на ДБ да взеле в съглашателство с Борисов. ДСБ-ПП-ДБ са силни като са единни.",levii,23.04.2026 (чт) 12:43:38,1,1,2026-06-11 23:34:30
mediapool.bg,https://www.mediapool.bg/izbori-2026-cat130.html,https://www.mediapool.bg/asen-vasilev-chaka-db-da-reshi-za-manol-peikov-deputat-ot-pp-obvini-db-v-litsemerie-news382616.html,"Асен Василев чака ДБ да реши за Манол Пейков. Депутат от ПП обвини ДБ в ""лицемерие""",2026-04-22 17:22:06,,58,"Да, нашият случай е по-особен. Ние все още сме много близко и до комунизма и до злото Русия. В този смисъл виждаме как партии където има единомеслие по- бавно се разпадат и оттичат в канала когато преди са показали жизнеспособност. Типичен пример ГЕРБ, ако не беше се пръкнал Радев и Пеевски и Възраждане и ДПС. Но в нашата коалиция ПП-ДБ това след 4 години не се постигна, защото по всичко изглежда политическият егоизъм на ДБ, надделява до степен, че аз като привърженик на ДСБ направо не виждам и с лупа нейната представителност. Василев е прав, оище повече че неговата енергичност и компетентност даже и противника не отрича. Предполагам, че и хората от ПП имат също подобни качества.",levii,23.04.2026 (чт) 12:38:51,1,1,2026-06-11 23:34:30
mediapool.bg,https://www.mediapool.bg/izbori-2026-cat130.html,https://www.mediapool.bg/asen-vasilev-chaka-db-da-reshi-za-manol-peikov-deputat-ot-pp-obvini-db-v-litsemerie-news382616.html,"Асен Василев чака ДБ да реши за Манол Пейков. Депутат от ПП обвини ДБ в ""лицемерие""",2026-04-22 17:22:06,,57,"Признавам, че сгреших! Смятах, че след изборите мерZZавците ДеБилите предателски ще се присламчат към пУтюраста гдев за да му станат патерица. Оказа се, че дори за тази поZZорна роля не са годни тези импотенти.",ABV,23.04.2026 (чт) 11:48:37,1,2,2026-06-11 23:34:30
mediapool.bg,https://www.mediapool.bg/izbori-2026-cat130.html,https://www.mediapool.bg/asen-vasilev-chaka-db-da-reshi-za-manol-peikov-deputat-ot-pp-obvini-db-v-litsemerie-news382616.html,"Асен Василев чака ДБ да реши за Манол Пейков. Депутат от ПП обвини ДБ в ""лицемерие""",2026-04-22 17:22:06,,56,нещо изнервени ми се струват другарите от ппдб - дали няма да видим гръм в рая :D :D,metal slug,23.04.2026 (чт) 11:28:34,3,2,2026-06-11 23:34:30
mediapool.bg,https://www.mediapool.bg/izbori-2026-cat130.html,https://www.mediapool.bg/asen-vasilev-chaka-db-da-reshi-za-manol-peikov-deputat-ot-pp-obvini-db-v-litsemerie-news382616.html,"Асен Василев чака ДБ да реши за Манол Пейков. Депутат от ПП обвини ДБ в ""лицемерие""",2026-04-22 17:22:06,,55,"До половината сте прав. Но я ми кажете нещо за приноса на Димитров, че влиза с висока преференции. Как гласува избиратели с преференции. Оценил е приноса на дадено лице? Или по симпатия? Защо тогава Величков от Правосъдие за всички не получи преференции, а толкова работа свърши.",boriana,23.04.2026 (чт) 11:21:27,0,2,2026-06-11 23:34:30
mediapool.bg,https://www.mediapool.bg/izbori-2026-cat130.html,https://www.mediapool.bg/asen-vasilev-chaka-db-da-reshi-za-manol-peikov-deputat-ot-pp-obvini-db-v-litsemerie-news382616.html,"Асен Василев чака ДБ да реши за Манол Пейков. Депутат от ПП обвини ДБ в ""лицемерие""",2026-04-22 17:22:06,,54,ДеБили - Чекиджии,ABV,23.04.2026 (чт) 11:19:32,2,1,2026-06-11 23:34:30
mediapool.bg,https://www.mediapool.bg/izbori-2026-cat130.html,https://www.mediapool.bg/asen-vasilev-chaka-db-da-reshi-za-manol-peikov-deputat-ot-pp-obvini-db-v-litsemerie-news382616.html,"Асен Василев чака ДБ да реши за Манол Пейков. Депутат от ПП обвини ДБ в ""лицемерие""",2026-04-22 17:22:06,,53,"ДеБилите тъпоумно си въобразяваха, че след като заедно с иZраждане свалят проевропейското правителство на Желязков пропутинската мафия ще даде властта точно на тях - на ДеБилите... Оказа се ще са просто пацал иZползван да разчисти пистата на гадев.",ABV,23.04.2026 (чт) 11:19:07,2,1,2026-06-11 23:34:30
mediapool.bg,https://www.mediapool.bg/izbori-2026-cat130.html,https://www.mediapool.bg/asen-vasilev-chaka-db-da-reshi-za-manol-peikov-deputat-ot-pp-obvini-db-v-litsemerie-news382616.html,"Асен Василев чака ДБ да реши за Манол Пейков. Депутат от ПП обвини ДБ в ""лицемерие""",2026-04-22 17:22:06,,52,На тези избори се оттървахме от бZп - на следващите от ДеБилите.,ABV,23.04.2026 (чт) 11:18:43,2,1,2026-06-11 23:34:30
mediapool.bg,https://www.mediapool.bg/izbori-2026-cat130.html,https://www.mediapool.bg/asen-vasilev-chaka-db-da-reshi-za-manol-peikov-deputat-ot-pp-obvini-db-v-litsemerie-news382616.html,"Асен Василев чака ДБ да реши за Манол Пейков. Депутат от ПП обвини ДБ в ""лицемерие""",2026-04-22 17:22:06,,51,ДеБилите са кокошка с отрязана глава - тича последните си метри.,ABV,23.04.2026 (чт) 11:18:27,2,1,2026-06-11 23:34:30
mediapool.bg,https://www.mediapool.bg/izbori-2026-cat130.html,https://www.mediapool.bg/asen-vasilev-chaka-db-da-reshi-za-manol-peikov-deputat-ot-pp-obvini-db-v-litsemerie-news382616.html,"Асен Василев чака ДБ да реши за Манол Пейков. Депутат от ПП обвини ДБ в ""лицемерие""",2026-04-22 17:22:06,,50,"ДеБилите са глисти, които само гледат в чий г-ъ-Z да се скатаят на топло. Затова никога няма да бъдат управляващи, а всички гласове за тях са чисто разпиляване на потенциал.",ABV,23.04.2026 (чт) 11:15:55,2,1,2026-06-11 23:34:30
mediapool.bg,https://www.mediapool.bg/izbori-2026-cat130.html,https://www.mediapool.bg/preferentsii-i-razpredelenie-otkade-kolko-i-koi-shte-sa-deputatite-na-vsyaka-edna-partiya-news382598.html,"Преференции и разпределение: Откъде, колко и кои ще са депутатите на всяка една партия",2026-04-22 08:00:32,,13,"Я виж, туй дето ти капе, да не би да е от препълнен памперс?..",Антон,22.04.2026 (ср) 22:43:14,3,0,2026-06-11 23:34:41
mediapool.bg,https://www.mediapool.bg/izbori-2026-cat130.html,https://www.mediapool.bg/preferentsii-i-razpredelenie-otkade-kolko-i-koi-shte-sa-deputatite-na-vsyaka-edna-partiya-news382598.html,"Преференции и разпределение: Откъде, колко и кои ще са депутатите на всяка една партия",2026-04-22 08:00:32,,12,Чета коментарите надолу и ми мед ми капе на сърцето какво квичене надават евроджендерастката паплач в този псевдосайт. Хайде чибa вече :) БЪЛГАРИЯ СПЕЧЕЛИ СВОЯТ ПРЕЗИДЕНТ И СВОЯТ ПРЕМИЕР И СВОЯТА ПАРТИЯ. НАЙ-НАКРАЯ. ДА ЖИВЕЕ БЪЛГАРИЯ.,ivaylo123123,22.04.2026 (ср) 21:50:39,2,4,2026-06-11 23:34:41
mediapool.bg,https://www.mediapool.bg/izbori-2026-cat130.html,https://www.mediapool.bg/preferentsii-i-razpredelenie-otkade-kolko-i-koi-shte-sa-deputatite-na-vsyaka-edna-partiya-news382598.html,"Преференции и разпределение: Откъде, колко и кои ще са депутатите на всяка една партия",2026-04-22 08:00:32,,11,"Ама тази тирада малко е закъсняла за предизборна агитация, така че я възприемам единствено като вой на чакал. Това че ти не си разбрал или разбрала (все тая какъв пол си, то гнидите нямат пол) какво казва най-популярния и интелигентен политик в съвременната история на България си е само твой дефицит. Половин България разбрала, само то не разбрало какви послания е направил генерал Радев в многобройните си обръщения и интервюта. Разбирам, трудно ти е, ама поне не показвай свещената си простота пред публика. Жалка картинка.",ivaylo123123,22.04.2026 (ср) 21:45:28,2,5,2026-06-11 23:34:41
mediapool.bg,https://www.mediapool.bg/izbori-2026-cat130.html,https://www.mediapool.bg/preferentsii-i-razpredelenie-otkade-kolko-i-koi-shte-sa-deputatite-na-vsyaka-edna-partiya-news382598.html,"Преференции и разпределение: Откъде, колко и кои ще са депутатите на всяка една партия",2026-04-22 08:00:32,,10,"Пpoф. Кaлин Янaкиeв: «Чe пoлитичecкa глупocт дeйcтвитeлнo cъщecтвувa (и peзиcтиpa) cpeд мнoзинa oт „cкъпитe ми cънapoдници“ зa мeн e нecъмнeнo. Кaквo изoбщo зa цeли 9 гoдини cтe чули oт нeгo? Ocвeн нaизуcтeнитe нoвoгoдишни пocлaния, ocвeн пoпулиcткoтo му мpънкaнe cpeщу влизaнeтo ни в eвpoзoнaтa, ocвeн чe „Кpим e pуcки, кaкъв дa e“? Кaкъв cлeдoвaтeлнo e изтoчникът нa вaшитe нaдeжди? Eнтуcиaзиpaнитe му избиpaтeли щe пoлучaт eдин мимaнc oт cпopтиcти и eднo пoдвoднo тeчeниe oт oнзидeншни „Жaн-Видeнoвиcти“. Щe тpябвa дa гo пpeживeят (и ниe зaeднo c тяx), зaщoтo кaктo кaзax в нaчaлoтo, пoлитичecкaтa глупocт e дълбoкo, дълбoкo внeдpeнa в нeмaлкa чacт oт нaшия нapoд.»",Филка Русофилка,22.04.2026 (ср) 14:16:17,5,2,2026-06-11 23:34:41
mediapool.bg,https://www.mediapool.bg/izbori-2026-cat130.html,https://www.mediapool.bg/preferentsii-i-razpredelenie-otkade-kolko-i-koi-shte-sa-deputatite-na-vsyaka-edna-partiya-news382598.html,"Преференции и разпределение: Откъде, колко и кои ще са депутатите на всяка една партия",2026-04-22 08:00:32,,9,ГЕРБ губи не само изборите. ГЕРБ губи досегашното си влияние в изпълнителната власт. ГЕРБ го чакат тежки времена на борба за оцеляване срещу вълната от антикорупционни обещания на новите победители.,Ravel,22.04.2026 (ср) 11:57:20,5,4,2026-06-11 23:34:41
mediapool.bg,https://www.mediapool.bg/izbori-2026-cat130.html,https://www.mediapool.bg/preferentsii-i-razpredelenie-otkade-kolko-i-koi-shte-sa-deputatite-na-vsyaka-edna-partiya-news382598.html,"Преференции и разпределение: Откъде, колко и кои ще са депутатите на всяка една партия",2026-04-22 08:00:32,,8,"И да останат спрени за маджарите, щото Маджар се оказа Предател и скрит пютураст:""Макар да спечели с обещание за нов подход към ЕС, Мадяр си представя по–активна Централна Европа, обединена около по–консервативни правителства с близки възгледи за миграцията, енергетиката и икономическата политика. С изключение на Полша, много от тези държави традиционно поддържат и по–гъвкави отношения с Русия."" Мисията на Петер Мадяр: Да възстанови силата на Австро-Унгарската империя https://mobile.frognews.bg/article/331718/",Poro,22.04.2026 (ср) 10:32:26,2,7,2026-06-11 23:34:41
mediapool.bg,https://www.mediapool.bg/izbori-2026-cat130.html,https://www.mediapool.bg/preferentsii-i-razpredelenie-otkade-kolko-i-koi-shte-sa-deputatite-na-vsyaka-edna-partiya-news382598.html,"Преференции и разпределение: Откъде, колко и кои ще са депутатите на всяка една партия",2026-04-22 08:00:32,,7,"Сега, на първо време, ЕС е наложително да спре всякакви фондове за редовия български путюраст, гласувал за Мунчо. Глад и тояга за малоумния плебс!",Mushichka,22.04.2026 (ср) 10:09:13,2,8,2026-06-11 23:34:41
mediapool.bg,https://www.mediapool.bg/izbori-2026-cat130.html,https://www.mediapool.bg/preferentsii-i-razpredelenie-otkade-kolko-i-koi-shte-sa-deputatite-na-vsyaka-edna-partiya-news382598.html,"Преференции и разпределение: Откъде, колко и кои ще са депутатите на всяка една партия",2026-04-22 08:00:32,,6,Още при съставянето на кабинета излиза първото предизвикателство : отново и отново ли министър на външните работи ще е евреин !!!! После след клетвата идват охраната на двамата любимци и безценния Сарафов !,Тихомир Томов,22.04.2026 (ср) 10:07:24,4,8,2026-06-11 23:34:41
mediapool.bg,https://www.mediapool.bg/izbori-2026-cat130.html,https://www.mediapool.bg/preferentsii-i-razpredelenie-otkade-kolko-i-koi-shte-sa-deputatite-na-vsyaka-edna-partiya-news382598.html,"Преференции и разпределение: Откъде, колко и кои ще са депутатите на всяка една партия",2026-04-22 08:00:32,,5,"Мунчо е колхозник, а ти как се чувстваш като скъсана подметка на закоравелия negофил Боко от Банкя с розовия анцуг? https://novini.bg/article/2025030218494078542",Mushichka,22.04.2026 (ср) 10:05:53,3,7,2026-06-11 23:34:41
mediapool.bg,https://www.mediapool.bg/izbori-2026-cat130.html,https://www.mediapool.bg/preferentsii-i-razpredelenie-otkade-kolko-i-koi-shte-sa-deputatite-na-vsyaka-edna-partiya-news382598.html,"Преференции и разпределение: Откъде, колко и кои ще са депутатите на всяка една партия",2026-04-22 08:00:32,,4,"Ще трябва да стигнем до Радевата зима и да ги удари по джоба, за да им дойде акълът на глупендерите.",Brasil,22.04.2026 (ср) 10:01:34,7,6,2026-06-11 23:34:41
mediapool.bg,https://www.mediapool.bg/izbori-2026-cat130.html,https://www.mediapool.bg/yotova-svikva-ns-do-dni-ochakva-pravosadna-reforma-i-preporachva-glavniyat-sekretar-na-mvr-da-ostane-news382589.html,Йотова свиква НС до дни. Очаква правосъдна реформа и препоръчва главният секретар на МВР да остане,2026-04-21 18:09:11,,49,Депутати без имунитети и с еднопосочни билети за Дубай очаквайте през май.,Ravel,22.04.2026 (ср) 12:09:20,0,0,2026-06-11 23:34:52
mediapool.bg,https://www.mediapool.bg/izbori-2026-cat130.html,https://www.mediapool.bg/yotova-svikva-ns-do-dni-ochakva-pravosadna-reforma-i-preporachva-glavniyat-sekretar-na-mvr-da-ostane-news382589.html,Йотова свиква НС до дни. Очаква правосъдна реформа и препоръчва главният секретар на МВР да остане,2026-04-21 18:09:11,,48,"Не съм го гледала. Но по принцип бързорекия Кутев не слешам с внимание, много говори, рядко казва нщо което после да става, все предвижда неща, които не се осъществяват. Лека кавалерия.",boriana,22.04.2026 (ср) 10:48:17,2,0,2026-06-11 23:34:52
mediapool.bg,https://www.mediapool.bg/izbori-2026-cat130.html,https://www.mediapool.bg/yotova-svikva-ns-do-dni-ochakva-pravosadna-reforma-i-preporachva-glavniyat-sekretar-na-mvr-da-ostane-news382589.html,Йотова свиква НС до дни. Очаква правосъдна реформа и препоръчва главният секретар на МВР да остане,2026-04-21 18:09:11,,47,"Той е в тандем с Е. Дечев, министъра. При един хлабав министър полза от него няма да има. Но Йотова не можше да предложи Дечев, защото е далеч от нейната и на Радев боя.",boriana,22.04.2026 (ср) 10:45:02,0,0,2026-06-11 23:34:52
mediapool.bg,https://www.mediapool.bg/izbori-2026-cat130.html,https://www.mediapool.bg/yotova-svikva-ns-do-dni-ochakva-pravosadna-reforma-i-preporachva-glavniyat-sekretar-na-mvr-da-ostane-news382589.html,Йотова свиква НС до дни. Очаква правосъдна реформа и препоръчва главният секретар на МВР да остане,2026-04-21 18:09:11,,46,"Извинение - грешката е моя, написал съм Карбовски, но имах предвид Дачков: 54-минутното интервю за което споменах по-рано. И пак ще трябва да те разочаровам - никъде и дума Кутев не обелва каква ще е същността на съдебната реформа. Кой и колко депутати ще има и какво става ако ги няма - това не е концепция за реформа, а дребни бакалски сметки. Имало било дефекти в правораздаването и това позволявало определени хора да упражняват неформална власт - ние това въобще не го знаехме. Затова пак ще кажа …Прочети целия коментар - сподели тук и обясни какво ще представлява реформата в съдебната система според програмата на ПБ. Ако не знаеш какво е замислено или не можеш да го обясниш, кажи си, ще те разберем и никой няма да ти се сърди.",Препоръка,22.04.2026 (ср) 10:05:36,1,1,2026-06-11 23:34:52
mediapool.bg,https://www.mediapool.bg/izbori-2026-cat130.html,https://www.mediapool.bg/yotova-svikva-ns-do-dni-ochakva-pravosadna-reforma-i-preporachva-glavniyat-sekretar-na-mvr-da-ostane-news382589.html,Йотова свиква НС до дни. Очаква правосъдна реформа и препоръчва главният секретар на МВР да остане,2026-04-21 18:09:11,,45,"Като я зърна тази дърта болшевичка от Сливница ми се обръщат червата! Ако някой ми беше казал на 10-ти ноември 1989 година че такива ще ни управляват 36 години по-късно, щях да му избия зъбите! Между другото, не се ли досещате защо тази червена лелка назначи Гюров за служебен премиер? Благодарение на добрата работа и прекъсвани на купения вот те гарантираха на Радеф това мнозинство и прецакаха ГЕРП, ДПС, ИТН, МЕЧ и други подобни измишльотини! Това е самата истина!",Anticomm,22.04.2026 (ср) 10:02:54,1,2,2026-06-11 23:34:52
mediapool.bg,https://www.mediapool.bg/izbori-2026-cat130.html,https://www.mediapool.bg/yotova-svikva-ns-do-dni-ochakva-pravosadna-reforma-i-preporachva-glavniyat-sekretar-na-mvr-da-ostane-news382589.html,Йотова свиква НС до дни. Очаква правосъдна реформа и препоръчва главният секретар на МВР да остане,2026-04-21 18:09:11,,44,"Кой да ми резне квитанциите , бе , игнорамус?",Sion,22.04.2026 (ср) 9:51:26,2,3,2026-06-11 23:34:52
mediapool.bg,https://www.mediapool.bg/izbori-2026-cat130.html,https://www.mediapool.bg/yotova-svikva-ns-do-dni-ochakva-pravosadna-reforma-i-preporachva-glavniyat-sekretar-na-mvr-da-ostane-news382589.html,Йотова свиква НС до дни. Очаква правосъдна реформа и препоръчва главният секретар на МВР да остане,2026-04-21 18:09:11,,43,"И през тези 6 месеца без заплати,пенсии....и т.н.,вие ли ще храните хората,вие ли ще им плащате разходи,сметки,дължими суми към различни услуги?Предложението е странно.Според мен по-добре е ЕС да спре ПВУзащото има опасност да бъдат ""усвоени"" от олигообръчите на Мунчо.",Taormina,22.04.2026 (ср) 9:18:12,0,4,2026-06-11 23:34:52
mediapool.bg,https://www.mediapool.bg/izbori-2026-cat130.html,https://www.mediapool.bg/yotova-svikva-ns-do-dni-ochakva-pravosadna-reforma-i-preporachva-glavniyat-sekretar-na-mvr-da-ostane-news382589.html,Йотова свиква НС до дни. Очаква правосъдна реформа и препоръчва главният секретар на МВР да остане,2026-04-21 18:09:11,,42,"Йотова трябва да се занимава с други дела оттук нататък. Препоръките трябва да идват от народа, който беше подведен, че му предстои финансова криза и обедняване, и гласува за човек, когото не познава. Народното събрание веднага трябва да гласува строг контрол на финансовите средства на държавата през преходната 2026 г. За целта може да се наложи мораториум за подписване на големи сделки и спогодби. Трябва да се замразят за 6 месеца заплатите, пенсиите, социалните плащания, данъците, акцизите, таксите. Направените икономии да бъдат връщани в държавния бюджет на страната. Само така можем да видим докъде сме стигнали и с колко да нарастват разходите през следващите години.",Е анита хегерланд,22.04.2026 (ср) 8:44:17,1,4,2026-06-11 23:34:52
mediapool.bg,https://www.mediapool.bg/izbori-2026-cat130.html,https://www.mediapool.bg/yotova-svikva-ns-do-dni-ochakva-pravosadna-reforma-i-preporachva-glavniyat-sekretar-na-mvr-da-ostane-news382589.html,Йотова свиква НС до дни. Очаква правосъдна реформа и препоръчва главният секретар на МВР да остане,2026-04-21 18:09:11,,41,"На теб, хибридно гавно, много ти знае балалайката напоследък. Да не ти резнат квитанцийките накрая?",2026,22.04.2026 (ср) 4:38:24,3,2,2026-06-11 23:34:52
mediapool.bg,https://www.mediapool.bg/izbori-2026-cat130.html,https://www.mediapool.bg/yotova-svikva-ns-do-dni-ochakva-pravosadna-reforma-i-preporachva-glavniyat-sekretar-na-mvr-da-ostane-news382589.html,Йотова свиква НС до дни. Очаква правосъдна реформа и препоръчва главният секретар на МВР да остане,2026-04-21 18:09:11,,40,"Първо , никога не съм ти препоръчвал интервю на Кутев при Карбовски. Препоръчах ти интервюто му с Явор Дачков. В това интервю отиваш на 16- та минута и гледаш следващите няколко минути в които се обясняват стъпките , които ще предприемат в част правосъдие . В детайли. Какво става ако Баце и Пеевски имат над 80 депутати и какво става ако ги нямат. Приятно гледане.И да , не стоя 24 часа във Форума и може да съм пропуснал твой въпрос.",Sion,22.04.2026 (ср) 1:56:15,1,3,2026-06-11 23:34:52
mediapool.bg,https://www.mediapool.bg/izbori-2026-cat130.html,https://www.mediapool.bg/kostadinov-narodat-ne-iska-vazrazhdane-da-go-upravlyava-ideologiite-pretarpyaha-krah-news382586.html,"Костадинов: Народът не иска ""Възраждане"" да го управлява; идеологиите претърпяха крах",2026-04-21 17:23:44,,13,"Да си пожелаем при следващите избори Костя да отиде при Слафчоу на диванчето, да попръдат из Фесбук заедно.","Татко Петко, Прилеп с Пръстенче",23.04.2026 (чт) 14:24:49,1,0,2026-06-11 23:35:02
mediapool.bg,https://www.mediapool.bg/izbori-2026-cat130.html,https://www.mediapool.bg/kostadinov-narodat-ne-iska-vazrazhdane-da-go-upravlyava-ideologiite-pretarpyaha-krah-news382586.html,"Костадинов: Народът не иска ""Възраждане"" да го управлява; идеологиите претърпяха крах",2026-04-21 17:23:44,,12,"Не бре, максудович, народът не ще вас, руZките помиярпростаци. Особено да му ковете закони и да организирате погроми. Аре чъйба на Варненското блато да си довършиш катунарската шатра с изглед към гавната.",ПyтлЭр Xyйло,21.04.2026 (вт) 22:29:22,12,0,2026-06-11 23:35:02
mediapool.bg,https://www.mediapool.bg/izbori-2026-cat130.html,https://www.mediapool.bg/kostadinov-narodat-ne-iska-vazrazhdane-da-go-upravlyava-ideologiite-pretarpyaha-krah-news382586.html,"Костадинов: Народът не иска ""Възраждане"" да го управлява; идеологиите претърпяха крах",2026-04-21 17:23:44,,11,Народът не поиска и простите и грозни шарлатани да го управляват! ;),Мазен Кумунис,21.04.2026 (вт) 22:23:59,1,6,2026-06-11 23:35:02
mediapool.bg,https://www.mediapool.bg/izbori-2026-cat130.html,https://www.mediapool.bg/kostadinov-narodat-ne-iska-vazrazhdane-da-go-upravlyava-ideologiite-pretarpyaha-krah-news382586.html,"Костадинов: Народът не иска ""Възраждане"" да го управлява; идеологиите претърпяха крах",2026-04-21 17:23:44,,9,"Крайно време е ЕС да започне автоматично да изключва тъпите народи, които си иZбират путюрасти.",ABV,21.04.2026 (вт) 21:33:01,3,2,2026-06-11 23:35:02
mediapool.bg,https://www.mediapool.bg/izbori-2026-cat130.html,https://www.mediapool.bg/kostadinov-narodat-ne-iska-vazrazhdane-da-go-upravlyava-ideologiite-pretarpyaha-krah-news382586.html,"Костадинов: Народът не иска ""Възраждане"" да го управлява; идеологиите претърпяха крах",2026-04-21 17:23:44,,8,"Беше си въобразил че е играч, а се оказа играчка, от която вече нямат нужда. Очаква го отичането в канала като Атака, за която никой вече не се сеща.",anton nikolov,21.04.2026 (вт) 21:30:08,6,0,2026-06-11 23:35:02
mediapool.bg,https://www.mediapool.bg/izbori-2026-cat130.html,https://www.mediapool.bg/kostadinov-narodat-ne-iska-vazrazhdane-da-go-upravlyava-ideologiite-pretarpyaha-krah-news382586.html,"Костадинов: Народът не иска ""Възраждане"" да го управлява; идеологиите претърпяха крах",2026-04-21 17:23:44,,7,"Костадинов понякога е забавено да го слушаш, когато разсъждава на глас... Кажи сега Коце, къде и каква е вашата идеология, че нещо се обърках.",Rolo Tomassi,21.04.2026 (вт) 19:31:55,9,0,2026-06-11 23:35:02
mediapool.bg,https://www.mediapool.bg/izbori-2026-cat130.html,https://www.mediapool.bg/kostadinov-narodat-ne-iska-vazrazhdane-da-go-upravlyava-ideologiite-pretarpyaha-krah-news382586.html,"Костадинов: Народът не иска ""Възраждане"" да го управлява; идеологиите претърпяха крах",2026-04-21 17:23:44,,6,"В канала, копейкин!",В и К,21.04.2026 (вт) 18:45:12,8,0,2026-06-11 23:35:02
mediapool.bg,https://www.mediapool.bg/izbori-2026-cat130.html,https://www.mediapool.bg/kostadinov-narodat-ne-iska-vazrazhdane-da-go-upravlyava-ideologiite-pretarpyaha-krah-news382586.html,"Костадинов: Народът не иска ""Възраждане"" да го управлява; идеологиите претърпяха крах",2026-04-21 17:23:44,,5,"Интересно на какво се е надявал Костадинов? Обещава да извади България от ЕС и от НАТО, какти да върне лева и иска хората да го харесват? Само един малък % лумпени и идиоти могат да бъдат такива мазохисти.",Съвестин,21.04.2026 (вт) 18:43:17,9,0,2026-06-11 23:35:02
mediapool.bg,https://www.mediapool.bg/izbori-2026-cat130.html,https://www.mediapool.bg/kostadinov-narodat-ne-iska-vazrazhdane-da-go-upravlyava-ideologiite-pretarpyaha-krah-news382586.html,"Костадинов: Народът не иска ""Възраждане"" да го управлява; идеологиите претърпяха крах",2026-04-21 17:23:44,,4,"Костадинов е един пуяк, като много други. Дрънкало. Поразгонихме някои слава Богу! Не мога да си обясня тази мания само некадърници и продажници да се натискат за политици.",dabedabe,21.04.2026 (вт) 17:56:49,6,3,2026-06-11 23:35:02
mediapool.bg,https://www.mediapool.bg/izbori-2026-cat130.html,https://www.mediapool.bg/zaradi-izborite-krum-zarkov-iska-vot-na-doverie-news382576.html,Заради изборите: Крум Зарков иска вот на доверие,2026-04-21 15:35:52,,8,"Хора много, на кои хора? Какво ли и питам, Магда...",PP,4.05.2026 (пн) 3:12:56,2,0,2026-06-11 23:35:03
mediapool.bg,https://www.mediapool.bg/izbori-2026-cat130.html,https://www.mediapool.bg/zaradi-izborite-krum-zarkov-iska-vot-na-doverie-news382576.html,Заради изборите: Крум Зарков иска вот на доверие,2026-04-21 15:35:52,,7,Комунета да защитават интереси на хора. Това го няма в цялата необятна вселена,Мисисипски,21.04.2026 (вт) 20:14:27,2,1,2026-06-11 23:35:03
mediapool.bg,https://www.mediapool.bg/izbori-2026-cat130.html,https://www.mediapool.bg/zaradi-izborite-krum-zarkov-iska-vot-na-doverie-news382576.html,Заради изборите: Крум Зарков иска вот на доверие,2026-04-21 15:35:52,,6,"Най-положителното от последните избори беше, че за първи път от 81 години 100-годишната старица беше изхвърлена извън Събранието. Вярно е, беше заменена от партията на чорапа, но не вярвам последната да се окаже и на 1% толкова корава колкото старицата.",Горскио,21.04.2026 (вт) 18:07:13,4,1,2026-06-11 23:35:03
mediapool.bg,https://www.mediapool.bg/izbori-2026-cat130.html,https://www.mediapool.bg/zaradi-izborite-krum-zarkov-iska-vot-na-doverie-news382576.html,Заради изборите: Крум Зарков иска вот на доверие,2026-04-21 15:35:52,,5,"Круме, Круме, язък ти за името. Трябвало е да те нарекат Кацамун.",Горскио,21.04.2026 (вт) 18:03:45,4,1,2026-06-11 23:35:03
mediapool.bg,https://www.mediapool.bg/izbori-2026-cat130.html,https://www.mediapool.bg/zaradi-izborite-krum-zarkov-iska-vot-na-doverie-news382576.html,Заради изборите: Крум Зарков иска вот на доверие,2026-04-21 15:35:52,,4,"БСП - ОЛ, ще продължи да съществува, защото хората имат нужда от тях, да защитават техните интереси.",Milanova Magda,21.04.2026 (вт) 17:32:01,0,5,2026-06-11 23:35:03
mediapool.bg,https://www.mediapool.bg/izbori-2026-cat130.html,https://www.mediapool.bg/zaradi-izborite-krum-zarkov-iska-vot-na-doverie-news382576.html,Заради изборите: Крум Зарков иска вот на доверие,2026-04-21 15:35:52,,3,"Празни приказки. В нормалните държави след провали и резили шефовете на партии си тръгват. За комундетата е стара практика да са неадекватни, във всяка ситуация.",Медиатор,21.04.2026 (вт) 17:09:53,1,5,2026-06-11 23:35:03
mediapool.bg,https://www.mediapool.bg/izbori-2026-cat130.html,https://www.mediapool.bg/zaradi-izborite-krum-zarkov-iska-vot-na-doverie-news382576.html,Заради изборите: Крум Зарков иска вот на доверие,2026-04-21 15:35:52,,2,Столетницата най - после се спомина.,anton nikolov,21.04.2026 (вт) 16:54:20,5,1,2026-06-11 23:35:03
mediapool.bg,https://www.mediapool.bg/izbori-2026-cat130.html,https://www.mediapool.bg/zaradi-izborite-krum-zarkov-iska-vot-na-doverie-news382576.html,Заради изборите: Крум Зарков иска вот на доверие,2026-04-21 15:35:52,,1,И това трябва да ни интересува защото?,Един препатил,21.04.2026 (вт) 15:52:54,5,1,2026-06-11 23:35:03
mediapool.bg,https://www.mediapool.bg/izbori-2026-cat130.html,https://www.mediapool.bg/peevski-zabravi-za-mistar-kesh-pozdravi-radev-za-respektirashtiya-rezultat-news382575.html,"Пеевски забрави за ""мистър Кеш""; поздрави Радев за ""респектиращия резултат""",2026-04-21 14:21:10,,27,"Ей, не разбирате от приятелски задявки.",dabedabe,27.04.2026 (пн) 6:58:37,0,0,2026-06-11 23:35:14
mediapool.bg,https://www.mediapool.bg/izbori-2026-cat130.html,https://www.mediapool.bg/peevski-zabravi-za-mistar-kesh-pozdravi-radev-za-respektirashtiya-rezultat-news382575.html,"Пеевски забрави за ""мистър Кеш""; поздрави Радев за ""респектиращия резултат""",2026-04-21 14:21:10,,26,Как се чувстваш като скъсана подметка на закоравелия negофил Боко от Банкя с розовия анцуг? https://novini.bg/article/2025030218494078542,Mushichka,22.04.2026 (ср) 10:03:14,3,0,2026-06-11 23:35:14
mediapool.bg,https://www.mediapool.bg/izbori-2026-cat130.html,https://www.mediapool.bg/peevski-zabravi-za-mistar-kesh-pozdravi-radev-za-respektirashtiya-rezultat-news382575.html,"Пеевски забрави за ""мистър Кеш""; поздрави Радев за ""респектиращия резултат""",2026-04-21 14:21:10,,25,Пеевски остава без охрана . Вай завала.......,Ravel,22.04.2026 (ср) 7:20:33,0,0,2026-06-11 23:35:14
mediapool.bg,https://www.mediapool.bg/izbori-2026-cat130.html,https://www.mediapool.bg/peevski-zabravi-za-mistar-kesh-pozdravi-radev-za-respektirashtiya-rezultat-news382575.html,"Пеевски забрави за ""мистър Кеш""; поздрави Радев за ""респектиращия резултат""",2026-04-21 14:21:10,,24,Господ здраве да му дава на Пасчо Магнитски за да гледаме шоуто му с шарлатаните! ;),Мазен Кумунис,22.04.2026 (ср) 7:12:47,0,4,2026-06-11 23:35:14
mediapool.bg,https://www.mediapool.bg/izbori-2026-cat130.html,https://www.mediapool.bg/peevski-zabravi-za-mistar-kesh-pozdravi-radev-za-respektirashtiya-rezultat-news382575.html,"Пеевски забрави за ""мистър Кеш""; поздрави Радев за ""респектиращия резултат""",2026-04-21 14:21:10,,23,"Трябваше някой да натрие носовете на Борисов и Пеевски.За съжаление ППДБ не успя да се възползват от недоволните хора на площадите, не можаха да ги убедят, че ще се справят с Борисов и Пеевски.Още не свършили изборите и се изпокараха за депутатски места.Чудя се, така ли няма кой да му каже на ген.Василев, че е време да мине малко назад.Видя се и на протестите, че хората не го приемат добре.Не знам от тук нататък какво ще става, но не е луд този който яде зелника.",Стас,22.04.2026 (ср) 7:09:31,0,0,2026-06-11 23:35:14
mediapool.bg,https://www.mediapool.bg/izbori-2026-cat130.html,https://www.mediapool.bg/peevski-zabravi-za-mistar-kesh-pozdravi-radev-za-respektirashtiya-rezultat-news382575.html,"Пеевски забрави за ""мистър Кеш""; поздрави Радев за ""респектиращия резултат""",2026-04-21 14:21:10,,22,"Изглежда и Радев забрави май, кои наричаше шарлатани! Явно ще му трябват! Пък и те сигурно вече няма да си правят ала, бала с него! Абе политика, магистрална работа.",Фани Мазакура,22.04.2026 (ср) 6:44:30,0,1,2026-06-11 23:35:14
mediapool.bg,https://www.mediapool.bg/izbori-2026-cat130.html,https://www.mediapool.bg/peevski-zabravi-za-mistar-kesh-pozdravi-radev-za-respektirashtiya-rezultat-news382575.html,"Пеевски забрави за ""мистър Кеш""; поздрави Радев за ""респектиращия резултат""",2026-04-21 14:21:10,,20,"Тоя си е тарикат! Слагаше се на Борисов, когато имаше файда от него! Сега ще се слага на Радефф и т.н.т.",Himler,22.04.2026 (ср) 1:08:15,3,0,2026-06-11 23:35:14
mediapool.bg,https://www.mediapool.bg/izbori-2026-cat130.html,https://www.mediapool.bg/peevski-zabravi-za-mistar-kesh-pozdravi-radev-za-respektirashtiya-rezultat-news382575.html,"Пеевски забрави за ""мистър Кеш""; поздрави Радев за ""респектиращия резултат""",2026-04-21 14:21:10,,19,Свинята мн нагла! Искам реформа в съдебната система и работеща прокуратура! И Дечев да е шеф на МВР а Кандев главсек!,Шерлок Холмс,21.04.2026 (вт) 22:22:01,5,0,2026-06-11 23:35:14
mediapool.bg,https://www.mediapool.bg/izbori-2026-cat130.html,https://www.mediapool.bg/peevski-zabravi-za-mistar-kesh-pozdravi-radev-za-respektirashtiya-rezultat-news382575.html,"Пеевски забрави за ""мистър Кеш""; поздрави Радев за ""респектиращия резултат""",2026-04-21 14:21:10,,18,"Е, ако трябва да сме честни ""всички нас"" не сме безмълвни свидетели, понеже сами си го причинихме.",sloth,21.04.2026 (вт) 22:06:05,5,0,2026-06-11 23:35:14
mediapool.bg,https://www.mediapool.bg/izbori-2026-cat130.html,https://www.mediapool.bg/spored-borisov-druzhbata-mu-s-peevski-i-pp-db-dovela-do-izborniya-krah-na-gerb-news382567.html,"Според Борисов ""дружбата му"" с Пеевски и ПП-ДБ довела до изборния крах на ГЕРБ",2026-04-21 12:13:24,,68,То беше голяма дружба с ПП-ДБ!!,Blackadder,14.05.2026 (чт) 16:49:23,1,0,2026-06-11 23:35:25
mediapool.bg,https://www.mediapool.bg/izbori-2026-cat130.html,https://www.mediapool.bg/spored-borisov-druzhbata-mu-s-peevski-i-pp-db-dovela-do-izborniya-krah-na-gerb-news382567.html,"Според Борисов ""дружбата му"" с Пеевски и ПП-ДБ довела до изборния крах на ГЕРБ",2026-04-21 12:13:24,,67,"вместо да зяе глynycти. . ., бОко да ходи да . . . си гледа дечицата по Барселона и където още е посял, докато още не са го запряли. . . И каква ""дружба с ППДБ"" си имал, бе, тюфлек-плювалнико? (((-: . . . ""дружба"" ??!?? (-: - да та е*а у дружинната и у милиционер-дружинника . . .",Bлaдo,23.04.2026 (чт) 11:04:19,2,0,2026-06-11 23:35:25
mediapool.bg,https://www.mediapool.bg/izbori-2026-cat130.html,https://www.mediapool.bg/spored-borisov-druzhbata-mu-s-peevski-i-pp-db-dovela-do-izborniya-krah-na-gerb-news382567.html,"Според Борисов ""дружбата му"" с Пеевски и ПП-ДБ довела до изборния крах на ГЕРБ",2026-04-21 12:13:24,,66,Ура! Бойчето продължава да бори корупцията! Само при него никой не помисля да краде!,"Татко Петко, Прилеп с Пръстенче",22.04.2026 (ср) 6:22:12,3,0,2026-06-11 23:35:25
mediapool.bg,https://www.mediapool.bg/izbori-2026-cat130.html,https://www.mediapool.bg/spored-borisov-druzhbata-mu-s-peevski-i-pp-db-dovela-do-izborniya-krah-na-gerb-news382567.html,"Според Борисов ""дружбата му"" с Пеевски и ПП-ДБ довела до изборния крах на ГЕРБ",2026-04-21 12:13:24,,65,Неуморим! Доктор на науките! Велик! ;),Мазен Кумунис,21.04.2026 (вт) 22:28:11,1,10,2026-06-11 23:35:25
mediapool.bg,https://www.mediapool.bg/izbori-2026-cat130.html,https://www.mediapool.bg/spored-borisov-druzhbata-mu-s-peevski-i-pp-db-dovela-do-izborniya-krah-na-gerb-news382567.html,"Според Борисов ""дружбата му"" с Пеевски и ПП-ДБ довела до изборния крах на ГЕРБ",2026-04-21 12:13:24,,64,"Има, има булгарские руZZофиль-путлЭрастите. Не случайно яшар замфиркьов, известен и като ""Тато"" с присъщия си ""изтънчен"" хумор е казвал, ""Когато в маЦква пръъднат, ние в София се на33ираме"".",ПyтлЭр Xyйло,21.04.2026 (вт) 22:09:33,15,0,2026-06-11 23:35:25
mediapool.bg,https://www.mediapool.bg/izbori-2026-cat130.html,https://www.mediapool.bg/spored-borisov-druzhbata-mu-s-peevski-i-pp-db-dovela-do-izborniya-krah-na-gerb-news382567.html,"Според Борисов ""дружбата му"" с Пеевски и ПП-ДБ довела до изборния крах на ГЕРБ",2026-04-21 12:13:24,,63,"""Велик..., неуморим..., доктор на нàуките""... упс... абе мазнейката къде е ? Такова мълчание звучи плашещо...Тоа да не си е посегнал... ?",Rolo Tomassi,21.04.2026 (вт) 22:01:36,6,0,2026-06-11 23:35:25
mediapool.bg,https://www.mediapool.bg/izbori-2026-cat130.html,https://www.mediapool.bg/spored-borisov-druzhbata-mu-s-peevski-i-pp-db-dovela-do-izborniya-krah-na-gerb-news382567.html,"Според Борисов ""дружбата му"" с Пеевски и ПП-ДБ довела до изборния крах на ГЕРБ",2026-04-21 12:13:24,,62,"Благодарим на Борисов, че успя цели 17 години да задържи страната в умерено проевропейско русло, въпреки, че беше избран от посткомунистическата мутро-мафията за ролята на гадев.",ABV,21.04.2026 (вт) 21:51:31,0,7,2026-06-11 23:35:25
mediapool.bg,https://www.mediapool.bg/izbori-2026-cat130.html,https://www.mediapool.bg/spored-borisov-druzhbata-mu-s-peevski-i-pp-db-dovela-do-izborniya-krah-na-gerb-news382567.html,"Според Борисов ""дружбата му"" с Пеевски и ПП-ДБ довела до изборния крах на ГЕРБ",2026-04-21 12:13:24,,61,"Дружбата го довела до крах, ама няма да подаде оставка. Решенията за тази дружба кой ги взе ? Мутрата е прав дори когато греши.",anton nikolov,21.04.2026 (вт) 21:34:19,4,0,2026-06-11 23:35:25
mediapool.bg,https://www.mediapool.bg/izbori-2026-cat130.html,https://www.mediapool.bg/spored-borisov-druzhbata-mu-s-peevski-i-pp-db-dovela-do-izborniya-krah-na-gerb-news382567.html,"Според Борисов ""дружбата му"" с Пеевски и ПП-ДБ довела до изборния крах на ГЕРБ",2026-04-21 12:13:24,,60,"Няма вече джипове, джетове...",2026,21.04.2026 (вт) 20:02:18,4,0,2026-06-11 23:35:25
mediapool.bg,https://www.mediapool.bg/izbori-2026-cat130.html,https://www.mediapool.bg/spored-borisov-druzhbata-mu-s-peevski-i-pp-db-dovela-do-izborniya-krah-na-gerb-news382567.html,"Според Борисов ""дружбата му"" с Пеевски и ПП-ДБ довела до изборния крах на ГЕРБ",2026-04-21 12:13:24,,59,"Ех Боче...още не си си взел поука гледам. Спокойно, ще имаш достатъчно време, за да преосмислиш резултата.",Rolo Tomassi,21.04.2026 (вт) 19:28:27,5,0,2026-06-11 23:35:25
mediapool.bg,https://www.mediapool.bg/izbori-2026-cat130.html,https://www.mediapool.bg/do-chetvartak-tsik-obyavyava-okonchatelnite-rezultati-ot-vota-news382565.html,До четвъртък ЦИК обявява окончателните резултати от вота,2026-04-21 10:04:21,,3,"Гласуват в Сърбия, защото им е по-близо и по-лесно. А два пъти няма как да гласуват. Не си запознат : след изборите всички избирателни списъци се проверяват по ЕГН за двойно гласуване. Аз друго бих попитал. Кога ще можем да гласуваме по пощата, или поне с пълномощно ? Както е в белите държави ?",lubo,22.04.2026 (ср) 0:34:30,0,0,2026-06-11 23:35:25
mediapool.bg,https://www.mediapool.bg/izbori-2026-cat130.html,https://www.mediapool.bg/do-chetvartak-tsik-obyavyava-okonchatelnite-rezultati-ot-vota-news382565.html,До четвъртък ЦИК обявява окончателните резултати от вота,2026-04-21 10:04:21,,2,Никой дума не отваря за българските автобуси в изборният ден в Сърбия! Някои хора са гласували по два пъти!,полк. Дрангов,21.04.2026 (вт) 13:51:38,0,0,2026-06-11 23:35:25
mediapool.bg,https://www.mediapool.bg/izbori-2026-cat130.html,https://www.mediapool.bg/do-chetvartak-tsik-obyavyava-okonchatelnite-rezultati-ot-vota-news382565.html,До четвъртък ЦИК обявява окончателните резултати от вота,2026-04-21 10:04:21,,1,"гюро сбогом, няма вече джипове, джетове.. след като г-н радев призова служебните министри да се пръждосват, либералдемократите са по-ниски от тревата",metal slug,21.04.2026 (вт) 10:52:19,3,3,2026-06-11 23:35:25
mediapool.bg,https://www.mediapool.bg/izbori-2026-cat130.html?page=2,https://www.mediapool.bg/mvr-politicheskata-kartina-shteshe-da-e-savsem-razlichna-ako-ne-byaha-aktsiite-sreshtu-kupuvaneto-na-glasove-news382562.html,"МВР: Политическата картина щеше да е съвсем различна, ако не бяха акциите срещу купуването на гласове",2026-04-21 09:26:52,,8,Мазен вече е време да излезеш в нелегалност. Много материал изписа за кютек,Нико Георгиев,21.04.2026 (вт) 15:32:02,3,0,2026-06-11 23:35:27
mediapool.bg,https://www.mediapool.bg/izbori-2026-cat130.html?page=2,https://www.mediapool.bg/mvr-politicheskata-kartina-shteshe-da-e-savsem-razlichna-ako-ne-byaha-aktsiite-sreshtu-kupuvaneto-na-glasove-news382562.html,"МВР: Политическата картина щеше да е съвсем различна, ако не бяха акциите срещу купуването на гласове",2026-04-21 09:26:52,,7,Респект за ноовия шеф на МВР!,Liberal,21.04.2026 (вт) 13:41:06,5,0,2026-06-11 23:35:27
mediapool.bg,https://www.mediapool.bg/izbori-2026-cat130.html?page=2,https://www.mediapool.bg/mvr-politicheskata-kartina-shteshe-da-e-savsem-razlichna-ako-ne-byaha-aktsiite-sreshtu-kupuvaneto-na-glasove-news382562.html,"МВР: Политическата картина щеше да е съвсем различна, ако не бяха акциите срещу купуването на гласове",2026-04-21 09:26:52,,6,"Герберите наистина сте уникално тъпи. Само вие не разбрахте, че това МВР не е на ПП-ДБ, а на Радев. Който и спечели изборите. Дано ви просветне когато Дечев остане вътрешен министър в новото правителство или стане главен прокурор, а Кандев от и.ф. стане титулярен главен секретар на МВР.",Един препатил,21.04.2026 (вт) 13:28:11,7,0,2026-06-11 23:35:27
mediapool.bg,https://www.mediapool.bg/izbori-2026-cat130.html?page=2,https://www.mediapool.bg/mvr-politicheskata-kartina-shteshe-da-e-savsem-razlichna-ako-ne-byaha-aktsiite-sreshtu-kupuvaneto-na-glasove-news382562.html,"МВР: Политическата картина щеше да е съвсем различна, ако не бяха акциите срещу купуването на гласове",2026-04-21 09:26:52,,5,"Народът накрои шапки. Усети силата си. Ако се наложи, пак ще крои шапки. Народът ни не е заспал и аполитичен, а търси хора, на които да се довери. Много време и пари се пропиляха. Трябва да се осигури работа на всеки българин тук, в България. Но не само да бъхти с кирката и лопатата или да вдига скъпи кибритени кутийки в градовете. Селата са много важни също.",dabedabe,21.04.2026 (вт) 12:55:36,4,1,2026-06-11 23:35:27
mediapool.bg,https://www.mediapool.bg/izbori-2026-cat130.html?page=2,https://www.mediapool.bg/mvr-politicheskata-kartina-shteshe-da-e-savsem-razlichna-ako-ne-byaha-aktsiite-sreshtu-kupuvaneto-na-glasove-news382562.html,"МВР: Политическата картина щеше да е съвсем различна, ако не бяха акциите срещу купуването на гласове",2026-04-21 09:26:52,,4,Сега следва да се установи откъде са парите и законни ли са.,ImBlack,21.04.2026 (вт) 10:33:00,5,0,2026-06-11 23:35:27
mediapool.bg,https://www.mediapool.bg/izbori-2026-cat130.html?page=2,https://www.mediapool.bg/mvr-politicheskata-kartina-shteshe-da-e-savsem-razlichna-ako-ne-byaha-aktsiite-sreshtu-kupuvaneto-na-glasove-news382562.html,"МВР: Политическата картина щеше да е съвсем различна, ако не бяха акциите срещу купуването на гласове",2026-04-21 09:26:52,,3,"Да,разбира се,но за кого бяха акциите?И от кого бяха заповедите?Знаем истината.Спрете с тези лъжи.",Taormina,21.04.2026 (вт) 10:21:18,0,6,2026-06-11 23:35:27
mediapool.bg,https://www.mediapool.bg/izbori-2026-cat130.html?page=2,https://www.mediapool.bg/mvr-politicheskata-kartina-shteshe-da-e-savsem-razlichna-ako-ne-byaha-aktsiite-sreshtu-kupuvaneto-na-glasove-news382562.html,"МВР: Политическата картина щеше да е съвсем различна, ако не бяха акциите срещу купуването на гласове",2026-04-21 09:26:52,,2,"Шарлатани, към момента - русофилистикът първи, евроатлантика втори, апедофилскитешарлатани сте в тъча. С ВАШЕ МВР! ;)",Мазен Кумунис,21.04.2026 (вт) 10:01:12,1,8,2026-06-11 23:35:27
mediapool.bg,https://www.mediapool.bg/izbori-2026-cat130.html?page=2,https://www.mediapool.bg/ostrietata-na-radev-koito-sa-favoriti-za-ministerski-kresla-news382549.html,"Остриетата на Радев, които са фаворити за министерски кресла",2026-04-21 08:04:19,,92,"Не се ядосвайте, не си заслужава.Poro e един жалък тр-ол. Той тр-оли за да съществува.До вчера целуваше магнитския .адник, днес Радевия. ПП Радвам се, че много хора от НРБ-то не са късопаметни и продажни.",Кая,22.04.2026 (ср) 11:27:45,1,0,2026-06-11 23:35:38
mediapool.bg,https://www.mediapool.bg/izbori-2026-cat130.html?page=2,https://www.mediapool.bg/ostrietata-na-radev-koito-sa-favoriti-za-ministerski-kresla-news382549.html,"Остриетата на Радев, които са фаворити за министерски кресла",2026-04-21 08:04:19,,91,Обикновено министъра на външните е евреин ......................,Тихомир Томов,22.04.2026 (ср) 10:17:26,0,5,2026-06-11 23:35:38
mediapool.bg,https://www.mediapool.bg/izbori-2026-cat130.html?page=2,https://www.mediapool.bg/ostrietata-na-radev-koito-sa-favoriti-za-ministerski-kresla-news382549.html,"Остриетата на Радев, които са фаворити за министерски кресла",2026-04-21 08:04:19,,90,"По-добре ще е да си го направят щеф на пощите, ще му приляга повече :)",BGTodorov,22.04.2026 (ср) 7:41:30,0,0,2026-06-11 23:35:38
mediapool.bg,https://www.mediapool.bg/izbori-2026-cat130.html?page=2,https://www.mediapool.bg/ostrietata-na-radev-koito-sa-favoriti-za-ministerski-kresla-news382549.html,"Остриетата на Радев, които са фаворити за министерски кресла",2026-04-21 08:04:19,,87,"Аз не вярвам избраникът на ген. Решетников - Пропагандата, да е по-различен от споменатите.",Ганди,22.04.2026 (ср) 3:25:22,2,0,2026-06-11 23:35:38
mediapool.bg,https://www.mediapool.bg/izbori-2026-cat130.html?page=2,https://www.mediapool.bg/ostrietata-na-radev-koito-sa-favoriti-za-ministerski-kresla-news382549.html,"Остриетата на Радев, които са фаворити за министерски кресла",2026-04-21 08:04:19,,86,Като чуя специално името Гечев... Бррррр,Ганди,22.04.2026 (ср) 3:23:00,2,0,2026-06-11 23:35:38
mediapool.bg,https://www.mediapool.bg/izbori-2026-cat130.html?page=2,https://www.mediapool.bg/ostrietata-na-radev-koito-sa-favoriti-za-ministerski-kresla-news382549.html,"Остриетата на Радев, които са фаворити за министерски кресла",2026-04-21 08:04:19,,85,"Поне за половината от тези, вътрешно няма голяма разлика.",Ганди,22.04.2026 (ср) 3:12:26,1,0,2026-06-11 23:35:38
mediapool.bg,https://www.mediapool.bg/izbori-2026-cat130.html?page=2,https://www.mediapool.bg/ostrietata-na-radev-koito-sa-favoriti-za-ministerski-kresla-news382549.html,"Остриетата на Радев, които са фаворити за министерски кресла",2026-04-21 08:04:19,,84,"Кандев е деполитизиран. Не вярвам, но с призива на йотова... А Дечев няма шанс да бъде поканен. Твърде различен е профилът му, пък и остър и точен езикът! .",Ганди,22.04.2026 (ср) 3:09:32,1,0,2026-06-11 23:35:38
mediapool.bg,https://www.mediapool.bg/izbori-2026-cat130.html?page=2,https://www.mediapool.bg/ostrietata-na-radev-koito-sa-favoriti-za-ministerski-kresla-news382549.html,"Остриетата на Радев, които са фаворити за министерски кресла",2026-04-21 08:04:19,,83,"И аз помня всичко описано с изключение на лагерите. Тогава дори не знаех, че в България има този ужас. .",Ганди,22.04.2026 (ср) 3:02:44,1,0,2026-06-11 23:35:38
mediapool.bg,https://www.mediapool.bg/izbori-2026-cat130.html?page=2,https://www.mediapool.bg/yotova-shte-svika-noviya-parlament-prez-sledvashtata-sedmitsa-news382556.html,Йотова ще свика новия парламент през следващата седмица,2026-04-20 21:06:30,,16,"Да плагиатстваш е доста,тъпо,неадекватно и неостроумно.",Мисисипски,21.04.2026 (вт) 20:29:36,0,0,2026-06-11 23:35:48
mediapool.bg,https://www.mediapool.bg/izbori-2026-cat130.html?page=2,https://www.mediapool.bg/yotova-shte-svika-noviya-parlament-prez-sledvashtata-sedmitsa-news382556.html,Йотова ще свика новия парламент през следващата седмица,2026-04-20 21:06:30,,15,"Кога Радев ще въведе отново ""изходни визи"" за пътуване на Запад? След като минем пак към лева ли? Тогава цените ще паднат тройно! Но затова пък ще има много консерви Копърка (от Курилските о-ви)",полк. Дрангов,21.04.2026 (вт) 9:13:16,1,0,2026-06-11 23:35:48
mediapool.bg,https://www.mediapool.bg/izbori-2026-cat130.html?page=2,https://www.mediapool.bg/yotova-shte-svika-noviya-parlament-prez-sledvashtata-sedmitsa-news382556.html,Йотова ще свика новия парламент през следващата седмица,2026-04-20 21:06:30,,14,Чемодан-Вокзал-Киев за националните предатели! Зеля ги чата отдавна с треперещи ръце.. :)),ozzy70,21.04.2026 (вт) 8:18:18,1,2,2026-06-11 23:35:48
mediapool.bg,https://www.mediapool.bg/izbori-2026-cat130.html?page=2,https://www.mediapool.bg/yotova-shte-svika-noviya-parlament-prez-sledvashtata-sedmitsa-news382556.html,Йотова ще свика новия парламент през следващата седмица,2026-04-20 21:06:30,,13,"Йотова бърза да се ситуира бързо парламента, преди да се е заклел и встъпил в длъжност Мадяр, за да има кой да блокира помощта на ЕС от 90 млрд. € за Украйна.",Съвестин,21.04.2026 (вт) 6:25:37,1,1,2026-06-11 23:35:48
mediapool.bg,https://www.mediapool.bg/izbori-2026-cat130.html?page=2,https://www.mediapool.bg/yotova-shte-svika-noviya-parlament-prez-sledvashtata-sedmitsa-news382556.html,Йотова ще свика новия парламент през следващата седмица,2026-04-20 21:06:30,,12,"Кандев е избор на Радев , повтарям ти.. И то не е особена тайна.",Sion,21.04.2026 (вт) 0:40:43,0,1,2026-06-11 23:35:48
mediapool.bg,https://www.mediapool.bg/izbori-2026-cat130.html?page=2,https://www.mediapool.bg/yotova-shte-svika-noviya-parlament-prez-sledvashtata-sedmitsa-news382556.html,Йотова ще свика новия парламент през следващата седмица,2026-04-20 21:06:30,,11,"Бъркаш се, драги. Наистина главният секретар на МВР се назначава от президента по предложение на правителството, но Героги Кандев не е назначен нито от Радев, нито от Йотова. Защото той не е титуляр - изпълняващ фунциите е. Гюров и Дечев измислиха този номер за да не би Йотова нещо да попречи. Сега може и да стане титуляр. А за Дечев защо да няма как? Демерджиев казва, че лично той самият би бил полезен в МВР, но това не било само негово решение. Това навежда на мисълта, че няма той да бъде вътрешен министър. Какво пречи тогава да бъде Дечев?",Един препатил,21.04.2026 (вт) 0:36:42,0,0,2026-06-11 23:35:48
mediapool.bg,https://www.mediapool.bg/izbori-2026-cat130.html?page=2,https://www.mediapool.bg/yotova-shte-svika-noviya-parlament-prez-sledvashtata-sedmitsa-news382556.html,Йотова ще свика новия парламент през следващата седмица,2026-04-20 21:06:30,,10,Не съм чул НПО да плаща данъци. Тия само взимат. Иначе с две ръце съм да се осигури държавна субсидия за еднопосочен билет на всички шарлатани за влака на Гюро София-Киев.,Sion,21.04.2026 (вт) 0:22:48,1,0,2026-06-11 23:35:48
mediapool.bg,https://www.mediapool.bg/izbori-2026-cat130.html?page=2,https://www.mediapool.bg/yotova-shte-svika-noviya-parlament-prez-sledvashtata-sedmitsa-news382556.html,Йотова ще свика новия парламент през следващата седмица,2026-04-20 21:06:30,,9,"Кандев може и да остане, доколкото той по принцип е назначение на Радев. Дечев няма как.",Sion,21.04.2026 (вт) 0:20:56,0,0,2026-06-11 23:35:48
mediapool.bg,https://www.mediapool.bg/izbori-2026-cat130.html?page=2,https://www.mediapool.bg/yotova-shte-svika-noviya-parlament-prez-sledvashtata-sedmitsa-news382556.html,Йотова ще свика новия парламент през следващата седмица,2026-04-20 21:06:30,,8,"В ""Сега"" има нещо интересно по въпроса за МВР. Иван Демерджиев, който беше служебен министър на вътрешните работи и сега се очертава като важна фигура в антуража на Радев заявил, че главният секретар Георги Кандев се справя много добре и това е тенденция, която трябва да се следва.",Един препатил,21.04.2026 (вт) 0:01:46,0,0,2026-06-11 23:35:48
mediapool.bg,https://www.mediapool.bg/izbori-2026-cat130.html?page=2,https://www.mediapool.bg/yotova-shte-svika-noviya-parlament-prez-sledvashtata-sedmitsa-news382556.html,Йотова ще свика новия парламент през следващата седмица,2026-04-20 21:06:30,,7,"Хахахаха, а ти белина ли си пил? Такава простотия не бях чел скоро... Евроджендидата ми били плащали заплатите, хахахахха",ivaylo123123,20.04.2026 (пн) 23:42:55,1,0,2026-06-11 23:35:48
mediapool.bg,https://www.mediapool.bg/izbori-2026-cat130.html?page=2,https://www.mediapool.bg/dimitar-ganev-ima-vlivane-na-novi-izbirateli-v-pp-db-koito-kompensirat-otliva-kam-radev-news382553.html,"Димитър Ганев: Има вливане на нови избиратели в ПП-ДБ, които компенсират отлива към Радев",2026-04-20 19:59:00,,29,"Мисля, че страната ни има нужда от ГЕРБ - реално вече системна партия, и от БСП. БСП направиха решителна стъпка, и смени лидера си. Време е ГЕРБ да се отърве от мутренското си ръководство, и може би тогава ще имаме реално обединение вдясно.",Milenca,28.04.2026 (вт) 10:12:34,0,0,2026-06-11 23:35:59
mediapool.bg,https://www.mediapool.bg/izbori-2026-cat130.html?page=2,https://www.mediapool.bg/dimitar-ganev-ima-vlivane-na-novi-izbirateli-v-pp-db-koito-kompensirat-otliva-kam-radev-news382553.html,"Димитър Ганев: Има вливане на нови избиратели в ПП-ДБ, които компенсират отлива към Радев",2026-04-20 19:59:00,,28,"Защо да отчитат, когато е по-удобно да се говорят ГЛУПОСТИ от ТВ екрана? При това става дума за ОЧЕВИДНИ и ОЧЕВИДНИ неща - ПП-ДБ са увеличили електората си, не знам откъде е тази ""информация"" на Ганев, и 200 000 гласа по-малко за ГЕРБ, или отлив?",Milenca,28.04.2026 (вт) 10:05:41,0,0,2026-06-11 23:35:59
mediapool.bg,https://www.mediapool.bg/izbori-2026-cat130.html?page=2,https://www.mediapool.bg/dimitar-ganev-ima-vlivane-na-novi-izbirateli-v-pp-db-koito-kompensirat-otliva-kam-radev-news382553.html,"Димитър Ганев: Има вливане на нови избиратели в ПП-ДБ, които компенсират отлива към Радев",2026-04-20 19:59:00,,27,"Колко е жалко да си шарлатанин! ""С вас сме г-н президент"" ;)",Мазен Кумунис,21.04.2026 (вт) 5:57:19,2,6,2026-06-11 23:35:59
mediapool.bg,https://www.mediapool.bg/izbori-2026-cat130.html?page=2,https://www.mediapool.bg/dimitar-ganev-ima-vlivane-na-novi-izbirateli-v-pp-db-koito-kompensirat-otliva-kam-radev-news382553.html,"Димитър Ганев: Има вливане на нови избиратели в ПП-ДБ, които компенсират отлива към Радев",2026-04-20 19:59:00,,26,Да има гяволи дето отишли в Англия и в САЩ а пък гласуват за Русия! Я за 48 часа всички гласували да напуснат Обединеното кралство!,полк. Дрангов,21.04.2026 (вт) 3:20:08,2,3,2026-06-11 23:35:59
mediapool.bg,https://www.mediapool.bg/izbori-2026-cat130.html?page=2,https://www.mediapool.bg/dimitar-ganev-ima-vlivane-na-novi-izbirateli-v-pp-db-koito-kompensirat-otliva-kam-radev-news382553.html,"Димитър Ганев: Има вливане на нови избиратели в ПП-ДБ, които компенсират отлива към Радев",2026-04-20 19:59:00,,25,"Защото не им се връзва с мантрата за двата файтона хора, затова :-) И не 40 000, а 62 771 гласа повече.",Гeн. Иван Колев,21.04.2026 (вт) 0:58:00,6,1,2026-06-11 23:35:59
mediapool.bg,https://www.mediapool.bg/izbori-2026-cat130.html?page=2,https://www.mediapool.bg/dimitar-ganev-ima-vlivane-na-novi-izbirateli-v-pp-db-koito-kompensirat-otliva-kam-radev-news382553.html,"Димитър Ганев: Има вливане на нови избиратели в ПП-ДБ, които компенсират отлива към Радев",2026-04-20 19:59:00,,24,"Нека да разгледаме поотделно ПП и ДБ. ПП е креатура на Радев и те се разделиха заради Русия. ПП изоставиха Радев, защото той служи на Москва, а Радев си ""свали доверието"" от тях, защото не искаха да служат на Москва. Русия е основното, което ги раздели. ДБ обаче нямаше и няма нищо общо с Радев. Сега социологическите проучвания показват че голяма част от преди гласувалите за ПП-ДБ сега са гласували за Радев, но още по-голяма част от нови избиратели (гласували преди за други или не гласували) са избрали …Прочети целия коментар ПП-ДБ. Затова смятам, че 1. ПП-ДБ е единствената от предишните участници, която разширява влиянието си и 2. Електоралната тежест в коалицията се измества от ПП към ДБ. Във всеки случай първото е сигурно, а второто е вероятно.",Blagoj,21.04.2026 (вт) 0:47:12,1,4,2026-06-11 23:35:59
mediapool.bg,https://www.mediapool.bg/izbori-2026-cat130.html?page=2,https://www.mediapool.bg/dimitar-ganev-ima-vlivane-na-novi-izbirateli-v-pp-db-koito-kompensirat-otliva-kam-radev-news382553.html,"Димитър Ганев: Има вливане на нови избиратели в ПП-ДБ, които компенсират отлива към Радев",2026-04-20 19:59:00,,23,След Петрохан привлякоха пeдoфuлския глас.,DG,21.04.2026 (вт) 0:24:55,2,8,2026-06-11 23:35:59
mediapool.bg,https://www.mediapool.bg/izbori-2026-cat130.html?page=2,https://www.mediapool.bg/dimitar-ganev-ima-vlivane-na-novi-izbirateli-v-pp-db-koito-kompensirat-otliva-kam-radev-news382553.html,"Димитър Ганев: Има вливане на нови избиратели в ПП-ДБ, които компенсират отлива към Радев",2026-04-20 19:59:00,,22,"Проф. Пламен Киров: Недопусимо е, че социолозите не хванаха победата с абсолютно мнозинство на Радев. Оттук нататък трудно ще им вярваме",т€еритория на Мики Маус,20.04.2026 (пн) 23:58:49,3,4,2026-06-11 23:35:59
mediapool.bg,https://www.mediapool.bg/izbori-2026-cat130.html?page=2,https://www.mediapool.bg/dimitar-ganev-ima-vlivane-na-novi-izbirateli-v-pp-db-koito-kompensirat-otliva-kam-radev-news382553.html,"Димитър Ганев: Има вливане на нови избиратели в ПП-ДБ, които компенсират отлива към Радев",2026-04-20 19:59:00,,21,"""По думите му това е столичен и млад електорат, но категорично става въпрос за нови избиратели."" Една корекция към г-н Ганев - не е само столичен и не е само млад този нов електорат.",Rolo Tomassi,20.04.2026 (пн) 23:35:35,3,1,2026-06-11 23:35:59
mediapool.bg,https://www.mediapool.bg/izbori-2026-cat130.html?page=2,https://www.mediapool.bg/dimitar-ganev-ima-vlivane-na-novi-izbirateli-v-pp-db-koito-kompensirat-otliva-kam-radev-news382553.html,"Димитър Ганев: Има вливане на нови избиратели в ПП-ДБ, които компенсират отлива към Радев",2026-04-20 19:59:00,,20,"На практика основно боклуците от Продължаваме Пeдerasтията са основните губещи, защото те най много лаяха срещу генерал Радев и бяха готови да си разтворят бузите на Прасчо, само и само да му орежат правата като президент. 40000 при тази огромна избирателна активност са НИЩО! Но продължавайте да се утешава те, имате нужда.",ivaylo123123,20.04.2026 (пн) 23:01:57,4,10,2026-06-11 23:35:59
mediapool.bg,https://www.mediapool.bg/izbori-2026-cat130.html?page=2,https://www.mediapool.bg/razmestvaniya-v-listite-na-pp-db-v-sofiya-news382551.html,Размествания в листите на ПП-ДБ в София,2026-04-20 19:47:48,,37,Майка ти и баща ти!,Хлебар,24.04.2026 (пт) 14:47:13,0,0,2026-06-11 23:36:10
mediapool.bg,https://www.mediapool.bg/izbori-2026-cat130.html?page=2,https://www.mediapool.bg/razmestvaniya-v-listite-na-pp-db-v-sofiya-news382551.html,Размествания в листите на ПП-ДБ в София,2026-04-20 19:47:48,,36,Който няма естествен интелект използва искуствен!,Хлебар,24.04.2026 (пт) 14:46:25,0,0,2026-06-11 23:36:10
mediapool.bg,https://www.mediapool.bg/izbori-2026-cat130.html?page=2,https://www.mediapool.bg/razmestvaniya-v-listite-na-pp-db-v-sofiya-news382551.html,Размествания в листите на ПП-ДБ в София,2026-04-20 19:47:48,,35,"Тя е дъщерята на поета Марин Бодаков, така че успех и пожелавам.",GuardianSW,22.04.2026 (ср) 10:48:51,2,0,2026-06-11 23:36:10
mediapool.bg,https://www.mediapool.bg/izbori-2026-cat130.html?page=2,https://www.mediapool.bg/razmestvaniya-v-listite-na-pp-db-v-sofiya-news382551.html,Размествания в листите на ПП-ДБ в София,2026-04-20 19:47:48,,34,Има и формации с мислещи и дейни хора сред симпатизантите. Колко дълго витае идеята за подреждане на листите с предварителни избори?,Alex64,22.04.2026 (ср) 10:00:30,4,0,2026-06-11 23:36:10
mediapool.bg,https://www.mediapool.bg/izbori-2026-cat130.html?page=2,https://www.mediapool.bg/razmestvaniya-v-listite-na-pp-db-v-sofiya-news382551.html,Размествания в листите на ПП-ДБ в София,2026-04-20 19:47:48,,33,"Е, как може кандидатирането за народен представител да е тайно? Бюлетините са публични, лесно може да се провери че тия 22-годишни са кандидати от ПБ в София. Изкарах ги специално за един голям фен на ПБ по-долу, според когото 23 годишната мома е прекалено млада за парламента. В общи линии, ако имаш някакви въпроси, добре е да провериш дали вече не им е отговорено в дисусията...",sloth,22.04.2026 (ср) 3:44:16,0,0,2026-06-11 23:36:10
mediapool.bg,https://www.mediapool.bg/izbori-2026-cat130.html?page=2,https://www.mediapool.bg/razmestvaniya-v-listite-na-pp-db-v-sofiya-news382551.html,Размествания в листите на ПП-ДБ в София,2026-04-20 19:47:48,,32,"Аз изразявам същото разочарование и очакване. ДБ само нищо не може да направи, без ДСБ и ПП. Освен да стане нечие присъдружно деление. И да загине. Първо нивото на компететност там е по ниска от тази в ПП, на политически опит също, показват скроност за колаборация с Борисов, усещам в тях някакъв личен, индивидуалин и на от приятелски кръг (наше момче, момиче) кариеристичен тласък, а ако съм прав и притваряне на очите в по лоши зони на поведение. До тек удържаха и дано не се подадат на самозабрава. Защото само формулата ПП-ДБ е печеливша, по отделно ги няма.",levii,21.04.2026 (вт) 12:25:58,3,1,2026-06-11 23:36:10
mediapool.bg,https://www.mediapool.bg/izbori-2026-cat130.html?page=2,https://www.mediapool.bg/razmestvaniya-v-listite-na-pp-db-v-sofiya-news382551.html,Размествания в листите на ПП-ДБ в София,2026-04-20 19:47:48,,31,"И на чии листи чии представители са тези двама млади хора? Тайна? Значи те са идеални за теб, но ""момата на 23 не е"". А проверил ли си СВ- то и. Дейността и извън кръга на личнот професионална представителност, както при тези двамата. Защото тяхното СВ показва работа за собствено кариерно израстване. Вижте ме какво мога да направа и ме наемете. Или понеже нейното не е от твоите не ти харесва? Явно. Искаме обществено активни хора, а не хора които знаят само как да правят кариера. Иначе студентът …Прочети целия коментар медицина е за харесване, но така като чета момчето работи енергично и навярно събира опит, което е за пример приветстване. Та в кои листи са? Не отричам че при момата има подбутване от страна на ДА, но там май не веднъж така са работили. При ПП има търсене на компететност.",levii,21.04.2026 (вт) 12:17:43,1,1,2026-06-11 23:36:10
mediapool.bg,https://www.mediapool.bg/izbori-2026-cat130.html?page=2,https://www.mediapool.bg/razmestvaniya-v-listite-na-pp-db-v-sofiya-news382551.html,Размествания в листите на ПП-ДБ в София,2026-04-20 19:47:48,,30,И на чии листи чии представители са тези двама млади хора? Тайна?,levii,21.04.2026 (вт) 11:56:39,1,1,2026-06-11 23:36:10
mediapool.bg,https://www.mediapool.bg/izbori-2026-cat130.html?page=2,https://www.mediapool.bg/razmestvaniya-v-listite-na-pp-db-v-sofiya-news382551.html,Размествания в листите на ПП-ДБ в София,2026-04-20 19:47:48,,29,"Аз, подобно на други, бях разочарован от държанието на Божанов когато едни двама от ГЕРБ с отверки развинтваха мшините, а той мълчеше и мрънкаше. Моментът беше от изключителна важност. Положението спаси министърът. Не беше в моя район, за да гласувам за него, но и да беше нямаше да го посоча. Мартин Димитров е само един кротък човек, от онези политици с които обществото толкова свиква, че вече не може да мине без тях. Има си адепти. Затова се питам въз основа на какъв принос е предпочетен пред …Прочети целия коментар Велислав Величков, който толкова работа свърши, но заради нев../зрачни--- Марин Димитров изпадна назад. Няма народна признателност. Ал. Симетчиев, питам се освен вярност и често учасгтие на екраните какво допринесе за здравеопазването? Белобрадова си заслужава, а младите приветствам. Подкрепям ПП-ДБ заради хора като Асен Василев, който изнесе на гърба си цялата борба, показа компетентност какво като икономист, така и в други области, подкрепям заради ДСБ и политическия опит и осведоменост на Атанасов, докато Мирчев и Божинов пееха все едно и също "" моделът ББ-Пеевски"" и нищо конструктивно от тях не чух. Не съм забравил, че те бяха в основата на вътрешната цепнатина в ПП-ДБ и по думите на Борисов клоняха към колаборация с него.",levii,21.04.2026 (вт) 11:53:43,1,3,2026-06-11 23:36:10
mediapool.bg,https://www.mediapool.bg/izbori-2026-cat130.html?page=2,https://www.mediapool.bg/razmestvaniya-v-listite-na-pp-db-v-sofiya-news382551.html,Размествания в листите на ПП-ДБ в София,2026-04-20 19:47:48,,28,Стен вестника на ПП и занимава с вътрешно партийните си глупости! В това време Путин се настанява в Бг! Да ви е честито!,полк. Дрангов,21.04.2026 (вт) 3:28:18,2,6,2026-06-11 23:36:10
mediapool.bg,https://www.mediapool.bg/izbori-2026-cat130.html?page=2,https://www.mediapool.bg/koi-partii-zagubiha-nai-mnogo-glasove-na-izborite-news382548.html,Кои партии загубиха най-много гласове на изборите?,2026-04-20 18:46:19,,15,"Путин, ако идва, това е защото през 2016 неговият прислужник Бочко издигна неизбираемата карикатура Цецка срещу номинацията на Решетников. Толкова ви е акълЪТ на ГЕ₽Б зомбитата. А на теб отново ти припомням да си смениш потребителското име, за да не петниш паметта на героя!",Kapa o Pango,21.04.2026 (вт) 13:50:50,1,0,2026-06-11 23:36:21
mediapool.bg,https://www.mediapool.bg/izbori-2026-cat130.html?page=2,https://www.mediapool.bg/koi-partii-zagubiha-nai-mnogo-glasove-na-izborite-news382548.html,Кои партии загубиха най-много гласове на изборите?,2026-04-20 18:46:19,,14,"Зомбита на ПП, кво се радват че за 8 път са пак трето ама се доближили до ГЕРБ! Това че Путин идва не ги вълнува! Толкова ви е акъла.",полк. Дрангов,21.04.2026 (вт) 8:34:37,0,3,2026-06-11 23:36:21
mediapool.bg,https://www.mediapool.bg/izbori-2026-cat130.html?page=2,https://www.mediapool.bg/koi-partii-zagubiha-nai-mnogo-glasove-na-izborite-news382548.html,Кои партии загубиха най-много гласове на изборите?,2026-04-20 18:46:19,,13,"Интересно е да гледам как джендерастите тук някак плахо се опитват да вкарат една нотка на надежда в безполовото им и тъжно бъдеще. Ма той Радев можело и да не спре помощта за Украйна, ма тя ППДЪИБе била печеливша партия, щото разбираш ли имала 50-60 хиляди купени джендърчета в повече... Жалка история. Ама квичахте до небесата като загуби Орбан...",ivaylo123123,20.04.2026 (пн) 23:30:50,2,4,2026-06-11 23:36:21
mediapool.bg,https://www.mediapool.bg/izbori-2026-cat130.html?page=2,https://www.mediapool.bg/koi-partii-zagubiha-nai-mnogo-glasove-na-izborite-news382548.html,Кои партии загубиха най-много гласове на изборите?,2026-04-20 18:46:19,,12,ГЕРБ губят най-много гласове. Явно повече гербери са преминали на страната на бащицата им Радев!,VassilUN,20.04.2026 (пн) 21:29:02,5,1,2026-06-11 23:36:21
mediapool.bg,https://www.mediapool.bg/izbori-2026-cat130.html?page=2,https://www.mediapool.bg/koi-partii-zagubiha-nai-mnogo-glasove-na-izborite-news382548.html,Кои партии загубиха най-много гласове на изборите?,2026-04-20 18:46:19,,11,"След сглобката ПП-ДБ загубиха половината от гласовете си. След коалицията с ГЕРБ в правителствово на Сламен Желязков БСП и ИТН изпаднаха от парламента. Изводът е, че ГЕРБ са токсична партия и всяко докосване до тях носи само негативи! Единствените увеличили гласовете си са именно ПП-ДБ, защото явно се обявиха против модела Борисов - Пеевски.",VassilUN,20.04.2026 (пн) 21:26:08,5,2,2026-06-11 23:36:21
mediapool.bg,https://www.mediapool.bg/izbori-2026-cat130.html?page=2,https://www.mediapool.bg/koi-partii-zagubiha-nai-mnogo-glasove-na-izborite-news382548.html,Кои партии загубиха най-много гласове на изборите?,2026-04-20 18:46:19,,10,"Днес имаше погребение, сред малкото опечалени имаше един двуметров полужив учиндолски селяк подпиран от къдрав лилипут с тениска ""търся семенна течност"" и т.н.",Javor,20.04.2026 (пн) 20:29:08,8,0,2026-06-11 23:36:21
mediapool.bg,https://www.mediapool.bg/izbori-2026-cat130.html?page=2,https://www.mediapool.bg/koi-partii-zagubiha-nai-mnogo-glasove-na-izborite-news382548.html,Кои партии загубиха най-много гласове на изборите?,2026-04-20 18:46:19,,9,Поузрелите круши се върнаха на дървото :-),Megadonkey,20.04.2026 (пн) 20:17:34,4,0,2026-06-11 23:36:21
mediapool.bg,https://www.mediapool.bg/izbori-2026-cat130.html?page=2,https://www.mediapool.bg/koi-partii-zagubiha-nai-mnogo-glasove-na-izborite-news382548.html,Кои партии загубиха най-много гласове на изборите?,2026-04-20 18:46:19,,8,"ПП-ДБ бележи ръст в гласовете въпреки че знаителна част от гласувалите за тях на предишните избори сега са избрали радев. Това е много добър знак за тях, аз само бих им препоръчал ударението да се премести от ПП към ДБ.",Blagoj,20.04.2026 (пн) 20:15:37,6,3,2026-06-11 23:36:21
mediapool.bg,https://www.mediapool.bg/izbori-2026-cat130.html?page=2,https://www.mediapool.bg/koi-partii-zagubiha-nai-mnogo-glasove-na-izborite-news382548.html,Кои партии загубиха най-много гласове на изборите?,2026-04-20 18:46:19,,7,"Интересен прочит на резултатите, но някак си не ми е радостно, защото на хоризонта се задава нов модел - този на Радев",БГаньо,20.04.2026 (пн) 19:48:21,8,1,2026-06-11 23:36:21
mediapool.bg,https://www.mediapool.bg/izbori-2026-cat130.html?page=2,https://www.mediapool.bg/koi-partii-zagubiha-nai-mnogo-glasove-na-izborite-news382548.html,Кои партии загубиха най-много гласове на изборите?,2026-04-20 18:46:19,,6,"Както се е засилил сега, да не вземе да ликвидира и България.",БГаньо,20.04.2026 (пн) 19:47:25,8,2,2026-06-11 23:36:21
mediapool.bg,https://www.mediapool.bg/izbori-2026-cat130.html?page=2,https://www.mediapool.bg/nai-predpochitanite-kandidat-deputati-kade-sa-liderite-news382547.html,Най-предпочитаните кандидат-депутати. Къде са лидерите,2026-04-20 18:33:43,,5,"В сравнение със сухаря Мунчо,Бате си е все още пич,така че нека си въздишат.Пречат ли ти?",Taormina,22.04.2026 (ср) 10:28:47,0,1,2026-06-11 23:36:22
mediapool.bg,https://www.mediapool.bg/izbori-2026-cat130.html?page=2,https://www.mediapool.bg/nai-predpochitanite-kandidat-deputati-kade-sa-liderite-news382547.html,Най-предпочитаните кандидат-депутати. Къде са лидерите,2026-04-20 18:33:43,,4,Е само до 30 000 ли нагласихте алабалата с машините за Рундьо?Това е срамно малко бе.Изложихте се.,Taormina,22.04.2026 (ср) 10:24:33,1,1,2026-06-11 23:36:22
mediapool.bg,https://www.mediapool.bg/izbori-2026-cat130.html?page=2,https://www.mediapool.bg/nai-predpochitanite-kandidat-deputati-kade-sa-liderite-news382547.html,Най-предпочитаните кандидат-депутати. Къде са лидерите,2026-04-20 18:33:43,,3,"Ей Богу! Така е! Но за сметка на това успешно пласираха Мадридския крадец, Тиквата и Льотчика.",ImBlack,20.04.2026 (пн) 19:39:13,5,2,2026-06-11 23:36:22
mediapool.bg,https://www.mediapool.bg/izbori-2026-cat130.html?page=2,https://www.mediapool.bg/nai-predpochitanite-kandidat-deputati-kade-sa-liderite-news382547.html,Най-предпочитаните кандидат-депутати. Къде са лидерите,2026-04-20 18:33:43,,2,Свинята пеефска е най-големият провал на ДС!,Javor,20.04.2026 (пн) 19:18:13,10,2,2026-06-11 23:36:22
mediapool.bg,https://www.mediapool.bg/izbori-2026-cat130.html?page=2,https://www.mediapool.bg/nai-predpochitanite-kandidat-deputati-kade-sa-liderite-news382547.html,Най-предпочитаните кандидат-депутати. Къде са лидерите,2026-04-20 18:33:43,,1,Седем хиляди дебели лели още въздишат по кожения шлифер на Бойчето.,"Татко Петко, Прилеп с Пръстенче",20.04.2026 (пн) 19:05:33,10,3,2026-06-11 23:36:22
mediapool.bg,https://www.mediapool.bg/izbori-2026-cat130.html?page=2,https://www.mediapool.bg/nema-pari-i-ne-glasuvat-peevski-veche-ne-e-lyubimets-na-romite-v-blagoevgrad-news382546.html,"""Нема пари и не гласуват"". Пеевски вече не е любимец на ромите в Благоевград",2026-04-20 17:47:23,,2,"Хе хе, Свинята любимец на ромите, ама докато раздава парици.. :)) Сега е време някой да го утепа.",ozzy70,20.04.2026 (пн) 18:32:48,4,3,2026-06-11 23:36:22
mediapool.bg,https://www.mediapool.bg/izbori-2026-cat130.html?page=2,https://www.mediapool.bg/nema-pari-i-ne-glasuvat-peevski-veche-ne-e-lyubimets-na-romite-v-blagoevgrad-news382546.html,"""Нема пари и не гласуват"". Пеевски вече не е любимец на ромите в Благоевград",2026-04-20 17:47:23,,1,"Не мога да разбера - чета заглавието и оставам с впечатление, че хората не са гласували, защото не им е било платено! После чета надолу - ами гласували са ама за друг както е в цялата държава. И се питам сега хем не са им платили, хем са гласували, хем ""нема пари и не гласуват"" и как по-точно се вписва заглавието с информацията под него... Май четене с разбиране не ни е силната страна! То трябва малко мозък и за пропаганда не да препишеш данните от ЦИК и да плеснеш едно ""скандално"" заглавие...",xa_poznai,20.04.2026 (пн) 18:19:09,0,3,2026-06-11 23:36:22
mediapool.bg,https://www.mediapool.bg/izbori-2026-cat130.html?page=2,https://www.mediapool.bg/prokuraturata-e-prekratila-nad-23-ot-prepiskite-za-kupuvane-na-glasove-news382544.html,Прокуратурата е прекратила над 2/3 от преписките за купуване на гласове,2026-04-20 16:01:08,,42,Ама затова пък ПП пак е пред ДПС - Радост! А това че Путин идва за 4 години не ги вълнува много!,полк. Дрангов,21.04.2026 (вт) 8:37:47,2,3,2026-06-11 23:36:33
mediapool.bg,https://www.mediapool.bg/izbori-2026-cat130.html?page=2,https://www.mediapool.bg/prokuraturata-e-prekratila-nad-23-ot-prepiskite-za-kupuvane-na-glasove-news382544.html,Прокуратурата е прекратила над 2/3 от преписките за купуване на гласове,2026-04-20 16:01:08,,41,Язък дето бихте циганите пак трето място за 8 път! Деца на зеления чорап!,полк. Дрангов,21.04.2026 (вт) 8:09:35,3,3,2026-06-11 23:36:33
mediapool.bg,https://www.mediapool.bg/izbori-2026-cat130.html?page=2,https://www.mediapool.bg/prokuraturata-e-prekratila-nad-23-ot-prepiskite-za-kupuvane-na-glasove-news382544.html,Прокуратурата е прекратила над 2/3 от преписките за купуване на гласове,2026-04-20 16:01:08,,40,"Направили са си делко със спонсорите!Има и смекчаващи вината обстоятелства-доста от тях са взели изпитите си без да се явяват....Като аферата в ЮЗУ където съдят професора открил,че не той се е подписвал за взети изпити и сега му отмъщават ,че е разкрил далаверата с измислени юристи.Би трябвало дипломите им да се обявят за невалидни,но тогава трябва да уволнят фалшивите прокурори с такива дипломи,да паднат постановления и обвинения и т.м.Перфектна измама!",u9285467336,21.04.2026 (вт) 4:43:50,4,1,2026-06-11 23:36:33
mediapool.bg,https://www.mediapool.bg/izbori-2026-cat130.html?page=2,https://www.mediapool.bg/prokuraturata-e-prekratila-nad-23-ot-prepiskite-za-kupuvane-na-glasove-news382544.html,Прокуратурата е прекратила над 2/3 от преписките за купуване на гласове,2026-04-20 16:01:08,,39,Всички прекратени вероятно са на свинско с тиква.,Jack Daniels,21.04.2026 (вт) 2:16:23,5,2,2026-06-11 23:36:33
mediapool.bg,https://www.mediapool.bg/izbori-2026-cat130.html?page=2,https://www.mediapool.bg/prokuraturata-e-prekratila-nad-23-ot-prepiskite-za-kupuvane-na-glasove-news382544.html,Прокуратурата е прекратила над 2/3 от преписките за купуване на гласове,2026-04-20 16:01:08,,38,и това не помогна на cвuнята ;-),Bлaдo,20.04.2026 (пн) 22:58:19,6,2,2026-06-11 23:36:33
mediapool.bg,https://www.mediapool.bg/izbori-2026-cat130.html?page=2,https://www.mediapool.bg/prokuraturata-e-prekratila-nad-23-ot-prepiskite-za-kupuvane-na-glasove-news382544.html,Прокуратурата е прекратила над 2/3 от преписките за купуване на гласове,2026-04-20 16:01:08,,37,"Cartoon, каква е връзката, между прокуратура и земетресение?Неизпити навреме хапчета...?",tkalapchiev,20.04.2026 (пн) 22:01:56,4,2,2026-06-11 23:36:33
mediapool.bg,https://www.mediapool.bg/izbori-2026-cat130.html?page=2,https://www.mediapool.bg/prokuraturata-e-prekratila-nad-23-ot-prepiskite-za-kupuvane-na-glasove-news382544.html,Прокуратурата е прекратила над 2/3 от преписките за купуване на гласове,2026-04-20 16:01:08,,36,как няма ги прекрати кат са били шарлатански пиар,ТРИЧАН ОТ КУЧЕТА,20.04.2026 (пн) 21:54:01,4,11,2026-06-11 23:36:33
mediapool.bg,https://www.mediapool.bg/izbori-2026-cat130.html?page=2,https://www.mediapool.bg/prokuraturata-e-prekratila-nad-23-ot-prepiskite-za-kupuvane-na-glasove-news382544.html,Прокуратурата е прекратила над 2/3 от преписките за купуване на гласове,2026-04-20 16:01:08,,35,Сарафов - почетен и пожизнен прокурор! ;),Мазен Кумунис,20.04.2026 (пн) 21:53:28,4,9,2026-06-11 23:36:33
mediapool.bg,https://www.mediapool.bg/izbori-2026-cat130.html?page=2,https://www.mediapool.bg/prokuraturata-e-prekratila-nad-23-ot-prepiskite-za-kupuvane-na-glasove-news382544.html,Прокуратурата е прекратила над 2/3 от преписките за купуване на гласове,2026-04-20 16:01:08,,34,"В такъв голям медиен сайт да се бърка ""и"" с ""й"" е срамота. Грамотността ви върви към циганско ниво.",Опалянка,20.04.2026 (пн) 21:30:58,4,3,2026-06-11 23:36:33
mediapool.bg,https://www.mediapool.bg/izbori-2026-cat130.html?page=2,https://www.mediapool.bg/prokuraturata-e-prekratila-nad-23-ot-prepiskite-za-kupuvane-na-glasove-news382544.html,Прокуратурата е прекратила над 2/3 от преписките за купуване на гласове,2026-04-20 16:01:08,,33,"???? ОБНОВЕНА: Трусът в Япония е бил с магнитуд 7.7 по Рихтер, властите предупреждават за: 'mega-quake' (мега-земетресение) и евакуират 170 000 души! ???????????? (Обновена: Понеделник, 20 април 2026 г. ???? 18:00 ч.) Ситуацията в Япония се развива изключително динамично. Японската метеорологична агенция официално повиши магнитуда на днешното земетресение от 7.5 на 7.7 по скалата на Рихтер. Заповеди за евакуация бяха издадени за над 170 000 души, а премиерът призова гражданите да носят със себе …Прочети целия коментар си запаси от първа необходимост през следващата седмица заради риск от още по-опустошителен трус. Ето най-новото и важно развитие на ситуацията до момента: ???? МАГНИТУД 7.7 И ВТОРИЧНИ ТРУСОВЕ: Първоначалните данни за магнитуд 7.4 и 7.5 бяха категорично коригирани нагоре. Вече са регистрирани поне два силни вторични труса (афтършока) с магнитуд около 5.6 край бреговете на префектура Ивате. ⚠️ ОПАСНОСТ ОТ ""МЕГА-ТРУС"": Японският премиер Санае Такаичи отправи безпрецедентен призив: ""За около една седмица, като специална предпазна мярка... моля, поддържайте готовност за незабавна евакуация и носете аварийни запаси по всяко време."" Властите се опасяват от отключването на т.нар. мега-земетресение. ????‍♂️ НАД 170 000 ЕВАКУИРАНИ И ПЪРВИ ПОСТРАДАЛ: Властите наредиха масова евакуация в префектурите Хокайдо, Аомори, Ивате, Мияги и Фукушима. До момента няма данни за мащабни разрушения. Регистриран е само един леко пострадал – мъж на над 60 години, който е паднал по стълбите в дома си в Хачинохе. ???? ЦУНАМИ – ОПАСНОСТТА ОСТАВА: Предупрежденията за 3-метрови вълни бяха леко понижени (до момента няма вълна над 1 метър). Въпреки това, експертите са категорични, че няма място за успокоение. Д-р Йоанис Кармпадакис от Imperial College London обяснява: ""Цунамито няма нужда да е високо като кула, за да причини щети. Истинската опасност са бързо движещите се водни маси и мощните течения, които разбиват лодки и нахлуват дълбоко в пристанища и реки."" ☢️ ЯДРЕНИТЕ ЦЕНТРАЛИ СА НЕЗАСЕГНАТИ: Международната агенция за атомна енергия (МААЕ) и местният регулатор официално потвърдиха, че няма абсолютно никакви аномалии и течове в японските ядрени съоръжения, включително и във Фукушима. ???????? БРИТАНСКИ МИНИСТЪР В ТОКИО: Британският външен министър Ивет Купър се намира в Токио за стратегически преговори. Нейната визита не е засегната от труса и програмата ѝ продължава. ➖ ➖ ➖ ???? КОНТЕКСТ: СУПЕР-СИСТЕМАТА ""S-NET"" Япония разполага с една от най-модерните системи за ранно предупреждение в света. Миналия юни страната завърши своята подводна мрежа ""s-net"" – 150 сеизмометъра и сензори за налягане, свързани с 5500 км кабели по дъното на океана, които дават на хората безценни секунди за реакция преди удара. ???? Пълната информация и развитието на ситуацията четете в нашия сайт. Линкът е в първия коментар. ???? ➖ ➖ ➖ ⚖️ РЕДАКЦИОННА БЕЛЕЖКА: ???? Данни: Официална информация от Японската метеорологична агенция (JMA), МААЕ и международния обмен. ???? Изображения: Тематично-илюстративен авторски генериран колаж. © Novini London #NoviniLondon #Япония #Земетресение #Цунами #МегаТрус #Извънредно #Светът #Новини",т€еритория на Мики Маус,20.04.2026 (пн) 21:02:05,2,12,2026-06-11 23:36:33
mediapool.bg,https://www.mediapool.bg/izbori-2026-cat130.html?page=2,https://www.mediapool.bg/radev-nyama-da-e-nov-orban-pone-navan-spored-evropeiskiya-savet-za-vanshna-politika-news382542.html,"Радев няма да е ""нов Орбан"" – поне навън, според Европейския съвет за външна политика",2026-04-20 14:59:05,,14,"Аз също смятам, че членството на България в ЕС не е под въпрос. Радев е нужен на Путин вътре в ЕС - да го провокира, дестабилизира и да играе ролята на троянски кон.",Съвестин,21.04.2026 (вт) 6:29:43,1,0,2026-06-11 23:36:44
mediapool.bg,https://www.mediapool.bg/izbori-2026-cat130.html?page=2,https://www.mediapool.bg/radev-nyama-da-e-nov-orban-pone-navan-spored-evropeiskiya-savet-za-vanshna-politika-news382542.html,"Радев няма да е ""нов Орбан"" – поне навън, според Европейския съвет за външна политика",2026-04-20 14:59:05,,13,Дали? Нали за това го лансираха,Jack Daniels,21.04.2026 (вт) 2:20:53,0,0,2026-06-11 23:36:44
mediapool.bg,https://www.mediapool.bg/izbori-2026-cat130.html?page=2,https://www.mediapool.bg/radev-nyama-da-e-nov-orban-pone-navan-spored-evropeiskiya-savet-za-vanshna-politika-news382542.html,"Радев няма да е ""нов Орбан"" – поне навън, според Европейския съвет за външна политика",2026-04-20 14:59:05,,12,"Вероятно сте прав, че е гъзка. Аз я нарекох кокошка малко прибързано, признавам си.",Sgt. Pepper,20.04.2026 (пн) 22:28:15,1,3,2026-06-11 23:36:44
mediapool.bg,https://www.mediapool.bg/izbori-2026-cat130.html?page=2,https://www.mediapool.bg/radev-nyama-da-e-nov-orban-pone-navan-spored-evropeiskiya-savet-za-vanshna-politika-news382542.html,"Радев няма да е ""нов Орбан"" – поне навън, според Европейския съвет за външна политика",2026-04-20 14:59:05,,11,"Тая гъска Чернева трябва да е в затвора след като се разбра какви ги е вършила с македонистите. Защо за тая гъска няма ли закони ,това ли е европейското :/",кр,20.04.2026 (пн) 21:03:37,2,3,2026-06-11 23:36:44
mediapool.bg,https://www.mediapool.bg/izbori-2026-cat130.html?page=2,https://www.mediapool.bg/radev-nyama-da-e-nov-orban-pone-navan-spored-evropeiskiya-savet-za-vanshna-politika-news382542.html,"Радев няма да е ""нов Орбан"" – поне навън, според Европейския съвет за външна политика",2026-04-20 14:59:05,,10,"Искрено се надявам Радев да направи повече от онези неща, които във вашия либерален файтон наричате ""бели""!",Sgt. Pepper,20.04.2026 (пн) 19:26:48,1,4,2026-06-11 23:36:44
mediapool.bg,https://www.mediapool.bg/izbori-2026-cat130.html?page=2,https://www.mediapool.bg/radev-nyama-da-e-nov-orban-pone-navan-spored-evropeiskiya-savet-za-vanshna-politika-news382542.html,"Радев няма да е ""нов Орбан"" – поне навън, според Европейския съвет за външна политика",2026-04-20 14:59:05,,9,"Коя беше тази кoкoшкa Веселка Черньова, и защо си въобразява, че има правото да говори от името на ""обществото""?",Sgt. Pepper,20.04.2026 (пн) 19:24:46,1,5,2026-06-11 23:36:44
mediapool.bg,https://www.mediapool.bg/izbori-2026-cat130.html?page=2,https://www.mediapool.bg/radev-nyama-da-e-nov-orban-pone-navan-spored-evropeiskiya-savet-za-vanshna-politika-news382542.html,"Радев няма да е ""нов Орбан"" – поне навън, според Европейския съвет за външна политика",2026-04-20 14:59:05,,8,"Споко ! Румен Орбан само се базика с петата колона. Иначе е заклет демократ, натовец и европеец ...",Само Явор,20.04.2026 (пн) 19:03:41,2,1,2026-06-11 23:36:44
mediapool.bg,https://www.mediapool.bg/izbori-2026-cat130.html?page=2,https://www.mediapool.bg/radev-nyama-da-e-nov-orban-pone-navan-spored-evropeiskiya-savet-za-vanshna-politika-news382542.html,"Радев няма да е ""нов Орбан"" – поне навън, според Европейския съвет за външна политика",2026-04-20 14:59:05,,7,"По принцип Радев винаги така го е играл. По-краен вкъщи и по-умерен навън. Но въпросът е и какво прави, а не само казва. А сега много бели може да направи под най-благовидни претексти.",БГаньо,20.04.2026 (пн) 16:56:49,4,1,2026-06-11 23:36:44
mediapool.bg,https://www.mediapool.bg/izbori-2026-cat130.html?page=2,https://www.mediapool.bg/radev-nyama-da-e-nov-orban-pone-navan-spored-evropeiskiya-savet-za-vanshna-politika-news382542.html,"Радев няма да е ""нов Орбан"" – поне навън, според Европейския съвет за външна политика",2026-04-20 14:59:05,,6,Къде е това БРЮМ бе? Няма го на картата? Да не е БРЪМ покрай бръмбарите в главата ти? А в глава 1-на от НК не пише ли нещо за подписващите договори като тоя с Боташ?,БГаньо,20.04.2026 (пн) 16:54:20,5,1,2026-06-11 23:36:44
mediapool.bg,https://www.mediapool.bg/izbori-2026-cat130.html?page=2,https://www.mediapool.bg/radev-nyama-da-e-nov-orban-pone-navan-spored-evropeiskiya-savet-za-vanshna-politika-news382542.html,"Радев няма да е ""нов Орбан"" – поне навън, според Европейския съвет за външна политика",2026-04-20 14:59:05,,5,"Естествено, че няма да е тази мишка.",DG,20.04.2026 (пн) 16:42:57,1,5,2026-06-11 23:36:44
mediapool.bg,https://www.mediapool.bg/izbori-2026-cat130.html?page=2,https://www.mediapool.bg/sindikatite-ochakvat-galab-donev-da-oglavi-narodnoto-sabranie-news382540.html,Синдикатите очакват Гълъб Донев да оглави Народното събрание,2026-04-20 14:46:00,,24,Превъзходен/трезв поглед върху действителността. Но народът не бива да се обезверява. Нито крачка назад! ............................................................................................................................. Туй беше отговор на мнение номер 1.,dabedabe,21.04.2026 (вт) 15:08:12,0,0,2026-06-11 23:36:55
mediapool.bg,https://www.mediapool.bg/izbori-2026-cat130.html?page=2,https://www.mediapool.bg/sindikatite-ochakvat-galab-donev-da-oglavi-narodnoto-sabranie-news382540.html,Синдикатите очакват Гълъб Донев да оглави Народното събрание,2026-04-20 14:46:00,,23,"От кога го чакаме ! Любимецът на цяла България, Гълъб Донев ! Най-накрая, един по-велик и от великият Бойко !!! ""Оправяч"" на държавните дела ! Край на проблемите!",Александър Борисов,21.04.2026 (вт) 10:10:07,1,0,2026-06-11 23:36:55
mediapool.bg,https://www.mediapool.bg/izbori-2026-cat130.html?page=2,https://www.mediapool.bg/sindikatite-ochakvat-galab-donev-da-oglavi-narodnoto-sabranie-news382540.html,Синдикатите очакват Гълъб Донев да оглави Народното събрание,2026-04-20 14:46:00,,22,"Кога възнамерява Радев да въведе отново ""изходни визи"" за пътуване на Запад?",полк. Дрангов,21.04.2026 (вт) 9:06:48,1,0,2026-06-11 23:36:55
mediapool.bg,https://www.mediapool.bg/izbori-2026-cat130.html?page=2,https://www.mediapool.bg/sindikatite-ochakvat-galab-donev-da-oglavi-narodnoto-sabranie-news382540.html,Синдикатите очакват Гълъб Донев да оглави Народното събрание,2026-04-20 14:46:00,,21,"Хората толкова много искаха да се отърват от двете прасета, че дадоха властта на хора подписали ""Боташ"", най-унизителния договор в новата БГ история. Хзйде да видим сега ще вкарват ли газ от там, като досега все нещо пречеше... Хората гласували за Радев да следят този въпрос защото някой накрая ще плати сметката. Тъжна история и жалко за България :(",Роджър Уилко,21.04.2026 (вт) 7:14:52,4,0,2026-06-11 23:36:55
mediapool.bg,https://www.mediapool.bg/izbori-2026-cat130.html?page=2,https://www.mediapool.bg/sindikatite-ochakvat-galab-donev-da-oglavi-narodnoto-sabranie-news382540.html,Синдикатите очакват Гълъб Донев да оглави Народното събрание,2026-04-20 14:46:00,,20,Колко ли партенки се набутаха в парламента,Jack Daniels,21.04.2026 (вт) 2:17:35,4,0,2026-06-11 23:36:55
mediapool.bg,https://www.mediapool.bg/izbori-2026-cat130.html?page=2,https://www.mediapool.bg/sindikatite-ochakvat-galab-donev-da-oglavi-narodnoto-sabranie-news382540.html,Синдикатите очакват Гълъб Донев да оглави Народното събрание,2026-04-20 14:46:00,,19,"Избирателите овластиха Радев, без да знаят кой знае колко за хората в листите му. Но сега предстои да ги гледат и да им сърбат попарата. За мен ""Гълъб Донев"" е синоним на ""договорът с Боташ"" по който доколкото разбирам България досега не е плащала задълженията си. Ами ако си ги изискат или ни осъдят да платим?",sloth,20.04.2026 (пн) 22:59:57,5,1,2026-06-11 23:36:55
mediapool.bg,https://www.mediapool.bg/izbori-2026-cat130.html?page=2,https://www.mediapool.bg/sindikatite-ochakvat-galab-donev-da-oglavi-narodnoto-sabranie-news382540.html,Синдикатите очакват Гълъб Донев да оглави Народното събрание,2026-04-20 14:46:00,,18,Напълниха парламента с фелтфебели! :(,Мазен Кумунис,20.04.2026 (пн) 21:57:17,2,3,2026-06-11 23:36:55
mediapool.bg,https://www.mediapool.bg/izbori-2026-cat130.html?page=2,https://www.mediapool.bg/sindikatite-ochakvat-galab-donev-da-oglavi-narodnoto-sabranie-news382540.html,Синдикатите очакват Гълъб Донев да оглави Народното събрание,2026-04-20 14:46:00,,16,Доживяхме дърт политофицер да оглави НС.,anton nikolov,20.04.2026 (пн) 21:19:38,6,1,2026-06-11 23:36:55
mediapool.bg,https://www.mediapool.bg/izbori-2026-cat130.html?page=2,https://www.mediapool.bg/sindikatite-ochakvat-galab-donev-da-oglavi-narodnoto-sabranie-news382540.html,Синдикатите очакват Гълъб Донев да оглави Народното събрание,2026-04-20 14:46:00,,15,"Не си ли разбрал още? Комунистическата! Така става, когато гризачите са много, а сиринцето е едно.",бай Сандю,20.04.2026 (пн) 20:19:34,6,1,2026-06-11 23:36:55
mediapool.bg,https://www.mediapool.bg/izbori-2026-cat130.html?page=2,https://www.mediapool.bg/pri-100-obraboteni-protokoli-radev-s-palno-mnozinstvo-gerb-izprevari-pp-db-news382524.html,"При 100% обработени протоколи: Радев с пълно мнозинство, ГЕРБ изпревари ПП-ДБ",2026-04-20 14:02:49,,396,След победата на Радев доматите веднага паднаха до 8:50Ев.,полк. Дрангов,21.04.2026 (вт) 9:14:43,4,0,2026-06-11 23:37:06
mediapool.bg,https://www.mediapool.bg/izbori-2026-cat130.html?page=2,https://www.mediapool.bg/pri-100-obraboteni-protokoli-radev-s-palno-mnozinstvo-gerb-izprevari-pp-db-news382524.html,"При 100% обработени протоколи: Радев с пълно мнозинство, ГЕРБ изпревари ПП-ДБ",2026-04-20 14:02:49,,395,"Всички под 4-те %, без Дивана, са се уредили със субсидийка и ще папкат бял хляб с кюфте през цялата година.",ultra,21.04.2026 (вт) 6:56:55,4,0,2026-06-11 23:37:06
mediapool.bg,https://www.mediapool.bg/izbori-2026-cat130.html?page=2,https://www.mediapool.bg/pri-100-obraboteni-protokoli-radev-s-palno-mnozinstvo-gerb-izprevari-pp-db-news382524.html,"При 100% обработени протоколи: Радев с пълно мнозинство, ГЕРБ изпревари ПП-ДБ",2026-04-20 14:02:49,,394,"Тъпо, грозно и не рита. Що е то? ПП-ДБ! ;)",Мазен Кумунис,21.04.2026 (вт) 2:01:25,3,7,2026-06-11 23:37:06
mediapool.bg,https://www.mediapool.bg/izbori-2026-cat130.html?page=2,https://www.mediapool.bg/pri-100-obraboteni-protokoli-radev-s-palno-mnozinstvo-gerb-izprevari-pp-db-news382524.html,"При 100% обработени протоколи: Радев с пълно мнозинство, ГЕРБ изпревари ПП-ДБ",2026-04-20 14:02:49,,393,"Намекваш, че тези фондове служат да купуват подчинение у местните крадци?",DG,21.04.2026 (вт) 0:14:21,1,7,2026-06-11 23:37:06
mediapool.bg,https://www.mediapool.bg/izbori-2026-cat130.html?page=2,https://www.mediapool.bg/pri-100-obraboteni-protokoli-radev-s-palno-mnozinstvo-gerb-izprevari-pp-db-news382524.html,"При 100% обработени протоколи: Радев с пълно мнозинство, ГЕРБ изпревари ПП-ДБ",2026-04-20 14:02:49,,392,"А петроханци в потрес! Така ви искам.. В ъгъла, скимтейки, без от вас нищо да зависи.",Sion,21.04.2026 (вт) 0:06:34,4,10,2026-06-11 23:37:06
mediapool.bg,https://www.mediapool.bg/izbori-2026-cat130.html?page=2,https://www.mediapool.bg/pri-100-obraboteni-protokoli-radev-s-palno-mnozinstvo-gerb-izprevari-pp-db-news382524.html,"При 100% обработени протоколи: Радев с пълно мнозинство, ГЕРБ изпревари ПП-ДБ",2026-04-20 14:02:49,,391,"Ха-ха, опит имали.. Като имат що ония 90 млрд не са при 404?!Що не конфискуваха руските активи, ммм?! Имат те , празните манерки на Каите и Урсулите .",Sion,21.04.2026 (вт) 0:04:07,1,11,2026-06-11 23:37:06
mediapool.bg,https://www.mediapool.bg/izbori-2026-cat130.html?page=2,https://www.mediapool.bg/pri-100-obraboteni-protokoli-radev-s-palno-mnozinstvo-gerb-izprevari-pp-db-news382524.html,"При 100% обработени протоколи: Радев с пълно мнозинство, ГЕРБ изпревари ПП-ДБ",2026-04-20 14:02:49,,390,"Тук няма благодарности, само кучетата са благодарни на господарите си. Тук има демонтаж , и ще го усетите ., за всяко нещо си има време",F16,20.04.2026 (пн) 23:57:51,2,8,2026-06-11 23:37:06
mediapool.bg,https://www.mediapool.bg/izbori-2026-cat130.html?page=2,https://www.mediapool.bg/pri-100-obraboteni-protokoli-radev-s-palno-mnozinstvo-gerb-izprevari-pp-db-news382524.html,"При 100% обработени протоколи: Радев с пълно мнозинство, ГЕРБ изпревари ПП-ДБ",2026-04-20 14:02:49,,389,"Вярно е, че имат важни задачи, даже зная едната - Радев да се отблагодари на Борисов, че го направи президент, като му даде за опонент неизбираемата Цецка Цачева.",Джелсомино,20.04.2026 (пн) 23:54:42,6,2,2026-06-11 23:37:06
mediapool.bg,https://www.mediapool.bg/izbori-2026-cat130.html?page=2,https://www.mediapool.bg/pri-100-obraboteni-protokoli-radev-s-palno-mnozinstvo-gerb-izprevari-pp-db-news382524.html,"При 100% обработени протоколи: Радев с пълно мнозинство, ГЕРБ изпревари ПП-ДБ",2026-04-20 14:02:49,,388,"Боклучаци, това нищо не става от това",F16,20.04.2026 (пн) 23:43:32,1,8,2026-06-11 23:37:06
mediapool.bg,https://www.mediapool.bg/izbori-2026-cat130.html?page=2,https://www.mediapool.bg/pri-100-obraboteni-protokoli-radev-s-palno-mnozinstvo-gerb-izprevari-pp-db-news382524.html,"При 100% обработени протоколи: Радев с пълно мнозинство, ГЕРБ изпревари ПП-ДБ",2026-04-20 14:02:49,,387,Помиарско антибългарско племе. Няма какво човек да си трови нервите с тия утайки. Българите сега имат пълно мнозинство в парламента и имат важни задачи. С тая античовешка измет човек повече не трябва да си губи времето,F16,20.04.2026 (пн) 23:34:32,0,12,2026-06-11 23:37:06
mediapool.bg,https://www.mediapool.bg/izbori-2026-cat130.html?page=2,https://www.mediapool.bg/radev-pecheli-nad-222-000-glasa-v-sofiya-borisov-e-golemiyat-gubesht-news382535.html,"Радев печели над 222 000 гласа в София, Борисов е големият губещ",2026-04-20 11:56:14,,41,"Драги ПП зомбита, умственият ви багаж е доста ограничен, така че не осъзнавате огромната загуба. Още се занимавате с Борисов и Пеевски а Радев - Путин вече ви стъпва на врата! Честито!",полк. Дрангов,20.04.2026 (пн) 19:43:10,1,4,2026-06-11 23:37:17
mediapool.bg,https://www.mediapool.bg/izbori-2026-cat130.html?page=2,https://www.mediapool.bg/radev-pecheli-nad-222-000-glasa-v-sofiya-borisov-e-golemiyat-gubesht-news382535.html,"Радев печели над 222 000 гласа в София, Борисов е големият губещ",2026-04-20 11:56:14,,38,"Борисов верно губи няколко милиарда ама бълха го ухапала, с Гуци завлякоха доста повече предишните години. Обаче го е яд на МВР, той им вдигна заплатите а тия неблагодарници не го оставиха да пазарува предизборно!",Шерлок Холмс,20.04.2026 (пн) 15:56:52,5,2,2026-06-11 23:37:17
mediapool.bg,https://www.mediapool.bg/izbori-2026-cat130.html?page=2,https://www.mediapool.bg/radev-pecheli-nad-222-000-glasa-v-sofiya-borisov-e-golemiyat-gubesht-news382535.html,"Радев печели над 222 000 гласа в София, Борисов е големият губещ",2026-04-20 11:56:14,,37,Явно във всички МИР-ове в София избирателите са направили мъдър избор. Да ги поздравим! Честито!,Гeн. Иван Колев,20.04.2026 (пн) 15:46:28,6,4,2026-06-11 23:37:17
mediapool.bg,https://www.mediapool.bg/izbori-2026-cat130.html?page=2,https://www.mediapool.bg/radev-pecheli-nad-222-000-glasa-v-sofiya-borisov-e-golemiyat-gubesht-news382535.html,"Радев печели над 222 000 гласа в София, Борисов е големият губещ",2026-04-20 11:56:14,,36,"Ха, ха, ха! Да кажем нещо!",Хлебар,20.04.2026 (пн) 15:37:53,0,1,2026-06-11 23:37:17
mediapool.bg,https://www.mediapool.bg/izbori-2026-cat130.html?page=2,https://www.mediapool.bg/radev-pecheli-nad-222-000-glasa-v-sofiya-borisov-e-golemiyat-gubesht-news382535.html,"Радев печели над 222 000 гласа в София, Борисов е големият губещ",2026-04-20 11:56:14,,34,"боко ""спечели"" само това, че сега пээфски шси го извади от зagника му, за да се погрижи за своя . . . такъв (((((-:",Bлaдo,20.04.2026 (пн) 14:57:49,6,4,2026-06-11 23:37:17
mediapool.bg,https://www.mediapool.bg/izbori-2026-cat130.html?page=2,https://www.mediapool.bg/radev-pecheli-nad-222-000-glasa-v-sofiya-borisov-e-golemiyat-gubesht-news382535.html,"Радев печели над 222 000 гласа в София, Борисов е големият губещ",2026-04-20 11:56:14,,32,..И то при цялото плюене по ПП-ДБ от почти всички останали!,pepe,20.04.2026 (пн) 14:34:58,11,2,2026-06-11 23:37:17
mediapool.bg,https://www.mediapool.bg/izbori-2026-cat130.html?page=2,https://www.mediapool.bg/andrei-yankulov-prizova-za-barzi-promeni-v-prokuraturata-news382532.html,Андрей Янкулов призова за бързи промени в прокуратурата,2026-04-20 09:34:58,,22,"Янкулов е прав .Ако в първите дни на НС се направи промяна в закона,визиращ временно изпълняващи, че 6 м. срок важи и за заварените на тези длъжности ,въпроса със САРАФОВ е решен.Може да се допълни и ,че нарушителите на този закон носят наказателна отговорност.",Проданов,20.04.2026 (пн) 20:43:58,2,0,2026-06-11 23:37:27
mediapool.bg,https://www.mediapool.bg/izbori-2026-cat130.html?page=2,https://www.mediapool.bg/andrei-yankulov-prizova-za-barzi-promeni-v-prokuraturata-news382532.html,Андрей Янкулов призова за бързи промени в прокуратурата,2026-04-20 09:34:58,,21,"Е колкото и да са бързи промените, ти, Андрейчо, ще ги гледаш по телевизията.",Sgt. Pepper,20.04.2026 (пн) 19:55:38,1,2,2026-06-11 23:37:27
mediapool.bg,https://www.mediapool.bg/izbori-2026-cat130.html?page=2,https://www.mediapool.bg/andrei-yankulov-prizova-za-barzi-promeni-v-prokuraturata-news382532.html,Андрей Янкулов призова за бързи промени в прокуратурата,2026-04-20 09:34:58,,20,"Охо,медията вече реже коментари!Започна се със сакатлъка.",Taormina,20.04.2026 (пн) 17:24:48,1,2,2026-06-11 23:37:27
mediapool.bg,https://www.mediapool.bg/izbori-2026-cat130.html?page=2,https://www.mediapool.bg/andrei-yankulov-prizova-za-barzi-promeni-v-prokuraturata-news382532.html,Андрей Янкулов призова за бързи промени в прокуратурата,2026-04-20 09:34:58,,18,"Какво ще правят Янкулов, майка му и Вси светии, ако този ""Квазимодо"" не седне на мястото на идиоте Сарафов!? Въпрос за милиони?!",Стаян,20.04.2026 (пн) 17:20:03,1,2,2026-06-11 23:37:27
mediapool.bg,https://www.mediapool.bg/izbori-2026-cat130.html?page=2,https://www.mediapool.bg/andrei-yankulov-prizova-za-barzi-promeni-v-prokuraturata-news382532.html,Андрей Янкулов призова за бързи промени в прокуратурата,2026-04-20 09:34:58,,17,"Е защо така? На бас, че не го познаваш! Просто безнаказано и страхливо плюеш зад анинимността на ник-а. Жалка работа…",jgold,20.04.2026 (пн) 16:21:22,2,3,2026-06-11 23:37:27
mediapool.bg,https://www.mediapool.bg/izbori-2026-cat130.html?page=2,https://www.mediapool.bg/andrei-yankulov-prizova-za-barzi-promeni-v-prokuraturata-news382532.html,Андрей Янкулов призова за бързи промени в прокуратурата,2026-04-20 09:34:58,,16,Една гащА ПЛЯВА ДА Ги ибеш на нашта магари. Анадънму?,Megadonkey,20.04.2026 (пн) 14:32:57,1,1,2026-06-11 23:37:27
mediapool.bg,https://www.mediapool.bg/izbori-2026-cat130.html?page=2,https://www.mediapool.bg/andrei-yankulov-prizova-za-barzi-promeni-v-prokuraturata-news382532.html,Андрей Янкулов призова за бързи промени в прокуратурата,2026-04-20 09:34:58,,15,"Наивен, смешен, некадърен шарлатанин е този на снимката! ;)",Мазен Кумунис,20.04.2026 (пн) 14:20:04,4,4,2026-06-11 23:37:27
mediapool.bg,https://www.mediapool.bg/izbori-2026-cat130.html?page=2,https://www.mediapool.bg/andrei-yankulov-prizova-za-barzi-promeni-v-prokuraturata-news382532.html,Андрей Янкулов призова за бързи промени в прокуратурата,2026-04-20 09:34:58,,14,"Това май го е написал в ""програмата"" си. Но нищо не мъцва за безкрайните правомощия на главния прокурор като институция. Аз това го разбирам като да иска да си сложи собствен Сараф.",mlntdrv,20.04.2026 (пн) 14:00:43,2,0,2026-06-11 23:37:27
mediapool.bg,https://www.mediapool.bg/izbori-2026-cat130.html?page=2,https://www.mediapool.bg/radev-tova-e-samo-parvata-stapka-news382531.html,Радев: Това е само първата стъпка,2026-04-20 09:07:30,,33,"И към Пекин - че там икономиката супер успешна, рече клепоухия руZки шуряк.",ПyтлЭр Xyйло,20.04.2026 (пн) 19:43:00,14,1,2026-06-11 23:37:38
mediapool.bg,https://www.mediapool.bg/izbori-2026-cat130.html?page=2,https://www.mediapool.bg/radev-tova-e-samo-parvata-stapka-news382531.html,Радев: Това е само първата стъпка,2026-04-20 09:07:30,,32,"Когато двама човека мислят еднакво, единият не мисли. В случая електоратът не мисли. Моисей с Шкодата ще оправи нещата! Та той е президент! :D:D:D:D:D",nikolovaleksandar1988,20.04.2026 (пн) 15:50:44,3,1,2026-06-11 23:37:38
mediapool.bg,https://www.mediapool.bg/izbori-2026-cat130.html?page=2,https://www.mediapool.bg/radev-tova-e-samo-parvata-stapka-news382531.html,Радев: Това е само първата стъпка,2026-04-20 09:07:30,,31,Първата стъпка към новия мафиотски модел и към МАсква.,anton nikolov,20.04.2026 (пн) 14:37:23,4,1,2026-06-11 23:37:38
mediapool.bg,https://www.mediapool.bg/izbori-2026-cat130.html?page=2,https://www.mediapool.bg/radev-tova-e-samo-parvata-stapka-news382531.html,Радев: Това е само първата стъпка,2026-04-20 09:07:30,,30,"Така де, а боташа ще бори монополите!",В и К,20.04.2026 (пн) 13:49:48,5,1,2026-06-11 23:37:38
mediapool.bg,https://www.mediapool.bg/izbori-2026-cat130.html?page=2,https://www.mediapool.bg/radev-tova-e-samo-parvata-stapka-news382531.html,Радев: Това е само първата стъпка,2026-04-20 09:07:30,,29,"Не драги, цензурата е ваш монопол.",DG,20.04.2026 (пн) 13:47:39,0,11,2026-06-11 23:37:38
mediapool.bg,https://www.mediapool.bg/izbori-2026-cat130.html?page=2,https://www.mediapool.bg/radev-tova-e-samo-parvata-stapka-news382531.html,Радев: Това е само първата стъпка,2026-04-20 09:07:30,,28,"Както е написал Пушкин за ""освободените"" от руските поробители народи, сред които за проклетия е и нашия: и наследяват те от род във рода, хомот с дрънкулките и бича.",В и К,20.04.2026 (пн) 13:39:35,5,1,2026-06-11 23:37:38
mediapool.bg,https://www.mediapool.bg/izbori-2026-cat130.html?page=2,https://www.mediapool.bg/radev-tova-e-samo-parvata-stapka-news382531.html,Радев: Това е само първата стъпка,2026-04-20 09:07:30,,26,"Да, след първата стъпка следва втората и третата към Кремъл.",Андрей Николов,20.04.2026 (пн) 12:30:54,5,2,2026-06-11 23:37:38
mediapool.bg,https://www.mediapool.bg/izbori-2026-cat130.html?page=2,https://www.mediapool.bg/radev-tova-e-samo-parvata-stapka-news382531.html,Радев: Това е само първата стъпка,2026-04-20 09:07:30,,24,"Ако “дълбокият“ план е в дългосрочна перспектива България да бъде извадена от ЕС, това ще проличи с първите решения на новото правителство. Ако започнат - за да изпълнят предизборните си обещания - масирани бюджетни преразпределения и държавна регулация на цените, увеличени социални харчове, увеличения на пенсиите и енергийните субсидии, това неминуемо ще доведе до конфликти с европейските институции. Такава политика ще бъде поддържана до момента, когато прогерсивните елементи ще решат, че повече така не може да продължава и трябва да се махаме от този съюз, който само пречи на правителството да управлява справедливо.",Препоръка,20.04.2026 (пн) 12:16:59,3,2,2026-06-11 23:37:38
mediapool.bg,https://www.mediapool.bg/izbori-2026-cat130.html?page=2,https://www.mediapool.bg/dezinformatsionna-kampaniya-sreshtu-mashinite-i-kiberataka-news382529.html,Дезинформационна кампания срещу машините и кибератака,2026-04-20 08:27:04,,6,Тръпна в очакване да прочета дълбокомисления анализ на изборите от титана на мисълта Христо Гроздев.,Sgt. Pepper,20.04.2026 (пн) 19:48:42,1,0,2026-06-11 23:37:39
mediapool.bg,https://www.mediapool.bg/izbori-2026-cat130.html?page=2,https://www.mediapool.bg/dezinformatsionna-kampaniya-sreshtu-mashinite-i-kiberataka-news382529.html,Дезинформационна кампания срещу машините и кибератака,2026-04-20 08:27:04,,5,"Пич, ти сигурно се шегуваш? Освен ако не тръгнат да избират главен прокурор от списъка отзад напред.",Sgt. Pepper,20.04.2026 (пн) 19:45:11,1,0,2026-06-11 23:37:39
mediapool.bg,https://www.mediapool.bg/izbori-2026-cat130.html?page=2,https://www.mediapool.bg/dezinformatsionna-kampaniya-sreshtu-mashinite-i-kiberataka-news382529.html,Дезинформационна кампания срещу машините и кибератака,2026-04-20 08:27:04,,4,"Блиц и ПИК бяха пълни със заглавия като ""Пълен провал на машините"" ,""Един гласува 3 пъти на машина"" и т.н. Такива от лъжата живеят.",БГаньо,20.04.2026 (пн) 16:59:32,1,0,2026-06-11 23:37:39
mediapool.bg,https://www.mediapool.bg/izbori-2026-cat130.html?page=2,https://www.mediapool.bg/dezinformatsionna-kampaniya-sreshtu-mashinite-i-kiberataka-news382529.html,Дезинформационна кампания срещу машините и кибератака,2026-04-20 08:27:04,,3,"Емил Дечев, доказано работи. Сега за да си довърши започнатото - главен прокурор.",Earendel,20.04.2026 (пн) 12:15:33,1,1,2026-06-11 23:37:39
mediapool.bg,https://www.mediapool.bg/izbori-2026-cat130.html?page=2,https://www.mediapool.bg/dezinformatsionna-kampaniya-sreshtu-mashinite-i-kiberataka-news382529.html,Дезинформационна кампания срещу машините и кибератака,2026-04-20 08:27:04,,2,"Кибер атака, де никой не разбрал за нея. Толкоз бързо станало сичко, че даже тоя, де я неутрализирал, не разбрал хахахаха.",Poro,20.04.2026 (пн) 11:06:19,2,2,2026-06-11 23:37:39
mediapool.bg,https://www.mediapool.bg/izbori-2026-cat130.html?page=2,https://www.mediapool.bg/dezinformatsionna-kampaniya-sreshtu-mashinite-i-kiberataka-news382529.html,Дезинформационна кампания срещу машините и кибератака,2026-04-20 08:27:04,,1,Лоши машини. Губят избори. Мадуровки. Затуй го прибра Тръмп.,dabedabe,20.04.2026 (пн) 10:10:01,2,2,2026-06-11 23:37:39
mediapool.bg,https://www.mediapool.bg/izbori-2026-cat130.html?page=2,https://www.mediapool.bg/frans-pres-po-evropeiskite-vaprosi-radev-balansira-varhu-opanato-vazhe-news382528.html,Франс прес: По европейските въпроси Радев балансира върху опънато въже,2026-04-20 08:06:06,,10,"Балансирането на Гадев се нарича ""от два стола на земята"".",anton nikolov,20.04.2026 (пн) 14:57:44,4,0,2026-06-11 23:37:39
mediapool.bg,https://www.mediapool.bg/izbori-2026-cat130.html?page=2,https://www.mediapool.bg/frans-pres-po-evropeiskite-vaprosi-radev-balansira-varhu-opanato-vazhe-news382528.html,Франс прес: По европейските въпроси Радев балансира върху опънато въже,2026-04-20 08:06:06,,9,"Ако не се научим да се пазим от руските човекоядци, никакви богове няма да ни опазят.",В и К,20.04.2026 (пн) 13:52:18,5,0,2026-06-11 23:37:39
mediapool.bg,https://www.mediapool.bg/izbori-2026-cat130.html?page=2,https://www.mediapool.bg/frans-pres-po-evropeiskite-vaprosi-radev-balansira-varhu-opanato-vazhe-news382528.html,Франс прес: По европейските въпроси Радев балансира върху опънато въже,2026-04-20 08:06:06,,7,"Той прави коремни преси без корем, бе. И лицеви опори без ръце докато кара самолета :-)",Megadonkey,20.04.2026 (пн) 10:20:21,5,2,2026-06-11 23:37:39
mediapool.bg,https://www.mediapool.bg/izbori-2026-cat130.html?page=2,https://www.mediapool.bg/frans-pres-po-evropeiskite-vaprosi-radev-balansira-varhu-opanato-vazhe-news382528.html,Франс прес: По европейските въпроси Радев балансира върху опънато въже,2026-04-20 08:06:06,,6,Щото пък Макрон цепи с 200.,dabedabe,20.04.2026 (пн) 10:12:27,0,6,2026-06-11 23:37:39
mediapool.bg,https://www.mediapool.bg/izbori-2026-cat130.html?page=2,https://www.mediapool.bg/frans-pres-po-evropeiskite-vaprosi-radev-balansira-varhu-opanato-vazhe-news382528.html,Франс прес: По европейските въпроси Радев балансира върху опънато въже,2026-04-20 08:06:06,,2,"Радев има жълто паве с неговото име готово да полети в секундата, в която се помисли за големия геополитик. България е Европа и Европа е България. Тия малоумни чугунени идеи за братска рашия да си ги пази за самотните нощи.",gavril,20.04.2026 (пн) 8:28:10,13,1,2026-06-11 23:37:39
mediapool.bg,https://www.mediapool.bg/izbori-2026-cat130.html?page=2,https://www.mediapool.bg/frans-pres-po-evropeiskite-vaprosi-radev-balansira-varhu-opanato-vazhe-news382528.html,Франс прес: По европейските въпроси Радев балансира върху опънато въже,2026-04-20 08:06:06,,1,Бог да пази България!,полк. Дрангов,20.04.2026 (пн) 8:17:43,11,3,2026-06-11 23:37:39
mediapool.bg,https://www.mediapool.bg/izbori-2026-cat130.html?page=2,https://www.mediapool.bg/skandiraniya-mafiya-pred-sektsiya-v-london-news382525.html,"Скандирания ""Мафия"" пред секция в Лондон",2026-04-20 06:39:27,,14,Сламеният служебен премиер - мафия! Провежда честни избори! ;),Мазен Кумунис,20.04.2026 (пн) 16:30:30,0,1,2026-06-11 23:37:50
mediapool.bg,https://www.mediapool.bg/izbori-2026-cat130.html?page=2,https://www.mediapool.bg/skandiraniya-mafiya-pred-sektsiya-v-london-news382525.html,"Скандирания ""Мафия"" пред секция в Лондон",2026-04-20 06:39:27,,13,Приличат на римляни.,DG,20.04.2026 (пн) 12:50:04,0,1,2026-06-11 23:37:50
mediapool.bg,https://www.mediapool.bg/izbori-2026-cat130.html?page=2,https://www.mediapool.bg/skandiraniya-mafiya-pred-sektsiya-v-london-news382525.html,"Скандирания ""Мафия"" пред секция в Лондон",2026-04-20 06:39:27,,11,"Майко, колко сте неграмотни! А вече работите на компютър! Ако светът чакаше на такива като вас, компютъра щеше да бъде открит и изработен след 10 века!",Anticomm,20.04.2026 (пн) 11:25:43,2,0,2026-06-11 23:37:50
mediapool.bg,https://www.mediapool.bg/izbori-2026-cat130.html?page=2,https://www.mediapool.bg/skandiraniya-mafiya-pred-sektsiya-v-london-news382525.html,"Скандирания ""Мафия"" пред секция в Лондон",2026-04-20 06:39:27,,10,"Имаше ли гласували в Лондон за партии, които приеха дискриминационния закон, с който ги лишиха от право на глас и ги принудиха да висят цял ден! Или може би накои от тях пуснаха гласа си за болшевика Радев?",Anticomm,20.04.2026 (пн) 11:23:21,2,1,2026-06-11 23:37:50
mediapool.bg,https://www.mediapool.bg/izbori-2026-cat130.html?page=2,https://www.mediapool.bg/skandiraniya-mafiya-pred-sektsiya-v-london-news382525.html,"Скандирания ""Мафия"" пред секция в Лондон",2026-04-20 06:39:27,,7,"Мда, жалко, те тия, които ги показаха в репортажа ми изглеждаха супер прогресивни типове.",Megadonkey,20.04.2026 (пн) 10:27:11,4,1,2026-06-11 23:37:50
mediapool.bg,https://www.mediapool.bg/izbori-2026-cat130.html?page=2,https://www.mediapool.bg/skandiraniya-mafiya-pred-sektsiya-v-london-news382525.html,"Скандирания ""Мафия"" пред секция в Лондон",2026-04-20 06:39:27,,5,"явно българските ""англичани"" не схващат, че целта е не на тях да им ограничат вота, а да намалят платения глас на българските турци в Турция. В резултат на намаляването на броя на избирателните секции в чужбина, в тази изборна кампания беше орязан на 50% турския вот и намалена наполовина тежестта на ДПС в бългрската политика. Като гражданин живеещ в БГ, предпочитам да имам по-малко Пеевски в страната си, отколкото повече гласували българи в Лондон - I'll take that any day now!",Liberal,20.04.2026 (пн) 9:48:31,2,3,2026-06-11 23:37:50
mediapool.bg,https://www.mediapool.bg/izbori-2026-cat130.html?page=2,https://www.mediapool.bg/yordan-tsonev-i-stefka-kostadinova-ostavat-izvan-parlamenta-news382552.html,Йордан Цонев и Стефка Костадинова остават извън парламента,2026-04-20 06:17:15,,37,";-) със спечелените 0,7% на изборите тошко е вече . . . 'агент 0,07' ;-) . . . А данчуМентата е само две нули - демек: keнeф (тип - турско клекало)",Bлaдo,22.04.2026 (ср) 22:11:12,2,0,2026-06-11 23:38:01
mediapool.bg,https://www.mediapool.bg/izbori-2026-cat130.html?page=2,https://www.mediapool.bg/yordan-tsonev-i-stefka-kostadinova-ostavat-izvan-parlamenta-news382552.html,Йордан Цонев и Стефка Костадинова остават извън парламента,2026-04-20 06:17:15,,36,Последно Цонев предложи намаление на данъците на хазарта!,emi27.1953,22.04.2026 (ср) 9:13:26,2,0,2026-06-11 23:38:01
mediapool.bg,https://www.mediapool.bg/izbori-2026-cat130.html?page=2,https://www.mediapool.bg/yordan-tsonev-i-stefka-kostadinova-ostavat-izvan-parlamenta-news382552.html,Йордан Цонев и Стефка Костадинова остават извън парламента,2026-04-20 06:17:15,,35,"Една хубава новина. Две продажни, корумпирани и неморални същества няма да ги гледаме всеки ден. Ментата трябва да го разследват за крупни кражби, но не съм никак оптимист.",Gai-Jin,21.04.2026 (вт) 18:19:02,7,0,2026-06-11 23:38:01
mediapool.bg,https://www.mediapool.bg/izbori-2026-cat130.html?page=2,https://www.mediapool.bg/yordan-tsonev-i-stefka-kostadinova-ostavat-izvan-parlamenta-news382552.html,Йордан Цонев и Стефка Костадинова остават извън парламента,2026-04-20 06:17:15,,34,"За мен това е най радостната вест от изборите. Данчо Ментата щеше да се пенсионира в НС, а за тая злобарка Костадинова, е малко това , че не стана депутат от ДПС!",Milanova Magda,21.04.2026 (вт) 18:10:28,6,2,2026-06-11 23:38:01
mediapool.bg,https://www.mediapool.bg/izbori-2026-cat130.html?page=2,https://www.mediapool.bg/yordan-tsonev-i-stefka-kostadinova-ostavat-izvan-parlamenta-news382552.html,Йордан Цонев и Стефка Костадинова остават извън парламента,2026-04-20 06:17:15,,33,"Всеки път, в коя да е медия прочета тази новина и новината, че Тошко семето са извън парламента, си сипвам едно малко!",vladidim59,21.04.2026 (вт) 17:17:43,8,0,2026-06-11 23:38:01
mediapool.bg,https://www.mediapool.bg/izbori-2026-cat130.html?page=2,https://www.mediapool.bg/yordan-tsonev-i-stefka-kostadinova-ostavat-izvan-parlamenta-news382552.html,Йордан Цонев и Стефка Костадинова остават извън парламента,2026-04-20 06:17:15,,32,"Е, как къде - в Барселона. Дето си няма ни хасиенда, ни джуконда, сиромах-безсребърник. Ще изчака площада да напъди рундю каZачок-БОТАША и да се върне на бял кон като премиерин. Или барем като прЭзидентин. Зер от него няма по-зъслужил към маЦква - КТБ, Банкянски паток, Белене, Бс-Александруполис, лодките, шезлонгите, кученцата...",ПyтлЭр Xyйло,21.04.2026 (вт) 16:45:26,14,1,2026-06-11 23:38:01
mediapool.bg,https://www.mediapool.bg/izbori-2026-cat130.html?page=2,https://www.mediapool.bg/yordan-tsonev-i-stefka-kostadinova-ostavat-izvan-parlamenta-news382552.html,Йордан Цонев и Стефка Костадинова остават извън парламента,2026-04-20 06:17:15,,31,"леле какъв кеф! данчо ментата и тази кобила, която се снима със свинята. хахаха!",асен,21.04.2026 (вт) 16:27:06,7,1,2026-06-11 23:38:01
mediapool.bg,https://www.mediapool.bg/izbori-2026-cat130.html?page=2,https://www.mediapool.bg/yordan-tsonev-i-stefka-kostadinova-ostavat-izvan-parlamenta-news382552.html,Йордан Цонев и Стефка Костадинова остават извън парламента,2026-04-20 06:17:15,,30,Този селски тарикат този път е объркал сметките.,PETER,21.04.2026 (вт) 16:26:46,9,0,2026-06-11 23:38:01
mediapool.bg,https://www.mediapool.bg/izbori-2026-cat130.html?page=2,https://www.mediapool.bg/yordan-tsonev-i-stefka-kostadinova-ostavat-izvan-parlamenta-news382552.html,Йордан Цонев и Стефка Костадинова остават извън парламента,2026-04-20 06:17:15,,29,Мишока отече в канала. Данчо вече няма да те притесняват в парламента разните младежи. Обаче как ще ходиш по улиците незнам.,Нико Георгиев,21.04.2026 (вт) 15:28:07,9,0,2026-06-11 23:38:01
mediapool.bg,https://www.mediapool.bg/izbori-2026-cat130.html?page=2,https://www.mediapool.bg/yordan-tsonev-i-stefka-kostadinova-ostavat-izvan-parlamenta-news382552.html,Йордан Цонев и Стефка Костадинова остават извън парламента,2026-04-20 06:17:15,,28,"Променят се хората с времето. Ей на, погледнете писателя от герб, забравих му името. Бе дет' си смени прическата и все се тика към трибуната. Някои други се усетиха и се възгещисват в последно време. Безнадеждните случаи са залепени за бх. Очакват да наследят тайфата, пък и в родните им места никой не ги бръсне.",dabedabe,21.04.2026 (вт) 14:49:28,3,0,2026-06-11 23:38:01
mediapool.bg,https://www.mediapool.bg/izbori-2026-cat130.html?page=2,https://www.mediapool.bg/radev-e-po-blizo-do-rusiya-ot-vseki-drug-skoroshen-balgarski-premier-news382523.html,Радев е по-близо до Русия от всеки друг скорошен български премиер,2026-04-20 00:21:43,,15,"Е, имееть си хась! Ка щяло да не близък с Русия, когато именно Русия (чрез ген. Леонид Решетников) го вкара политичеслкия оборот през 2016-та?!",Съвестин,20.04.2026 (пн) 15:51:02,5,0,2026-06-11 23:38:12
mediapool.bg,https://www.mediapool.bg/izbori-2026-cat130.html?page=2,https://www.mediapool.bg/radev-e-po-blizo-do-rusiya-ot-vseki-drug-skoroshen-balgarski-premier-news382523.html,Радев е по-близо до Русия от всеки друг скорошен български премиер,2026-04-20 00:21:43,,14,"Не разбрахте ли, че Ганчо балкански люби Расия и никой не може да му забрани! Нашенецът не можел да живее в Германия, защото имало ред и правила, които се спазват от всички! Той обича хаоса, безпорядъка, счупените плочки и калта по обувките! Ганьовеца си обича комунизма, привидното равенство и силно мрази съседа, който е направил пари по сравнително честен начин! Така е било и така ще бъде!",Anticomm,20.04.2026 (пн) 11:32:44,6,0,2026-06-11 23:38:12
mediapool.bg,https://www.mediapool.bg/izbori-2026-cat130.html?page=2,https://www.mediapool.bg/radev-e-po-blizo-do-rusiya-ot-vseki-drug-skoroshen-balgarski-premier-news382523.html,Радев е по-близо до Русия от всеки друг скорошен български премиер,2026-04-20 00:21:43,,13,ппдп е основно шопска партия.,dabedabe,20.04.2026 (пн) 10:36:27,0,6,2026-06-11 23:38:12
mediapool.bg,https://www.mediapool.bg/izbori-2026-cat130.html?page=2,https://www.mediapool.bg/radev-e-po-blizo-do-rusiya-ot-vseki-drug-skoroshen-balgarski-premier-news382523.html,Радев е по-близо до Русия от всеки друг скорошен български премиер,2026-04-20 00:21:43,,12,"бх връвеше по руската гайда изцяло, ма сега г-н Радев ша ожъне лаврите. Не е справедливо.",dabedabe,20.04.2026 (пн) 10:33:17,1,5,2026-06-11 23:38:12
mediapool.bg,https://www.mediapool.bg/izbori-2026-cat130.html?page=2,https://www.mediapool.bg/radev-e-po-blizo-do-rusiya-ot-vseki-drug-skoroshen-balgarski-premier-news382523.html,Радев е по-близо до Русия от всеки друг скорошен български премиер,2026-04-20 00:21:43,,10,"Мда... Демокрацията е проблем, когато народът е mъn. Служебното правителство, като никога, си свърши работата и даде възможност на избирателите да си кажат думата. И те лъснаха в цялата си необозрима глynocm. Сега: вся власт съветов. И гисподинът, който ни набута pekmaлно договорчето с Боташ, през пак служебно правителство, прибира вазелина. Няма да го ползва тоя път. Ще ви оправят, българи. Нали това искате?",Owal,20.04.2026 (пн) 9:03:24,14,1,2026-06-11 23:38:12
mediapool.bg,https://www.mediapool.bg/izbori-2026-cat130.html?page=2,https://www.mediapool.bg/radev-e-po-blizo-do-rusiya-ot-vseki-drug-skoroshen-balgarski-premier-news382523.html,Радев е по-близо до Русия от всеки друг скорошен български премиер,2026-04-20 00:21:43,,9,"Тайно се надявам Радев да е като Мелони. А а Боко и Дебелян - вие какво? Мислите си, че те не бяха с Путин. Наивници!",evtimvz,20.04.2026 (пн) 9:00:43,11,0,2026-06-11 23:38:12
mediapool.bg,https://www.mediapool.bg/izbori-2026-cat130.html?page=2,https://www.mediapool.bg/radev-e-po-blizo-do-rusiya-ot-vseki-drug-skoroshen-balgarski-premier-news382523.html,Радев е по-близо до Русия от всеки друг скорошен български премиер,2026-04-20 00:21:43,,8,Бог да пази България! Споко ще ви се отели вола има време - 4 години!,полк. Дрангов,20.04.2026 (пн) 8:25:00,11,3,2026-06-11 23:38:12
mediapool.bg,https://www.mediapool.bg/izbori-2026-cat130.html?page=2,https://www.mediapool.bg/radev-e-po-blizo-do-rusiya-ot-vseki-drug-skoroshen-balgarski-premier-news382523.html,Радев е по-близо до Русия от всеки друг скорошен български премиер,2026-04-20 00:21:43,,7,Браво! Радев е прав и ще поведе народа в правилната посока! Визионер! Голяма победа!,ozzy70,20.04.2026 (пн) 8:04:33,3,18,2026-06-11 23:38:12
mediapool.bg,https://www.mediapool.bg/izbori-2026-cat130.html?page=2,https://www.mediapool.bg/radev-e-po-blizo-do-rusiya-ot-vseki-drug-skoroshen-balgarski-premier-news382523.html,Радев е по-близо до Русия от всеки друг скорошен български премиер,2026-04-20 00:21:43,,6,Учете българската история за да не изпадате в толкова конфузна ситуация - да пишете глупости. Научете отношението на всичките ни възрожденци към Русия. Най-обобщаващ е следният материал: https://chitanka.info/text/10048-kojy,Съвестин,20.04.2026 (пн) 7:49:53,15,1,2026-06-11 23:38:12
mediapool.bg,https://www.mediapool.bg/izbori-2026-cat130.html?page=3,https://www.mediapool.bg/glasuvaite-za-progresa-radev-nai-veroyatno-pecheli-i-izborite-zad-granitsa-news382521.html,"""Гласувайте за прогреса"": Радев най-вероятно печели и изборите зад граница",2026-04-19 23:57:23,,3,Нормален човек като зърне мyтрата на Атанас Атанасов би ли гласувал за него ?,Преслав,20.04.2026 (пн) 7:49:56,1,5,2026-06-11 23:38:14
mediapool.bg,https://www.mediapool.bg/izbori-2026-cat130.html?page=3,https://www.mediapool.bg/glasuvaite-za-progresa-radev-nai-veroyatno-pecheli-i-izborite-zad-granitsa-news382521.html,"""Гласувайте за прогреса"": Радев най-вероятно печели и изборите зад граница",2026-04-19 23:57:23,,2,"""Кой квото сам си направи, никой не може да му го направи""",полк. Дрангов,20.04.2026 (пн) 3:08:23,2,0,2026-06-11 23:38:14
mediapool.bg,https://www.mediapool.bg/izbori-2026-cat130.html?page=3,https://www.mediapool.bg/glasuvaite-za-progresa-radev-nai-veroyatno-pecheli-i-izborite-zad-granitsa-news382521.html,"""Гласувайте за прогреса"": Радев най-вероятно печели и изборите зад граница",2026-04-19 23:57:23,,1,"Милите,наши сънародници от клубовете в чужбина! Повечето от тия, с които не искаш да се сближаваш в България. Снимат се ухилени, около някоя гостуваща мутра на фона на трикольора, тропат хоро до хоро, с карамфил зад ухото, и когато наближи 3-ти март, се разтапят на тема ""братята руси""! Е, за кого очаквате да гласуват, освен за ""ЧИЙ Е КРИМ...?""",Александър Борисов,20.04.2026 (пн) 0:45:29,7,1,2026-06-11 23:38:14
mediapool.bg,https://www.mediapool.bg/izbori-2026-cat130.html?page=3,https://www.mediapool.bg/ot-myastoto-na-vota-kak-tsyala-sektsiya-v-stolipinovo-ryazko-se-preorientira-ot-gerb-kam-radev-news382520.html,"От мястото на вота: Как цяла секция в ""Столипиново"" рязко се преориентира от ГЕРБ към Радев",2026-04-19 23:47:50,,10,"Май бъркаш кв. Гео Милев с кв. Христо Ботев, Врорият е едно от софийските гета - т.е. като Столипиново в Пловдив.",brusselaar,20.04.2026 (пн) 10:51:03,0,0,2026-06-11 23:38:15
mediapool.bg,https://www.mediapool.bg/izbori-2026-cat130.html?page=3,https://www.mediapool.bg/ot-myastoto-na-vota-kak-tsyala-sektsiya-v-stolipinovo-ryazko-se-preorientira-ot-gerb-kam-radev-news382520.html,"От мястото на вота: Как цяла секция в ""Столипиново"" рязко се преориентира от ГЕРБ към Радев",2026-04-19 23:47:50,,9,"Не думай! В цялата държава резултатите са същите! В Т.ч и във ВСИЧКИ секции -дори , а и най-вече в -центъра на София.",not_independent_observer,20.04.2026 (пн) 6:58:57,0,0,2026-06-11 23:38:15
mediapool.bg,https://www.mediapool.bg/izbori-2026-cat130.html?page=3,https://www.mediapool.bg/ot-myastoto-na-vota-kak-tsyala-sektsiya-v-stolipinovo-ryazko-se-preorientira-ot-gerb-kam-radev-news382520.html,"От мястото на вота: Как цяла секция в ""Столипиново"" рязко се преориентира от ГЕРБ към Радев",2026-04-19 23:47:50,,8,"Манипулативна статия. Фактите са,че в ЦЯЛАТА ДЪРЖАВА има преориентиране от ГЕРБ към Радев. Важи и за секциите в 23 и 24 софийски райони. Но не пускате статия,че секциите, примерно в кв. Гео Милев в София са преориентирани, като резултатите в кв. Гео Милев в София, и в Столипиново-което ви вълнува са СЪЩИТЕ. Значи в София може да има пълно преориентиране-цитирам ви, а в други секции-не, и за вас е новина?!",not_independent_observer,20.04.2026 (пн) 6:57:07,1,1,2026-06-11 23:38:15
mediapool.bg,https://www.mediapool.bg/izbori-2026-cat130.html?page=3,https://www.mediapool.bg/ot-myastoto-na-vota-kak-tsyala-sektsiya-v-stolipinovo-ryazko-se-preorientira-ot-gerb-kam-radev-news382520.html,"От мястото на вота: Как цяла секция в ""Столипиново"" рязко се преориентира от ГЕРБ към Радев",2026-04-19 23:47:50,,7,Ее.. Не се ли сещате!? Убедил ги е партенкин. Обещал е цяла фабрика сладкиши. И за докаже че не лъже е подплатил думите с рашистки купюри. Не бих се учудил ако се окажат фалшиви като фалшивия му европризъм.,Jack Daniels,20.04.2026 (пн) 3:05:32,3,1,2026-06-11 23:38:15
mediapool.bg,https://www.mediapool.bg/izbori-2026-cat130.html?page=3,https://www.mediapool.bg/ot-myastoto-na-vota-kak-tsyala-sektsiya-v-stolipinovo-ryazko-se-preorientira-ot-gerb-kam-radev-news382520.html,"От мястото на вота: Как цяла секция в ""Столипиново"" рязко се преориентира от ГЕРБ към Радев",2026-04-19 23:47:50,,6,"Образователен ценз е нужен! Категоричен съм! Той не може да чете и да пише, ще ми гласува!",Стамен Тасев,20.04.2026 (пн) 2:43:46,4,0,2026-06-11 23:38:15
mediapool.bg,https://www.mediapool.bg/izbori-2026-cat130.html?page=3,https://www.mediapool.bg/ot-myastoto-na-vota-kak-tsyala-sektsiya-v-stolipinovo-ryazko-se-preorientira-ot-gerb-kam-radev-news382520.html,"От мястото на вота: Как цяла секция в ""Столипиново"" рязко се преориентира от ГЕРБ към Радев",2026-04-19 23:47:50,,5,"Циганите трябва да се лишат от правото да гласуват. Нека имат всички други граждански права, но това - не.",Козин Човков,20.04.2026 (пн) 2:15:54,4,2,2026-06-11 23:38:15
mediapool.bg,https://www.mediapool.bg/izbori-2026-cat130.html?page=3,https://www.mediapool.bg/ot-myastoto-na-vota-kak-tsyala-sektsiya-v-stolipinovo-ryazko-se-preorientira-ot-gerb-kam-radev-news382520.html,"От мястото на вота: Как цяла секция в ""Столипиново"" рязко се преориентира от ГЕРБ към Радев",2026-04-19 23:47:50,,4,"Римляните са гласували безплатно?? Можеш ли да ме запознаеш с римлянин, който е гласувал безплатно?",DG,20.04.2026 (пн) 1:09:17,3,4,2026-06-11 23:38:15
mediapool.bg,https://www.mediapool.bg/izbori-2026-cat130.html?page=3,https://www.mediapool.bg/ot-myastoto-na-vota-kak-tsyala-sektsiya-v-stolipinovo-ryazko-se-preorientira-ot-gerb-kam-radev-news382520.html,"От мястото на вота: Как цяла секция в ""Столипиново"" рязко се преориентира от ГЕРБ към Радев",2026-04-19 23:47:50,,3,"Точно тъй - да, и същите дето уж са ги купили са отишли тоз път безплатно... Защото гласувалите са пак толкова! То дори минимално ако се замислиш, ще разбереш колко е несъстоятелна версията ти...",xa_poznai,20.04.2026 (пн) 0:45:38,2,6,2026-06-11 23:38:15
mediapool.bg,https://www.mediapool.bg/izbori-2026-cat130.html?page=3,https://www.mediapool.bg/ot-myastoto-na-vota-kak-tsyala-sektsiya-v-stolipinovo-ryazko-se-preorientira-ot-gerb-kam-radev-news382520.html,"От мястото на вота: Как цяла секция в ""Столипиново"" рязко се преориентира от ГЕРБ към Радев",2026-04-19 23:47:50,,2,"Елементарно, Уотсън. На миналите избори купувачите са купували необезпокоявано, ама сега на някои места не можаха. И разликата е видима и с просто око.",Шерлок Холмс,20.04.2026 (пн) 0:40:16,6,2,2026-06-11 23:38:15
mediapool.bg,https://www.mediapool.bg/izbori-2026-cat130.html?page=3,https://www.mediapool.bg/ot-myastoto-na-vota-kak-tsyala-sektsiya-v-stolipinovo-ryazko-se-preorientira-ot-gerb-kam-radev-news382520.html,"От мястото на вота: Как цяла секция в ""Столипиново"" рязко се преориентира от ГЕРБ към Радев",2026-04-19 23:47:50,,1,Посредством финикийски знаци и полицейски терор.,DG,20.04.2026 (пн) 0:12:09,3,5,2026-06-11 23:38:15
mediapool.bg,https://www.mediapool.bg/izbori-2026-cat130.html?page=3,https://www.mediapool.bg/radev-otide-do-urnata-sam-no-pri-pobednite-rezultati-be-pridruzhen-ot-saprugata-si-obnovena-news382500.html,"Радев отиде до урната сам, но при победните резултати бе придружен от съпругата си (Обновена)",2026-04-19 23:40:00,,35,като в турски сериал - всички тръпнат да видат накрая младите шсе оженят ли (в случая - шсе съберат ли отново) . . . (((-:,Bлaдo,20.04.2026 (пн) 10:14:35,2,0,2026-06-11 23:38:25
mediapool.bg,https://www.mediapool.bg/izbori-2026-cat130.html?page=3,https://www.mediapool.bg/radev-otide-do-urnata-sam-no-pri-pobednite-rezultati-be-pridruzhen-ot-saprugata-si-obnovena-news382500.html,"Радев отиде до урната сам, но при победните резултати бе придружен от съпругата си (Обновена)",2026-04-19 23:40:00,,34,Важното е Радев да не се изложи. Жена му е ясна.. :),ozzy70,20.04.2026 (пн) 7:57:03,3,1,2026-06-11 23:38:25
mediapool.bg,https://www.mediapool.bg/izbori-2026-cat130.html?page=3,https://www.mediapool.bg/radev-otide-do-urnata-sam-no-pri-pobednite-rezultati-be-pridruzhen-ot-saprugata-si-obnovena-news382500.html,"Радев отиде до урната сам, но при победните резултати бе придружен от съпругата си (Обновена)",2026-04-19 23:40:00,,33,"E, много ясно, че пymkuтe се кефят на ""победители"" - нищо ново под слънцето, човещинка си е, дори при фризьорките.",стефчо,20.04.2026 (пн) 2:13:21,5,0,2026-06-11 23:38:25
mediapool.bg,https://www.mediapool.bg/izbori-2026-cat130.html?page=3,https://www.mediapool.bg/radev-otide-do-urnata-sam-no-pri-pobednite-rezultati-be-pridruzhen-ot-saprugata-si-obnovena-news382500.html,"Радев отиде до урната сам, но при победните резултати бе придружен от съпругата си (Обновена)",2026-04-19 23:40:00,,32,Мелания Радева... :),sloth,20.04.2026 (пн) 0:18:49,4,2,2026-06-11 23:38:25
mediapool.bg,https://www.mediapool.bg/izbori-2026-cat130.html?page=3,https://www.mediapool.bg/radev-otide-do-urnata-sam-no-pri-pobednite-rezultati-be-pridruzhen-ot-saprugata-si-obnovena-news382500.html,"Радев отиде до урната сам, но при победните резултати бе придружен от съпругата си (Обновена)",2026-04-19 23:40:00,,31,"Не вярвам чак толкова бързо да са изхарчили със зеления чорап комисионите от Газпром, пардон - от Боташ! Или обратно - рублите са толкова много, че не могат да ги изхарчат и започват терзанията за душата и парите...",P.Stoev,19.04.2026 (нд) 20:50:37,8,2,2026-06-11 23:38:25
mediapool.bg,https://www.mediapool.bg/izbori-2026-cat130.html?page=3,https://www.mediapool.bg/radev-otide-do-urnata-sam-no-pri-pobednite-rezultati-be-pridruzhen-ot-saprugata-si-obnovena-news382500.html,"Радев отиде до урната сам, но при победните резултати бе придружен от съпругата си (Обновена)",2026-04-19 23:40:00,,30,"Браво на Радева! Деси, голяма работа си!",liligr,19.04.2026 (нд) 18:44:18,4,5,2026-06-11 23:38:25
mediapool.bg,https://www.mediapool.bg/izbori-2026-cat130.html?page=3,https://www.mediapool.bg/radev-otide-do-urnata-sam-no-pri-pobednite-rezultati-be-pridruzhen-ot-saprugata-si-obnovena-news382500.html,"Радев отиде до урната сам, но при победните резултати бе придружен от съпругата си (Обновена)",2026-04-19 23:40:00,,29,"Ама, верно ли бе?",Keyser Söze,19.04.2026 (нд) 18:43:35,4,3,2026-06-11 23:38:25
mediapool.bg,https://www.mediapool.bg/izbori-2026-cat130.html?page=3,https://www.mediapool.bg/radev-otide-do-urnata-sam-no-pri-pobednite-rezultati-be-pridruzhen-ot-saprugata-si-obnovena-news382500.html,"Радев отиде до урната сам, но при победните резултати бе придружен от съпругата си (Обновена)",2026-04-19 23:40:00,,28,нещо като крушето на Бриджит в зурлата на макарона.. :)),ozzy70,19.04.2026 (нд) 18:24:23,1,7,2026-06-11 23:38:25
mediapool.bg,https://www.mediapool.bg/izbori-2026-cat130.html?page=3,https://www.mediapool.bg/radev-otide-do-urnata-sam-no-pri-pobednite-rezultati-be-pridruzhen-ot-saprugata-si-obnovena-news382500.html,"Радев отиде до урната сам, но при победните резултати бе придружен от съпругата си (Обновена)",2026-04-19 23:40:00,,27,абсолютно вярно,ozzy70,19.04.2026 (нд) 18:20:38,2,4,2026-06-11 23:38:25
mediapool.bg,https://www.mediapool.bg/izbori-2026-cat130.html?page=3,https://www.mediapool.bg/radev-otide-do-urnata-sam-no-pri-pobednite-rezultati-be-pridruzhen-ot-saprugata-si-obnovena-news382500.html,"Радев отиде до урната сам, но при победните резултати бе придружен от съпругата си (Обновена)",2026-04-19 23:40:00,,26,"Най-голямата грешка е на баща ти, че не го е извадил навреме ...",Хабиби пустинният вълк,19.04.2026 (нд) 17:55:38,4,3,2026-06-11 23:38:25
mediapool.bg,https://www.mediapool.bg/izbori-2026-cat130.html?page=3,https://www.mediapool.bg/palna-promyana-radev-s-istoricheska-pobeda-gerb-i-pp-db-na-kantar-vazrazhdane-se-srina-news382505.html,"Пълна промяна: Радев с историческа победа, ГЕРБ и ПП-ДБ на кантар, ""Възраждане"" се срина",2026-04-19 23:00:00,,166,(((-: . . . и изведнъж лузърите бОко и пЭЭфски станаха много сговорчиви ;-))),Bлaдo,24.04.2026 (пт) 11:07:47,1,0,2026-06-11 23:38:37
mediapool.bg,https://www.mediapool.bg/izbori-2026-cat130.html?page=3,https://www.mediapool.bg/palna-promyana-radev-s-istoricheska-pobeda-gerb-i-pp-db-na-kantar-vazrazhdane-se-srina-news382505.html,"Пълна промяна: Радев с историческа победа, ГЕРБ и ПП-ДБ на кантар, ""Възраждане"" се срина",2026-04-19 23:00:00,,165,Цялата пропаганда на вятъра. Големи сте умници-Гюровци!,Стаян,20.04.2026 (пн) 16:31:22,0,2,2026-06-11 23:38:37
mediapool.bg,https://www.mediapool.bg/izbori-2026-cat130.html?page=3,https://www.mediapool.bg/palna-promyana-radev-s-istoricheska-pobeda-gerb-i-pp-db-na-kantar-vazrazhdane-se-srina-news382505.html,"Пълна промяна: Радев с историческа победа, ГЕРБ и ПП-ДБ на кантар, ""Възраждане"" се срина",2026-04-19 23:00:00,,164,Дори в 23 МИР и 24 МИР София ДБ/ПП ме печелят,Преслав,20.04.2026 (пн) 11:19:55,1,2,2026-06-11 23:38:37
mediapool.bg,https://www.mediapool.bg/izbori-2026-cat130.html?page=3,https://www.mediapool.bg/palna-promyana-radev-s-istoricheska-pobeda-gerb-i-pp-db-na-kantar-vazrazhdane-se-srina-news382505.html,"Пълна промяна: Радев с историческа победа, ГЕРБ и ПП-ДБ на кантар, ""Възраждане"" се срина",2026-04-19 23:00:00,,163,"Време е да го кажем - ДБ и ДПС разчитат на твърд електорат и се видя че при скок в избирателната активност потъват ... там куцо и сакато що може да мърда отива до урните. Ако беше 80% щяха да са паднали на 5-6% макс , просто защото не привличат нови гласове",Преслав,20.04.2026 (пн) 10:43:04,0,2,2026-06-11 23:38:37
mediapool.bg,https://www.mediapool.bg/izbori-2026-cat130.html?page=3,https://www.mediapool.bg/palna-promyana-radev-s-istoricheska-pobeda-gerb-i-pp-db-na-kantar-vazrazhdane-se-srina-news382505.html,"Пълна промяна: Радев с историческа победа, ГЕРБ и ПП-ДБ на кантар, ""Възраждане"" се срина",2026-04-19 23:00:00,,162,"време е да си го кажем!: герб-авите избараха радев! На предишните избори герб имат 600 хиляди (и малко) гласували за тях. Сега са с 35% надоле. Тва значи, че четвърт милион герб-ави гласатели са гласували за друг. И тъй като явно НЕ са гласували за . . . едноцифрените партии (ни за пээфски, ни за копЭйкин, ни за бЭсЭпЭ ;-)). . ., очевидно фурорът на радев го дължим на четвърт милион дезориентирани гербаво-комунарски uguoти. . .",Bлaдo,20.04.2026 (пн) 10:24:36,4,1,2026-06-11 23:38:37
mediapool.bg,https://www.mediapool.bg/izbori-2026-cat130.html?page=3,https://www.mediapool.bg/palna-promyana-radev-s-istoricheska-pobeda-gerb-i-pp-db-na-kantar-vazrazhdane-se-srina-news382505.html,"Пълна промяна: Радев с историческа победа, ГЕРБ и ПП-ДБ на кантар, ""Възраждане"" се срина",2026-04-19 23:00:00,,160,На ГЕРБ от 19 -20 му се сви на 11-14.,Ravel,20.04.2026 (пн) 8:43:10,2,3,2026-06-11 23:38:37
mediapool.bg,https://www.mediapool.bg/izbori-2026-cat130.html?page=3,https://www.mediapool.bg/palna-promyana-radev-s-istoricheska-pobeda-gerb-i-pp-db-na-kantar-vazrazhdane-se-srina-news382505.html,"Пълна промяна: Радев с историческа победа, ГЕРБ и ПП-ДБ на кантар, ""Възраждане"" се срина",2026-04-19 23:00:00,,157,"Тpябвa дa ce взeмaт cпeшни мepки, зa дa ce пpeдoтвpaти нoв «Гoлям тpoeн шлeм», кaтo тoя, кoйтo нaвpeмeтo ни дoгoвopи P.Oвч. пpи пpeзидeнтcтвaнeтo нa Пъpвaнoв. Щяxмe 30 гoдини дa ce къпeм в pуcки гaз и пeтpoл, и paдocтнo дa cтpoим Бeлянe и Южeн пoтoк. Дoкaтo гaзoпpeнocнaтa ни мpeжa нe cтaнe pуcкa, кaквaтo бeшe цeлтa oщe с Тoпeнepджи. Eдвaм ce oтъpвaxмe. P.Oвч. cтopниpa пpeдcpoчнo пpeз 2012 г. cтapия дoгoвop зa pуcки гaз и пo нoвия цeнитe pязкo cкoчиxa. Пpeз aвгуcт 2012 г. бeнзинът нaдxвъpли 3 лeвa …Прочети целия коментар пpи 4 пъти пo-ниcки дoxoди oт ceгaшнитe. ДжeнЗитaтa xaбep cи нямaт зa тoвa, a ceгaшнитe ни пoлитичecки «oбoзpeвaтeли» и «oбoзpeвaтeлки» мoжe и дa нe ca гo зaбeлязaли, щoтo тoгaвa oщe ca били пиклювци и пикли. Зa дa ce cвaли цeнaтa нa гaзa c 20%, нaлoжи ce дa ce изгoнят 3-тe pуcки гaзoви пocpeдници, вкл. Oвepгaз. Paзвaлиxa ce oтнoшeниятa cъc Caшo Дoнчeв и бeшe cпeчeлeн зa «кaузaтa» нa пpoтecтъpитe. Кaктo впpoчeм cтaнa и c ocтaлитe мутpo-oлигapcи, кoитo нaдaдoxa вoй, чe в Бългapия кpaдяли бизнecи. Ocoбeнo cлeд кaтo ce пpeдoтвpaти oпитa им вoeннитe зaвoди и дpуги ключoви пpeдпpиятия дa cтaнaт pуcки чpeз КТБ. Cлeд тoвa ce нaлoжи гaзoвият дoгoвop дa ce пpeдoгoвopи, зa дa cтaнe пo-кpaткocpoчeн. Нaкpaя дoйдoxa 3-мa aмepикaнcки ceнaтopи, зa дa ce туpи «фициaлнo» кpъcт нa Бeлянe и Южeн пoтoк. Кaктo и нa бecoвeтe нa Бoлeн, кoйтo въpтeшe нa пpъcт пpaвитeлcтвoтo «Oглушapcки» и пpaвeшe пapлaмeнтa и xopaтa нa мaймуни зa кeф нa ceиpджиитe и пpocтaцитe. Xoдeшe нa кoнфepeнции нa путинcкaтa пapтия и oтгoвapяшe зa pуcкaтa пpoпaгaндa нa Бaлкaнитe кaктo Вилдep в Eвpoпa. Впpoчeм, нa тaкaвa кoнфepeнция Кopлeoнeлия дoгoвopи c гeн. Peшeтникoв нoвaтa ни дъpжaвнa глaвa, тa ce cкapaxa c AБВ нa Пъpвaнoв, Пeткoв и Кaлфин чий бил пpинocът, щoтo тяxнaтa пapтия oтгoвapялa зa вpъзкитe c путинoвaтa. Зa дa нe cтaвaт oтнoвo тaкивa paбoти, тpябвa дa ce дeйcтвa opгaнзиpaнo, кaктo ce дeйcтвaшe зa пpeдoтвpтявaнeтo нa шaшмaлoгиятa нa «ти cи нaшият пpeзидeнт» пpи зaкупувaнeтo нa нoвия мнoгoцeлeви caмoлeт. Включитeлнo и oт глупaцитe, кoитo 2 пъти глacувaxa зa нeгo, дoкaтo накрая уcпeят дa му пpeдaдaт влacттa.",Филка Русофилка,20.04.2026 (пн) 7:54:35,3,3,2026-06-11 23:38:37
mediapool.bg,https://www.mediapool.bg/izbori-2026-cat130.html?page=3,https://www.mediapool.bg/peevski-kam-simpatizantite-ustoyahte-na-bezpretsedenten-natisk-news382517.html,Пеевски към симпатизантите: Устояхте на безпрецедентен натиск,2026-04-19 22:52:46,,10,"Не само деПсето докара като Булгартабак пееФЪСки ами и герП срина. Дано да не се окаже, че и основите на България е подкопало гадното праZе. Да стяга куфарите и да бЕга докато е време, ама надали ще има толкова акъл.",АТ,20.04.2026 (пн) 10:07:47,2,0,2026-06-11 23:38:48
mediapool.bg,https://www.mediapool.bg/izbori-2026-cat130.html?page=3,https://www.mediapool.bg/peevski-kam-simpatizantite-ustoyahte-na-bezpretsedenten-natisk-news382517.html,Пеевски към симпатизантите: Устояхте на безпрецедентен натиск,2026-04-19 22:52:46,,8,Това нещо ще избяга.,Иван Асенов Стоянов,20.04.2026 (пн) 8:55:15,2,0,2026-06-11 23:38:48
mediapool.bg,https://www.mediapool.bg/izbori-2026-cat130.html?page=3,https://www.mediapool.bg/peevski-kam-simpatizantite-ustoyahte-na-bezpretsedenten-natisk-news382517.html,Пеевски към симпатизантите: Устояхте на безпрецедентен натиск,2026-04-19 22:52:46,,5,Язък дето бихте циганите! ДПС пак си е с 8 и нещо процента! Защото Пеевски е за хората и хората са за Пеевски!,полк. Дрангов,20.04.2026 (пн) 3:24:02,0,4,2026-06-11 23:38:48
mediapool.bg,https://www.mediapool.bg/izbori-2026-cat130.html?page=3,https://www.mediapool.bg/peevski-kam-simpatizantite-ustoyahte-na-bezpretsedenten-natisk-news382517.html,Пеевски към симпатизантите: Устояхте на безпрецедентен натиск,2026-04-19 22:52:46,,4,"Този докара и депесето като ""Булгартабак"". Евала за което. Интересно накъде ще бяга сега ако се наложи, понеже Дубай изглежда няма да е вариант за известно време...",sloth,20.04.2026 (пн) 0:23:02,4,1,2026-06-11 23:38:48
mediapool.bg,https://www.mediapool.bg/izbori-2026-cat130.html?page=3,https://www.mediapool.bg/bsp-ostava-pod-chertata-za-parlamenta-no-s-neochakvan-rezultat-news382516.html,"БСП остава под чертата за парламента, но с неочакван резултат",2026-04-19 22:51:35,,9,"За жалост не мога да се съглася. Антибългарската болшевишка секта захранва с изборни гласове партиите на Костя, Ивелинчо, до голяма степен и на Руди Гела и сега на Зельонъй чарап. Това, че БСП изтече в канала, само по себе си е добра новина, но твърде голяма част от населението е с болно съзнание.",Kapa o Pango,20.04.2026 (пн) 16:22:31,0,0,2026-06-11 23:38:48
mediapool.bg,https://www.mediapool.bg/izbori-2026-cat130.html?page=3,https://www.mediapool.bg/bsp-ostava-pod-chertata-za-parlamenta-no-s-neochakvan-rezultat-news382516.html,"БСП остава под чертата за парламента, но с неочакван резултат",2026-04-19 22:51:35,,8,"Антибългарската болшевишка секта издъхна политически на 107 г. Лошото е, че метастазите и продължават да тровят България.",anton nikolov,20.04.2026 (пн) 10:05:04,3,0,2026-06-11 23:38:48
mediapool.bg,https://www.mediapool.bg/izbori-2026-cat130.html?page=3,https://www.mediapool.bg/bsp-ostava-pod-chertata-za-parlamenta-no-s-neochakvan-rezultat-news382516.html,"БСП остава под чертата за парламента, но с неочакван резултат",2026-04-19 22:51:35,,7,И аз се радвам за пишещите се за леваци. Превариха (в смисъл изпревариха) очакванията ми.,dabedabe,20.04.2026 (пн) 8:08:22,2,0,2026-06-11 23:38:48
mediapool.bg,https://www.mediapool.bg/izbori-2026-cat130.html?page=3,https://www.mediapool.bg/bsp-ostava-pod-chertata-za-parlamenta-no-s-neochakvan-rezultat-news382516.html,"БСП остава под чертата за парламента, но с неочакван резултат",2026-04-19 22:51:35,,5,Време е да се саморазпуснат,Jack Daniels,20.04.2026 (пн) 3:08:32,3,1,2026-06-11 23:38:48
mediapool.bg,https://www.mediapool.bg/izbori-2026-cat130.html?page=3,https://www.mediapool.bg/bsp-ostava-pod-chertata-za-parlamenta-no-s-neochakvan-rezultat-news382516.html,"БСП остава под чертата за парламента, но с неочакван резултат",2026-04-19 22:51:35,,4,"БСП - аут. ИТН - аут. МЕЧ, Величие - аут. Сияние да заминава с тях. Тиквата и Свинята - с минимални %. Аз бих рекъл, че резултатите не са толкова лоши. Радев нека си направи правителство - и ще се издъни като всички спасители досега. България се чисти от боклука.",Ники,19.04.2026 (нд) 23:45:29,9,0,2026-06-11 23:38:48
mediapool.bg,https://www.mediapool.bg/izbori-2026-cat130.html?page=3,https://www.mediapool.bg/bsp-ostava-pod-chertata-za-parlamenta-no-s-neochakvan-rezultat-news382516.html,"БСП остава под чертата за парламента, но с неочакван резултат",2026-04-19 22:51:35,,2,"За провала на всички от върхушката на БСП ще отговаря Зарков, който има най-малка вина за случилото се (ако изобщо има). БСП не за пръв път се гушка със свинята, и не за пръв път след това отчита плачевни резултати, така че беше напълно закономерно да стигне до дъното. Заради алчнотията и болните амбиции на партийните босове. Иначе е нормално една лява партия да има 8-10%.",Шерлок Холмс,19.04.2026 (нд) 23:36:02,8,0,2026-06-11 23:38:48
mediapool.bg,https://www.mediapool.bg/izbori-2026-cat130.html?page=3,https://www.mediapool.bg/bsp-ostava-pod-chertata-za-parlamenta-no-s-neochakvan-rezultat-news382516.html,"БСП остава под чертата за парламента, но с неочакван резултат",2026-04-19 22:51:35,,1,Много добра новина.,DG,19.04.2026 (нд) 23:02:24,3,3,2026-06-11 23:38:48
mediapool.bg,https://www.mediapool.bg/izbori-2026-cat130.html?page=3,https://www.mediapool.bg/radev-sled-izbornata-pobeda-evropa-ima-nuzhda-ot-kritichno-mislene-i-dialog-s-rusiya-obnovena-news382506.html,Радев след изборната победа: Европа има нужда от критично мислене и диалог с Русия (обновена),2026-04-19 22:40:01,,52,Призивите на Гадев за диалог с масовия убиец Путлер показват че е морален дегенерат.,anton nikolov,20.04.2026 (пн) 15:00:55,1,0,2026-06-11 23:38:59
mediapool.bg,https://www.mediapool.bg/izbori-2026-cat130.html?page=3,https://www.mediapool.bg/radev-sled-izbornata-pobeda-evropa-ima-nuzhda-ot-kritichno-mislene-i-dialog-s-rusiya-obnovena-news382506.html,Радев след изборната победа: Европа има нужда от критично мислене и диалог с Русия (обновена),2026-04-19 22:40:01,,51,"Да, да хвърли оръжието и другият да го застреля. Колко умно.",anton nikolov,20.04.2026 (пн) 14:59:29,2,0,2026-06-11 23:38:59
mediapool.bg,https://www.mediapool.bg/izbori-2026-cat130.html?page=3,https://www.mediapool.bg/radev-sled-izbornata-pobeda-evropa-ima-nuzhda-ot-kritichno-mislene-i-dialog-s-rusiya-obnovena-news382506.html,Радев след изборната победа: Европа има нужда от критично мислене и диалог с Русия (обновена),2026-04-19 22:40:01,,50,"Въоръжен с невъоръжен не разговаря, а воюва. Това е проблемът.",Е анита хегерланд,20.04.2026 (пн) 14:17:53,0,1,2026-06-11 23:38:59
mediapool.bg,https://www.mediapool.bg/izbori-2026-cat130.html?page=3,https://www.mediapool.bg/radev-sled-izbornata-pobeda-evropa-ima-nuzhda-ot-kritichno-mislene-i-dialog-s-rusiya-obnovena-news382506.html,Радев след изборната победа: Европа има нужда от критично мислене и диалог с Русия (обновена),2026-04-19 22:40:01,,49,"Много си прав. Руснаците винаги са доили България. А след девети отнасят в Москва целия и златен резерв плюс всички ценни архиви, които до ден днешен отказват да върнат. Тези избори забиха България още по-назад и встрани от нормалния свят.",PeterSRQ,20.04.2026 (пн) 13:49:25,2,0,2026-06-11 23:38:59
mediapool.bg,https://www.mediapool.bg/izbori-2026-cat130.html?page=3,https://www.mediapool.bg/radev-sled-izbornata-pobeda-evropa-ima-nuzhda-ot-kritichno-mislene-i-dialog-s-rusiya-obnovena-news382506.html,Радев след изборната победа: Европа има нужда от критично мислене и диалог с Русия (обновена),2026-04-19 22:40:01,,47,"Рундьоооо,първо да беше казал България от какво има нужда,какво ще направиш ти за България.Това го интересува народа.",Taormina,20.04.2026 (пн) 12:46:17,1,0,2026-06-11 23:38:59
mediapool.bg,https://www.mediapool.bg/izbori-2026-cat130.html?page=3,https://www.mediapool.bg/radev-sled-izbornata-pobeda-evropa-ima-nuzhda-ot-kritichno-mislene-i-dialog-s-rusiya-obnovena-news382506.html,Радев след изборната победа: Европа има нужда от критично мислене и диалог с Русия (обновена),2026-04-19 22:40:01,,46,"Какъв диалог с хора, които като не им хареса нещо вадят оръжие и стрелят. Диалог да спрат да стрелят ли?",Джелсомино,20.04.2026 (пн) 10:19:45,3,0,2026-06-11 23:38:59
mediapool.bg,https://www.mediapool.bg/izbori-2026-cat130.html?page=3,https://www.mediapool.bg/radev-sled-izbornata-pobeda-evropa-ima-nuzhda-ot-kritichno-mislene-i-dialog-s-rusiya-obnovena-news382506.html,Радев след изборната победа: Европа има нужда от критично мислене и диалог с Русия (обновена),2026-04-19 22:40:01,,45,"Диалогът с русия се изчерпва с “вървете на майната си, орки”. Всичко друго - излизаме с павета.",gavril,20.04.2026 (пн) 8:30:52,6,0,2026-06-11 23:38:59
mediapool.bg,https://www.mediapool.bg/izbori-2026-cat130.html?page=3,https://www.mediapool.bg/radev-sled-izbornata-pobeda-evropa-ima-nuzhda-ot-kritichno-mislene-i-dialog-s-rusiya-obnovena-news382506.html,Радев след изборната победа: Европа има нужда от критично мислене и диалог с Русия (обновена),2026-04-19 22:40:01,,43,Аз не храня надежди. Влиянието на Путин в държавите се основава на и минава през корупционни схеми и той няма да разреши на Радев да му ги унищожи тук в България.,Съвестин,20.04.2026 (пн) 7:44:10,6,0,2026-06-11 23:38:59
mediapool.bg,https://www.mediapool.bg/izbori-2026-cat130.html?page=3,https://www.mediapool.bg/pochti-milion-dushi-poveche-glasuvaha-tozi-pat-po-aktivni-sa-i-v-chuzhbina-news382483.html,"Почти милион души повече гласуваха този път, по-активни са и в чужбина",2026-04-19 21:53:00,,98,а от тоя милион една четвърт бивши гербави гласатели сега изгласуваха за радеф...,Bлaдo,20.04.2026 (пн) 22:57:22,0,0,2026-06-11 23:39:17
mediapool.bg,https://www.mediapool.bg/izbori-2026-cat130.html?page=3,https://www.mediapool.bg/pochti-milion-dushi-poveche-glasuvaha-tozi-pat-po-aktivni-sa-i-v-chuzhbina-news382483.html,"Почти милион души повече гласуваха този път, по-активни са и в чужбина",2026-04-19 21:53:00,,97,и ко либералдемократите дори не можаха да са първи и при губещите :D за капак и румбата няма нужда от тях! честито другари!!!!!,metal slug,20.04.2026 (пн) 12:20:07,1,1,2026-06-11 23:39:17
mediapool.bg,https://www.mediapool.bg/izbori-2026-cat130.html?page=3,https://www.mediapool.bg/pochti-milion-dushi-poveche-glasuvaha-tozi-pat-po-aktivni-sa-i-v-chuzhbina-news382483.html,"Почти милион души повече гласуваха този път, по-активни са и в чужбина",2026-04-19 21:53:00,,95,Ти какво се радваш? Нали агитираше за 15? Как е от 26% на 11%?,Още един,19.04.2026 (нд) 22:41:34,2,0,2026-06-11 23:39:17
mediapool.bg,https://www.mediapool.bg/izbori-2026-cat130.html?page=3,https://www.mediapool.bg/pochti-milion-dushi-poveche-glasuvaha-tozi-pat-po-aktivni-sa-i-v-chuzhbina-news382483.html,"Почти милион души повече гласуваха този път, по-активни са и в чужбина",2026-04-19 21:53:00,,94,"Прав си, Гроб-дпс са с 40% надолу!",Още един,19.04.2026 (нд) 22:39:08,3,0,2026-06-11 23:39:17
mediapool.bg,https://www.mediapool.bg/izbori-2026-cat130.html?page=3,https://www.mediapool.bg/pochti-milion-dushi-poveche-glasuvaha-tozi-pat-po-aktivni-sa-i-v-chuzhbina-news382483.html,"Почти милион души повече гласуваха този път, по-активни са и в чужбина",2026-04-19 21:53:00,,93,"След като в избирателните списъци има повече хора, отколкото живи българи ( включително под 18 годишни), няма как да видим близка избирателна активност до унгарската.",Още един,19.04.2026 (нд) 22:36:18,2,0,2026-06-11 23:39:17
mediapool.bg,https://www.mediapool.bg/izbori-2026-cat130.html?page=3,https://www.mediapool.bg/pochti-milion-dushi-poveche-glasuvaha-tozi-pat-po-aktivni-sa-i-v-chuzhbina-news382483.html,"Почти милион души повече гласуваха този път, по-активни са и в чужбина",2026-04-19 21:53:00,,92,"25% от предишните гласатели на герб . . . сега са гласували на льотчика! ;-) . . . Ха! сега! - живейте с това и се оправдавайте с ППДБ, герб-ави несретници . . .",Bлaдo,19.04.2026 (нд) 21:55:16,5,0,2026-06-11 23:39:17
mediapool.bg,https://www.mediapool.bg/izbori-2026-cat130.html?page=3,https://www.mediapool.bg/pochti-milion-dushi-poveche-glasuvaha-tozi-pat-po-aktivni-sa-i-v-chuzhbina-news382483.html,"Почти милион души повече гласуваха този път, по-активни са и в чужбина",2026-04-19 21:53:00,,91,Под половината избиратели са гласували.,DG,19.04.2026 (нд) 21:24:57,0,4,2026-06-11 23:39:17
mediapool.bg,https://www.mediapool.bg/izbori-2026-cat130.html?page=3,https://www.mediapool.bg/pochti-milion-dushi-poveche-glasuvaha-tozi-pat-po-aktivni-sa-i-v-chuzhbina-news382483.html,"Почти милион души повече гласуваха този път, по-активни са и в чужбина",2026-04-19 21:53:00,,90,Ти взе ли си копейките?,Кая,19.04.2026 (нд) 20:10:10,3,1,2026-06-11 23:39:17
mediapool.bg,https://www.mediapool.bg/izbori-2026-cat130.html?page=3,https://www.mediapool.bg/pochti-milion-dushi-poveche-glasuvaha-tozi-pat-po-aktivni-sa-i-v-chuzhbina-news382483.html,"Почти милион души повече гласуваха този път, по-активни са и в чужбина",2026-04-19 21:53:00,,89,"Сега една кукумявка по БТВ каза,че най-вероятно сме щели да имаме четирипартиен парламент :/ ПП/ДБ о_ткачалките още се надяват да управляват с Бойко и Свинята,а Радев да е опозиция :/ БСП, Възраждане и Радев били про руска ,е сега ви отнесоха с над 50% Какво още трябва да стане за да осъзнаете ,че не ставате :/",кр,19.04.2026 (нд) 20:02:41,0,8,2026-06-11 23:39:17
mediapool.bg,https://www.mediapool.bg/izbori-2026-cat130.html?page=3,https://www.mediapool.bg/pp-db-balgarite-ostaviha-gerb-i-dps-v-minaloto-no-bitkata-s-modela-im-prodalzhava-news382515.html,"ПП-ДБ: Българите оставиха ГЕРБ и ДПС в миналото, но битката с модела им продължава",2026-04-19 21:47:27,,24,"Не можете и не ставате. След тия протести Вие не сте във състояние да спечелите изборите...Трябва нова дясна партия да се създаде СЕГА, с НОВИ хора. Лично аз приключвам с вас.",orso,20.04.2026 (пн) 11:45:12,1,1,2026-06-11 23:39:27
mediapool.bg,https://www.mediapool.bg/izbori-2026-cat130.html?page=3,https://www.mediapool.bg/pp-db-balgarite-ostaviha-gerb-i-dps-v-minaloto-no-bitkata-s-modela-im-prodalzhava-news382515.html,"ПП-ДБ: Българите оставиха ГЕРБ и ДПС в миналото, но битката с модела им продължава",2026-04-19 21:47:27,,23,"Първата груба и най - голяма грешка на ПП - ДБ беше влизането в т.н. сглобка с Гроб, когато загубиха повече от половината си избиратели,които така и не можаха да си върнат. Втората беше, че така и не си научиха урока, че кампания не се прави само с писанийца във Фейсбук и шатри в големите градове, а чрез постоянно обикаляне и на градове и села в цяла България и срещи с хората, което не видяхме. Третата - дълго време не беше взета ясна и категорична позиция против путлерофилщината на Гадев като …Прочети целия коментар заплаха за националната сигурност и се отговаряше обтекаемо по въпроса дали ще има сътрудничество с него. И ако продължат и в следващия парламент да говорят единствено за модела Свиня - Мутра, а мълчат за путлерофилщината на Гадев и връзките му с мафиотските кръгове, ще продължат да губят доверие.",anton nikolov,20.04.2026 (пн) 11:24:12,3,1,2026-06-11 23:39:27
mediapool.bg,https://www.mediapool.bg/izbori-2026-cat130.html?page=3,https://www.mediapool.bg/pp-db-balgarite-ostaviha-gerb-i-dps-v-minaloto-no-bitkata-s-modela-im-prodalzhava-news382515.html,"ПП-ДБ: Българите оставиха ГЕРБ и ДПС в миналото, но битката с модела им продължава",2026-04-19 21:47:27,,21,"Ни са излагай, ма! Много си зян с преценките. Вчера доди и грамна думата, бетер бх си. Ослушай се малко поне.",dabedabe,20.04.2026 (пн) 8:28:12,0,0,2026-06-11 23:39:27
mediapool.bg,https://www.mediapool.bg/izbori-2026-cat130.html?page=3,https://www.mediapool.bg/pp-db-balgarite-ostaviha-gerb-i-dps-v-minaloto-no-bitkata-s-modela-im-prodalzhava-news382515.html,"ПП-ДБ: Българите оставиха ГЕРБ и ДПС в миналото, но битката с модела им продължава",2026-04-19 21:47:27,,19,Аз не мога да си обясня тия проценти за ппдб при таквоз ръководство и мъгляви идеи. Само Божанов криво-ляво одобрявам.,dabedabe,20.04.2026 (пн) 8:14:00,1,1,2026-06-11 23:39:27
mediapool.bg,https://www.mediapool.bg/izbori-2026-cat130.html?page=3,https://www.mediapool.bg/pp-db-balgarite-ostaviha-gerb-i-dps-v-minaloto-no-bitkata-s-modela-im-prodalzhava-news382515.html,"ПП-ДБ: Българите оставиха ГЕРБ и ДПС в миналото, но битката с модела им продължава",2026-04-19 21:47:27,,17,"Тия пък глупаци! Радев - Путин отиват на 45%, на тях все Боко и Пеевски им се привиждат!",полк. Дрангов,20.04.2026 (пн) 3:18:01,1,2,2026-06-11 23:39:27
mediapool.bg,https://www.mediapool.bg/izbori-2026-cat130.html?page=3,https://www.mediapool.bg/pp-db-balgarite-ostaviha-gerb-i-dps-v-minaloto-no-bitkata-s-modela-im-prodalzhava-news382515.html,"ПП-ДБ: Българите оставиха ГЕРБ и ДПС в миналото, но битката с модела им продължава",2026-04-19 21:47:27,,16,бочко за ГЕРБ е много повече отколкото Нинова за БСП. Без бочко изобщо няма причина да има ГЕРБ. От самото си създаване това никога не е била организация с някакъв план за съществуване без и след бочко. А след тия избори изглежда няма и за кога... :),sloth,20.04.2026 (пн) 0:33:32,2,1,2026-06-11 23:39:27
mediapool.bg,https://www.mediapool.bg/izbori-2026-cat130.html?page=3,https://www.mediapool.bg/pp-db-e-osnovniyat-donor-na-glasove-za-radev-toi-privlicha-i-povecheto-gen-z-news382513.html,"ПП-ДБ е основният донор на гласове за Радев, той привлича и повечето Gen Z",2026-04-19 21:33:52,,50,"Хайде да смятаме малко де. Ако не беше се ""включил"" Радев тези гласове щяха да са за ППДБ!",The Rock,20.04.2026 (пн) 12:17:27,5,2,2026-06-11 23:39:38
mediapool.bg,https://www.mediapool.bg/izbori-2026-cat130.html?page=3,https://www.mediapool.bg/pp-db-e-osnovniyat-donor-na-glasove-za-radev-toi-privlicha-i-povecheto-gen-z-news382513.html,"ПП-ДБ е основният донор на гласове за Радев, той привлича и повечето Gen Z",2026-04-19 21:33:52,,49,"Продажните социолози, които вместо да де засрамят от манипулативните си прогнози, в които нищо не познаха, продължават да ръсят дебели лъжи.",anton nikolov,20.04.2026 (пн) 11:12:15,3,0,2026-06-11 23:39:38
mediapool.bg,https://www.mediapool.bg/izbori-2026-cat130.html?page=3,https://www.mediapool.bg/pp-db-e-osnovniyat-donor-na-glasove-za-radev-toi-privlicha-i-povecheto-gen-z-news382513.html,"ПП-ДБ е основният донор на гласове за Радев, той привлича и повечето Gen Z",2026-04-19 21:33:52,,48,Наистина тази статийка е голяма простотия.,dabedabe,20.04.2026 (пн) 8:00:33,1,5,2026-06-11 23:39:38
mediapool.bg,https://www.mediapool.bg/izbori-2026-cat130.html?page=3,https://www.mediapool.bg/pp-db-e-osnovniyat-donor-na-glasove-za-radev-toi-privlicha-i-povecheto-gen-z-news382513.html,"ПП-ДБ е основният донор на гласове за Радев, той привлича и повечето Gen Z",2026-04-19 21:33:52,,47,"Глупости на търкалета. Кой малоумник е писал това нещо? Как ПП-ДБ е ""основен донор"" като има приблизително същия процент гласували за ПП-ДБ, като на предишните избори, и на по-предишните?..",pepe,20.04.2026 (пн) 6:33:47,5,0,2026-06-11 23:39:38
mediapool.bg,https://www.mediapool.bg/izbori-2026-cat130.html?page=3,https://www.mediapool.bg/pp-db-e-osnovniyat-donor-na-glasove-za-radev-toi-privlicha-i-povecheto-gen-z-news382513.html,"ПП-ДБ е основният донор на гласове за Радев, той привлича и повечето Gen Z",2026-04-19 21:33:52,,46,Сред техните поддръжници вероятно да. Това за тях е нещо хубаво и похвално.,DG,20.04.2026 (пн) 1:30:14,0,11,2026-06-11 23:39:38
mediapool.bg,https://www.mediapool.bg/izbori-2026-cat130.html?page=3,https://www.mediapool.bg/pp-db-e-osnovniyat-donor-na-glasove-za-radev-toi-privlicha-i-povecheto-gen-z-news382513.html,"ПП-ДБ е основният донор на гласове за Радев, той привлича и повечето Gen Z",2026-04-19 21:33:52,,45,Само след няколко месеца всички гласували за партенката ще си чукат главата с 2 камъка.н Стягайте се за преминаване към рубли,Jack Daniels,20.04.2026 (пн) 1:30:03,7,1,2026-06-11 23:39:38
mediapool.bg,https://www.mediapool.bg/izbori-2026-cat130.html?page=3,https://www.mediapool.bg/pp-db-e-osnovniyat-donor-na-glasove-za-radev-toi-privlicha-i-povecheto-gen-z-news382513.html,"ПП-ДБ е основният донор на гласове за Радев, той привлича и повечето Gen Z",2026-04-19 21:33:52,,44,"Е, тия проучвания се основават на анкетния въпрос за кого си гласувал на предишните избори. Достоверността на твърдението на респондентите е спорна.:))",valentinа паumova,19.04.2026 (нд) 23:29:05,5,0,2026-06-11 23:39:38
mediapool.bg,https://www.mediapool.bg/izbori-2026-cat130.html?page=3,https://www.mediapool.bg/pp-db-e-osnovniyat-donor-na-glasove-za-radev-toi-privlicha-i-povecheto-gen-z-news382513.html,"ПП-ДБ е основният донор на гласове за Радев, той привлича и повечето Gen Z",2026-04-19 21:33:52,,43,"Колкото до основното твърдение в статията- има нужда да се уточни какво по-точно имат предвид ""тренд"" и други цоциолози, твърдейки че гласовете за Радев идват основно от ПП-ДБ. Може би, кого евентуално биха подкрепили тези избиратели ако Радев не се беше явил на изборите и ако въобще бяха отишли до секциите? Избирателите на Радев със сигурност не са значителна част от хората които гласивахме за ПП-ДБ на предишните избори. Това просто няма как да е математически вярно.",sloth,19.04.2026 (нд) 23:20:44,7,0,2026-06-11 23:39:38
mediapool.bg,https://www.mediapool.bg/izbori-2026-cat130.html?page=3,https://www.mediapool.bg/pp-db-e-osnovniyat-donor-na-glasove-za-radev-toi-privlicha-i-povecheto-gen-z-news382513.html,"ПП-ДБ е основният донор на гласове за Радев, той привлича и повечето Gen Z",2026-04-19 21:33:52,,42,"Тези данни показват няколко неща. Първо, българите сме малък, но затова пък ИЗКЛЮЧИТЕЛНО прост народ. Второ, настъпваме отново и отново мотиката с надежда, че тоя път няма да боли толкова, което си е жив идиотизъм. Трето, когато напълниш листите си с мелези между руZкие нЭргъй и булгарские десари, не може да очаксваш повече (важи за ПП-ДБ). Цяло чудо е",ПyтлЭр Xyйло,19.04.2026 (нд) 23:13:23,13,2,2026-06-11 23:39:38
mediapool.bg,https://www.mediapool.bg/izbori-2026-cat130.html?page=3,https://www.mediapool.bg/pp-db-e-osnovniyat-donor-na-glasove-za-radev-toi-privlicha-i-povecheto-gen-z-news382513.html,"ПП-ДБ е основният донор на гласове за Радев, той привлича и повечето Gen Z",2026-04-19 21:33:52,,41,"Първо, почти всяко по-възрастно поколение няма особено високо мнение за качествата на новото. Второ, дори когато мнението е основателно, по-старите трябва да свикваме и да работим с наличния мат'реал, вместо да заемаме горда поза и ""да гледаме сеира"", най-малкото защото човек няма как да го наблюдава от достатъчно далеч ако е български гражданин. Трето, припознаването на Радев за ""спасител"" по нищо не се различава от предишни такива без учасието на днешните млади. Предишни …Прочети целия коментар спасители бяха т. нар. ""цар"", бодигардът му бивша мутра бочко, после славчовото недоразумение ИТН... Тях да не би по-умни хора да ги докараха на власт? Моите очаквания за радевия сбирщайн е да се представи като нещо средно от ""царя"", бочко, ИТН на славчо и тошко...",sloth,19.04.2026 (нд) 23:10:55,4,0,2026-06-11 23:39:38
mediapool.bg,https://www.mediapool.bg/izbori-2026-cat130.html?page=3,https://www.mediapool.bg/borisov-pozdravi-radev-za-izbornata-pobeda-na-gerb-pozhela-tarpenie-news382512.html,"Борисов поздрави Радев за изборната победа, на ГЕРБ пожела търпение",2026-04-19 21:24:21,,15,"Кои бяха децата на Радев? Кой ревеше ""това е моят президент""? Бог да пази България!",полк. Дрангов,20.04.2026 (пн) 11:55:01,0,0,2026-06-11 23:39:49
mediapool.bg,https://www.mediapool.bg/izbori-2026-cat130.html?page=3,https://www.mediapool.bg/borisov-pozdravi-radev-za-izbornata-pobeda-na-gerb-pozhela-tarpenie-news382512.html,"Борисов поздрави Радев за изборната победа, на ГЕРБ пожела търпение",2026-04-19 21:24:21,,14,"Ако Борисов не подаде оставка и не се оттегли от политиката, ще завлече ГЕРБ на дъното при БСП.",John Doe,20.04.2026 (пн) 11:22:57,0,2,2026-06-11 23:39:49
mediapool.bg,https://www.mediapool.bg/izbori-2026-cat130.html?page=3,https://www.mediapool.bg/borisov-pozdravi-radev-za-izbornata-pobeda-na-gerb-pozhela-tarpenie-news382512.html,"Борисов поздрави Радев за изборната победа, на ГЕРБ пожела търпение",2026-04-19 21:24:21,,13,"""Господи помилуй!"", а?",dabedabe,20.04.2026 (пн) 9:52:33,0,1,2026-06-11 23:39:49
mediapool.bg,https://www.mediapool.bg/izbori-2026-cat130.html?page=3,https://www.mediapool.bg/borisov-pozdravi-radev-za-izbornata-pobeda-na-gerb-pozhela-tarpenie-news382512.html,"Борисов поздрави Радев за изборната победа, на ГЕРБ пожела търпение",2026-04-19 21:24:21,,8,"Ако нямаше купен и контролиран вот, ГЕРБ-НН заедно щяха да имат колкото ППДБ.",Шерлок Холмс,19.04.2026 (нд) 22:19:45,2,1,2026-06-11 23:39:49
mediapool.bg,https://www.mediapool.bg/izbori-2026-cat130.html?page=3,https://www.mediapool.bg/borisov-pozdravi-radev-za-izbornata-pobeda-na-gerb-pozhela-tarpenie-news382512.html,"Борисов поздрави Радев за изборната победа, на ГЕРБ пожела търпение",2026-04-19 21:24:21,,7,Борисов благодарял за всеки глас за ГЕРБ. Освен по евро има и благодарности!,Шерлок Холмс,19.04.2026 (нд) 22:18:04,2,1,2026-06-11 23:39:49
mediapool.bg,https://www.mediapool.bg/izbori-2026-cat130.html?page=3,https://www.mediapool.bg/dps-novo-nachalo-sa-parventsi-po-signali-za-kupen-vot-news382511.html,"""ДПС-Ново начало"" са първенци по сигнали за купен вот",2026-04-19 21:22:58,,18,Свинската наглост е безкрайна понеже държи прокуратурата на синджир.,Шерлок Холмс,20.04.2026 (пн) 18:07:58,2,0,2026-06-11 23:40:00
mediapool.bg,https://www.mediapool.bg/izbori-2026-cat130.html?page=3,https://www.mediapool.bg/dps-novo-nachalo-sa-parventsi-po-signali-za-kupen-vot-news382511.html,"""ДПС-Ново начало"" са първенци по сигнали за купен вот",2026-04-19 21:22:58,,17,"Ти,имал ли си някога куража да се противопоставиш на някой с пари и контакти бандит.Лигльо...",марко василев,20.04.2026 (пн) 17:43:45,1,1,2026-06-11 23:40:00
mediapool.bg,https://www.mediapool.bg/izbori-2026-cat130.html?page=3,https://www.mediapool.bg/dps-novo-nachalo-sa-parventsi-po-signali-za-kupen-vot-news382511.html,"""ДПС-Ново начало"" са първенци по сигнали за купен вот",2026-04-19 21:22:58,,16,"Снощи гледах пресконференцията на тия пътници.Уплаших се от Кандьо.Очите му се движеха странно,като на шизоф...,играеха на ляво на дясно кат на бесен пес.Спах лошо,преследваха ме цяла нощ.",Taormina,20.04.2026 (пн) 16:39:34,1,4,2026-06-11 23:40:00
mediapool.bg,https://www.mediapool.bg/izbori-2026-cat130.html?page=3,https://www.mediapool.bg/dps-novo-nachalo-sa-parventsi-po-signali-za-kupen-vot-news382511.html,"""ДПС-Ново начало"" са първенци по сигнали за купен вот",2026-04-19 21:22:58,,15,Организирайте се и ги вкарвайте в затвора по най-бързия начин!,ozzy70,20.04.2026 (пн) 10:20:12,3,1,2026-06-11 23:40:00
mediapool.bg,https://www.mediapool.bg/izbori-2026-cat130.html?page=3,https://www.mediapool.bg/dps-novo-nachalo-sa-parventsi-po-signali-za-kupen-vot-news382511.html,"""ДПС-Ново начало"" са първенци по сигнали за купен вот",2026-04-19 21:22:58,,14,"ПБ, ПП-ДБ трябва да благодарят лично на Дечев за свършената работа. За пръв път се назоваха париите, които купват. Преди това всички ги знаехме или позрахме. Днес това се доказва. Смели и прями хора. Поздравления.",boriana,20.04.2026 (пн) 9:44:06,6,0,2026-06-11 23:40:00
mediapool.bg,https://www.mediapool.bg/izbori-2026-cat130.html?page=3,https://www.mediapool.bg/dps-novo-nachalo-sa-parventsi-po-signali-za-kupen-vot-news382511.html,"""ДПС-Ново начало"" са първенци по сигнали за купен вот",2026-04-19 21:22:58,,13,"Забравих да питам, данчо ментата влезе ли. Сигурно, щото все на баша го тургат, ценно ченге един вид. По туй ще ги познаете. .............................................................................................................................. Поздравявам медията, че тук няма цензура, а не винаги е било така. В ""гласове"" е селяндурска историйка, хем спазвам приличие, не попържам. Не им вървя по гайдата явно.",dabedabe,20.04.2026 (пн) 9:18:58,2,0,2026-06-11 23:40:00
mediapool.bg,https://www.mediapool.bg/izbori-2026-cat130.html?page=3,https://www.mediapool.bg/dps-novo-nachalo-sa-parventsi-po-signali-za-kupen-vot-news382511.html,"""ДПС-Ново начало"" са първенци по сигнали за купен вот",2026-04-19 21:22:58,,12,"Аз съм притеснен, че руска реч все по-често се набива в ушите ни на улицата. Искаме да знаем колко са имотите на чужди граждани у нас, разбити по държави. Имам притеснения относно руснаци, турци и евреи. Все още не сме обявили държавата за разпродажба и ликвидация.",dabedabe,20.04.2026 (пн) 8:50:16,5,0,2026-06-11 23:40:00
mediapool.bg,https://www.mediapool.bg/izbori-2026-cat130.html?page=3,https://www.mediapool.bg/dps-novo-nachalo-sa-parventsi-po-signali-za-kupen-vot-news382511.html,"""ДПС-Ново начало"" са първенци по сигнали за купен вот",2026-04-19 21:22:58,,10,Язък дето бихте циганите ДПС си е пак с 8 и кусур процента!,полк. Дрангов,20.04.2026 (пн) 3:20:31,1,7,2026-06-11 23:40:00
mediapool.bg,https://www.mediapool.bg/izbori-2026-cat130.html?page=3,https://www.mediapool.bg/dps-novo-nachalo-sa-parventsi-po-signali-za-kupen-vot-news382511.html,"""ДПС-Ново начало"" са първенци по сигнали за купен вот",2026-04-19 21:22:58,,9,Имеет си хас да не са,Jack Daniels,20.04.2026 (пн) 1:30:40,0,2,2026-06-11 23:40:00
mediapool.bg,https://www.mediapool.bg/izbori-2026-cat130.html?page=3,https://www.mediapool.bg/andrei-raichev-snimkata-s-putin-dade-gorivo-i-na-radev-i-na-pp-db-news382509.html,"Андрей Райчев: Снимката с Путин даде гориво и на Радев, и на ПП-ДБ",2026-04-19 21:01:34,,3,Докога Андро-лудото ще ни обяснява какво точно е станало?,Purko,20.04.2026 (пн) 11:06:01,3,0,2026-06-11 23:40:01
mediapool.bg,https://www.mediapool.bg/izbori-2026-cat130.html?page=3,https://www.mediapool.bg/andrei-raichev-snimkata-s-putin-dade-gorivo-i-na-radev-i-na-pp-db-news382509.html,"Андрей Райчев: Снимката с Путин даде гориво и на Радев, и на ПП-ДБ",2026-04-19 21:01:34,,2,"Рашисткото мекере и потомствен мафиот Андрюша Райчев, обслужващ по пълна програма масовия убиец Путлер е последният, чието мнение ме интересува.",anton nikolov,19.04.2026 (нд) 23:58:47,6,0,2026-06-11 23:40:01
mediapool.bg,https://www.mediapool.bg/izbori-2026-cat130.html?page=3,https://www.mediapool.bg/andrei-raichev-snimkata-s-putin-dade-gorivo-i-na-radev-i-na-pp-db-news382509.html,"Андрей Райчев: Снимката с Путин даде гориво и на Радев, и на ПП-ДБ",2026-04-19 21:01:34,,1,"Ами ако това удовлетворява народа български,браво.Ще си получат Путин,и всички благинки от тази снимка на гордият летец с Вовата.Честито на матряла.",Taormina,19.04.2026 (нд) 22:00:17,9,0,2026-06-11 23:40:01
mediapool.bg,https://www.mediapool.bg/izbori-2026-cat130.html?page=3,https://www.mediapool.bg/dva-pati-po-malko-izbirateli-v-turtsiya-news382508.html,Два пъти по-малко избиратели в Турция,2026-04-19 20:29:59,,3,"Ма как може. Те уж патриоти. Аз приемам преселилите се по една или друга причина в Турция за наши съмишленици и надеждна гаранция за добросъседство. Без никакви катаклизми, напреки на всякакви злокобни ченгесарски предсказания.",dabedabe,20.04.2026 (пн) 9:12:37,0,0,2026-06-11 23:40:01
mediapool.bg,https://www.mediapool.bg/izbori-2026-cat130.html?page=3,https://www.mediapool.bg/dva-pati-po-malko-izbirateli-v-turtsiya-news382508.html,Два пъти по-малко избиратели в Турция,2026-04-19 20:29:59,,2,"Не ме разбирайте неправилно, и сега по програмата на ГРУ са дадени близо 48% от гласовете на българи, роми и пр. Обаче от изселниците вече няма нужда. Затова казвам, Нещасници. Другият термин е контингент хора с отпаднала необходимост.",Горскио,19.04.2026 (нд) 23:10:21,0,0,2026-06-11 23:40:01
mediapool.bg,https://www.mediapool.bg/izbori-2026-cat130.html?page=3,https://www.mediapool.bg/dva-pati-po-malko-izbirateli-v-turtsiya-news382508.html,Два пъти по-малко избиратели в Турция,2026-04-19 20:29:59,,1,"Горките нещастници. Докато гласуваха за Русия по програмата разработена от ГРУ, и секции в Туркие имаше, и автобуси до родните места, и материални стимули... А сега само опашки, разширени вени, проблеми с простатите... Нещастници...",Горскио,19.04.2026 (нд) 23:04:39,0,0,2026-06-11 23:40:01
mediapool.bg,https://www.mediapool.bg/izbori-2026-cat130.html?page=3,https://www.mediapool.bg/valyat-signali-za-izborni-narusheniya-mvr-podgotvilo-iznenadi-za-kupuvachite-na-glasove-news382499.html,Валят сигнали за изборни нарушения. МВР подготвило изненади за купувачите на гласове,2026-04-19 17:42:03,,23,"Не си разбрал коментара ми.Казвам че Рундьо може да завие на изток към Вовата.И тогава Вовата може да поиска помощ от Рундьо.Та,бг мъже може да ги привикат да се бият ЗА Вовата срещу Укрия.А това стане ли,няма спасении,повиквателната е закон за Русия.",Taormina,19.04.2026 (нд) 19:36:19,0,1,2026-06-11 23:40:12
mediapool.bg,https://www.mediapool.bg/izbori-2026-cat130.html?page=3,https://www.mediapool.bg/valyat-signali-za-izborni-narusheniya-mvr-podgotvilo-iznenadi-za-kupuvachite-na-glasove-news382499.html,Валят сигнали за изборни нарушения. МВР подготвило изненади за купувачите на гласове,2026-04-19 17:42:03,,22,"Не са втори, а са четвърти",ТРИЧАН ОТ КУЧЕТА,19.04.2026 (нд) 19:33:58,0,1,2026-06-11 23:40:12
mediapool.bg,https://www.mediapool.bg/izbori-2026-cat130.html?page=3,https://www.mediapool.bg/valyat-signali-za-izborni-narusheniya-mvr-podgotvilo-iznenadi-za-kupuvachite-na-glasove-news382499.html,Валят сигнали за изборни нарушения. МВР подготвило изненади за купувачите на гласове,2026-04-19 17:42:03,,21,"Много ми харесва една анонимна симпатяга, представящ се тук като Taоrmina... Буци няма да позволи българи да се бият на фронта в Украйна....хаа-ха... Все пак, сериозно - ако чуете, че българи се бият с москали, да знаете, че са виновни ПП-ДБ....",Антон,19.04.2026 (нд) 17:57:51,2,1,2026-06-11 23:40:12
mediapool.bg,https://www.mediapool.bg/izbori-2026-cat130.html?page=3,https://www.mediapool.bg/valyat-signali-za-izborni-narusheniya-mvr-podgotvilo-iznenadi-za-kupuvachite-na-glasove-news382499.html,Валят сигнали за изборни нарушения. МВР подготвило изненади за купувачите на гласове,2026-04-19 17:42:03,,20,Кукуригу!,Кая,19.04.2026 (нд) 17:00:01,3,1,2026-06-11 23:40:12
mediapool.bg,https://www.mediapool.bg/izbori-2026-cat130.html?page=3,https://www.mediapool.bg/valyat-signali-za-izborni-narusheniya-mvr-podgotvilo-iznenadi-za-kupuvachite-na-glasove-news382499.html,Валят сигнали за изборни нарушения. МВР подготвило изненади за купувачите на гласове,2026-04-19 17:42:03,,19,"Най хубавото на последните няколко години е че маските паднаха, и като дойде време за сопата хората са ясни поименно!!!",Кая,19.04.2026 (нд) 16:57:26,3,1,2026-06-11 23:40:12
mediapool.bg,https://www.mediapool.bg/izbori-2026-cat130.html?page=3,https://www.mediapool.bg/nad-99-ot-mashinite-za-glasuvane-rabotyat-normalno-nyama-sriv-news382498.html,"Над 99% от машините за гласуване работят нормално, няма срив",2026-04-19 17:08:51,,10,При 100 машини 1 процент е 1машина. При 1000 е 10. При 12000 колко.,amanotdebili,19.04.2026 (нд) 20:55:19,2,0,2026-06-11 23:40:13
mediapool.bg,https://www.mediapool.bg/izbori-2026-cat130.html?page=3,https://www.mediapool.bg/nad-99-ot-mashinite-za-glasuvane-rabotyat-normalno-nyama-sriv-news382498.html,"Над 99% от машините за гласуване работят нормално, няма срив",2026-04-19 17:08:51,,8,Нека не сравняваме отказа на Германия за гласуване с машини с нашите проблеми.Хартиената бюлетина си е добре отработена далавера в годините...,марко василев,19.04.2026 (нд) 15:16:49,0,1,2026-06-11 23:40:13
mediapool.bg,https://www.mediapool.bg/izbori-2026-cat130.html?page=3,https://www.mediapool.bg/nad-99-ot-mashinite-za-glasuvane-rabotyat-normalno-nyama-sriv-news382498.html,"Над 99% от машините за гласуване работят нормално, няма срив",2026-04-19 17:08:51,,7,"Преди 30 минути ходих до урните - опашка! За машините бяха повече хора. Който не му се чака пуска хартия. Около 10 минути отне като можеше да стане и за 8 ако бях пуснал хартиена, но реших да изчакам. От вида на урните съдя, че поне 200 човека вече са гласували, предполагам около 20%. Повечето секции бяха с опашки, въпреки че почти навсякъде вървеше по двама - един на машината и един на паравана... Явно този път ще има повече гласували и то вероятно поне 10% повече. Може и да се сбъднат прогнозите за скрит вот за Радев... И което е по радостното, няма да влязат маргиналните партийки... Повече работа, по-малко циркове...",xa_poznai,19.04.2026 (нд) 13:53:19,1,1,2026-06-11 23:40:13
mediapool.bg,https://www.mediapool.bg/izbori-2026-cat130.html?page=3,https://www.mediapool.bg/nad-99-ot-mashinite-za-glasuvane-rabotyat-normalno-nyama-sriv-news382498.html,"Над 99% от машините за гласуване работят нормално, няма срив",2026-04-19 17:08:51,,6,Конституционния съд на Германия ЗАБРАНИ гласуването с машини . И с машини в Европа сега гласуват само неколко квартала в Брюксел . Та така .,ефрейтора,19.04.2026 (нд) 12:46:31,3,3,2026-06-11 23:40:13
mediapool.bg,https://www.mediapool.bg/izbori-2026-cat130.html?page=3,https://www.mediapool.bg/nad-99-ot-mashinite-za-glasuvane-rabotyat-normalno-nyama-sriv-news382498.html,"Над 99% от машините за гласуване работят нормално, няма срив",2026-04-19 17:08:51,,5,С право ги е шубе хората! Ти видя ли кво направи Skynet ? Праща роботи убийци от бъдещето! И изстреля ядрения арсенал!,Poro,19.04.2026 (нд) 12:32:19,0,2,2026-06-11 23:40:13
mediapool.bg,https://www.mediapool.bg/izbori-2026-cat130.html?page=3,https://www.mediapool.bg/nad-99-ot-mashinite-za-glasuvane-rabotyat-normalno-nyama-sriv-news382498.html,"Над 99% от машините за гласуване работят нормално, няма срив",2026-04-19 17:08:51,,4,Защо няма да гласуваш с машина? Тези машини ни ги купиха бате Бойко и Томето Дончев - аз много вярвам в тях.,Един препатил,19.04.2026 (нд) 12:30:10,1,4,2026-06-11 23:40:13
mediapool.bg,https://www.mediapool.bg/izbori-2026-cat130.html?page=3,https://www.mediapool.bg/nad-99-ot-mashinite-za-glasuvane-rabotyat-normalno-nyama-sriv-news382498.html,"Над 99% от машините за гласуване работят нормално, няма срив",2026-04-19 17:08:51,,3,"За 42 сек. гласувах с машина. Гледам половината с хартия. Т.п и страх..лив народ. Близък приятел, нямал доверие на машините. Не познавам, го страх го е от тях, а иначе цял всяка сутрин 45 мин. чете простотиите в Гугъл. Желая ни резултаят над соченотия от соц агенциите. Важното е че не изневерих на себе си. Моите най- близки също.",boriana,19.04.2026 (нд) 12:28:45,2,3,2026-06-11 23:40:13
mediapool.bg,https://www.mediapool.bg/izbori-2026-cat130.html?page=3,https://www.mediapool.bg/nad-99-ot-mashinite-za-glasuvane-rabotyat-normalno-nyama-sriv-news382498.html,"Над 99% от машините за гласуване работят нормално, няма срив",2026-04-19 17:08:51,,2,"Ние гласуваме с асансьорни машини. Проблема е, че не всички блокове имат достатъчно етажи за можеш да си избереш правилния № на бюлетината.",Megadonkey,19.04.2026 (нд) 12:19:59,1,3,2026-06-11 23:40:13
mediapool.bg,https://www.mediapool.bg/izbori-2026-cat130.html?page=3,https://www.mediapool.bg/nad-99-ot-mashinite-za-glasuvane-rabotyat-normalno-nyama-sriv-news382498.html,"Над 99% от машините за гласуване работят нормално, няма срив",2026-04-19 17:08:51,,1,Започнаха добре.До края на деня ще станат 30%.Никога няма да гласувам с машина.,Taormina,19.04.2026 (нд) 12:18:45,3,4,2026-06-11 23:40:13
mediapool.bg,https://www.mediapool.bg/izbori-2026-cat130.html?page=3,https://www.mediapool.bg/kak-glasuvaha-polititsite-v-izborniya-den-news382494.html,Как гласуваха политиците в изборния ден,2026-04-19 14:28:00,,68,Това е един много умен въпрос. КАК гласуваха? То за някои това е rocket science.,Megadonkey,19.04.2026 (нд) 18:28:06,0,3,2026-06-11 23:40:24
mediapool.bg,https://www.mediapool.bg/izbori-2026-cat130.html?page=3,https://www.mediapool.bg/kak-glasuvaha-polititsite-v-izborniya-den-news382494.html,Как гласуваха политиците в изборния ден,2026-04-19 14:28:00,,67,"Мазник, към 17ч не се знае дали твоят Буда няма да лъска чепика на А. Василев:):):) Абсолютно равенство за герп и ПП-ДБ!",ultra,19.04.2026 (нд) 18:14:44,2,0,2026-06-11 23:40:24
mediapool.bg,https://www.mediapool.bg/izbori-2026-cat130.html?page=3,https://www.mediapool.bg/kak-glasuvaha-polititsite-v-izborniya-den-news382494.html,Как гласуваха политиците в изборния ден,2026-04-19 14:28:00,,65,"Партенката, Прасчо, Тиквата, фюрера, и идиЙотова гласуваха за Ху.ло",Jack Daniels,19.04.2026 (нд) 17:36:58,6,0,2026-06-11 23:40:24
mediapool.bg,https://www.mediapool.bg/izbori-2026-cat130.html?page=3,https://www.mediapool.bg/kak-glasuvaha-polititsite-v-izborniya-den-news382494.html,Как гласуваха политиците в изборния ден,2026-04-19 14:28:00,,62,"Не ти ли се струва, че на първата снимка горе вдясно Бойко е в поза и с поглед, които казват ""Аз гаче ли се н*а*с-р*а*х""?",Един препатил,19.04.2026 (нд) 16:17:59,4,1,2026-06-11 23:40:24
mediapool.bg,https://www.mediapool.bg/izbori-2026-cat130.html?page=3,https://www.mediapool.bg/kak-glasuvaha-polititsite-v-izborniya-den-news382494.html,Как гласуваха политиците в изборния ден,2026-04-19 14:28:00,,60,"Социолозите вече духат супата. Бяха дали преднина на ГЕРБ от 7,9 пункта пред ПП-ДБ. В 14:30 часа ПП-ДБ стопява преднината на 3,4 пункта. До 20:00 часа ще издуха супата и Бойко. Останат ли ГЕРБ трети за него вече ще може да се говори само в минало време.",Един препатил,19.04.2026 (нд) 16:14:19,2,0,2026-06-11 23:40:24
mediapool.bg,https://www.mediapool.bg/izbori-2026-cat130.html?page=3,https://www.mediapool.bg/kak-glasuvaha-polititsite-v-izborniya-den-news382494.html,Как гласуваха политиците в изборния ден,2026-04-19 14:28:00,,59,"РАДЕВ е БОРИСОВ и БОРИСОВ е РАДЕВ, просто като 2+2 ГЛАСУВАЙТЕ, за да се вее знамето на БЪЛГАРИЯ , а не руски знамена!",Андрей Николов,19.04.2026 (нд) 16:08:35,3,1,2026-06-11 23:40:24
mediapool.bg,https://www.mediapool.bg/izbori-2026-cat130.html?page=3,https://www.mediapool.bg/opashki-v-london-i-nedovolstvo-v-turtsiya-povishen-interes-pri-vota-zad-granitsa-news382485.html,Опашки в Лондон и недоволство в Турция. Повишен интерес при вота зад граница,2026-04-19 11:53:25,,3,Е нали вече не са в България. Все едно много ги интересува какво се случва у нас. От къде накъде аз ще им плащам за антибългарските гласове.,Megadonkey,19.04.2026 (нд) 15:49:09,2,2,2026-06-11 23:40:24
mediapool.bg,https://www.mediapool.bg/izbori-2026-cat130.html?page=3,https://www.mediapool.bg/opashki-v-london-i-nedovolstvo-v-turtsiya-povishen-interes-pri-vota-zad-granitsa-news382485.html,Опашки в Лондон и недоволство в Турция. Повишен интерес при вота зад граница,2026-04-19 11:53:25,,2,Видя се плурализма на новото начало. Менте.,mlntdrv,19.04.2026 (нд) 12:40:28,1,3,2026-06-11 23:40:24
mediapool.bg,https://www.mediapool.bg/izbori-2026-cat130.html?page=3,https://www.mediapool.bg/opashki-v-london-i-nedovolstvo-v-turtsiya-povishen-interes-pri-vota-zad-granitsa-news382485.html,Опашки в Лондон и недоволство в Турция. Повишен интерес при вота зад граница,2026-04-19 11:53:25,,1,"У Лондон е сбран елита на Българската Емиграция. Секи, който е летял със самолет от България до Пакистанското Кралство, знае.",Poro,19.04.2026 (нд) 12:23:04,0,3,2026-06-11 23:40:24
mediapool.bg,https://www.mediapool.bg/izbori-2026-cat130.html?page=4,https://www.mediapool.bg/predsedatelyat-i-sekretaryat-na-rik-blagoevgrad-postradaha-pri-intsident-s-asansyor-news382496.html,Председателят и секретарят на РИК – Благоевград пострадаха при инцидент с асансьор,2026-04-19 11:06:00,,2,Руска хибридна атака ..................,Тихомир Томов,19.04.2026 (нд) 16:11:33,1,0,2026-06-11 23:40:26
mediapool.bg,https://www.mediapool.bg/izbori-2026-cat130.html?page=4,https://www.mediapool.bg/predsedatelyat-i-sekretaryat-na-rik-blagoevgrad-postradaha-pri-intsident-s-asansyor-news382496.html,Председателят и секретарят на РИК – Благоевград пострадаха при инцидент с асансьор,2026-04-19 11:06:00,,1,"Някои гласуват с хартиени бюлетини, други с асансьорни машини, трети с трактори ;-)",Megadonkey,19.04.2026 (нд) 12:16:26,3,1,2026-06-11 23:40:26
mediapool.bg,https://www.mediapool.bg/izbori-2026-cat130.html?page=4,https://www.mediapool.bg/kandidat-deputat-e-bil-presledvan-dzhip-se-e-opital-da-go-iztlaska-ot-patya-news382493.html,"Кандидат-депутат е бил преследван, джип се е опитал да го изтласка от пътя",2026-04-19 09:23:36,,9,Да уточним. В джиповете най-вероятно не имало лица а мутри.,Jack Daniels,19.04.2026 (нд) 17:38:44,4,0,2026-06-11 23:40:26
mediapool.bg,https://www.mediapool.bg/izbori-2026-cat130.html?page=4,https://www.mediapool.bg/kandidat-deputat-e-bil-presledvan-dzhip-se-e-opital-da-go-iztlaska-ot-patya-news382493.html,"Кандидат-депутат е бил преследван, джип се е опитал да го изтласка от пътя",2026-04-19 09:23:36,,8,Този път не са обвинили прокурорския син ...................,Тихомир Томов,19.04.2026 (нд) 16:20:35,1,0,2026-06-11 23:40:26
mediapool.bg,https://www.mediapool.bg/izbori-2026-cat130.html?page=4,https://www.mediapool.bg/kandidat-deputat-e-bil-presledvan-dzhip-se-e-opital-da-go-iztlaska-ot-patya-news382493.html,"Кандидат-депутат е бил преследван, джип се е опитал да го изтласка от пътя",2026-04-19 09:23:36,,7,"С какво може да ни изненада МВР ръководено от руски агенти? Че ще ловят само другите? Това го знаем. Интересното е, че сайтчето се хваща. А може би и е логично като знаем произхода на журналята.",rusonefil,19.04.2026 (нд) 15:53:18,0,5,2026-06-11 23:40:26
mediapool.bg,https://www.mediapool.bg/izbori-2026-cat130.html?page=4,https://www.mediapool.bg/kandidat-deputat-e-bil-presledvan-dzhip-se-e-opital-da-go-iztlaska-ot-patya-news382493.html,"Кандидат-депутат е бил преследван, джип се е опитал да го изтласка от пътя",2026-04-19 09:23:36,,5,"Аз нямам автомобил,това ""нищо"" си е голямо пискане.",Taormina,19.04.2026 (нд) 11:02:43,1,9,2026-06-11 23:40:26
mediapool.bg,https://www.mediapool.bg/izbori-2026-cat130.html?page=4,https://www.mediapool.bg/kandidat-deputat-e-bil-presledvan-dzhip-se-e-opital-da-go-iztlaska-ot-patya-news382493.html,"Кандидат-депутат е бил преследван, джип се е опитал да го изтласка от пътя",2026-04-19 09:23:36,,2,Симитли? Там нямаше ли един пРеател на Мечо?,nikolson,19.04.2026 (нд) 10:01:39,14,2,2026-06-11 23:40:26
mediapool.bg,https://www.mediapool.bg/izbori-2026-cat130.html?page=4,https://www.mediapool.bg/kandidat-deputat-e-bil-presledvan-dzhip-se-e-opital-da-go-iztlaska-ot-patya-news382493.html,"Кандидат-депутат е бил преследван, джип се е опитал да го изтласка от пътя",2026-04-19 09:23:36,,1,Сигурно е бил пепефил.Те пискат за всяко нещо.,Taormina,19.04.2026 (нд) 9:38:59,3,20,2026-06-11 23:40:26
mediapool.bg,https://www.mediapool.bg/izbori-2026-cat130.html?page=4,https://www.mediapool.bg/parvan-simeonov-ne-obrashtaite-vnimanie-na-klasatsii-v-izborniya-den-news382487.html,"Първан Симеонов: Не обръщайте внимание на ""класации"" в изборния ден",2026-04-19 07:23:44,,13,"Ти май си от тия на ШИШИ, а?",kmihailova.1951,19.04.2026 (нд) 19:24:53,2,0,2026-06-11 23:40:37
mediapool.bg,https://www.mediapool.bg/izbori-2026-cat130.html?page=4,https://www.mediapool.bg/parvan-simeonov-ne-obrashtaite-vnimanie-na-klasatsii-v-izborniya-den-news382487.html,"Първан Симеонов: Не обръщайте внимание на ""класации"" в изборния ден",2026-04-19 07:23:44,,12,"Що, на купения от Шиши Галъп ли да вярвам? Първан достойно го напусна и основа собствена агенция.",kmihailova.1951,19.04.2026 (нд) 19:22:48,2,0,2026-06-11 23:40:37
mediapool.bg,https://www.mediapool.bg/izbori-2026-cat130.html?page=4,https://www.mediapool.bg/parvan-simeonov-ne-obrashtaite-vnimanie-na-klasatsii-v-izborniya-den-news382487.html,"Първан Симеонов: Не обръщайте внимание на ""класации"" в изборния ден",2026-04-19 07:23:44,,11,"Най-безпристрастната агенция! Вярвам на Първан още докато ръководеше Галъп, а още повече му вярвам, когато напусна купения от Шиши Галъп и основа собствената си агенция Мяра! Достойно!",kmihailova.1951,19.04.2026 (нд) 19:20:37,1,1,2026-06-11 23:40:37
mediapool.bg,https://www.mediapool.bg/izbori-2026-cat130.html?page=4,https://www.mediapool.bg/parvan-simeonov-ne-obrashtaite-vnimanie-na-klasatsii-v-izborniya-den-news382487.html,"Първан Симеонов: Не обръщайте внимание на ""класации"" в изборния ден",2026-04-19 07:23:44,,10,"Драги Първане, нормалните хора никога не са ""вземали на сериозно"" и предишните ти и сегашните ти изследвания! Прекалено зависими сте от Митрофанова, в името на която бившия ти шеф напусна тв студиото на Нова, защото събеседника му се отнасял към нея неуважително. Та такива сте и сега!",Андрей Николов,19.04.2026 (нд) 16:17:00,4,1,2026-06-11 23:40:37
mediapool.bg,https://www.mediapool.bg/izbori-2026-cat130.html?page=4,https://www.mediapool.bg/parvan-simeonov-ne-obrashtaite-vnimanie-na-klasatsii-v-izborniya-den-news382487.html,"Първан Симеонов: Не обръщайте внимание на ""класации"" в изборния ден",2026-04-19 07:23:44,,9,"Българи, гласувайте! Гласувайте за всеки друг, но не и за мазните педофилскишарлатани. ;)",Мазен Кумунис,19.04.2026 (нд) 15:49:38,3,5,2026-06-11 23:40:37
mediapool.bg,https://www.mediapool.bg/izbori-2026-cat130.html?page=4,https://www.mediapool.bg/parvan-simeonov-ne-obrashtaite-vnimanie-na-klasatsii-v-izborniya-den-news382487.html,"Първан Симеонов: Не обръщайте внимание на ""класации"" в изборния ден",2026-04-19 07:23:44,,8,Това лъжливо ме керен це...,nsnikolov77,19.04.2026 (нд) 13:00:59,6,1,2026-06-11 23:40:37
mediapool.bg,https://www.mediapool.bg/izbori-2026-cat130.html?page=4,https://www.mediapool.bg/parvan-simeonov-ne-obrashtaite-vnimanie-na-klasatsii-v-izborniya-den-news382487.html,"Първан Симеонов: Не обръщайте внимание на ""класации"" в изборния ден",2026-04-19 07:23:44,,7,"Разбира се предварително има не малко плит..умни, които винаги гласуват за предизвестения победетил. Сега пак ще е така. Но наистина завоялраните класации трябва да се забранят. Напр. тази по Дарик радио с разни поните, антилопи или каквото там беше. Това е пропаганда в деня на избира.",boriana,19.04.2026 (нд) 12:33:01,4,0,2026-06-11 23:40:37
mediapool.bg,https://www.mediapool.bg/izbori-2026-cat130.html?page=4,https://www.mediapool.bg/parvan-simeonov-ne-obrashtaite-vnimanie-na-klasatsii-v-izborniya-den-news382487.html,"Първан Симеонов: Не обръщайте внимание на ""класации"" в изборния ден",2026-04-19 07:23:44,,6,"въпроса е защо изобщо продължава да ги има тези ""класации"".. не съм виждал в други държави подобни глупости.. само във страната на дребните тарикиати където правила не важът..",gg2,19.04.2026 (нд) 12:25:29,7,0,2026-06-11 23:40:37
mediapool.bg,https://www.mediapool.bg/izbori-2026-cat130.html?page=4,https://www.mediapool.bg/parvan-simeonov-ne-obrashtaite-vnimanie-na-klasatsii-v-izborniya-den-news382487.html,"Първан Симеонов: Не обръщайте внимание на ""класации"" в изборния ден",2026-04-19 07:23:44,,4,Първан Симеонов говори за посоката като за чужд конструкт?! Не ни ли я посочи дори с двете си ръце?!,Е анита хегерланд,19.04.2026 (нд) 10:27:09,1,7,2026-06-11 23:40:37
mediapool.bg,https://www.mediapool.bg/izbori-2026-cat130.html?page=4,https://www.mediapool.bg/otpechatani-sa-novi-byuletini-za-dobrich-i-shumen-v-blagoevgrad-sa-smeneni-nad-300-chlenove-na-sik-news382468.html,"Отпечатани са нови бюлетини за Добрич и Шумен, в Благоевград са сменени над 300 членове на СИК",2026-04-18 11:40:57,,11,Тези новите за след изборния ден ли са предвидени?,Jack Daniels,18.04.2026 (сб) 23:14:03,0,0,2026-06-11 23:40:48
mediapool.bg,https://www.mediapool.bg/izbori-2026-cat130.html?page=4,https://www.mediapool.bg/otpechatani-sa-novi-byuletini-za-dobrich-i-shumen-v-blagoevgrad-sa-smeneni-nad-300-chlenove-na-sik-news382468.html,"Отпечатани са нови бюлетини за Добрич и Шумен, в Благоевград са сменени над 300 членове на СИК",2026-04-18 11:40:57,,10,"Това е пълен провал на Централната избирателна комисия/ЦИК, финансови санкции и наказателна отговорност за всички членове на ЦИК, ЦИК следва да има пълен контрол комуникация с членовете на СИК и да не допускат смяната на членове освен доказано заболяване или смърт на член на СИК 1",Велко Пеев,18.04.2026 (сб) 19:11:33,2,1,2026-06-11 23:40:48
mediapool.bg,https://www.mediapool.bg/izbori-2026-cat130.html?page=4,https://www.mediapool.bg/otpechatani-sa-novi-byuletini-za-dobrich-i-shumen-v-blagoevgrad-sa-smeneni-nad-300-chlenove-na-sik-news382468.html,"Отпечатани са нови бюлетини за Добрич и Шумен, в Благоевград са сменени над 300 членове на СИК",2026-04-18 11:40:57,,9,"И когато се събуди,краката ти бяха отвити и премръзнали нали мечтателю?",Taormina,18.04.2026 (сб) 14:49:59,1,4,2026-06-11 23:40:48
mediapool.bg,https://www.mediapool.bg/izbori-2026-cat130.html?page=4,https://www.mediapool.bg/otpechatani-sa-novi-byuletini-za-dobrich-i-shumen-v-blagoevgrad-sa-smeneni-nad-300-chlenove-na-sik-news382468.html,"Отпечатани са нови бюлетини за Добрич и Шумен, в Благоевград са сменени над 300 членове на СИК",2026-04-18 11:40:57,,8,"В последния момент са си направили ала бала и с членове на СИК.Не им стигна с машините и наше МВР.Отвсякъде се вижда че изборите ще са ""честни и прозрачни"".Браво.Предстои да видим докъде ще ни докарате.Да не ревете после.Щото за мен тая истерия е дежа вю.Такава беше и за шарлатаните и техния зидар от слънчевата секта. 15 е най-сериозна и милееща за България и българите.Другите са еднодневки.",Taormina,18.04.2026 (сб) 14:47:24,2,3,2026-06-11 23:40:48
mediapool.bg,https://www.mediapool.bg/izbori-2026-cat130.html?page=4,https://www.mediapool.bg/otpechatani-sa-novi-byuletini-za-dobrich-i-shumen-v-blagoevgrad-sa-smeneni-nad-300-chlenove-na-sik-news382468.html,"Отпечатани са нови бюлетини за Добрич и Шумен, в Благоевград са сменени над 300 членове на СИК",2026-04-18 11:40:57,,5,"Българи, гласувайте утре! Гласувайте за всеки друг, но не и за мазните педофилскишарлатани. ;)",Мазен Кумунис,18.04.2026 (сб) 13:47:46,1,5,2026-06-11 23:40:48
mediapool.bg,https://www.mediapool.bg/izbori-2026-cat130.html?page=4,https://www.mediapool.bg/otpechatani-sa-novi-byuletini-za-dobrich-i-shumen-v-blagoevgrad-sa-smeneni-nad-300-chlenove-na-sik-news382468.html,"Отпечатани са нови бюлетини за Добрич и Шумен, в Благоевград са сменени над 300 членове на СИК",2026-04-18 11:40:57,,4,"Неистов страх, паника и ужас тресат кочината на Борисов и на Пеевски. Буда и Шиши са в шок, а троловете им роболепно слугуват по форумите с надежди напразни. 19.04. дойде!!! Борисов и Пеевски - в затвора доживот!!!",сол,18.04.2026 (сб) 13:05:57,3,1,2026-06-11 23:40:48
mediapool.bg,https://www.mediapool.bg/izbori-2026-cat130.html?page=4,https://www.mediapool.bg/otpechatani-sa-novi-byuletini-za-dobrich-i-shumen-v-blagoevgrad-sa-smeneni-nad-300-chlenove-na-sik-news382468.html,"Отпечатани са нови бюлетини за Добрич и Шумен, в Благоевград са сменени над 300 членове на СИК",2026-04-18 11:40:57,,3,"Светла събота е! И в тази връзка: Българи, за да не се получи да гледаме русофилистици, турци, копейки, мазни комунисти и най-вече педофилскиШарлатани в българското правителство - гласувайте с No15. ;)",Мазен Кумунис,18.04.2026 (сб) 12:36:15,3,6,2026-06-11 23:40:48
mediapool.bg,https://www.mediapool.bg/izbori-2026-cat130.html?page=4,https://www.mediapool.bg/otpechatani-sa-novi-byuletini-za-dobrich-i-shumen-v-blagoevgrad-sa-smeneni-nad-300-chlenove-na-sik-news382468.html,"Отпечатани са нови бюлетини за Добрич и Шумен, в Благоевград са сменени над 300 членове на СИК",2026-04-18 11:40:57,,2,"""Междувременно обаче стана ясно, че дни преди вота са заменени около 300 членове на секционни избирателни комисии в Благоевградска област."" Не знам защо, но имам усещане за Deja Vu.",Rolo Tomassi,18.04.2026 (сб) 12:31:04,4,0,2026-06-11 23:40:48
mediapool.bg,https://www.mediapool.bg/izbori-2026-cat130.html?page=4,https://www.mediapool.bg/den-za-razmisal-i-bez-agitatsiya-predi-vota-v-nedelya-news382463.html,Ден за размисъл и без агитация преди вота в неделя,2026-04-18 08:18:12,,13,"Да мислим и да размислим, искаме ли да ни управляват путински мишки и орденоносци...",В и К,18.04.2026 (сб) 15:41:42,0,0,2026-06-11 23:40:59
mediapool.bg,https://www.mediapool.bg/izbori-2026-cat130.html?page=4,https://www.mediapool.bg/den-za-razmisal-i-bez-agitatsiya-predi-vota-v-nedelya-news382463.html,Ден за размисъл и без агитация преди вота в неделя,2026-04-18 08:18:12,,12,"Неистов страх, паника и ужас тресат кочината на Борисов и на Пеевски. Буда и Шиши са в шок, а троловете им роболепно слугуват по форумите с надежди напразни. 19.04. дойде!!! Борисов и Пеевски - в затвора доживот!!!",сол,18.04.2026 (сб) 14:04:26,0,0,2026-06-11 23:40:59
mediapool.bg,https://www.mediapool.bg/izbori-2026-cat130.html?page=4,https://www.mediapool.bg/den-za-razmisal-i-bez-agitatsiya-predi-vota-v-nedelya-news382463.html,Ден за размисъл и без агитация преди вота в неделя,2026-04-18 08:18:12,,11,"ВИЖТЕ В УНГАРИЯ КАКВО СТАНА, С ДВЕ ТРЕТИ МНОЗИНСТВО ГО ИЗРИТАХА ОРБАН, така е като закопаеш една страна с проруската си политика, заради която ЕС блокира 18 милиарда евросредства за Унгария.Така че ако изберете Решетниковия селяндур да води обструкционистка в ЕС и да лиши България от евросредства, ще видите какво значи загубата на благосъстояние, с което свикнахте напоследък.Но нищо де, минете през ада, да ви дойде акъла в главата.Въпреки че съскащият бледен грозил никога не може да събере две трети мнозинство, в момента активизира до последно русофилския кретенски вот, който е малцинство.",andrei,18.04.2026 (сб) 12:42:19,0,0,2026-06-11 23:40:59
mediapool.bg,https://www.mediapool.bg/izbori-2026-cat130.html?page=4,https://www.mediapool.bg/den-za-razmisal-i-bez-agitatsiya-predi-vota-v-nedelya-news382463.html,Ден за размисъл и без агитация преди вота в неделя,2026-04-18 08:18:12,,10,"На който му се ходи в окопите,утре да избере Рундьо.",Taormina,18.04.2026 (сб) 12:00:49,1,2,2026-06-11 23:40:59
mediapool.bg,https://www.mediapool.bg/izbori-2026-cat130.html?page=4,https://www.mediapool.bg/den-za-razmisal-i-bez-agitatsiya-predi-vota-v-nedelya-news382463.html,Ден за размисъл и без агитация преди вота в неделя,2026-04-18 08:18:12,,9,"Не си толкова прост, но всички сте лъжци, манипулатори, подлеци! Знаеш много добре, че парите на ес угояват само и единствено МАФИЯТА, правят я по-силна, по нагла! И така ще бъде докато не се проведе операция -чист капитал, чисти банкови сметки. И цялата политическа сган, включително парламентарната опозиция, не бъде ИЗИРНАТА! Йоан 8:44 - Ваш баща е дяволът и вие искате да изпълнявате желанията на баща си. Той си беше от началото човекоубиец и не устоя в истината, понеже у него няма истина. Когато изговаря лъжа, говори своето, защото е лъжец и баща на лъжата.",т€еритория на Мики Маус,18.04.2026 (сб) 11:52:50,2,0,2026-06-11 23:40:59
mediapool.bg,https://www.mediapool.bg/izbori-2026-cat130.html?page=4,https://www.mediapool.bg/den-za-razmisal-i-bez-agitatsiya-predi-vota-v-nedelya-news382463.html,Ден за размисъл и без агитация преди вота в неделя,2026-04-18 08:18:12,,8,Хич не се замислям за утрешното гласуване.Само с хартиена бюлетина.,Taormina,18.04.2026 (сб) 11:48:40,2,3,2026-06-11 23:40:59
mediapool.bg,https://www.mediapool.bg/izbori-2026-cat130.html?page=4,https://www.mediapool.bg/den-za-razmisal-i-bez-agitatsiya-predi-vota-v-nedelya-news382463.html,Ден за размисъл и без агитация преди вота в неделя,2026-04-18 08:18:12,,7,"Днес в деня за размисъл, може би не само днес, но от сутринта ми се върти в главата една мисъл. Тези които така настървено питаха и питат ""Чий е Крим"" и другите с контра въпросите за Газа, Южен Ливан, а защо не и за Гренландия, замислиха ли се и задават ли си въпроса: Чии са земеделските земи в България. Чии са заводите, банките, търговските вериги, летищата, водите ни, рудите и дори военните ни поделения? Чии са партиите, правителствата, които ни управляваха и управляват в момента? Замислиха ли …Прочети целия коментар се, че може в един момент да ни затисне въпроса: : Чий е Бургас, а Разград, а Шумен, а Варна, може би и Кърджали? Защото ние си задаваме въпроса: ""Чия е София?"" И чии са онези, които харчат данъците ни и субсидиите за партиите? Това ме вълнува в този ден за размисъл! Може би отговорът на тези въпроси ще помогне всеки да реши как да гласува! Дали да се гласува мисля, че законът ясно го казва: Гласуването е задължително! Не е важен законът в случая, а убеждението и надеждата в истинските демократични принципи, които нямат географско, а всемирно определение!",т€еритория на Мики Маус,18.04.2026 (сб) 11:47:52,1,0,2026-06-11 23:40:59
mediapool.bg,https://www.mediapool.bg/izbori-2026-cat130.html?page=4,https://www.mediapool.bg/den-za-razmisal-i-bez-agitatsiya-predi-vota-v-nedelya-news382463.html,Ден за размисъл и без агитация преди вота в неделя,2026-04-18 08:18:12,,6,"КАТО РАЗМИШЛЯВАТЕ, МИСЛЕТЕ ЗАЩО БЕ СВАЛЕН ВИКТОР ОРБАН ОТ ВЛАСТ! Беше свален защото с блокадата си на руските санкции и на помощта за Украйна предизвика Брюксел да му блокира 18 милиарда евросредства и Унгария се срути икономически.ЕС има сили да реагира и ако изберете селяндурина, когото Путин смята за замени срещу изгубилия изборите Орбан като свой Троянски кон в ЕС, ще доведе България до икономически колапс.Унгарците гласуваха не против или за Русия или против или за Украйна, а защото икономически …Прочети целия коментар положението им се влоши заради блокадата на Орбан.Лично аз не вярвам оперетния генерал, които е един страхлив пр ъ д лю да е опозиция в ЕС открито, но той ще работи скрито за Путин, така че мислете за собственото си икономическо положение, защото обструкцията в ЕС има ЦЕНА",andrei,18.04.2026 (сб) 11:45:09,1,1,2026-06-11 23:40:59
mediapool.bg,https://www.mediapool.bg/izbori-2026-cat130.html?page=4,https://www.mediapool.bg/den-za-razmisal-i-bez-agitatsiya-predi-vota-v-nedelya-news382463.html,Ден за размисъл и без агитация преди вота в неделя,2026-04-18 08:18:12,,5,"С божественото число седем, утре ще се отървем завинаги от триглавата кремълска ламя.",Кая,18.04.2026 (сб) 11:22:12,3,2,2026-06-11 23:40:59
mediapool.bg,https://www.mediapool.bg/izbori-2026-cat130.html?page=4,https://www.mediapool.bg/radev-smyata-krim-e-ruski-za-realistichna-pozitsiya-news382461.html,"Радев смята ""Крим е руски"" за реалистична позиция",2026-04-17 19:52:22,,106,Аз пък смятам Радев за руски,Jack Daniels,18.04.2026 (сб) 23:19:04,3,0,2026-06-11 23:41:09
mediapool.bg,https://www.mediapool.bg/izbori-2026-cat130.html?page=4,https://www.mediapool.bg/radev-smyata-krim-e-ruski-za-realistichna-pozitsiya-news382461.html,"Радев смята ""Крим е руски"" за реалистична позиция",2026-04-17 19:52:22,,105,"В Украйна на населението вече повече от 10 години официално се представят само лъжи, манипулации и пропаганда. За съжаление нацификацията работи и голяма част от украинците, заблудени, продължават да вярват на хунтата. А тя, хунтата, няма интерес войната да приключи, защото всички лъжи за жертвите (над 1,7 милиона), ранените (3-4 пъти повече), напусналите страната (около 10 милиона), нарушената демография с невъзвратими последствия, разрушената инфраструктура, леквидираната на повече от 70% енергийна …Прочети целия коментар система, фаталната финансова задлъжнялост и тн., неминуемо ще излезе на бял свят. Хунтата на Зеленски са една малка клика, изцяло подчинена на елита на коалицията на желаещите, която наистина ще продължава пагубната за страната война до последния украинец. Надеждата е Тръмп да удържи на думата си и спре оръжейните и парични помощи, а европейците час по-скоро сменят провалените властници на ЕС, Англия, Франция и Германия...",.,18.04.2026 (сб) 22:15:28,1,4,2026-06-11 23:41:09
mediapool.bg,https://www.mediapool.bg/izbori-2026-cat130.html?page=4,https://www.mediapool.bg/radev-smyata-krim-e-ruski-za-realistichna-pozitsiya-news382461.html,"Радев смята ""Крим е руски"" за реалистична позиция",2026-04-17 19:52:22,,104,"КРИМ Е УКРАИНСКИ И ВИНАГИ ЩЕ БЪДЕ НА УКРАИНСКИЯ НАРОД, мръсен рашистки путинов гъ.золи.зец Радев!",P.Stoev,18.04.2026 (сб) 20:55:34,3,2,2026-06-11 23:41:09
mediapool.bg,https://www.mediapool.bg/izbori-2026-cat130.html?page=4,https://www.mediapool.bg/radev-smyata-krim-e-ruski-za-realistichna-pozitsiya-news382461.html,"Радев смята ""Крим е руски"" за реалистична позиция",2026-04-17 19:52:22,,102,"Радев, руски е на ма.... ти гъ.а! А Крим е украинска територия",Рим,18.04.2026 (сб) 19:55:42,4,2,2026-06-11 23:41:09
mediapool.bg,https://www.mediapool.bg/izbori-2026-cat130.html?page=4,https://www.mediapool.bg/radev-smyata-krim-e-ruski-za-realistichna-pozitsiya-news382461.html,"Радев смята ""Крим е руски"" за реалистична позиция",2026-04-17 19:52:22,,101,"Очевидно трябва да ти обяснявам няколко пъти. Ето какво съм написал: ""...Тоест - при валутен борд ОЛП не е инструмент на политиката..."" И съм обяснил защо - чети внимателно преди да отговаряш. Погледнах и нивата на БНБ и ЕЦБ за последните 4 години - динамиката им е в абсолютно съвпадение. В заключение - един съвет (макар и непоискан): в подобни дискусии избягвай личностни нападки и квалификации, издават безсилие и липса на знания и аргументи.",Препоръка,18.04.2026 (сб) 18:14:10,5,0,2026-06-11 23:41:09
mediapool.bg,https://www.mediapool.bg/izbori-2026-cat130.html?page=4,https://www.mediapool.bg/radev-smyata-krim-e-ruski-za-realistichna-pozitsiya-news382461.html,"Радев смята ""Крим е руски"" за реалистична позиция",2026-04-17 19:52:22,,100,"Рybлeн Гageв е мpъcна nyтлepacuйска noдлогa, лъжец и дeZeртьор, всеки глynak дал гласа си за него или двете npacemа, подкрепя nogлогите на гoвняцumе в България.",sоmеonе,18.04.2026 (сб) 17:33:42,6,1,2026-06-11 23:41:09
mediapool.bg,https://www.mediapool.bg/izbori-2026-cat130.html?page=4,https://www.mediapool.bg/kade-sa-politikite-za-detsata-v-predizbornite-programi-news382451.html,Къде са политиките за децата в предизборните програми,2026-04-17 18:02:59,,5,"КАК СЕ УЧИ ЗА ИЗПИТ ? Взимате въпросника и го изчитате няколко пъти, за да разберете какво трябва да научите. Отваряте учебника и търсите информацията, която отговаря на въпросите. Отделяте време да структурирате наученото, като правите резюме на всички теории, постулати, закони и принципи, заедно с примерите. Следва самопроверка. Заучавате онова, което е неясно или ви е убягнало, не го помните или сте го пропуснали. Успех.",Е анита хегерланд,20.04.2026 (пн) 14:15:30,0,0,2026-06-11 23:41:10
mediapool.bg,https://www.mediapool.bg/izbori-2026-cat130.html?page=4,https://www.mediapool.bg/kade-sa-politikite-za-detsata-v-predizbornite-programi-news382451.html,Къде са политиките за децата в предизборните програми,2026-04-17 18:02:59,,4,"Преподаването трябва да стане диалогично, а това не е лесно. Диалогът трябва да се раздели на елементи, на части от цялото. Накрая урокът трябва да се резюмира така, че учениците да могат да го видят свързан. Другият проблем на българското образование е повторението. То не е учене. Според неврофизиологията, ученето е поправяне на грешките. Всяко контролно трябва да се анализира, да се извадят ТИПОВИТЕ, ОБИЧАЙНИТЕ, ПОВТАРЯЕМИТЕ ГРЕШКИ и да се изиска от учениците усвояването им. Трудните части, неусвоения …Прочети целия коментар материал трябва да бъде преподаван отново и отново, докато се затвърди. Учениците трябва да бъдат изпитвани отново и отново върху важните, основополагащи елементи, които не знаят, докато ги усвоят. ТОВА ДО СЕГА НЕ Е ПРАВЕНО, затова няма резултати.",Е анита хегерланд,20.04.2026 (пн) 9:22:16,0,0,2026-06-11 23:41:10
mediapool.bg,https://www.mediapool.bg/izbori-2026-cat130.html?page=4,https://www.mediapool.bg/kade-sa-politikite-za-detsata-v-predizbornite-programi-news382451.html,Къде са политиките за децата в предизборните програми,2026-04-17 18:02:59,,3,"Как се развива функционална грамотност и критично мислене?! Към всеки урок трябва да има множество въпроси за формата и съдържанието на текста и как се вписва в контекста на изученото до момента. Децата трябва да се фокусират върху важните неща, да четат ефективно, да развият творчески подход и да разсъждават самостоятелно. Диалогичността може да измести зазубрянето.",Е анита хегерланд,19.04.2026 (нд) 11:05:40,0,0,2026-06-11 23:41:10
mediapool.bg,https://www.mediapool.bg/izbori-2026-cat130.html?page=4,https://www.mediapool.bg/kade-sa-politikite-za-detsata-v-predizbornite-programi-news382451.html,Къде са политиките за децата в предизборните програми,2026-04-17 18:02:59,,2,"Пeдoфuлu, долу мръсните ръце от децата!",DG,18.04.2026 (сб) 1:15:18,0,0,2026-06-11 23:41:10
mediapool.bg,https://www.mediapool.bg/izbori-2026-cat130.html?page=4,https://www.mediapool.bg/kade-sa-politikite-za-detsata-v-predizbornite-programi-news382451.html,Къде са политиките за децата в предизборните програми,2026-04-17 18:02:59,,1,Социални помощи и данъчни облекчения в програмите на всички партии. Ама и там си остават. Е дават някакви 10 евро на месец. Чудо,луд,17.04.2026 (пт) 18:24:23,0,0,2026-06-11 23:41:10
mediapool.bg,https://www.mediapool.bg/izbori-2026-cat130.html?page=4,https://www.mediapool.bg/konsolidirana-prognoza-na-sotsiologicheskite-agentsii-za-sastava-na-52-to-narodno-sabranie-news382446.html,Консолидирана прогноза на социологическите агенции за състава на 52-то Народно събрание,2026-04-17 16:34:55,,39,Социологическите агенции плащат ли редовно данъци?! Знаем ли кой плаща телефонните им обаждания?!,Е анита хегерланд,19.04.2026 (нд) 10:50:39,0,0,2026-06-11 23:41:21
mediapool.bg,https://www.mediapool.bg/izbori-2026-cat130.html?page=4,https://www.mediapool.bg/konsolidirana-prognoza-na-sotsiologicheskite-agentsii-za-sastava-na-52-to-narodno-sabranie-news382446.html,Консолидирана прогноза на социологическите агенции за състава на 52-то Народно събрание,2026-04-17 16:34:55,,38,"""ДПС получава 29 мандата и заема четвърта позиция, като прогнозата отчита увеличение от 10 мандата спрямо предходното Народно събрание"". - Явно всички социологически агенции са си получили 20те хиляди евро за 5% по- високи резултати...",Още един,18.04.2026 (сб) 14:25:26,3,0,2026-06-11 23:41:21
mediapool.bg,https://www.mediapool.bg/izbori-2026-cat130.html?page=4,https://www.mediapool.bg/konsolidirana-prognoza-na-sotsiologicheskite-agentsii-za-sastava-na-52-to-narodno-sabranie-news382446.html,Консолидирана прогноза на социологическите агенции за състава на 52-то Народно събрание,2026-04-17 16:34:55,,37,Там ще се срещнете.,Още един,18.04.2026 (сб) 14:24:08,0,0,2026-06-11 23:41:21
mediapool.bg,https://www.mediapool.bg/izbori-2026-cat130.html?page=4,https://www.mediapool.bg/konsolidirana-prognoza-na-sotsiologicheskite-agentsii-za-sastava-na-52-to-narodno-sabranie-news382446.html,Консолидирана прогноза на социологическите агенции за състава на 52-то Народно събрание,2026-04-17 16:34:55,,36,"Сталин навремето е казал, не е важно кой гласува, а кой брои. По отношение на изборните шарлатанщини, България не е мръднала и на йота от времето на Алеко. Ако препрочетете ""Загасете свещите"" ще ги видите пак, тези вечни герои на опърпаната циркова сцена. Боко си е живо копие на Ганьо Сомов, известен повече като Бай Ганьо Балкански. И другите са около него, все спомени от мианлото. Това е, за съжаление е българската действителност. А за народа, няма да цитирам, но диагнозата на Славейков още тежи като камък...",PeterSRQ,18.04.2026 (сб) 14:14:23,3,0,2026-06-11 23:41:21
mediapool.bg,https://www.mediapool.bg/izbori-2026-cat130.html?page=4,https://www.mediapool.bg/konsolidirana-prognoza-na-sotsiologicheskite-agentsii-za-sastava-na-52-to-narodno-sabranie-news382446.html,Консолидирана прогноза на социологическите агенции за състава на 52-то Народно събрание,2026-04-17 16:34:55,,34,Румен Радев ако се коалира с ПП/ДБ ще оттече в канала за пет-шест месеца :/,кр,18.04.2026 (сб) 11:27:00,2,2,2026-06-11 23:41:21
mediapool.bg,https://www.mediapool.bg/izbori-2026-cat130.html?page=4,https://www.mediapool.bg/konsolidirana-prognoza-na-sotsiologicheskite-agentsii-za-sastava-na-52-to-narodno-sabranie-news382446.html,Консолидирана прогноза на социологическите агенции за състава на 52-то Народно събрание,2026-04-17 16:34:55,,33,"Фeвpуapи 2025 Пpaвнaтa кoмиcия нa НC peши дa oткpиe пpoцeдуpa зa избop нa нoв ВCC, зa дa избepe нoв гл. пpoкуpop. Aнa Aлeкcaндpoвa и Paя Нaзapян oт ГEPБ-CДC гo внecoxa зa глacувaнe в плeнapнaтa зaлa, кaкъвтo e peдът. ППДБ и Възpaждaнe oбaчe дeмoнcтpaтивнo нaпуcнaxa зaлaтa и cъбopиxa квopумa. Нe щaт, иcкaт тexeн ВCC и гл. пpoкуpop. Aми, aкo и ceгa нe щaт, c кoгo избpaнникът нa гeн. Peшeтникoв щe пpaви кoнcтитуциoннo мнoзинcтвo? C тия 90 нa ГEPБ-CДC и ДПC ли? Тoй зaяви, чe нe щe дa имa нищo oбщo c тяx? И e пpaв. Купиxa F-16, вкapaxa ни в Eвpoзoнaтa и злeпocтaвиxa дъpжaвнaтa му глaвa пpeд Путин.",Филка Русофилка,17.04.2026 (пт) 23:58:47,3,11,2026-06-11 23:41:21
mediapool.bg,https://www.mediapool.bg/izbori-2026-cat130.html?page=4,https://www.mediapool.bg/konsolidirana-prognoza-na-sotsiologicheskite-agentsii-za-sastava-na-52-to-narodno-sabranie-news382446.html,Консолидирана прогноза на социологическите агенции за състава на 52-то Народно събрание,2026-04-17 16:34:55,,32,"Боя се, че ""народът"" се опомня и почва да ползва мозъка си само като огладнее достатъчно. Като почне да пука от глад и студ и да припада по опашките. Заплатата му като стане 4 долара. Както в Лукановата или Виденовата зими. Уви!",ПyтлЭр Xyйло,17.04.2026 (пт) 23:04:01,15,0,2026-06-11 23:41:21
mediapool.bg,https://www.mediapool.bg/izbori-2026-cat130.html?page=4,https://www.mediapool.bg/konsolidirana-prognoza-na-sotsiologicheskite-agentsii-za-sastava-na-52-to-narodno-sabranie-news382446.html,Консолидирана прогноза на социологическите агенции за състава на 52-то Народно събрание,2026-04-17 16:34:55,,30,"Преброяване на копейките, путинофилите, руските олигарси и наивниците на средна възраст. Накрая пак ще гледаме филма “Тя танцува само едно лято”",Pene Trating,17.04.2026 (пт) 21:53:27,8,1,2026-06-11 23:41:21
mediapool.bg,https://www.mediapool.bg/izbori-2026-cat130.html?page=4,https://www.mediapool.bg/natsionalno-predatelstvo-demokratichna-bulgaria-atakuva-radev-za-avtoreklamata-s-putin-news382428.html,"""Национално предателство"": ""Демократична България"" атакува Радев за авторекламата с Путин",2026-04-17 16:18:52,,23,садЭ лиZaчи на путч0-вата иконка. . . - вече ич ми не е жал за бедстващия npoC нароТ - много го влече да изгласува за мъчителите си. . .,Bлaдo,18.04.2026 (сб) 10:48:09,5,0,2026-06-11 23:41:32
mediapool.bg,https://www.mediapool.bg/izbori-2026-cat130.html?page=4,https://www.mediapool.bg/natsionalno-predatelstvo-demokratichna-bulgaria-atakuva-radev-za-avtoreklamata-s-putin-news382428.html,"""Национално предателство"": ""Демократична България"" атакува Радев за авторекламата с Путин",2026-04-17 16:18:52,,22,"Не трябва ли тази статия, нищо че е от вчера, в днешния ""Ден за размисъл"" да не присъства на сайта?!?",Мунчо Велики,18.04.2026 (сб) 9:02:46,0,9,2026-06-11 23:41:32
mediapool.bg,https://www.mediapool.bg/izbori-2026-cat130.html?page=4,https://www.mediapool.bg/natsionalno-predatelstvo-demokratichna-bulgaria-atakuva-radev-za-avtoreklamata-s-putin-news382428.html,"""Национално предателство"": ""Демократична България"" атакува Радев за авторекламата с Путин",2026-04-17 16:18:52,,21,"Проблемът с радэв няма да се реши от само себе си. Туморите се оперират, не става с маз или чайче. Още 2017 г., когато вкара снайперистите в НС и зееше по депутатите, ""Вие сте тук още няколко дни"", трябваше да му скъсат главата. Демократите ни малко късно се сапикясват. Така е, като пуснеш във властта пси-мегаломан, че и го оставиш 2 мандата. Ха дано в неделя природо-матрялът да се е освестил и да го сложи на място.",ПyтлЭр Xyйло,17.04.2026 (пт) 22:36:29,17,1,2026-06-11 23:41:32
mediapool.bg,https://www.mediapool.bg/izbori-2026-cat130.html?page=4,https://www.mediapool.bg/natsionalno-predatelstvo-demokratichna-bulgaria-atakuva-radev-za-avtoreklamata-s-putin-news382428.html,"""Национално предателство"": ""Демократична България"" атакува Радев за авторекламата с Путин",2026-04-17 16:18:52,,20,Проблемът с Радев ще се реше от самосебе си ако тоя екземпляр вземе властта. Лошото е че това ще ни струва.,sloth,17.04.2026 (пт) 21:57:41,7,0,2026-06-11 23:41:32
mediapool.bg,https://www.mediapool.bg/izbori-2026-cat130.html?page=4,https://www.mediapool.bg/natsionalno-predatelstvo-demokratichna-bulgaria-atakuva-radev-za-avtoreklamata-s-putin-news382428.html,"""Национално предателство"": ""Демократична България"" атакува Радев за авторекламата с Путин",2026-04-17 16:18:52,,19,"Самият факт, че Радев се хвали със снимка с Путин - четири години след като диктаторът - убиец и военнопрестъпник нападна вероломно суверенна Украйна, заплашва Европа, превърна Русия в терористична държава и е виновен за смъртта на повече от един милион човеци, показва, че този предател на България е мръсна, черна душа, съучастник на терора и престъпленията на Путин!.... Българи, опомнете се, докато не е станало късно, защото продажникът няма само да плаща на Газпром през Боташ по ЕДИН МИЛИОН ВСЕКИ ДЕН от нашите пари, а ще подари на Путин цялата Държава!",P.Stoev,17.04.2026 (пт) 20:49:52,17,0,2026-06-11 23:41:32
mediapool.bg,https://www.mediapool.bg/izbori-2026-cat130.html?page=4,https://www.mediapool.bg/natsionalno-predatelstvo-demokratichna-bulgaria-atakuva-radev-za-avtoreklamata-s-putin-news382428.html,"""Национално предателство"": ""Демократична България"" атакува Радев за авторекламата с Путин",2026-04-17 16:18:52,,18,"Какво представлява Радев е повече от ясно. Единствената надежда е в това, че няма да му стигнат гласовете за самостоятелно управление.",Николай Иванов,17.04.2026 (пт) 20:20:00,14,0,2026-06-11 23:41:32
mediapool.bg,https://www.mediapool.bg/izbori-2026-cat130.html?page=4,https://www.mediapool.bg/natsionalno-predatelstvo-demokratichna-bulgaria-atakuva-radev-za-avtoreklamata-s-putin-news382428.html,"""Национално предателство"": ""Демократична България"" атакува Радев за авторекламата с Путин",2026-04-17 16:18:52,,17,"Ами честито на българските момчета.За да го изпълни,народа ще гласува за Рундьо.Жалкари.После майки с щерни забрадки ще напълнят България.",Taormina,17.04.2026 (пт) 19:48:59,6,6,2026-06-11 23:41:32
mediapool.bg,https://www.mediapool.bg/izbori-2026-cat130.html?page=4,https://www.mediapool.bg/natsionalno-predatelstvo-demokratichna-bulgaria-atakuva-radev-za-avtoreklamata-s-putin-news382428.html,"""Национално предателство"": ""Демократична България"" атакува Радев за авторекламата с Путин",2026-04-17 16:18:52,,16,"Днеска го зърнах при Цветанка по битивито... Грипаф, смъркашть, изнемочьтял, дет са вика, не 50, ами и пять ПУТлицевки не бяше в состояние да ни перне, завалийката. Цвети добре го размачкА, ама ВЪЙизустникот се пак въйдържа на хинтервю-масажо, со РАЗКРИТИЕ на ""секретни пользы"" от Боташо и пут.льо-БОТУШО. Хо-хо-хо. Де гиди, путБЕДИтелю ЕС-""нашенски"", катаПУТлират та направо без параШУТ ! Дори и да фанеш ЗАДУНАЙКО-рубльоджийскийо си путкупен воть от около 23 пърсентя - ШЕ ПАТИШ, зелен головодьник си …Прочети целия коментар в державните биджи-реалности... Но, да се съсредоточим към главнато: НЕОБХОДИМИТЕ НИ над 27% гласове за ППДБ! Тогива ше си поИграме со кремьльо-чекийст-мутро-переходьчиките. С Гражданско Густо. Гласуване му МАТЬ..., пардон, Майка НИ България!!!",Ощавен маркиз,17.04.2026 (пт) 19:47:57,12,1,2026-06-11 23:41:32
mediapool.bg,https://www.mediapool.bg/izbori-2026-cat130.html?page=4,https://www.mediapool.bg/natsionalno-predatelstvo-demokratichna-bulgaria-atakuva-radev-za-avtoreklamata-s-putin-news382428.html,"""Национално предателство"": ""Демократична България"" атакува Радев за авторекламата с Путин",2026-04-17 16:18:52,,15,"Колкото и избори да има още - резултатът няма да е по- различен! Русофилистици, шарлатани и евроатлантици ще си останат постоянна бройка! ;)",Мазен Кумунис,17.04.2026 (пт) 19:37:06,3,12,2026-06-11 23:41:32
mediapool.bg,https://www.mediapool.bg/izbori-2026-cat130.html?page=4,https://www.mediapool.bg/natsionalno-predatelstvo-demokratichna-bulgaria-atakuva-radev-za-avtoreklamata-s-putin-news382428.html,"""Национално предателство"": ""Демократична България"" атакува Радев за авторекламата с Путин",2026-04-17 16:18:52,,14,"Ха-ха, споко бе, нали ви пуснаха влак до Киев. Можете да го напълните . И без това сте два вагона хора. Чемодан, вокзал Киев..",Sion,17.04.2026 (пт) 19:24:07,0,18,2026-06-11 23:41:32
mediapool.bg,https://www.mediapool.bg/izbori-2026-cat130.html?page=4,https://www.mediapool.bg/predizbornata-kampaniya-na-gen-z-koi-sa-mladite-kandidat-deputati-news382433.html,Предизборната кампания на Gen Z. Кои са младите кандидат-депутати,2026-04-17 15:40:47,,12,"споко, утре са обратно по дупките",metal slug,18.04.2026 (сб) 9:18:15,1,9,2026-06-11 23:41:43
mediapool.bg,https://www.mediapool.bg/izbori-2026-cat130.html?page=4,https://www.mediapool.bg/predizbornata-kampaniya-na-gen-z-koi-sa-mladite-kandidat-deputati-news382433.html,Предизборната кампания на Gen Z. Кои са младите кандидат-депутати,2026-04-17 15:40:47,,11,"Не трябва ли тази статия, нищо че е от вчера, в днешния ""Ден за размисъл"" да не присъства на сайта?!?",Мунчо Велики,18.04.2026 (сб) 9:01:29,1,11,2026-06-11 23:41:43
mediapool.bg,https://www.mediapool.bg/izbori-2026-cat130.html?page=4,https://www.mediapool.bg/predizbornata-kampaniya-na-gen-z-koi-sa-mladite-kandidat-deputati-news382433.html,Предизборната кампания на Gen Z. Кои са младите кандидат-депутати,2026-04-17 15:40:47,,10,Gen-Z съкращение от Zero Brain Generation ли е?,Мунчо Велики,18.04.2026 (сб) 9:01:15,1,11,2026-06-11 23:41:43
mediapool.bg,https://www.mediapool.bg/izbori-2026-cat130.html?page=4,https://www.mediapool.bg/predizbornata-kampaniya-na-gen-z-koi-sa-mladite-kandidat-deputati-news382433.html,Предизборната кампания на Gen Z. Кои са младите кандидат-депутати,2026-04-17 15:40:47,,9,Тъпоумни квенца за депутати.,DG,18.04.2026 (сб) 4:14:03,1,11,2026-06-11 23:41:43
mediapool.bg,https://www.mediapool.bg/izbori-2026-cat130.html?page=4,https://www.mediapool.bg/predizbornata-kampaniya-na-gen-z-koi-sa-mladite-kandidat-deputati-news382433.html,Предизборната кампания на Gen Z. Кои са младите кандидат-депутати,2026-04-17 15:40:47,,8,Точно де.. Каква е ползата от недоучили активисти в НС?!,Sion,18.04.2026 (сб) 1:34:41,1,11,2026-06-11 23:41:43
mediapool.bg,https://www.mediapool.bg/izbori-2026-cat130.html?page=4,https://www.mediapool.bg/predizbornata-kampaniya-na-gen-z-koi-sa-mladite-kandidat-deputati-news382433.html,Предизборната кампания на Gen Z. Кои са младите кандидат-депутати,2026-04-17 15:40:47,,7,"КОИ парламентарни групи и КОИ депутати гласуваха за промяната в изборния закон, която разрешава на хора с ДВОЙНО гражданство да бъдат включени в кандидат депутатските листи ???? Без съмнение, точно тези депутати извършиха национално предателство. Новият парламент трябва ""немедленно"" да поправи тази грешка!",РК,17.04.2026 (пт) 23:18:55,14,1,2026-06-11 23:41:43
mediapool.bg,https://www.mediapool.bg/izbori-2026-cat130.html?page=4,https://www.mediapool.bg/predizbornata-kampaniya-na-gen-z-koi-sa-mladite-kandidat-deputati-news382433.html,Предизборната кампания на Gen Z. Кои са младите кандидат-депутати,2026-04-17 15:40:47,,6,"Речено е, ""Бива, бива, ама цял вол за мезе не бива"". Особено щом е дума за джЭн Zuma, мелези между руZки нэгри и болгарские десаръй или подобни. Не си взеха поука от никалай съйбэв, бачийски, лорер, шотев, пак ще се чудят що резултати им ниски. Ами не щем руZкие копЭлдацъй бре! Добре че има преференции. Дано с тях хората барират въпросните руZкие-надявам се.",ПyтлЭр Xyйло,17.04.2026 (пт) 22:49:05,14,2,2026-06-11 23:41:43
mediapool.bg,https://www.mediapool.bg/izbori-2026-cat130.html?page=4,https://www.mediapool.bg/predizbornata-kampaniya-na-gen-z-koi-sa-mladite-kandidat-deputati-news382433.html,Предизборната кампания на Gen Z. Кои са младите кандидат-депутати,2026-04-17 15:40:47,,5,"Русофилистикът фатмак Рундьо привлече джензитата от протестите, на които наивно се надяваха простите и грозни педофилскишарлатани. ;)",Мазен Кумунис,17.04.2026 (пт) 19:38:37,0,11,2026-06-11 23:41:43
mediapool.bg,https://www.mediapool.bg/izbori-2026-cat130.html?page=4,https://www.mediapool.bg/predizbornata-kampaniya-na-gen-z-koi-sa-mladite-kandidat-deputati-news382433.html,Предизборната кампания на Gen Z. Кои са младите кандидат-депутати,2026-04-17 15:40:47,,4,"Анночка, видеото бъка с AI-филтри - така ли ще бъде и в Парламента?",Liberal,17.04.2026 (пт) 16:55:22,1,9,2026-06-11 23:41:43
mediapool.bg,https://www.mediapool.bg/izbori-2026-cat130.html?page=4,https://www.mediapool.bg/predizbornata-kampaniya-na-gen-z-koi-sa-mladite-kandidat-deputati-news382433.html,Предизборната кампания на Gen Z. Кои са младите кандидат-депутати,2026-04-17 15:40:47,,3,"То щото Айрян Айрян беше много доучил, нале:) След като се видя, че опротивялите до втръсване физиономии на абонираните за депутатски кресла, вече не стават за нищо, по-добре е с ентусиазма на младите да се опита този път.",ultra,17.04.2026 (пт) 16:53:57,4,2,2026-06-11 23:41:43
mediapool.bg,https://www.mediapool.bg/izbori-2026-cat130.html?page=4,https://www.mediapool.bg/eksperti-ruska-propaganda-e-zalyala-bulgaria-sled-aktiviraneto-na-es-news382427.html,Експерти: Руска пропаганда е заляла България след активирането на ЕС,2026-04-17 13:53:14,,9,"Абе истината е, че в неделя ще има масово скубане на гълъби, славейчета, гугутки и прочее руZкие мангалъй, дето от 1 седмица се правят на евро-атлантици. Точно откак унгарците наритаха кремльовското мангЭ по края на гърба.",ПyтлЭр Xyйло,17.04.2026 (пт) 21:03:18,14,1,2026-06-11 23:41:44
mediapool.bg,https://www.mediapool.bg/izbori-2026-cat130.html?page=4,https://www.mediapool.bg/eksperti-ruska-propaganda-e-zalyala-bulgaria-sled-aktiviraneto-na-es-news382427.html,Експерти: Руска пропаганда е заляла България след активирането на ЕС,2026-04-17 13:53:14,,8,Не сравнявайте ябълки и стомана !,Milanova Magda,17.04.2026 (пт) 17:52:56,1,12,2026-06-11 23:41:44
mediapool.bg,https://www.mediapool.bg/izbori-2026-cat130.html?page=4,https://www.mediapool.bg/eksperti-ruska-propaganda-e-zalyala-bulgaria-sled-aktiviraneto-na-es-news382427.html,Експерти: Руска пропаганда е заляла България след активирането на ЕС,2026-04-17 13:53:14,,7,"Това са абсолютни глупости! Няма никаква външна намеса и Ванс няма да подкрепи никого в Б-ия, нито Путин.",Milanova Magda,17.04.2026 (пт) 17:50:44,1,12,2026-06-11 23:41:44
mediapool.bg,https://www.mediapool.bg/izbori-2026-cat130.html?page=4,https://www.mediapool.bg/eksperti-ruska-propaganda-e-zalyala-bulgaria-sled-aktiviraneto-na-es-news382427.html,Експерти: Руска пропаганда е заляла България след активирането на ЕС,2026-04-17 13:53:14,,6,"Не, хората не са малоумни - просто са много неинформирани, много лъжливи или леко глупави ... Тези лъжливи наративи, които разказва статията, плюс вашите. Защото; - служебната власт наистина опорочи изборите, - цените наистина са увеличени и заради еврото, - а за Жан Виденовото време истината излезе наяве - просто никой не иска да я види, защото още сме в обора на краварите (двете американски НТО-та, които изкупиха зърното, и фалираха лева са известни ...), а доколкото става дума за статията - от ЕС отговориха, че нямат такава информация, и че Гюров да я кара по-кротко с обвиненията, защото наистина така опорочава изборите ...",Rebelmann,17.04.2026 (пт) 16:19:53,4,13,2026-06-11 23:41:44
mediapool.bg,https://www.mediapool.bg/izbori-2026-cat130.html?page=4,https://www.mediapool.bg/eksperti-ruska-propaganda-e-zalyala-bulgaria-sled-aktiviraneto-na-es-news382427.html,Експерти: Руска пропаганда е заляла България след активирането на ЕС,2026-04-17 13:53:14,,5,"Не, хората не са малоумни, но когато им поднасяш истините избирателни или само част от тях, това неминуемо се отразява на мисленето им и на начина, по който гласуват. Не ти ли е хрумвало? Аз примерно чух обвиненията на Радев, че служебната власт опорочавала изборите, ама не чух реакция на тази лъжа. През цялото време след приемане на еврото слушам за галопиращи цени от Йотова и Радев, ама не чух някой да припомни какво значи това, тоест как галопираха наистина цените в епохата на Жан Виденов. И хората започнаха да вярват не на спомените и очите си, а на проруската пропаганда, разпространявана и от големите медии.",БГаньо,17.04.2026 (пт) 15:10:28,6,5,2026-06-11 23:41:44
mediapool.bg,https://www.mediapool.bg/izbori-2026-cat130.html?page=4,https://www.mediapool.bg/eksperti-ruska-propaganda-e-zalyala-bulgaria-sled-aktiviraneto-na-es-news382427.html,Експерти: Руска пропаганда е заляла България след активирането на ЕС,2026-04-17 13:53:14,,4,И при Хитлер е имало защита от дезинформация и видяхме докъде се стигна 50 милиона жертви в цял свят.,глас в пустиня,17.04.2026 (пт) 14:54:05,3,13,2026-06-11 23:41:44
mediapool.bg,https://www.mediapool.bg/izbori-2026-cat130.html?page=4,https://www.mediapool.bg/eksperti-ruska-propaganda-e-zalyala-bulgaria-sled-aktiviraneto-na-es-news382427.html,Експерти: Руска пропаганда е заляла България след активирането на ЕС,2026-04-17 13:53:14,,3,"Ха-ха, "" експерти"" . Абе , що сте толкова малоумни и подценявате хората?! За кого да гласуват?! За педоф*илите, които скочиха в спалнята на Двете Прасета?! Руска пропаганда?! Руснаците са невинни девици, в сравнение с лунатиците в Брюксел.",Sion,17.04.2026 (пт) 14:45:13,4,15,2026-06-11 23:41:44
mediapool.bg,https://www.mediapool.bg/izbori-2026-cat130.html?page=4,https://www.mediapool.bg/eksperti-ruska-propaganda-e-zalyala-bulgaria-sled-aktiviraneto-na-es-news382427.html,Експерти: Руска пропаганда е заляла България след активирането на ЕС,2026-04-17 13:53:14,,2,Рашистите се месят във всички европейски избори.,Шерлок Холмс,17.04.2026 (пт) 14:21:58,11,3,2026-06-11 23:41:44
mediapool.bg,https://www.mediapool.bg/izbori-2026-cat130.html?page=4,https://www.mediapool.bg/eksperti-ruska-propaganda-e-zalyala-bulgaria-sled-aktiviraneto-na-es-news382427.html,Експерти: Руска пропаганда е заляла България след активирането на ЕС,2026-04-17 13:53:14,,1,"Гузен Муню негонен бяга. Припознал се рашист. Наште ватенки обаче и те, много го обичат и ще го изберат да ги заведе в прогресивното блато.",Megadonkey,17.04.2026 (пт) 14:18:08,10,4,2026-06-11 23:41:44
mediapool.bg,https://www.mediapool.bg/izbori-2026-cat130.html?page=4,https://www.mediapool.bg/videonablyudenieto-na-broeneto-na-byuletinite-shte-izprashta-signali-na-vseki-5-minuti-news382425.html,Видеонаблюдението на броенето на бюлетините ще изпраща сигнали на всеки 5 минути,2026-04-17 13:38:26,,1,"В Русия видеонаблюдението е в реално време и непрекъснато, а не на 5 минути и се записва.",глас в пустиня,17.04.2026 (пт) 14:51:51,0,0,2026-06-11 23:41:44
mediapool.bg,https://www.mediapool.bg/izbori-2026-cat130.html?page=4,https://www.mediapool.bg/finalni-prouchvaniya-radev-pecheli-bsp-e-na-raba-news382412.html,"Финални проучвания: Радев печели, БСП е на ръба",2026-04-17 09:46:34,,88,садЭ лиZaчи на путч0-вата иконка. . . - вече ич ми не е жал за бедстващия npoC нароТ - много го влече да изгласува за мъчителите си. . .,Bлaдo,18.04.2026 (сб) 10:41:19,1,1,2026-06-11 23:41:55
mediapool.bg,https://www.mediapool.bg/izbori-2026-cat130.html?page=4,https://www.mediapool.bg/finalni-prouchvaniya-radev-pecheli-bsp-e-na-raba-news382412.html,"Финални проучвания: Радев печели, БСП е на ръба",2026-04-17 09:46:34,,87,"Не трябва ли тази статия, нищо че е от вчера, в днешния ""Ден за размисъл"" да не присъства на сайта?!?",Мунчо Велики,18.04.2026 (сб) 9:03:05,0,9,2026-06-11 23:41:55
mediapool.bg,https://www.mediapool.bg/izbori-2026-cat130.html?page=4,https://www.mediapool.bg/finalni-prouchvaniya-radev-pecheli-bsp-e-na-raba-news382412.html,"Финални проучвания: Радев печели, БСП е на ръба",2026-04-17 09:46:34,,86,"Толкова много „европейска демокрация“ има в този коментар,че направо ми иде да се поклоня на някой портрет на Урсула. Сигурно и Левски е мечтаел за България, в която всяко решение се взима след консултация с някой чиновник в Брюксел, който не знае къде се намираме на картата. Гледайки ентусиазма ти, си мисля, че дори по турско време хората са имали повече право на лично мнение, без да ги обявяват за агенти на чуждо разузнаване преди закуска.",Ravel,18.04.2026 (сб) 8:47:07,0,10,2026-06-11 23:41:55
mediapool.bg,https://www.mediapool.bg/izbori-2026-cat130.html?page=4,https://www.mediapool.bg/finalni-prouchvaniya-radev-pecheli-bsp-e-na-raba-news382412.html,"Финални проучвания: Радев печели, БСП е на ръба",2026-04-17 09:46:34,,85,"Или, ""Голямо пролетно скубане на гълъби"" (""Фермер""); ""Дезинфекция на гълъбарниците"" (""Бразди""). ""Открит е сезонът за клепоух глухар"" (""Лов и риболов"") И прочее в тоя дух.",ПyтлЭр Xyйло,17.04.2026 (пт) 21:13:21,14,1,2026-06-11 23:41:55
mediapool.bg,https://www.mediapool.bg/izbori-2026-cat130.html?page=4,https://www.mediapool.bg/finalni-prouchvaniya-radev-pecheli-bsp-e-na-raba-news382412.html,"Финални проучвания: Радев печели, БСП е на ръба",2026-04-17 09:46:34,,84,"Я да пробвам и аз със заглавия : ""Партията на Гадев няма да има абсолютно мнозинство. ГЕРБ окончателно се срива на второ място. Свинята изостава след ПП - ДБ, Копейкин губи гласоподаватели от Гадев, БСП остава под бариерата."" Как ви звучи другари социолози ?",anton nikolov,17.04.2026 (пт) 19:05:40,5,0,2026-06-11 23:41:55
mediapool.bg,https://www.mediapool.bg/izbori-2026-cat130.html?page=4,https://www.mediapool.bg/finalni-prouchvaniya-radev-pecheli-bsp-e-na-raba-news382412.html,"Финални проучвания: Радев печели, БСП е на ръба",2026-04-17 09:46:34,,83,"Брат , тук все пак е Медиапул, не "" Работническо дело""/ колкото и много да си приличат/. Спести ни малоумните си лозунги.",Sion,17.04.2026 (пт) 16:05:44,1,11,2026-06-11 23:41:55
mediapool.bg,https://www.mediapool.bg/izbori-2026-cat130.html?page=4,https://www.mediapool.bg/finalni-prouchvaniya-radev-pecheli-bsp-e-na-raba-news382412.html,"Финални проучвания: Радев печели, БСП е на ръба",2026-04-17 09:46:34,,82,"И като не ги показва те ще изчезнат?! Горките петроханци , осъдени на поражение след поражение.",Sion,17.04.2026 (пт) 16:04:36,1,11,2026-06-11 23:41:55
mediapool.bg,https://www.mediapool.bg/izbori-2026-cat130.html?page=4,https://www.mediapool.bg/finalni-prouchvaniya-radev-pecheli-bsp-e-na-raba-news382412.html,"Финални проучвания: Радев печели, БСП е на ръба",2026-04-17 09:46:34,,81,"Всеки българин нито за миг не трябва да забравя, че тези избори са своеобразен референдум - за Европейска България или за робска подчиненост на тоталитарна, фашистка, вражеска Русия!.... Всеки избирател, който все още не е направил избор и тези които все още се канят да гласуват за руския агент и предател на България Румен Радев, трябва добре да разберат, че ако гласуват за Радев, стават съучастници на терористичния режим на убиеца Путин и предатели на Европейска България!",P.Stoev,17.04.2026 (пт) 16:01:44,9,1,2026-06-11 23:41:55
mediapool.bg,https://www.mediapool.bg/izbori-2026-cat130.html?page=4,https://www.mediapool.bg/finalni-prouchvaniya-radev-pecheli-bsp-e-na-raba-news382412.html,"Финални проучвания: Радев печели, БСП е на ръба",2026-04-17 09:46:34,,80,"Споко , при 3.5 млн избирателна активност петроханци ще се въртят около 8-9%.. Все още не сте изпаднали зад борда. Все още.",Sion,17.04.2026 (пт) 15:59:39,1,13,2026-06-11 23:41:55
mediapool.bg,https://www.mediapool.bg/izbori-2026-cat130.html?page=4,https://www.mediapool.bg/finalni-prouchvaniya-radev-pecheli-bsp-e-na-raba-news382412.html,"Финални проучвания: Радев печели, БСП е на ръба",2026-04-17 09:46:34,,79,"Формлно вярно, но никой друг от тези, които са се ръкували с т.нар. ""Самъй Магучий"" не си показва отдавна снимките с ръкуванията. Май има нещо такова, таваришч поро или не думаеш тъй?",Гeн. Иван Колев,17.04.2026 (пт) 15:58:10,8,1,2026-06-11 23:41:55
mediapool.bg,https://www.mediapool.bg/izbori-2026-cat130.html?page=4,https://www.mediapool.bg/video-dobrovoltsi-i-mvr-chestni-izbori---misiyata-nevazmozhna-news382405.html,"Видео, доброволци и МВР. Честни избори - мисията (не)възможна",2026-04-17 08:21:16,,9,Ура!,Milanova Magda,17.04.2026 (пт) 18:09:17,0,2,2026-06-11 23:41:56
mediapool.bg,https://www.mediapool.bg/izbori-2026-cat130.html?page=4,https://www.mediapool.bg/video-dobrovoltsi-i-mvr-chestni-izbori---misiyata-nevazmozhna-news382405.html,"Видео, доброволци и МВР. Честни избори - мисията (не)възможна",2026-04-17 08:21:16,,7,И това как ще спре купените гласове?,Иван_333,17.04.2026 (пт) 13:23:35,0,0,2026-06-11 23:41:56
mediapool.bg,https://www.mediapool.bg/izbori-2026-cat130.html?page=4,https://www.mediapool.bg/video-dobrovoltsi-i-mvr-chestni-izbori---misiyata-nevazmozhna-news382405.html,"Видео, доброволци и МВР. Честни избори - мисията (не)възможна",2026-04-17 08:21:16,,6,"Айде бе Гюро, давай ни тия 20Ев за бедните шофьори че да гласуваме за ПП, докато не са те арестували за купуване на гласове!",полк. Дрангов,17.04.2026 (пт) 11:37:01,0,5,2026-06-11 23:41:56
mediapool.bg,https://www.mediapool.bg/izbori-2026-cat130.html?page=4,https://www.mediapool.bg/video-dobrovoltsi-i-mvr-chestni-izbori---misiyata-nevazmozhna-news382405.html,"Видео, доброволци и МВР. Честни избори - мисията (не)възможна",2026-04-17 08:21:16,,5,ПППП - ПП п.е.д.о.ф.и.л.и Петрохан! ;),Мазен Кумунис,17.04.2026 (пт) 11:25:52,1,6,2026-06-11 23:41:56
mediapool.bg,https://www.mediapool.bg/izbori-2026-cat130.html?page=4,https://www.mediapool.bg/video-dobrovoltsi-i-mvr-chestni-izbori---misiyata-nevazmozhna-news382405.html,"Видео, доброволци и МВР. Честни избори - мисията (не)възможна",2026-04-17 08:21:16,,3,"ПедофилскиШарлатани, изборите идват! Треперите ли?! Сега при загубата кой ще ви е виновен? Докторът на науките Бойко Велики пак ще ви ""бие"". С ВАШЕ МВР! ;)",Мазен Кумунис,17.04.2026 (пт) 9:38:09,2,5,2026-06-11 23:41:56
mediapool.bg,https://www.mediapool.bg/izbori-2026-cat130.html?page=4,https://www.mediapool.bg/video-dobrovoltsi-i-mvr-chestni-izbori---misiyata-nevazmozhna-news382405.html,"Видео, доброволци и МВР. Честни избори - мисията (не)възможна",2026-04-17 08:21:16,,2,мисията невъзможна..,ozzy70,17.04.2026 (пт) 8:36:56,1,4,2026-06-11 23:41:56
mediapool.bg,https://www.mediapool.bg/izbori-2026-cat130.html?page=4,https://www.mediapool.bg/obshtinski-savetnik-uchastva-v-prestapna-grupa-za-kupuvane-na-glasove-news382411.html,Общински съветник участва в престъпна група за купуване на гласове,2026-04-17 08:00:50,,7,Н.М.П.К. - На Майка Ти П*mkama Комунистическа! ;),Каменица,17.04.2026 (пт) 13:15:31,4,0,2026-06-11 23:41:57
mediapool.bg,https://www.mediapool.bg/izbori-2026-cat130.html?page=4,https://www.mediapool.bg/obshtinski-savetnik-uchastva-v-prestapna-grupa-za-kupuvane-na-glasove-news382411.html,Общински съветник участва в престъпна група за купуване на гласове,2026-04-17 08:00:50,,6,ПППП - ПП п.е.д.о.ф.и.л.и Петрохан! ;),Мазен Кумунис,17.04.2026 (пт) 11:26:10,1,5,2026-06-11 23:41:57
mediapool.bg,https://www.mediapool.bg/izbori-2026-cat130.html?page=4,https://www.mediapool.bg/obshtinski-savetnik-uchastva-v-prestapna-grupa-za-kupuvane-na-glasove-news382411.html,Общински съветник участва в престъпна група за купуване на гласове,2026-04-17 08:00:50,,4,"Аре бе Гюро, давай на нас бедните шофьори, 20 Ев, че да гласуваме за шарлатаните! Иначе СИНЯ БЪЛГАРИЯ #3",полк. Дрангов,17.04.2026 (пт) 8:26:46,1,6,2026-06-11 23:41:57
mediapool.bg,https://www.mediapool.bg/izbori-2026-cat130.html?page=4,https://www.mediapool.bg/obshtinski-savetnik-uchastva-v-prestapna-grupa-za-kupuvane-na-glasove-news382411.html,Общински съветник участва в престъпна група за купуване на гласове,2026-04-17 08:00:50,,2,Познай от три пъти дали паричките му не миришат на корпулентна пот и съветски партенки. :),стефчо,17.04.2026 (пт) 8:17:56,9,0,2026-06-11 23:41:57
mediapool.bg,https://www.mediapool.bg/izbori-2026-cat130.html?page=4,https://www.mediapool.bg/obshtinski-savetnik-uchastva-v-prestapna-grupa-za-kupuvane-na-glasove-news382411.html,Общински съветник участва в престъпна група за купуване на гласове,2026-04-17 08:00:50,,1,"Този общински съветник е от простите и грозни педофилскишарлатани, нали? ;)",Мазен Кумунис,17.04.2026 (пт) 8:09:50,3,10,2026-06-11 23:41:57
mediapool.bg,https://www.mediapool.bg/izbori-2026-cat130.html?page=4,https://www.mediapool.bg/radev-ne-na-sglobkite-pod-rezhisurata-na-peevski-vasilev-borisov-news382409.html,"Радев: Не на сглобките под режисурата на Пеевски, Василев, Борисов",2026-04-16 21:58:00,,47,Тоя па бездарен нещастник... Агент на Мордор!,nsnikolov77,17.04.2026 (пт) 12:07:05,4,0,2026-06-11 23:42:08
mediapool.bg,https://www.mediapool.bg/izbori-2026-cat130.html?page=4,https://www.mediapool.bg/radev-ne-na-sglobkite-pod-rezhisurata-na-peevski-vasilev-borisov-news382409.html,"Радев: Не на сглобките под режисурата на Пеевски, Василев, Борисов",2026-04-16 21:58:00,,46,Всички срещу Радев! - СИНЯ БЪЛГАРИЯ! #3,полк. Дрангов,17.04.2026 (пт) 12:00:07,0,1,2026-06-11 23:42:08
mediapool.bg,https://www.mediapool.bg/izbori-2026-cat130.html?page=4,https://www.mediapool.bg/radev-ne-na-sglobkite-pod-rezhisurata-na-peevski-vasilev-borisov-news382409.html,"Радев: Не на сглобките под режисурата на Пеевски, Василев, Борисов",2026-04-16 21:58:00,,45,"А с патерици като Възраждане, Меч, Кеч, Величие и тн ;) Те ще свършат работа и тях не е сглобка налЕ ;)",gavril,17.04.2026 (пт) 10:16:39,6,1,2026-06-11 23:42:08
mediapool.bg,https://www.mediapool.bg/izbori-2026-cat130.html?page=4,https://www.mediapool.bg/radev-ne-na-sglobkite-pod-rezhisurata-na-peevski-vasilev-borisov-news382409.html,"Радев: Не на сглобките под режисурата на Пеевски, Василев, Борисов",2026-04-16 21:58:00,,44,"Въпреки прогнозите на купените агенции, все се надявам, че българите няма да си сложат путинско въже на шията. Народе!",Dedooo,17.04.2026 (пт) 9:52:05,10,1,2026-06-11 23:42:08
mediapool.bg,https://www.mediapool.bg/izbori-2026-cat130.html?page=4,https://www.mediapool.bg/radev-ne-na-sglobkite-pod-rezhisurata-na-peevski-vasilev-borisov-news382409.html,"Радев: Не на сглобките под режисурата на Пеевски, Василев, Борисов",2026-04-16 21:58:00,,43,"Такъв фалш струи от темето на тоя слуга на Путин. С кого му бяха най-топлите връзки в Европа? С отиващия си Орбан, разбира се. Тия 30% дето ще гласуват за него, до две години ще гласуват за следващия малоумник.",Ястребов,17.04.2026 (пт) 8:57:36,13,1,2026-06-11 23:42:08
mediapool.bg,https://www.mediapool.bg/izbori-2026-cat130.html?page=4,https://www.mediapool.bg/radev-ne-na-sglobkite-pod-rezhisurata-na-peevski-vasilev-borisov-news382409.html,"Радев: Не на сглобките под режисурата на Пеевски, Василев, Борисов",2026-04-16 21:58:00,,42,"Г-да политици, не правете като Радев! Ако си позволите негативна кампания, по-късно, след изборите, няма да можете да участвате в съставянето на правителство. Помислете какви послания изпращате!!!",Е анита хегерланд,17.04.2026 (пт) 8:29:43,3,3,2026-06-11 23:42:08
mediapool.bg,https://www.mediapool.bg/izbori-2026-cat130.html?page=4,https://www.mediapool.bg/radev-ne-na-sglobkite-pod-rezhisurata-na-peevski-vasilev-borisov-news382409.html,"Радев: Не на сглобките под режисурата на Пеевски, Василев, Борисов",2026-04-16 21:58:00,,41,радевата партия ще е като славейчовата партия (итЭнЭ) - ще спечели едни избори и ще й лъснат сичките руски импотентности в пародиен опит да направят правителство с некой лyg npecтъnник за премиер. . .,Bлaдo,17.04.2026 (пт) 8:25:38,13,1,2026-06-11 23:42:08
mediapool.bg,https://www.mediapool.bg/izbori-2026-cat130.html?page=4,https://www.mediapool.bg/radev-ne-na-sglobkite-pod-rezhisurata-na-peevski-vasilev-borisov-news382409.html,"Радев: Не на сглобките под режисурата на Пеевски, Василев, Борисов",2026-04-16 21:58:00,,40,"Проевропейският и процивилизован избор на София винаги е бил прецакван от малоумието на провинцията - от първите свободни избори насам. София произвежда половината БВП на България, тук живеят далеч по-голям висшисти на глава от населението, и т.н... Време е да станем град-държава и да изоставим проазиатската сбирщина да тъне в изпражненията си по колхозен образец. Ако провинциалният плебс отново избере ""спасител"", този път в лицето на Мунчо - проколхозния миризлив зелен чорап, който очевидно се кани да управлява с вГъ3раждане, е време да кажем: ""Да на София, НЕ на България"".",Mushichka,17.04.2026 (пт) 8:10:43,12,3,2026-06-11 23:42:08
mediapool.bg,https://www.mediapool.bg/izbori-2026-cat130.html?page=4,https://www.mediapool.bg/radev-ne-na-sglobkite-pod-rezhisurata-na-peevski-vasilev-borisov-news382409.html,"Радев: Не на сглобките под режисурата на Пеевски, Василев, Борисов",2026-04-16 21:58:00,,38,Новият Ви рециклиран Тодор Живков пристига! Приликата между двамата е потресаваща! Поемете дълбоко въздух и да изкрещим силно - ДОЛУ БКП!,Anticomm,17.04.2026 (пт) 7:23:53,16,2,2026-06-11 23:42:08
mediapool.bg,https://www.mediapool.bg/izbori-2026-cat130.html?page=4,https://www.mediapool.bg/unikalen-shans-da-izritame-borisov-i-peevski-ot-vlastta-zavinagi-pp-db-zakri-predizbornata-si-kampaniya-news382408.html,"""Уникален шанс да изритаме Борисов и Пеевски от властта завинаги"": ПП-ДБ закри предизборната си кампания",2026-04-16 21:40:47,,35,Наистина сте mushichka!,гроздова и антидържавни разговори,17.04.2026 (пт) 12:30:58,0,1,2026-06-11 23:42:18
mediapool.bg,https://www.mediapool.bg/izbori-2026-cat130.html?page=4,https://www.mediapool.bg/unikalen-shans-da-izritame-borisov-i-peevski-ot-vlastta-zavinagi-pp-db-zakri-predizbornata-si-kampaniya-news382408.html,"""Уникален шанс да изритаме Борисов и Пеевски от властта завинаги"": ПП-ДБ закри предизборната си кампания",2026-04-16 21:40:47,,33,"Ще изритаме Боко банкята и Делян Магнитски, а комунистът Радев? Льотчикът е по-опасен рашист, защото е избран от Москва и той не го крие! И защо никога не мога да намеря пълни данни за нашите политици - от ""прогресивно семейство"" ли произхождат или от родители, вредили на народната власт! Баща, майка, дядо, баба - борили ли са се с монархо-фашизма и били ли са достойни строители на народната власт!",Anticomm,17.04.2026 (пт) 12:10:25,1,0,2026-06-11 23:42:18
mediapool.bg,https://www.mediapool.bg/izbori-2026-cat130.html?page=4,https://www.mediapool.bg/unikalen-shans-da-izritame-borisov-i-peevski-ot-vlastta-zavinagi-pp-db-zakri-predizbornata-si-kampaniya-news382408.html,"""Уникален шанс да изритаме Борисов и Пеевски от властта завинаги"": ПП-ДБ закри предизборната си кампания",2026-04-16 21:40:47,,32,ПППП - ПП п.е.д.о.ф.и.л.и Петрохан! ;),Мазен Кумунис,17.04.2026 (пт) 11:27:56,3,3,2026-06-11 23:42:18
mediapool.bg,https://www.mediapool.bg/izbori-2026-cat130.html?page=4,https://www.mediapool.bg/unikalen-shans-da-izritame-borisov-i-peevski-ot-vlastta-zavinagi-pp-db-zakri-predizbornata-si-kampaniya-news382408.html,"""Уникален шанс да изритаме Борисов и Пеевски от властта завинаги"": ПП-ДБ закри предизборната си кампания",2026-04-16 21:40:47,,31,"Бих гласувал за партия със следната програма, ако такава съществуваше: 1. Християнска Европа 2. Крепостта Европа 3. Унищожаване на социалната държава (т.е. спиране на демографската катастрофа) 4. Обединение с република Македония 5. Подкрепа за Украйна 5. Подкрепа за Иран",Горскио,17.04.2026 (пт) 10:39:40,2,4,2026-06-11 23:42:18
mediapool.bg,https://www.mediapool.bg/izbori-2026-cat130.html?page=4,https://www.mediapool.bg/unikalen-shans-da-izritame-borisov-i-peevski-ot-vlastta-zavinagi-pp-db-zakri-predizbornata-si-kampaniya-news382408.html,"""Уникален шанс да изритаме Борисов и Пеевски от властта завинаги"": ПП-ДБ закри предизборната си кампания",2026-04-16 21:40:47,,30,"Не виждам за кого мога да гласувам. През последните 23 години (след Костово време) съм гласувал два пъти (единият за малка партия, без шанс да влезе в Събранието), а вторият път като го направих съжалих. Изборът е между Путин, Соорос и Роотшилд и между няколко лавиращи между споменатите български престъпни групировки (Бойко, Пеевски), т.е. избор няма. От друга страна обаче ако гласувам, напр. за ПП-ДБ гласът ми ще помогне да се разкарат старите добре известни престъпници (Боко и Делян) от властта, както и най-накрая столетната к-ва БСП да остане извън Събранието. Чудя се....",Горскио,17.04.2026 (пт) 10:34:26,2,3,2026-06-11 23:42:18
mediapool.bg,https://www.mediapool.bg/izbori-2026-cat130.html?page=4,https://www.mediapool.bg/unikalen-shans-da-izritame-borisov-i-peevski-ot-vlastta-zavinagi-pp-db-zakri-predizbornata-si-kampaniya-news382408.html,"""Уникален шанс да изритаме Борисов и Пеевски от властта завинаги"": ПП-ДБ закри предизборната си кампания",2026-04-16 21:40:47,,28,"Драга Alerta: Десният вот е разцепен от години с вкарването в политиката на спящите клетки на КГБ, АСЕН ВССИЛЕВ И КИРИЛ ПЕТКОВ от Радев!Симпатизантите и на ПП и на ГЕРБ са ориентирани към ЕС и НАТО и нямат нищо кво да делят! Затова ОБЕДИНЕНИЕ от НОВА ДЯСНА ПАРТИЯ - СИНЯ БЪЛГАРИЯ #3",полк. Дрангов,17.04.2026 (пт) 9:20:52,2,3,2026-06-11 23:42:18
mediapool.bg,https://www.mediapool.bg/izbori-2026-cat130.html?page=4,https://www.mediapool.bg/unikalen-shans-da-izritame-borisov-i-peevski-ot-vlastta-zavinagi-pp-db-zakri-predizbornata-si-kampaniya-news382408.html,"""Уникален шанс да изритаме Борисов и Пеевски от властта завинаги"": ПП-ДБ закри предизборната си кампания",2026-04-16 21:40:47,,27,"Всички срещу Радев! ПП-ДБ, ГЕРБ-СДС, ДПС имате сила обединени от СИНЯ БЪЛГАРИЯ да спасите България от Путин! #3",полк. Дрангов,17.04.2026 (пт) 9:14:59,2,4,2026-06-11 23:42:18
mediapool.bg,https://www.mediapool.bg/izbori-2026-cat130.html?page=4,https://www.mediapool.bg/tsirk-pred-mediite-ot-gerb-razglobiha-mashina-za-vota-s-otvertka-tsik-dori-i-taka-nyamate-dostap-do-pametta-news382403.html,"""Цирк пред медиите"". От ГЕРБ разглобиха машина за вота с отвертка. ЦИК: Дори и така нямате достъп до паметта",2026-04-16 18:12:58,,76,Дебили сър!,Purko,17.04.2026 (пт) 14:38:47,3,0,2026-06-11 23:42:29
mediapool.bg,https://www.mediapool.bg/izbori-2026-cat130.html?page=4,https://www.mediapool.bg/tsirk-pred-mediite-ot-gerb-razglobiha-mashina-za-vota-s-otvertka-tsik-dori-i-taka-nyamate-dostap-do-pametta-news382403.html,"""Цирк пред медиите"". От ГЕРБ разглобиха машина за вота с отвертка. ЦИК: Дори и така нямате достъп до паметта",2026-04-16 18:12:58,,75,Зам-кметът на Пловдив по дигитализация Владимир Темелков бори софтуера с детска отверка. Как беше третата дума от предизборния им слоган? Развитие? Развитие от отверка към чук ли?,Иван Асенов Стоянов,17.04.2026 (пт) 12:36:16,2,0,2026-06-11 23:42:29
mediapool.bg,https://www.mediapool.bg/izbori-2026-cat130.html?page=4,https://www.mediapool.bg/tsirk-pred-mediite-ot-gerb-razglobiha-mashina-za-vota-s-otvertka-tsik-dori-i-taka-nyamate-dostap-do-pametta-news382403.html,"""Цирк пред медиите"". От ГЕРБ разглобиха машина за вота с отвертка. ЦИК: Дори и така нямате достъп до паметта",2026-04-16 18:12:58,,73,"Големите проблеми пред институциите сега са: защо машините за гласуване са толкова скъпи, толкова много, толкова елементарни и защо ПП-ДБ са влюбени в тях?! Каква печалба е реализирал дистрибуторът на машините в България и в ПП-ДБ?!",Е анита хегерланд,17.04.2026 (пт) 11:53:53,0,3,2026-06-11 23:42:29
mediapool.bg,https://www.mediapool.bg/izbori-2026-cat130.html?page=4,https://www.mediapool.bg/tsirk-pred-mediite-ot-gerb-razglobiha-mashina-za-vota-s-otvertka-tsik-dori-i-taka-nyamate-dostap-do-pametta-news382403.html,"""Цирк пред медиите"". От ГЕРБ разглобиха машина за вота с отвертка. ЦИК: Дори и така нямате достъп до паметта",2026-04-16 18:12:58,,72,СИНЯ БЪЛГАРИЯ #3,полк. Дрангов,17.04.2026 (пт) 11:52:58,0,3,2026-06-11 23:42:29
mediapool.bg,https://www.mediapool.bg/izbori-2026-cat130.html?page=4,https://www.mediapool.bg/tsirk-pred-mediite-ot-gerb-razglobiha-mashina-za-vota-s-otvertka-tsik-dori-i-taka-nyamate-dostap-do-pametta-news382403.html,"""Цирк пред медиите"". От ГЕРБ разглобиха машина за вота с отвертка. ЦИК: Дори и така нямате достъп до паметта",2026-04-16 18:12:58,,70,"Да приемем, че може да се хакне машината. Резултата ще е, че ти примерно гласуваш за ГЕРБ, а се отпечатва бюлетина на която пише друга партия. Вземаш отпечатаната бюлетина и без да погледнеш какво пише на нея я пускаш в урната. За да мине измамата така трябва да направят хиляди избиратели и да не забележат измамата. Трябва да си пълен О*ИГОФРЕН за да вярваш в това, но за ГЕРБ явно хората са такива!",shumnalia,17.04.2026 (пт) 11:05:08,3,1,2026-06-11 23:42:29
mediapool.bg,https://www.mediapool.bg/izbori-2026-cat130.html?page=4,https://www.mediapool.bg/tsirk-pred-mediite-ot-gerb-razglobiha-mashina-za-vota-s-otvertka-tsik-dori-i-taka-nyamate-dostap-do-pametta-news382403.html,"""Цирк пред медиите"". От ГЕРБ разглобиха машина за вота с отвертка. ЦИК: Дори и така нямате достъп до паметта",2026-04-16 18:12:58,,69,"Ха ха ха, точно.",boriana,17.04.2026 (пт) 11:02:41,0,1,2026-06-11 23:42:29
mediapool.bg,https://www.mediapool.bg/izbori-2026-cat130.html?page=4,https://www.mediapool.bg/tsirk-pred-mediite-ot-gerb-razglobiha-mashina-za-vota-s-otvertka-tsik-dori-i-taka-nyamate-dostap-do-pametta-news382403.html,"""Цирк пред медиите"". От ГЕРБ разглобиха машина за вота с отвертка. ЦИК: Дори и така нямате достъп до паметта",2026-04-16 18:12:58,,68,"Като комунистите, силни на провокации и манипулации.",boriana,17.04.2026 (пт) 11:01:08,2,0,2026-06-11 23:42:29
mediapool.bg,https://www.mediapool.bg/izbori-2026-cat130.html?page=4,https://www.mediapool.bg/roiters-bivshiyat-proruski-prezident-na-bulgaria-vodi-v-izbornata-nadprevara-s-antikoruptsionna-platforma-news382400.html,Ройтерс: Бившият проруски президент на България води в изборната надпревара с антикорупционна платформа,2026-04-16 17:13:49,,45,"Аз пак няма да гласувам :/ Радев не знам дали е проруски ,но е логично да дойде на власт проруско правителство :/ Българската прозападна демократична общност не става, след 35 години народа иска промяна :/ Промяна и сближаване с Русия едва ли ще има ,ние сме докарани да с,е в тежест на които и да е съюзник :/",кр,17.04.2026 (пт) 21:35:10,0,0,2026-06-11 23:42:40
mediapool.bg,https://www.mediapool.bg/izbori-2026-cat130.html?page=4,https://www.mediapool.bg/roiters-bivshiyat-proruski-prezident-na-bulgaria-vodi-v-izbornata-nadprevara-s-antikoruptsionna-platforma-news382400.html,Ройтерс: Бившият проруски президент на България води в изборната надпревара с антикорупционна платформа,2026-04-16 17:13:49,,43,За да не ви яхат русофилистиците СИНЯ БЪЛГАРИЯ #3,полк. Дрангов,17.04.2026 (пт) 8:39:28,1,2,2026-06-11 23:42:40
mediapool.bg,https://www.mediapool.bg/izbori-2026-cat130.html?page=4,https://www.mediapool.bg/roiters-bivshiyat-proruski-prezident-na-bulgaria-vodi-v-izbornata-nadprevara-s-antikoruptsionna-platforma-news382400.html,Ройтерс: Бившият проруски президент на България води в изборната надпревара с антикорупционна платформа,2026-04-16 17:13:49,,42,ройтерс да го ду$ха. Това си е чиста проба намеса 2 дена преди изборите отвън.,ozzy70,17.04.2026 (пт) 8:14:57,3,2,2026-06-11 23:42:40
mediapool.bg,https://www.mediapool.bg/izbori-2026-cat130.html?page=4,https://www.mediapool.bg/roiters-bivshiyat-proruski-prezident-na-bulgaria-vodi-v-izbornata-nadprevara-s-antikoruptsionna-platforma-news382400.html,Ройтерс: Бившият проруски президент на България води в изборната надпревара с антикорупционна платформа,2026-04-16 17:13:49,,41,"Проевропейският и процивилизован избор на София винаги е бил прецакван от малоумието на провинцията - от първите свободни избори насам. София произвежда половината БВП на България, тук живеят далеч по-голям висшисти на глава от населението, и т.н... Време е да станем град-държава и да изоставим проазиатската сбирщина да тъне в изпражненията си по колхозен образец. Ако провинциалният плебс отново избере ""спасител"", този път в лицето на Мунчо - проколхозния миризлив зелен чорап, който очевидно се кани да управлява с вГъ3раждане, е време да кажем: ""Да на София, НЕ на България"".",Mushichka,17.04.2026 (пт) 8:14:00,3,3,2026-06-11 23:42:40
mediapool.bg,https://www.mediapool.bg/izbori-2026-cat130.html?page=4,https://www.mediapool.bg/roiters-bivshiyat-proruski-prezident-na-bulgaria-vodi-v-izbornata-nadprevara-s-antikoruptsionna-platforma-news382400.html,Ройтерс: Бившият проруски президент на България води в изборната надпревара с антикорупционна платформа,2026-04-16 17:13:49,,40,"Има някаква грешка. Вероятно Маркет линкс са платили на вестника да публикува това?! Радев нито е проруски, нито води класацията. Той е купен. Все още не знаем кой плаща кампанията му и защо.",Е анита хегерланд,17.04.2026 (пт) 8:08:42,1,2,2026-06-11 23:42:40
mediapool.bg,https://www.mediapool.bg/izbori-2026-cat130.html?page=4,https://www.mediapool.bg/roiters-bivshiyat-proruski-prezident-na-bulgaria-vodi-v-izbornata-nadprevara-s-antikoruptsionna-platforma-news382400.html,Ройтерс: Бившият проруски президент на България води в изборната надпревара с антикорупционна платформа,2026-04-16 17:13:49,,39,"България е ЕС, а не руската тройка БОРИСОВ - РАДЕВ - ПЕЕВСКИ !",Андрей Николов,17.04.2026 (пт) 6:41:15,3,2,2026-06-11 23:42:40
mediapool.bg,https://www.mediapool.bg/izbori-2026-cat130.html?page=4,https://www.mediapool.bg/roiters-bivshiyat-proruski-prezident-na-bulgaria-vodi-v-izbornata-nadprevara-s-antikoruptsionna-platforma-news382400.html,Ройтерс: Бившият проруски президент на България води в изборната надпревара с антикорупционна платформа,2026-04-16 17:13:49,,37,"Българи, за да не се получи да гледаме русофилистици, копейки, мазни комунисти и най-вече педофилскиШарлатани в българското правителство - гласувайте с No7. ;)",Мазен Кумунис,17.04.2026 (пт) 1:34:57,1,7,2026-06-11 23:42:40
mediapool.bg,https://www.mediapool.bg/izbori-2026-cat130.html?page=4,https://www.mediapool.bg/roiters-bivshiyat-proruski-prezident-na-bulgaria-vodi-v-izbornata-nadprevara-s-antikoruptsionna-platforma-news382400.html,Ройтерс: Бившият проруски президент на България води в изборната надпревара с антикорупционна платформа,2026-04-16 17:13:49,,36,Русофилистикът фатмак Рундьо привлече джензитата от протестите на които наивно се надяваха простите и грозни педофилскишарлатани. ;),Мазен Кумунис,16.04.2026 (чт) 22:37:47,2,12,2026-06-11 23:42:40
mediapool.bg,https://www.mediapool.bg/izbori-2026-cat130.html?page=4,https://www.mediapool.bg/koalitsionnata-matematika-na-gerb-ne-za-prodalzhavame-promyanata-i-zashto-ne-za-progresivna-bulgaria-news382399.html,"Коалиционната математика на ГЕРБ: ""Не"" за ""Продължаваме промяната"" и ""защо не"" за ""Прогресивна България""",2026-04-16 17:03:29,,23,"Когато дясното в България е окупирано от идиоти като гербаджиите, така ще е. Значи ППДБ са лява партия, а Прогресивна България - не са. То само името им го казва, а Радев освен че го издигнаха комунистите, винаги е бил откровено ляв. Пълна разруха очаква България ако той се задържи по-дълго във властта. Дори и да не крадат, а те идват, за да крадат, само левите им политики са достатъчни да ни върнат години назад.",Н. Петров,17.04.2026 (пт) 11:47:27,0,0,2026-06-11 23:42:50
mediapool.bg,https://www.mediapool.bg/izbori-2026-cat130.html?page=4,https://www.mediapool.bg/koalitsionnata-matematika-na-gerb-ne-za-prodalzhavame-promyanata-i-zashto-ne-za-progresivna-bulgaria-news382399.html,"Коалиционната математика на ГЕРБ: ""Не"" за ""Продължаваме промяната"" и ""защо не"" за ""Прогресивна България""",2026-04-16 17:03:29,,22,"Всички срещу Радев! Симпатизантите на ПП - ДБ, ГЕРБ-СДС, ДПС са ориентирани към ЕС и НАТО и я ат кво да делят! Обединете се около НОВА ДЯСНА ПАРТИЯ - СИНЯ БЪЛГАРИЯ! #3",полк. Дрангов,17.04.2026 (пт) 9:25:39,0,1,2026-06-11 23:42:50
mediapool.bg,https://www.mediapool.bg/izbori-2026-cat130.html?page=4,https://www.mediapool.bg/koalitsionnata-matematika-na-gerb-ne-za-prodalzhavame-promyanata-i-zashto-ne-za-progresivna-bulgaria-news382399.html,"Коалиционната математика на ГЕРБ: ""Не"" за ""Продължаваме промяната"" и ""защо не"" за ""Прогресивна България""",2026-04-16 17:03:29,,21,"Проевропейският и процивилизован избор на София винаги е бил прецакван от малоумието на провинцията - от първите свободни избори насам. София произвежда половината БВП на България, тук живеят далеч по-голям висшисти на глава от населението, и т.н... Време е да станем град-държава и да изоставим проазиатската сбирщина да тъне в изпражненията си по колхозен образец. Ако провинциалният плебс отново избере ""спасител"", този път в лицето на Мунчо - проколхозния миризлив зелен чорап, който очевидно се кани да управлява с вГъ3раждане, е време да кажем: ""Да на София, НЕ на България"".",Mushichka,17.04.2026 (пт) 8:15:54,2,0,2026-06-11 23:42:50
mediapool.bg,https://www.mediapool.bg/izbori-2026-cat130.html?page=4,https://www.mediapool.bg/koalitsionnata-matematika-na-gerb-ne-za-prodalzhavame-promyanata-i-zashto-ne-za-progresivna-bulgaria-news382399.html,"Коалиционната математика на ГЕРБ: ""Не"" за ""Продължаваме промяната"" и ""защо не"" за ""Прогресивна България""",2026-04-16 17:03:29,,20,Няма пък да гласувам за свинемутра.:)),valentinа паumova,16.04.2026 (чт) 23:41:48,3,0,2026-06-11 23:42:50
mediapool.bg,https://www.mediapool.bg/izbori-2026-cat130.html?page=4,https://www.mediapool.bg/koalitsionnata-matematika-na-gerb-ne-za-prodalzhavame-promyanata-i-zashto-ne-za-progresivna-bulgaria-news382399.html,"Коалиционната математика на ГЕРБ: ""Не"" за ""Продължаваме промяната"" и ""защо не"" за ""Прогресивна България""",2026-04-16 17:03:29,,19,"Първо, не съм "" петрохански сектант"" :). Тази измислица на комуно-мутро-ченгесарницата е ""достоен"" принос към всички активни мероприятия за оклепване и омаскаряване на демократите, на които се нагледахме в българския преход. Второ, желаната от вас, рашистите, "" Задунайская губерния"", е напълно възможна, ако ""сектантите"" в България ( от самото начало на Прехода така комуноченгесарницата наричаше всяка демократична формация) не й се противопоставяха. Трето, постановката, …Прочети целия коментар че някой е "" отроче"" на комунистическа номенклатура, и по тази причина трябва да се гласува за автентичен и в лично качество комунирашист е абсолютно фалшива дилема. ПП. Все пак, светът ( дори българският свят) върви напред към Запада, а не назад към феодалнодеспотична отживелица като Путинова Русия. :)",valentinа паumova,16.04.2026 (чт) 23:31:51,3,0,2026-06-11 23:42:50
mediapool.bg,https://www.mediapool.bg/izbori-2026-cat130.html?page=4,https://www.mediapool.bg/koalitsionnata-matematika-na-gerb-ne-za-prodalzhavame-promyanata-i-zashto-ne-za-progresivna-bulgaria-news382399.html,"Коалиционната математика на ГЕРБ: ""Не"" за ""Продължаваме промяната"" и ""защо не"" за ""Прогресивна България""",2026-04-16 17:03:29,,18,"Българи, за да не се получи да гледаме русофилистици, турци, копейки, мазни комунисти и най-вече педофилскиШарлатани в българското правителство - гласувайте с No15. ;)",Мазен Кумунис,16.04.2026 (чт) 23:06:15,0,4,2026-06-11 23:42:50
mediapool.bg,https://www.mediapool.bg/izbori-2026-cat130.html?page=4,https://www.mediapool.bg/koalitsionnata-matematika-na-gerb-ne-za-prodalzhavame-promyanata-i-zashto-ne-za-progresivna-bulgaria-news382399.html,"Коалиционната математика на ГЕРБ: ""Не"" за ""Продължаваме промяната"" и ""защо не"" за ""Прогресивна България""",2026-04-16 17:03:29,,17,"Склонността на петроханските сектанти да представяте желаното за действително, буди единствено съжаление. Апропо , ако сте се загрижили за комунистическата номенклатура, просто се вгледайте във Васко Маслото , Прокопиев, Ристю Бойкикев, Дремджиев, Иво Инджев , Кръстев , Дайнов и т. н , и т. н отрочета на комунистическата номенклатура и доносници на ДС.. Създателите на разГрадската "" десница"" , видни функционери на кръга "" Арго"".",Sion,16.04.2026 (чт) 21:54:35,1,6,2026-06-11 23:42:50
mediapool.bg,https://www.mediapool.bg/izbori-2026-cat130.html?page=4,https://www.mediapool.bg/koalitsionnata-matematika-na-gerb-ne-za-prodalzhavame-promyanata-i-zashto-ne-za-progresivna-bulgaria-news382399.html,"Коалиционната математика на ГЕРБ: ""Не"" за ""Продължаваме промяната"" и ""защо не"" за ""Прогресивна България""",2026-04-16 17:03:29,,16,"Валентина, уважаема, комнитите Ви са пърфект! Добавям едно: Гласуваме за ППДБ и ""Синя България""! Всичко останало е газене в задунайко-лубянко-ГРУ гавняньски минни /въйбирательни/ полета! И отново призовавам МЛАДИТЕ европейски, образовани и бачкащи, ГРАЖДАНИ в страната ни: Ако не отидете до гласоподавателните секции, ОНИ ше придърпат иляди-иляди замаяни пенцьонери, бузести ""бизнесменьи и чиновники"", ""роми"", па и клошарете от казанете, дет са вика, и ... пак ше ни сделать задунайкоОФски ПарлареМЕНТУМ?... Баста!!!",Ощавен маркиз,16.04.2026 (чт) 20:53:35,5,0,2026-06-11 23:42:50
mediapool.bg,https://www.mediapool.bg/izbori-2026-cat130.html?page=4,https://www.mediapool.bg/koalitsionnata-matematika-na-gerb-ne-za-prodalzhavame-promyanata-i-zashto-ne-za-progresivna-bulgaria-news382399.html,"Коалиционната математика на ГЕРБ: ""Не"" за ""Продължаваме промяната"" и ""защо не"" за ""Прогресивна България""",2026-04-16 17:03:29,,15,"Тиквите се усукват около мунчо, след като той и преди малко ги напсува, и са готови да му полегнат в скута.",мунчо в затвора!,16.04.2026 (чт) 20:35:32,5,3,2026-06-11 23:42:50
mediapool.bg,https://www.mediapool.bg/izbori-2026-cat130.html?page=4,https://www.mediapool.bg/koalitsionnata-matematika-na-gerb-ne-za-prodalzhavame-promyanata-i-zashto-ne-za-progresivna-bulgaria-news382399.html,"Коалиционната математика на ГЕРБ: ""Не"" за ""Продължаваме промяната"" и ""защо не"" за ""Прогресивна България""",2026-04-16 17:03:29,,14,"Гербаджиите са всеядни, защото за тях властта е крайна цел, а не средство.",sloth,16.04.2026 (чт) 20:20:26,7,1,2026-06-11 23:42:50
mediapool.bg,https://www.mediapool.bg/izbori-2026-cat130.html?page=5,https://www.mediapool.bg/market-links-radev-s-dvutsifrena-prednina-pred-gerb-5-partii-vlizat-v-parlamenta-news382377.html,"""Маркет линкс"": Радев с двуцифрена преднина пред ГЕРБ, 5 партии влизат в парламента",2026-04-16 09:17:09,,66,"интересно и удовлетворително е на дъното на ""класацията"" - бЭсЭпЭ изпада със ""слаб 2"", а итЭнЭ вече са . . . мъртвец от миналото - нЕма ги (((((-:",Bлaдo,16.04.2026 (чт) 19:18:59,4,1,2026-06-11 23:43:02
mediapool.bg,https://www.mediapool.bg/izbori-2026-cat130.html?page=5,https://www.mediapool.bg/market-links-radev-s-dvutsifrena-prednina-pred-gerb-5-partii-vlizat-v-parlamenta-news382377.html,"""Маркет линкс"": Радев с двуцифрена преднина пред ГЕРБ, 5 партии влизат в парламента",2026-04-16 09:17:09,,64,"Xa-xa, браво, колежке - че може да са, ""Доброго вечора, ми з УкраIни"", ония едричките момчета на ГУР, дето са като усмихнати мечета:) А по темата - прави впечатление, че от неделя, когато унгарците наритаха витя орбанович, рундю БОТАША смени наратива. За 1 нощ стана топ атлантик, натовец, европеец, настаяшчий патрЭот и даже вече клоуните му (разни гълъби и славеи) признават че раZия прави лоши работи в Украйна и по света. С половин уста де! Ти да видиш! Дали ганю ще им се върже?",ПyтлЭр Xyйло,16.04.2026 (чт) 17:27:10,13,2,2026-06-11 23:43:02
mediapool.bg,https://www.mediapool.bg/izbori-2026-cat130.html?page=5,https://www.mediapool.bg/market-links-radev-s-dvutsifrena-prednina-pred-gerb-5-partii-vlizat-v-parlamenta-news382377.html,"""Маркет линкс"": Радев с двуцифрена преднина пред ГЕРБ, 5 партии влизат в парламента",2026-04-16 09:17:09,,63,Чий е Радев? - Ами руски агент къв да е!,полк. Дрангов,16.04.2026 (чт) 15:29:48,4,5,2026-06-11 23:43:02
mediapool.bg,https://www.mediapool.bg/izbori-2026-cat130.html?page=5,https://www.mediapool.bg/market-links-radev-s-dvutsifrena-prednina-pred-gerb-5-partii-vlizat-v-parlamenta-news382377.html,"""Маркет линкс"": Радев с двуцифрена преднина пред ГЕРБ, 5 партии влизат в парламента",2026-04-16 09:17:09,,61,"Коалиция между ПБ и Възраждане е нещо добро . Естествена е , а има и потенциал .",ефрейтора,16.04.2026 (чт) 15:03:14,1,13,2026-06-11 23:43:02
mediapool.bg,https://www.mediapool.bg/izbori-2026-cat130.html?page=5,https://www.mediapool.bg/market-links-radev-s-dvutsifrena-prednina-pred-gerb-5-partii-vlizat-v-parlamenta-news382377.html,"""Маркет линкс"": Радев с двуцифрена преднина пред ГЕРБ, 5 партии влизат в парламента",2026-04-16 09:17:09,,60,"Ако след парламентарните избори на 19 април не бъде съставено правителство, страната може да се изправи пред нов предсрочен вот още през лятото или най-късно през есента. Процедурата за това е описана в Конституция на Република България и започва след свикването на новия парламент и връчването на трите последователни мандата за съставяне на кабинет. След обявяване на окончателните резултати президентът трябва да свика новото Народно събрание в срок до един месец. След това държавният глава започва …Прочети целия коментар консултации и връчва първия проучвателен мандат на най-голямата парламентарна група. Ако тя не успее да предложи правителство, мандатът се връчва на втората по големина партия. При неуспех президентът дава трети мандат на парламентарна сила по свой избор. Ако и третият опит се провали, парламентът се разпуска, назначава се служебен кабинет и се насрочват нови избори.",сол,16.04.2026 (чт) 14:48:27,8,0,2026-06-11 23:43:02
mediapool.bg,https://www.mediapool.bg/izbori-2026-cat130.html?page=5,https://www.mediapool.bg/market-links-radev-s-dvutsifrena-prednina-pred-gerb-5-partii-vlizat-v-parlamenta-news382377.html,"""Маркет линкс"": Радев с двуцифрена преднина пред ГЕРБ, 5 партии влизат в парламента",2026-04-16 09:17:09,,58,+++++!,Кая,16.04.2026 (чт) 14:39:43,6,2,2026-06-11 23:43:02
mediapool.bg,https://www.mediapool.bg/izbori-2026-cat130.html?page=5,https://www.mediapool.bg/30-kandidat-deputati-sa-dadeni-na-prokuror-za-izborni-prestapleniya-news382373.html,30 кандидат-депутати са дадени на прокурор за изборни престъпления,2026-04-16 07:17:07,,23,Гюро давай тези 20 Ев че иначе ще гласувам за Пеевски!,полк. Дрангов,16.04.2026 (чт) 15:33:48,0,3,2026-06-11 23:43:13
mediapool.bg,https://www.mediapool.bg/izbori-2026-cat130.html?page=5,https://www.mediapool.bg/30-kandidat-deputati-sa-dadeni-na-prokuror-za-izborni-prestapleniya-news382373.html,30 кандидат-депутати са дадени на прокурор за изборни престъпления,2026-04-16 07:17:07,,22,"Тридесет преписки за имунитети си е пара за завиждане. Дай, Боже всекиму! Без особено напрягане ЗеЛетата- заинтересованите лица ще папнат за загрявка преди касацията поне 2000000 левчета или евраци.Без риск,без проверки,без....Огромна поквара!",u9285467336,16.04.2026 (чт) 14:00:57,0,2,2026-06-11 23:43:13
mediapool.bg,https://www.mediapool.bg/izbori-2026-cat130.html?page=5,https://www.mediapool.bg/30-kandidat-deputati-sa-dadeni-na-prokuror-za-izborni-prestapleniya-news382373.html,30 кандидат-депутати са дадени на прокурор за изборни престъпления,2026-04-16 07:17:07,,20,Е виж колко минуси имаш.Минусчиите са пефили.За кой друг да гласуват?,Taormina,16.04.2026 (чт) 12:49:45,1,3,2026-06-11 23:43:13
mediapool.bg,https://www.mediapool.bg/izbori-2026-cat130.html?page=5,https://www.mediapool.bg/30-kandidat-deputati-sa-dadeni-na-prokuror-za-izborni-prestapleniya-news382373.html,30 кандидат-депутати са дадени на прокурор за изборни престъпления,2026-04-16 07:17:07,,19,"Аз пък казвам същото за Рундьо.Противен,сух,злобен,никаква харизма.",Taormina,16.04.2026 (чт) 12:46:55,4,2,2026-06-11 23:43:13
mediapool.bg,https://www.mediapool.bg/izbori-2026-cat130.html?page=5,https://www.mediapool.bg/30-kandidat-deputati-sa-dadeni-na-prokuror-za-izborni-prestapleniya-news382373.html,30 кандидат-депутати са дадени на прокурор за изборни престъпления,2026-04-16 07:17:07,,18,Неам двайсе. Дават ми банкноти по 25 и 30 ойро. Нямало други в банковия клон на село.,Poro,16.04.2026 (чт) 12:30:05,3,4,2026-06-11 23:43:13
mediapool.bg,https://www.mediapool.bg/izbori-2026-cat130.html?page=5,https://www.mediapool.bg/30-kandidat-deputati-sa-dadeni-na-prokuror-za-izborni-prestapleniya-news382373.html,30 кандидат-депутати са дадени на прокурор за изборни престъпления,2026-04-16 07:17:07,,17,"Аре бе Гюро, давай тия 20 Ев. та да гласуваме за ПП-Дебилите, иначе СИНЯ БЪЛГАРИЯ #3!",полк. Дрангов,16.04.2026 (чт) 11:38:16,1,9,2026-06-11 23:43:13
mediapool.bg,https://www.mediapool.bg/izbori-2026-cat130.html?page=5,https://www.mediapool.bg/30-kandidat-deputati-sa-dadeni-na-prokuror-za-izborni-prestapleniya-news382373.html,30 кандидат-депутати са дадени на прокурор за изборни престъпления,2026-04-16 07:17:07,,15,"ПедофилскиШарлатани, изборите идват! Треперите ли?! Сега при загубата кой ще ви е виновен? Докторът на науките Бойко Велики пак ще ви ""бие"". ;)",Мазен Кумунис,16.04.2026 (чт) 11:02:04,2,9,2026-06-11 23:43:13
mediapool.bg,https://www.mediapool.bg/izbori-2026-cat130.html?page=5,https://www.mediapool.bg/dvama-obshtinski-savetnitsi-ot-septemvri-sa-zadarzhani-za-kupuvane-na-glasove-news382339.html,Двама общински съветници от Септември са задържани за купуване на гласове,2026-04-15 13:56:45,,8,"Българи, за да не се получи да гледаме русофилистици, турци, копейки, мазни комунисти и най-вече педофилскиШарлатани в българското правителство - гласувайте с No15. ;)",Мазен Кумунис,16.04.2026 (чт) 1:41:43,3,11,2026-06-11 23:43:14
mediapool.bg,https://www.mediapool.bg/izbori-2026-cat130.html?page=5,https://www.mediapool.bg/dvama-obshtinski-savetnitsi-ot-septemvri-sa-zadarzhani-za-kupuvane-na-glasove-news382339.html,Двама общински съветници от Септември са задържани за купуване на гласове,2026-04-15 13:56:45,,7,"ПедофилскиШарлатани, изборите идват! Треперите ли?! Сега при загубата кой ще ви е виновен? Докторът на науките Бойко Велики пак ще ви ""бие"". ;)",Мазен Кумунис,15.04.2026 (ср) 21:21:48,3,12,2026-06-11 23:43:14
mediapool.bg,https://www.mediapool.bg/izbori-2026-cat130.html?page=5,https://www.mediapool.bg/dvama-obshtinski-savetnitsi-ot-septemvri-sa-zadarzhani-za-kupuvane-na-glasove-news382339.html,Двама общински съветници от Септември са задържани за купуване на гласове,2026-04-15 13:56:45,,5,ГЕРБ ще имат 37 депутата. Точно колкото предрече Делян Добрев.,Един препатил,15.04.2026 (ср) 15:39:11,14,0,2026-06-11 23:43:14
mediapool.bg,https://www.mediapool.bg/izbori-2026-cat130.html?page=5,https://www.mediapool.bg/dvama-obshtinski-savetnitsi-ot-septemvri-sa-zadarzhani-za-kupuvane-na-glasove-news382339.html,Двама общински съветници от Септември са задържани за купуване на гласове,2026-04-15 13:56:45,,4,Тия двамата са от педошарлатаните! ;),Мазен Кумунис,15.04.2026 (ср) 15:20:07,2,14,2026-06-11 23:43:14
mediapool.bg,https://www.mediapool.bg/izbori-2026-cat130.html?page=5,https://www.mediapool.bg/dvama-obshtinski-savetnitsi-ot-septemvri-sa-zadarzhani-za-kupuvane-na-glasove-news382339.html,Двама общински съветници от Септември са задържани за купуване на гласове,2026-04-15 13:56:45,,3,Сериозно?Тия двама талибани??,мунчо в затвора!,15.04.2026 (ср) 15:02:46,2,13,2026-06-11 23:43:14
mediapool.bg,https://www.mediapool.bg/izbori-2026-cat130.html?page=5,https://www.mediapool.bg/dvama-obshtinski-savetnitsi-ot-septemvri-sa-zadarzhani-za-kupuvane-na-glasove-news382339.html,Двама общински съветници от Септември са задържани за купуване на гласове,2026-04-15 13:56:45,,2,"Напразни са опитите на гестаповците да ударят Шиши.Днес излязоха резултатите на Центъра за изследване на демокрацията, според които ДПС ще има 31 депутати,а ППДБ - 34, но Шиши ще бие на финала.А ГЕРБ ще е с 55, 20 повече от пуделите.",мунчо в затвора!,15.04.2026 (ср) 15:01:54,1,15,2026-06-11 23:43:14
mediapool.bg,https://www.mediapool.bg/izbori-2026-cat130.html?page=5,https://www.mediapool.bg/dvama-obshtinski-savetnitsi-ot-septemvri-sa-zadarzhani-za-kupuvane-na-glasove-news382339.html,Двама общински съветници от Септември са задържани за купуване на гласове,2026-04-15 13:56:45,,1,Браво!!! Кандев-Дечев е кошмарът на Пеевски и Борисов.,nikolovaleksandar1988,15.04.2026 (ср) 14:31:23,15,2,2026-06-11 23:43:14
mediapool.bg,https://www.mediapool.bg/izbori-2026-cat130.html?page=5,https://www.mediapool.bg/premierat-ogromna-suma-falshivo-evro-shte-bade-izpolzvana-za-kupuvane-na-glasove-news382337.html,Премиерът: Огромна сума фалшиво евро ще бъде използвана за купуване на гласове,2026-04-15 12:38:37,,14,"Аре бе Гюро, давай тия 20 Ев. да гласуваме за ПП-Дебилите иначе СИНЯ БЪЛГАРИЯ #3!",полк. Дрангов,16.04.2026 (чт) 11:36:35,0,1,2026-06-11 23:43:24
mediapool.bg,https://www.mediapool.bg/izbori-2026-cat130.html?page=5,https://www.mediapool.bg/premierat-ogromna-suma-falshivo-evro-shte-bade-izpolzvana-za-kupuvane-na-glasove-news382337.html,Премиерът: Огромна сума фалшиво евро ще бъде използвана за купуване на гласове,2026-04-15 12:38:37,,13,Без пари. Кой ще даде пари за вас. Нищо не струвате.,vlatkyn,16.04.2026 (чт) 2:05:05,1,9,2026-06-11 23:43:24
mediapool.bg,https://www.mediapool.bg/izbori-2026-cat130.html?page=5,https://www.mediapool.bg/premierat-ogromna-suma-falshivo-evro-shte-bade-izpolzvana-za-kupuvane-na-glasove-news382337.html,Премиерът: Огромна сума фалшиво евро ще бъде използвана за купуване на гласове,2026-04-15 12:38:37,,12,"ПедофилскиШарлатани, изборите идват! Треперите ли?! Сега при загубата кой ще ви е виновен? Докторът на науките Бойко Велики пак ще ви ""бие"". ;)",Мазен Кумунис,15.04.2026 (ср) 21:24:56,2,17,2026-06-11 23:43:24
mediapool.bg,https://www.mediapool.bg/izbori-2026-cat130.html?page=5,https://www.mediapool.bg/premierat-ogromna-suma-falshivo-evro-shte-bade-izpolzvana-za-kupuvane-na-glasove-news382337.html,Премиерът: Огромна сума фалшиво евро ще бъде използвана за купуване на гласове,2026-04-15 12:38:37,,11,Апел към купувачите да си вземат тестери за банкноти !,Тихомир Томов,15.04.2026 (ср) 21:11:14,2,3,2026-06-11 23:43:24
mediapool.bg,https://www.mediapool.bg/izbori-2026-cat130.html?page=5,https://www.mediapool.bg/premierat-ogromna-suma-falshivo-evro-shte-bade-izpolzvana-za-kupuvane-na-glasove-news382337.html,Премиерът: Огромна сума фалшиво евро ще бъде използвана за купуване на гласове,2026-04-15 12:38:37,,10,"Горките шарлатани! Родиха се под юмручето на русофилистика Рундьо, коленичиха му и крещяха: Ти си нашият президент! А русофилистикът крещеше: Мутри вън! И всички вкупом се ужасяваха от доктора на науките Бойко Велики! Бащата осъзна, че децата му са глупаци и ги нарече шарлатани. А те, децата му, след като гласуваха за него го зарязаха и се отрекоха. Но нещастието никога не идва само - сега към кошмарът им Бойко Велики идва и Прасчо Магнитски! ...... Горките шарлатани! ;)",Мазен Кумунис,15.04.2026 (ср) 17:28:12,1,18,2026-06-11 23:43:24
mediapool.bg,https://www.mediapool.bg/izbori-2026-cat130.html?page=5,https://www.mediapool.bg/premierat-ogromna-suma-falshivo-evro-shte-bade-izpolzvana-za-kupuvane-na-glasove-news382337.html,Премиерът: Огромна сума фалшиво евро ще бъде използвана за купуване на гласове,2026-04-15 12:38:37,,9,"Както казват по Испанско, ""у tu mama tambien""-в смисъл и на продавачите, и на купувачите. Може и в обща килия, на белот, домино и укрепване връзките и сближаване.",ПyтлЭр Xyйло,15.04.2026 (ср) 17:16:08,13,2,2026-06-11 23:43:24
mediapool.bg,https://www.mediapool.bg/izbori-2026-cat130.html?page=5,https://www.mediapool.bg/premierat-ogromna-suma-falshivo-evro-shte-bade-izpolzvana-za-kupuvane-na-glasove-news382337.html,Премиерът: Огромна сума фалшиво евро ще бъде използвана за купуване на гласове,2026-04-15 12:38:37,,8,Сламеният нелигитимен шарлатански премиер! ;),Мазен Кумунис,15.04.2026 (ср) 15:24:22,1,21,2026-06-11 23:43:24
mediapool.bg,https://www.mediapool.bg/izbori-2026-cat130.html?page=5,https://www.mediapool.bg/premierat-ogromna-suma-falshivo-evro-shte-bade-izpolzvana-za-kupuvane-na-glasove-news382337.html,Премиерът: Огромна сума фалшиво евро ще бъде използвана за купуване на гласове,2026-04-15 12:38:37,,7,"Ако го знае наистина, защо не ги е хванал. Той на телефона ли стои?! Оттам ли управлява?!",Е анита хегерланд,15.04.2026 (ср) 15:02:43,0,19,2026-06-11 23:43:24
mediapool.bg,https://www.mediapool.bg/izbori-2026-cat130.html?page=5,https://www.mediapool.bg/premierat-ogromna-suma-falshivo-evro-shte-bade-izpolzvana-za-kupuvane-na-glasove-news382337.html,Премиерът: Огромна сума фалшиво евро ще бъде използвана за купуване на гласове,2026-04-15 12:38:37,,6,"Напъни си мозъчната клетка и ще се сетиш, че не всички схеми могат да бъдат пресечени. Досега хванаха много купувачи на гласове. Някои бяха с фалшиви пари. Даже разбиха една печатница за фалшиви пари в Румъния в кооперация с румънските власти.",Дидo,15.04.2026 (ср) 15:01:29,17,2,2026-06-11 23:43:24
mediapool.bg,https://www.mediapool.bg/izbori-2026-cat130.html?page=5,https://www.mediapool.bg/premierat-ogromna-suma-falshivo-evro-shte-bade-izpolzvana-za-kupuvane-na-glasove-news382337.html,Премиерът: Огромна сума фалшиво евро ще бъде използвана за купуване на гласове,2026-04-15 12:38:37,,5,"""Премиерът: Огромна сума фалшиво евро ще бъде използвана за купуване на гласове"" Да разбирам, че тази сума ще бъде осигурена от Това правителство? Щото да знаят и да не предприемат нищо срещу явни престъпления, си е също престъпление.",Danko,15.04.2026 (ср) 13:45:39,2,21,2026-06-11 23:43:24
mediapool.bg,https://www.mediapool.bg/izbori-2026-cat130.html?page=5,https://www.mediapool.bg/gerb-nyama-da-se-koalira-s-peevski-pp-db-s-borisov-a-horata-na-radev-malchat-za-krim-news382334.html,"ГЕРБ няма да се коалира с Пеевски, ПП-ДБ – с Борисов, а хората на Радев мълчат за Крим",2026-04-15 11:24:29,,35,"ГЕРБ и НН на Корумпето Прасе Пеевски са силно токсични, по глобалния закон Магнитски са заклеймени корупционни партии. Пеевски и Горанов са със забрана да влизат в САЩ и Великобритания. Т.н. Прокуратура държи чадър над тях.",CK,16.04.2026 (чт) 9:56:24,3,0,2026-06-11 23:43:35
mediapool.bg,https://www.mediapool.bg/izbori-2026-cat130.html?page=5,https://www.mediapool.bg/gerb-nyama-da-se-koalira-s-peevski-pp-db-s-borisov-a-horata-na-radev-malchat-za-krim-news382334.html,"ГЕРБ няма да се коалира с Пеевски, ПП-ДБ – с Борисов, а хората на Радев мълчат за Крим",2026-04-15 11:24:29,,34,Мазняк - в горния клип твоя кашпировски - т.е. езуита Дончев - дето като теб дрънка без да мисли - казва че свинкята ти го е набутал по неволя - Ясно - затова напоследък съвсем си се разтекъл отдолЭ ...,Entdecken,16.04.2026 (чт) 9:10:05,6,0,2026-06-11 23:43:35
mediapool.bg,https://www.mediapool.bg/izbori-2026-cat130.html?page=5,https://www.mediapool.bg/gerb-nyama-da-se-koalira-s-peevski-pp-db-s-borisov-a-horata-na-radev-malchat-za-krim-news382334.html,"ГЕРБ няма да се коалира с Пеевски, ПП-ДБ – с Борисов, а хората на Радев мълчат за Крим",2026-04-15 11:24:29,,33,"Никога няма да се научим, народът е много тъп ( прост).",vlatkyn,16.04.2026 (чт) 2:12:39,0,6,2026-06-11 23:43:35
mediapool.bg,https://www.mediapool.bg/izbori-2026-cat130.html?page=5,https://www.mediapool.bg/gerb-nyama-da-se-koalira-s-peevski-pp-db-s-borisov-a-horata-na-radev-malchat-za-krim-news382334.html,"ГЕРБ няма да се коалира с Пеевски, ПП-ДБ – с Борисов, а хората на Радев мълчат за Крим",2026-04-15 11:24:29,,32,"ПедофилскиШарлатани, изборите идват! Треперите ли?! Сега при загубата кой ще ви е виновен? Докторът на науките Бойко Велики пак ще ви ""бие"". ;)",Мазен Кумунис,15.04.2026 (ср) 21:25:20,1,16,2026-06-11 23:43:35
mediapool.bg,https://www.mediapool.bg/izbori-2026-cat130.html?page=5,https://www.mediapool.bg/gerb-nyama-da-se-koalira-s-peevski-pp-db-s-borisov-a-horata-na-radev-malchat-za-krim-news382334.html,"ГЕРБ няма да се коалира с Пеевски, ПП-ДБ – с Борисов, а хората на Радев мълчат за Крим",2026-04-15 11:24:29,,31,"След изборите куплетите ще са други--- отговорност пред Страната, войните наоколо и т.н !",Тихомир Томов,15.04.2026 (ср) 21:15:10,0,9,2026-06-11 23:43:35
mediapool.bg,https://www.mediapool.bg/izbori-2026-cat130.html?page=5,https://www.mediapool.bg/gerb-nyama-da-se-koalira-s-peevski-pp-db-s-borisov-a-horata-na-radev-malchat-za-krim-news382334.html,"ГЕРБ няма да се коалира с Пеевски, ПП-ДБ – с Борисов, а хората на Радев мълчат за Крим",2026-04-15 11:24:29,,30,"Зпомнете, че хора като субект ""10"" и подобни нему, се хранят от вашата социална апатия. Не прехвърлайте личната си отговорност като граждани, на някой друг. В неделя (19 април), отидете до урните и изпълнете гражданското си задължение, за една нормална, европейска България. Алтернативи няма - унгарците вече го показаха.",Rolo Tomassi,15.04.2026 (ср) 19:08:16,17,0,2026-06-11 23:43:35
mediapool.bg,https://www.mediapool.bg/izbori-2026-cat130.html?page=5,https://www.mediapool.bg/gerb-nyama-da-se-koalira-s-peevski-pp-db-s-borisov-a-horata-na-radev-malchat-za-krim-news382334.html,"ГЕРБ няма да се коалира с Пеевски, ПП-ДБ – с Борисов, а хората на Радев мълчат за Крим",2026-04-15 11:24:29,,29,"Ех, народе! Подлъга се по Сакскобургодки, после по Борисов, после дори по Слави Трифонов. Сега пък и Румен Радев. Дали някога ще се научим?",Николай Иванов,15.04.2026 (ср) 18:15:30,18,2,2026-06-11 23:43:35
mediapool.bg,https://www.mediapool.bg/izbori-2026-cat130.html?page=5,https://www.mediapool.bg/gerb-nyama-da-se-koalira-s-peevski-pp-db-s-borisov-a-horata-na-radev-malchat-za-krim-news382334.html,"ГЕРБ няма да се коалира с Пеевски, ПП-ДБ – с Борисов, а хората на Радев мълчат за Крим",2026-04-15 11:24:29,,28,"Българи, гласувайте! Гласувайте за всеки друг, но не и за мазните педофилскишарлатани. ;)",Мазен Кумунис,15.04.2026 (ср) 17:29:27,0,18,2026-06-11 23:43:35
mediapool.bg,https://www.mediapool.bg/izbori-2026-cat130.html?page=5,https://www.mediapool.bg/gerb-nyama-da-se-koalira-s-peevski-pp-db-s-borisov-a-horata-na-radev-malchat-za-krim-news382334.html,"ГЕРБ няма да се коалира с Пеевски, ПП-ДБ – с Борисов, а хората на Радев мълчат за Крим",2026-04-15 11:24:29,,26,"Остава все още въпросът ще помогне ли ППДБ на и*зрода мунчо да вземе властта.Макар че са твърдо зад Украйна, те допускат съвместно управление с путинския отпадък мунчо, вместо да заявят, че никога няма да се доближат до него.",мунчо в затвора!,15.04.2026 (ср) 15:30:41,3,15,2026-06-11 23:43:35
mediapool.bg,https://www.mediapool.bg/izbori-2026-cat130.html?page=5,https://www.mediapool.bg/prokuraturata-proveryava-signal-za-kupuvane-na-glasove-svarzan-s-daniel-parushev-ot-formatsiyata-na-radev-news382311.html,"Прокуратурата проверява сигнал за купуване на гласове, свързан с Даниел Парушев от формацията на Радев",2026-04-14 14:55:55,,17,"Унгарците свалиха руския шинел,дано ние не го облечем.На 19април,номер 15!!! (Цитат от фейсбука на А.Йорданов)",Taormina,15.04.2026 (ср) 9:27:12,2,3,2026-06-11 23:43:46
mediapool.bg,https://www.mediapool.bg/izbori-2026-cat130.html?page=5,https://www.mediapool.bg/prokuraturata-proveryava-signal-za-kupuvane-na-glasove-svarzan-s-daniel-parushev-ot-formatsiyata-na-radev-news382311.html,"Прокуратурата проверява сигнал за купуване на гласове, свързан с Даниел Парушев от формацията на Радев",2026-04-14 14:55:55,,16,"В соц-медиите ""Крим е руски - къв да е?!"" имал вече над 9 милиона последователи - КГБ нещо пак са издънили защото това се лепи на гърба на техния КГБ-агент - помагач на другите големи КГБ агенти у нас - тиквата и свинкята, като за правата на последния рускинята Елена Йончева дори се застъпила пред Европейската Комисия че тук му пречели да купува гласове - Такива ми ти ваатнишки изцепки!",Entdecken,15.04.2026 (ср) 8:31:35,4,0,2026-06-11 23:43:46
mediapool.bg,https://www.mediapool.bg/izbori-2026-cat130.html?page=5,https://www.mediapool.bg/prokuraturata-proveryava-signal-za-kupuvane-na-glasove-svarzan-s-daniel-parushev-ot-formatsiyata-na-radev-news382311.html,"Прокуратурата проверява сигнал за купуване на гласове, свързан с Даниел Парушев от формацията на Радев",2026-04-14 14:55:55,,15,Чий е Радев? - Ами руски агент къв да е! Руските пари се харчат за купуване гласовете на глупаците!,полк. Дрангов,15.04.2026 (ср) 8:15:38,4,0,2026-06-11 23:43:46
mediapool.bg,https://www.mediapool.bg/izbori-2026-cat130.html?page=5,https://www.mediapool.bg/prokuraturata-proveryava-signal-za-kupuvane-na-glasove-svarzan-s-daniel-parushev-ot-formatsiyata-na-radev-news382311.html,"Прокуратурата проверява сигнал за купуване на гласове, свързан с Даниел Парушев от формацията на Радев",2026-04-14 14:55:55,,14,Т. нар. партия на Радев ще е новото ИТН. Колекция абсолютно случайни хора със същите начални претенции за борба с олигархията и копрупцията и с абсолютно предивидими резултати. Единствено спонсорите на формацията не са същите...,sloth,15.04.2026 (ср) 3:04:04,6,0,2026-06-11 23:43:46
mediapool.bg,https://www.mediapool.bg/izbori-2026-cat130.html?page=5,https://www.mediapool.bg/prokuraturata-proveryava-signal-za-kupuvane-na-glasove-svarzan-s-daniel-parushev-ot-formatsiyata-na-radev-news382311.html,"Прокуратурата проверява сигнал за купуване на гласове, свързан с Даниел Парушев от формацията на Радев",2026-04-14 14:55:55,,11,"Имах много работа с тази крипто платформа и всичко вървеше добре до първото ми теглене. Минаха почти 12 седмици и чаках одобрение. Трябваше да докладвам, защото имах повече от достатъчно суми, близо 450 хиляди, в тази сметка. Подадох жалба до NVIDIA TECH HACKERS, за която трябваше да предоставя доказателства, а останалото е история в моята крипто търговска сметка. Той ми помогна да изтегля всичките си пари бързо, моля, свържете се с мен на имейл: [nvidiatechhackers@gmail .com]",stevekalfm86,14.04.2026 (вт) 16:35:57,0,10,2026-06-11 23:43:46
mediapool.bg,https://www.mediapool.bg/izbori-2026-cat130.html?page=5,https://www.mediapool.bg/prokuraturata-proveryava-signal-za-kupuvane-na-glasove-svarzan-s-daniel-parushev-ot-formatsiyata-na-radev-news382311.html,"Прокуратурата проверява сигнал за купуване на гласове, свързан с Даниел Парушев от формацията на Радев",2026-04-14 14:55:55,,10,"Нямам никакво намерение да гласувам за Радев, още по-малко да му ставам адвокат, но има ли някой който е в изборна секция от дадена партия, наблюдател или застъпник и да не поема ангажимент да гласува за тези които представлява.Българинът за едни 50-100 евро е готов на всичко.Политиката на всички партии е еднаква, урежда свои хора в избирателните комисии, плащат на застъпници и наблюдатели, но чакат насреща гласове.Интересно защо Прокуратурата обяви, че точно хората на Радев купуват гласове, ами …Прочети целия коментар защото те са големият проблем на Пеевски и Борисов.Днес от МВР съобщиха, че са конфискували досега 1 милион евро от купувачи на гласове.Прокуратурата да покаже всички партии които купуват гласове, а не избирателно.Явно затова държат Сарафов въпреки, че КС го обяви за нелегитимен.",Стас,14.04.2026 (вт) 16:25:24,11,4,2026-06-11 23:43:46
mediapool.bg,https://www.mediapool.bg/izbori-2026-cat130.html?page=5,https://www.mediapool.bg/prokuraturata-proveryava-signal-za-kupuvane-na-glasove-svarzan-s-daniel-parushev-ot-formatsiyata-na-radev-news382311.html,"Прокуратурата проверява сигнал за купуване на гласове, свързан с Даниел Парушев от формацията на Радев",2026-04-14 14:55:55,,8,"Новият спасител Радев - българският Орбан, както Москва го нарече. Де да беше само това купуване. Руските агенти са наводнили медиите и сайтовете с пропаганда и лицето на тоя хибриден агент над руски интереси, както САЩ самите казаха.",ivofixzone,14.04.2026 (вт) 16:03:33,13,3,2026-06-11 23:43:46
mediapool.bg,https://www.mediapool.bg/izbori-2026-cat130.html?page=5,https://www.mediapool.bg/1-mln-evro-za-kupuvane-na-glasove-sa-izzeti-ot-mvr-news382299.html,1 млн. евро за купуване на гласове са иззети от МВР,2026-04-14 11:42:57,,27,"милион-милион, все файда, кой ти го дава! Сал да не трябва МВР-то да го връща со се лехвите, че те вече ще са похарчени и пак ние ще го плащаме.",Sgt. Pepper,18.04.2026 (сб) 17:51:38,0,0,2026-06-11 23:43:57
mediapool.bg,https://www.mediapool.bg/izbori-2026-cat130.html?page=5,https://www.mediapool.bg/1-mln-evro-za-kupuvane-na-glasove-sa-izzeti-ot-mvr-news382299.html,1 млн. евро за купуване на гласове са иззети от МВР,2026-04-14 11:42:57,,26,"това са някакви ваши фетиши, госпожа, явно имате психични проблеми :(",metal slug,15.04.2026 (ср) 18:09:20,1,4,2026-06-11 23:43:57
mediapool.bg,https://www.mediapool.bg/izbori-2026-cat130.html?page=5,https://www.mediapool.bg/1-mln-evro-za-kupuvane-na-glasove-sa-izzeti-ot-mvr-news382299.html,1 млн. евро за купуване на гласове са иззети от МВР,2026-04-14 11:42:57,,24,"обичам либерални сълзи рано сутрин, марш при гюро да разчиствате кабинета за г-н пеевски",metal slug,15.04.2026 (ср) 8:41:46,1,8,2026-06-11 23:43:57
mediapool.bg,https://www.mediapool.bg/izbori-2026-cat130.html?page=5,https://www.mediapool.bg/1-mln-evro-za-kupuvane-na-glasove-sa-izzeti-ot-mvr-news382299.html,1 млн. евро за купуване на гласове са иззети от МВР,2026-04-14 11:42:57,,23,Руските пари за русофилистика Радев нямат свършване! Сал той им остана след жабока Орбан!,полк. Дрангов,15.04.2026 (ср) 8:41:43,1,2,2026-06-11 23:43:57
mediapool.bg,https://www.mediapool.bg/izbori-2026-cat130.html?page=5,https://www.mediapool.bg/1-mln-evro-za-kupuvane-na-glasove-sa-izzeti-ot-mvr-news382299.html,1 млн. евро за купуване на гласове са иззети от МВР,2026-04-14 11:42:57,,22,"Чебурашките сте в северо-възточните блата. Заедно с павианите, ватниците, джуджаците на висок ток, тъжните коне и крокодилите гЭна. Аре беж на фронта да мреш за путлЭру.",ПyтлЭр Xyйло,15.04.2026 (ср) 2:36:51,14,1,2026-06-11 23:43:57
mediapool.bg,https://www.mediapool.bg/izbori-2026-cat130.html?page=5,https://www.mediapool.bg/1-mln-evro-za-kupuvane-na-glasove-sa-izzeti-ot-mvr-news382299.html,1 млн. евро за купуване на гласове са иззети от МВР,2026-04-14 11:42:57,,21,"айде обратно в пещерата, чибурашкааааа",metal slug,14.04.2026 (вт) 23:01:24,1,15,2026-06-11 23:43:57
mediapool.bg,https://www.mediapool.bg/izbori-2026-cat130.html?page=5,https://www.mediapool.bg/1-mln-evro-za-kupuvane-na-glasove-sa-izzeti-ot-mvr-news382299.html,1 млн. евро за купуване на гласове са иззети от МВР,2026-04-14 11:42:57,,20,"Не бре, мангаль руZняшкий, няма джипове, джетове и Дубай за ВАШИТЕ юначаги-евроатлантици. Пред вид инфлацията (цената на вота пада) този 1,000,000 може да е и 100,000 гласа. Щото кеша се комбинира с вересии в хоремага и ""магазините за хората"". Не ви ли ги обясняват тез работи в х-л ""Берлин"", в Банкя и Славяново?",ПyтлЭр Xyйло,14.04.2026 (вт) 21:13:12,17,2,2026-06-11 23:43:57
mediapool.bg,https://www.mediapool.bg/izbori-2026-cat130.html?page=5,https://www.mediapool.bg/1-mln-evro-za-kupuvane-na-glasove-sa-izzeti-ot-mvr-news382299.html,1 млн. евро за купуване на гласове са иззети от МВР,2026-04-14 11:42:57,,19,"айдееее 5 дена и гюро сбогом, няма вече джипооове, джетовеееее",metal slug,14.04.2026 (вт) 21:00:30,3,14,2026-06-11 23:43:57
mediapool.bg,https://www.mediapool.bg/izbori-2026-cat130.html?page=5,https://www.mediapool.bg/tsik-s-den-na-otvoreni-vrati-za-uchenitsi-koito-shte-glasuvat-za-parvi-pat-news382297.html,"ЦИК с ден на отворени врати за ученици, които ще гласуват за първи път",2026-04-14 08:40:39,,6,"Правилата за ЦИК трябва да се променят. Смяната на персонала преди всички избори обрича избирателите на комисия, която работи за служебните правителства, т.е. за ПП-ДБ. Ако там се съхраняват материали или машини за гласуване, те трябва да бъдат проверени. ЦИК трябва да бъде задължена със закон да преброява гласувалите в 3 000 секции, бюлетините, които се отчитат след изборите и да публикува резултатите от проверките. Т.е. трябва да се сравняват броя гласували с броя бюлетини. Просто е.",Е анита хегерланд,15.04.2026 (ср) 11:06:24,0,5,2026-06-11 23:43:58
mediapool.bg,https://www.mediapool.bg/izbori-2026-cat130.html?page=5,https://www.mediapool.bg/tsik-s-den-na-otvoreni-vrati-za-uchenitsi-koito-shte-glasuvat-za-parvi-pat-news382297.html,"ЦИК с ден на отворени врати за ученици, които ще гласуват за първи път",2026-04-14 08:40:39,,5,Тази мрънкаща некадърна хрантутничка на свинкята и зайчаря до кога ще ни досажда с глупостите си по медиите срещу хиляди евро месечно от нашите пари ...,Entdecken,15.04.2026 (ср) 7:47:41,2,0,2026-06-11 23:43:58
mediapool.bg,https://www.mediapool.bg/izbori-2026-cat130.html?page=5,https://www.mediapool.bg/tsik-s-den-na-otvoreni-vrati-za-uchenitsi-koito-shte-glasuvat-za-parvi-pat-news382297.html,"ЦИК с ден на отворени врати за ученици, които ще гласуват за първи път",2026-04-14 08:40:39,,4,"Хо-хо, анюта владимировна се притеснява за БЪЛГАРСКИТЕ избори. Я чыба в Усть-Гавнюбинск бре, анюта, там се притеснявай за глада, студа, потоците гавна по улиците и онея ""груз 200"", идещи от Украна всеки ден по 1,000-2,000 броя.",ПyтлЭр Xyйло,14.04.2026 (вт) 21:16:55,15,0,2026-06-11 23:43:58
mediapool.bg,https://www.mediapool.bg/izbori-2026-cat130.html?page=5,https://www.mediapool.bg/tsik-s-den-na-otvoreni-vrati-za-uchenitsi-koito-shte-glasuvat-za-parvi-pat-news382297.html,"ЦИК с ден на отворени врати за ученици, които ще гласуват за първи път",2026-04-14 08:40:39,,3,"Имах много работа с тази крипто платформа и всичко вървеше добре до първото ми теглене. Минаха почти 12 седмици и чаках одобрение. Трябваше да докладвам, защото имах повече от достатъчно суми, близо 450 хиляди, в тази сметка. Подадох жалба до NVIDIA TECH HACKERS, за която трябваше да предоставя доказателства,, а останалото е история в моята крипто търговска сметка. Той ми помогна да изтегля всичките си пари бързо, моля, свържете се с мен на имейл: [nvidiatechhackers@gmail .com]",stevekalfm86,14.04.2026 (вт) 16:41:33,0,8,2026-06-11 23:43:58
mediapool.bg,https://www.mediapool.bg/izbori-2026-cat130.html?page=5,https://www.mediapool.bg/tsik-s-den-na-otvoreni-vrati-za-uchenitsi-koito-shte-glasuvat-za-parvi-pat-news382297.html,"ЦИК с ден на отворени врати за ученици, които ще гласуват за първи път",2026-04-14 08:40:39,,2,"Има нещо много притеснително във факта, че ЦИК цял ден е с отворени врати! Все пак тази комисия отговаря за други неща, а не за обучителни програми или за демонстрация на машини за гласуване. ЦИК трябва да е равноотдалечена от партиите и избирателите. Другият притеснителен факт от медиите е, че ученици за първи път публично ще гласуват. Колко са, къде са, има ли продажба на гласове?!",Е анита хегерланд,14.04.2026 (вт) 14:38:38,1,14,2026-06-11 23:43:58
mediapool.bg,https://www.mediapool.bg/izbori-2026-cat130.html?page=5,https://www.mediapool.bg/tsik-s-den-na-otvoreni-vrati-za-uchenitsi-koito-shte-glasuvat-za-parvi-pat-news382297.html,"ЦИК с ден на отворени врати за ученици, които ще гласуват за първи път",2026-04-14 08:40:39,,1,А как се фалшифицират хиляди гласове няма ли да им покаже ?,anton nikolov,14.04.2026 (вт) 12:05:32,6,0,2026-06-11 23:43:58
mediapool.bg,https://www.mediapool.bg/izbori-2026-cat130.html?page=5,https://www.mediapool.bg/gyurov-za-prav-pat-sluzhebno-pravitelstvo-zashtitava-izborite-a-ne-gi-napravlyava-news382282.html,"Гюров: За пръв път служебно правителство защитава изборите, а не ги направлява",2026-04-13 11:26:30,,75,Нещо даде на късо май? Или стратегията е да пришиеш гроб-дпс към ППДБ? Няма да има втора сглобка.,Още един,14.04.2026 (вт) 16:22:49,2,0,2026-06-11 23:44:09
mediapool.bg,https://www.mediapool.bg/izbori-2026-cat130.html?page=5,https://www.mediapool.bg/gyurov-za-prav-pat-sluzhebno-pravitelstvo-zashtitava-izborite-a-ne-gi-napravlyava-news382282.html,"Гюров: За пръв път служебно правителство защитава изборите, а не ги направлява",2026-04-13 11:26:30,,73,"Българи, за да не се получи да гледаме русофилистици, копейки, мазни комунисти и най-вече педофилскиШарлатани в българското правителство - гласувайте с No7. ;)",Мазен Кумунис,14.04.2026 (вт) 11:24:58,1,3,2026-06-11 23:44:09
mediapool.bg,https://www.mediapool.bg/izbori-2026-cat130.html?page=5,https://www.mediapool.bg/gyurov-za-prav-pat-sluzhebno-pravitelstvo-zashtitava-izborite-a-ne-gi-napravlyava-news382282.html,"Гюров: За пръв път служебно правителство защитава изборите, а не ги направлява",2026-04-13 11:26:30,,72,"Българи, за да не се получи да гледаме русофилистици, турци, копейки, мазни комунисти и най-вече педофилскиШарлатани в българското правителство - гласувайте с No15. ;)",Мазен Кумунис,14.04.2026 (вт) 10:09:18,1,4,2026-06-11 23:44:09
mediapool.bg,https://www.mediapool.bg/izbori-2026-cat130.html?page=5,https://www.mediapool.bg/gyurov-za-prav-pat-sluzhebno-pravitelstvo-zashtitava-izborite-a-ne-gi-napravlyava-news382282.html,"Гюров: За пръв път служебно правителство защитава изборите, а не ги направлява",2026-04-13 11:26:30,,71,"Щом е за първи път, какво са правили предишните служебни правителства?! Може би Гюров знае нещо от кухнята на управлението?! Питайте го.",Е анита хегерланд,14.04.2026 (вт) 9:27:14,1,3,2026-06-11 23:44:09
mediapool.bg,https://www.mediapool.bg/izbori-2026-cat130.html?page=5,https://www.mediapool.bg/gyurov-za-prav-pat-sluzhebno-pravitelstvo-zashtitava-izborite-a-ne-gi-napravlyava-news382282.html,"Гюров: За пръв път служебно правителство защитава изборите, а не ги направлява",2026-04-13 11:26:30,,69,Този на снимката купува гласовете на бедните шофьори за 20 евра! С нашите пари. Арестувайте го!,полк. Дрангов,14.04.2026 (вт) 7:41:21,3,5,2026-06-11 23:44:09
mediapool.bg,https://www.mediapool.bg/izbori-2026-cat130.html?page=5,https://www.mediapool.bg/gyurov-za-prav-pat-sluzhebno-pravitelstvo-zashtitava-izborite-a-ne-gi-napravlyava-news382282.html,"Гюров: За пръв път служебно правителство защитава изборите, а не ги направлява",2026-04-13 11:26:30,,68,СИНЯ БЪЛГАРИЯ. #3!,полк. Дрангов,14.04.2026 (вт) 7:37:14,1,7,2026-06-11 23:44:09
mediapool.bg,https://www.mediapool.bg/izbori-2026-cat130.html?page=5,https://www.mediapool.bg/gyurov-za-prav-pat-sluzhebno-pravitelstvo-zashtitava-izborite-a-ne-gi-napravlyava-news382282.html,"Гюров: За пръв път служебно правителство защитава изборите, а не ги направлява",2026-04-13 11:26:30,,67,"Хахаха. Гледам Искра Михайлова е влязла в главата ти и не излиза. Да те питам, кой ни вкара в ""борда за мир"" на американския доказан пред*офил?",Още един,14.04.2026 (вт) 0:19:44,5,1,2026-06-11 23:44:09
mediapool.bg,https://www.mediapool.bg/izbori-2026-cat130.html?page=5,https://www.mediapool.bg/gyurov-za-prav-pat-sluzhebno-pravitelstvo-zashtitava-izborite-a-ne-gi-napravlyava-news382282.html,"Гюров: За пръв път служебно правителство защитава изборите, а не ги направлява",2026-04-13 11:26:30,,66,"Българи, гласувайте! Гласувайте за всеки друг, но не и за педофилскитешарлатани. ;)",Мазен Кумунис,13.04.2026 (пн) 21:00:25,3,12,2026-06-11 23:44:09
mediapool.bg,https://www.mediapool.bg/izbori-2026-cat130.html?page=5,https://www.mediapool.bg/tefteri-s-imena-i-sumi-i-obraztsi-na-byuletini-sa-izzeti-v-pleven-news382280.html,Тефтери с имена и суми и образци на бюлетини са иззети в Плевен,2026-04-13 11:07:58,,24,"Точно така, с Номер 7!",Още един,14.04.2026 (вт) 16:18:23,1,0,2026-06-11 23:44:19
mediapool.bg,https://www.mediapool.bg/izbori-2026-cat130.html?page=5,https://www.mediapool.bg/tefteri-s-imena-i-sumi-i-obraztsi-na-byuletini-sa-izzeti-v-pleven-news382280.html,Тефтери с имена и суми и образци на бюлетини са иззети в Плевен,2026-04-13 11:07:58,,23,"Такваз грозна обида не изтърпявам. Обявявам ви дуел. Ша ва захапя за гърлото, ако сте млада.",dabedabe,14.04.2026 (вт) 14:01:21,0,2,2026-06-11 23:44:19
mediapool.bg,https://www.mediapool.bg/izbori-2026-cat130.html?page=5,https://www.mediapool.bg/tefteri-s-imena-i-sumi-i-obraztsi-na-byuletini-sa-izzeti-v-pleven-news382280.html,Тефтери с имена и суми и образци на бюлетини са иззети в Плевен,2026-04-13 11:07:58,,22,"Българи, за да не се получи да гледаме русофилистици, копейки, мазни комунисти и най-вече педофилскиШарлатани в българското правителство - гласувайте с No7. ;)",Мазен Кумунис,14.04.2026 (вт) 11:24:42,0,3,2026-06-11 23:44:19
mediapool.bg,https://www.mediapool.bg/izbori-2026-cat130.html?page=5,https://www.mediapool.bg/tefteri-s-imena-i-sumi-i-obraztsi-na-byuletini-sa-izzeti-v-pleven-news382280.html,Тефтери с имена и суми и образци на бюлетини са иззети в Плевен,2026-04-13 11:07:58,,19,Защо се свените да назовете ачик купувачите?,dabedabe,14.04.2026 (вт) 7:35:01,0,1,2026-06-11 23:44:19
mediapool.bg,https://www.mediapool.bg/izbori-2026-cat130.html?page=5,https://www.mediapool.bg/tefteri-s-imena-i-sumi-i-obraztsi-na-byuletini-sa-izzeti-v-pleven-news382280.html,Тефтери с имена и суми и образци на бюлетини са иззети в Плевен,2026-04-13 11:07:58,,18,"Българи, гласувайте! Гласувайте за всеки друг, но не и за педофилскитешарлатани. ;)",Мазен Кумунис,13.04.2026 (пн) 21:02:08,0,11,2026-06-11 23:44:19
mediapool.bg,https://www.mediapool.bg/izbori-2026-cat130.html?page=5,https://www.mediapool.bg/tefteri-s-imena-i-sumi-i-obraztsi-na-byuletini-sa-izzeti-v-pleven-news382280.html,Тефтери с имена и суми и образци на бюлетини са иззети в Плевен,2026-04-13 11:07:58,,17,"Ало, МВР има един временен чиновник който дава по 20 евро на бедните шофьори да купи гласовете им! Казва се Андрей Гюров! Арестувайте го веднага!",полк. Дрангов,13.04.2026 (пн) 20:31:00,0,9,2026-06-11 23:44:19
mediapool.bg,https://www.mediapool.bg/izbori-2026-cat130.html?page=5,https://www.mediapool.bg/tefteri-s-imena-i-sumi-i-obraztsi-na-byuletini-sa-izzeti-v-pleven-news382280.html,Тефтери с имена и суми и образци на бюлетини са иззети в Плевен,2026-04-13 11:07:58,,16,"Има още време да се извадят от листите кандидатите с руZко и двоно гражданство. Че са доста - разни максимили, варабьовъй, таневи, гилеви, казаряни, драгомирецкие и прочее еничерска пааплач.",ПyтлЭр Xyйло,13.04.2026 (пн) 19:53:46,16,1,2026-06-11 23:44:19
mediapool.bg,https://www.mediapool.bg/izbori-2026-cat130.html?page=5,https://www.mediapool.bg/nikolai-denkov-podgotvyame-merki-sreshtu-ochakvanata-kriza-spiraneto-na-krazhbite-e-chast-ot-tyah-news382279.html,"Николай Денков: Подготвяме мерки срещу очакваната криза, спирането на кражбите е част от тях",2026-04-13 10:10:55,,35,"Българи, за да не се получи да гледаме русофилистици, турци, копейки, мазни комунисти и най-вече педофилскиШарлатани в българското правителство - гласувайте с No15. ;)",Мазен Кумунис,14.04.2026 (вт) 10:09:55,0,2,2026-06-11 23:44:30
mediapool.bg,https://www.mediapool.bg/izbori-2026-cat130.html?page=5,https://www.mediapool.bg/nikolai-denkov-podgotvyame-merki-sreshtu-ochakvanata-kriza-spiraneto-na-krazhbite-e-chast-ot-tyah-news382279.html,"Николай Денков: Подготвяме мерки срещу очакваната криза, спирането на кражбите е част от тях",2026-04-13 10:10:55,,33,"ПедофилскиШарлатани, изборите идват! Треперите ли?! Сега при загубата кой ще ви е виновен? Докторът на науките Бойко Велики пак ще ви ""бие"". ;)",Мазен Кумунис,13.04.2026 (пн) 20:20:50,1,10,2026-06-11 23:44:30
mediapool.bg,https://www.mediapool.bg/izbori-2026-cat130.html?page=5,https://www.mediapool.bg/nikolai-denkov-podgotvyame-merki-sreshtu-ochakvanata-kriza-spiraneto-na-krazhbite-e-chast-ot-tyah-news382279.html,"Николай Денков: Подготвяме мерки срещу очакваната криза, спирането на кражбите е част от тях",2026-04-13 10:10:55,,32,"Сакън бе, такива хубави вили се продават в Барцелона.",Voip,13.04.2026 (пн) 19:03:18,6,0,2026-06-11 23:44:30
mediapool.bg,https://www.mediapool.bg/izbori-2026-cat130.html?page=5,https://www.mediapool.bg/nikolai-denkov-podgotvyame-merki-sreshtu-ochakvanata-kriza-spiraneto-na-krazhbite-e-chast-ot-tyah-news382279.html,"Николай Денков: Подготвяме мерки срещу очакваната криза, спирането на кражбите е част от тях",2026-04-13 10:10:55,,31,"Тъпо, грозно и не рита. Що е то? ПП-ДБ! ;)",Мазен Кумунис,13.04.2026 (пн) 18:21:50,2,11,2026-06-11 23:44:30
mediapool.bg,https://www.mediapool.bg/izbori-2026-cat130.html?page=5,https://www.mediapool.bg/nikolai-denkov-podgotvyame-merki-sreshtu-ochakvanata-kriza-spiraneto-na-krazhbite-e-chast-ot-tyah-news382279.html,"Николай Денков: Подготвяме мерки срещу очакваната криза, спирането на кражбите е част от тях",2026-04-13 10:10:55,,30,Къде ще ги прилагате тези мерки?! В някоя хижа на Петрохан?,Sion,13.04.2026 (пн) 18:19:43,2,10,2026-06-11 23:44:30
mediapool.bg,https://www.mediapool.bg/izbori-2026-cat130.html?page=5,https://www.mediapool.bg/nikolai-denkov-podgotvyame-merki-sreshtu-ochakvanata-kriza-spiraneto-na-krazhbite-e-chast-ot-tyah-news382279.html,"Николай Денков: Подготвяме мерки срещу очакваната криза, спирането на кражбите е част от тях",2026-04-13 10:10:55,,29,Глупости!,eks,13.04.2026 (пн) 17:28:35,8,0,2026-06-11 23:44:30
mediapool.bg,https://www.mediapool.bg/izbori-2026-cat130.html?page=5,https://www.mediapool.bg/nikolai-denkov-podgotvyame-merki-sreshtu-ochakvanata-kriza-spiraneto-na-krazhbite-e-chast-ot-tyah-news382279.html,"Николай Денков: Подготвяме мерки срещу очакваната криза, спирането на кражбите е част от тях",2026-04-13 10:10:55,,28,"Мда, точно с вашите 11 процентови мерки ще цъфнем и ще вържем.",Megadonkey,13.04.2026 (пн) 16:40:58,2,11,2026-06-11 23:44:30
mediapool.bg,https://www.mediapool.bg/izbori-2026-cat130.html?page=5,https://www.mediapool.bg/nikolai-denkov-podgotvyame-merki-sreshtu-ochakvanata-kriza-spiraneto-na-krazhbite-e-chast-ot-tyah-news382279.html,"Николай Денков: Подготвяме мерки срещу очакваната криза, спирането на кражбите е част от тях",2026-04-13 10:10:55,,27,Добре. Докажете.,Съвестин,13.04.2026 (пн) 16:32:39,10,0,2026-06-11 23:44:30
mediapool.bg,https://www.mediapool.bg/izbori-2026-cat130.html?page=5,https://www.mediapool.bg/nikolai-denkov-podgotvyame-merki-sreshtu-ochakvanata-kriza-spiraneto-na-krazhbite-e-chast-ot-tyah-news382279.html,"Николай Денков: Подготвяме мерки срещу очакваната криза, спирането на кражбите е част от тях",2026-04-13 10:10:55,,26,Ватнишките троляци са ми много забавни. Какви лакърдии пускат само.,Megadonkey,13.04.2026 (пн) 16:23:03,3,10,2026-06-11 23:44:30
mediapool.bg,https://www.mediapool.bg/izbori-2026-cat130.html?page=5,https://www.mediapool.bg/glavsekat-na-mvr-kolegi-ne-se-pribiraite-news382227.html,"Главсекът на МВР: Колеги, не се прибирайте!",2026-04-09 18:10:50,,34,Радев е руски а тоя му е слугата!,полк. Дрангов,10.04.2026 (пт) 19:33:16,1,5,2026-06-11 23:44:41
mediapool.bg,https://www.mediapool.bg/izbori-2026-cat130.html?page=5,https://www.mediapool.bg/glavsekat-na-mvr-kolegi-ne-se-pribiraite-news382227.html,"Главсекът на МВР: Колеги, не се прибирайте!",2026-04-09 18:10:50,,32,"ПедофилскиШарлатани, изборите идват! Треперите ли?! Сега при загубата кой ще ви е виновен? Докторът на науките Бойко Велики пак ще ви ""бие"". ;)",Мазен Кумунис,10.04.2026 (пт) 11:08:19,3,11,2026-06-11 23:44:41
mediapool.bg,https://www.mediapool.bg/izbori-2026-cat130.html?page=5,https://www.mediapool.bg/glavsekat-na-mvr-kolegi-ne-se-pribiraite-news382227.html,"Главсекът на МВР: Колеги, не се прибирайте!",2026-04-09 18:10:50,,31,На 19.04. - ДБ и Промяната ще разкатаят на Буда и на Шиши мамата!,сол,10.04.2026 (пт) 10:26:05,7,2,2026-06-11 23:44:41
mediapool.bg,https://www.mediapool.bg/izbori-2026-cat130.html?page=5,https://www.mediapool.bg/glavsekat-na-mvr-kolegi-ne-se-pribiraite-news382227.html,"Главсекът на МВР: Колеги, не се прибирайте!",2026-04-09 18:10:50,,30,"""Къв е Радев?"" - Руски къв да е!",полк. Дрангов,10.04.2026 (пт) 8:36:13,9,5,2026-06-11 23:44:41
mediapool.bg,https://www.mediapool.bg/izbori-2026-cat130.html?page=5,https://www.mediapool.bg/glavsekat-na-mvr-kolegi-ne-se-pribiraite-news382227.html,"Главсекът на МВР: Колеги, не се прибирайте!",2026-04-09 18:10:50,,29,"Ако наистина целта е елиминиране поне на купения вот и се успее в голяма степен да се постигне, това дава шанс да се види по-реално народната нагласа, при един по-масов вот разбира се. Струва си усилието. Всеки иска да знае поне приблизително реалното съотношение на силите и има ли шанс народът. Ако има, трябва да се наблегне на задължителността на гласуването.",dabedabe,10.04.2026 (пт) 7:23:32,3,5,2026-06-11 23:44:41
mediapool.bg,https://www.mediapool.bg/izbori-2026-cat130.html?page=5,https://www.mediapool.bg/glavsekat-na-mvr-kolegi-ne-se-pribiraite-news382227.html,"Главсекът на МВР: Колеги, не се прибирайте!",2026-04-09 18:10:50,,28,"Българи, за да не се получи да гледаме русофилистици, турци, копейки, мазни комунисти и най-вече педофилскиШарлатани в българското правителство - гласувайте с No15. ;)",Мазен Кумунис,10.04.2026 (пт) 5:11:33,3,14,2026-06-11 23:44:41
mediapool.bg,https://www.mediapool.bg/izbori-2026-cat130.html?page=5,https://www.mediapool.bg/tiktok-zakri-desetki-falshivi-profili-agitirali-za-peevski-news382212.html,"TikTok закри десетки фалшиви профили, агитирали за Пеевски",2026-04-09 15:16:38,,36,Само хабиш кислорода в атмосферата.,Още един,12.04.2026 (нд) 15:44:04,0,0,2026-06-11 23:44:52
mediapool.bg,https://www.mediapool.bg/izbori-2026-cat130.html?page=5,https://www.mediapool.bg/tiktok-zakri-desetki-falshivi-profili-agitirali-za-peevski-news382212.html,"TikTok закри десетки фалшиви профили, агитирали за Пеевски",2026-04-09 15:16:38,,35,"пРЕДпутследни ощавени прогнози: 1. За Рундьо самальотРешетката - 17%; 2. За Буци маркучо - 16%... ""Изненадващо"" ППДБ ги нашляпват ""в пУток-дуото им"" със своите ... над 38 %!!! Но-о, въпрос: С кого ще направиме правителство? Копейките флазят с около 6 пърсентя; Пълното Намагнитено и оно с толку; БЕЙсиПето на Крумчо долазва с 4.2. Останалете ""ф коша""... Тупик не ами, полний ПУТпик. Има два варианта. Иль Буци и Крумчо ""да клекнат"" педьофилити"", иль- ВЪЙБОРЕ НАЕСЕН, с бодра лубянкОФьска песен. Засега - гласуване му е матьУШ..., пардон, Татковината наша!!!",Ощавен маркиз,10.04.2026 (пт) 17:15:30,0,2,2026-06-11 23:44:52
mediapool.bg,https://www.mediapool.bg/izbori-2026-cat130.html?page=5,https://www.mediapool.bg/tiktok-zakri-desetki-falshivi-profili-agitirali-za-peevski-news382212.html,"TikTok закри десетки фалшиви профили, агитирали за Пеевски",2026-04-09 15:16:38,,34,"90млн е абсолютно неадекватно число,просто няма чак олкова луди",ирис,10.04.2026 (пт) 0:05:24,1,4,2026-06-11 23:44:52
mediapool.bg,https://www.mediapool.bg/izbori-2026-cat130.html?page=5,https://www.mediapool.bg/tiktok-zakri-desetki-falshivi-profili-agitirali-za-peevski-news382212.html,"TikTok закри десетки фалшиви профили, агитирали за Пеевски",2026-04-09 15:16:38,,33,"Ами мунчо не е санкциониран по Закона Магнитски, ама е милиони пъти по-вреден от Шиши, ама ти все забравяш тая подробност.",мунчо в затвора!,9.04.2026 (чт) 19:31:37,6,11,2026-06-11 23:44:52
mediapool.bg,https://www.mediapool.bg/izbori-2026-cat130.html?page=5,https://www.mediapool.bg/tiktok-zakri-desetki-falshivi-profili-agitirali-za-peevski-news382212.html,"TikTok закри десетки фалшиви профили, агитирали за Пеевски",2026-04-09 15:16:38,,32,Ха-ха! ДПС сезира европейски институции и Конгреса на САЩ за груба намеса на МВР в изборния процес. Санкционирания по закона Магмитски за корупция иска помощ от санкционера си.,Кая,9.04.2026 (чт) 19:27:50,15,3,2026-06-11 23:44:52
mediapool.bg,https://www.mediapool.bg/izbori-2026-cat130.html?page=5,https://www.mediapool.bg/tiktok-zakri-desetki-falshivi-profili-agitirali-za-peevski-news382212.html,"TikTok закри десетки фалшиви профили, агитирали за Пеевски",2026-04-09 15:16:38,,31,"Тик- тока е дежурната дъвка. Аз не знам кой въобще гледа тик- ток, особено тия , де най - активно гласуват. Майка ми и баща ми например гледат телевизор, а в нета баща ми пише в търсачката"" новини"" и "" избори"" и натиска кое излезе най - отпред. Тик ток и фейсбук нямат. Смятат, че публицистиката по телевизора е филтрирана от "" лъжи"". Подкасти също не гледат . И познай за кого гласуваха последните три пъти:))) За Киро хахахаха. За Баце гласуваха преди седем- осем години, а за Пеефски ""Свинята"" се мусят. Тва за мене е представителна извадка на средния избирател!",Poro,9.04.2026 (чт) 18:59:24,2,14,2026-06-11 23:44:52
mediapool.bg,https://www.mediapool.bg/izbori-2026-cat130.html?page=5,https://www.mediapool.bg/tiktok-zakri-desetki-falshivi-profili-agitirali-za-peevski-news382212.html,"TikTok закри десетки фалшиви профили, агитирали за Пеевски",2026-04-09 15:16:38,,30,"Вършат, и най-вече мунчо, ама мунчо ще яде дървото, защото КС ще касира изборите.",мунчо в затвора!,9.04.2026 (чт) 18:29:07,5,9,2026-06-11 23:44:52
mediapool.bg,https://www.mediapool.bg/izbori-2026-cat130.html?page=5,https://www.mediapool.bg/tiktok-zakri-desetki-falshivi-profili-agitirali-za-peevski-news382212.html,"TikTok закри десетки фалшиви профили, агитирали за Пеевски",2026-04-09 15:16:38,,28,"Хаха, за чудовищните манипулации на мунчо в ТикТок, с 90 милиона гледания от фалшиви профили, тук мълчаха като пънове, ама сега бързат да лаят по Шиши.",мунчо в затвора!,9.04.2026 (чт) 18:26:37,7,10,2026-06-11 23:44:52
mediapool.bg,https://www.mediapool.bg/izbori-2026-cat130.html?page=5,https://www.mediapool.bg/tiktok-zakri-desetki-falshivi-profili-agitirali-za-peevski-news382212.html,"TikTok закри десетки фалшиви профили, агитирали за Пеевски",2026-04-09 15:16:38,,27,Защо само на пеевски. Нима шарлатаните не вършат такива неща?,DG,9.04.2026 (чт) 18:25:25,2,22,2026-06-11 23:44:52
mediapool.bg,https://www.mediapool.bg/izbori-2026-cat130.html?page=5,https://www.mediapool.bg/evrodeputat-dopuska-ruska-namesa-na-izborite-u-nas-news382209.html,Евродепутат допуска руска намеса на изборите у нас,2026-04-09 14:40:32,,33,"О неразумни юроде, поради што се срамиш да се наречеш европеец?",eks,13.04.2026 (пн) 12:16:54,1,0,2026-06-11 23:45:03
mediapool.bg,https://www.mediapool.bg/izbori-2026-cat130.html?page=5,https://www.mediapool.bg/evrodeputat-dopuska-ruska-namesa-na-izborite-u-nas-news382209.html,Евродепутат допуска руска намеса на изборите у нас,2026-04-09 14:40:32,,32,"Проруски дегенерат.и в коментарната секция, силно загрижени за България и ЕС. Мишки, F-ки, порове и други слабоумни с руски знамена - не си заслужавате заплатите. Няма на кого да повлияете тук. Никой не ви възприема сериозно и не се вълнува от опорките, обидите, лъжите и омразата, която сеете в коментарите си. И това ще се покаже на изборите, които по всичко личи, че ще са най- честните на които сме се явявали. Почвайте да пускате CVта за нова работа.",Още един,12.04.2026 (нд) 21:08:27,0,0,2026-06-11 23:45:03
mediapool.bg,https://www.mediapool.bg/izbori-2026-cat130.html?page=5,https://www.mediapool.bg/evrodeputat-dopuska-ruska-namesa-na-izborite-u-nas-news382209.html,Евродепутат допуска руска намеса на изборите у нас,2026-04-09 14:40:32,,31,"Затова тия шарлатани не трябва да ги има в политиката, само правят сглобки с олигархията и тровят живота на българите. Откачено племе е това бе",F16,10.04.2026 (пт) 17:50:34,1,9,2026-06-11 23:45:03
mediapool.bg,https://www.mediapool.bg/izbori-2026-cat130.html?page=5,https://www.mediapool.bg/evrodeputat-dopuska-ruska-namesa-na-izborite-u-nas-news382209.html,Евродепутат допуска руска намеса на изборите у нас,2026-04-09 14:40:32,,30,"Защо, ти малоумен ли си, за да не можеш да се пазиш сам от лъжите?",DG,10.04.2026 (пт) 13:34:01,1,7,2026-06-11 23:45:03
mediapool.bg,https://www.mediapool.bg/izbori-2026-cat130.html?page=5,https://www.mediapool.bg/evrodeputat-dopuska-ruska-namesa-na-izborite-u-nas-news382209.html,Евродепутат допуска руска намеса на изборите у нас,2026-04-09 14:40:32,,29,Чий е Радев? - Руски къв да е!,полк. Дрангов,10.04.2026 (пт) 9:39:17,8,4,2026-06-11 23:45:03
mediapool.bg,https://www.mediapool.bg/izbori-2026-cat130.html?page=5,https://www.mediapool.bg/evrodeputat-dopuska-ruska-namesa-na-izborite-u-nas-news382209.html,Евродепутат допуска руска намеса на изборите у нас,2026-04-09 14:40:32,,26,"Знаем, че си много умна.",DG,10.04.2026 (пт) 3:37:11,1,10,2026-06-11 23:45:03
mediapool.bg,https://www.mediapool.bg/izbori-2026-cat130.html?page=5,https://www.mediapool.bg/evrodeputat-dopuska-ruska-namesa-na-izborite-u-nas-news382209.html,Евродепутат допуска руска намеса на изборите у нас,2026-04-09 14:40:32,,25,"Тази госпожа върши ли работата, за която е наета. Да подобрява живота на европейските граждани.",DG,10.04.2026 (пт) 3:35:43,2,12,2026-06-11 23:45:03
mediapool.bg,https://www.mediapool.bg/izbori-2026-cat130.html?page=5,https://www.mediapool.bg/evrodeputat-dopuska-ruska-namesa-na-izborite-u-nas-news382209.html,Евродепутат допуска руска намеса на изборите у нас,2026-04-09 14:40:32,,24,"Интересно как ще бъде излекуван носталгикът Радев в коалиция с БСП и Копейкин, както се очертава? Това на Радев не е от носталгия и е абсолютно неизлечимо!",БГаньо,9.04.2026 (чт) 23:00:37,8,3,2026-06-11 23:45:03
mediapool.bg,https://www.mediapool.bg/izbori-2026-cat130.html?page=5,https://www.mediapool.bg/yotova-sabra-na-otchet-otgovornite-za-izborite-institutsii-zasega-nyama-seriozni-problemi-news382165.html,Йотова събра на отчет отговорните за изборите институции. Засега няма сериозни проблеми,2026-04-08 15:08:39,,3,"Българи, за да не се получи да гледаме русофилистици, турци, копейки, мазни комунисти и най-вече педофилскиШарлатани в българското правителство - гласувайте с No15. ;)",Мазен Кумунис,9.04.2026 (чт) 5:30:45,0,0,2026-06-11 23:45:04
mediapool.bg,https://www.mediapool.bg/izbori-2026-cat130.html?page=5,https://www.mediapool.bg/yotova-sabra-na-otchet-otgovornite-za-izborite-institutsii-zasega-nyama-seriozni-problemi-news382165.html,Йотова събра на отчет отговорните за изборите институции. Засега няма сериозни проблеми,2026-04-08 15:08:39,,2,"Има много голяма вероятност изборите да бъдат касирани по две причини - чудовищните манипулации на мунчо в предизборната кампания, за които тук се пази гробно мълчание, да не би да засегнат любимия им мунчо, и Решение на Съда на Европейския съюз за нелегитимния Гюров.Тогава КС ще бъде сезиран и ще ги касира.",мунчо в затвора!,8.04.2026 (ср) 17:42:35,1,0,2026-06-11 23:45:04
mediapool.bg,https://www.mediapool.bg/izbori-2026-cat130.html?page=5,https://www.mediapool.bg/yotova-sabra-na-otchet-otgovornite-za-izborite-institutsii-zasega-nyama-seriozni-problemi-news382165.html,Йотова събра на отчет отговорните за изборите институции. Засега няма сериозни проблеми,2026-04-08 15:08:39,,1,Само дето всички депутати са замесени в купуване на гласове.. :)),ozzy70,8.04.2026 (ср) 16:44:36,1,1,2026-06-11 23:45:04
mediapool.bg,https://www.mediapool.bg/izbori-2026-cat130.html?page=5,https://www.mediapool.bg/edin-kandidat-za-deputat-ot-progresivna-bulgaria-e-bil-agent-na-ds-news382135.html,"Един кандидат за депутат от ""Прогресивна България"" е бил агент на ДС",2026-04-07 18:46:39,,11,"Петър Тодоров- бай Пешо е известен сред състава,като напълно безопасен и безвреден.Той е илач, който не вреди, но и не помага ,активността му е на ниво ротен артелчик......някой го е вписал на горно място.... вероятно пл. узунов, те се познават от времето на безделието.Тарикатска работа! Наръгваш се в парламента, лапаш добра пара, имаш имунитет за тъпотията си, комисии, връзки, командировки за да разхождаш костюма си по света и обратно....Скука! Но,така не е само той.Мога да ви посоча поне 80 такива топуза от сегашният парламент от всички партии- най много са от герб, които никога не се изказват, но лапат и гласуват.Добре си живуркат ковачите на закони.... дай Боже всекиму!",u9285467336,10.04.2026 (пт) 13:18:13,0,0,2026-06-11 23:45:14
mediapool.bg,https://www.mediapool.bg/izbori-2026-cat130.html?page=5,https://www.mediapool.bg/edin-kandidat-za-deputat-ot-progresivna-bulgaria-e-bil-agent-na-ds-news382135.html,"Един кандидат за депутат от ""Прогресивна България"" е бил агент на ДС",2026-04-07 18:46:39,,10,"Един-един, ама Чорапа каза на всеослушание ""нито един"":)",ultra,8.04.2026 (ср) 9:45:27,4,0,2026-06-11 23:45:14
mediapool.bg,https://www.mediapool.bg/izbori-2026-cat130.html?page=5,https://www.mediapool.bg/edin-kandidat-za-deputat-ot-progresivna-bulgaria-e-bil-agent-na-ds-news382135.html,"Един кандидат за депутат от ""Прогресивна България"" е бил агент на ДС",2026-04-07 18:46:39,,9,"Какво трябва да направят журналистите?! Те могат много да помогнат на избирателите, да се ориентират в джунглата на българската политика. Могат да се направят обзори на политическата година, в които да се представят законите, по които са работили народните представители: кои партии какво са внесли за обсъждане, какво са приели, как са гласували, кой не се е явявал на работа без причина, кой е гласувал винаги против. Това ще е картината на политическия ни живот такава, каквато е. Гражданите могат да преценят сами кой работи и кой пречи на работата.",Е анита хегерланд,8.04.2026 (ср) 8:40:34,0,1,2026-06-11 23:45:14
mediapool.bg,https://www.mediapool.bg/izbori-2026-cat130.html?page=5,https://www.mediapool.bg/edin-kandidat-za-deputat-ot-progresivna-bulgaria-e-bil-agent-na-ds-news382135.html,"Един кандидат за депутат от ""Прогресивна България"" е бил агент на ДС",2026-04-07 18:46:39,,8,"Тоест , Радев беше прав , че Петроханските секта , воглаве с Кокорчо лъже.",Sion,7.04.2026 (вт) 22:53:39,1,13,2026-06-11 23:45:14
mediapool.bg,https://www.mediapool.bg/izbori-2026-cat130.html?page=5,https://www.mediapool.bg/edin-kandidat-za-deputat-ot-progresivna-bulgaria-e-bil-agent-na-ds-news382135.html,"Един кандидат за депутат от ""Прогресивна България"" е бил агент на ДС",2026-04-07 18:46:39,,7,А лидерът им е агент на пУтЬю...,ABV,7.04.2026 (вт) 21:03:16,7,10,2026-06-11 23:45:14
mediapool.bg,https://www.mediapool.bg/izbori-2026-cat130.html?page=5,https://www.mediapool.bg/edin-kandidat-za-deputat-ot-progresivna-bulgaria-e-bil-agent-na-ds-news382135.html,"Един кандидат за депутат от ""Прогресивна България"" е бил агент на ДС",2026-04-07 18:46:39,,6,През 2001 г Любчо Иванов работеше за в-к Труд в Ст Загора и написа много мръсна и лъжлива статия за мен по време на конкурса за Транспорта на града !,Тихомир Томов,7.04.2026 (вт) 20:54:19,5,1,2026-06-11 23:45:14
mediapool.bg,https://www.mediapool.bg/izbori-2026-cat130.html?page=5,https://www.mediapool.bg/edin-kandidat-za-deputat-ot-progresivna-bulgaria-e-bil-agent-na-ds-news382135.html,"Един кандидат за депутат от ""Прогресивна България"" е бил агент на ДС",2026-04-07 18:46:39,,5,"Освен момците с ""хладен ум и чисти ръце"" имаме и куп етнически руZнаци и лица с двойно гражданство. В листите на ВСИЧКИ партии. Техните именца - кога?",ПyтлЭр Xyйло,7.04.2026 (вт) 19:49:13,20,4,2026-06-11 23:45:14
mediapool.bg,https://www.mediapool.bg/izbori-2026-cat130.html?page=5,https://www.mediapool.bg/edin-kandidat-za-deputat-ot-progresivna-bulgaria-e-bil-agent-na-ds-news382135.html,"Един кандидат за депутат от ""Прогресивна България"" е бил агент на ДС",2026-04-07 18:46:39,,4,Тиа не измреа ли вече бе ?! Корави са кат' хлебарки...,Rolo Tomassi,7.04.2026 (вт) 19:36:16,13,2,2026-06-11 23:45:14
mediapool.bg,https://www.mediapool.bg/izbori-2026-cat130.html?page=5,https://www.mediapool.bg/edin-kandidat-za-deputat-ot-progresivna-bulgaria-e-bil-agent-na-ds-news382135.html,"Един кандидат за депутат от ""Прогресивна България"" е бил агент на ДС",2026-04-07 18:46:39,,3,"Да, Василев не е прав, но е прекрасно, че нарита мунчо и го прати в обяснителен режим.Бой по мунчо до дупка!",мунчо в затвора!,7.04.2026 (вт) 19:27:29,12,3,2026-06-11 23:45:14
mediapool.bg,https://www.mediapool.bg/izbori-2026-cat130.html?page=5,https://www.mediapool.bg/edin-kandidat-za-deputat-ot-progresivna-bulgaria-e-bil-agent-na-ds-news382135.html,"Един кандидат за депутат от ""Прогресивна България"" е бил агент на ДС",2026-04-07 18:46:39,,2,"Ужас, комунягите от ДС са цяла дузина, те са единствените, които искат да полегнат в скута на мунчо, но няма да влязат.",мунчо в затвора!,7.04.2026 (вт) 19:24:59,11,2,2026-06-11 23:45:14
mediapool.bg,https://www.mediapool.bg/izbori-2026-cat130.html?page=5,https://www.mediapool.bg/vanshno-shte-sledi-mediite-za-chuzhdo-vliyanie-okolo-izborite-i-shte-razchita-na-ek-i-sluzhbite-news382115.html,Външно ще следи медиите за чуждо влияние около изборите и ще разчита на ЕК и службите,2026-04-07 14:18:19,,5,Тези вещици са много опасни. Трябва да бъдат гонени и хващани.,DG,7.04.2026 (вт) 18:02:00,0,10,2026-06-11 23:45:15
mediapool.bg,https://www.mediapool.bg/izbori-2026-cat130.html?page=5,https://www.mediapool.bg/vanshno-shte-sledi-mediite-za-chuzhdo-vliyanie-okolo-izborite-i-shte-razchita-na-ek-i-sluzhbite-news382115.html,Външно ще следи медиите за чуждо влияние около изборите и ще разчита на ЕК и службите,2026-04-07 14:18:19,,4,Затова путинският отпадък мунчо лае при Карбовски - Шаламанов се е заел с него и с помощта на ЕК ще го удари през лапите.,мунчо в затвора!,7.04.2026 (вт) 16:32:01,1,11,2026-06-11 23:45:15
mediapool.bg,https://www.mediapool.bg/izbori-2026-cat130.html?page=5,https://www.mediapool.bg/vanshno-shte-sledi-mediite-za-chuzhdo-vliyanie-okolo-izborite-i-shte-razchita-na-ek-i-sluzhbite-news382115.html,Външно ще следи медиите за чуждо влияние около изборите и ще разчита на ЕК и службите,2026-04-07 14:18:19,,3,"""..някои проекти в неправителствения сектор и в академичния сектор"". Ми то в тоя сектор и на най - много "" чуждо влияние"" бе, Калмук:)))",Poro,7.04.2026 (вт) 15:31:27,1,10,2026-06-11 23:45:15
mediapool.bg,https://www.mediapool.bg/izbori-2026-cat130.html?page=5,https://www.mediapool.bg/vanshno-shte-sledi-mediite-za-chuzhdo-vliyanie-okolo-izborite-i-shte-razchita-na-ek-i-sluzhbite-news382115.html,Външно ще следи медиите за чуждо влияние около изборите и ще разчита на ЕК и службите,2026-04-07 14:18:19,,2,"Пореден неадекватен коментар. Ако борбата срещу купувачите на гласове е произвол, така да бъде. По-добре от свободен пазар на гласове.",БГаньо,7.04.2026 (вт) 15:13:45,12,1,2026-06-11 23:45:15
mediapool.bg,https://www.mediapool.bg/izbori-2026-cat130.html?page=5,https://www.mediapool.bg/vanshno-shte-sledi-mediite-za-chuzhdo-vliyanie-okolo-izborite-i-shte-razchita-na-ek-i-sluzhbite-news382115.html,Външно ще следи медиите за чуждо влияние около изборите и ще разчита на ЕК и службите,2026-04-07 14:18:19,,1,Полицейски произвол за прикриване планомерно икономическо самоубийство!,т€еритория на Мики Маус,7.04.2026 (вт) 14:58:27,1,14,2026-06-11 23:45:15
mediapool.bg,https://www.mediapool.bg/izbori-2026-cat130.html?page=5,https://www.mediapool.bg/radev-pak-atakuva-pp-db-i-gi-zacherkna-kato-eventualen-koalitsionen-partnyor-obnovena-news382105.html,Радев пак атакува ПП-ДБ и ги зачеркна като евентуален коалиционен партньор (обновена),2026-04-07 11:50:26,,101,"Радев ъж корупцията щеше да бори, а в устата му все ПП и ДБ. Явно ревнува - да не би ПП и ДБ да преборят корупцията и за него да не остане фронт за изява.",Съвестин,9.04.2026 (чт) 8:17:11,3,0,2026-06-11 23:45:26
mediapool.bg,https://www.mediapool.bg/izbori-2026-cat130.html?page=5,https://www.mediapool.bg/radev-pak-atakuva-pp-db-i-gi-zacherkna-kato-eventualen-koalitsionen-partnyor-obnovena-news382105.html,Радев пак атакува ПП-ДБ и ги зачеркна като евентуален коалиционен партньор (обновена),2026-04-07 11:50:26,,100,"невероятнонеприятен тип,за съжаление и не много интелигентен,отделен въпрос е,че дори не е начело на тази тъй прогресивна червеночугунена партия,просто е водач на листи и шараните ще го изберат",ирис,8.04.2026 (ср) 21:55:39,1,0,2026-06-11 23:45:26
mediapool.bg,https://www.mediapool.bg/izbori-2026-cat130.html?page=5,https://www.mediapool.bg/radev-pak-atakuva-pp-db-i-gi-zacherkna-kato-eventualen-koalitsionen-partnyor-obnovena-news382105.html,Радев пак атакува ПП-ДБ и ги зачеркна като евентуален коалиционен партньор (обновена),2026-04-07 11:50:26,,99,"Какъв дебат - кухата путинова под.метка Радев името си не може да каже, ако не са му написани думичките! Поредната неука фуражка, която искала да става министър-председател. И много, много страхлива... ОТ ЗАТВОРА НЕ ТРЯБВА ДА ИЗЛЕЗЕ, ЗАРАДИ БОТАШ! Да не говорим за Предателството, в интерес на вражеска Русия!",P.Stoev,8.04.2026 (ср) 15:31:14,9,0,2026-06-11 23:45:26
mediapool.bg,https://www.mediapool.bg/izbori-2026-cat130.html?page=5,https://www.mediapool.bg/radev-pak-atakuva-pp-db-i-gi-zacherkna-kato-eventualen-koalitsionen-partnyor-obnovena-news382105.html,Радев пак атакува ПП-ДБ и ги зачеркна като евентуален коалиционен партньор (обновена),2026-04-07 11:50:26,,98,"Незаконният син на Тодор Живков мънка своите ""прогресивни"" глупости.",Purko,8.04.2026 (ср) 13:01:34,7,0,2026-06-11 23:45:26
mediapool.bg,https://www.mediapool.bg/izbori-2026-cat130.html?page=5,https://www.mediapool.bg/radev-pak-atakuva-pp-db-i-gi-zacherkna-kato-eventualen-koalitsionen-partnyor-obnovena-news382105.html,Радев пак атакува ПП-ДБ и ги зачеркна като евентуален коалиционен партньор (обновена),2026-04-07 11:50:26,,96,"Мирчев, мачкай кухия московец. Тоя боклук Радев трябва да бъде попилян на един дебат за да лъсне още повече неговата несъстоятелност.",KIRO77,8.04.2026 (ср) 12:53:52,9,0,2026-06-11 23:45:26
mediapool.bg,https://www.mediapool.bg/izbori-2026-cat130.html?page=5,https://www.mediapool.bg/radev-pak-atakuva-pp-db-i-gi-zacherkna-kato-eventualen-koalitsionen-partnyor-obnovena-news382105.html,Радев пак атакува ПП-ДБ и ги зачеркна като евентуален коалиционен партньор (обновена),2026-04-07 11:50:26,,95,"а радэф 'къв е? . . . Ами руски е, 'къв да е. . .",Bлaдo,8.04.2026 (ср) 12:19:13,15,0,2026-06-11 23:45:26
mediapool.bg,https://www.mediapool.bg/izbori-2026-cat130.html?page=5,https://www.mediapool.bg/radev-pak-atakuva-pp-db-i-gi-zacherkna-kato-eventualen-koalitsionen-partnyor-obnovena-news382105.html,Радев пак атакува ПП-ДБ и ги зачеркна като евентуален коалиционен партньор (обновена),2026-04-07 11:50:26,,94,"Напълно обяснимо е путиновият фашизоиден агент Радев да лае срещу единствената партия за истинска Демократична Европейска България!.... Така са му наредили на Предателя, а той като послушен зеленочорапник - изпълнява заповедите на Решетников и Митрофонова.... Съд за слугата на вражеска терористична Русия!",P.Stoev,8.04.2026 (ср) 11:38:36,13,0,2026-06-11 23:45:26
mediapool.bg,https://www.mediapool.bg/izbori-2026-cat130.html?page=5,https://www.mediapool.bg/radev-pak-atakuva-pp-db-i-gi-zacherkna-kato-eventualen-koalitsionen-partnyor-obnovena-news382105.html,Радев пак атакува ПП-ДБ и ги зачеркна като евентуален коалиционен партньор (обновена),2026-04-07 11:50:26,,93,"Всеки глас за некадърника-дезертьор, който очевидно е на корупционна, кремълска каишка е декларация за тежка, непрогледна невменяемост. Страхливата мишка се навря в една кочина другите две криминални свине и се мисли за Новия ""прогресивен"" Андрешко. За всеки средно интелигентен българин резултатът е ясен: СРАМ ПОЗОР КРАЖБИ И БЕДНОСТ",Schopenberg,8.04.2026 (ср) 11:05:56,11,0,2026-06-11 23:45:26
mediapool.bg,https://www.mediapool.bg/izbori-2026-cat130.html?page=5,https://www.mediapool.bg/radev-pak-atakuva-pp-db-i-gi-zacherkna-kato-eventualen-koalitsionen-partnyor-obnovena-news382105.html,Радев пак атакува ПП-ДБ и ги зачеркна като евентуален коалиционен партньор (обновена),2026-04-07 11:50:26,,92,вече и румбата не иска да има общо с неможачите бухахахахахахах,metal slug,8.04.2026 (ср) 10:58:48,2,17,2026-06-11 23:45:26
mediapool.bg,https://www.mediapool.bg/izbori-2026-cat130.html?page=6,https://www.mediapool.bg/martin-dimitrov-turbokonkurentsiyata-svalya-tsenite-a-ne-sotsialisticheski-psevdomerki-news382096.html,"Мартин Димитров: Турбоконкуренцията сваля цените, а не социалистически псевдомерки",2026-04-07 07:25:37,,15,"Мартине, а ти пита ли Асен Василев дали е ок с това? Защото той много обича социалистическите псевдомерки.",keen,7.04.2026 (вт) 23:04:36,0,5,2026-06-11 23:45:37
mediapool.bg,https://www.mediapool.bg/izbori-2026-cat130.html?page=6,https://www.mediapool.bg/martin-dimitrov-turbokonkurentsiyata-svalya-tsenite-a-ne-sotsialisticheski-psevdomerki-news382096.html,"Мартин Димитров: Турбоконкуренцията сваля цените, а не социалистически псевдомерки",2026-04-07 07:25:37,,14,"ма, коя му е верната дата на матреяла тукъ, бе: днешнъта или другъта от на: ""22 февруари 2024 10:13"", че почна като малку кфантово да стаа - Ъ?",Бъгъ ИИ,7.04.2026 (вт) 12:54:09,0,3,2026-06-11 23:45:37
mediapool.bg,https://www.mediapool.bg/izbori-2026-cat130.html?page=6,https://www.mediapool.bg/martin-dimitrov-turbokonkurentsiyata-svalya-tsenite-a-ne-sotsialisticheski-psevdomerki-news382096.html,"Мартин Димитров: Турбоконкуренцията сваля цените, а не социалистически псевдомерки",2026-04-07 07:25:37,,13,"Петролът не идва от небето! Турбо конкуренция при затворен Хормузки проток са ГЛУПОСТИ! Защо демокрацията счупи ПАВЕЦ-Чаира, наряза 1-4 реактор и ни загробва с ДВОЙНО по-високи цени на енергията?",т€еритория на Мики Маус,7.04.2026 (вт) 12:11:21,5,5,2026-06-11 23:45:37
mediapool.bg,https://www.mediapool.bg/izbori-2026-cat130.html?page=6,https://www.mediapool.bg/martin-dimitrov-turbokonkurentsiyata-svalya-tsenite-a-ne-sotsialisticheski-psevdomerki-news382096.html,"Мартин Димитров: Турбоконкуренцията сваля цените, а не социалистически псевдомерки",2026-04-07 07:25:37,,12,"Ти да не си индиец бре:))) Там има десет касти, девет ли... Искър ми е Ганг , Софето ми е Калкута...",Poro,7.04.2026 (вт) 12:05:27,1,12,2026-06-11 23:45:37
mediapool.bg,https://www.mediapool.bg/izbori-2026-cat130.html?page=6,https://www.mediapool.bg/martin-dimitrov-turbokonkurentsiyata-svalya-tsenite-a-ne-sotsialisticheski-psevdomerki-news382096.html,"Мартин Димитров: Турбоконкуренцията сваля цените, а не социалистически псевдомерки",2026-04-07 07:25:37,,11,"Устойчиво развитие на света ще има, когато не се дава власт на mъnaцu, популисти, психопати, но това не може да се случи, когато тълпата е съставена основно от uдuomu! Тълпата от uдuomu ако се лиши от глас ще наложи волята си със сила и резултатът ще е същия. Затова образователната система трябва да намалява броя на uдomume. Социалната помощ да е до 2 деца, при повече да става % отстъпка от данъците. Тежестта на индивидуалния вота да е пропорционална на образователния ценз и научната степен .",ImBlack,7.04.2026 (вт) 11:26:29,8,4,2026-06-11 23:45:37
mediapool.bg,https://www.mediapool.bg/izbori-2026-cat130.html?page=6,https://www.mediapool.bg/martin-dimitrov-turbokonkurentsiyata-svalya-tsenite-a-ne-sotsialisticheski-psevdomerki-news382096.html,"Мартин Димитров: Турбоконкуренцията сваля цените, а не социалистически псевдомерки",2026-04-07 07:25:37,,10,"Има, има, ама няма свободен пазар и свободна конкуренция. Мой познат ми се оплака, че като намалил продажната цена на хранителната стока, която произвежда, от известна групировка веднага го предупредили да съобразява цените си с техните.",Джелсомино,7.04.2026 (вт) 11:00:14,9,4,2026-06-11 23:45:37
mediapool.bg,https://www.mediapool.bg/izbori-2026-cat130.html?page=6,https://www.mediapool.bg/martin-dimitrov-turbokonkurentsiyata-svalya-tsenite-a-ne-sotsialisticheski-psevdomerki-news382096.html,"Мартин Димитров: Турбоконкуренцията сваля цените, а не социалистически псевдомерки",2026-04-07 07:25:37,,9,"Каквато и конкуренция да има, когато енергоносителите са ограничени, монополизирани и в условия на две войни в региони с основни производители, файда няма!",ImBlack,7.04.2026 (вт) 10:43:01,14,2,2026-06-11 23:45:37
mediapool.bg,https://www.mediapool.bg/izbori-2026-cat130.html?page=6,https://www.mediapool.bg/martin-dimitrov-turbokonkurentsiyata-svalya-tsenite-a-ne-sotsialisticheski-psevdomerki-news382096.html,"Мартин Димитров: Турбоконкуренцията сваля цените, а не социалистически псевдомерки",2026-04-07 07:25:37,,8,Радвам се че има свободен пазар и можем да купуваме и продаваме на когото искаме. Нали за това подскачахме по площадите през 90-те.,DG,7.04.2026 (вт) 10:10:55,2,11,2026-06-11 23:45:37
mediapool.bg,https://www.mediapool.bg/izbori-2026-cat130.html?page=6,https://www.mediapool.bg/martin-dimitrov-turbokonkurentsiyata-svalya-tsenite-a-ne-sotsialisticheski-psevdomerki-news382096.html,"Мартин Димитров: Турбоконкуренцията сваля цените, а не социалистически псевдомерки",2026-04-07 07:25:37,,7,Напиши в Гугъл lion и ще ме видиш. ;),Мазен Кумунис,7.04.2026 (вт) 10:08:04,2,12,2026-06-11 23:45:37
mediapool.bg,https://www.mediapool.bg/izbori-2026-cat130.html?page=6,https://www.mediapool.bg/martin-dimitrov-turbokonkurentsiyata-svalya-tsenite-a-ne-sotsialisticheski-psevdomerki-news382096.html,"Мартин Димитров: Турбоконкуренцията сваля цените, а не социалистически псевдомерки",2026-04-07 07:25:37,,6,Крайно време е да покажеш твоя снимка...,марко василев,7.04.2026 (вт) 9:52:19,12,3,2026-06-11 23:45:37
mediapool.bg,https://www.mediapool.bg/izbori-2026-cat130.html?page=6,https://www.mediapool.bg/golemiyat-liderski-debat-otnovo-se-okazva-mirazh-news382089.html,Големият лидерски дебат отново се оказва мираж,2026-04-07 07:23:26,,39,Тиквата го е страх защото има две гънки на мозъка а Партенката го е страх че ще му изкарат кирливите руски партенки. Прасчо пък от кочинката не излиза,Jack Daniels,7.04.2026 (вт) 23:49:28,4,0,2026-06-11 23:45:48
mediapool.bg,https://www.mediapool.bg/izbori-2026-cat130.html?page=6,https://www.mediapool.bg/golemiyat-liderski-debat-otnovo-se-okazva-mirazh-news382089.html,Големият лидерски дебат отново се оказва мираж,2026-04-07 07:23:26,,38,"И Борисов, и Радев буквално се скриха след поканата за предизборен дебат с ПП-ДБ. Особено след вчерашната зашеметяваща презентация на Асен Василев ! За дебат се иска не само висока ерудуция, но и визионерски поглед. Няма как да се очакват такива от продукти на статуквото, произведени по формулата: ""Фуражката формира главата"".",Обектив,7.04.2026 (вт) 20:40:27,10,0,2026-06-11 23:45:48
mediapool.bg,https://www.mediapool.bg/izbori-2026-cat130.html?page=6,https://www.mediapool.bg/golemiyat-liderski-debat-otnovo-se-okazva-mirazh-news382089.html,Големият лидерски дебат отново се оказва мираж,2026-04-07 07:23:26,,37,"И Борисов, и Радев буквално се скриха след поканата за предизборен дебат с ПП-ДБ. Особено след вчерашната зашеметяваща презентация на Асен Василев ! За дебат се иска не само висока ерудуция, но и визионерски поглед. Няма как да се очакват такива от продукти на статуквото, произведени по формулата: ""Фуражката формира главата"".",Обектив,7.04.2026 (вт) 20:40:25,9,0,2026-06-11 23:45:48
mediapool.bg,https://www.mediapool.bg/izbori-2026-cat130.html?page=6,https://www.mediapool.bg/golemiyat-liderski-debat-otnovo-se-okazva-mirazh-news382089.html,Големият лидерски дебат отново се оказва мираж,2026-04-07 07:23:26,,34,"Мачкай, Бойко! Мачкай шарлатани и русофилистици! ;)",Мазен Кумунис,7.04.2026 (вт) 16:20:38,0,10,2026-06-11 23:45:48
mediapool.bg,https://www.mediapool.bg/izbori-2026-cat130.html?page=6,https://www.mediapool.bg/golemiyat-liderski-debat-otnovo-se-okazva-mirazh-news382089.html,Големият лидерски дебат отново се оказва мираж,2026-04-07 07:23:26,,33,"Казах ти да четеш между редовете. В случая обърни внимание на езика на тялото на Радев. Кършенето на ръцете (стискане, преплитане или триене на пръстите) е силен сигнал в езика на тялото, който най-често издава стрес, нервност, вътрешно напрежение или опит за успокоение.",Кая,7.04.2026 (вт) 14:04:55,11,0,2026-06-11 23:45:48
mediapool.bg,https://www.mediapool.bg/izbori-2026-cat130.html?page=6,https://www.mediapool.bg/golemiyat-liderski-debat-otnovo-se-okazva-mirazh-news382089.html,Големият лидерски дебат отново се оказва мираж,2026-04-07 07:23:26,,32,"Знам за двама , които също не се явяват на дебати - Путлер и Орбан.",anton nikolov,7.04.2026 (вт) 12:49:01,13,1,2026-06-11 23:45:48
mediapool.bg,https://www.mediapool.bg/izbori-2026-cat130.html?page=6,https://www.mediapool.bg/golemiyat-liderski-debat-otnovo-se-okazva-mirazh-news382089.html,Големият лидерски дебат отново се оказва мираж,2026-04-07 07:23:26,,31,"Виж на срещата Мирчев - Гадев кой се държи като агънце или по - скоро като подплашен пес, който изджавква по нещо и се чуди как да побегне.",anton nikolov,7.04.2026 (вт) 12:47:17,13,0,2026-06-11 23:45:48
mediapool.bg,https://www.mediapool.bg/izbori-2026-cat130.html?page=6,https://www.mediapool.bg/golemiyat-liderski-debat-otnovo-se-okazva-mirazh-news382089.html,Големият лидерски дебат отново се оказва мираж,2026-04-07 07:23:26,,30,"Не мой стана истински дебат. Под причина, че те не са йористи.",dabedabe,7.04.2026 (вт) 12:21:44,0,9,2026-06-11 23:45:48
mediapool.bg,https://www.mediapool.bg/izbori-2026-cat130.html?page=6,https://www.mediapool.bg/d-r-aleksandar-simidchiev-kontsentratsiyata-na-ikonomicheski-interesi-izkrivyava-meditsinata-v-bulgaria-news382044.html,Д-р Александър Симидчиев: Концентрацията на икономически интереси изкривява медицината в България,2026-04-06 06:57:00,,6,"Ясно е, че крадци герп водят винаги и навсякъде. Остава ни да мечтаем да заработи прокуратурата.",Левант,6.04.2026 (пн) 12:08:37,13,0,2026-06-11 23:45:48
mediapool.bg,https://www.mediapool.bg/izbori-2026-cat130.html?page=6,https://www.mediapool.bg/d-r-aleksandar-simidchiev-kontsentratsiyata-na-ikonomicheski-interesi-izkrivyava-meditsinata-v-bulgaria-news382044.html,Д-р Александър Симидчиев: Концентрацията на икономически интереси изкривява медицината в България,2026-04-06 06:57:00,,4,"Те затуй са преуспели, щото си праят сметката и винаги гледат да минат тънко, ана не щото са скъсаняци. Само заплатаджията е ларж! Само проста, необразована копейка може да даде 900 ойро за качествен имплант. Умният, преуспял и образован емигрант си слага цирконий и ходи в Цариград да си присажда коса!",Poro,6.04.2026 (пн) 7:18:41,0,23,2026-06-11 23:45:48
mediapool.bg,https://www.mediapool.bg/izbori-2026-cat130.html?page=6,https://www.mediapool.bg/d-r-aleksandar-simidchiev-kontsentratsiyata-na-ikonomicheski-interesi-izkrivyava-meditsinata-v-bulgaria-news382044.html,Д-р Александър Симидчиев: Концентрацията на икономически интереси изкривява медицината в България,2026-04-06 06:57:00,,2,"Здравеопазването , Симид, е отдавна "" предоставяне на здравна услуга"" и е на пазарен принцип. Ако не ти харесва : чемадан- вакзал- поезд- Пхенян. Сума преуспели българи в чужбина идват да си напраят зъбите тука.",Poro,6.04.2026 (пн) 7:07:44,0,27,2026-06-11 23:45:48
mediapool.bg,https://www.mediapool.bg/izbori-2026-cat130.html?page=6,https://www.mediapool.bg/tsik-prizova-da-ne-se-pravyat-masovi-smeni-na-chlenove-na-sektsionni-komisii-news382051.html,ЦИК призова да не се правят масови смени на членове на секционни комисии,2026-04-05 21:38:06,,2,"С други думи: Не закачайте организираната престъпност, ще настане хаос!",Гeн. Иван Колев,5.04.2026 (нд) 22:15:35,2,0,2026-06-11 23:45:49
mediapool.bg,https://www.mediapool.bg/izbori-2026-cat130.html?page=6,https://www.mediapool.bg/tsik-prizova-da-ne-se-pravyat-masovi-smeni-na-chlenove-na-sektsionni-komisii-news382051.html,ЦИК призова да не се правят масови смени на членове на секционни комисии,2026-04-05 21:38:06,,1,"И да се правят смени - Бойко Велики пак ще ""бие"" педофилскитеШарлатани! ;)",Мазен Кумунис,5.04.2026 (нд) 22:02:57,0,5,2026-06-11 23:45:49
mediapool.bg,https://www.mediapool.bg/izbori-2026-cat130.html?page=6,https://www.mediapool.bg/trima-zadarzhani-pri-spetsaktsiya-sreshtu-kupeniya-vot-v-montana-news382050.html,Трима задържани при спецакция срещу купения вот в Монтана,2026-04-05 20:29:19,,13,"Медиапул, само трима ! Само в Монтана ! Ядосах се. Като обявят че са арестували 500 души за купуване на вот - казвайте, не ме занимавайте с 3-ма в Монтана. ^^",Любо от Далеч,6.04.2026 (пн) 9:59:41,1,0,2026-06-11 23:46:00
mediapool.bg,https://www.mediapool.bg/izbori-2026-cat130.html?page=6,https://www.mediapool.bg/trima-zadarzhani-pri-spetsaktsiya-sreshtu-kupeniya-vot-v-montana-news382050.html,Трима задържани при спецакция срещу купения вот в Монтана,2026-04-05 20:29:19,,11,"МВР- то на Пеефски пипа здраво! Казах ви аз, че Мъдрият Владетел ше разчисти Кочината, вий не вервате:)))",Poro,6.04.2026 (пн) 5:29:41,0,9,2026-06-11 23:46:00
mediapool.bg,https://www.mediapool.bg/izbori-2026-cat130.html?page=6,https://www.mediapool.bg/trima-zadarzhani-pri-spetsaktsiya-sreshtu-kupeniya-vot-v-montana-news382050.html,Трима задържани при спецакция срещу купения вот в Монтана,2026-04-05 20:29:19,,9,"Иззеха от всички села тефтерите и оборота на магазините... Смазаха купения вот! На изборите Добрите партии ще вземат 121 депутата и в това няма никакво съмнение... Ако не се случи, значи има глобален заговор, който мнозина от години подозират. В него са включени мафията, олигархията, прокуратурата, европрокуратурата, Брюксел, Путин, Орбан, но също така и галактически сили на Злото, които се владеят от Знаете Кой... Просто галактиката се обединява срещу българското политическо чудо, което би превърнало страната ни в център на вселената за има-няма един мандат!",xa_poznai,5.04.2026 (нд) 22:07:33,0,9,2026-06-11 23:46:00
mediapool.bg,https://www.mediapool.bg/izbori-2026-cat130.html?page=6,https://www.mediapool.bg/trima-zadarzhani-pri-spetsaktsiya-sreshtu-kupeniya-vot-v-montana-news382050.html,Трима задържани при спецакция срещу купения вот в Монтана,2026-04-05 20:29:19,,7,МВР- то вече не е Завладяно! Как стана тая работа бре?,Poro,5.04.2026 (нд) 21:39:16,1,11,2026-06-11 23:46:00
mediapool.bg,https://www.mediapool.bg/izbori-2026-cat130.html?page=6,https://www.mediapool.bg/trima-zadarzhani-pri-spetsaktsiya-sreshtu-kupeniya-vot-v-montana-news382050.html,Трима задържани при спецакция срещу купения вот в Монтана,2026-04-05 20:29:19,,5,"Кметовете и на Монтана и на Лом са от ГЕРБ. Няма ли да напишат по едно гневно писмо във Фейса срещу ""софийските полицаи"" и да спретнат едно ""протестче на граждани"" пред общината?",Калико Джо,5.04.2026 (нд) 21:25:56,11,0,2026-06-11 23:46:00
mediapool.bg,https://www.mediapool.bg/izbori-2026-cat130.html?page=6,https://www.mediapool.bg/radev-e-sabral-pochti-530-hil-evro-ot-dareniya-news382027.html,Радев е събрал почти 530 хил. евро от дарения,2026-04-04 14:13:54,,107,"Радев не е събрал и 1 евро, даренията за партия ""Прогресивна България"" . Не са минали Борисов и Пеевски още!",Milanova Magda,5.04.2026 (нд) 19:33:08,0,5,2026-06-11 23:46:10
mediapool.bg,https://www.mediapool.bg/izbori-2026-cat130.html?page=6,https://www.mediapool.bg/radev-e-sabral-pochti-530-hil-evro-ot-dareniya-news382027.html,Радев е събрал почти 530 хил. евро от дарения,2026-04-04 14:13:54,,106,"Защо евро, а не рубли? Ще гледаме цирк първо идната седмица в Унгария, да видим, дали руснаците ще спечелят изборите и после в България, дали руснаците ще спечелят изборите...",andrei,5.04.2026 (нд) 11:45:18,8,2,2026-06-11 23:46:10
mediapool.bg,https://www.mediapool.bg/izbori-2026-cat130.html?page=6,https://www.mediapool.bg/radev-e-sabral-pochti-530-hil-evro-ot-dareniya-news382027.html,Радев е събрал почти 530 хил. евро от дарения,2026-04-04 14:13:54,,104,"То е очевидно за всички откъде идват парите за русския наемник Радев, както вече е очевидно и КОЯ ""българска"" телевизия е получила най-голям ""бонус"" (взятка, де!) за да отразява обилно и с ""любов"" изявите на прогресивното предателство: БТВ !!! Видяхте ли с какво настървение тази сутрин двата нахъсани пинчера поръчково злобно облайваха проф. Тодор Тагарев с въпроси за рамковото споразумение между България и Украйна? Но, като бивш военен министър, Проф. Тагарев, естествено, …Прочети целия коментар запази самообладание пред театралната помиярска атака :) Наистина жалки и смешни бяха двата пинчера, особено женският, които накрая чак прегракнаха от слугинско престараване (в джавкането)? Наистина срам за българската журналистика!",РК,5.04.2026 (нд) 11:07:21,10,1,2026-06-11 23:46:10
mediapool.bg,https://www.mediapool.bg/izbori-2026-cat130.html?page=6,https://www.mediapool.bg/radev-e-sabral-pochti-530-hil-evro-ot-dareniya-news382027.html,Радев е събрал почти 530 хил. евро от дарения,2026-04-04 14:13:54,,103,"За да не се получи да гледаме русофилистици, турци, копейки, мазни комунисти и най-вече педофилскиШарлатани в българското правителство - гласувайте с No15. ;)",Мазен Кумунис,5.04.2026 (нд) 2:57:17,0,12,2026-06-11 23:46:10
mediapool.bg,https://www.mediapool.bg/izbori-2026-cat130.html?page=6,https://www.mediapool.bg/radev-e-sabral-pochti-530-hil-evro-ot-dareniya-news382027.html,Радев е събрал почти 530 хил. евро от дарения,2026-04-04 14:13:54,,101,"Тъпо, грозно и не рита. Що е то? ПП-ДБ!",Мазен Кумунис,4.04.2026 (сб) 23:49:20,3,12,2026-06-11 23:46:10
mediapool.bg,https://www.mediapool.bg/izbori-2026-cat130.html?page=6,https://www.mediapool.bg/radev-e-sabral-pochti-530-hil-evro-ot-dareniya-news382027.html,Радев е събрал почти 530 хил. евро от дарения,2026-04-04 14:13:54,,99,"19 април, само две седмици, всичките изруди и антибългари отичат в канала, това не е част от българския род. Една седмица преди това, на Великден , унгарците ще гласуват и дадат добър пример",F16,4.04.2026 (сб) 23:23:58,0,14,2026-06-11 23:46:10
mediapool.bg,https://www.mediapool.bg/izbori-2026-cat130.html?page=6,https://www.mediapool.bg/borisov-balonat-radev-shte-se-spuka-db-sa-polezni-idioti-news381994.html,"Борисов: Балонът Радев ще се спука, ДБ са полезни идиоти",2026-04-03 14:31:14,,39,"РуZZкият слугинаж тук тиквата от Банкя,мамин прасчо, чорап зелен тоест руZZкият клон на мафията вкупом плюе срещу ППДБ. Тоест пАкото строителите тиквите заедно с лицето пеевски фалирало Булкартабак,КТБ и прочее и фатмака Боташ Крадев се надпреварват кой е по по най плювач. Тези Борисов,Пеевски и Радев са мафията на командване от кремъл и точно те са корупцията.",Stoycho,4.04.2026 (сб) 16:21:47,5,0,2026-06-11 23:46:22
mediapool.bg,https://www.mediapool.bg/izbori-2026-cat130.html?page=6,https://www.mediapool.bg/borisov-balonat-radev-shte-se-spuka-db-sa-polezni-idioti-news381994.html,"Борисов: Балонът Радев ще се спука, ДБ са полезни идиоти",2026-04-03 14:31:14,,38,"""Полезен идиот в хубавия смисъл"" - пожарникарски хумор, полят със Сикаджийски сос. и аромат на Интернационал. На Боко винагиму трябва изтривалка, да си избърше окаканите галоши. Иди сега, та прави съмишленици от него или Резидента.",Alex64,4.04.2026 (сб) 16:08:16,5,0,2026-06-11 23:46:22
mediapool.bg,https://www.mediapool.bg/izbori-2026-cat130.html?page=6,https://www.mediapool.bg/borisov-balonat-radev-shte-se-spuka-db-sa-polezni-idioti-news381994.html,"Борисов: Балонът Радев ще се спука, ДБ са полезни идиоти",2026-04-03 14:31:14,,37,"Затвори си устата, Fekaль16, че си затънал до гуша в отходни продукти и ще започнеш да ги гълташ. Упс, май закъснях с предупреждението...",В и К,4.04.2026 (сб) 15:34:25,7,0,2026-06-11 23:46:22
mediapool.bg,https://www.mediapool.bg/izbori-2026-cat130.html?page=6,https://www.mediapool.bg/borisov-balonat-radev-shte-se-spuka-db-sa-polezni-idioti-news381994.html,"Борисов: Балонът Радев ще се спука, ДБ са полезни идиоти",2026-04-03 14:31:14,,36,"Кой каквото прави, прави този който знае и може. А тия , които не знаят и не могат, какво правят, клатят си краката",F16,4.04.2026 (сб) 14:24:01,0,7,2026-06-11 23:46:22
mediapool.bg,https://www.mediapool.bg/izbori-2026-cat130.html?page=6,https://www.mediapool.bg/borisov-balonat-radev-shte-se-spuka-db-sa-polezni-idioti-news381994.html,"Борисов: Балонът Радев ще се спука, ДБ са полезни идиоти",2026-04-03 14:31:14,,35,"Балона Пееф ще се спука, Борисов е полезен иде$от. :)",ozzy70,4.04.2026 (сб) 11:36:38,5,0,2026-06-11 23:46:22
mediapool.bg,https://www.mediapool.bg/izbori-2026-cat130.html?page=6,https://www.mediapool.bg/borisov-balonat-radev-shte-se-spuka-db-sa-polezni-idioti-news381994.html,"Борисов: Балонът Радев ще се спука, ДБ са полезни идиоти",2026-04-03 14:31:14,,34,"Освен барба Ганьос, борисов е банкянския пинокио .Една от най големите му лъжи е, че България била приета в еврозоната благодарение на ГЕРБ. Но винаги забравя да спомене, че този дълъг процес, е започнал преди години и е нарочно протакан, за да угоди на Путин. Истината е, че- натискът и усилията за придвижване на България към Шенген и еврозоната бяха на правителството на ПП. Борисов обича винаги на финала и да си приписва резултата, както винаги е правил. Появява се, когато всичко е готово, и казва …Прочети целия коментар „аз го направих“. Идват избори и всички ние трябва да гласуваме, за да премахнем този човек и неговата крадлива пасмина от управлението на клетата ни държава. Да гласуваме за да не позволим и на селянина на колелото с руската рубашка да спечели. Народе???",Кая,4.04.2026 (сб) 10:15:07,9,0,2026-06-11 23:46:22
mediapool.bg,https://www.mediapool.bg/izbori-2026-cat130.html?page=6,https://www.mediapool.bg/borisov-balonat-radev-shte-se-spuka-db-sa-polezni-idioti-news381994.html,"Борисов: Балонът Радев ще се спука, ДБ са полезни идиоти",2026-04-03 14:31:14,,33,"Всеки човек носи пълна отговорност за действията си. Каквото и да предприемеш – добро или лошо – неговият резултат в крайна сметка ще се върне при теб. Не бива да виним другите за съдбата си, защото тя е резултат от нашите собствени избори. Както казва народа: - Кой кавтото прави , за себе си го прави.",Ravel,4.04.2026 (сб) 8:36:59,2,7,2026-06-11 23:46:22
mediapool.bg,https://www.mediapool.bg/izbori-2026-cat130.html?page=6,https://www.mediapool.bg/borisov-balonat-radev-shte-se-spuka-db-sa-polezni-idioti-news381994.html,"Борисов: Балонът Радев ще се спука, ДБ са полезни идиоти",2026-04-03 14:31:14,,32,"На Гадев ще се спука, а на Мутрата вече е спукан и лети и свисти наляво - надясно. Колкото до полезните идиоти - по големи такива Гроб спрямо Свинята не виждам.",anton nikolov,4.04.2026 (сб) 2:45:23,10,1,2026-06-11 23:46:22
mediapool.bg,https://www.mediapool.bg/izbori-2026-cat130.html?page=6,https://www.mediapool.bg/borisov-balonat-radev-shte-se-spuka-db-sa-polezni-idioti-news381994.html,"Борисов: Балонът Радев ще се спука, ДБ са полезни идиоти",2026-04-03 14:31:14,,31,"Време е и някой друг да свърши някяква работа в тая държава, все пак. Иначе ще трябва да продължаваме да стреляме по пианиста...",Megadonkey,4.04.2026 (сб) 1:48:26,1,9,2026-06-11 23:46:22
mediapool.bg,https://www.mediapool.bg/izbori-2026-cat130.html?page=6,https://www.mediapool.bg/borisov-balonat-radev-shte-se-spuka-db-sa-polezni-idioti-news381994.html,"Борисов: Балонът Радев ще се спука, ДБ са полезни идиоти",2026-04-03 14:31:14,,30,"Чудя се буда РАПОНЯ за какъв идиот се брои, след като си приписа заслугите за Шенген и €-то и ни обяснява какъв смелчага е. Понеже треньорът му по карате Валери Найденов и Румен Николов-Пашата още са живи и могат да разкажат разни интересни работи. Вкл. за Панкрац.",ПyтлЭр Xyйло,4.04.2026 (сб) 1:07:56,14,1,2026-06-11 23:46:22
mediapool.bg,https://www.mediapool.bg/izbori-2026-cat130.html?page=6,https://www.mediapool.bg/demerdzhiev-kani-kmeta-na-kardzhali-i-peevski-na-tepiha-news381921.html,Демерджиев кани кмета на Кърджали и Пеевски на тепиха,2026-04-01 17:48:43,,13,"Мазен Кумунис, мунчо в затвора! и ред други гербаджийски тролове са едно и също лице с един и същ IP.",tupaci,3.04.2026 (пт) 8:38:27,0,0,2026-06-11 23:46:34
mediapool.bg,https://www.mediapool.bg/izbori-2026-cat130.html?page=6,https://www.mediapool.bg/demerdzhiev-kani-kmeta-na-kardzhali-i-peevski-na-tepiha-news381921.html,Демерджиев кани кмета на Кърджали и Пеевски на тепиха,2026-04-01 17:48:43,,12,Пак ли си тука е комунистическо-путински идиот. Колкото и да се криеш знаем каква отрепка си.,tupaci,3.04.2026 (пт) 8:37:00,0,0,2026-06-11 23:46:34
mediapool.bg,https://www.mediapool.bg/izbori-2026-cat130.html?page=6,https://www.mediapool.bg/demerdzhiev-kani-kmeta-na-kardzhali-i-peevski-na-tepiha-news381921.html,Демерджиев кани кмета на Кърджали и Пеевски на тепиха,2026-04-01 17:48:43,,11,"Едно време ""Атака"" и старото ДПС се противопоставяха така. После излезе наяве, че Доган е финансирал партията на Сидеров. Всички прилики с описаните в статията събития са случайни.",Kapa o Pango,2.04.2026 (чт) 16:10:49,0,0,2026-06-11 23:46:34
mediapool.bg,https://www.mediapool.bg/izbori-2026-cat130.html?page=6,https://www.mediapool.bg/demerdzhiev-kani-kmeta-na-kardzhali-i-peevski-na-tepiha-news381921.html,Демерджиев кани кмета на Кърджали и Пеевски на тепиха,2026-04-01 17:48:43,,10,"За да не се получи да гледаме русофилистици, турци, копейки, мазни комунисти и най-вече педофилскиШарлатани в българското правителство - гласувайте с No15. ;)",Мазен Кумунис,2.04.2026 (чт) 4:09:47,2,8,2026-06-11 23:46:34
mediapool.bg,https://www.mediapool.bg/izbori-2026-cat130.html?page=6,https://www.mediapool.bg/demerdzhiev-kani-kmeta-na-kardzhali-i-peevski-na-tepiha-news381921.html,Демерджиев кани кмета на Кърджали и Пеевски на тепиха,2026-04-01 17:48:43,,9,Не разбрах ще се мажат ли с олио.,Кум Лисан,2.04.2026 (чт) 3:39:09,5,1,2026-06-11 23:46:34
mediapool.bg,https://www.mediapool.bg/izbori-2026-cat130.html?page=6,https://www.mediapool.bg/demerdzhiev-kani-kmeta-na-kardzhali-i-peevski-na-tepiha-news381921.html,Демерджиев кани кмета на Кърджали и Пеевски на тепиха,2026-04-01 17:48:43,,8,"Ами така се прави , нали е предизборна кампания. Ще се не види и престъпната измет , може ли да излезе с лицето си, може ли? Примитивни помиари.",F16,1.04.2026 (ср) 22:17:20,2,8,2026-06-11 23:46:34
mediapool.bg,https://www.mediapool.bg/izbori-2026-cat130.html?page=6,https://www.mediapool.bg/demerdzhiev-kani-kmeta-na-kardzhali-i-peevski-na-tepiha-news381921.html,Демерджиев кани кмета на Кърджали и Пеевски на тепиха,2026-04-01 17:48:43,,7,"Това е добре, да излезе но тепиха на борба, мместо да мълчи като женски полов орган",F16,1.04.2026 (ср) 20:46:51,3,12,2026-06-11 23:46:34
mediapool.bg,https://www.mediapool.bg/izbori-2026-cat130.html?page=6,https://www.mediapool.bg/demerdzhiev-kani-kmeta-na-kardzhali-i-peevski-na-tepiha-news381921.html,Демерджиев кани кмета на Кърджали и Пеевски на тепиха,2026-04-01 17:48:43,,6,"Явно тоя глупак се изявява, като пехливанин. ;)",Мазен Кумунис,1.04.2026 (ср) 20:19:28,3,15,2026-06-11 23:46:34
mediapool.bg,https://www.mediapool.bg/izbori-2026-cat130.html?page=6,https://www.mediapool.bg/demerdzhiev-kani-kmeta-na-kardzhali-i-peevski-na-tepiha-news381921.html,Демерджиев кани кмета на Кърджали и Пеевски на тепиха,2026-04-01 17:48:43,,5,Кочината е тая на мунчо начело с Демерджиев.,мунчо в затвора!,1.04.2026 (ср) 19:59:54,1,18,2026-06-11 23:46:34
mediapool.bg,https://www.mediapool.bg/izbori-2026-cat130.html?page=6,https://www.mediapool.bg/demerdzhiev-kani-kmeta-na-kardzhali-i-peevski-na-tepiha-news381921.html,Демерджиев кани кмета на Кърджали и Пеевски на тепиха,2026-04-01 17:48:43,,4,Тоя абсолютен и*зрод и мунчова изтривалка Демерджиев ще бъде размазан в Кърджали.,мунчо в затвора!,1.04.2026 (ср) 19:58:54,1,19,2026-06-11 23:46:34
mediapool.bg,https://www.mediapool.bg/izbori-2026-cat130.html?page=6,https://www.mediapool.bg/vladislav-panev-i-da-dobiva-gaz-bulgaria-mozhe-i-da-ne-zabogatee-zaradi-holandskata-bolest-news381878.html,"Владислав Панев: И да добива газ, България може и да не забогатее заради ""холандската болест""",2026-04-01 08:03:49,,12,Нямам спомени да съм чел в историята нещо за богати роби.,DG,18.04.2026 (сб) 4:17:35,0,0,2026-06-11 23:46:45
mediapool.bg,https://www.mediapool.bg/izbori-2026-cat130.html?page=6,https://www.mediapool.bg/vladislav-panev-i-da-dobiva-gaz-bulgaria-mozhe-i-da-ne-zabogatee-zaradi-holandskata-bolest-news381878.html,"Владислав Панев: И да добива газ, България може и да не забогатее заради ""холандската болест""",2026-04-01 08:03:49,,11,"България може да забогатее точно сега, защото на Балканите държавите са в кризи, които ние вече преминахме и научихме уроците си от тях. Научихме, че икономиката трябва да се диверсифицира, да се развиват лека, тежка промишленост, търговия, услуги. Никой не е забогатял от туризъм или развито селско стопанство, защото всички вече имат това.",Е анита хегерланд,4.04.2026 (сб) 8:32:50,0,1,2026-06-11 23:46:45
mediapool.bg,https://www.mediapool.bg/izbori-2026-cat130.html?page=6,https://www.mediapool.bg/vladislav-panev-i-da-dobiva-gaz-bulgaria-mozhe-i-da-ne-zabogatee-zaradi-holandskata-bolest-news381878.html,"Владислав Панев: И да добива газ, България може и да не забогатее заради ""холандската болест""",2026-04-01 08:03:49,,10,"Владислав Панев е слаб политик, макар и да говори верни неща. Мекушав. Не може да увлича хора. Не носи принадена стойност. Не носи и коментари....",Рим,2.04.2026 (чт) 6:09:49,9,1,2026-06-11 23:46:45
mediapool.bg,https://www.mediapool.bg/izbori-2026-cat130.html?page=6,https://www.mediapool.bg/vladislav-panev-i-da-dobiva-gaz-bulgaria-mozhe-i-da-ne-zabogatee-zaradi-holandskata-bolest-news381878.html,"Владислав Панев: И да добива газ, България може и да не забогатее заради ""холандската болест""",2026-04-01 08:03:49,,9,"Да припомним как прилъгаха предния път наивни хора - ще съберем 10 млрд дето се крадат, магистралите ще строим на половин цена, а с парите от кражбите ще направим 5 тунела под Стара Планина, два моста над Дунав, 8 летища за отлична свързаност по въздух, ще привлечем производители на електромобили и още мноооого други работи! Спечелиха изборите, хората повярваха и поискаха страната да се развива по-бързо и добре и после дойдоха ""резултатите""! НИЩО не събраха от ""кражбите"", всичко което се строеше …Прочети целия коментар беше спряно за цяла една година, на средата на ремонтите. Всички плащания към строители бяха спряни! От заявените инфраструктурни проекти дори не се стигна до етап на проектиране, а 90% нямаха дори идеен проект - те никога не са имали намерение да ги правят! След година забавяне заради спрени плащания цената на започнатите проекти нарасна с милиард лева - данъкоплатеца плати щедро за бездарието на тези некадърници! Същевременно при реализираната свръх-гига-супер-дупер печалба от Лукойл, равняваща се вероятно на сумата на цялата печалба за последните 20 години и след огромни гимнастики да прехвърлят бремето на Брюксел и макар да не успяха - те не я обложиха! Свръх кражба от българския данъкоплатец! Същевременно забатачиха ПВУ в трета глуха и когато други държави като Гърция получаваха трето плащане, на нас Брюксел ни заяви, че трябва да върнем първото авансово плащане защото дори и по него нищо не са свършили! Говрим за свръх бездарно племе! Веднъж да те прекарат - срам за тях, втори път да те прекарат - срам за теб!",xa_poznai,1.04.2026 (ср) 17:06:11,2,13,2026-06-11 23:46:45
mediapool.bg,https://www.mediapool.bg/izbori-2026-cat130.html?page=6,https://www.mediapool.bg/vladislav-panev-i-da-dobiva-gaz-bulgaria-mozhe-i-da-ne-zabogatee-zaradi-holandskata-bolest-news381878.html,"Владислав Панев: И да добива газ, България може и да не забогатее заради ""холандската болест""",2026-04-01 08:03:49,,8,"Дигитализацията на обществените и административните услуги може да се окаже стимулът да се намали администрацията. Поставянето на камери за нощно виждане и лицево разпознаване и създаване на центрове за анализ на данни, платформи с издирвани лица и други мерки могат да доведат до намаляване на силовите ведомства. Може да се създаде агенция, която да проследява държавните поръчки или тази работа да се даде на определен орган, който вече съществува. Газът и петролът са образувани на някогашното океанско …Прочети целия коментар и морско дъно, под огромно налягане, засипани с геологични пластове, които създават налягане, висока температура и компресия. Газът и петролът се намират на едно и също място, като газът най-лесно излиза към повърхността и може да бъде открит със сондиране. В Черно море вече е открит петрол, защо да не потърсим и ние. Газовите находища може да крият петрол в дълбочина. Прочетете в интернет.",Е анита хегерланд,1.04.2026 (ср) 13:55:48,1,12,2026-06-11 23:46:45
mediapool.bg,https://www.mediapool.bg/izbori-2026-cat130.html?page=6,https://www.mediapool.bg/vladislav-panev-i-da-dobiva-gaz-bulgaria-mozhe-i-da-ne-zabogatee-zaradi-holandskata-bolest-news381878.html,"Владислав Панев: И да добива газ, България може и да не забогатее заради ""холандската болест""",2026-04-01 08:03:49,,7,Браво! За първи път мнение по докоснатите теми да ми допада изцяло. Дано се случат повече такива НП в следващият парламент.,o.petti,1.04.2026 (ср) 13:37:14,16,1,2026-06-11 23:46:45
mediapool.bg,https://www.mediapool.bg/izbori-2026-cat130.html?page=6,https://www.mediapool.bg/vladislav-panev-i-da-dobiva-gaz-bulgaria-mozhe-i-da-ne-zabogatee-zaradi-holandskata-bolest-news381878.html,"Владислав Панев: И да добива газ, България може и да не забогатее заради ""холандската болест""",2026-04-01 08:03:49,,6,"Не не, това е празника на крадливБойко, дето обича да лъже простите герберууути и да раздава чужди пари през джипката.",кривак,1.04.2026 (ср) 11:40:08,19,4,2026-06-11 23:46:45
mediapool.bg,https://www.mediapool.bg/izbori-2026-cat130.html?page=6,https://www.mediapool.bg/vladislav-panev-i-da-dobiva-gaz-bulgaria-mozhe-i-da-ne-zabogatee-zaradi-holandskata-bolest-news381878.html,"Владислав Панев: И да добива газ, България може и да не забогатее заради ""холандската болест""",2026-04-01 08:03:49,,5,Единственият!!!,gardevgogo,1.04.2026 (ср) 11:31:08,4,14,2026-06-11 23:46:45
mediapool.bg,https://www.mediapool.bg/izbori-2026-cat130.html?page=6,https://www.mediapool.bg/vladislav-panev-i-da-dobiva-gaz-bulgaria-mozhe-i-da-ne-zabogatee-zaradi-holandskata-bolest-news381878.html,"Владислав Панев: И да добива газ, България може и да не забогатее заради ""холандската болест""",2026-04-01 08:03:49,,4,"Никой няма да открие газ или нефт ако той не стане негов. Никой не подарява милиарди на други заради сините му очи. Дори и да открият газ, няма да кажат че са го открили докато не го вземат.",глас в пустиня,1.04.2026 (ср) 11:07:03,4,18,2026-06-11 23:46:45
mediapool.bg,https://www.mediapool.bg/izbori-2026-cat130.html?page=6,https://www.mediapool.bg/v-yakoruda-plashat-ne-glasuvash-nyama-lichen-asistent-i-topal-obyad-news381852.html,"В Якоруда плашат: Не гласуваш, няма личен асистент и топъл обяд",2026-03-31 13:19:29,,6,"Езвенете, вий с личен асистент по причина ментални увреждания ле сте?...",Антон,31.03.2026 (вт) 18:59:42,7,1,2026-06-11 23:47:05
mediapool.bg,https://www.mediapool.bg/izbori-2026-cat130.html?page=6,https://www.mediapool.bg/v-yakoruda-plashat-ne-glasuvash-nyama-lichen-asistent-i-topal-obyad-news381852.html,"В Якоруда плашат: Не гласуваш, няма личен асистент и топъл обяд",2026-03-31 13:19:29,,5,"Никаква промяна в действията на мутрите през 90-те и сега.. Разликата е само, че тогава биеха и убиваха физически, а сега бият и убиват духовно. А духовното убийство е по страшно от физическото ! Адмирации за действията на служебното правителство!",Кая,31.03.2026 (вт) 18:44:36,11,2,2026-06-11 23:47:05
mediapool.bg,https://www.mediapool.bg/izbori-2026-cat130.html?page=6,https://www.mediapool.bg/v-yakoruda-plashat-ne-glasuvash-nyama-lichen-asistent-i-topal-obyad-news381852.html,"В Якоруда плашат: Не гласуваш, няма личен асистент и топъл обяд",2026-03-31 13:19:29,,4,"Вероятно ще станем свидетели на най-честните избори в историята и ще видите как глобално ще се променят изборните резултати! Нищо общо няма да има със социологията! Все пак както добре знаем купените и контролираните гласове са поне 20-30% и сега като гласуват тези хора за партиите, за които винаги са си мечтали да пуснат за тях, ще видите каква разлика ще стане! Смях! Пиар глупостите край нямат!",xa_poznai,31.03.2026 (вт) 18:30:43,1,9,2026-06-11 23:47:05
mediapool.bg,https://www.mediapool.bg/izbori-2026-cat130.html?page=6,https://www.mediapool.bg/v-yakoruda-plashat-ne-glasuvash-nyama-lichen-asistent-i-topal-obyad-news381852.html,"В Якоруда плашат: Не гласуваш, няма личен асистент и топъл обяд",2026-03-31 13:19:29,,3,"ДПС НН, които се присламчват към МАГА популистското дясно, са партия с 0 интегритет, принципи, човечност. Това нещо, което е начело на тази партия въплъщава всичко, което забавя и срами България.",Quo,31.03.2026 (вт) 18:27:50,10,1,2026-06-11 23:47:05
mediapool.bg,https://www.mediapool.bg/izbori-2026-cat130.html?page=6,https://www.mediapool.bg/v-yakoruda-plashat-ne-glasuvash-nyama-lichen-asistent-i-topal-obyad-news381852.html,"В Якоруда плашат: Не гласуваш, няма личен асистент и топъл обяд",2026-03-31 13:19:29,,2,ДПС е въпросната партия.,Шерлок Холмс,31.03.2026 (вт) 18:09:04,9,0,2026-06-11 23:47:05
mediapool.bg,https://www.mediapool.bg/izbori-2026-cat130.html?page=6,https://www.mediapool.bg/v-yakoruda-plashat-ne-glasuvash-nyama-lichen-asistent-i-topal-obyad-news381852.html,"В Якоруда плашат: Не гласуваш, няма личен асистент и топъл обяд",2026-03-31 13:19:29,,1,"Стига с тоя жалък деребей на агент Сава, който е мунчова подметка и пълен боклук!",мунчо в затвора!,31.03.2026 (вт) 14:09:58,1,11,2026-06-11 23:47:05
mediapool.bg,https://www.mediapool.bg/izbori-2026-cat130.html?page=6,https://www.mediapool.bg/andrei-gyurov-nikade-v-stanovishteto-ne-se-kazva-dali-sam-pravilno-ili-nepravilno-otstranen-ot-bnb-news381804.html,Андрей Гюров: Никъде в становището не се казва дали съм правилно или неправилно отстранен от БНБ,2026-03-29 21:46:20,,15,"Генералния адвокат на Съда на ес и той ли е човещ на Борисов и Пеевски?? Нима е ходил като Теодора Георгиева на някакви срещи и е получавал някакви пликове? Айде стига вече, ставате смешни. Досега бяхте само жалки, но вече сте и смешни",русенец,1.04.2026 (ср) 5:06:52,1,0,2026-06-11 23:47:20
mediapool.bg,https://www.mediapool.bg/izbori-2026-cat130.html?page=6,https://www.mediapool.bg/andrei-gyurov-nikade-v-stanovishteto-ne-se-kazva-dali-sam-pravilno-ili-nepravilno-otstranen-ot-bnb-news381804.html,Андрей Гюров: Никъде в становището не се казва дали съм правилно или неправилно отстранен от БНБ,2026-03-29 21:46:20,,14,Съдът ще отмени всички актове на тоя мръсник.,мунчо в затвора!,30.03.2026 (пн) 13:36:02,1,1,2026-06-11 23:47:20
mediapool.bg,https://www.mediapool.bg/izbori-2026-cat130.html?page=6,https://www.mediapool.bg/andrei-gyurov-nikade-v-stanovishteto-ne-se-kazva-dali-sam-pravilno-ili-nepravilno-otstranen-ot-bnb-news381804.html,Андрей Гюров: Никъде в становището не се казва дали съм правилно или неправилно отстранен от БНБ,2026-03-29 21:46:20,,13,"Тъпи, грозни, зловонни. Що е то? - Бандитски и Магнитски, известни още като Буда и Шиши.",сол,30.03.2026 (пн) 11:21:14,2,1,2026-06-11 23:47:20
mediapool.bg,https://www.mediapool.bg/izbori-2026-cat130.html?page=6,https://www.mediapool.bg/andrei-gyurov-nikade-v-stanovishteto-ne-se-kazva-dali-sam-pravilno-ili-nepravilno-otstranen-ot-bnb-news381804.html,Андрей Гюров: Никъде в становището не се казва дали съм правилно или неправилно отстранен от БНБ,2026-03-29 21:46:20,,11,"Тъпо, грозно и не рита. Що е то? ПП ДБ!",Мазен Кумунис,30.03.2026 (пн) 8:38:10,1,4,2026-06-11 23:47:20
mediapool.bg,https://www.mediapool.bg/izbori-2026-cat130.html?page=6,https://www.mediapool.bg/andrei-gyurov-nikade-v-stanovishteto-ne-se-kazva-dali-sam-pravilno-ili-nepravilno-otstranen-ot-bnb-news381804.html,Андрей Гюров: Никъде в становището не се казва дали съм правилно или неправилно отстранен от БНБ,2026-03-29 21:46:20,,10,"Атаката срещу Андрей Гюров идва както от мутрите около банкянския бандит и свинята, така и от радевите прогресисти-путинисти! В този нечистоплътен хор припяват и други пропутински отломки, като онова пишман юристче Киров, с изкривеното от злоба и омраза лице, което незнайно как е стигнало до ниво да учи студенти! Причината за тази атака е само една: всеки различен от тях, активен и стойностен човек в управлението на държавата, представлява потенциална заплаха! И имат основание да се страхуват...",Рим,30.03.2026 (пн) 6:52:07,6,1,2026-06-11 23:47:20
mediapool.bg,https://www.mediapool.bg/izbori-2026-cat130.html?page=6,https://www.mediapool.bg/andrei-gyurov-nikade-v-stanovishteto-ne-se-kazva-dali-sam-pravilno-ili-nepravilno-otstranen-ot-bnb-news381804.html,Андрей Гюров: Никъде в становището не се казва дали съм правилно или неправилно отстранен от БНБ,2026-03-29 21:46:20,,8,"Андрей Гюров освободен ли е от длъжността подуправител на Българската народна банка със заповед за това? Не е. Е? Кое му е незаконното? Бил отстранен временно, но не и уволнен от длъжност.",Джелсомино,30.03.2026 (пн) 0:35:28,20,1,2026-06-11 23:47:20
mediapool.bg,https://www.mediapool.bg/izbori-2026-cat130.html?page=6,https://www.mediapool.bg/andrei-gyurov-nikade-v-stanovishteto-ne-se-kazva-dali-sam-pravilno-ili-nepravilno-otstranen-ot-bnb-news381804.html,Андрей Гюров: Никъде в становището не се казва дали съм правилно или неправилно отстранен от БНБ,2026-03-29 21:46:20,,7,"Stefcho Stanev 3 д · Генералният адвокат на Съда на ЕС отряза Гюровата глава! БНБ е имала право да приеме решение, с което да констатира, че са налице основания за освобождаването му като подуправител. Заключенията на ГА накратко са: - Националното законодателство, въз основа на което е освободен подуправител на БНБ, не противоречи на правото на ЕС. - Правилата на ЕС за независимост на централните банки допускат държавата да изисква декларации за участие в дружества и да установява механизми …Прочети целия коментар за предотвратяване на конфликт на интереси. - Член 14.2 от Устава на ЕСЦБ (условията за освобождаване от длъжност) може да се прилага към подуправители, ако националното право го предвижда. - Ако подуправител не премахне конфликт на интереси в предвидения срок, това може да означава, че той не отговаря на изискванията за длъжността. Та, ако СЕС последва това становище и след това ВАС отсъди, че не е имал правото да заема длъжността подуправител, то той не трябвало и да е в ""домовата книга"", и съответно премиер. Кирцата №2. След министър с двойно гражданство, сега и премиер-парашутист. Пореден куц избор на президентското дуо... Ех, ако имаше някой да ги предупреди ???? Некадърните сглобкаджии така се изгавриха с конституцията и БНБ, че се налага ГА да започва становището си с постулати от 1920 година....",т€еритория на Мики Маус,30.03.2026 (пн) 0:08:50,1,19,2026-06-11 23:47:20
mediapool.bg,https://www.mediapool.bg/izbori-2026-cat130.html?page=6,https://www.mediapool.bg/andrei-gyurov-nikade-v-stanovishteto-ne-se-kazva-dali-sam-pravilno-ili-nepravilno-otstranen-ot-bnb-news381804.html,Андрей Гюров: Никъде в становището не се казва дали съм правилно или неправилно отстранен от БНБ,2026-03-29 21:46:20,,6,Сламеният незаконен премиер! ;),Мазен Кумунис,30.03.2026 (пн) 0:01:20,3,20,2026-06-11 23:47:20
mediapool.bg,https://www.mediapool.bg/izbori-2026-cat130.html?page=6,https://www.mediapool.bg/asen-vasilev-v-listite-na-radev-ima-prodaneni-deputati-i-hora-ot-ds-news381803.html,"Асен Василев: В листите на Радев има ""продънени депутати"" и хора от ДС",2026-03-29 20:47:19,,34,"Е, какво да кажа, Асен Василев пак удари право в десетката! Време е да спрем да си затваряме очите за тези ""продадени"" депутати и хора с тъмно минало. Нуждаем се от честни и открити хора в политиката, които наистина се грижат за България!",Sasho_9862,8.04.2026 (ср) 15:24:38,0,0,2026-06-11 23:47:31
mediapool.bg,https://www.mediapool.bg/izbori-2026-cat130.html?page=6,https://www.mediapool.bg/asen-vasilev-v-listite-na-radev-ima-prodaneni-deputati-i-hora-ot-ds-news381803.html,"Асен Василев: В листите на Радев има ""продънени депутати"" и хора от ДС",2026-03-29 20:47:19,,33,"Всъщност, хора на ДС има във всички листи, без изключение",простакa,7.04.2026 (вт) 12:46:32,0,0,2026-06-11 23:47:31
mediapool.bg,https://www.mediapool.bg/izbori-2026-cat130.html?page=6,https://www.mediapool.bg/asen-vasilev-v-listite-na-radev-ima-prodaneni-deputati-i-hora-ot-ds-news381803.html,"Асен Василев: В листите на Радев има ""продънени депутати"" и хора от ДС",2026-03-29 20:47:19,,31,"ПП ГЕРБ вече са се запътили към политическото отвъдно, към политическата преизподня. Да, все още са опасност, но и те (както и БСП) са обречени - след няколко изборни цикъла ще отидат при НДСВ - там където им е мястото. Но Радев е нова задаваща се опасност и то от голям калибър. Ето защо е приоритет да се справим с нея.",Съвестин,31.03.2026 (вт) 14:30:19,3,1,2026-06-11 23:47:31
mediapool.bg,https://www.mediapool.bg/izbori-2026-cat130.html?page=6,https://www.mediapool.bg/asen-vasilev-v-listite-na-radev-ima-prodaneni-deputati-i-hora-ot-ds-news381803.html,"Асен Василев: В листите на Радев има ""продънени депутати"" и хора от ДС",2026-03-29 20:47:19,,28,"Партията на Гадев е отровен червен тумор, сбирщина от мафиоти и ченгета, която дори не се прикрива особено , че е прорашистка.",anton nikolov,30.03.2026 (пн) 13:04:15,2,1,2026-06-11 23:47:31
mediapool.bg,https://www.mediapool.bg/izbori-2026-cat130.html?page=6,https://www.mediapool.bg/asen-vasilev-v-listite-na-radev-ima-prodaneni-deputati-i-hora-ot-ds-news381803.html,"Асен Василев: В листите на Радев има ""продънени депутати"" и хора от ДС",2026-03-29 20:47:19,,27,"Смъртна опасност грози България, ако гласуващите - заблудени или късогледи наивници, изберат руския фашистки агент Румен Радев , който с бандата си рубладжии и с обичайното съдействие на Бойко Борисов /да не говорим за Копейкин/, се готви да откъсне Държавата ни от Европа и да я хвърли плячка на терористична, вражеска Русия! Ясно е, че Решетников и Митрофанова са ""посъветвали"" фалшивия ""герой"" да се спотайва и да не приказва, защото от всяко негово празнословие блесва що за некомпетентна и куха …Прочети целия коментар лейка е - заради Радев, България плаща по МИЛИОН ВСЕКИ ДЕН на БОТАШ ( за месец - пенсията на 50 000 пенсионери), а и последният глупак би разбрал, че е жалка марионетка на Кремъл и предател на България !",P.Stoev,30.03.2026 (пн) 11:07:27,6,1,2026-06-11 23:47:31
mediapool.bg,https://www.mediapool.bg/izbori-2026-cat130.html?page=6,https://www.mediapool.bg/asen-vasilev-v-listite-na-radev-ima-prodaneni-deputati-i-hora-ot-ds-news381803.html,"Асен Василев: В листите на Радев има ""продънени депутати"" и хора от ДС",2026-03-29 20:47:19,,26,"РАДЕВ МИШКООООООО, дебат кога?!",nikolovaleksandar1988,30.03.2026 (пн) 11:06:45,7,1,2026-06-11 23:47:31
mediapool.bg,https://www.mediapool.bg/izbori-2026-cat130.html?page=6,https://www.mediapool.bg/asen-vasilev-v-listite-na-radev-ima-prodaneni-deputati-i-hora-ot-ds-news381803.html,"Асен Василев: В листите на Радев има ""продънени депутати"" и хора от ДС",2026-03-29 20:47:19,,25,"Правителство заедно с Радев е равно на коалиция с Борисов и Певски.И тримата са еднакво токсични. Като не успеем на тези избори, ще успеем на другите. ППДБ няма да падне в щедро отворения капан на кремълската рубашака и няма за втори път да настъпи ""мотиката"" .Освен това служебното правителство страхотно си върши работата.",Кая,30.03.2026 (пн) 10:26:27,8,0,2026-06-11 23:47:31
mediapool.bg,https://www.mediapool.bg/izbori-2026-cat130.html?page=6,https://www.mediapool.bg/gerb-se-gotvi-da-upravlyava-spored-mitov-tryabva-da-se-tarsi-saglasie-s-drugi-formatsii-news381796.html,ГЕРБ се готви да управлява. Според Митов трябва да се търси съгласие с други формации,2026-03-29 15:38:33,,39,"ГЕРБ не просто се готвят да управляват, те използват целия държавен апарат като предизборен щаб. Имаме данни за безпрецедентен натиск в общински фирми, полиция и училища. Вместо образование, на 12-класниците се предлага политическа пропаганда и ‘черпене’. Още по-притеснително е овладяването на СИК – масово активисти на ГЕРБ се вписват като представители на по-малки партии (МЕЧ, Величие), за да контролират броенето. Когато дъщерята на Георги Станков - Семката (рекордьорът по преференции на ГЕРБ) оглавява комисия от името на ‘Величие’, става ясно, че честни избори трудно ще има.",Ravel,1.04.2026 (ср) 12:23:53,0,0,2026-06-11 23:47:42
mediapool.bg,https://www.mediapool.bg/izbori-2026-cat130.html?page=6,https://www.mediapool.bg/gerb-se-gotvi-da-upravlyava-spored-mitov-tryabva-da-se-tarsi-saglasie-s-drugi-formatsii-news381796.html,ГЕРБ се готви да управлява. Според Митов трябва да се търси съгласие с други формации,2026-03-29 15:38:33,,37,На снимката е къдравата Сю....от партията на neдофuлчemo даниел александров (герб),Javor,30.03.2026 (пн) 3:20:42,4,2,2026-06-11 23:47:42
mediapool.bg,https://www.mediapool.bg/izbori-2026-cat130.html?page=6,https://www.mediapool.bg/gerb-se-gotvi-da-upravlyava-spored-mitov-tryabva-da-se-tarsi-saglasie-s-drugi-formatsii-news381796.html,ГЕРБ се готви да управлява. Според Митов трябва да се търси съгласие с други формации,2026-03-29 15:38:33,,36,"Те не ги пускат в селото, той (Митов) за попа пита.....:) Този политически хамелеон нещо съвсем се е объркАл:)",ultra,30.03.2026 (пн) 0:32:40,8,1,2026-06-11 23:47:42
mediapool.bg,https://www.mediapool.bg/izbori-2026-cat130.html?page=6,https://www.mediapool.bg/gerb-se-gotvi-da-upravlyava-spored-mitov-tryabva-da-se-tarsi-saglasie-s-drugi-formatsii-news381796.html,ГЕРБ се готви да управлява. Според Митов трябва да се търси съгласие с други формации,2026-03-29 15:38:33,,35,Ех какъв фалстарт се заформя за тези продажници.,Дидo,29.03.2026 (нд) 22:46:52,10,2,2026-06-11 23:47:42
mediapool.bg,https://www.mediapool.bg/izbori-2026-cat130.html?page=6,https://www.mediapool.bg/gerb-se-gotvi-da-upravlyava-spored-mitov-tryabva-da-se-tarsi-saglasie-s-drugi-formatsii-news381796.html,ГЕРБ се готви да управлява. Според Митов трябва да се търси съгласие с други формации,2026-03-29 15:38:33,,34,"Да, точно така ще стане. Същото като при царя. Същото и като при Слави. Той даже два пъти не направи правителство. Точно така ще стане и после пак ще има много изненадани и разочаровани, които искат цените и заплатите да са като в Германия, но ще гласиват за Радев.",Дидo,29.03.2026 (нд) 22:42:25,11,1,2026-06-11 23:47:42
mediapool.bg,https://www.mediapool.bg/izbori-2026-cat130.html?page=6,https://www.mediapool.bg/gerb-se-gotvi-da-upravlyava-spored-mitov-tryabva-da-se-tarsi-saglasie-s-drugi-formatsii-news381796.html,ГЕРБ се готви да управлява. Според Митов трябва да се търси съгласие с други формации,2026-03-29 15:38:33,,33,"Да, точно така ще стане. Същото като при царя. Същото и като при Слави. Той даже два пъти не направи правителство. Точно така ще стане и после пак ще има много изненадани и разочаровани, които искат цените и заплатите да са като в Германия, но ще гласиват за Радев.",Дидo,29.03.2026 (нд) 22:42:17,13,1,2026-06-11 23:47:42
mediapool.bg,https://www.mediapool.bg/izbori-2026-cat130.html?page=6,https://www.mediapool.bg/gerb-se-gotvi-da-upravlyava-spored-mitov-tryabva-da-se-tarsi-saglasie-s-drugi-formatsii-news381796.html,ГЕРБ се готви да управлява. Според Митов трябва да се търси съгласие с други формации,2026-03-29 15:38:33,,32,Нещо за фазата на луната и ретроградния меркурий да кажеш?,Дидo,29.03.2026 (нд) 22:37:53,14,1,2026-06-11 23:47:42
mediapool.bg,https://www.mediapool.bg/izbori-2026-cat130.html?page=6,https://www.mediapool.bg/gerb-se-gotvi-da-upravlyava-spored-mitov-tryabva-da-se-tarsi-saglasie-s-drugi-formatsii-news381796.html,ГЕРБ се готви да управлява. Според Митов трябва да се търси съгласие с други формации,2026-03-29 15:38:33,,31,"ЕС ще трябва да плати 1,2 трилиона евро за мрежова стабилност заради безконтролното присъединяване на ВЕИ Актуално 29.03.2026 Автор: Обективно ЕС ще трябва да плати 1,2 трилиона евро за мрежова стабилност Асоциацията на европейските електроенергийни системни оператори ENTSO-E публикува окончателния доклад за мащабното прекъсване на електрозахранването в Испания и Португалия на 28 април 2025 г. Това беше най-тежката авария в електроенергийната система на ЕС от повече от две десетилетия, оставила …Прочети целия коментар над 50 милиона души без ток за часове. „Реактивните мощности в системата не бяха в състояние да овладеят внезапното покачване на напрежението. Генераторите работеха във фиксиран режим на фактор на мощността, когато активната мощност спадна, реактивната подкрепа изчезна“, пише в официалния доклад на ENTSO-E. Как се случи аварията Докладът рисува изключително подробна картина. В рамките на по-малко от 90 секунди след 12:32 ч. централноевропейско време поредица от събития довежда до пълен срив. Ето ключовите моменти: 12:32:00 – напрежението в испанската мрежа започва рязко да расте. Големи соларни централи, работещи във фиксиран режим, намаляват активната мощност, а с нея – и абсорбцията на реактивна енергия. 12:32:57 – трансформатор край Гранада се изключва от пренапрежение, загубени са 355 MW. Секунди по-късно падат още 727 MW фотоволтаици и 928 MW вятърна и соларна генерация. 12:33:21 – AC връзките между Франция и Испания се изключват заради загуба на синхронизъм. 12:33:24 – системата колабира напълно. Португалия остава без ток 12 часа, части от Испания – до 16 часа Шест технически пропуска Експертният панел, съставен от 49 представители на оператори, регулатори и национални агенции, установи множество взаимосвързани дефицити. 1.ВЕИ работят във „фиксиран режим“ и не поддържат напрежението Много соларни централи в Испания са били настроени на „фиксиран фактор на мощността“ – те поддържат постоянно съотношение между активна и реактивна мощност, като абсорбират реактивна мощност от мрежата. Когато слънчевата генерация спадне, тази абсорбция рязко намалява, което води до излишък на реактивна мощност в системата и неконтролируемо покачване на напрежението. Липса на достатъчни източници на реактивна мощност Синхронните генератори (които естествено осигуряват реактивна мощност) са били недостатъчни, а наличните паралелни реактори са управлявани ръчно – забавянето им се е оказало фатално. 3.„Невидимите“ малки соларни системи са се изключили масово Хиляди покривни фотоволтаици (под 1 MW) са отпаднали заради пренапрежение. Те са били „невидими“ за операторите, но колективното им изключване е задълбочило кризата. Съществуващите защитни планове не са били подготвени за този тип авария Автоматичното честотно разтоварване (АЧР) и другите системи за защита са се активирали, но не са успели да спрат каскадата. Причината: те са проектирани за проблеми с честотата, а не за свръхнапрежение. Експертите препоръчват спешна актуализация на защитните планове. 5. Широкият допустим диапазон на напрежение намалява сигурността В Испания мрежата може да работи до 435 kV, докато в останалата част на Европа стандартът е 380–420 kV. Това оставя минимален резерв преди автоматичното изключване. Ограничена координация и непълна видимост Липсата на реалновременна видимост на разпределените ресурси и недостатъчният обмен на данни между операторите е забавил реакцията. „ВЕИ не могат да осигурят реактивна мощност и въртяща инерция; масовото им присъединяване без адекватни балансиращи мощности води до нестабилност; енергийният микс без достатъчно синхронни генератори е предпоставка за системен срив“, предупреди инж. Игнат Божинов от Гражданска инициатива „Защита на Марица Изток“. Тя обединява енергийни експерти, които стартираха петиция до парламентите на България и на ЕС, до министерството на енергетиката и до Европейската комисия с искане комплекс „Марица Изток“ да бъде признат за доставчик на системна услуга за стабилност на европейската енергийна мрежа. Още през декември 2025 г. Европейската комисия представи Пакета за електропреносните мрежи (EU Grids Package) – набор от законодателни и политически мерки за модернизация на електрическата инфраструктура . Целите са ясни: ускоряване на инвестициите, намаляване на времето за разрешителни (в момента средно 5 години за преносни линии) и опростяване на процедурите за проекти от обществен интерес . Финансовите измерения са впечатляващи: До 2040 г. се предвиждат 1,2 трилиона евро инвестиции в мрежите, от които 730 млрд. евро само за разпределителни мрежи; Бюджетът на Механизма за свързване на Европа (CEF Energy) за периода 2028–2034 ще бъде увеличен от 5,8 млрд. евро на 29,9 млрд. евро, което представлява петкратен ръст от миналия бюджетен период; Допълнителни 240 млрд. евро са предвидени за водородна мрежа. Експертите на ENTSO-E вече посочиха, че синхронната стабилност и адекватният контрол на напрежението са сред най-важните приоритети за европейските оператори. Именно това осигурява комплекс „Марица Изток“ с неговата въртяща инерция, горещ резерв и реактивна мощност. Какво означава това за България Изводите от доклада са пряко приложими у нас. България масово и хаотично присъединява соларни и вятърни паркове, докато стратегическите синхронни мощности (като тези в комплекса „Марица Изток“) биват ограничавани и наказвани с такси за въглеродни емисии. Аварията в Иберия е предупредителен сигнал – ако не бъдат взети мерки, сценарият с неконтролируемо покачване на напрежението и каскадно изключване на ВЕИ може да се случи в България, както и в цяла „зелена“ Европа. Затова ЕС буквално под лупа търси къде да инвестира огромни средства за мрежова стабилност. „България може да предложи къде: в комплекс „Марица Изток“. Българските политици трябва само да поискат нужните средства“, коментира инж. Божинов от Гражданска инициатива „Защита на Марица Изток“, която настоява в петиция до българските и европейските институции: Комплексът да бъде признат за доставчик на критична системна услуга за стабилност на европейската енергийна мрежа; Да получи целево финансиране от ЕС за поддържане на горещ резерв, въртяща инерция и реактивна мощност, каквото получават ветрогенераторите и фотоволтаиците; Българската енергийна политика да се основава на инженерна логика, а не на идеологически клишета. „Марица Изток“ не е просто въглищен производител. Това е гарант за националната и европейска сигурност. След като ЕС ще влага трилиони в това, което ние вече имаме, трябва решително да подкрепим собствения си стратегически актив“, обясняват от гражданската инициатива. Петиция до Брюксел и как българските граждани могат да помогнат Всеки, който иска да подкрепи тази кауза, може да се включи тук: https://www.peticiq.com/marica-iztok Важно: След като попълните формата, проверете имейла си – ще получите съобщение от Peticiq.com с линк за потвърждение. Без потвърждение подписът не се зачита. Проверете и папка „Спам“. Пълният текст на предложението и подробната аргументация с цел обществено обсъждане са публикувани на платформата „Свободна България“. Още по темата: Следващото спиране на тока ще бъде континентално заради политиката за „Нетна нула“ на Брюксел",т€еритория на Мики Маус,29.03.2026 (нд) 20:58:02,2,19,2026-06-11 23:47:42
mediapool.bg,https://www.mediapool.bg/izbori-2026-cat130.html?page=6,https://www.mediapool.bg/gerb-se-gotvi-da-upravlyava-spored-mitov-tryabva-da-se-tarsi-saglasie-s-drugi-formatsii-news381796.html,ГЕРБ се готви да управлява. Според Митов трябва да се търси съгласие с други формации,2026-03-29 15:38:33,,30,"Ваня Григорова 1 д · Направих кратък запис с телефон на предизборния дебат за частните пенсионни фондове, тъй като е изрязан в записа на телевизията. Забравили са, че вече има опция за връщане при някои от доставчиците ???? Благодаря на д-р Десислав Тасков от БСП, че повдигна темата! Благодаря на г-н Георги Георгиев от Възраждане, че изказа част от ключовите промени, направени от един парламент, който нямал легитимност да приеме бюджет, но имаше легитимност да извърши кражбата на века в пенсионната …Прочети целия коментар система! Можете да изслушате поредицата неистини и спекулации, изказани от представителката на ГЕРБ - г-жа Сачева: ❌ парите в частните пенсионни фондове били гарантирани. Как?! Кой гарантира, че борсите няма да се сринат и колко пъти ще се случи това в рамките на един човешки живот? ❌ парите в частните пенсионни фондове се наследявали. Нищо подобно! При пожизнени пенсии без условия НАСЛЕДЯВАНЕ НЯМА! ❌ пенсиите щели да се увеличат с почти 50%. След 20 години? След 50? Благодарение на НОИ или на нестабилните борси, които реагират и в момента на всяка реплика на малоумното същество, което управлява САЩ? Сачева НЕ Е специалист по пенсионни въпроси. Тя преповтаря това, което й е казано именно от частните пенсионни дружества. Защото те имат 27 млрд. лв. само в УПФ-тата, а това са пари, които КОРУМПИРАТ. ГЕРБ е вреден за вашето здраве! И за вашето бъдеще!",т€еритория на Мики Маус,29.03.2026 (нд) 20:09:05,4,23,2026-06-11 23:47:42
mediapool.bg,https://www.mediapool.bg/izbori-2026-cat130.html?page=6,https://www.mediapool.bg/alfa-risarch-pri-izbori-dnes-5-partii-vlizat-v-parlamenta-bsp-palzi-kam-barierata-news381795.html,"""Алфа Рисърч"": При избори днес 5 партии влизат в парламента, БСП пълзи към бариерата",2026-03-29 14:15:23,,30,Другарката Димѝтрова пак аргатува за зайчарника и посмига на путинското ме-ке-ре др. Гадев.,Левант,7.04.2026 (вт) 8:27:43,2,0,2026-06-11 23:47:53
mediapool.bg,https://www.mediapool.bg/izbori-2026-cat130.html?page=6,https://www.mediapool.bg/alfa-risarch-pri-izbori-dnes-5-partii-vlizat-v-parlamenta-bsp-palzi-kam-barierata-news381795.html,"""Алфа Рисърч"": При избори днес 5 партии влизат в парламента, БСП пълзи към бариерата",2026-03-29 14:15:23,,29,"Ако не правиш разлика между руски народ и култура и управляващите ги, тогава си просто яко задръстен",golawoda,30.03.2026 (пн) 12:51:12,1,2,2026-06-11 23:47:53
mediapool.bg,https://www.mediapool.bg/izbori-2026-cat130.html?page=6,https://www.mediapool.bg/alfa-risarch-pri-izbori-dnes-5-partii-vlizat-v-parlamenta-bsp-palzi-kam-barierata-news381795.html,"""Алфа Рисърч"": При избори днес 5 партии влизат в парламента, БСП пълзи към бариерата",2026-03-29 14:15:23,,28,"Свали си феса, после и потурите, че Свинчо по лесно да ти го тури",golawoda,30.03.2026 (пн) 12:45:31,0,2,2026-06-11 23:47:53
mediapool.bg,https://www.mediapool.bg/izbori-2026-cat130.html?page=6,https://www.mediapool.bg/alfa-risarch-pri-izbori-dnes-5-partii-vlizat-v-parlamenta-bsp-palzi-kam-barierata-news381795.html,"""Алфа Рисърч"": При избори днес 5 партии влизат в парламента, БСП пълзи към бариерата",2026-03-29 14:15:23,,27,"Свали си феса, после и потурите, че Свинчо по лесно да ти го тури",golawoda,30.03.2026 (пн) 12:45:16,0,2,2026-06-11 23:47:53
mediapool.bg,https://www.mediapool.bg/izbori-2026-cat130.html?page=6,https://www.mediapool.bg/alfa-risarch-pri-izbori-dnes-5-partii-vlizat-v-parlamenta-bsp-palzi-kam-barierata-news381795.html,"""Алфа Рисърч"": При избори днес 5 партии влизат в парламента, БСП пълзи към бариерата",2026-03-29 14:15:23,,26,"Към Ощавен маркиз: Като гледам писанията ти, единствено мога да кажа: Боже, опази България!",golawoda,30.03.2026 (пн) 12:40:44,0,2,2026-06-11 23:47:53
mediapool.bg,https://www.mediapool.bg/izbori-2026-cat130.html?page=6,https://www.mediapool.bg/alfa-risarch-pri-izbori-dnes-5-partii-vlizat-v-parlamenta-bsp-palzi-kam-barierata-news381795.html,"""Алфа Рисърч"": При избори днес 5 партии влизат в парламента, БСП пълзи към бариерата",2026-03-29 14:15:23,,25,"Р.Stoev, всичко написано от вас са абсолютни лъжи и манипулации. Интересно ще ми е когато Прогресивна България поеме властта и опровергае чрез управлението си всичките ви измишльотини, как ще реагирате. Съмнявам се, че ще се извините. Съдейки по писанията ви ми е ясен манталитета ви.",golawoda,30.03.2026 (пн) 12:35:02,0,2,2026-06-11 23:47:53
mediapool.bg,https://www.mediapool.bg/izbori-2026-cat130.html?page=6,https://www.mediapool.bg/alfa-risarch-pri-izbori-dnes-5-partii-vlizat-v-parlamenta-bsp-palzi-kam-barierata-news381795.html,"""Алфа Рисърч"": При избори днес 5 партии влизат в парламента, БСП пълзи към бариерата",2026-03-29 14:15:23,,24,БСП ще спре да пълзи когато даде на Борянка достатъчна сума за да премине 4 процента.,anton nikolov,29.03.2026 (нд) 20:47:07,16,0,2026-06-11 23:47:53
mediapool.bg,https://www.mediapool.bg/izbori-2026-cat130.html?page=6,https://www.mediapool.bg/alfa-risarch-pri-izbori-dnes-5-partii-vlizat-v-parlamenta-bsp-palzi-kam-barierata-news381795.html,"""Алфа Рисърч"": При избори днес 5 партии влизат в парламента, БСП пълзи към бариерата",2026-03-29 14:15:23,,23,"Пак ще има ""измамените камилчета""...",ImBlack,29.03.2026 (нд) 18:19:54,18,0,2026-06-11 23:47:53
mediapool.bg,https://www.mediapool.bg/izbori-2026-cat130.html?page=6,https://www.mediapool.bg/alfa-risarch-pri-izbori-dnes-5-partii-vlizat-v-parlamenta-bsp-palzi-kam-barierata-news381795.html,"""Алфа Рисърч"": При избори днес 5 партии влизат в парламента, БСП пълзи към бариерата",2026-03-29 14:15:23,,22,Свинските мekepema ИТН няма да са в парламента. Бяха важна патерица за мафията.,Шерлок Холмс,29.03.2026 (нд) 18:12:55,19,0,2026-06-11 23:47:53
mediapool.bg,https://www.mediapool.bg/izbori-2026-cat130.html?page=6,https://www.mediapool.bg/rositsa-mateva-razrabotva-se-prilozhenie-za-proverka-na-vavezhdaneto-i-izchislyavaneto-na-rezultatite-ot-vota-v-sik-news381794.html,Росица Матева: Разработва се приложение за проверка на въвеждането и изчисляването на резултатите от вота в СИК,2026-03-29 13:11:44,,2,И туй приложение как ще се провери дали не скрива резултатите на русофилските партии? И не вдига резултатите на про католическите партии на служебното правителство ?,глас в пустиня,29.03.2026 (нд) 13:41:20,0,6,2026-06-11 23:47:53
mediapool.bg,https://www.mediapool.bg/izbori-2026-cat130.html?page=6,https://www.mediapool.bg/rositsa-mateva-razrabotva-se-prilozhenie-za-proverka-na-vavezhdaneto-i-izchislyavaneto-na-rezultatite-ot-vota-v-sik-news381794.html,Росица Матева: Разработва се приложение за проверка на въвеждането и изчисляването на резултатите от вота в СИК,2026-03-29 13:11:44,,1,"Как е разработено приложението! Кой да спечели - русофилистика, евроатлантика или шарлатанина? ;) ;)",Мазен Кумунис,29.03.2026 (нд) 13:36:27,0,7,2026-06-11 23:47:53
mediapool.bg,https://www.mediapool.bg/izbori-2026-cat130.html?page=6,https://www.mediapool.bg/hasan-ademov-sotsialnata-sistema-chesto-e-bila-izpolzvana-za-kontroliran-vot-news381792.html,Хасан Адемов: Социалната система често е била използвана за контролиран вот,2026-03-29 11:40:45,,11,"Да, но врче 1300 г. Името на родината ни е едно, а не турция! ;)",Мазен Кумунис,30.03.2026 (пн) 11:46:30,0,0,2026-06-11 23:48:04
mediapool.bg,https://www.mediapool.bg/izbori-2026-cat130.html?page=6,https://www.mediapool.bg/hasan-ademov-sotsialnata-sistema-chesto-e-bila-izpolzvana-za-kontroliran-vot-news381792.html,Хасан Адемов: Социалната система често е била използвана за контролиран вот,2026-03-29 11:40:45,,10,"Българите се появяват по тоя земи през 7 век, турците през 14 век. И едните и другите са пришълци от Азия, както и всички индоевропейски народи, дошли преди 9-10 хилядолетия в Европа от Централна Азия. Единствените останали коренни жители на континента от преди 50 хил. години са баските. Но например в САЩ никой няма да каже, че само име като Текумзе или Ташунка Витко са американски, а Джон Смит не е. България е територия и я обитават различни националности. Междувпрочем власите и каракачаните са по-древно население от славяните, чийто език говорим но повечето от имената ни са еврейски и гръцки, заради християнството.",Калико Джо,29.03.2026 (нд) 20:32:08,12,0,2026-06-11 23:48:04
mediapool.bg,https://www.mediapool.bg/izbori-2026-cat130.html?page=6,https://www.mediapool.bg/hasan-ademov-sotsialnata-sistema-chesto-e-bila-izpolzvana-za-kontroliran-vot-news381792.html,Хасан Адемов: Социалната система често е била използвана за контролиран вот,2026-03-29 11:40:45,,9,"Май само те ни останаха. Истинските патриоти. Освен сите русофилистици, тръмписти и необолшевики.",Megadonkey,29.03.2026 (нд) 14:51:39,1,0,2026-06-11 23:48:04
mediapool.bg,https://www.mediapool.bg/izbori-2026-cat130.html?page=6,https://www.mediapool.bg/hasan-ademov-sotsialnata-sistema-chesto-e-bila-izpolzvana-za-kontroliran-vot-news381792.html,Хасан Адемов: Социалната система често е била използвана за контролиран вот,2026-03-29 11:40:45,,8,Хасан - какво истинско българско име. ;),Мазен Кумунис,29.03.2026 (нд) 14:07:42,0,16,2026-06-11 23:48:04
mediapool.bg,https://www.mediapool.bg/izbori-2026-cat130.html?page=6,https://www.mediapool.bg/hasan-ademov-sotsialnata-sistema-chesto-e-bila-izpolzvana-za-kontroliran-vot-news381792.html,Хасан Адемов: Социалната система често е била използвана за контролиран вот,2026-03-29 11:40:45,,7,"Кой кофа нафта, кой чувал с брашно или дънки за промоция. Всичко е шоу бизнес ;-)",Megadonkey,29.03.2026 (нд) 13:34:20,2,2,2026-06-11 23:48:04
mediapool.bg,https://www.mediapool.bg/izbori-2026-cat130.html?page=6,https://www.mediapool.bg/hasan-ademov-sotsialnata-sistema-chesto-e-bila-izpolzvana-za-kontroliran-vot-news381792.html,Хасан Адемов: Социалната система често е била използвана за контролиран вот,2026-03-29 11:40:45,,6,Тоя дърт деребей от бандата на агент Сава и мунчово мекере е срам за кабинета.,мунчо в затвора!,29.03.2026 (нд) 13:05:11,0,15,2026-06-11 23:48:04
mediapool.bg,https://www.mediapool.bg/izbori-2026-cat130.html?page=6,https://www.mediapool.bg/hasan-ademov-sotsialnata-sistema-chesto-e-bila-izpolzvana-za-kontroliran-vot-news381792.html,Хасан Адемов: Социалната система често е била използвана за контролиран вот,2026-03-29 11:40:45,,5,Господ да убие копейките и най-вече Путлер! ;),Мазен Кумунис,29.03.2026 (нд) 12:23:34,0,16,2026-06-11 23:48:04
mediapool.bg,https://www.mediapool.bg/izbori-2026-cat130.html?page=6,https://www.mediapool.bg/hasan-ademov-sotsialnata-sistema-chesto-e-bila-izpolzvana-za-kontroliran-vot-news381792.html,Хасан Адемов: Социалната система често е била използвана за контролиран вот,2026-03-29 11:40:45,,4,"""..мерките предложени от кабинета ""Гюров"" са съобразени с ""недостатъчно дълбокия джоб"" ...Шшш, Асане, ний сме в Клуба на Богатите, не сме республика във фалиралата Рашистка П. е. д. е. р. а. ц. и . я, понял, блять? Тия, с тез недостатъчно дълбоки джобове са необразовани , некадърни копейки, де чакат да им фърлят двайсе ойро за биндзин и тунджа.",Poro,29.03.2026 (нд) 12:14:53,0,16,2026-06-11 23:48:04
mediapool.bg,https://www.mediapool.bg/izbori-2026-cat130.html?page=6,https://www.mediapool.bg/hasan-ademov-sotsialnata-sistema-chesto-e-bila-izpolzvana-za-kontroliran-vot-news381792.html,Хасан Адемов: Социалната система често е била използвана за контролиран вот,2026-03-29 11:40:45,,2,"Скрий се, копейка!",Jordan M.,29.03.2026 (нд) 12:07:30,17,2,2026-06-11 23:48:04
mediapool.bg,https://www.mediapool.bg/izbori-2026-cat130.html?page=6,https://www.mediapool.bg/bivshiyat-predsedatel-na-npss-i-nastoyasht-alumni-lider-daniel-parushev-vliza-v-listite-na-radev-news381777.html,Бившият председател на НПСС и настоящ алумни лидер Даниел Парушев влиза в листите на Радев,2026-03-29 08:10:00,,27,благодарение на тоя (новоизлюпен подгьZник на рускопозгьZника радЭф) на Общността Алумни взеха да им викат . . . 'малoyмни' ;-),Bлaдo,30.03.2026 (пн) 15:47:16,3,0,2026-06-11 23:48:15
mediapool.bg,https://www.mediapool.bg/izbori-2026-cat130.html?page=6,https://www.mediapool.bg/bivshiyat-predsedatel-na-npss-i-nastoyasht-alumni-lider-daniel-parushev-vliza-v-listite-na-radev-news381777.html,Бившият председател на НПСС и настоящ алумни лидер Даниел Парушев влиза в листите на Радев,2026-03-29 08:10:00,,26,Този вечен студент на колко години е ?,anton nikolov,29.03.2026 (нд) 20:54:07,5,0,2026-06-11 23:48:15
mediapool.bg,https://www.mediapool.bg/izbori-2026-cat130.html?page=6,https://www.mediapool.bg/bivshiyat-predsedatel-na-npss-i-nastoyasht-alumni-lider-daniel-parushev-vliza-v-listite-na-radev-news381777.html,Бившият председател на НПСС и настоящ алумни лидер Даниел Парушев влиза в листите на Радев,2026-03-29 08:10:00,,25,Орбан си отива! На негово място руският фашизъм готви Радев! Гласуваш за Радев получаваш Путин!,полк. Дрангов,29.03.2026 (нд) 20:43:15,3,0,2026-06-11 23:48:15
mediapool.bg,https://www.mediapool.bg/izbori-2026-cat130.html?page=6,https://www.mediapool.bg/bivshiyat-predsedatel-na-npss-i-nastoyasht-alumni-lider-daniel-parushev-vliza-v-listite-na-radev-news381777.html,Бившият председател на НПСС и настоящ алумни лидер Даниел Парушев влиза в листите на Радев,2026-03-29 08:10:00,,24,"Прогрес от алчен, корумпиран и пещерно глупав путиноид няма как да очакваме. От жалък славяновски цъ*рвул европейски трандафор не става. Колкото и облаги и рушвети да обещава на коленичилите кариеристи и просяци с избелели фуражки, резултатът ще е един - тотален провал. Тоя дръвн*ик за 9 години скъпо платена лежачка, като президент свърши НИЩО. НУЛА. Трябва да си тежко невменяе*м сега да очакваш повече от Боташ Бей. Няма позиция от която неграмотното недоразумение РРР* да не е дезертирал. От семейство през ВВС до президент все ""напуснал"". ................................. РРР - Румен Радев Решетников",Schopenberg,29.03.2026 (нд) 16:10:32,11,0,2026-06-11 23:48:15
mediapool.bg,https://www.mediapool.bg/izbori-2026-cat130.html?page=6,https://www.mediapool.bg/bivshiyat-predsedatel-na-npss-i-nastoyasht-alumni-lider-daniel-parushev-vliza-v-listite-na-radev-news381777.html,Бившият председател на НПСС и настоящ алумни лидер Даниел Парушев влиза в листите на Радев,2026-03-29 08:10:00,,23,Поредното руско-ченгеджийско koneлe.,John Doe,29.03.2026 (нд) 16:05:28,16,0,2026-06-11 23:48:15
mediapool.bg,https://www.mediapool.bg/izbori-2026-cat130.html?page=6,https://www.mediapool.bg/bivshiyat-predsedatel-na-npss-i-nastoyasht-alumni-lider-daniel-parushev-vliza-v-listite-na-radev-news381777.html,Бившият председател на НПСС и настоящ алумни лидер Даниел Парушев влиза в листите на Радев,2026-03-29 08:10:00,,22,"Поредният дебелоcepkовец, пробутван високо със властта, с ""тайната"" задача да обгрижва интересите на кремъл и неговата червена върхушка тук. А червената върхушка тук събира всички цветове на дъгата, от ББ и РР, които ще се вземат след изборите, с Шиши, Къско, Мечко, Величко, доганчовци и нема такива поcepkовци също. Всичко чака на опашка за рубли, пък то все копейками давают и па малка.",KOH,29.03.2026 (нд) 15:52:32,13,0,2026-06-11 23:48:15
mediapool.bg,https://www.mediapool.bg/izbori-2026-cat130.html?page=6,https://www.mediapool.bg/bivshiyat-predsedatel-na-npss-i-nastoyasht-alumni-lider-daniel-parushev-vliza-v-listite-na-radev-news381777.html,Бившият председател на НПСС и настоящ алумни лидер Даниел Парушев влиза в листите на Радев,2026-03-29 08:10:00,,21,"РР е човек, който не би имал нищо против да му подарят “георгиевска лента”.",Quo,29.03.2026 (нд) 15:47:27,12,0,2026-06-11 23:48:15
mediapool.bg,https://www.mediapool.bg/izbori-2026-cat130.html?page=6,https://www.mediapool.bg/bivshiyat-predsedatel-na-npss-i-nastoyasht-alumni-lider-daniel-parushev-vliza-v-listite-na-radev-news381777.html,Бившият председател на НПСС и настоящ алумни лидер Даниел Парушев влиза в листите на Радев,2026-03-29 08:10:00,,20,Комунистическият комсомол в действие! БКП-КПСС! Да живей прогреса в балканската страна!,Anticomm,29.03.2026 (нд) 15:22:31,13,0,2026-06-11 23:48:15
mediapool.bg,https://www.mediapool.bg/izbori-2026-cat130.html?page=6,https://www.mediapool.bg/bivshiyat-predsedatel-na-npss-i-nastoyasht-alumni-lider-daniel-parushev-vliza-v-listite-na-radev-news381777.html,Бившият председател на НПСС и настоящ алумни лидер Даниел Парушев влиза в листите на Радев,2026-03-29 08:10:00,,18,Има ги всякакви.,В и К,29.03.2026 (нд) 15:18:47,9,0,2026-06-11 23:48:15
mediapool.bg,https://www.mediapool.bg/izbori-2026-cat130.html?page=6,https://www.mediapool.bg/stefka-kostadinova-ima-dva-mesetsa-i-dve-vazmozhnosti-da-napusne-bok-news381762.html,Стефка Костадинова има два месеца и две възможности да напусне БОК,2026-03-29 07:55:00,,14,"Стефче, може и да не си разбрала още, но се изложи!",stamenko.tassev,29.03.2026 (нд) 22:20:57,3,1,2026-06-11 23:48:26
mediapool.bg,https://www.mediapool.bg/izbori-2026-cat130.html?page=6,https://www.mediapool.bg/stefka-kostadinova-ima-dva-mesetsa-i-dve-vazmozhnosti-da-napusne-bok-news381762.html,Стефка Костадинова има два месеца и две възможности да напусне БОК,2026-03-29 07:55:00,,13,"В Чалгария правото така е написано, че всичко може да се получи дори и с обаждане от телефон ! Костадинова освен спортните рекорди оставя и важна следа в архивите на ВИНПРОМ !",Тихомир Томов,29.03.2026 (нд) 19:28:36,6,1,2026-06-11 23:48:26
mediapool.bg,https://www.mediapool.bg/izbori-2026-cat130.html?page=6,https://www.mediapool.bg/stefka-kostadinova-ima-dva-mesetsa-i-dve-vazmozhnosti-da-napusne-bok-news381762.html,Стефка Костадинова има два месеца и две възможности да напусне БОК,2026-03-29 07:55:00,,12,"Те хирурзите са й виновни, че носи грозна душа!",Animals As Leaders,29.03.2026 (нд) 15:37:37,9,0,2026-06-11 23:48:26
mediapool.bg,https://www.mediapool.bg/izbori-2026-cat130.html?page=6,https://www.mediapool.bg/stefka-kostadinova-ima-dva-mesetsa-i-dve-vazmozhnosti-da-napusne-bok-news381762.html,Стефка Костадинова има два месеца и две възможности да напусне БОК,2026-03-29 07:55:00,,11,"Истината е, че спортистите не печелят много пари.",DG,29.03.2026 (нд) 14:57:03,0,8,2026-06-11 23:48:26
mediapool.bg,https://www.mediapool.bg/izbori-2026-cat130.html?page=6,https://www.mediapool.bg/stefka-kostadinova-ima-dva-mesetsa-i-dve-vazmozhnosti-da-napusne-bok-news381762.html,Стефка Костадинова има два месеца и две възможности да напусне БОК,2026-03-29 07:55:00,,10,"Тя носи многогодишен олимпийски рекорд. За България. Няма значение, каква душа има. Засрами се!",DG,29.03.2026 (нд) 14:56:16,2,11,2026-06-11 23:48:26
mediapool.bg,https://www.mediapool.bg/izbori-2026-cat130.html?page=6,https://www.mediapool.bg/stefka-kostadinova-ima-dva-mesetsa-i-dve-vazmozhnosti-da-napusne-bok-news381762.html,Стефка Костадинова има два месеца и две възможности да напусне БОК,2026-03-29 07:55:00,,9,"Имам ярък спомен от може би 1988 или 1989г. от интервю с нея,в което буквално каза - за мен днес е много специален ден,приеха ме в редовете на партията/разбира се БКП/...",марко василев,29.03.2026 (нд) 13:57:22,9,1,2026-06-11 23:48:26
mediapool.bg,https://www.mediapool.bg/izbori-2026-cat130.html?page=6,https://www.mediapool.bg/stefka-kostadinova-ima-dva-mesetsa-i-dve-vazmozhnosti-da-napusne-bok-news381762.html,Стефка Костадинова има два месеца и две възможности да напусне БОК,2026-03-29 07:55:00,,7,"В това приложение как е заложено? Кой да спечели - русофилистика, евроатлантика или шарлатанина? ;)",Мазен Кумунис,29.03.2026 (нд) 13:23:29,0,11,2026-06-11 23:48:26
mediapool.bg,https://www.mediapool.bg/izbori-2026-cat130.html?page=6,https://www.mediapool.bg/stefka-kostadinova-ima-dva-mesetsa-i-dve-vazmozhnosti-da-napusne-bok-news381762.html,Стефка Костадинова има два месеца и две възможности да напусне БОК,2026-03-29 07:55:00,,6,И ти си ревнив като Бойко Симитлийски. Изхвърлихте ли гащите на Цветелина?,Кая,29.03.2026 (нд) 12:43:43,6,1,2026-06-11 23:48:26
mediapool.bg,https://www.mediapool.bg/izbori-2026-cat130.html?page=6,https://www.mediapool.bg/stefka-kostadinova-ima-dva-mesetsa-i-dve-vazmozhnosti-da-napusne-bok-news381762.html,Стефка Костадинова има два месеца и две възможности да напусне БОК,2026-03-29 07:55:00,,5,Първо да си потърси парите обратно от пластичния хирург.,nsnikolov77,29.03.2026 (нд) 12:42:36,10,0,2026-06-11 23:48:26
mediapool.bg,https://www.mediapool.bg/izbori-2026-cat130.html?page=6,https://www.mediapool.bg/30-evro-za-glas-arestuvani-sa-selski-kmet-i-zhena-s-rusko-grazhdanstvo-za-izborna-targoviya-news381785.html,30 евро за глас. Арестувани са селски кмет и жена с руско гражданство за изборна търговия,2026-03-28 22:34:51,,21,Пууууууутииин пуууутин майкууууууу,DG,31.03.2026 (вт) 18:56:51,0,0,2026-06-11 23:48:36
mediapool.bg,https://www.mediapool.bg/izbori-2026-cat130.html?page=6,https://www.mediapool.bg/30-evro-za-glas-arestuvani-sa-selski-kmet-i-zhena-s-rusko-grazhdanstvo-za-izborna-targoviya-news381785.html,30 евро за глас. Арестувани са селски кмет и жена с руско гражданство за изборна търговия,2026-03-28 22:34:51,,19,Как не ги е срам - 30 Е при тази несигурност и инфлация !,Тихомир Томов,29.03.2026 (нд) 19:31:36,1,1,2026-06-11 23:48:36
mediapool.bg,https://www.mediapool.bg/izbori-2026-cat130.html?page=6,https://www.mediapool.bg/30-evro-za-glas-arestuvani-sa-selski-kmet-i-zhena-s-rusko-grazhdanstvo-za-izborna-targoviya-news381785.html,30 евро за глас. Арестувани са селски кмет и жена с руско гражданство за изборна търговия,2026-03-28 22:34:51,,18,"Сред канидат депутатите на тези избори за пръв път имало 19 кандидати за народни представители с ДВОЙНО гражданство в БЪЛГАРСКОТО народно събрание !? Народе ???? Много интересно е, освен българското, от КОЯ държава е второто гражданство? Имам пред вид най-вече гражданствата на кандидатите от т.н. трети страни, ИЗВЪН ЕС! ИМА ЛИ СРЕД ТЯХ БРАТУШКИ- АСВАБАДИТЭЛЬИ И КОЛКО СА ? КОИ ТОЧНО СА ТЕЗИ КАНДИДАТИ?",РК,29.03.2026 (нд) 18:27:43,4,0,2026-06-11 23:48:36
mediapool.bg,https://www.mediapool.bg/izbori-2026-cat130.html?page=6,https://www.mediapool.bg/30-evro-za-glas-arestuvani-sa-selski-kmet-i-zhena-s-rusko-grazhdanstvo-za-izborna-targoviya-news381785.html,30 евро за глас. Арестувани са селски кмет и жена с руско гражданство за изборна търговия,2026-03-28 22:34:51,,17,"Много съм доволна , че магнитски, бандитски и купувачите Ви на гласове тъй умилително реват за това, че полицията работи срещу фалшификациите на мафията. Вие определено бяхте свикнали полицията да Ви прикрива и да Ви помага, ама свърши тая.",Кая,29.03.2026 (нд) 13:36:45,7,0,2026-06-11 23:48:36
mediapool.bg,https://www.mediapool.bg/izbori-2026-cat130.html?page=6,https://www.mediapool.bg/30-evro-za-glas-arestuvani-sa-selski-kmet-i-zhena-s-rusko-grazhdanstvo-za-izborna-targoviya-news381785.html,30 евро за глас. Арестувани са селски кмет и жена с руско гражданство за изборна търговия,2026-03-28 22:34:51,,16,Честито на путинските радеви прогресисти! Действат със същите методи като пеевски и борисов! А още не са дошли на власт...,Рим,29.03.2026 (нд) 5:57:43,12,0,2026-06-11 23:48:36
mediapool.bg,https://www.mediapool.bg/izbori-2026-cat130.html?page=6,https://www.mediapool.bg/30-evro-za-glas-arestuvani-sa-selski-kmet-i-zhena-s-rusko-grazhdanstvo-za-izborna-targoviya-news381785.html,30 евро за глас. Арестувани са селски кмет и жена с руско гражданство за изборна търговия,2026-03-28 22:34:51,,14,"До №13 -- Я-я, сеструшки апять, даже аЦвабадителъй! Всъщност това, което давате, е Фейсбука на Г.Кандев, и.д. главен секретар на МВР. Подобно на овчаровския кмет, сеструшката (без име) дава по 30€. Инфлация, па и санкции. Случаят бил докладван на Районна прокуратура- Ст.Загора. Която със сигурност още утре ще пандизи женския павиан за 72 ч., а идния петък ще го екстрадира накъмто блатата (да не вЭрваш). Не става ясно за КОЯ политическа партия е работела сеструшката.",ПyтлЭр Xyйло,28.03.2026 (сб) 22:44:32,18,0,2026-06-11 23:48:36
mediapool.bg,https://www.mediapool.bg/izbori-2026-cat130.html?page=6,https://www.mediapool.bg/30-evro-za-glas-arestuvani-sa-selski-kmet-i-zhena-s-rusko-grazhdanstvo-za-izborna-targoviya-news381785.html,30 евро за глас. Арестувани са селски кмет и жена с руско гражданство за изборна търговия,2026-03-28 22:34:51,,13,Интересно за КОЯ ПАРТИЯ е купувала гласове руската гражданка в Стара Загора ? https://scontent.fsof9-1.fna.fbcdn.net/v/t39.30808-6/657990535_122106813597286982_2685884360012418659_n.jpg?stp=cp6_dst-jpg_tt6&_nc_cat=109&ccb=1-7&_nc_sid=7b2446&_nc_ohc=aMwtEiXEqiwQ7kNvwFOTFTL&_nc_oc=AdruzoJaKh8UqnN8KHDuJuYJ0Bn-wLYNc4WGgmqIEhEu5nB7keK64_LNCiD7kS00i08&_nc_zt=23&_nc_ht=scontent.fsof9-1.fna&_nc_gid=aflrSnU7Tg1ks0oerqMJ8A&_nc_ss=7a32e&oh=00_AfzUHn3X7QR1uDaUjyuqK1d3NkJlAZz52vBaPcXapPRk3Q&oe=69CE1DA1,РК,28.03.2026 (сб) 22:26:24,15,0,2026-06-11 23:48:36
mediapool.bg,https://www.mediapool.bg/izbori-2026-cat130.html?page=6,https://www.mediapool.bg/30-evro-za-glas-arestuvani-sa-selski-kmet-i-zhena-s-rusko-grazhdanstvo-za-izborna-targoviya-news381785.html,30 евро за глас. Арестувани са селски кмет и жена с руско гражданство за изборна търговия,2026-03-28 22:34:51,,12,А изборната търговия на мунчовата сбирщина?Горещо се надявам Кокорчо да даде инструкции на МВР да намачкат цялата орда от Демерджиевци.,мунчо в затвора!,28.03.2026 (сб) 21:52:56,1,13,2026-06-11 23:48:36
mediapool.bg,https://www.mediapool.bg/izbori-2026-cat130.html?page=7,https://www.mediapool.bg/asen-vasilev-obyavi-rumen-radev-za-strahliv-litsemer-toi-otgovori-s-vapros-dali-mafiyata-se-e-promenila-kam-dobro-news381781.html,"Асен Василев обяви Румен Радев за ""страхлив лицемер"". Той отговори с въпрос дали мафията се е променила към добро",2026-03-28 19:15:05,,139,"А бе кои бяха децата на Радев, дето ги назначи в политиката?",полк. Дрангов,29.03.2026 (нд) 21:00:32,0,12,2026-06-11 23:48:48
mediapool.bg,https://www.mediapool.bg/izbori-2026-cat130.html?page=7,https://www.mediapool.bg/asen-vasilev-obyavi-rumen-radev-za-strahliv-litsemer-toi-otgovori-s-vapros-dali-mafiyata-se-e-promenila-kam-dobro-news381781.html,"Асен Василев обяви Румен Радев за ""страхлив лицемер"". Той отговори с въпрос дали мафията се е променила към добро",2026-03-28 19:15:05,,138,"За това шкембе ли да гласуваме? Ако ще ги избираме по килограми, Шиши си е най-добре ;) ! Браво, за доброто ПР обслужване на клиентелистите на ПосолстваТА! С парите на КомисияТА. Евро*ейскаТА! Свинщините на ПосолстваТА нямат граници! Едните бомбардираха София, другите убиха цар Борис 3-ти! През тяхната либералщина наложиха СВИНЩИНАТА като неотменима евро*гейска и евро-атлантическа норма! https://offshoreleaks.icij.org/search?q=Blagomir+Kotsev&c=&j=&d=",т€еритория на Мики Маус,29.03.2026 (нд) 19:10:23,1,17,2026-06-11 23:48:48
mediapool.bg,https://www.mediapool.bg/izbori-2026-cat130.html?page=7,https://www.mediapool.bg/asen-vasilev-obyavi-rumen-radev-za-strahliv-litsemer-toi-otgovori-s-vapros-dali-mafiyata-se-e-promenila-kam-dobro-news381781.html,"Асен Василев обяви Румен Радев за ""страхлив лицемер"". Той отговори с въпрос дали мафията се е променила към добро",2026-03-28 19:15:05,,136,"В канал отива всичката злобна, проста, грозна, антибългарска измет с номер 7, в канала, на 19 април, боклуци миризиливи, вън от България, шарлатанска пасмина. Педофилскишарлатани, имзет . Извратено племе, в затовра ви е мястото, Сарафов да ги съди всикчите тия изруди, да ги осъдят, и в затвора , където им е мястото, цялата психопатична пасмина и изметта в тоя форум също",F16,29.03.2026 (нд) 17:55:36,1,17,2026-06-11 23:48:48
mediapool.bg,https://www.mediapool.bg/izbori-2026-cat130.html?page=7,https://www.mediapool.bg/asen-vasilev-obyavi-rumen-radev-za-strahliv-litsemer-toi-otgovori-s-vapros-dali-mafiyata-se-e-promenila-kam-dobro-news381781.html,"Асен Василев обяви Румен Радев за ""страхлив лицемер"". Той отговори с въпрос дали мафията се е променила към добро",2026-03-28 19:15:05,,135,"В канала е мястото за всички руснаци и русофили, Fekaль16!",В и К,29.03.2026 (нд) 14:52:06,18,2,2026-06-11 23:48:48
mediapool.bg,https://www.mediapool.bg/izbori-2026-cat130.html?page=7,https://www.mediapool.bg/asen-vasilev-obyavi-rumen-radev-za-strahliv-litsemer-toi-otgovori-s-vapros-dali-mafiyata-se-e-promenila-kam-dobro-news381781.html,"Асен Василев обяви Румен Радев за ""страхлив лицемер"". Той отговори с въпрос дали мафията се е променила към добро",2026-03-28 19:15:05,,134,"Добре, уважаеми, разбрахме против кого искате да гласуваме. А сега, ако обичате, продължете си мисълта, за кого да гласуваме според Вас и защо?",В и К,29.03.2026 (нд) 14:51:05,15,2,2026-06-11 23:48:48
mediapool.bg,https://www.mediapool.bg/izbori-2026-cat130.html?page=7,https://www.mediapool.bg/asen-vasilev-obyavi-rumen-radev-za-strahliv-litsemer-toi-otgovori-s-vapros-dali-mafiyata-se-e-promenila-kam-dobro-news381781.html,"Асен Василев обяви Румен Радев за ""страхлив лицемер"". Той отговори с въпрос дали мафията се е променила към добро",2026-03-28 19:15:05,,133,"(4) Мандатът на изборните членове на Висшия съдебен съвет е пет години. Те не могат да бъдат преизбирани веднага след изтичане на този срок."".. има ли малоумник у нас, който да не разбира,че онези самозванци в онази сграда са елементарни мошеници.Те ли са по главни или Конституцията?",u9285467336,29.03.2026 (нд) 14:10:43,15,1,2026-06-11 23:48:48
mediapool.bg,https://www.mediapool.bg/izbori-2026-cat130.html?page=7,https://www.mediapool.bg/asen-vasilev-obyavi-rumen-radev-za-strahliv-litsemer-toi-otgovori-s-vapros-dali-mafiyata-se-e-promenila-kam-dobro-news381781.html,"Асен Василев обяви Румен Радев за ""страхлив лицемер"". Той отговори с въпрос дали мафията се е променила към добро",2026-03-28 19:15:05,,132,"Шарлатани, изборите идват! Идва и пълния ви провал! ;)",Мазен Кумунис,29.03.2026 (нд) 12:57:49,3,20,2026-06-11 23:48:48
mediapool.bg,https://www.mediapool.bg/izbori-2026-cat130.html?page=7,https://www.mediapool.bg/asen-vasilev-obyavi-rumen-radev-za-strahliv-litsemer-toi-otgovori-s-vapros-dali-mafiyata-se-e-promenila-kam-dobro-news381781.html,"Асен Василев обяви Румен Радев за ""страхлив лицемер"". Той отговори с въпрос дали мафията се е променила към добро",2026-03-28 19:15:05,,131,"Въпросната алтернатива ще отече в канала , само лумпени ще гласуват с бюлетина но. 7",F16,29.03.2026 (нд) 12:26:35,1,20,2026-06-11 23:48:48
mediapool.bg,https://www.mediapool.bg/izbori-2026-cat130.html?page=7,https://www.mediapool.bg/asen-vasilev-obyavi-rumen-radev-za-strahliv-litsemer-toi-otgovori-s-vapros-dali-mafiyata-se-e-promenila-kam-dobro-news381781.html,"Асен Василев обяви Румен Радев за ""страхлив лицемер"". Той отговори с въпрос дали мафията се е променила към добро",2026-03-28 19:15:05,,130,"Ярко и отчетливо изразената политическа позиция на един от най-адекватните, можещи и ерудирани политици и държавници-Асен Василев, срещу прокремълският кандидат и всеизвестен решет.ник Р.Р., очаквано е породила по-долната тро.лска разпенявеност, от страна на герб.ерастко-рашистките труженици на клавиатурният фронт, които вече и не се крият, че действат в единен фронт и строй, срещу ЕДИНСТВЕНАТА АЛТЕРНАТИВА ЗА БЪЛГАРИЯ - ПП-ДБ и Номер # 7!",ultra,29.03.2026 (нд) 12:22:22,20,4,2026-06-11 23:48:48
mediapool.bg,https://www.mediapool.bg/izbori-2026-cat130.html?page=7,https://www.mediapool.bg/tsik-razkriva-493-sektsii-v-55-darzhavi-kade-shte-se-glasuva-vav-velikobritaniya-sasht-i-turtsiya-news381771.html,"ЦИК разкрива 493 секции в 55 държави. Kъде ще се гласува във Великобритания, САЩ и Турция",2026-03-28 16:15:14,,6,"За членовете на групировката СИК на Маргините и Буци разбрахме, а за членовете на ВИС какво са решили.",Калико Джо,28.03.2026 (сб) 19:29:54,2,0,2026-06-11 23:48:48
mediapool.bg,https://www.mediapool.bg/izbori-2026-cat130.html?page=7,https://www.mediapool.bg/tsik-razkriva-493-sektsii-v-55-darzhavi-kade-shte-se-glasuva-vav-velikobritaniya-sasht-i-turtsiya-news381771.html,"ЦИК разкрива 493 секции в 55 държави. Kъде ще се гласува във Великобритания, САЩ и Турция",2026-03-28 16:15:14,,5,Написано- ЦИК Да се чете- цирк! Изборите са ЦИРК Многопартийната система е грабеж и кьорфишек!,т€еритория на Мики Маус,28.03.2026 (сб) 18:11:07,1,3,2026-06-11 23:48:48
mediapool.bg,https://www.mediapool.bg/izbori-2026-cat130.html?page=7,https://www.mediapool.bg/tsik-razkriva-493-sektsii-v-55-darzhavi-kade-shte-se-glasuva-vav-velikobritaniya-sasht-i-turtsiya-news381771.html,"ЦИК разкрива 493 секции в 55 държави. Kъде ще се гласува във Великобритания, САЩ и Турция",2026-03-28 16:15:14,,4,"ЦИК днес удари як шамар на хунтата на Гюров.Неговото МВР искало лични данни за членовете на СИК, но днес единодушно ЦИК отхвърли тая наглост.",мунчо в затвора!,28.03.2026 (сб) 17:20:26,0,2,2026-06-11 23:48:48
mediapool.bg,https://www.mediapool.bg/izbori-2026-cat130.html?page=7,https://www.mediapool.bg/tsik-razkriva-493-sektsii-v-55-darzhavi-kade-shte-se-glasuva-vav-velikobritaniya-sasht-i-turtsiya-news381771.html,"ЦИК разкрива 493 секции в 55 държави. Kъде ще се гласува във Великобритания, САЩ и Турция",2026-03-28 16:15:14,,3,"За да не се получи да гледаме русофилистици, турци, копейки, мазни комунисти и най-вече педофилскиШарлатани в българското правителство - гласувайте с No15. ;)",Мазен Кумунис,28.03.2026 (сб) 11:25:02,1,7,2026-06-11 23:48:48
mediapool.bg,https://www.mediapool.bg/izbori-2026-cat130.html?page=7,https://www.mediapool.bg/tsik-razkriva-493-sektsii-v-55-darzhavi-kade-shte-se-glasuva-vav-velikobritaniya-sasht-i-turtsiya-news381771.html,"ЦИК разкрива 493 секции в 55 държави. Kъде ще се гласува във Великобритания, САЩ и Турция",2026-03-28 16:15:14,,2,"Елитът на Нацията е сбран в Пакистанското Кралство. Всеки , който е летял до Лондон ( Ню Карачи) , може да потвърди.",Poro,28.03.2026 (сб) 10:33:30,1,7,2026-06-11 23:48:48
mediapool.bg,https://www.mediapool.bg/izbori-2026-cat130.html?page=7,https://www.mediapool.bg/tsik-razkriva-493-sektsii-v-55-darzhavi-kade-shte-se-glasuva-vav-velikobritaniya-sasht-i-turtsiya-news381771.html,"ЦИК разкрива 493 секции в 55 държави. Kъде ще се гласува във Великобритания, САЩ и Турция",2026-03-28 16:15:14,,1,Скандал! ЦИК прекрати правомощията на представител от ПП-ДБ в РИК Враца заради измама. ;),Мазен Кумунис,28.03.2026 (сб) 10:10:31,0,6,2026-06-11 23:48:48
mediapool.bg,https://www.mediapool.bg/izbori-2026-cat130.html?page=7,https://www.mediapool.bg/predizborno-borisov-zahranva-tsyala-evropa-s-gaz-vdiga-debat-i-za-uranodobiva-news381705.html,"Предизборно Борисов захранва цяла Европа с газ, вдига дебат и за уранодобива",2026-03-26 18:30:53,,50,"+ комунист, престъпник и ""възродител"" с калашник...",Bлaдo,27.03.2026 (пт) 10:22:04,6,1,2026-06-11 23:48:59
mediapool.bg,https://www.mediapool.bg/izbori-2026-cat130.html?page=7,https://www.mediapool.bg/predizborno-borisov-zahranva-tsyala-evropa-s-gaz-vdiga-debat-i-za-uranodobiva-news381705.html,"Предизборно Борисов захранва цяла Европа с газ, вдига дебат и за уранодобива",2026-03-26 18:30:53,,49,България все повече затъва в блатото на неоколониализъма..,ozzy70,27.03.2026 (пт) 10:09:02,2,5,2026-06-11 23:48:59
mediapool.bg,https://www.mediapool.bg/izbori-2026-cat130.html?page=7,https://www.mediapool.bg/predizborno-borisov-zahranva-tsyala-evropa-s-gaz-vdiga-debat-i-za-uranodobiva-news381705.html,"Предизборно Борисов захранва цяла Европа с газ, вдига дебат и за уранодобива",2026-03-26 18:30:53,,46,Малко заблуждавате(т.е. лъжете) https://www.cbs.nl/en-gb/news/2025/27/netherlands-now-more-dependent-on-us-for-energy-less-on-russia,Nick F,27.03.2026 (пт) 7:31:24,5,1,2026-06-11 23:48:59
mediapool.bg,https://www.mediapool.bg/izbori-2026-cat130.html?page=7,https://www.mediapool.bg/predizborno-borisov-zahranva-tsyala-evropa-s-gaz-vdiga-debat-i-za-uranodobiva-news381705.html,"Предизборно Борисов захранва цяла Европа с газ, вдига дебат и за уранодобива",2026-03-26 18:30:53,,45,"борисов се е върнал към предишния си предизборен слоган (имаме воля), който, прочетен наобратно, казва директната истина: Ялов е!, мАми! ;-)",Bлaдo,27.03.2026 (пт) 7:31:19,9,2,2026-06-11 23:48:59
mediapool.bg,https://www.mediapool.bg/izbori-2026-cat130.html?page=7,https://www.mediapool.bg/predizborno-borisov-zahranva-tsyala-evropa-s-gaz-vdiga-debat-i-za-uranodobiva-news381705.html,"Предизборно Борисов захранва цяла Европа с газ, вдига дебат и за уранодобива",2026-03-26 18:30:53,,44,"Кой бе, холандците ли:))) Те и досега са най - големия вносител на газ от Ямал, щото са мажоритарен "" инвеститор"" в консорциума Новатек. През февруари целия капацитет на ямалския газ е резервиран и изкупен от ойропски вносители:)))",Poro,27.03.2026 (пт) 5:55:31,1,16,2026-06-11 23:48:59
mediapool.bg,https://www.mediapool.bg/izbori-2026-cat130.html?page=7,https://www.mediapool.bg/predizborno-borisov-zahranva-tsyala-evropa-s-gaz-vdiga-debat-i-za-uranodobiva-news381705.html,"Предизборно Борисов захранва цяла Европа с газ, вдига дебат и за уранодобива",2026-03-26 18:30:53,,43,"Филке имахме ви газопровод работещ, изплатен, и с действащ договор за транзит. Първо се пробваха да направят Южен поток - пак проект изцяло в интерес на рашистите. Не мина номера, тиквата тогава извъртя мурафета с т.нар. Балкански поток - пак проект изцяло в интерес на рашистите, построен при много съмнителни условия, силно вони на корупция. След построяването беше резервиран от рашистите да транзитира газ за гъ3oблuзцume им в Унгария и Словакия, т.е. самата България не получава газ по този газопровод. На всичко отгоре България по времето на ББ се отказа да си неустойките по стария договор за транзит - от което пак печелят рашистите.",Шерлок Холмс,27.03.2026 (пт) 3:06:58,22,2,2026-06-11 23:48:59
mediapool.bg,https://www.mediapool.bg/izbori-2026-cat130.html?page=7,https://www.mediapool.bg/predizborno-borisov-zahranva-tsyala-evropa-s-gaz-vdiga-debat-i-za-uranodobiva-news381705.html,"Предизборно Борисов захранва цяла Европа с газ, вдига дебат и за уранодобива",2026-03-26 18:30:53,,42,"Нe e бил пpeмиep 150 гoд. (кaтo цap Aвитoxoл :), a 9 гoд., 10 мec. и 17 дeнa. Тогава CPЗ нapacтнa нoминaлнo c 119,1%, a peaлнo c 77,2%, pecп. c 6% cp.гoдишнo. Нo xopaтa му нe ca зaвъpшили пapтийни шкoли зa пpoпaгaндa и нe знaят кaк дa ce xвaлят. Дoкaтo eднoличният диктaтop-aвтoкpaтop Aceн лъжe шapлaтaнcки кaтo „дъpтa pимлянкa“, чe пoвишил дoxoдитe „мнoгo пoвeчe“. A тoй ги пoвиши нoминaлнo c 28,7% c бяcнa инфлaция 17,4% (кoятo ги изядe), a peaлнo c 9,6%, pecп. c 5,1% cp.гoдишнo. C пo-мaлкo, a лъжe и ce xвaли пpeд интeлeктуaлцитe, кoитo нe мoгaт дa cмятaт, кaтo „цигaнe c бял 3aдник“. :)",Филка Русофилка,26.03.2026 (чт) 23:41:08,4,27,2026-06-11 23:48:59
mediapool.bg,https://www.mediapool.bg/izbori-2026-cat130.html?page=7,https://www.mediapool.bg/predizborno-borisov-zahranva-tsyala-evropa-s-gaz-vdiga-debat-i-za-uranodobiva-news381705.html,"Предизборно Борисов захранва цяла Европа с газ, вдига дебат и за уранодобива",2026-03-26 18:30:53,,41,"Всеки път щом отвори уста, буда РАПОНЯ ръси бисери и чисто злато 24 карата. От тази му реч липсва един такъв бисер-златно-платинен, ""Ако не бях аз, щяхме да сме като останалите държави в ЕС"". Титан, гений, доктор на нАуките, велик ...",ПyтлЭр Xyйло,26.03.2026 (чт) 23:35:41,24,4,2026-06-11 23:48:59
mediapool.bg,https://www.mediapool.bg/izbori-2026-cat130.html?page=7,https://www.mediapool.bg/tsik-pokaza-kak-shte-izglezhda-byuletinata-za-predstoyashtite-izbori-news381694.html,ЦИК показа как ще изглежда бюлетината за предстоящите избори,2026-03-26 17:02:51,,2,"Винаги ме е изненадвал факта, че бюлетината е много дълга, а партиите получават по 1 лв. само след като са спечелили изборите. Откъде идват парите на неспечелилите партии и политици?!",Е анита хегерланд,27.03.2026 (пт) 14:57:23,0,0,2026-06-11 23:49:00
mediapool.bg,https://www.mediapool.bg/izbori-2026-cat130.html?page=7,https://www.mediapool.bg/kmetat-na-kardzhali-opital-da-vleze-v-mestnoto-mvr-sled-zadarzhan-za-kupen-vot-news381664.html,Кметът на Кърджали опитал да влезе в местното МВР след задържан за купен вот,2026-03-26 08:57:08,,36,"Виждаме, че буда РАПОНЯ и Свиинята са готови да бранят властта СИ, дори ако това значи размирици и гражданска война:)",ПyтлЭр Xyйло,26.03.2026 (чт) 22:32:03,20,1,2026-06-11 23:49:11
mediapool.bg,https://www.mediapool.bg/izbori-2026-cat130.html?page=7,https://www.mediapool.bg/kmetat-na-kardzhali-opital-da-vleze-v-mestnoto-mvr-sled-zadarzhan-za-kupen-vot-news381664.html,Кметът на Кърджали опитал да влезе в местното МВР след задържан за купен вот,2026-03-26 08:57:08,,34,"В Завладяната Кочина е така. МВР бухалката задържа купувачи на ДПС и ГЕРБ. Ако Пеефски владееше Територията, МВР щеше да мачка ППДБ , Радеф и Копейкин.",Poro,26.03.2026 (чт) 11:13:17,2,27,2026-06-11 23:49:11
mediapool.bg,https://www.mediapool.bg/izbori-2026-cat130.html?page=7,https://www.mediapool.bg/kmetat-na-kardzhali-opital-da-vleze-v-mestnoto-mvr-sled-zadarzhan-za-kupen-vot-news381664.html,Кметът на Кърджали опитал да влезе в местното МВР след задържан за купен вот,2026-03-26 08:57:08,,33,"Мазния, как да гласувам с №15, след като Борисов каза:""Ако не бях аз, България щеше да е като всички останали европейски държави"".",Джелсомино,26.03.2026 (чт) 10:58:55,28,3,2026-06-11 23:49:11
mediapool.bg,https://www.mediapool.bg/izbori-2026-cat130.html?page=7,https://www.mediapool.bg/kmetat-na-kardzhali-opital-da-vleze-v-mestnoto-mvr-sled-zadarzhan-za-kupen-vot-news381664.html,Кметът на Кърджали опитал да влезе в местното МВР след задържан за купен вот,2026-03-26 08:57:08,,32,"Кмета на КУРджали не е разбрал още, че МВР вече е на Народа, а не на Пеефски.",Poro,26.03.2026 (чт) 10:58:13,22,6,2026-06-11 23:49:11
mediapool.bg,https://www.mediapool.bg/izbori-2026-cat130.html?page=7,https://www.mediapool.bg/kmetat-na-kardzhali-opital-da-vleze-v-mestnoto-mvr-sled-zadarzhan-za-kupen-vot-news381664.html,Кметът на Кърджали опитал да влезе в местното МВР след задържан за купен вот,2026-03-26 08:57:08,,30,Лолитка весела съм аз – сега и в смъртния си час.,M@rt.in,26.03.2026 (чт) 10:50:08,0,21,2026-06-11 23:49:11
mediapool.bg,https://www.mediapool.bg/izbori-2026-cat130.html?page=7,https://www.mediapool.bg/kmetat-na-kardzhali-opital-da-vleze-v-mestnoto-mvr-sled-zadarzhan-za-kupen-vot-news381664.html,Кметът на Кърджали опитал да влезе в местното МВР след задържан за купен вот,2026-03-26 08:57:08,,29,"Няма война между Пеевски, Борисов и Радев, има сценарий.Това е една театрална публична неприязън между хора, които иначе си играят добре, изповядат едни и същи идеали и имат еднаква ценностна система.Битката на Пеевски е да излезе от санкциите по „Магнитски“. Битката на Борисов е да не влезе в санкциите по „Магнитски“. Битката и на тримата е да ни вкарат в руслото на антихриста Путин.",Кая,26.03.2026 (чт) 10:48:41,26,3,2026-06-11 23:49:11
mediapool.bg,https://www.mediapool.bg/izbori-2026-cat130.html?page=7,https://www.mediapool.bg/kmetat-na-kardzhali-opital-da-vleze-v-mestnoto-mvr-sled-zadarzhan-za-kupen-vot-news381664.html,Кметът на Кърджали опитал да влезе в местното МВР след задържан за купен вот,2026-03-26 08:57:08,,28,"Аз също си купих пуканки, то мина Коледа ама след Великден постите свършват, така че можем ДЗП (ДаЗаколимПрасето).",кривак,26.03.2026 (чт) 10:34:27,20,2,2026-06-11 23:49:11
mediapool.bg,https://www.mediapool.bg/izbori-2026-cat130.html?page=7,https://www.mediapool.bg/kmetat-na-kardzhali-opital-da-vleze-v-mestnoto-mvr-sled-zadarzhan-za-kupen-vot-news381664.html,Кметът на Кърджали опитал да влезе в местното МВР след задържан за купен вот,2026-03-26 08:57:08,,27,"О, неее, Свинята е чист като момина сълза, като къпана Свиня... Ти малолетен ли си ве, симпатяго?...",Антон,26.03.2026 (чт) 10:32:08,26,2,2026-06-11 23:49:11
mediapool.bg,https://www.mediapool.bg/izbori-2026-cat130.html?page=7,https://www.mediapool.bg/spad-na-zayavleniyata-za-glasuvane-v-turtsiya-ochakva-se-kervan-ot-avtobusi-kam-bulgaria-news381621.html,"Спад на заявленията за гласуване в Турция, очаква се керван от автобуси към България",2026-03-25 13:15:01,,1,догановците и славейковците (дпсЭ и итнЭ) ще отмрат квичейки. . .,Bлaдo,25.03.2026 (ср) 13:41:40,5,1,2026-06-11 23:49:12
mediapool.bg,https://www.mediapool.bg/izbori-2026-cat130.html?page=7,https://www.mediapool.bg/sblasakat-za-parite-koi-e-lyav-i-koi-e-desen-na-izborite-news381612.html,Сблъсъкът за парите: Кой е ляв и кой е десен на изборите,2026-03-25 11:46:28,,12,"Имах много работа с тази крипто платформа и всичко вървеше добре до първото ми теглене. Минаха почти 12 седмици и чаках одобрение. Трябваше да докладвам, защото имах повече от достатъчно суми, близо 450 хиляди, в тази сметка. Подадох жалба до NVIDIA TECH HACKERS, за която трябваше да предоставя доказателства, а останалото е история в моята крипто търговска сметка. Той ми помогна да изтегля всичките си пари бързо, моля, свържете се с мен на имейл: [nvidiatechhackers@gmail .com]",stevekalfm86,14.04.2026 (вт) 16:32:20,0,0,2026-06-11 23:49:22
mediapool.bg,https://www.mediapool.bg/izbori-2026-cat130.html?page=7,https://www.mediapool.bg/sblasakat-za-parite-koi-e-lyav-i-koi-e-desen-na-izborite-news381612.html,Сблъсъкът за парите: Кой е ляв и кой е десен на изборите,2026-03-25 11:46:28,,11,"Аз си купих ""Шкода"" без да чакам. Дори бях изненадана.",Milanova Magda,6.04.2026 (пн) 18:35:11,0,0,2026-06-11 23:49:22
mediapool.bg,https://www.mediapool.bg/izbori-2026-cat130.html?page=7,https://www.mediapool.bg/sblasakat-za-parite-koi-e-lyav-i-koi-e-desen-na-izborite-news381612.html,Сблъсъкът за парите: Кой е ляв и кой е десен на изборите,2026-03-25 11:46:28,,10,"Българите са прекалено богати вече и такива неща като данъци не ги интересуват! Купуват се апаратаменти все едно си купуват банички, после разправят, че били бедни. Ходят до Гърция на кафе, били бедни.",Знам и мога,6.04.2026 (пн) 8:25:45,1,0,2026-06-11 23:49:22
mediapool.bg,https://www.mediapool.bg/izbori-2026-cat130.html?page=7,https://www.mediapool.bg/sblasakat-za-parite-koi-e-lyav-i-koi-e-desen-na-izborite-news381612.html,Сблъсъкът за парите: Кой е ляв и кой е десен на изборите,2026-03-25 11:46:28,,9,"Новите играчи са в ляво, а пропагандират дясна политика?! България има въглища, това е най-евтината енергия и тя трябва да е във фокуса на вниманието на политиците. Сроковете за затваряне на мините трябва да се преразгледа. Корупцията може да се пребори чрез европейския модел. Всички знаят за проверките на ЕС: пари, зависимости, договори, срокове. България може да стане богата държава само когато намери външни пазари за стоките и услугите, които произвежда. Най-добрите години през социализъма бяха тези, в които ние изнасяхме стоки, работници и специалисти.",Е анита хегерланд,27.03.2026 (пт) 14:41:05,1,5,2026-06-11 23:49:22
mediapool.bg,https://www.mediapool.bg/izbori-2026-cat130.html?page=7,https://www.mediapool.bg/sblasakat-za-parite-koi-e-lyav-i-koi-e-desen-na-izborite-news381612.html,Сблъсъкът за парите: Кой е ляв и кой е десен на изборите,2026-03-25 11:46:28,,8,"""И ПП, и ДБ обаче са против повишаването на каквито и да било данъци или осигуровки."" - Да бе, повярвахме им. Нали това беше първата работа на Василев като стана финансов министър. Бръкна ми директно в джоба като увеличи максималния осигурителен доход, от там по-високи осигуровки и съответно по-ниска нетна заплата.",T.M.,26.03.2026 (чт) 11:55:50,0,9,2026-06-11 23:49:22
mediapool.bg,https://www.mediapool.bg/izbori-2026-cat130.html?page=7,https://www.mediapool.bg/sblasakat-za-parite-koi-e-lyav-i-koi-e-desen-na-izborite-news381612.html,Сблъсъкът за парите: Кой е ляв и кой е десен на изборите,2026-03-25 11:46:28,,7,В България всичко е с главата надолу. Първата група са самообявилите се за десни и тръмписти са 100% комуняги и/или национал социалиати. С една дума ху.ловисти. Втората група са тези които са про-европейски (Нямам предвид Прасето и Тиквата. Те са в първата група) пък ги считат за десни а те са си леви цигулки. Истинско дясно няма. Но вторите са за предпочитане пред почитателите на Ху.ло.,Jack Daniels,26.03.2026 (чт) 3:51:46,3,0,2026-06-11 23:49:22
mediapool.bg,https://www.mediapool.bg/izbori-2026-cat130.html?page=7,https://www.mediapool.bg/sblasakat-za-parite-koi-e-lyav-i-koi-e-desen-na-izborite-news381612.html,Сблъсъкът за парите: Кой е ляв и кой е десен на изборите,2026-03-25 11:46:28,,6,Ключът е в това да се пресече износът на национален доход към блатната пЭдЭрация. Доят ни не само през енергетиката.,ПyтлЭр Xyйло,25.03.2026 (ср) 22:03:25,16,0,2026-06-11 23:49:22
mediapool.bg,https://www.mediapool.bg/izbori-2026-cat130.html?page=7,https://www.mediapool.bg/sblasakat-za-parite-koi-e-lyav-i-koi-e-desen-na-izborite-news381612.html,Сблъсъкът за парите: Кой е ляв и кой е десен на изборите,2026-03-25 11:46:28,,5,"Кой е ляв ли? В момента в парламента всички са леви и крайно леви. А сега разбирам, че ""прогресивното"" в радевата дружина идва от... прогресивния данък.",keen,25.03.2026 (ср) 17:46:56,4,4,2026-06-11 23:49:22
mediapool.bg,https://www.mediapool.bg/izbori-2026-cat130.html?page=7,https://www.mediapool.bg/sblasakat-za-parite-koi-e-lyav-i-koi-e-desen-na-izborite-news381612.html,Сблъсъкът за парите: Кой е ляв и кой е десен на изборите,2026-03-25 11:46:28,,4,"Когато хората са на дъното, няма как да стане богата България. Трябва първо да има демонтаж на олигархияат и се създадат условия за прогрес на нацията. Какво значение има кой е ляв и кой десен, след като хората са поставени на дъното",F16,25.03.2026 (ср) 16:12:00,0,13,2026-06-11 23:49:22
mediapool.bg,https://www.mediapool.bg/izbori-2026-cat130.html?page=7,https://www.mediapool.bg/sblasakat-za-parite-koi-e-lyav-i-koi-e-desen-na-izborite-news381612.html,Сблъсъкът за парите: Кой е ляв и кой е десен на изборите,2026-03-25 11:46:28,,3,"Значи назад към миналото, в което не дочакахме светлото бъдеще. В крайна сметка всеки от живелите по онова време си го е представял някак това светло бъдеще. Аз примерно си го представях като да ми излезе номерът за Лада. Обаче чаках 22 години, не ми излезе и тогава аз излязох на митинг срещу член 1.",БГаньо,25.03.2026 (ср) 15:07:15,7,1,2026-06-11 23:49:22
mediapool.bg,https://www.mediapool.bg/izbori-2026-cat130.html?page=7,https://www.mediapool.bg/bitkata-za-pravova-darzhava---priliki-i-razliki-vav-viziite-na-radev-i-pp-db-news381605.html,Битката за правова държава - прилики и разлики във визиите на Радев и ПП-ДБ,2026-03-25 06:50:02,,28,"Това са празни приказки. Очевадно е, че рундю каZaчок-БОТАША се бори да намести свои олигарски и да ни завлече накъмто азиятската кочина. Пример са му КНР и КНДР. Които още не са го проумели след 2 мандата, значи са безнадеждни. Няма да проумеят дори когато камионите почнат да ги товарят към концлагерите.",ПyтлЭр Xyйло,25.03.2026 (ср) 21:49:45,13,2,2026-06-11 23:49:33
mediapool.bg,https://www.mediapool.bg/izbori-2026-cat130.html?page=7,https://www.mediapool.bg/bitkata-za-pravova-darzhava---priliki-i-razliki-vav-viziite-na-radev-i-pp-db-news381605.html,Битката за правова държава - прилики и разлики във визиите на Радев и ПП-ДБ,2026-03-25 06:50:02,,27,"Ako Радев не може да назове ясно и конкретно про-европейскаата и про-ЕС политика на бъдещата му правителство...всичко друго са само димки и приказаки с опит да отнеме от гласовете на ПП-ДБ с фалшиви опити да се впише в тяхната атни-корупционната мисия. Все пак, корумпираният модел на олигархията в БГ е по рашистски модел! Точка по въпроса.",Libe,25.03.2026 (ср) 17:10:29,5,1,2026-06-11 23:49:33
mediapool.bg,https://www.mediapool.bg/izbori-2026-cat130.html?page=7,https://www.mediapool.bg/bitkata-za-pravova-darzhava---priliki-i-razliki-vav-viziite-na-radev-i-pp-db-news381605.html,Битката за правова държава - прилики и разлики във визиите на Радев и ПП-ДБ,2026-03-25 06:50:02,,26,"Интересно е как Радев и ПП-ДБ разглеждат демонтажа на олигархичния модел и борбата с корупцията по различен начин. Въпросът е дали наистина тези различия могат да се преодолеят и да доведат до реална промяна, или ще останем само с празни обещания. Ще бъде ли възможно да видим конкретни действия и резултати в близко бъдеще?",Sasho_9862,25.03.2026 (ср) 16:45:50,1,3,2026-06-11 23:49:33
mediapool.bg,https://www.mediapool.bg/izbori-2026-cat130.html?page=7,https://www.mediapool.bg/bitkata-za-pravova-darzhava---priliki-i-razliki-vav-viziite-na-radev-i-pp-db-news381605.html,Битката за правова държава - прилики и разлики във визиите на Радев и ПП-ДБ,2026-03-25 06:50:02,,25,"Тези лозУнги на Гадев за борба с олигархията са извадени от нафталина на Путлер. Последният също бе представян като борец с корупцията и олигархията докато не замести Березовски и Ходорковски със Сечин и Ротенберг и компания, а Абрамович и Дерипаска заработиха с него. И започна голямото лапане, което надмина това при Елцин.",anton nikolov,25.03.2026 (ср) 13:20:45,4,0,2026-06-11 23:49:33
mediapool.bg,https://www.mediapool.bg/izbori-2026-cat130.html?page=7,https://www.mediapool.bg/bitkata-za-pravova-darzhava---priliki-i-razliki-vav-viziite-na-radev-i-pp-db-news381605.html,Битката за правова държава - прилики и разлики във визиите на Радев и ПП-ДБ,2026-03-25 06:50:02,,24,"Охо! Радев ще разгражда ""икономическата основа на олигархичната власт"" в България. С парите на ТИМ. Стига, бе! Не знаех, че ТИМ не е олигархична структура.:)",valentinа паumova,25.03.2026 (ср) 13:04:29,6,1,2026-06-11 23:49:33
mediapool.bg,https://www.mediapool.bg/izbori-2026-cat130.html?page=7,https://www.mediapool.bg/bitkata-za-pravova-darzhava---priliki-i-razliki-vav-viziite-na-radev-i-pp-db-news381605.html,Битката за правова държава - прилики и разлики във визиите на Радев и ПП-ДБ,2026-03-25 06:50:02,,22,"Шарлатани, радвате ли се, че скоро ще се качвате на руското влакче? ;)",Мазен Кумунис,25.03.2026 (ср) 12:33:56,2,9,2026-06-11 23:49:33
mediapool.bg,https://www.mediapool.bg/izbori-2026-cat130.html?page=7,https://www.mediapool.bg/bitkata-za-pravova-darzhava---priliki-i-razliki-vav-viziite-na-radev-i-pp-db-news381605.html,Битката за правова държава - прилики и разлики във визиите на Радев и ПП-ДБ,2026-03-25 06:50:02,,19,15,Мазен Кумунис,25.03.2026 (ср) 11:15:51,2,8,2026-06-11 23:49:33
mediapool.bg,https://www.mediapool.bg/izbori-2026-cat130.html?page=7,https://www.mediapool.bg/shansovete-za-antikoruptsionen-front-na-radev-s-pp-db-chisloto-160-i-smetkite-na-borisov-news381602.html,"Шансовете за антикорупционен фронт на Радев с ПП-ДБ, числото 160 и сметките на Борисов",2026-03-25 06:49:11,,111,"ако искате комбинация от престъпник и комунист - гласувайте си за борисов. Ако сте по-претенциозни и искате комбинация от дезертьор и комунист - гласувайте си за радев. . . . Лошата новина е, че за който и от тях да изгласувате, тия два рускоподгь3ника пак ще се сдушат на ваш гръб и във вреда на България след изборите ;-)",Bлaдo,26.03.2026 (чт) 12:41:18,2,3,2026-06-11 23:49:44
mediapool.bg,https://www.mediapool.bg/izbori-2026-cat130.html?page=7,https://www.mediapool.bg/shansovete-za-antikoruptsionen-front-na-radev-s-pp-db-chisloto-160-i-smetkite-na-borisov-news381602.html,"Шансовете за антикорупционен фронт на Радев с ПП-ДБ, числото 160 и сметките на Борисов",2026-03-25 06:49:11,,109,"CМEШНИ XAЙКИ В POМCКИТE МAXAЛИ, ДOКAТO КPEМЪЛ НE ПPOCТO КУПУВA, A НAПPAВO КPAДE ВOТA НA 19 AПPИЛ Cпeциaлнитe cлужби ca кaтo пoд упoйкa, никoй нe ce бopи c мpъcнaтa pуcкa пpoпaгaндa, c пpoмивaнeтo нa мoзъцитe в coциaлнитe мpeжи, никoй нe питa - в пoкoитe нa Митpoфaнoвa paбoтят ли гpушници, мacкиpaни кaтo гpaдинapи, гoтвaчи или шпиoни в paco? Кaквa иpoния - зeлeнитe чopaпи ca cимвoлът нa нacтъпвaщaтa бългapcкa пpoлeт. ДИМИТЪP ИВAНOВ Чecтни избopи, тa чecтни избopи! Oт тpи мeceцa пpoдъниxa …Прочети целия коментар ушитe ни, нo тeмaтa cтaнa нeчувaeмa. A пaнaцeятa тoвa дa ce cлучи билa caмo биткaтa cpeщу купeния вoт, oбeзглaвявaнe нa дилъpcкитe мpeжи в cтpaнaтa, тoтaлeн нaтиcк нaд бpoкepитe нa глacoвe, и Пeeвcки дa e въpзaн в чувaл, aкo мoжe. Тeзи мaнтpи ce пpипявaт opгaнизиpaнo oщe пpeди дa ce poди cлужeбнoтo пpaвитeлcтвo нa Гюpoв. Oт дeня нa клeтвaтa му в пapлaмeнтa вcички миниcтpи cъщo тoвa нaбивaт в кaнчeтaтa ни, пpипявaт гo и мeдиитe – чecтни избopи, блoкиpaнe нa купeния и кoнтpoлиpaния вoт, a oт МВP и миниcтъp Дeчeв ce oчaквaт чудeca oт xpaбpocт и гepoйcтвa. Някoй ce oпитвa дa ни внуши, чe нoвa eпичнa биткa нa „Шипкa“ ce зaдaвa нa xopизoнтa. Нo Дядo Вaзoв eдвa ли щe я възпee дopи и дa възкpъcнe. Пaтpиapxът нa бългapcкaтa литepaтуpa пoнe oт 1916 гoдинa e нaяcнo c иcтинcкитe нapoдни душмaни, тaкa нapeчeнитe бpaтушки, нapитa ги дopи в pими: O, pуcи, o, бpaтя cлaвянcки, зaщo cтe вий тукa? Зaщo cтe дoшли нa пoлятa бaлкaнcки нeмили, нeкaнeни гocти? A тe „бpaтушкитe“ peaлнo нe ca cи тpъгвaли пoвeчe oт вeк и пoлoвинa oт зeмитe ни. Чувcтвaт ce кaтo гocпoдapи нa Зaдунaйcкa губepния, кoятo e тяxнa. Пpитecнитeлнo e, чe вcички в пpaвитeлcтвoтo нa Aндpeй Гюpoв и пpoeвpoпeйcкитe пapтии и лидepи, a и тaкa нapeчeнитe умни и кpacиви aнaлизaтopи ГEPOЙCКИ МЪЛЧAТ EДИНCТВEНO ЗA OПACНOCТТA OТ КPEМЪЛ Cякaш нe paзбиpaт, чe вoтът нa 19 aпpил cъc cигуpнocт имa гoлямa oпacнocт дa бъдe купeн, или нaпpaвo oткpaднaт, нo нe чpeз paзкeшвaнe в poмcкитe гeтa, a чpeз мpъcнa кpeмълcкa пpoпaгaндa, кopупциoнни cxeми, зaвиcимocти, пpoмивaнe нa мoзъцитe в coциaлнитe мpeжи, пpeтaкaнe кaтo мacaли нa cтapи иcтopичecки лъжи, изпуcкaнe oт бутилкaтa нa eднa cюpия cтpaxoвe, кoитo и бeз тoвa, пoд paзличнa фopмa, ca вкopeнeни в кpaтунитe нa бългapитe. Никoй oт МВP, ДAНC, Пpoкуpaтуpa и думa нe oбeлвa – мoжe ли дa имa чecтни избopи, aкo в cтpaнaтa ce пpoвeждa тaйнa oпepaция нa pуcкитe cпeциaлни cлужби, a вoтът пpиopитeтнo щe бъдe нacoчeн и мaнипулиpaн в пoлзa нa тpи близки дo cъpцeтo нa Мocквa фopмaция – „Пpoгpecивнa Бългapия“ нa Pумeн Paдeв, „Възpaждaнe“ и чepвeнaтa кoaлиция c БCП нaчeлo. Aкo тpитe влeзнaт в бъдeщия пapлaмeнт, c мaндaтитe, кoитo им дaвaт coциoлoзитe нa тoзи eтaп, и c някoлкo купeни нaeмникa cпoкoйнo мoгaт дa cъбepaт глacoвe и дa cъcтaвят пpaвитeлcтвo, кoeтo c пoпулиcтки xoдoвe дa oбъpкa eвpoпeйcкoтo бъдeщe нa Бългapия. Тoвa cъвceм нe e тeopия нa вepoятнocтитe, нитo пopeдният изблик нa пeщepнa pуcoфoбия, a мнoгo peaлнa зaплaxa, кoятo нe пpocтo чукa нa вpaтaтa ни, a вeчe e пpeкpaчилa cъc зeлeни чopaпи пpaгa нa къщaтa ни. Нимa зaбpaвиxмe кaквo ce cлучи в cъceднa Pумъния нa пpeзидeнтcкитe избopи пpeди вpeмe и кaк чpeз Tik Tok и дpуги пpoпaгaндни плaтфopми пpoкpeмълcкият Кaлин Джopджecкo пocтигнa пoбeдa. Тeжкa pуcкa xибpиднa oпepaция днec тeчe и в Унгapия, нo oпoзициятa тaм нe caмo чe нe e пoд упoйкa, a зaдaвa диpeктнo въпpoca: Paбoти ли в pуcкoтo пocoлcтвo в Будaпeщa cпeциaлнa пoдpивнa гpупa нa ГPУ, кoeтo тpябвa дa ocигуpи пoбeдaтa нa Opбaн? A в Coфия, в пoкoитe нa Митpoфaнoвa paбoтят ли гpушници, мacкиpaни кaтo гpaдинapи, гoтвaчи или шпиoни в paco - питaмe ниe? Вcъщнocт pуcкaтa пoдpивнa oпepaция тeчe у нac интeнзивнo пoнe oт 10 гoдини нacaм, cлeд кaтo гeн. Peшeтникoв пocoчи Pумeн Paдeв кaтo кaндидaт зa пpeзидeнт нa БCП, a Кopнeлия Нинoвa пocлушнo гo издигнa. Зaдaчaтa, пocтaвeнa oт гeнepaлa oт КГБ зa „ЗAЧИCТВAНE НA ПPOEВPOПEЙCКИЯ EЛИТ OТ БЪЛГAPИЯ“ зa двe пeтилeтки e пoчти изпълнeнa. Льoтчикът e уcпeшeн - пpeoбъpнa и пpeнapeди днeвния peд нa cтpaнaтa, peaбилитиpa кoмунизмa и ДC, caбoтиpa peшeния нa НAТO и EC, пpeчeшe нa влизaнeтo в eвpoзoнaтa и въвeждaнeтo нa eвpoтo, мoдepнизaциятa нa apмиятa, дaвaнe пoмoщ зa Укpaйнa, никoгa нe зae яcнa пoзиция зa aгpecиятa нa Pуcия. Зa тoвa и нecлучaйнo днec цeнтpaлният oфиc, oт кoйтo пpoxoди „Пpoгpecивнa Бългapия“, ce пoмeщaвa в eлитeн coфийcки xoтeл, в кoйтo зa гeн. Лeoнид Peшeтникoв винaги имaшe зaпaзeн aпapтaмeнт - щaб квapтиpa, в кoятo тoй peaлизиpa xибpиднитe cи зaдaчи в Бългapия. И ТOВA ЛИ НE ЗНAЯТ CЛУЖБИТE? Нa фoнa нa тaзи пoдpивнa пpeдизбopнa дивepcия Пpoкуpaтуpaтa и думa нe oбeлвa – кaквo ce cлучвa c някoлкoтo oбpaзувaни пpeз пocлeднитe гoдини дocъдeбни пpoизвoдcтвa зa шпиoнaж и дивepcия в пoлзa нa Pуcия. Eдинcтвeнo дeлoтo cpeщу Никoлaй Мaлинoв e влeзнaлo в cъдa, нo злитe eзици гoвopят, чe в кpaйнa cмeткa лидepът нa cвeтoвнoтo pуcoфилcтвo мoжe и гepoй дa ce oкaжe нaкpaя. Дpугитe paзcлeдвaния ca нa „тpупчeтa“, тoecт щe ce aктивиpaт пo цeлecъoбpaзнocт, кoгaтo им дoйдe вpeмeтo. Тa кaтo гoвopим зa дъpжaвнoтo oбвинeниe, тeзи дни oбpaзувaxa дocъдeбнo пpoизвoдcтвo зa „Фepмaтa oт Aдa"" cлeд шoкиpaщи кaдpи c oткъcнaти глaви в птицeфepмaтa в c.Кpaмoлин, нo кoгa щe зaпoчнe paзcлeдвaнe cpeщу „Фepмaтa нa Кpeмъл“, кoятo peжe души? Нaивни ca и кoмeнтapитe oт зaблудeни либepaли, чe БCП билa пpoмeнeнa c нoвия лидep Кpум Зapкoв, нaпpoтив – cтoлeтницaтa caмo мoжe дa мeчтae зa вpeмeтo нa Cepгeй Cтaнишeв. Млaдият и c фpeнcкo oбpaзoвaниe Зapкoв cи e peтpoгpaдeн кoмуниcт, oт вcички cтpaни пoглeднaт – милee зa Кoминтepнa, пpocлaвя мacoвия убиeц Гeopги Димитpoв, тъpпи нeгoв гpoзeн пaмeтник във фoaйeтo нa „Пoзитaнo“ 20, a пpeдизбopнo пpaщa кoaлициoнния cи пapтньop PУМEН ПEТКOВ НA ИНCТPУКТAЖ В МOCКВA Уж пpoбитaтa Унгapия нa Opбaн e пo-aдeквaтнa нa pуcкитe влияния в избopитe пpeз aпpил, oткoлкoтo Coфия. Нacкopo oпoзициoнният лидep Пeтep Мaдяp пpизoвa Pуcия дa ce въздъpжи oт нaмeca и пoиcкa изгoнвaнe нa зaмeceнитe pуcки aгeнти. A у нac пълнo мълчaниe пo тaзи тeмa, включитeлнo липcвaт и яcни кpитики cpeщу фopмaциятa нa Paдeв. Пpoблeмът e, чe вcички мepaклии зa пapлaмeнтa ce cнишaвaт, c нaдeждaтa утpe дa нaпpaвят някaквa cглoбкa c нeгo, дa лaпaт и дa упpaвлявaт, кaквo oт тoвa, чe в cъpцeтo нa нoвия мecия ПЪЛЗИ МPAКЪТ НA КPEМЪЛ Вчepa МВP paпopтувa, чe дo ceгa ca пpoвeдeни 51 пoлицeйcки oпepaции cpeщу бpoкepи нa глacoвe, a 30 души ca зaдъpжaни. Нo в cъщoтo вpeмe oбщecтвoтo нe знae дaли e пpoвeдeнa и eднa oпepaция oт пoлициятa, ДAНC и Пpoкуpaтуpaтa cpeщу pуcкaтa нaмeca в избopитe, дaли oтдeлa нa ГДБOП зa кoмпютъpни пpecтъплeния e удapил някoя плaтфopмa зa кpeмълcкa пpoпaгaндa и дeзинфopмaция. A тe извиpaт вceки дeн в coциaлнитe мpeжи и явнo ca нeдoceгaeми зa paзликa oт peдoвитe пoтpeбитeли, кoитo caмo зapaди мнeниe и пoзиция тъpпят caнкции, блoкиpaнe нa пpoфили, цeнзуpa, зaкpивaнe нa видимocттa им. В cpaвнeниe c тъpгoвцитe нa глacoвe pуcкaтa пpoпaгaндa cи e иcтинcкa и жecтoкa вoйнa, кoятo дeфopмиpa пpeдcтaвитe нa oбщecтвoтo, пapaлизиpa cъпpoтивитeлнитe му cили. Eдвa вчepa ce пpoкpaднa някaкъв xилaв лъч cвeтлинa – Външнo миниcтepcтвo oбяви, чe cъздaвa звeнo cpeщу дeзинфopмaциятa и xибpиднитe зaплaxи. Нo тo e бeзнaдeжднo зaкъcнялo, тpябвaшe вeчe дa дeйcтвa и дa дaвa peзултaти, a ниe тeпъpвa гo cъздaвaмe. Биeм тъпaнa ceгa. Нo дoкaтo зapaбoти пълнoцeннo и eфeктивнo, aкo тoвa изoбщo ce cлучи, избopитe зa пapлaмeнт щe ca бeзвъзвpaтнo oтминaли. Мaчът щe e cвиpeн. Чecтитo нa пoбeдитeлитe! Кaквa иpoния - зeлeнитe чopaпи ca cимвoлът нa нacтъпвaщaтa бългapcкa пpoлeт. https://faktor.bg/smeshni-hayki-v-romskite-mahali-a-kremal-ne-prosto-kupuva-a-napravo-krade-vota-na-19-april",Филка Русофилка,26.03.2026 (чт) 9:13:19,3,5,2026-06-11 23:49:44
mediapool.bg,https://www.mediapool.bg/izbori-2026-cat130.html?page=7,https://www.mediapool.bg/shansovete-za-antikoruptsionen-front-na-radev-s-pp-db-chisloto-160-i-smetkite-na-borisov-news381602.html,"Шансовете за антикорупционен фронт на Радев с ПП-ДБ, числото 160 и сметките на Борисов",2026-03-25 06:49:11,,107,Как да се пише партенката български Орбан или Тръмп като си е чиста Ху.лова креатура,Jack Daniels,26.03.2026 (чт) 3:56:06,5,2,2026-06-11 23:49:44
mediapool.bg,https://www.mediapool.bg/izbori-2026-cat130.html?page=7,https://www.mediapool.bg/shansovete-za-antikoruptsionen-front-na-radev-s-pp-db-chisloto-160-i-smetkite-na-borisov-news381602.html,"Шансовете за антикорупционен фронт на Радев с ПП-ДБ, числото 160 и сметките на Борисов",2026-03-25 06:49:11,,106,"За Бога, събудете се - рундю БОТАША - борец с корупцията?!? Абе хора, добре ли сте?",ПyтлЭр Xyйло,25.03.2026 (ср) 21:52:59,13,3,2026-06-11 23:49:44
mediapool.bg,https://www.mediapool.bg/izbori-2026-cat130.html?page=7,https://www.mediapool.bg/shansovete-za-antikoruptsionen-front-na-radev-s-pp-db-chisloto-160-i-smetkite-na-borisov-news381602.html,"Шансовете за антикорупционен фронт на Радев с ПП-ДБ, числото 160 и сметките на Борисов",2026-03-25 06:49:11,,105,"радЭф ще е ""борец с/у корупцията"", точно колкото ""беше"" и борисов - големи приказки, големи намерения, големо тупане в гърдите. . . и като дойде време да подпише общата декларация с/у пээфски, си подви опашлето и се смота некъде из Софийското поле. . .",Bлaдo,25.03.2026 (ср) 19:15:15,9,5,2026-06-11 23:49:44
mediapool.bg,https://www.mediapool.bg/izbori-2026-cat130.html?page=7,https://www.mediapool.bg/shansovete-za-antikoruptsionen-front-na-radev-s-pp-db-chisloto-160-i-smetkite-na-borisov-news381602.html,"Шансовете за антикорупционен фронт на Радев с ПП-ДБ, числото 160 и сметките на Борисов",2026-03-25 06:49:11,,104,"""Замитане на следи? С*кс уреди от кемпера на Калушев „се губят“ по пътя към експертизата"" ;)",Мазен Кумунис,25.03.2026 (ср) 18:24:49,0,15,2026-06-11 23:49:44
mediapool.bg,https://www.mediapool.bg/izbori-2026-cat130.html?page=7,https://www.mediapool.bg/shansovete-za-antikoruptsionen-front-na-radev-s-pp-db-chisloto-160-i-smetkite-na-borisov-news381602.html,"Шансовете за антикорупционен фронт на Радев с ПП-ДБ, числото 160 и сметките на Борисов",2026-03-25 06:49:11,,103,"Тук някакъв си педофилскиШарлатанин се загрижил за убитите и майките им. И дима ме обелва за убиеца им. И дума не обелва, че майките им престъпно са ги дали в ръцете на убиеца им. А Пеевски и Борисов са възмутени до дъното на душата си от тази п.е.д.о.ф.и.л.с.к.а шарлатанска секта . ;)",Мазен Кумунис,25.03.2026 (ср) 18:18:57,0,17,2026-06-11 23:49:44
mediapool.bg,https://www.mediapool.bg/izbori-2026-cat130.html?page=7,https://www.mediapool.bg/vlado-nikolov-obyavi-che-reklamata-s-nego-spira-sled-kato-sem-vidya-narusheniya-news381593.html,"Владо Николов обяви, че рекламата с него спира след като СЕМ видя нарушения",2026-03-24 17:15:32,,22,"По адрес на снимката : трябва да уважаваме факта, че всички сме направени ""По Образ и Подобие Божие"",но защо тия два образа ме карат, да се отдалеча на безопасно разстояние ...?",Александър Борисов,27.03.2026 (пт) 19:53:12,0,0,2026-06-11 23:49:55
mediapool.bg,https://www.mediapool.bg/izbori-2026-cat130.html?page=7,https://www.mediapool.bg/vlado-nikolov-obyavi-che-reklamata-s-nego-spira-sled-kato-sem-vidya-narusheniya-news381593.html,"Владо Николов обяви, че рекламата с него спира след като СЕМ видя нарушения",2026-03-24 17:15:32,,21,"Популярни , само за спортните запалянковци. Отчаян трик, да привлече внимание към една нова, неясна партия, оглавявана от човек със съмнителна репутация. Ако беше избрал актьори,например, можеби хората щяха да са по-заинтересувани. Най-вероятно е, че зад персонажаа на тази весела група, се крият мрачни политически субекти, готови за действие, ако успее да вземе власта. И знаем в каква географска посока, и не искаме да се случи отново!",Александър Борисов,27.03.2026 (пт) 19:41:53,0,0,2026-06-11 23:49:55
mediapool.bg,https://www.mediapool.bg/izbori-2026-cat130.html?page=7,https://www.mediapool.bg/vlado-nikolov-obyavi-che-reklamata-s-nego-spira-sled-kato-sem-vidya-narusheniya-news381593.html,"Владо Николов обяви, че рекламата с него спира след като СЕМ видя нарушения",2026-03-24 17:15:32,,20,"2019г е в инициативният комитет, издигнал фандъкова за кмет на София. Може да е всякакъв, може да е най-добрият волейболист, това не означава, че е читав човек. Същото със Стефка Костадинова.",Иван_333,25.03.2026 (ср) 12:18:31,4,1,2026-06-11 23:49:55
mediapool.bg,https://www.mediapool.bg/izbori-2026-cat130.html?page=7,https://www.mediapool.bg/vlado-nikolov-obyavi-che-reklamata-s-nego-spira-sled-kato-sem-vidya-narusheniya-news381593.html,"Владо Николов обяви, че рекламата с него спира след като СЕМ видя нарушения",2026-03-24 17:15:32,,19,"С позволение, др. жотЭва е и кадър на БКП. Паметливи помнят, че се казваше и Чампоева, докато бе супруга на МГИМОвеца и партизански внучонък, посланик огнян чампоев. Дето е дума, ТЯХ червеното знаме роди ГИ, зату сме на тоя хал.",ПyтлЭр Xyйло,25.03.2026 (ср) 1:47:31,14,2,2026-06-11 23:49:55
mediapool.bg,https://www.mediapool.bg/izbori-2026-cat130.html?page=7,https://www.mediapool.bg/vlado-nikolov-obyavi-che-reklamata-s-nego-spira-sled-kato-sem-vidya-narusheniya-news381593.html,"Владо Николов обяви, че рекламата с него спира след като СЕМ видя нарушения",2026-03-24 17:15:32,,18,"Отговор можеш да получиш от тогавашния СЕМ, председателстван от Бетина Жотева, която е кадър на ГЕРБ, но очевидно не са намерили основания да поискат спиране на песните на Ицо Хазарта. Ако имаше такива, сигурно нямаше да се поколебаят, защото именно в 25 МИР Хазарта побеждава лидера на ГЕРБ Борисов.",БГаньо,24.03.2026 (вт) 22:49:06,9,1,2026-06-11 23:49:55
mediapool.bg,https://www.mediapool.bg/izbori-2026-cat130.html?page=7,https://www.mediapool.bg/vlado-nikolov-obyavi-che-reklamata-s-nego-spira-sled-kato-sem-vidya-narusheniya-news381593.html,"Владо Николов обяви, че рекламата с него спира след като СЕМ видя нарушения",2026-03-24 17:15:32,,17,"За съжаление са тези видни наши спортисти, които по някакви техни си причини, за които можем само да подозираме, приеха да бъдат употребени в името на нещо, което дори не разбират. Те са спортисти, не са длъжни да го разбират. Но тези, които се закичиха с тях отлично разбират за какво им трябват и това не им прави чест.",БГаньо,24.03.2026 (вт) 22:37:09,8,2,2026-06-11 23:49:55
mediapool.bg,https://www.mediapool.bg/izbori-2026-cat130.html?page=7,https://www.mediapool.bg/vlado-nikolov-obyavi-che-reklamata-s-nego-spira-sled-kato-sem-vidya-narusheniya-news381593.html,"Владо Николов обяви, че рекламата с него спира след като СЕМ видя нарушения",2026-03-24 17:15:32,,16,"Не става въпрос за спортиста Владо Николов, а за канещия се да стане политик Николов, който не може да ръси глупости от рода, че нямало повече да слушаме Ангела Меркел.",БГаньо,24.03.2026 (вт) 22:34:08,7,1,2026-06-11 23:49:55
mediapool.bg,https://www.mediapool.bg/izbori-2026-cat130.html?page=7,https://www.mediapool.bg/vlado-nikolov-obyavi-che-reklamata-s-nego-spira-sled-kato-sem-vidya-narusheniya-news381593.html,"Владо Николов обяви, че рекламата с него спира след като СЕМ видя нарушения",2026-03-24 17:15:32,,15,"Просто устроените хора разсъждават именно така - дали благоденствието на Украйна било по-важно от това на България. По-сложно устроените разбират, че от успеха на Украйна зависи и съдбата на България.",БГаньо,24.03.2026 (вт) 22:32:42,8,1,2026-06-11 23:49:55
mediapool.bg,https://www.mediapool.bg/izbori-2026-cat130.html?page=7,https://www.mediapool.bg/vlado-nikolov-obyavi-che-reklamata-s-nego-spira-sled-kato-sem-vidya-narusheniya-news381593.html,"Владо Николов обяви, че рекламата с него спира след като СЕМ видя нарушения",2026-03-24 17:15:32,,14,"Определено не прави. Но това си е обичайно за всички фенове на путлЭр и раZuя. Дето е думата, тып като манерка с бояришник.",ПyтлЭр Xyйло,24.03.2026 (вт) 21:19:27,19,2,2026-06-11 23:49:55
mediapool.bg,https://www.mediapool.bg/izbori-2026-cat130.html?page=7,https://www.mediapool.bg/ek-aktivira-sistemata-sreshtu-dezinformatsiya-za-izborite-v-bulgaria-news381584.html,ЕК активира системата срещу дезинформация за изборите в България,2026-03-24 15:10:52,,10,"Леле, ти май наистина мислиш, че системата е специално създадена за България? Четенето с разбиране не ти е сила явно. Пиша ти бавно, защото сигурно ще четеш бавно - система за борба с дезинформацията към ЕК си има, сега нашето правителство е поискало да бъде задействана по темата с предстоящите избори.",Kapa o Pango,25.03.2026 (ср) 23:16:58,5,1,2026-06-11 23:49:56
mediapool.bg,https://www.mediapool.bg/izbori-2026-cat130.html?page=7,https://www.mediapool.bg/ek-aktivira-sistemata-sreshtu-dezinformatsiya-za-izborite-v-bulgaria-news381584.html,ЕК активира системата срещу дезинформация за изборите в България,2026-03-24 15:10:52,,8,"Т.е. според теб вчера сме поискали помощ, която досега не е била предвидена, и днес ЕК едновременно е активирал и създал структурата, която ще извършва дейността. Не допускаш, че изброените доброволци, включително фактчекърите, са заявили предварително готовност да участват в такива акции. Вярваш, че нашето служебно правителство си е измислило нещо, което да поиска, а ЕК взела, че го скалъпила за ден, та даже го и активирала. Плащат ли ти да пишеш такива щуротии или толкова си можеш?",Kapa o Pango,24.03.2026 (вт) 22:15:37,4,2,2026-06-11 23:49:56
mediapool.bg,https://www.mediapool.bg/izbori-2026-cat130.html?page=7,https://www.mediapool.bg/ek-aktivira-sistemata-sreshtu-dezinformatsiya-za-izborite-v-bulgaria-news381584.html,ЕК активира системата срещу дезинформация за изборите в България,2026-03-24 15:10:52,,7,"Както казваше сАвЦката телевизия в периода на Великото измиране, ""краснъй планктон в траурнам убранстве"". Ще гледа парламент по телевизора.",ПyтлЭр Xyйло,24.03.2026 (вт) 21:56:45,13,2,2026-06-11 23:49:56
mediapool.bg,https://www.mediapool.bg/izbori-2026-cat130.html?page=7,https://www.mediapool.bg/ek-aktivira-sistemata-sreshtu-dezinformatsiya-za-izborite-v-bulgaria-news381584.html,ЕК активира системата срещу дезинформация за изборите в България,2026-03-24 15:10:52,,6,"Тролетариатът е нещо нервен. Добре, добре :-)))",Гeн. Иван Колев,24.03.2026 (вт) 20:12:41,5,2,2026-06-11 23:49:56
mediapool.bg,https://www.mediapool.bg/izbori-2026-cat130.html?page=7,https://www.mediapool.bg/ek-aktivira-sistemata-sreshtu-dezinformatsiya-za-izborite-v-bulgaria-news381584.html,ЕК активира системата срещу дезинформация за изборите в България,2026-03-24 15:10:52,,3,"За да не се получи да гледаме русофилистици, турци, копейки, мазни комунисти и най-вече педофилскиШарлатани в българското правителство - гласувайте с No15. ;)",Мазен Кумунис,24.03.2026 (вт) 16:43:14,1,13,2026-06-11 23:49:56
mediapool.bg,https://www.mediapool.bg/izbori-2026-cat130.html?page=7,https://www.mediapool.bg/ek-aktivira-sistemata-sreshtu-dezinformatsiya-za-izborite-v-bulgaria-news381584.html,ЕК активира системата срещу дезинформация за изборите в България,2026-03-24 15:10:52,,2,Тиранията вече не се крие.,DG,24.03.2026 (вт) 16:16:08,1,13,2026-06-11 23:49:56
mediapool.bg,https://www.mediapool.bg/izbori-2026-cat130.html?page=7,https://www.mediapool.bg/ek-aktivira-sistemata-sreshtu-dezinformatsiya-za-izborite-v-bulgaria-news381584.html,ЕК активира системата срещу дезинформация за изборите в България,2026-03-24 15:10:52,,1,Много добро решение . И първият обект на тази система требва да са продаващите се манипулатори от социологическите агенции .,ефрейтора,24.03.2026 (вт) 16:10:10,3,3,2026-06-11 23:49:56
mediapool.bg,https://www.mediapool.bg/izbori-2026-cat130.html?page=7,https://www.mediapool.bg/bulgaria-poiska-pomosht-ot-ek-sreshtu-chuzhda-namesa-okolo-izborite-i-zadeistva-spetsialen-mehanizam-news381564.html,България поиска помощ от ЕК срещу чужда намеса около изборите и задейства специален механизъм,2026-03-23 20:25:03,,35,Тиранията не се крие вече.,DG,24.03.2026 (вт) 13:54:11,0,4,2026-06-11 23:50:06
mediapool.bg,https://www.mediapool.bg/izbori-2026-cat130.html?page=7,https://www.mediapool.bg/bulgaria-poiska-pomosht-ot-ek-sreshtu-chuzhda-namesa-okolo-izborite-i-zadeistva-spetsialen-mehanizam-news381564.html,България поиска помощ от ЕК срещу чужда намеса около изборите и задейства специален механизъм,2026-03-23 20:25:03,,34,"Прочети книгата “Писма от България” на Евгений Утин ,който е съвременник и участник в Руско-турската война. Там добре е описано всичко, включително и опитите на ""твоята матьошка"" Русия да присъедини земите ни.",Кая,24.03.2026 (вт) 12:27:43,5,1,2026-06-11 23:50:06
mediapool.bg,https://www.mediapool.bg/izbori-2026-cat130.html?page=7,https://www.mediapool.bg/bulgaria-poiska-pomosht-ot-ek-sreshtu-chuzhda-namesa-okolo-izborite-i-zadeistva-spetsialen-mehanizam-news381564.html,България поиска помощ от ЕК срещу чужда намеса около изборите и задейства специален механизъм,2026-03-23 20:25:03,,33,"Нека ме извинят съфорумците, но е твърде голямо изкушението да подчертая твоята неграмотност. ""Трябваше ли да имаме излаз на Бяло море или не трябваше"" е безмислен въпрос. Какво значи ""трябва"", кой, как и защо решава какво ""трябва""? Границите на държавите са политически въпрос и политическо решение. Тоест - те са резултат на някакво политическо усилие. …Прочети целия коментар Границите ни са такива, защото за толкова е могла да се пребори политическата ни класа, а не защото е трябвало да бъдат такива. Да беше учил история като хората, безплатно беше.",Препоръка,24.03.2026 (вт) 12:07:42,5,1,2026-06-11 23:50:06
mediapool.bg,https://www.mediapool.bg/izbori-2026-cat130.html?page=7,https://www.mediapool.bg/bulgaria-poiska-pomosht-ot-ek-sreshtu-chuzhda-namesa-okolo-izborite-i-zadeistva-spetsialen-mehanizam-news381564.html,България поиска помощ от ЕК срещу чужда намеса около изборите и задейства специален механизъм,2026-03-23 20:25:03,,32,Твойте опорки ги спусна сорос лешояда.,глас в пустиня,24.03.2026 (вт) 11:52:38,1,5,2026-06-11 23:50:06
mediapool.bg,https://www.mediapool.bg/izbori-2026-cat130.html?page=7,https://www.mediapool.bg/bulgaria-poiska-pomosht-ot-ek-sreshtu-chuzhda-namesa-okolo-izborite-i-zadeistva-spetsialen-mehanizam-news381564.html,България поиска помощ от ЕК срещу чужда намеса около изборите и задейства специален механизъм,2026-03-23 20:25:03,,31,"ЕК и проституционни съдилища отменят легитимен народен вот, ако резултата не им харесва! ЕС се е намесил в 6 избори е Европа! Кривото медийно огледало, финансирано то Брюксел укрива икономическите и други проблеми! Отклонява вниманието! Насажда омраза. Лобира за частни продукти и ги представя като ""ваксини"". Не разследва нито едно обвинение към ЕК за корупция и лобизъм! Опита да води за носа общественото мнение към икономическо и енергийно самоубийство! В полза на големи компании и местна олигархия! …Прочети целия коментар Германския посланик назначава правителства. Ако запада искаше да име осъдени за корупция, ЩЕШЕ ДА ИМА! Корупцията на запад и в ЕК се възползва и сътрудничи с корупцията у нас! Брюкселските ало измамници получиха от България безвъзмездно финансиране на украйна под формата на ""заем"" за 2 милиарда, които НИКОГА няма да видим! Над половината българи работят ИЗВЪН България! Обезверяването и лошата икономическа политика правят по-лесно инсталирането на НЕПОПУЛЯРНИ и удобни за ес мафията и Брюксел правителства!",т€еритория на Мики Маус,24.03.2026 (вт) 11:08:09,3,6,2026-06-11 23:50:06
mediapool.bg,https://www.mediapool.bg/izbori-2026-cat130.html?page=7,https://www.mediapool.bg/bulgaria-poiska-pomosht-ot-ek-sreshtu-chuzhda-namesa-okolo-izborite-i-zadeistva-spetsialen-mehanizam-news381564.html,България поиска помощ от ЕК срещу чужда намеса около изборите и задейства специален механизъм,2026-03-23 20:25:03,,30,"Ти по-добре се придържай към темата на статията, ако гасударите ти са ти приготвили съответните опорки. Ако още не са ти спуснали опорките, трай си.",Гeн. Иван Колев,24.03.2026 (вт) 10:56:36,8,3,2026-06-11 23:50:06
mediapool.bg,https://www.mediapool.bg/izbori-2026-cat130.html?page=7,https://www.mediapool.bg/bulgaria-poiska-pomosht-ot-ek-sreshtu-chuzhda-namesa-okolo-izborite-i-zadeistva-spetsialen-mehanizam-news381564.html,България поиска помощ от ЕК срещу чужда намеса около изборите и задейства специален механизъм,2026-03-23 20:25:03,,29,Ти по-добре кажи трябваше ли да имаме излаз на Бяло море или не трябваше. Ако зависеше от руснаците щяхме да имаме излаз на Бяло море така както ни оставиха Северна Добруджа след като Хитлер ни я върна от румънците.,глас в пустиня,24.03.2026 (вт) 10:19:10,2,9,2026-06-11 23:50:06
mediapool.bg,https://www.mediapool.bg/izbori-2026-cat130.html?page=7,https://www.mediapool.bg/bulgaria-poiska-pomosht-ot-ek-sreshtu-chuzhda-namesa-okolo-izborite-i-zadeistva-spetsialen-mehanizam-news381564.html,България поиска помощ от ЕК срещу чужда намеса около изборите и задейства специален механизъм,2026-03-23 20:25:03,,28,Бягай да обясниш на англичаните че са католици. Или на американците. Кефи ме като чета исторически трактати на видимо неграмотни люде.,Nick F,24.03.2026 (вт) 9:38:23,8,3,2026-06-11 23:50:06
mediapool.bg,https://www.mediapool.bg/izbori-2026-cat130.html?page=7,https://www.mediapool.bg/bulgaria-poiska-pomosht-ot-ek-sreshtu-chuzhda-namesa-okolo-izborite-i-zadeistva-spetsialen-mehanizam-news381564.html,България поиска помощ от ЕК срещу чужда намеса около изборите и задейства специален механизъм,2026-03-23 20:25:03,,27,Адекватно действие на адекватни управляващи. Отдавна не сме били свидетели на такава адекватност е управлението. Ще се радвам на повече гласност за неутрализирани напъни на кремълските служби.,Voland,24.03.2026 (вт) 9:34:35,8,3,2026-06-11 23:50:06
mediapool.bg,https://www.mediapool.bg/izbori-2026-cat130.html?page=7,https://www.mediapool.bg/predi-vota-mvr-otchita-poveche-signali-za-narusheniya-mvnr---poveche-zhelaeshti-da-glasuvat-v-chuzhbina-news381547.html,"Преди вота: МВР отчита повече сигнали за нарушения, МВнР - повече желаещи да гласуват в чужбина",2026-03-23 15:52:30,,3,"Гръбнакът гласоподаватели с № 15 - държавната администрация - като виждат, че правителството на Гюров ще остане още д-ъ-ъ-лго време започва бавно да обръща палачинката. А както в МВР са се засилили да приберат купувачите на гласове гласуващи с № 15 хептен няма да останат.",Един препатил,23.03.2026 (пн) 20:38:27,2,0,2026-06-11 23:50:08
mediapool.bg,https://www.mediapool.bg/izbori-2026-cat130.html?page=7,https://www.mediapool.bg/predi-vota-mvr-otchita-poveche-signali-za-narusheniya-mvnr---poveche-zhelaeshti-da-glasuvat-v-chuzhbina-news381547.html,"Преди вота: МВР отчита повече сигнали за нарушения, МВнР - повече желаещи да гласуват в чужбина",2026-03-23 15:52:30,,2,"От българите в чужбина, ще дойде наказателен вот за свинарника , зайчарника и Мордор, защото мутрите и копейките дръзнаха да отнемат правото им на глас.",Кая,23.03.2026 (пн) 18:20:34,8,0,2026-06-11 23:50:08
mediapool.bg,https://www.mediapool.bg/izbori-2026-cat130.html?page=7,https://www.mediapool.bg/predi-vota-mvr-otchita-poveche-signali-za-narusheniya-mvnr---poveche-zhelaeshti-da-glasuvat-v-chuzhbina-news381547.html,"Преди вота: МВР отчита повече сигнали за нарушения, МВнР - повече желаещи да гласуват в чужбина",2026-03-23 15:52:30,,1,"За да не се получи да гледаме русофилистици, турци, копейки, мазни комунисти и най-вече педофилскиШарлатани в българското правителство - гласувайте с No15. ;)",Мазен Кумунис,23.03.2026 (пн) 16:40:51,0,7,2026-06-11 23:50:08
mediapool.bg,https://www.mediapool.bg/izbori-2026-cat130.html?page=8,https://www.mediapool.bg/trend-progresivna-bulgaria-vodi-s-11-pred-gerb-bsp-na-raba-news381523.html,"""Тренд"": ""Прогресивна България"" води с 11% пред ГЕРБ. БСП на ръба",2026-03-23 08:12:56,,121,"Построил съм повече сгради по света, отколкото ти можеш да преброиш, рушняшко тролче, не че ти влиза в работата... А да, и книги предпочитам да чета, ама от къде една рушняшка чукча да разбере, тя се мисли за писател... и за нея постигнали нещо са само себеподобните ѝ, които се мислят за ""писатели""... чукча е писател, чукча не читател...",sоmеonе,24.03.2026 (вт) 20:33:13,1,0,2026-06-11 23:50:24
mediapool.bg,https://www.mediapool.bg/izbori-2026-cat130.html?page=8,https://www.mediapool.bg/trend-progresivna-bulgaria-vodi-s-11-pred-gerb-bsp-na-raba-news381523.html,"""Тренд"": ""Прогресивна България"" води с 11% пред ГЕРБ. БСП на ръба",2026-03-23 08:12:56,,120,". . . а темата тук все пак е за . . . водачите в горната класация: пЭрвий и втАрОй ;-) . . . Проблем имат тези, които искат да гласуват за комунист или да дЭZэртьор - и в двата случая трябва да гласуват да радЭф. Проблем имат и другите, които пък искат непременно да гласуват за престъпник или за комунист. . . - те пък и в двата случая трябва да гласуват за борисов (((((-:",Bлaдo,24.03.2026 (вт) 15:39:47,3,0,2026-06-11 23:50:24
mediapool.bg,https://www.mediapool.bg/izbori-2026-cat130.html?page=8,https://www.mediapool.bg/trend-progresivna-bulgaria-vodi-s-11-pred-gerb-bsp-na-raba-news381523.html,"""Тренд"": ""Прогресивна България"" води с 11% пред ГЕРБ. БСП на ръба",2026-03-23 08:12:56,,119,"тукашният пиZдю фЭ16Ь също е дЭZЭртьор (като льотчика радЭф) ;-) - крие се в България от путин-ата мобилиZация в путин-ата си матушка. Ако не xpaчи по нас, ще си го . . . отзоват и ще го пратят за пушечно месо в Украйна. Затова е толкова усърден сиромашкият. . . А и защото осъзнава на какво бokлучаво плЭмЭ е представител и, вместо да го е срам, го е яд. . . . . . Нейсе - ще продължим да го лекуваме, да го третираме справедливо ;-), а и да се позабавляваме със руSSкия му зад..ен жоп. . . . НО! от друга страна пиZдо-тролякът много добре е описал (в 114 и 117) какво точно представляват той и подобните нему тукашни nege-pacuянци и русолизци ;-))",Bлaдo,24.03.2026 (вт) 15:33:57,4,0,2026-06-11 23:50:24
mediapool.bg,https://www.mediapool.bg/izbori-2026-cat130.html?page=8,https://www.mediapool.bg/trend-progresivna-bulgaria-vodi-s-11-pred-gerb-bsp-na-raba-news381523.html,"""Тренд"": ""Прогресивна България"" води с 11% пред ГЕРБ. БСП на ръба",2026-03-23 08:12:56,,118,След закона за лобизма много добра идея е да се изсветлят зависимостите на социологическите агенции. Те трябва законово да бъдат задължени да обявят кой ги финансира като организация. Кой финансира определени проучвания и как са осъществени.,Е анита хегерланд,24.03.2026 (вт) 13:54:48,0,7,2026-06-11 23:50:24
mediapool.bg,https://www.mediapool.bg/izbori-2026-cat130.html?page=8,https://www.mediapool.bg/trend-progresivna-bulgaria-vodi-s-11-pred-gerb-bsp-na-raba-news381523.html,"""Тренд"": ""Прогресивна България"" води с 11% пред ГЕРБ. БСП на ръба",2026-03-23 08:12:56,,117,"Русия , русофобската секта тук насажда омраза, което е осъдително. И ако имаха някакви основателни аргументи , разбирам , но няма , има примитивна злоба и простотия , като на този по долу. Това е проблем , трябва човек да вложи усилие, да намали или ограничи нивото на простотията",F16,24.03.2026 (вт) 10:39:47,0,8,2026-06-11 23:50:24
mediapool.bg,https://www.mediapool.bg/izbori-2026-cat130.html?page=8,https://www.mediapool.bg/trend-progresivna-bulgaria-vodi-s-11-pred-gerb-bsp-na-raba-news381523.html,"""Тренд"": ""Прогресивна България"" води с 11% пред ГЕРБ. БСП на ръба",2026-03-23 08:12:56,,115,"За мутрата и свинчо сте прави, те акат в едно гърне. За другите далеч не съм сигурен",Атанасовски,24.03.2026 (вт) 10:10:01,1,0,2026-06-11 23:50:24
mediapool.bg,https://www.mediapool.bg/izbori-2026-cat130.html?page=8,https://www.mediapool.bg/trend-progresivna-bulgaria-vodi-s-11-pred-gerb-bsp-na-raba-news381523.html,"""Тренд"": ""Прогресивна България"" води с 11% пред ГЕРБ. БСП на ръба",2026-03-23 08:12:56,,114,"Когато в този форум бъка от човекомразци, неонацистш, антшбългари,сектанти, криминогенни типове, морално деградирали хора и всякаква измет, човек не трябва да е спкоенч, това е потензшална заплаха за живота на българите , която постоянно трябва да изобличава. Много антибълари са, соито мразят всичко българско, около 20 на брой, като секта са",F16,24.03.2026 (вт) 9:39:12,0,7,2026-06-11 23:50:24
mediapool.bg,https://www.mediapool.bg/izbori-2026-cat130.html?page=8,https://www.mediapool.bg/nad-42-000-dushi-sa-podali-zayavleniya-za-glasuvane-v-chuzhbina-nai-mnogo-sa-v-turtsiya-news381520.html,Над 42 000 души са подали заявления за гласуване в чужбина. Най-много са в Турция,2026-03-23 07:33:16,,3,"Тия български не знаят, а искат да определят съдбата на нас българите.",Крадливото циганче,23.03.2026 (пн) 16:50:24,2,7,2026-06-11 23:50:24
mediapool.bg,https://www.mediapool.bg/izbori-2026-cat130.html?page=8,https://www.mediapool.bg/nad-42-000-dushi-sa-podali-zayavleniya-za-glasuvane-v-chuzhbina-nai-mnogo-sa-v-turtsiya-news381520.html,Над 42 000 души са подали заявления за гласуване в чужбина. Най-много са в Турция,2026-03-23 07:33:16,,1,"От милиардите избягали от комунизма и Свиньетье, само 42000 искат да се изгласуват! Тцтцтц... Едно време чакахме "" гласовете от чужбина"", да обърнат вота в полза на градските лЕберале!",Poro,23.03.2026 (пн) 8:21:24,2,9,2026-06-11 23:50:24
mediapool.bg,https://www.mediapool.bg/izbori-2026-cat130.html?page=8,https://www.mediapool.bg/prodalzhavame-promyanata-demokratichna-bulgaria-otkri-predizbornata-si-kampaniya-news381514.html,“Продължаваме промяната – Демократична България“ откри предизборната си кампания,2026-03-22 18:00:00,,68,"Тръмп се заканва да руши електроцентрали и язовири! Петата колона на сащ в България без война нарязаха 1-4 реактор и унищожиха поливните системи. Пак по сащ настояване, Ф.Д. вдигна лихвите от 45 на 72%! Машите на сащ в България унищожават с мирни средства онова, което Тръмп и сащ унищожават с ракети и бомби! Петя Владимирова- казахме на Костов да прочисти листите от корумпирани, той НЕ ГО НАПРАВИ!",т€еритория на Мики Маус,23.03.2026 (пн) 11:25:41,1,5,2026-06-11 23:50:35
mediapool.bg,https://www.mediapool.bg/izbori-2026-cat130.html?page=8,https://www.mediapool.bg/prodalzhavame-promyanata-demokratichna-bulgaria-otkri-predizbornata-si-kampaniya-news381514.html,“Продължаваме промяната – Демократична България“ откри предизборната си кампания,2026-03-22 18:00:00,,67,"Поне изпълниха мисия 121, и събраха толкова хора на откриването на кампанията. Мирчо и Асен са доволни.",risite,23.03.2026 (пн) 11:15:55,1,5,2026-06-11 23:50:35
mediapool.bg,https://www.mediapool.bg/izbori-2026-cat130.html?page=8,https://www.mediapool.bg/prodalzhavame-promyanata-demokratichna-bulgaria-otkri-predizbornata-si-kampaniya-news381514.html,“Продължаваме промяната – Демократична България“ откри предизборната си кампания,2026-03-22 18:00:00,,66,Щели били да ги отвързват. Симпатягите.,Megadonkey,23.03.2026 (пн) 10:54:55,0,5,2026-06-11 23:50:35
mediapool.bg,https://www.mediapool.bg/izbori-2026-cat130.html?page=8,https://www.mediapool.bg/prodalzhavame-promyanata-demokratichna-bulgaria-otkri-predizbornata-si-kampaniya-news381514.html,“Продължаваме промяната – Демократична България“ откри предизборната си кампания,2026-03-22 18:00:00,,65,Като гледам снимката - цялата партия се е събрала на площада за събитието. Толкоз са.,Liberal,23.03.2026 (пн) 10:27:02,1,6,2026-06-11 23:50:35
mediapool.bg,https://www.mediapool.bg/izbori-2026-cat130.html?page=8,https://www.mediapool.bg/prodalzhavame-promyanata-demokratichna-bulgaria-otkri-predizbornata-si-kampaniya-news381514.html,“Продължаваме промяната – Демократична България“ откри предизборната си кампания,2026-03-22 18:00:00,,64,"Днес пред баничарницата в квартала имаше доста повече хора, все стойностни и гладни хора.На този митинг имаше 50 човека, останалите 100 бяха на погребението на техния ГРАНДИОЗНО ВЕЛИК Лама.",.,23.03.2026 (пн) 10:25:25,2,6,2026-06-11 23:50:35
mediapool.bg,https://www.mediapool.bg/izbori-2026-cat130.html?page=8,https://www.mediapool.bg/prodalzhavame-promyanata-demokratichna-bulgaria-otkri-predizbornata-si-kampaniya-news381514.html,“Продължаваме промяната – Демократична България“ откри предизборната си кампания,2026-03-22 18:00:00,,62,Има само две безкрайни неща - вселената и ДеБилната глупост. За първото не съм сигурен.,ABV,23.03.2026 (пн) 8:34:38,1,8,2026-06-11 23:50:35
mediapool.bg,https://www.mediapool.bg/izbori-2026-cat130.html?page=8,https://www.mediapool.bg/prodalzhavame-promyanata-demokratichna-bulgaria-otkri-predizbornata-si-kampaniya-news381514.html,“Продължаваме промяната – Демократична България“ откри предизборната си кампания,2026-03-22 18:00:00,,61,"Прави ми впечатление, че освен да се продават за турски лири свинските тр-ол-ове имат и други ""заложби"" , като хвърлянето на боб и пикаенето на газ.",Кая,23.03.2026 (пн) 8:31:32,9,1,2026-06-11 23:50:35
mediapool.bg,https://www.mediapool.bg/izbori-2026-cat130.html?page=8,https://www.mediapool.bg/prodalzhavame-promyanata-demokratichna-bulgaria-otkri-predizbornata-si-kampaniya-news381514.html,“Продължаваме промяната – Демократична България“ откри предизборната си кампания,2026-03-22 18:00:00,,60,No 15. ;),Мазен Кумунис,23.03.2026 (пн) 3:05:53,0,10,2026-06-11 23:50:35
mediapool.bg,https://www.mediapool.bg/izbori-2026-cat130.html?page=8,https://www.mediapool.bg/borisov-beshe-preizbran-za-lider-na-gerb-news381506.html,Борисов беше преизбран за лидер на ГЕРБ,2026-03-22 13:56:11,,34,Сериозно? Имаше ли против / от кумова срама/?,Milanova Magda,29.03.2026 (нд) 16:54:49,0,0,2026-06-11 23:50:46
mediapool.bg,https://www.mediapool.bg/izbori-2026-cat130.html?page=8,https://www.mediapool.bg/borisov-beshe-preizbran-za-lider-na-gerb-news381506.html,Борисов беше преизбран за лидер на ГЕРБ,2026-03-22 13:56:11,,33,"""гост на събитието беше генералният секретар на Европейската народна партия"" . . . гЭрб е тоталитарно персонифицирана партия, която е доста злокачествено образование върху фасона на демократичната ЕНП! - барем от кумова срама (пунтирайки демократичен избор) да беха изтипосали поне още един (символичен) кандидат за гЭн-сЭк на политбюро на цк на гЭрб. . . Да, ама НЕ! - изборът е между комуниста и престъпника, което и в двата случая е все борисов (((-:",Bлaдo,23.03.2026 (пн) 12:45:24,3,1,2026-06-11 23:50:46
mediapool.bg,https://www.mediapool.bg/izbori-2026-cat130.html?page=8,https://www.mediapool.bg/borisov-beshe-preizbran-za-lider-na-gerb-news381506.html,Борисов беше преизбран за лидер на ГЕРБ,2026-03-22 13:56:11,,32,"а кой е тоя ""Любo Пpoкoпиeв"", мари филкэ, лайню-говорилкэ? . . . Още с втората си дума си си умножила по нула целия чаршаф, пейстнат надолу. . . Нещо чудно, че с тая ти ""компетентност"" си се утаила при . . . престъпника комунист от милиционерското у-ще борисов. . .",Bлaдo,23.03.2026 (пн) 12:00:58,5,0,2026-06-11 23:50:46
mediapool.bg,https://www.mediapool.bg/izbori-2026-cat130.html?page=8,https://www.mediapool.bg/borisov-beshe-preizbran-za-lider-na-gerb-news381506.html,Борисов беше преизбран за лидер на ГЕРБ,2026-03-22 13:56:11,,31,"... в недалечното бъдеще . . . така (като горната снимка в стил тодар жифкоф) ще изглежда и восъчният макет на бОко . . . в склада на музея на тоталитарното изкуство - дето в задния му двор са и . . . петолъчките от партийниъ дом, и нарязаните месингови остатъци от МОЧАта. . . (((-:",Bлaдo,23.03.2026 (пн) 11:02:47,4,2,2026-06-11 23:50:46
mediapool.bg,https://www.mediapool.bg/izbori-2026-cat130.html?page=8,https://www.mediapool.bg/borisov-beshe-preizbran-za-lider-na-gerb-news381506.html,Борисов беше преизбран за лидер на ГЕРБ,2026-03-22 13:56:11,,30,"Искате да разговаряме за изключително ценностната ориентация на ЕНП?:) Нямам нищо против, но може да чуете неприятни неща. Искате "" проевропейско мнозинство"", оглавено от Бойко Методиев Борисов? :)) Няма да стане. Долорс Монсерат има ли обяснение защо рашистът Радев ще ви бие на изборите? И дали случайно Бойко Методиев Борисов в лично качество няма някаква вина за това.",valentinа паumova,23.03.2026 (пн) 7:17:23,2,3,2026-06-11 23:50:46
mediapool.bg,https://www.mediapool.bg/izbori-2026-cat130.html?page=8,https://www.mediapool.bg/borisov-beshe-preizbran-za-lider-na-gerb-news381506.html,Борисов беше преизбран за лидер на ГЕРБ,2026-03-22 13:56:11,,29,"Докато ГЕРБ бетонира Борисов със севернокорейските 100 процента , Радев е готов на стартовата линия на първа писта да го изпревари с 200.",Ravel,23.03.2026 (пн) 6:43:37,0,5,2026-06-11 23:50:46
mediapool.bg,https://www.mediapool.bg/izbori-2026-cat130.html?page=8,https://www.mediapool.bg/borisov-beshe-preizbran-za-lider-na-gerb-news381506.html,Борисов беше преизбран за лидер на ГЕРБ,2026-03-22 13:56:11,,28,"Ocoбeнo „близкият“ нa Бopиcoв в. „Кaпитaл“ нa oщe пo-близкия му Любo Пpoкoпиeв (кoйтo му cъcтaви 1-вoтo пpaвитeлcтвo c Дянкoв, Тpaйкoв и пpoч.) paзкpи тaйнaтa, чe Нaциoнaлнoтo cъвeщaниe нa ГEPБ e билo cъщeвpeмeннo и oткpивaнe нa пpeдизбopнaтa кaмпaния нa кoaлициятa „ГEPБ-CДC“ oт Eвpoпeйcкaтa нapoднa пapтия. Нямa cвeдeниe дaли „cпeциaлeн гocт“ e бил и eвpoдeпутaтът oт EНП Paдaн Кънeв, тa пoнe дa ce зaпoзнaят c гeнepaлния ceкpeтap a EНП Дoлopc Мoнcepaт. :) „Кaпитaл“ cъoбщaвa, чe в пpoгpaмaтa cи …Прочети целия коментар зa упpaвлeниe „Бългapия 2030"" кoaлициятa e зaлoжилa пoчти двoйнo увeличaвaнe нa БВП - дo 200 млpд.€, cpeднa paбoтнa зaплaтa 2500 € и cpeднa пeнcия нaд 1000 €. Нo тpябвa ""дa ce cпpe тpупaнeтo нa дългoвe"", кaзa Тoмиcлaв Дoнчeв, нaмeквaйки („нaтъpтвaщo“) зa дългoвo-инфлaциoнaтa cпиpaлa, в кoятo бeшe вкapaнa дъpжaвaтa в пepиoдa нa шapлaтaнcкoтo бeзвpeмиe. Зa peaлизиpaнeтo нa тeзи цeли ce cтъпвa нa 5 пpиopитeтa - индуcтpиaлeн pacтeж, дигитaлизaция, нaмaлявaнe нa бюpoкpaтичнaтa тeжecт, увeличaвaнe нa изнoca нa гoтoви пpoдукти и eнepгийнa нeзaвиcимocт, кaтo ce aкцeнтиpa нa дoбивa нa пpиpoдeн гaз, включитeлнo шиcтoв. ""Бългapия лeжи нa злaтo"" и aкo cтpaнaтa зaпoчнe дa дoбивa гaз, тя имa пoтeнциaл нe caмo дa зaдoвoлявa cвoитe пoтpeбнocти, нo и дa изнacя в Eвpoпa, кaзa Бopиcoв. Дeлян Дoбpeв ce oбяви зa oтмянa нa мopaтopиумa въpxу пpoучвaниятa зa шиcтoв гaз и дoбивa нa гaз нa тepитopиятa нa cтpaнaтa, 30% oт кoйтo би влизaл в дъpжaвния бюджeт пoд фopмaтa нa кoнцecиoннo възнaгpaждeниe. Cъщoтo пpeдлaгa и кoaлициятa „Cиня Бългapия“. (Мopaтopиумът бeшe нaлoжeн 2010 cлeд caбoтaжa нa 5-тa кoлoнa нa „възxoдящия Путин“ в cъдpужиe c „eкoлoзитe“-зaтoплитeли. Пpи „peтpoгpaдния Путин“ вpeмe e вeчe тoй дa бъдe oтмeнeн). Cпopeд „Кaпитaл“, нe cтaнaлo яcнo кoи ca cъюзницитe и oпoнeнтитe нa кoaлициятa, кoятo пo думитe нa Тoмиcлaв Дoнчeв e „Eдинcтвeнaтa дяcнa, нapoднo-кoнcepвaтивнa и изпoвядвaщa пpинципитe нa eвpoпeйcкaтa xpиcтияндeмoкpaция"". Члeнът нa pъкoвoдcтвoтo Дeлян Дoбpeв oбaчe oбяви кoaлициятa ПП-ДБ зa ""пoлитичecки вpeднa"", кoятo ""нe тpябвa никoгa вeчe дa учacтвa в упpaвлeниeтo нa cтpaнaтa"". Бopиcoв пък ""ce cкapa"" нa ГEPБ-Плoвдив, чe oтпуcнaли милиoни зa нoвaтa cгpaдa нa Мaтeмaтичecкaтa гимнaзия в гpaдa и зa acфaлтиpaнe нa пътя към индуcтpиaлнaтa зoнa мeжду Плoвдив и Aceнoвгpaд, a диpeктopитe нa училищeтo и зoнaтa цъфнaли в дeпутaтcкaтa лиcтa нa ""Пpoгpecивнa Бългapия"". :) Вce пaк, aкo cлeд избopитe „paзумът нaддeлee“ и ce пoяви „пpoeвpoпeйcкo мнoзинcтвo“, мoжeлo дa ce гoвopи зa учacтиe в упpaвлeниeтo, нaмeкнa лидepът. :)",Филка Русофилка,23.03.2026 (пн) 5:29:49,2,4,2026-06-11 23:50:46
mediapool.bg,https://www.mediapool.bg/izbori-2026-cat130.html?page=8,https://www.mediapool.bg/borisov-beshe-preizbran-za-lider-na-gerb-news381506.html,Борисов беше преизбран за лидер на ГЕРБ,2026-03-22 13:56:11,,27,Обаче Борисов на тая снимка е като монументална фигура на водача в духа на героическия соцреализъм. :)) Ето образеца: https://share.google/Fm5xdh3XX3ZZJUaPC,valentinа паumova,23.03.2026 (пн) 0:22:58,1,2,2026-06-11 23:50:46
mediapool.bg,https://www.mediapool.bg/izbori-2026-cat130.html?page=8,https://www.mediapool.bg/borisov-beshe-preizbran-za-lider-na-gerb-news381506.html,Борисов беше преизбран за лидер на ГЕРБ,2026-03-22 13:56:11,,26,"Няма изненада, Буци+Делян+Горанов",Шерлок Холмс,23.03.2026 (пн) 0:12:03,1,2,2026-06-11 23:50:46
mediapool.bg,https://www.mediapool.bg/izbori-2026-cat130.html?page=8,https://www.mediapool.bg/borisov-beshe-preizbran-za-lider-na-gerb-news381506.html,Борисов беше преизбран за лидер на ГЕРБ,2026-03-22 13:56:11,,25,"Ой, радасть какая всенародная! А изпяха ли в чест на избора ""Ех, Панкрац ти роден наш""? Тъй де, трябва си.",ПyтлЭр Xyйло,22.03.2026 (нд) 20:58:48,17,1,2026-06-11 23:50:46
mediapool.bg,https://www.mediapool.bg/izbori-2026-cat130.html?page=8,https://www.mediapool.bg/borisov-peevski-prekali-s-darzhavata-s-glavno-d-no-mu-blagodarih-za-evrozona-i-shengen-news381504.html,"Борисов: Пеевски прекали с “държавата с главно Д“, но му благодарих за еврозона и Шенген",2026-03-22 12:58:11,,36,ако се колебаете дали да гласувате за комунист или за престъпник - и в двата случая ви се пада борисов.,Bлaдo,24.03.2026 (вт) 10:42:36,1,0,2026-06-11 23:50:56
mediapool.bg,https://www.mediapool.bg/izbori-2026-cat130.html?page=8,https://www.mediapool.bg/borisov-peevski-prekali-s-darzhavata-s-glavno-d-no-mu-blagodarih-za-evrozona-i-shengen-news381504.html,"Борисов: Пеевски прекали с “държавата с главно Д“, но му благодарих за еврозона и Шенген",2026-03-22 12:58:11,,35,"Трябва да е било голяма логорея. Иначе ""на мене МИ"", ""АЗ"". Други са виновни. Вероятно е било смешно да се слуша, да се чете безинтересно.",levii,23.03.2026 (пн) 10:17:24,2,0,2026-06-11 23:50:56
mediapool.bg,https://www.mediapool.bg/izbori-2026-cat130.html?page=8,https://www.mediapool.bg/borisov-peevski-prekali-s-darzhavata-s-glavno-d-no-mu-blagodarih-za-evrozona-i-shengen-news381504.html,"Борисов: Пеевски прекали с “държавата с главно Д“, но му благодарих за еврозона и Шенген",2026-03-22 12:58:11,,34,"А това пък е още по-оптимистично: След „първата победа на здравия разум“ – единодушното приемане от НС на предложението ѝ за налагане на мораториум върху въглеродните квоти, „Синя България“ ще внесе предложение за отмяната на мораториума за проучване и добив на българските залежи от шистов газ. https://faktor.bg/sinq-balgariq-moratoriumat-varhu-vaglerodnite-kvoti-i-parva-pobeda-na-zdraviq-razum",Филка Русофилка,22.03.2026 (нд) 22:34:38,2,16,2026-06-11 23:50:56
mediapool.bg,https://www.mediapool.bg/izbori-2026-cat130.html?page=8,https://www.mediapool.bg/borisov-peevski-prekali-s-darzhavata-s-glavno-d-no-mu-blagodarih-za-evrozona-i-shengen-news381504.html,"Борисов: Пеевски прекали с “държавата с главно Д“, но му благодарих за еврозона и Шенген",2026-03-22 12:58:11,,33,"Ocтaви тия глупocти. Eтo ти нeщo по-оптимистично - oт пъpвa pъкa. :) МИНИCТЪP ТPAЙКOВ OБЯВИ OПТИМИCТИЧНИ ДAННИ OТ PAБOТAТA НA ""БAЛКAНCКИ ПOТOК"" Paзxoдитe пo eкcплoaтaциятa нa инфpacтpуктуpaтa ca в paзмep нa 9,8 млн. лв., cpeщу 560 млн. лeвa пeчaлбa. Пeчaлбaтa oт гaзoпpoвoдa „Бaлкaнcки пoтoк“ зa 2025 г. дocтигa 560 млн. лв. (286 млн. eвpo). Тoвa cъoбщaвa eнepгийният миниcтъp Тpaйчo Тpaйкoв в oтгoвop нa дeпутaтcки въпpoc, cъoбщaвa Нoвa ТВ. Oбщитe пpиxoди oт пpoeктa зa cъщaтa гoдинa възлизaт …Прочети целия коментар нa 570 млн. лв. (291 млн. eвpo), кoeтo пoкaзвa знaчитeлeн финaнcoв peзултaт пpи cpaвнитeлнo oгpaничeни paзxoди. Пo дaнни нa „Булгapтpaнcгaз“ ocнoвнaтa чacт oт пpиxoдитe - 497 млн. лв. (254 млн. eвpo) - идвa oт дългocpoчни дoгoвopи зa peзepвиpaнe нa кaпaцитeт зa пepиoд oт 20 гoдини. Тe ca cключeни в paмкитe нa oбщoeвpoпeйcкaтa пpoцeдуpa Open Season. Дoпълнитeлни 73 млн. лв. (37 млн. eвpo) ca гeнepиpaни oт пpeдлaгaнe нa cвoбoдeн кaпaцитeт нa мeждуcиcтeмнитe вpъзки. Paзxoдитe пo eкcплoaтaциятa нa инфpacтpуктуpaтa зa 2025 г. ca в paзмep нa 9,8 млн. лв. (oкoлo 5 млн. eвpo). Тe включвaт мaтepиaли, oxpaнa, eлeктpoeнepгия, пepcoнaл, зacтpaxoвки и мecтни дaнъци. „Бaлкaнcки пoтoк“ пpeдcтaвлявa бългapcкoтo paзшиpeниe нa „Туpcки пoтoк“ - пpoeкт, кoйтo тpaнcпopтиpa пpиpoдeн гaз oт Pуcия пpeз Чepнo мope дo Туpция и oттaм към Eвpoпa. Тpъбoпpoвoдът имa двe линии c кaпaцитeт пo 15,75 млpд. куб. мeтpa гoдишнo - eднaтa зa туpcкия пaзap, a дpугaтa зa cтpaнитe oт Югoизтoчнa и Цeнтpaлнa Eвpoпa. https://faktor.bg/ministar-traykov-obqvi-optimistichni-danni-ot-rabotata-na-balkanski-potok",Филка Русофилка,22.03.2026 (нд) 22:30:06,2,16,2026-06-11 23:50:56
mediapool.bg,https://www.mediapool.bg/izbori-2026-cat130.html?page=8,https://www.mediapool.bg/borisov-peevski-prekali-s-darzhavata-s-glavno-d-no-mu-blagodarih-za-evrozona-i-shengen-news381504.html,"Борисов: Пеевски прекали с “държавата с главно Д“, но му благодарих за еврозона и Шенген",2026-03-22 12:58:11,,32,"Фильо ве, ей сега са сетих - Тиквата дали пази и гащи на Свинята или му е малък гардеробът?...",Антон,22.03.2026 (нд) 22:02:38,21,2,2026-06-11 23:50:56
mediapool.bg,https://www.mediapool.bg/izbori-2026-cat130.html?page=8,https://www.mediapool.bg/borisov-peevski-prekali-s-darzhavata-s-glavno-d-no-mu-blagodarih-za-evrozona-i-shengen-news381504.html,"Борисов: Пеевски прекали с “държавата с главно Д“, но му благодарих за еврозона и Шенген",2026-03-22 12:58:11,,31,"ПП. КОЙ измисли следния смислов ред в сексуално вулгарния езиков регистър: ""скутовете""-""парапетите""- ""педалите""-"" педофилите""- ""либерастите""? И после било обидно, че след цялата тази ченгесарска вакханалия сте ""зайчарника"" и "" свинарника""!",valentinа паumova,22.03.2026 (нд) 21:52:42,19,0,2026-06-11 23:50:56
mediapool.bg,https://www.mediapool.bg/izbori-2026-cat130.html?page=8,https://www.mediapool.bg/borisov-peevski-prekali-s-darzhavata-s-glavno-d-no-mu-blagodarih-za-evrozona-i-shengen-news381504.html,"Борисов: Пеевски прекали с “държавата с главно Д“, но му благодарих за еврозона и Шенген",2026-03-22 12:58:11,,30,"Стига, господин Филка! Благодарение на любимия "" партньор"" на господин Борисов -господин Пеевски, и неговите мръсни медии, изговорихте такива мерзки гадости и така "" освинихте"" българския политически дискурс, че да говорите тук за ""клишетата"" на демократите е неуместно.",valentinа паumova,22.03.2026 (нд) 21:31:46,19,0,2026-06-11 23:50:56
mediapool.bg,https://www.mediapool.bg/izbori-2026-cat130.html?page=8,https://www.mediapool.bg/borisov-peevski-prekali-s-darzhavata-s-glavno-d-no-mu-blagodarih-za-evrozona-i-shengen-news381504.html,"Борисов: Пеевски прекали с “държавата с главно Д“, но му благодарих за еврозона и Шенген",2026-03-22 12:58:11,,29,"Господи, прибери си вересиите!",В и К,22.03.2026 (нд) 21:08:49,21,2,2026-06-11 23:50:56
mediapool.bg,https://www.mediapool.bg/izbori-2026-cat130.html?page=8,https://www.mediapool.bg/borisov-peevski-prekali-s-darzhavata-s-glavno-d-no-mu-blagodarih-za-evrozona-i-shengen-news381504.html,"Борисов: Пеевски прекали с “държавата с главно Д“, но му благодарих за еврозона и Шенген",2026-03-22 12:58:11,,28,"Eй, кaк пpoпуcнax ""зaйчapникa"". Вce пaк, нямax нaмepeниe дa избpoявaм вcички клишeтa oт пecнoпoйкaтa. Нe вяpвaм и цялoтo интepвю дa e билo caмo зa cъдъpжaниeтo нa гapдepoбa. Пpeпoлaгaм, чe „изкуcтвeният интeлeкт“ e пoдбpaл oт нeгo нaй-интepecнoтo зa aудитopиятa му. Зa Aceн oбaчe ни удocтoи caмo c eднo зaглaвиe и лиши „шиpoкoтo oбщecтвeнo мнeниe“ oт пpaвo нa мнeниe. :)",Филка Русофилка,22.03.2026 (нд) 20:53:47,0,23,2026-06-11 23:50:56
mediapool.bg,https://www.mediapool.bg/izbori-2026-cat130.html?page=8,https://www.mediapool.bg/borisov-peevski-prekali-s-darzhavata-s-glavno-d-no-mu-blagodarih-za-evrozona-i-shengen-news381504.html,"Борисов: Пеевски прекали с “държавата с главно Д“, но му благодарих за еврозона и Шенген",2026-03-22 12:58:11,,27,"Ха-ха, господин Филка! Наистина ме разсмяхте. Не знаех, че в зайчарника ни мислят за "" илитерати"", а себе си - за ""литерати"" и интелектуален цвят на нацията. И сега, като се замисля, така си е: като се започне от Рая Назарян, та се стигне до Бойко Борисов - всичките видни гербери са изявени ""литерати"". А Борисов даже е "" доктор на науките"" и интелектуалец. Затова му се и възхищаваме в това интелектуално интервю.:))",valentinа паumova,22.03.2026 (нд) 20:06:50,24,0,2026-06-11 23:50:56
mediapool.bg,https://www.mediapool.bg/izbori-2026-cat130.html?page=8,https://www.mediapool.bg/izbiratelite-mogat-da-podavat-zayavleniya-za-glasuvane-po-nastoyasht-adres-do-4-april-news381500.html,Избирателите могат да подават заявления за гласуване по настоящ адрес до 4 април,2026-03-22 09:29:02,,1,"За да няма в парламента много комунисти, копейки, рисофилистици и шарлатани - гласувайте с No15. ;)",Мазен Кумунис,22.03.2026 (нд) 10:44:28,0,1,2026-06-11 23:50:57
mediapool.bg,https://www.mediapool.bg/izbori-2026-cat130.html?page=8,https://www.mediapool.bg/izborni-mrezhi-kak-rumen-radev-pecheli-simpatizanti-v-sotsialnite-medii-news381464.html,Изборни мрежи. Как Румен Радев печели симпатизанти в социалните медии,2026-03-22 08:43:00,,94,Скъсаният зелен чорап си остава завинаги СКЪСАН ЗЕЛЕН ЧОРАП Р.Радефффф!,Веско,23.03.2026 (пн) 14:21:29,1,0,2026-06-11 23:51:08
mediapool.bg,https://www.mediapool.bg/izbori-2026-cat130.html?page=8,https://www.mediapool.bg/izborni-mrezhi-kak-rumen-radev-pecheli-simpatizanti-v-sotsialnite-medii-news381464.html,Изборни мрежи. Как Румен Радев печели симпатизанти в социалните медии,2026-03-22 08:43:00,,93,А ще ни разкажете ли как Радев печели симпатизанти чрез електронните медии и социологически агенции?,Milenca,23.03.2026 (пн) 7:27:05,4,2,2026-06-11 23:51:08
mediapool.bg,https://www.mediapool.bg/izbori-2026-cat130.html?page=8,https://www.mediapool.bg/izborni-mrezhi-kak-rumen-radev-pecheli-simpatizanti-v-sotsialnite-medii-news381464.html,Изборни мрежи. Как Румен Радев печели симпатизанти в социалните медии,2026-03-22 08:43:00,,92,"Румен Радев, истинския лидер на народа е неизбежен победител в предстоящите избори на 19 април. България подкрепя Румен Радев.",Ravel,23.03.2026 (пн) 6:08:46,1,8,2026-06-11 23:51:08
mediapool.bg,https://www.mediapool.bg/izbori-2026-cat130.html?page=8,https://www.mediapool.bg/izborni-mrezhi-kak-rumen-radev-pecheli-simpatizanti-v-sotsialnite-medii-news381464.html,Изборни мрежи. Как Румен Радев печели симпатизанти в социалните медии,2026-03-22 08:43:00,,91,No 15. ;),Мазен Кумунис,23.03.2026 (пн) 5:55:16,0,5,2026-06-11 23:51:08
mediapool.bg,https://www.mediapool.bg/izbori-2026-cat130.html?page=8,https://www.mediapool.bg/izborni-mrezhi-kak-rumen-radev-pecheli-simpatizanti-v-sotsialnite-medii-news381464.html,Изборни мрежи. Как Румен Радев печели симпатизанти в социалните медии,2026-03-22 08:43:00,,90,"покажи ми моля ЕДНА файсбук група преименувана в подкрепа на ППДБ ;) що тъй тия номера само при ИТН, копейкин, Дто и сега Радев стават ... не знам",marabura,22.03.2026 (нд) 23:37:55,11,2,2026-06-11 23:51:08
mediapool.bg,https://www.mediapool.bg/izbori-2026-cat130.html?page=8,https://www.mediapool.bg/izborni-mrezhi-kak-rumen-radev-pecheli-simpatizanti-v-sotsialnite-medii-news381464.html,Изборни мрежи. Как Румен Радев печели симпатизанти в социалните медии,2026-03-22 08:43:00,,88,https://youtube.com/shorts/C4kWKyxaFbU?is=JToG_88QYnZ8X8hZ,глас в пустиня,22.03.2026 (нд) 23:07:41,1,11,2026-06-11 23:51:08
mediapool.bg,https://www.mediapool.bg/izbori-2026-cat130.html?page=8,https://www.mediapool.bg/izborni-mrezhi-kak-rumen-radev-pecheli-simpatizanti-v-sotsialnite-medii-news381464.html,Изборни мрежи. Как Румен Радев печели симпатизанти в социалните медии,2026-03-22 08:43:00,,87,"По същата схема по която избраха Джорджеско избраха и шарлатаните сектанти, които в крайна сметка се оказа, че не са просто секта, защото за тах гласуват все едни и същи хора живеещи в паралелна вселена въпреки необятната им и всестранна некадърност, а защото са подръжници на истински секти! Съвсем резонно очакваме свиването им до обичайните 8% и река омраза и заклеймяване на нормалните хора... Вече се е случвало неведнъж и ще се повтаря до безкрай...",xa_poznai,22.03.2026 (нд) 22:28:09,3,13,2026-06-11 23:51:08
mediapool.bg,https://www.mediapool.bg/izbori-2026-cat130.html?page=8,https://www.mediapool.bg/horata-zad-radev-partiyni-nomadi-kadri-na-prezidentstvoto-mestni-biznesmeni-i-sportisti-news381473.html,"Хората зад Радев: Партийни номади, кадри на президентството, местни бизнесмени и спортисти",2026-03-21 08:01:48,,122,"Ивайло Петров - Дупница 41 годишен. Десет години областен координатор на БСП , ДВА МАНДАТА ОБЩИНСКИ СЪВЕТНИК ОТ БСП И ПРОДЪЛЖАВА. Няма и да подаде оставка като общински съветник от БСП. Съпръгата му Татяна Иванова Стамболийска беше 8 години лидер на ГЕРБ МЛАДЕЖИ ДУПНИЦА.Столетницата уреди Ивайло Петров на поста началник човешки ресурси в затвора в Бобов дол. Мога да продължа ама ме мързи да пиша.Сега и двамата са при Радев.Който иска още информация нека да ми пише.dimirtinaivanova666@abv.bg . Сега Ивайло Петров е трети в листата на Радев в Кюстендил.",dimitrinaivanova666,25.03.2026 (ср) 21:52:44,0,0,2026-06-11 23:51:19
mediapool.bg,https://www.mediapool.bg/izbori-2026-cat130.html?page=8,https://www.mediapool.bg/horata-zad-radev-partiyni-nomadi-kadri-na-prezidentstvoto-mestni-biznesmeni-i-sportisti-news381473.html,"Хората зад Радев: Партийни номади, кадри на президентството, местни бизнесмени и спортисти",2026-03-21 08:01:48,,121,Гласувайте за Радев та руският фашизъм да ви налапа по-бързо!,полк. Дрангов,23.03.2026 (пн) 8:54:00,3,1,2026-06-11 23:51:19
mediapool.bg,https://www.mediapool.bg/izbori-2026-cat130.html?page=8,https://www.mediapool.bg/horata-zad-radev-partiyni-nomadi-kadri-na-prezidentstvoto-mestni-biznesmeni-i-sportisti-news381473.html,"Хората зад Радев: Партийни номади, кадри на президентството, местни бизнесмени и спортисти",2026-03-21 08:01:48,,120,"Не си виновна ти,от другий свят съм аз роден...",марко василев,22.03.2026 (нд) 14:41:44,14,3,2026-06-11 23:51:19
mediapool.bg,https://www.mediapool.bg/izbori-2026-cat130.html?page=8,https://www.mediapool.bg/horata-zad-radev-partiyni-nomadi-kadri-na-prezidentstvoto-mestni-biznesmeni-i-sportisti-news381473.html,"Хората зад Радев: Партийни номади, кадри на президентството, местни бизнесмени и спортисти",2026-03-21 08:01:48,,119,"саде пяна и утайка са радЭвите присъдружници (над 90%) . . . А между пяната и утайката трябва да има нещо, дето да . . . 'става за ядене'. . . . Ама нЕма ;-)",Bлaдo,22.03.2026 (нд) 14:06:49,16,2,2026-06-11 23:51:19
mediapool.bg,https://www.mediapool.bg/izbori-2026-cat130.html?page=8,https://www.mediapool.bg/horata-zad-radev-partiyni-nomadi-kadri-na-prezidentstvoto-mestni-biznesmeni-i-sportisti-news381473.html,"Хората зад Радев: Партийни номади, кадри на президентството, местни бизнесмени и спортисти",2026-03-21 08:01:48,,118,"Може да сме на коренно различни мнения тук и да се „замеряме“ с минуси, но едно не може да се отрече на Mediapool – тук все още има свобода на словото. Рядкост е медия да не задушава коментарите с цензура и да позволява на всеки да каже каквото мисли, без значение дали се харесва на мнозинството или не. Дори и да се караме за Радев или политиката, важното е, че имаме платформата да го правим свободно. Поздравления за екипа!",Ravel,22.03.2026 (нд) 13:44:42,8,4,2026-06-11 23:51:19
mediapool.bg,https://www.mediapool.bg/izbori-2026-cat130.html?page=8,https://www.mediapool.bg/horata-zad-radev-partiyni-nomadi-kadri-na-prezidentstvoto-mestni-biznesmeni-i-sportisti-news381473.html,"Хората зад Радев: Партийни номади, кадри на президентството, местни бизнесмени и спортисти",2026-03-21 08:01:48,,117,"Радев народа го избра два пъти , ще го избере и трети. А вие докато плямпате, свиквайте с мисълта, че ще го гледате и слушате всеки ден.",Ravel,22.03.2026 (нд) 13:21:03,1,17,2026-06-11 23:51:19
mediapool.bg,https://www.mediapool.bg/izbori-2026-cat130.html?page=8,https://www.mediapool.bg/horata-zad-radev-partiyni-nomadi-kadri-na-prezidentstvoto-mestni-biznesmeni-i-sportisti-news381473.html,"Хората зад Радев: Партийни номади, кадри на президентството, местни бизнесмени и спортисти",2026-03-21 08:01:48,,116,"Няма ли най-после категорично да спрете руските хибридни атаки, правещи реклама на решетниковия им агент Румен Радев? Какво е това безобразно слагачество на уж български медии?",P.Stoev,22.03.2026 (нд) 11:54:28,18,1,2026-06-11 23:51:19
mediapool.bg,https://www.mediapool.bg/izbori-2026-cat130.html?page=8,https://www.mediapool.bg/horata-zad-radev-partiyni-nomadi-kadri-na-prezidentstvoto-mestni-biznesmeni-i-sportisti-news381473.html,"Хората зад Радев: Партийни номади, кадри на президентството, местни бизнесмени и спортисти",2026-03-21 08:01:48,,115,"Сериозни критерии, сериозни изисквания към хората за да бъдат признати за устински българи. Думите звучат и странно, дори смешно. Възрастните могат да си спомнят, а младите да проверят, че подобни изисквания и критерии не са предявявани към българите дори когато е било необходимо да се изразява отношение към другаря Тодор Живков и другаря Леонид Брежнев. В последно време, особено силно в последните 2 години се изгражда култ към личността на Румен Радев. Процес наложен от Решетников. В т.нар. …Прочети целия коментар преход са създавани доста идоли. Примери: Жельо Желев (Бог да го прости), Жан Виденов (срутил се бързо), Иван Костов, Петър Стоянов, другарят Цар, Бойко Борисов, ..., Върхът е Румен Радев. Вероятно според Вас сте изказали сентенция с фундаментално значение!!!",Живко6461,22.03.2026 (нд) 10:42:06,17,0,2026-06-11 23:51:19
mediapool.bg,https://www.mediapool.bg/izbori-2026-cat130.html?page=8,https://www.mediapool.bg/horata-zad-radev-partiyni-nomadi-kadri-na-prezidentstvoto-mestni-biznesmeni-i-sportisti-news381473.html,"Хората зад Радев: Партийни номади, кадри на президентството, местни бизнесмени и спортисти",2026-03-21 08:01:48,,114,"гласувайте за дЭZЭртьора радЭф! - той ""няма"" да ви предаде и ""няма"" да ви изостави (((-:",Bлaдo,22.03.2026 (нд) 9:45:36,17,2,2026-06-11 23:51:19
mediapool.bg,https://www.mediapool.bg/izbori-2026-cat130.html?page=8,https://www.mediapool.bg/horata-zad-radev-partiyni-nomadi-kadri-na-prezidentstvoto-mestni-biznesmeni-i-sportisti-news381473.html,"Хората зад Радев: Партийни номади, кадри на президентството, местни бизнесмени и спортисти",2026-03-21 08:01:48,,113,"Тоест, които не са до Радев, не са истински българи? Но по-интересно е, че радевата формация е идентична с ""Партията на умерения прогрес в рамките на закона"" Заглавието е малко по-дълго, но пак - прогресивна. Основана е от Ярослав Хашек в един пражки ресторант. Ето извадка от встъплението на председателя: ""Едно трябва да бъде ясно! Уважаеми господа! Като четем вестниците, оставаме съвсем объркани. /""Браво!""/ Не можем да се ориентираме в нищо. /Продължителни ръкопляскания/ Ние наистина не знаем какво …Прочети целия коментар става /""Браво!""/ Но ние разбрахме каква е работата. Това, което казах преди, не се отнася до нас, ами до всички други партии. /Петминутни овации/ Накъде върви тяхната политика? Какво мислят за международното положение? Могат ли да се ориентират в него? /""Позор!""/ Румен Радев едва ли е чел Хашек, но без да ще е влязъл в този калъп. Дайте, да дадем...!",nik,22.03.2026 (нд) 9:09:16,21,2,2026-06-11 23:51:19
mediapool.bg,https://www.mediapool.bg/izbori-2026-cat130.html?page=8,https://www.mediapool.bg/koi-sa-kandidatite-za-deputati-v-ruse-news381472.html,Кои са кандидатите за депутати в Русе,2026-03-20 18:53:48,,1,Този Недялко Недялков Йорданов в листата на ДПС онзи Недялко Недялков ли е?,Евгения Петрова_fb,20.03.2026 (пт) 19:49:09,0,0,2026-06-11 23:51:21
mediapool.bg,https://www.mediapool.bg/izbori-2026-cat130.html?page=9,https://www.mediapool.bg/myara-predninata-na-rumen-radev-pred-gerb-namalyava-no-oshte-e-nad-10-punkta-news381449.html,"""Мяра"": Преднината на Румен Радев пред ГЕРБ намалява, но още е над 10 пункта",2026-03-20 15:11:08,,36,"Ей, ""Мяра"", имайте малко мяра в лъжите и манипулациите за голямата уж подкрепа на путиновия прислъжник Радев!",P.Stoev,21.03.2026 (сб) 20:42:49,1,1,2026-06-11 23:51:37
mediapool.bg,https://www.mediapool.bg/izbori-2026-cat130.html?page=9,https://www.mediapool.bg/myara-predninata-na-rumen-radev-pred-gerb-namalyava-no-oshte-e-nad-10-punkta-news381449.html,"""Мяра"": Преднината на Румен Радев пред ГЕРБ намалява, но още е над 10 пункта",2026-03-20 15:11:08,,35,Копейкин е много добър на бридж-белот. Гласувай за него.,Гeн. Иван Колев,21.03.2026 (сб) 19:04:56,0,0,2026-06-11 23:51:37
mediapool.bg,https://www.mediapool.bg/izbori-2026-cat130.html?page=9,https://www.mediapool.bg/myara-predninata-na-rumen-radev-pred-gerb-namalyava-no-oshte-e-nad-10-punkta-news381449.html,"""Мяра"": Преднината на Румен Радев пред ГЕРБ намалява, но още е над 10 пункта",2026-03-20 15:11:08,,34,Мъдро.,Гeн. Иван Колев,21.03.2026 (сб) 19:03:53,0,0,2026-06-11 23:51:37
mediapool.bg,https://www.mediapool.bg/izbori-2026-cat130.html?page=9,https://www.mediapool.bg/myara-predninata-na-rumen-radev-pred-gerb-namalyava-no-oshte-e-nad-10-punkta-news381449.html,"""Мяра"": Преднината на Румен Радев пред ГЕРБ намалява, но още е над 10 пункта",2026-03-20 15:11:08,,33,"Ще гласувам за Радев. За разлика от Борисов, когото така и не видяхме да опъва маркуча, Радев сме го виждали как вдига самолета.",Ravel,21.03.2026 (сб) 8:41:59,0,1,2026-06-11 23:51:37
mediapool.bg,https://www.mediapool.bg/izbori-2026-cat130.html?page=9,https://www.mediapool.bg/myara-predninata-na-rumen-radev-pred-gerb-namalyava-no-oshte-e-nad-10-punkta-news381449.html,"""Мяра"": Преднината на Румен Радев пред ГЕРБ намалява, но още е над 10 пункта",2026-03-20 15:11:08,,29,Ще гласувам за Радев напук на всички тролове тук,ozzy70,20.03.2026 (пт) 19:21:26,3,21,2026-06-11 23:51:37
mediapool.bg,https://www.mediapool.bg/izbori-2026-cat130.html?page=9,https://www.mediapool.bg/myara-predninata-na-rumen-radev-pred-gerb-namalyava-no-oshte-e-nad-10-punkta-news381449.html,"""Мяра"": Преднината на Румен Радев пред ГЕРБ намалява, но още е над 10 пункта",2026-03-20 15:11:08,,28,“еBроатлантиците” да кажат на ДеБилния си електорат ще станат ли патерица на путюраста гадев-решетников-Боташ! Без шикалкавене Да ули Не?,ABV,20.03.2026 (пт) 19:05:34,3,17,2026-06-11 23:51:37
mediapool.bg,https://www.mediapool.bg/izbori-2026-cat130.html?page=9,https://www.mediapool.bg/myara-predninata-na-rumen-radev-pred-gerb-namalyava-no-oshte-e-nad-10-punkta-news381449.html,"""Мяра"": Преднината на Румен Радев пред ГЕРБ намалява, но още е над 10 пункта",2026-03-20 15:11:08,,27,"Очертава се отвратителна ситуация: идиотова - (п)РеZидент, гадев - премиер, коцето късопишков от Максуда - външен министър, аZен VaZилев - финансов министър",ABV,20.03.2026 (пт) 19:03:58,2,17,2026-06-11 23:51:37
mediapool.bg,https://www.mediapool.bg/izbori-2026-cat130.html?page=9,https://www.mediapool.bg/dechev-sarafov-i-denev-se-podpisaha-za-borba-sreshtu-kupuvaneto-na-glasove-news381432.html,"Дечев, Сарафов и Денев се подписаха за борба срещу купуването на гласове",2026-03-20 10:16:06,,20,Добре че вие не сте жалък... и смешен. Вероятно нотариуса е достоен за вашето ментално състояние.,karies,20.03.2026 (пт) 14:46:43,14,0,2026-06-11 23:51:50
mediapool.bg,https://www.mediapool.bg/izbori-2026-cat130.html?page=9,https://www.mediapool.bg/dechev-sarafov-i-denev-se-podpisaha-za-borba-sreshtu-kupuvaneto-na-glasove-news381432.html,"Дечев, Сарафов и Денев се подписаха за борба срещу купуването на гласове",2026-03-20 10:16:06,,19,"Ще се качат,когато банкянския Буда слезе.Което значи никога.",Кая,20.03.2026 (пт) 13:26:31,15,0,2026-06-11 23:51:50
mediapool.bg,https://www.mediapool.bg/izbori-2026-cat130.html?page=9,https://www.mediapool.bg/dechev-sarafov-i-denev-se-podpisaha-za-borba-sreshtu-kupuvaneto-na-glasove-news381432.html,"Дечев, Сарафов и Денев се подписаха за борба срещу купуването на гласове",2026-03-20 10:16:06,,18,"Срам за всички в парламента ,дето се ковели законите и за ""службите"",дето се борели с корупцията по високите етажи на властта!",u9285467336,20.03.2026 (пт) 13:06:10,1,0,2026-06-11 23:51:50
mediapool.bg,https://www.mediapool.bg/izbori-2026-cat130.html?page=9,https://www.mediapool.bg/dechev-sarafov-i-denev-se-podpisaha-za-borba-sreshtu-kupuvaneto-na-glasove-news381432.html,"Дечев, Сарафов и Денев се подписаха за борба срещу купуването на гласове",2026-03-20 10:16:06,,17,"""Никой не може да го помръдне Сарафов"" - грешиш. Гешев го свалиха тези, които го назначиха. И точно това е проблемът. Начело на срамната прокуратура стои още по- срамната фигура до Пепи Еврото.",Още един,20.03.2026 (пт) 12:43:27,15,0,2026-06-11 23:51:50
mediapool.bg,https://www.mediapool.bg/izbori-2026-cat130.html?page=9,https://www.mediapool.bg/dechev-sarafov-i-denev-se-podpisaha-za-borba-sreshtu-kupuvaneto-na-glasove-news381432.html,"Дечев, Сарафов и Денев се подписаха за борба срещу купуването на гласове",2026-03-20 10:16:06,,16,"Това не го разбрах.ВАС няма становище по случая Сарафов, някаква дойна крава Галина Захарова от ВКС решила, че бил нелегитимен, ама нейното мнение е без значение.Никой не може да помръдне Сарафов, най-малко пък оня жалък и смешен янкул.",мунчо в затвора!,20.03.2026 (пт) 12:35:24,1,17,2026-06-11 23:51:50
mediapool.bg,https://www.mediapool.bg/izbori-2026-cat130.html?page=9,https://www.mediapool.bg/dechev-sarafov-i-denev-se-podpisaha-za-borba-sreshtu-kupuvaneto-na-glasove-news381432.html,"Дечев, Сарафов и Денев се подписаха за борба срещу купуването на гласове",2026-03-20 10:16:06,,15,"Сарафов е същата кал като предходния, но малко по-умен.",Още един,20.03.2026 (пт) 12:33:03,15,0,2026-06-11 23:51:50
mediapool.bg,https://www.mediapool.bg/izbori-2026-cat130.html?page=9,https://www.mediapool.bg/dechev-sarafov-i-denev-se-podpisaha-za-borba-sreshtu-kupuvaneto-na-glasove-news381432.html,"Дечев, Сарафов и Денев се подписаха за борба срещу купуването на гласове",2026-03-20 10:16:06,,14,"Да, тук тая подробност беше пропусната, тук издигнаха на трон вожда на олигархията мунчо, предаваха директно шоуто му и се разтапяха от умиление пред него.",мунчо в затвора!,20.03.2026 (пт) 12:32:15,0,15,2026-06-11 23:51:50
mediapool.bg,https://www.mediapool.bg/izbori-2026-cat130.html?page=9,https://www.mediapool.bg/dechev-sarafov-i-denev-se-podpisaha-za-borba-sreshtu-kupuvaneto-na-glasove-news381432.html,"Дечев, Сарафов и Денев се подписаха за борба срещу купуването на гласове",2026-03-20 10:16:06,,13,"Да бе, къде е мнението на ВАС, къде е мнението на Бочко....",Още един,20.03.2026 (пт) 12:32:02,14,0,2026-06-11 23:51:50
mediapool.bg,https://www.mediapool.bg/izbori-2026-cat130.html?page=9,https://www.mediapool.bg/dechev-sarafov-i-denev-se-podpisaha-za-borba-sreshtu-kupuvaneto-na-glasove-news381432.html,"Дечев, Сарафов и Денев се подписаха за борба срещу купуването на гласове",2026-03-20 10:16:06,,12,"Само че вашият вътрешен министър го намира за съвсем легитимен и сътрудничи с него.Това малоумие за нелегитимния Сарафов няма ли да го спрете, никой не се връзва.",мунчо в затвора!,20.03.2026 (пт) 12:30:14,0,16,2026-06-11 23:51:50
mediapool.bg,https://www.mediapool.bg/izbori-2026-cat130.html?page=9,https://www.mediapool.bg/zapochna-predizbornata-kampaniya-news381429.html,Започна предизборната кампания,2026-03-20 08:28:31,,2,"Палячото Гюров дори и не осъзнава как заби в тинята ППДБ с отказа си да се включи в Съвета на Тръмп, защото това ще отнеме още поне 3% на шарлатаните, които ще идат при Тиквата и Шиши.",мунчо в затвора!,20.03.2026 (пт) 12:39:44,1,2,2026-06-11 23:51:51
mediapool.bg,https://www.mediapool.bg/izbori-2026-cat130.html?page=9,https://www.mediapool.bg/zapochna-predizbornata-kampaniya-news381429.html,Започна предизборната кампания,2026-03-20 08:28:31,,1,За да живеете добре гласувайте! Гласувайте с No15. ;),Мазен Кумунис,20.03.2026 (пт) 10:55:29,0,3,2026-06-11 23:51:51
mediapool.bg,https://www.mediapool.bg/izbori-2026-cat130.html?page=9,https://www.mediapool.bg/radev-sas-zayavka-za-nov-legitimen-glaven-prokuror-demontazh-na-oligarhiyata-i-svobodni-medii-obnovena-news381417.html,"Радев със заявка за нов легитимен главен прокурор, демонтаж на олигархията и свободни медии (обновена)",2026-03-19 17:11:24,,98,Иска да засили руската оигархия. Не че и сега не е силна. Нали всички олигарси са или бивши служители на ДС или синчетата им. Та той ли дето ще ни води към нов СССР ще се бори с тях?,Dedooo,23.03.2026 (пн) 9:31:21,1,1,2026-06-11 23:52:03
mediapool.bg,https://www.mediapool.bg/izbori-2026-cat130.html?page=9,https://www.mediapool.bg/radev-sas-zayavka-za-nov-legitimen-glaven-prokuror-demontazh-na-oligarhiyata-i-svobodni-medii-obnovena-news381417.html,"Радев със заявка за нов легитимен главен прокурор, демонтаж на олигархията и свободни медии (обновена)",2026-03-19 17:11:24,,96,"А Георги Гергов ще бъде ли ""демонтиран"" като един от най-наглите и крадливи българо-руски олигарси? Да видим как Румен Радев - този слузест гол охлюв изпълзял от кремълската канализация, ще ""демонтира"" олигархията, която почти изцяло бе създадена от руската пета колона и комунистическата Държавна сигурност.",John Doe,20.03.2026 (пт) 14:11:20,4,2,2026-06-11 23:52:03
mediapool.bg,https://www.mediapool.bg/izbori-2026-cat130.html?page=9,https://www.mediapool.bg/radev-sas-zayavka-za-nov-legitimen-glaven-prokuror-demontazh-na-oligarhiyata-i-svobodni-medii-obnovena-news381417.html,"Радев със заявка за нов легитимен главен прокурор, демонтаж на олигархията и свободни медии (обновена)",2026-03-19 17:11:24,,95,румен льотчика не прие ухажването на боко мутрата :-))),Bлaдo,20.03.2026 (пт) 7:40:04,9,4,2026-06-11 23:52:03
mediapool.bg,https://www.mediapool.bg/izbori-2026-cat130.html?page=9,https://www.mediapool.bg/radev-sas-zayavka-za-nov-legitimen-glaven-prokuror-demontazh-na-oligarhiyata-i-svobodni-medii-obnovena-news381417.html,"Радев със заявка за нов легитимен главен прокурор, демонтаж на олигархията и свободни медии (обновена)",2026-03-19 17:11:24,,94,"Услужливите журналисти, избягват да питат за Украйна! А и що ли да питат? То всичко е ясно! Прогресистите-путинисти на Решетников минават през проблемите отгоре-отгоре! По на едро и по на кратко. Щото процентите падат ден подир ден, по един, по два... Колкото повече плещат, толкова по зле. (А в същност толкова по-добре за България). Абе с две думи, дошли са нови спасители. С празни торби и портфейли! Ще ни турят Ново начало. Прогресивно. От Масква!",Рим,20.03.2026 (пт) 7:33:28,8,3,2026-06-11 23:52:03
mediapool.bg,https://www.mediapool.bg/izbori-2026-cat130.html?page=9,https://www.mediapool.bg/radev-sas-zayavka-za-nov-legitimen-glaven-prokuror-demontazh-na-oligarhiyata-i-svobodni-medii-obnovena-news381417.html,"Радев със заявка за нов легитимен главен прокурор, демонтаж на олигархията и свободни медии (обновена)",2026-03-19 17:11:24,,93,На протестите бяхме много хора! И много не понасяхме шарлатаните! ;),Мазен Кумунис,20.03.2026 (пт) 5:08:14,5,16,2026-06-11 23:52:03
mediapool.bg,https://www.mediapool.bg/izbori-2026-cat130.html?page=9,https://www.mediapool.bg/radev-sas-zayavka-za-nov-legitimen-glaven-prokuror-demontazh-na-oligarhiyata-i-svobodni-medii-obnovena-news381417.html,"Радев със заявка за нов легитимен главен прокурор, демонтаж на олигархията и свободни медии (обновена)",2026-03-19 17:11:24,,92,"Освен всичко друго мунчо е и жалък крадец и плагиат, защото проектът му Sigma Al е груба кражба на концепцията АlОгледалото на известния в нета Nik Ray,който ще съди за плагиатство престъпника мунчо.",мунчо в затвора!,20.03.2026 (пт) 4:28:59,2,7,2026-06-11 23:52:03
mediapool.bg,https://www.mediapool.bg/izbori-2026-cat130.html?page=9,https://www.mediapool.bg/radev-sas-zayavka-za-nov-legitimen-glaven-prokuror-demontazh-na-oligarhiyata-i-svobodni-medii-obnovena-news381417.html,"Радев със заявка за нов легитимен главен прокурор, демонтаж на олигархията и свободни медии (обновена)",2026-03-19 17:11:24,,91,"Загниващият болшевишки труп се готви да изтрови много народ, докато се изпари напълно. Да проявим твърдост и солидарност в предстоящите избори !",Александър Борисов,20.03.2026 (пт) 2:26:03,8,5,2026-06-11 23:52:03
mediapool.bg,https://www.mediapool.bg/izbori-2026-cat130.html?page=9,https://www.mediapool.bg/radev-sas-zayavka-za-nov-legitimen-glaven-prokuror-demontazh-na-oligarhiyata-i-svobodni-medii-obnovena-news381417.html,"Радев със заявка за нов легитимен главен прокурор, демонтаж на олигархията и свободни медии (обновена)",2026-03-19 17:11:24,,90,"Пo пoвoд учpeдявaнeтo нa нoвaтa пpoгpecиcткa пapтия, Cвeтocлaв Пинтeв пpaви пapaлeли c ocнoвaнaтa oт Яpocлaв Xaшeк пpeз 1913 г. пapoдийнa „Пapтия нa умepeния пpoгpec в paмкитe нa зaкoнa“, кaтo цитиpa нaчaлoтo нa кoнгpecнaтa peч нa пpeдceдaтeля: «Eднo тpябвa дa бъдe яcнo, увaжaeми гocпoдa! Кoгaтo чeтeм вecтницитe, ocтaвaмe cъвceм oбъpкaни. („Бpaвo!“) Нe мoжeм дa ce opиeнтиpaмe в нищo. (Пpoдължитeлни pъкoпляcкaния) Ниe нaиcтинa нe знaeм кaквo cтaвa. („Бpaвo!“) Нo ниe paзбpaxмe кaквa e paбoтaтa. Тoвa, …Прочети целия коментар кoeтo кaзax пo-пpeди, нe ce oтнacя дo нac, aми дo вcички дpуги пapтии. (Пeтминутни oвaции.) Нaкъдe въpви тяxнaтa пoлитикa? Кaквo миcлят зa мeждунapoднoтo пoлoжeниe? Мoгaт ли дa ce opиeнтиpaт в нeгo? („Пoзop!“)…» Мaкap и пapoдийнa, пapтиятa нa Xaшeк вce пaк e ocтaвилa cлeди в иcтopиятa. Нищo чуднo и ""Пpoгpecивнa Бългapия"" дa взeмe нa избopитe пoнe 15% (oт oбeщaнитe ѝ нaд 30%, pecп. 100, 200 и пpoчиe дeпутaти). https://faktor.bg/19-to-aprilskoto-pokolenie-na-radev-sport-cirk-i-muzika",Филка Русофилка,20.03.2026 (пт) 1:39:51,8,5,2026-06-11 23:52:03
mediapool.bg,https://www.mediapool.bg/izbori-2026-cat130.html?page=9,https://www.mediapool.bg/zasechka-targovskiyat-registar-ne-prie-ostavkata-na-stefka-kostadinova-ot-bok-news381376.html,"Засечка. Търговският регистър ""не прие"" оставката на Стефка Костадинова от БОК",2026-03-18 21:06:25,,4,"Стефка Костадинова стигна такова дъно и плю на всичко , което е постигнала. Сега седнала в ""скута "" на Пеевски, говори , че никоя нормална партия не я иска!",Milanova Magda,24.03.2026 (вт) 17:07:32,0,0,2026-06-11 23:52:09
mediapool.bg,https://www.mediapool.bg/izbori-2026-cat130.html?page=9,https://www.mediapool.bg/zasechka-targovskiyat-registar-ne-prie-ostavkata-na-stefka-kostadinova-ot-bok-news381376.html,"Засечка. Търговският регистър ""не прие"" оставката на Стефка Костадинова от БОК",2026-03-18 21:06:25,,3,Господ здраве да му дава на Прасчо Магнитски за да громи просрите и грозни шарлатанскиПедофили. ;),Мазен Кумунис,19.03.2026 (чт) 9:35:48,0,4,2026-06-11 23:52:09
mediapool.bg,https://www.mediapool.bg/izbori-2026-cat130.html?page=9,https://www.mediapool.bg/zasechka-targovskiyat-registar-ne-prie-ostavkata-na-stefka-kostadinova-ot-bok-news381376.html,"Засечка. Търговският регистър ""не прие"" оставката на Стефка Костадинова от БОК",2026-03-18 21:06:25,,2,Костадинова още от 90те години е известна мутреса. Но никога не е късно да се опозориш съвсем с депесарски стил мазна борба за бок и после да скочиш в листата на намагнетизирания шoпар. Човек направо да се радва че Ярослава Магучих подобри световния рекорд. :),sloth,18.03.2026 (ср) 23:09:33,8,0,2026-06-11 23:52:09
mediapool.bg,https://www.mediapool.bg/izbori-2026-cat130.html?page=9,https://www.mediapool.bg/zasechka-targovskiyat-registar-ne-prie-ostavkata-na-stefka-kostadinova-ot-bok-news381376.html,"Засечка. Търговският регистър ""не прие"" оставката на Стефка Костадинова от БОК",2026-03-18 21:06:25,,1,"И ква стана тя сега? Ни прасе ни БОК :) Е, може би частни уроци по скачане в кочината.",Megadonkey,18.03.2026 (ср) 21:25:06,14,0,2026-06-11 23:52:09
mediapool.bg,https://www.mediapool.bg/izbori-2026-cat130.html?page=9,https://www.mediapool.bg/radev-s-21-vi-nomer-na-izborite-pp-db-sas-7-gerb---15-news381370.html,"Радев с 21-ви номер на изборите, ПП-ДБ със 7, ГЕРБ - 15",2026-03-18 18:22:52,,17,Верно си МАЗЕН КОМУНИСт.,karies,19.03.2026 (чт) 12:10:54,1,0,2026-06-11 23:52:19
mediapool.bg,https://www.mediapool.bg/izbori-2026-cat130.html?page=9,https://www.mediapool.bg/radev-s-21-vi-nomer-na-izborite-pp-db-sas-7-gerb---15-news381370.html,"Радев с 21-ви номер на изборите, ПП-ДБ със 7, ГЕРБ - 15",2026-03-18 18:22:52,,16,"Всъщност е доказано многократно в последните години, че ППДБ имат най- високообразования електорат, докато ГЕРБ привличат все повече необразовани хора.",Още един,18.03.2026 (ср) 23:03:56,2,2,2026-06-11 23:52:19
mediapool.bg,https://www.mediapool.bg/izbori-2026-cat130.html?page=9,https://www.mediapool.bg/radev-s-21-vi-nomer-na-izborite-pp-db-sas-7-gerb---15-news381370.html,"Радев с 21-ви номер на изборите, ПП-ДБ със 7, ГЕРБ - 15",2026-03-18 18:22:52,,15,Тази изживяла времето си система с номера на бюлетините трябва да бъде премахната. Едни и същи глупости всеки път слушаме от партиите как техните числа носели щастие и късмет.,anton nikolov,18.03.2026 (ср) 22:31:13,3,0,2026-06-11 23:52:19
mediapool.bg,https://www.mediapool.bg/izbori-2026-cat130.html?page=9,https://www.mediapool.bg/radev-s-21-vi-nomer-na-izborite-pp-db-sas-7-gerb---15-news381370.html,"Радев с 21-ви номер на изборите, ПП-ДБ със 7, ГЕРБ - 15",2026-03-18 18:22:52,,14,Умните българи ще гласуват с No15. ;),Мазен Кумунис,18.03.2026 (ср) 21:51:52,0,6,2026-06-11 23:52:19
mediapool.bg,https://www.mediapool.bg/izbori-2026-cat130.html?page=9,https://www.mediapool.bg/radev-s-21-vi-nomer-na-izborite-pp-db-sas-7-gerb---15-news381370.html,"Радев с 21-ви номер на изборите, ПП-ДБ със 7, ГЕРБ - 15",2026-03-18 18:22:52,,13,аз съм за 4,ozzy70,18.03.2026 (ср) 20:38:48,1,6,2026-06-11 23:52:19
mediapool.bg,https://www.mediapool.bg/izbori-2026-cat130.html?page=9,https://www.mediapool.bg/radev-s-21-vi-nomer-na-izborite-pp-db-sas-7-gerb---15-news381370.html,"Радев с 21-ви номер на изборите, ПП-ДБ със 7, ГЕРБ - 15",2026-03-18 18:22:52,,12,"Нумерологията вещае изтегленият номер 1% на ИТН за добър знак... Кой, ако не те, ще защитават традиционното българско семейство ""Един мъж с неговия диван""... А и надеждите на македонците за космическо бъдеще няма да увяхнат...",Антон,18.03.2026 (ср) 19:48:32,8,0,2026-06-11 23:52:19
mediapool.bg,https://www.mediapool.bg/izbori-2026-cat130.html?page=9,https://www.mediapool.bg/radev-s-21-vi-nomer-na-izborite-pp-db-sas-7-gerb---15-news381370.html,"Радев с 21-ви номер на изборите, ПП-ДБ със 7, ГЕРБ - 15",2026-03-18 18:22:52,,11,"Господи, защо AI модераторът на Медиапул трие този коментар ""ГЕРБ с номер 15? ....Петнадесет лалета, петнадесети ред, и мястото заето....""?",Един препатил,18.03.2026 (ср) 19:29:33,7,0,2026-06-11 23:52:19
mediapool.bg,https://www.mediapool.bg/izbori-2026-cat130.html?page=10,https://www.mediapool.bg/darzhavata-shte-proveri-vhodyashtiya-kod-na-vsyaka-mashina-za-izborite-a-ne-na-30-kakto-e-bilo-dosega-news381353.html,"Държавата ще провери входящия код на всяка машина за изборите, а не на 30%, както е било досега",2026-03-18 14:51:20,,19,"Бай Ганьо прави избори! Добре описано! Класика! „Българският парламент не е сбор от мъдреци, на най-големите умове на България, а сборище на най-болните амбиции, на най злощастните и зловредни хора, влюбени само в себе си, в кесиите си, в славата си, но не и в България.” Бащата на шарлатаните - договорил в немското посолство резултата до 3-тия знак след десетичната запетая. Вещица Урсула отмени 6 избори в ЕС! В записа на Радостин Василев в прав текст Кирил Петков каза- ""Президента през И.И. ще …Прочети целия коментар направи ала-бала с машините. "" Шарлатани и измамници, довлачени от цял свят! С осъдителни присъди за измама! Йоан 8:44 Ваш баща е дяволът и вие искате да изпълнявате желанията на баща си. Той си беше от началото човекоубиец и не устоя в истината, понеже у него няма истина. Когато изговаря лъжа, говори своето, защото е лъжец и баща на лъжата.",т€еритория на Мики Маус,19.03.2026 (чт) 0:38:29,1,4,2026-06-11 23:52:31
mediapool.bg,https://www.mediapool.bg/izbori-2026-cat130.html?page=10,https://www.mediapool.bg/darzhavata-shte-proveri-vhodyashtiya-kod-na-vsyaka-mashina-za-izborite-a-ne-na-30-kakto-e-bilo-dosega-news381353.html,"Държавата ще провери входящия код на всяка машина за изборите, а не на 30%, както е било досега",2026-03-18 14:51:20,,17,"Изходен код (на англ. source code) е програмният код на софтуера. Иначе казано - онова, което програмистите пишат. Този код е човешки четим и съдържа поредица от инструкции. Той се компилира до машинен код и така се получава изпълним софтуер. Хеш кодът или хеш сума е число, което се получава при прилагане на известна, сложна математическа функция върху изпълнимия софтуер. Тази математическа функция има такова свойство, че дори и само един бит разлика в изпълнимия софтуер, дава коренно различна хеш …Прочети целия коментар сума. Просто казано - видим ли един и също хеш, знаем че програмата е една и съща. Няма такова животно като ""входящ код"", както грешно е написано в статията. В статията също грешно сравняват изходен код и хеш сума, а те нямат нищо общо като значение.",Дидo,18.03.2026 (ср) 19:22:18,17,1,2026-06-11 23:52:31
mediapool.bg,https://www.mediapool.bg/izbori-2026-cat130.html?page=10,https://www.mediapool.bg/darzhavata-shte-proveri-vhodyashtiya-kod-na-vsyaka-mashina-za-izborite-a-ne-na-30-kakto-e-bilo-dosega-news381353.html,"Държавата ще провери входящия код на всяка машина за изборите, а не на 30%, както е било досега",2026-03-18 14:51:20,,16,"Машините никога не са били в каквато и да е мрежа, по време на избори. Няма да бъдат и сега - както винаги.",Дидo,18.03.2026 (ср) 19:08:05,16,1,2026-06-11 23:52:31
mediapool.bg,https://www.mediapool.bg/izbori-2026-cat130.html?page=10,https://www.mediapool.bg/darzhavata-shte-proveri-vhodyashtiya-kod-na-vsyaka-mashina-za-izborite-a-ne-na-30-kakto-e-bilo-dosega-news381353.html,"Държавата ще провери входящия код на всяка машина за изборите, а не на 30%, както е било досега",2026-03-18 14:51:20,,15,"Непочтена система с непочтени хора ще правят ""избори"". Когато залогът е десетки милиарди. За или против лобистки закон за едно или друго! Напр ВЕИ-та! Или Брюкселките ало измамници с техните щения за милиарди за украйна. Уж ""на кредит""",т€еритория на Мики Маус,18.03.2026 (ср) 18:01:15,1,19,2026-06-11 23:52:31
mediapool.bg,https://www.mediapool.bg/izbori-2026-cat130.html?page=10,https://www.mediapool.bg/darzhavata-shte-proveri-vhodyashtiya-kod-na-vsyaka-mashina-za-izborite-a-ne-na-30-kakto-e-bilo-dosega-news381353.html,"Държавата ще провери входящия код на всяка машина за изборите, а не на 30%, както е било досега",2026-03-18 14:51:20,,14,"Всяко ПРЕдоверяване на всяка власт се заплаща много скъпо! Единствено конкурс с парична награда и хакери за участници може да гарантира, че нямало възможност за фалшификации. Не знам защо в тази пародия на държава и пародия на законност, институциите не са разпитали много подробно както Кирил Петков така и Румен Радев. Радостин Василев пусна записа. Цяла България го чу, освен ГЛУХИТЕ и слепи институции! В записа в прав текст Кирил Петков каза- Президента през И.И. ще направи ала-бала с машините. …Прочети целия коментар Кирил Петков ДЪЛЖИ ОБЯСНЕНИЕ НА ОБЩЕСТВОТО за посещението си в х. Петрохан. Защо се е скарал люто с домакина, по думите на психолога Иван Игов. В колко държави въобще се ползват машини за гласуване? Освен Венецуела? Вашето ""доверие"" не значи нищо! Развявайте си го! С моето доверие и моето гласуване на всички избори, над 1000 българи са натрупали офшорни сметки за над 55 милиарда. https://offshoreleaks.icij.org/search?q=Blagomir+Kotsev&c=&j=&d=",т€еритория на Мики Маус,18.03.2026 (ср) 17:57:54,1,19,2026-06-11 23:52:31
mediapool.bg,https://www.mediapool.bg/izbori-2026-cat130.html?page=10,https://www.mediapool.bg/darzhavata-shte-proveri-vhodyashtiya-kod-na-vsyaka-mashina-za-izborite-a-ne-na-30-kakto-e-bilo-dosega-news381353.html,"Държавата ще провери входящия код на всяка машина за изборите, а не на 30%, както е било досега",2026-03-18 14:51:20,,13,"Става въпрос за Шиши и Биби хакерите, всичко трябва да се провери защото в ДАНС стова се занимават в момента, как да саботират машинното гласуване.",кривак,18.03.2026 (ср) 17:50:54,3,0,2026-06-11 23:52:31
mediapool.bg,https://www.mediapool.bg/izbori-2026-cat130.html?page=10,https://www.mediapool.bg/darzhavata-shte-proveri-vhodyashtiya-kod-na-vsyaka-mashina-za-izborite-a-ne-na-30-kakto-e-bilo-dosega-news381353.html,"Държавата ще провери входящия код на всяка машина за изборите, а не на 30%, както е било досега",2026-03-18 14:51:20,,12,"Благодаря, най-после някой да обясни като за не-специалисти.",Препоръка,18.03.2026 (ср) 17:37:05,10,0,2026-06-11 23:52:31
mediapool.bg,https://www.mediapool.bg/izbori-2026-cat130.html?page=10,https://www.mediapool.bg/darzhavata-shte-proveri-vhodyashtiya-kod-na-vsyaka-mashina-za-izborite-a-ne-na-30-kakto-e-bilo-dosega-news381353.html,"Държавата ще провери входящия код на всяка машина за изборите, а не на 30%, както е било досега",2026-03-18 14:51:20,,11,"Тия машини по цял свят са само отделни единици, не във обща мрежа, още по малко към интернета. Затова и когато Тръмп твърдеше, че го измамили с броенето, измисли някакви схеми с лазери от спътници в космоса, които променяли бройките в машините. Един негов почитател, собственик на фирма за възглавници взе такива ""повлияни отвън"" машини и предложи 10 млн. на този програмист, който намери бъг в кода който да отнема гласове от Тръмп. Нищо не намериха никъде. Машините се ползват и до ден днешен и пак с тях Тръмп спечели следващите избори. Това е то!",Калико Джо,18.03.2026 (ср) 17:18:38,19,1,2026-06-11 23:52:31
mediapool.bg,https://www.mediapool.bg/izbori-2026-cat130.html?page=10,https://www.mediapool.bg/darzhavata-shte-proveri-vhodyashtiya-kod-na-vsyaka-mashina-za-izborite-a-ne-na-30-kakto-e-bilo-dosega-news381353.html,"Държавата ще провери входящия код на всяка машина за изборите, а не на 30%, както е било досега",2026-03-18 14:51:20,,10,"Аз не зная за какво става дума. Какво е ""изходен код""?",Препоръка,18.03.2026 (ср) 17:10:33,10,1,2026-06-11 23:52:31
mediapool.bg,https://www.mediapool.bg/izbori-2026-cat130.html?page=10,https://www.mediapool.bg/mirchev-i-bozhanov-otstapihme-pred-pp-bozhankov-da-ne-e-kandidat-inache-mozheshe-da-ne-registrirame-lista-news381346.html,"Мирчев и Божанов: Отстъпихме пред ПП Божанков да не е кандидат, иначе можеше да не регистрираме листа",2026-03-18 13:51:15,,15,ПП изяде ДБ! Това го пишем откакто ПП направиха ала-бала с пРезидента! След изборите такава коЙлиция просто няма да има!,Ясен от Герман Тракторист,19.03.2026 (чт) 22:02:37,0,1,2026-06-11 23:52:42
mediapool.bg,https://www.mediapool.bg/izbori-2026-cat130.html?page=10,https://www.mediapool.bg/mirchev-i-bozhanov-otstapihme-pred-pp-bozhankov-da-ne-e-kandidat-inache-mozheshe-da-ne-registrirame-lista-news381346.html,"Мирчев и Божанов: Отстъпихме пред ПП Божанков да не е кандидат, иначе можеше да не регистрираме листа",2026-03-18 13:51:15,,14,"Точно така! Аз също се отказах да гласувам за ПП/ДБ, заради това че махнаха Божанков, по заповед на Асен Василев. Гласът ми отива за ""Антикорупционен блок"" и стискам палци да влязат в парламента. Въобще, докога ще стоят ДБ и ДСБ в тази жалка коалиция?",Everlast,19.03.2026 (чт) 15:22:08,0,3,2026-06-11 23:52:42
mediapool.bg,https://www.mediapool.bg/izbori-2026-cat130.html?page=10,https://www.mediapool.bg/mirchev-i-bozhanov-otstapihme-pred-pp-bozhankov-da-ne-e-kandidat-inache-mozheshe-da-ne-registrirame-lista-news381346.html,"Мирчев и Божанов: Отстъпихме пред ПП Божанков да не е кандидат, иначе можеше да не регистрираме листа",2026-03-18 13:51:15,,13,"Каква гейдрама, дами и господа, каква гейдрама.",DG,19.03.2026 (чт) 12:09:13,1,2,2026-06-11 23:52:42
mediapool.bg,https://www.mediapool.bg/izbori-2026-cat130.html?page=10,https://www.mediapool.bg/mirchev-i-bozhanov-otstapihme-pred-pp-bozhankov-da-ne-e-kandidat-inache-mozheshe-da-ne-registrirame-lista-news381346.html,"Мирчев и Божанов: Отстъпихме пред ПП Божанков да не е кандидат, иначе можеше да не регистрираме листа",2026-03-18 13:51:15,,12,"Е, тя, "" хубавата Елена"", не само откри огън от парламентарната трибуна срещу своите от ПП, ами направи цяла медийна кампания срещу тях. Така че ги разбирам, нищо че съм от по-добрите и по- демократичните от ДСБ.:)",valentinа паumova,18.03.2026 (ср) 22:20:25,16,3,2026-06-11 23:52:42
mediapool.bg,https://www.mediapool.bg/izbori-2026-cat130.html?page=10,https://www.mediapool.bg/mirchev-i-bozhanov-otstapihme-pred-pp-bozhankov-da-ne-e-kandidat-inache-mozheshe-da-ne-registrirame-lista-news381346.html,"Мирчев и Божанов: Отстъпихме пред ПП Божанков да не е кандидат, иначе можеше да не регистрираме листа",2026-03-18 13:51:15,,11,Асенчо вместо да се оттегли заради Чаталджа се бори с ‘врага’ с партиен билет. Дри шльо.,Левант,18.03.2026 (ср) 22:19:11,2,17,2026-06-11 23:52:42
mediapool.bg,https://www.mediapool.bg/izbori-2026-cat130.html?page=10,https://www.mediapool.bg/mirchev-i-bozhanov-otstapihme-pred-pp-bozhankov-da-ne-e-kandidat-inache-mozheshe-da-ne-registrirame-lista-news381346.html,"Мирчев и Божанов: Отстъпихме пред ПП Божанков да не е кандидат, иначе можеше да не регистрираме листа",2026-03-18 13:51:15,,10,"Предлагам Явор Божанков, след като не го искат за народен представител, ДБ да го назначи за свой говорител, с малко по-висока заплата от тази на депутатите и за да бъде непрекъснато на екрана, във всички медии да обяснява на българите по ясен и логичен начин, както само той го може, подмолните и предателски ходове на партийните мафиотски босове. В това е неговата сила и така би бил най-полезен на демократичните проевропейски партии у нас.",РК,18.03.2026 (ср) 21:56:35,16,2,2026-06-11 23:52:42
mediapool.bg,https://www.mediapool.bg/izbori-2026-cat130.html?page=10,https://www.mediapool.bg/mirchev-i-bozhanov-otstapihme-pred-pp-bozhankov-da-ne-e-kandidat-inache-mozheshe-da-ne-registrirame-lista-news381346.html,"Мирчев и Божанов: Отстъпихме пред ПП Божанков да не е кандидат, иначе можеше да не регистрираме листа",2026-03-18 13:51:15,,9,"Божанков е интересен персонаж доста по-умен от тия дето не го искат. Явно проблема не е онова гласуване за Силви, а нещо което не излиза засега на открито ?!",Тихомир Томов,18.03.2026 (ср) 19:34:20,3,21,2026-06-11 23:52:42
mediapool.bg,https://www.mediapool.bg/izbori-2026-cat130.html?page=10,https://www.mediapool.bg/mirchev-i-bozhanov-otstapihme-pred-pp-bozhankov-da-ne-e-kandidat-inache-mozheshe-da-ne-registrirame-lista-news381346.html,"Мирчев и Божанов: Отстъпихме пред ПП Божанков да не е кандидат, иначе можеше да не регистрираме листа",2026-03-18 13:51:15,,8,"Ееее, с Божанков стана по-голяма баталия от хубавата Елена и Троянската война... След като е в твоя МИР, Божанков като част от ПП, знаеш ли в чия кампания участва на местните избори?.. На кандидат на местния бизнес - избраха го, после целуна ръка на Свинята, защото му ""замрази"" прокурорска преписка за далавера с общ. земя, която, ""ама не съм аз, тя майка ми""... Толкова за хубавата Елена...",Антон,18.03.2026 (ср) 17:57:53,21,6,2026-06-11 23:52:42
mediapool.bg,https://www.mediapool.bg/izbori-2026-cat130.html?page=10,https://www.mediapool.bg/mirchev-i-bozhanov-otstapihme-pred-pp-bozhankov-da-ne-e-kandidat-inache-mozheshe-da-ne-registrirame-lista-news381346.html,"Мирчев и Божанов: Отстъпихме пред ПП Божанков да не е кандидат, иначе можеше да не регистрираме листа",2026-03-18 13:51:15,,7,"Понеже Божанков трябваше да бъде кандидат в моя МИР и се подадохте на изнудването на Асен Василев, изгубихте гласа ми. Ще гласувам с к*р на бюлетината и няма да изпълня задълженията си като наблюдател, защото тези избори вече са опорочени. Нека да дойде преп*каният академик да спорим.",Pozor,18.03.2026 (ср) 17:27:35,6,25,2026-06-11 23:52:42
mediapool.bg,https://www.mediapool.bg/izbori-2026-cat130.html?page=10,https://www.mediapool.bg/mirchev-i-bozhanov-otstapihme-pred-pp-bozhankov-da-ne-e-kandidat-inache-mozheshe-da-ne-registrirame-lista-news381346.html,"Мирчев и Божанов: Отстъпихме пред ПП Божанков да не е кандидат, иначе можеше да не регистрираме листа",2026-03-18 13:51:15,,6,Мазни борби между простите и грозни шарлатани. За кокъла! ;),Мазен Кумунис,18.03.2026 (ср) 16:39:51,4,26,2026-06-11 23:52:42
mediapool.bg,https://www.mediapool.bg/izbori-2026-cat130.html?page=10,https://www.mediapool.bg/predi-izbori-sram-nyama-itn-iska-i-vsichki-detsa-da-poluchavat-velikdenski-i-koledni-nadbavki-news381339.html,Преди избори срам няма: ИТН иска и всички деца да получават великденски и коледни надбавки,2026-03-18 12:03:18,,32,ИТН и преди и след избори нямат срам.,Иван Асенов Стоянов,19.03.2026 (чт) 12:57:00,0,0,2026-06-11 23:52:53
mediapool.bg,https://www.mediapool.bg/izbori-2026-cat130.html?page=10,https://www.mediapool.bg/predi-izbori-sram-nyama-itn-iska-i-vsichki-detsa-da-poluchavat-velikdenski-i-koledni-nadbavki-news381339.html,Преди избори срам няма: ИТН иска и всички деца да получават великденски и коледни надбавки,2026-03-18 12:03:18,,31,"Като милиционерите сте - както България е на първо място в Европа по брой фуражки към броя на населението, така и ПП-ДБ водят по броя на вождовете си - напънала се коалицията за някакви 10 процента, но пък има шестима вождове - най много в Европа съотнесено към броя на избирателите. Жалкари !",ninevia,19.03.2026 (чт) 11:13:44,0,1,2026-06-11 23:52:53
mediapool.bg,https://www.mediapool.bg/izbori-2026-cat130.html?page=10,https://www.mediapool.bg/predi-izbori-sram-nyama-itn-iska-i-vsichki-detsa-da-poluchavat-velikdenski-i-koledni-nadbavki-news381339.html,Преди избори срам няма: ИТН иска и всички деца да получават великденски и коледни надбавки,2026-03-18 12:03:18,,30,"Ама то извън щуротиите и измамите на ПП-ДБ за вас май няма нищо нормално - това си е ляво сектантство. Като комунистите на Живков сте - искате да направите хората зорлем щастливи. Ами представете си - те просто не ви щат ! Къде ви е площадът в процентите на социолозите - няма го, защото не ви вярват. И има защо.",ninevia,19.03.2026 (чт) 11:10:29,0,1,2026-06-11 23:52:53
mediapool.bg,https://www.mediapool.bg/izbori-2026-cat130.html?page=10,https://www.mediapool.bg/predi-izbori-sram-nyama-itn-iska-i-vsichki-detsa-da-poluchavat-velikdenski-i-koledni-nadbavki-news381339.html,Преди избори срам няма: ИТН иска и всички деца да получават великденски и коледни надбавки,2026-03-18 12:03:18,,29,няма как да ме спреш да се позабавлявам максимално на гърба на живите и полуживите от итнЭ ;-),Bлaдo,18.03.2026 (ср) 18:58:40,15,1,2026-06-11 23:52:53
mediapool.bg,https://www.mediapool.bg/izbori-2026-cat130.html?page=10,https://www.mediapool.bg/predi-izbori-sram-nyama-itn-iska-i-vsichki-detsa-da-poluchavat-velikdenski-i-koledni-nadbavki-news381339.html,Преди избори срам няма: ИТН иска и всички деца да получават великденски и коледни надбавки,2026-03-18 12:03:18,,28,"Чобанинът от снимката, много добре осъзнава, че ако не стане отново депутат в следвашия парламент, няма да бъде никой (както преди 2021г.). Затова в момента е склонен, да обещае на РС Македония дори членство в ЕС, ако от това зависи депутатското му място.",Rolo Tomassi,18.03.2026 (ср) 18:32:49,17,1,2026-06-11 23:52:53
mediapool.bg,https://www.mediapool.bg/izbori-2026-cat130.html?page=10,https://www.mediapool.bg/predi-izbori-sram-nyama-itn-iska-i-vsichki-detsa-da-poluchavat-velikdenski-i-koledni-nadbavki-news381339.html,Преди избори срам няма: ИТН иска и всички деца да получават великденски и коледни надбавки,2026-03-18 12:03:18,,27,Знаем че ППЛГДБ обичат децата по различен начин.,DG,18.03.2026 (ср) 18:20:18,1,18,2026-06-11 23:52:53
mediapool.bg,https://www.mediapool.bg/izbori-2026-cat130.html?page=10,https://www.mediapool.bg/predi-izbori-sram-nyama-itn-iska-i-vsichki-detsa-da-poluchavat-velikdenski-i-koledni-nadbavki-news381339.html,Преди избори срам няма: ИТН иска и всички деца да получават великденски и коледни надбавки,2026-03-18 12:03:18,,26,"Щом глупостите, наглостта и простотията на Тошко и Балабанчо ти звучат разумно няма проблем.",anton nikolov,18.03.2026 (ср) 18:15:56,18,1,2026-06-11 23:52:53
mediapool.bg,https://www.mediapool.bg/izbori-2026-cat130.html?page=10,https://www.mediapool.bg/predi-izbori-sram-nyama-itn-iska-i-vsichki-detsa-da-poluchavat-velikdenski-i-koledni-nadbavki-news381339.html,Преди избори срам няма: ИТН иска и всички деца да получават великденски и коледни надбавки,2026-03-18 12:03:18,,25,"Към кълнящите форумци срещу ИТН : Не съм фен на ИТН, но такава злоба и кълнене от всички страни към тях са тежко смущаващи за психичното ви здраве - изпадате в такава небивала ярост сякаш сте някакви жертви на сексуални посегателства от ИТН и мразите до насита своя насилник. Към Медиапул: Не виждам с какво толкова ви възпалиха предложенията на славчовите хора. Ми звучат разумно, с грижа за хората, нали всички се напреварвате да сте популисти. Сега обаче май ви задминават.... Ако сме честни ИТН имат …Прочети целия коментар един голям исторически принос - през 2022 г. и след това махнаха смокиновия лист, показвайки всички срамотии на ПП-ДБ, с което лъсна истинският облик на Гранд шарлатаните не само от София, но и от Лудогорската Магнаурска школа - Ивайло Мирчев, Кака Цона, Надежда Йорданова и други колоси на мисълта. Та така....",ninevia,18.03.2026 (ср) 17:51:56,3,21,2026-06-11 23:52:53
mediapool.bg,https://www.mediapool.bg/izbori-2026-cat130.html?page=10,https://www.mediapool.bg/predi-izbori-sram-nyama-itn-iska-i-vsichki-detsa-da-poluchavat-velikdenski-i-koledni-nadbavki-news381339.html,Преди избори срам няма: ИТН иска и всички деца да получават великденски и коледни надбавки,2026-03-18 12:03:18,,24,"Какво престъпление, ако не е тайна?",DG,18.03.2026 (ср) 17:10:47,1,16,2026-06-11 23:52:53
mediapool.bg,https://www.mediapool.bg/izbori-2026-cat130.html?page=10,https://www.mediapool.bg/predi-izbori-sram-nyama-itn-iska-i-vsichki-detsa-da-poluchavat-velikdenski-i-koledni-nadbavki-news381339.html,Преди избори срам няма: ИТН иска и всички деца да получават великденски и коледни надбавки,2026-03-18 12:03:18,,23,ИТН са за затвор - цялата шайка престъпници начело с грозния и Тошко африкански,ozzy70,18.03.2026 (ср) 16:41:34,19,2,2026-06-11 23:52:53
mediapool.bg,https://www.mediapool.bg/izbori-2026-cat130.html?page=10,https://www.mediapool.bg/market-links-radev-i-gerb-s-izravneni-pozitsii-mesets-predi-izborite-news381334.html,"""Маркет линкс"": Радев и ГЕРБ с изравнени позиции месец преди изборите",2026-03-18 08:47:23,,97,"много гАлЭм спад за льотчика, бе! - нЭкой ще да е оттеглил пАдкрЭпата си (-; . . . Мойто предположение е, че (след жена му) и комуналната елЭонора е вдигнала ръце от него заради устойчивата му несъстоятелност. . .",Bлaдo,19.03.2026 (чт) 8:13:14,5,0,2026-06-11 23:53:03
mediapool.bg,https://www.mediapool.bg/izbori-2026-cat130.html?page=10,https://www.mediapool.bg/market-links-radev-i-gerb-s-izravneni-pozitsii-mesets-predi-izborite-news381334.html,"""Маркет линкс"": Радев и ГЕРБ с изравнени позиции месец преди изборите",2026-03-18 08:47:23,,96,Посредствена шарлатанска пасмина,F16,18.03.2026 (ср) 23:46:12,1,16,2026-06-11 23:53:03
mediapool.bg,https://www.mediapool.bg/izbori-2026-cat130.html?page=10,https://www.mediapool.bg/market-links-radev-i-gerb-s-izravneni-pozitsii-mesets-predi-izborite-news381334.html,"""Маркет линкс"": Радев и ГЕРБ с изравнени позиции месец преди изборите",2026-03-18 08:47:23,,95,"Антибългарското шарлатанско племе, и в тоя форум, срам за целия български род, срам не ми, срам. Всичките шарлатани отичат в канала, където им е мястото. Няма как на една земя да живеят българи и шарлатани , прости и грозни шарлатани",F16,18.03.2026 (ср) 23:34:11,1,18,2026-06-11 23:53:03
mediapool.bg,https://www.mediapool.bg/izbori-2026-cat130.html?page=10,https://www.mediapool.bg/market-links-radev-i-gerb-s-izravneni-pozitsii-mesets-predi-izborite-news381334.html,"""Маркет линкс"": Радев и ГЕРБ с изравнени позиции месец преди изборите",2026-03-18 08:47:23,,94,"Българите няма да остават на някакви примитиви, нищожества, посредственици и неграмотници да се разпореждат с живота им. Няма как България да е все на последно място в ЕС по БВП на човек. Никаква жал за това антибългарско и античовешко племе",F16,18.03.2026 (ср) 22:01:28,1,18,2026-06-11 23:53:03
mediapool.bg,https://www.mediapool.bg/izbori-2026-cat130.html?page=10,https://www.mediapool.bg/market-links-radev-i-gerb-s-izravneni-pozitsii-mesets-predi-izborite-news381334.html,"""Маркет линкс"": Радев и ГЕРБ с изравнени позиции месец преди изборите",2026-03-18 08:47:23,,93,"No21. Българите ще надживеят шарлатанията, и едновременно ще успеят да преборят олигархично-мафиотския модел на управление на страната. Тежка задача, но когато българите са единни и всеотдайни, обичат родината си , ще пребoрят всякави трудности по пътя.",F16,18.03.2026 (ср) 20:34:46,1,20,2026-06-11 23:53:03
mediapool.bg,https://www.mediapool.bg/izbori-2026-cat130.html?page=10,https://www.mediapool.bg/market-links-radev-i-gerb-s-izravneni-pozitsii-mesets-predi-izborite-news381334.html,"""Маркет линкс"": Радев и ГЕРБ с изравнени позиции месец преди изборите",2026-03-18 08:47:23,,92,Аирлия! Скоро рундю БОТАША и Ко - под чертата.,ПyтлЭр Xyйло,18.03.2026 (ср) 20:33:14,16,1,2026-06-11 23:53:03
mediapool.bg,https://www.mediapool.bg/izbori-2026-cat130.html?page=10,https://www.mediapool.bg/market-links-radev-i-gerb-s-izravneni-pozitsii-mesets-predi-izborite-news381334.html,"""Маркет линкс"": Радев и ГЕРБ с изравнени позиции месец преди изборите",2026-03-18 08:47:23,,91,0.2% за Тошко и онова нещо Балабанов е най-приятната подробност. Мед ми капе на душата драги избиратели. Кой ше подхване сега почина за македонски космонавт?,Кибик 007,18.03.2026 (ср) 19:43:47,15,0,2026-06-11 23:53:03
mediapool.bg,https://www.mediapool.bg/izbori-2026-cat130.html?page=10,https://www.mediapool.bg/market-links-radev-i-gerb-s-izravneni-pozitsii-mesets-predi-izborite-news381334.html,"""Маркет линкс"": Радев и ГЕРБ с изравнени позиции месец преди изборите",2026-03-18 08:47:23,,90,"Кой се интересува от платените долнопробни български рейтингови агенции, публикуват каквото им е платено със смехотворни извадки, от такива агенции никой няма нужда те са напълно безполезни и вредни а да ги четем и коментираме е пълна загуба на време.",vsop,18.03.2026 (ср) 19:20:15,21,1,2026-06-11 23:53:03
mediapool.bg,https://www.mediapool.bg/izbori-2026-cat130.html?page=10,https://www.mediapool.bg/market-links-radev-i-gerb-s-izravneni-pozitsii-mesets-predi-izborite-news381334.html,"""Маркет линкс"": Радев и ГЕРБ с изравнени позиции месец преди изборите",2026-03-18 08:47:23,,89,"За нова тройна коалиция с кемтрейлса и копейкин? Свободно, поправи се!",В и К,18.03.2026 (ср) 18:57:32,6,3,2026-06-11 23:53:03
mediapool.bg,https://www.mediapool.bg/izbori-2026-cat130.html?page=10,https://www.mediapool.bg/trima-arestuvani-pri-aktsiya-sreshtu-kupuvaneto-na-glasove-vav-varnensko-news381333.html,Трима арестувани при акция срещу купуването на гласове във Варненско,2026-03-18 08:36:06,,1,"Много, бе! ;)",Мазен Кумунис,18.03.2026 (ср) 9:48:41,0,4,2026-06-11 23:53:04
mediapool.bg,https://www.mediapool.bg/izbori-2026-cat130.html?page=10,https://www.mediapool.bg/izteche-srokat-za-registratsiya-na-listi-za-izborite-news381283.html,Изтече срокът за регистрация на листи за изборите,2026-03-17 19:12:39,,2,Изтича и времето на простите и грозни ПедофилскиШарлатани! ;),Мазен Кумунис,17.03.2026 (вт) 12:49:58,0,1,2026-06-11 23:53:05
mediapool.bg,https://www.mediapool.bg/izbori-2026-cat130.html?page=10,https://www.mediapool.bg/izteche-srokat-za-registratsiya-na-listi-za-izborite-news381283.html,Изтече срокът за регистрация на листи за изборите,2026-03-17 19:12:39,,1,"Много е комичен фактът, че единствено ППДБ се регистрират едва днес, минути преди крайния срок.Това няма да донесе позитиви, а тъкмо обратното.А скандалът с Божанков, който единствен от тях мрази мунчо и вероятно по тая причина Кокорчо не го ще, защото обмисля сглобка със сбирщината на мунчо, допълнително ще ерозира вота за ППДБ.",мунчо в затвора!,17.03.2026 (вт) 8:47:10,2,2,2026-06-11 23:53:05
mediapool.bg,https://www.mediapool.bg/izbori-2026-cat130.html?page=10,https://www.mediapool.bg/pp-db-zalaga-na-poznati-litsa-chetirima-ot-pp-vodyat-po-dve-listi-news381324.html,ПП-ДБ залага на познати лица: Четирима от ПП водят по две листи,2026-03-17 17:46:57,,10,На снимката простите и грозни шарлатани. Вече бутикова партийка. ;),Мазен Кумунис,18.03.2026 (ср) 9:51:54,1,9,2026-06-11 23:53:05
mediapool.bg,https://www.mediapool.bg/izbori-2026-cat130.html?page=10,https://www.mediapool.bg/pp-db-zalaga-na-poznati-litsa-chetirima-ot-pp-vodyat-po-dve-listi-news381324.html,ПП-ДБ залага на познати лица: Четирима от ПП водят по две листи,2026-03-17 17:46:57,,9,Тошко пак се изака на метеното!,levii,18.03.2026 (ср) 9:31:33,2,2,2026-06-11 23:53:05
mediapool.bg,https://www.mediapool.bg/izbori-2026-cat130.html?page=10,https://www.mediapool.bg/pp-db-zalaga-na-poznati-litsa-chetirima-ot-pp-vodyat-po-dve-listi-news381324.html,ПП-ДБ залага на познати лица: Четирима от ПП водят по две листи,2026-03-17 17:46:57,,8,"Гледам, че пазарджишката листа отново се води от бурундука ивайла шотЭв, випускник на МГИМО-мАЦква и настаяшчий чистапароднъй руZкий (по бабушка и по мамушка). Ой радасть какая, направо прелива от сърДцето ми...",ПyтлЭр Xyйло,18.03.2026 (ср) 0:04:09,11,5,2026-06-11 23:53:05
mediapool.bg,https://www.mediapool.bg/izbori-2026-cat130.html?page=10,https://www.mediapool.bg/pp-db-zalaga-na-poznati-litsa-chetirima-ot-pp-vodyat-po-dve-listi-news381324.html,ПП-ДБ залага на познати лица: Четирима от ПП водят по две листи,2026-03-17 17:46:57,,7,Две трети даже не съм ги чувал! Да не са джен-зи от протестите?,xa_poznai,17.03.2026 (вт) 20:16:40,2,7,2026-06-11 23:53:05
mediapool.bg,https://www.mediapool.bg/izbori-2026-cat130.html?page=10,https://www.mediapool.bg/pp-db-zalaga-na-poznati-litsa-chetirima-ot-pp-vodyat-po-dve-listi-news381324.html,ПП-ДБ залага на познати лица: Четирима от ПП водят по две листи,2026-03-17 17:46:57,,6,"25 депутати дали ще имат?! А се готвиха за 121! Кокорчу, де си , мамин пеньоар?",Sion,17.03.2026 (вт) 20:00:06,3,11,2026-06-11 23:53:05
mediapool.bg,https://www.mediapool.bg/izbori-2026-cat130.html?page=10,https://www.mediapool.bg/pp-db-zalaga-na-poznati-litsa-chetirima-ot-pp-vodyat-po-dve-listi-news381324.html,ПП-ДБ залага на познати лица: Четирима от ПП водят по две листи,2026-03-17 17:46:57,,5,Вечерната проверка на свинарника е започнала и всичкия боклук е налице.,Кая,17.03.2026 (вт) 19:47:30,13,5,2026-06-11 23:53:05
mediapool.bg,https://www.mediapool.bg/izbori-2026-cat130.html?page=10,https://www.mediapool.bg/pp-db-zalaga-na-poznati-litsa-chetirima-ot-pp-vodyat-po-dve-listi-news381324.html,ПП-ДБ залага на познати лица: Четирима от ПП водят по две листи,2026-03-17 17:46:57,,4,"Грандиозен е бил скандалът около Божанков, от 100 души НС на ПП 20 са били за него, но талибанът Кокорчо е ударил балтията и е заплашил, че няма да подпише листите, принуждавайки ДБ да му козируват, на няколко пъти преговорите са спирали, ДБ са заплашвали да напуснат коалицията, но сталинистът Кокорчо се е наложил, даже е разкарал Гнома и Божо, а падението на ДБ е огромно.10% ще е цяло чудо, ако вземат тия палячовци.А водачеството на Миро на Лена е черешката на тортата.",мунчо в затвора!,17.03.2026 (вт) 19:29:59,4,11,2026-06-11 23:53:05
mediapool.bg,https://www.mediapool.bg/izbori-2026-cat130.html?page=10,https://www.mediapool.bg/pp-db-zalaga-na-poznati-litsa-chetirima-ot-pp-vodyat-po-dve-listi-news381324.html,ПП-ДБ залага на познати лица: Четирима от ПП водят по две листи,2026-03-17 17:46:57,,3,ППедофилите залагат на добре познати компреметирани лица само.. :),ozzy70,17.03.2026 (вт) 19:27:59,3,17,2026-06-11 23:53:05
mediapool.bg,https://www.mediapool.bg/izbori-2026-cat130.html?page=10,https://www.mediapool.bg/pp-db-zalaga-na-poznati-litsa-chetirima-ot-pp-vodyat-po-dve-listi-news381324.html,ПП-ДБ залага на познати лица: Четирима от ПП водят по две листи,2026-03-17 17:46:57,,2,ПедофилскитеШарлатани дали ще влязат в парламента? ;),Мазен Кумунис,17.03.2026 (вт) 19:07:10,6,17,2026-06-11 23:53:05
mediapool.bg,https://www.mediapool.bg/izbori-2026-cat130.html?page=10,https://www.mediapool.bg/pp-db-zalaga-na-poznati-litsa-chetirima-ot-pp-vodyat-po-dve-listi-news381324.html,ПП-ДБ залага на познати лица: Четирима от ПП водят по две листи,2026-03-17 17:46:57,,1,"А нещо за Божанката и най-вече за Кюстендил нема ли ?! Асенчо ПП-ето смачка ДеБилите и подреди еднолично листите ! Безпрекословен лидер , от когото те се боят и не смеят да му мъцнат ...",ефрейтора,17.03.2026 (вт) 19:00:15,6,15,2026-06-11 23:53:05
mediapool.bg,https://www.mediapool.bg/izbori-2026-cat130.html?page=10,https://www.mediapool.bg/borisov-podava-raka-na-radev-ne-sme-v-politikata-da-se-mrazim-news381305.html,Борисов подава ръка на Радев: Не сме в политиката да се мразим,2026-03-17 14:42:17,,33,"И Радев, и Борисов, и Пеевски произлизат от вътрешните органи на държавата. Можем само да очкваме нови протести с шайка като тия тримата по Доньо Донев. Поръчките на социолозите за съжаление не включват хора като настоящия премиер... Една птичка пролет не прави!",Iliad,18.03.2026 (ср) 22:57:17,1,1,2026-06-11 23:53:17
mediapool.bg,https://www.mediapool.bg/izbori-2026-cat130.html?page=10,https://www.mediapool.bg/borisov-podava-raka-na-radev-ne-sme-v-politikata-da-se-mrazim-news381305.html,Борисов подава ръка на Радев: Не сме в политиката да се мразим,2026-03-17 14:42:17,,32,"Явно Боце си е купил съвсем нови наколенки,или някой му ги е подарил...",марко василев,18.03.2026 (ср) 15:54:18,2,1,2026-06-11 23:53:17
mediapool.bg,https://www.mediapool.bg/izbori-2026-cat130.html?page=10,https://www.mediapool.bg/borisov-podava-raka-na-radev-ne-sme-v-politikata-da-se-mrazim-news381305.html,Борисов подава ръка на Радев: Не сме в политиката да се мразим,2026-03-17 14:42:17,,31,"Да не забравим тържественото откриване на СОК ""Камчия"" , Росенец и ""Лукойл"", който работи все на загуба и затова не плаща данъци, тенекиените кожуси за милиард и 200 х., които ръждясват в Белене, заради арбитража, който умишлено загубихме, ПАВЕЦ Чаира и т.н.",РК,17.03.2026 (вт) 21:35:26,17,1,2026-06-11 23:53:17
mediapool.bg,https://www.mediapool.bg/izbori-2026-cat130.html?page=10,https://www.mediapool.bg/borisov-podava-raka-na-radev-ne-sme-v-politikata-da-se-mrazim-news381305.html,Борисов подава ръка на Радев: Не сме в политиката да се мразим,2026-03-17 14:42:17,,30,"Поредните ""лодки, платноходки и шезлонги"" на Борисов. Очакаше се това поредно предателство на българския интерес от страна на страхливия гол охлюв - нагаждач. Пълзи в краката на Путин, оставя след себе си воняща лига само и само да остане на власт... Какво унижение за България и българите пред света! Кой гласува за тези нищожества ?",РК,17.03.2026 (вт) 20:51:11,16,1,2026-06-11 23:53:17
mediapool.bg,https://www.mediapool.bg/izbori-2026-cat130.html?page=10,https://www.mediapool.bg/borisov-podava-raka-na-radev-ne-sme-v-politikata-da-se-mrazim-news381305.html,Борисов подава ръка на Радев: Не сме в политиката да се мразим,2026-03-17 14:42:17,,29,"И аз мисля, че Радев ще бори мутрите в коалиция с Борисов! А олигархията ще я бори заедно с Пеевски!",VassilUN,17.03.2026 (вт) 20:12:27,8,0,2026-06-11 23:53:17
mediapool.bg,https://www.mediapool.bg/izbori-2026-cat130.html?page=10,https://www.mediapool.bg/borisov-podava-raka-na-radev-ne-sme-v-politikata-da-se-mrazim-news381305.html,Борисов подава ръка на Радев: Не сме в политиката да се мразим,2026-03-17 14:42:17,,28,"Не може да бъде! Жива да не бях! Отбор ""Ябълка"" и отбoр ""Черешка"" на ДС се готвят да се съешат в интерес на българската пост-комунистическа олигархия? Кой би предположил! Тато е жив и пymкuн у' акбар!",стефчо,17.03.2026 (вт) 19:51:17,13,1,2026-06-11 23:53:17
mediapool.bg,https://www.mediapool.bg/izbori-2026-cat130.html?page=10,https://www.mediapool.bg/borisov-podava-raka-na-radev-ne-sme-v-politikata-da-se-mrazim-news381305.html,Борисов подава ръка на Радев: Не сме в политиката да се мразим,2026-03-17 14:42:17,,27,"Бойко ще го призня, ако вкара в политическата клопка русофилистика. Въпросът е педофилскитеШарлатани да не са във властта. ;)",Мазен Кумунис,17.03.2026 (вт) 19:37:20,1,18,2026-06-11 23:53:17
mediapool.bg,https://www.mediapool.bg/izbori-2026-cat130.html?page=10,https://www.mediapool.bg/borisov-podava-raka-na-radev-ne-sme-v-politikata-da-se-mrazim-news381305.html,Борисов подава ръка на Радев: Не сме в политиката да се мразим,2026-03-17 14:42:17,,26,"Борисов продаде всички, които го купиха.",Един препатил,17.03.2026 (вт) 19:32:22,13,1,2026-06-11 23:53:17
mediapool.bg,https://www.mediapool.bg/izbori-2026-cat130.html?page=10,https://www.mediapool.bg/borisov-podava-raka-na-radev-ne-sme-v-politikata-da-se-mrazim-news381305.html,Борисов подава ръка на Радев: Не сме в политиката да се мразим,2026-03-17 14:42:17,,25,Целувката на Юда.,Един препатил,17.03.2026 (вт) 19:29:32,11,1,2026-06-11 23:53:17
mediapool.bg,https://www.mediapool.bg/izbori-2026-cat130.html?page=10,https://www.mediapool.bg/borisov-podava-raka-na-radev-ne-sme-v-politikata-da-se-mrazim-news381305.html,Борисов подава ръка на Радев: Не сме в политиката да се мразим,2026-03-17 14:42:17,,24,Айде. Отиде пепейския кон в реката. Ушанки за всички от сърце! :),Megadonkey,17.03.2026 (вт) 19:16:03,2,16,2026-06-11 23:53:17
mediapool.bg,https://www.mediapool.bg/izbori-2026-cat130.html?page=10,https://www.mediapool.bg/borisov-radev-i-rashkov-se-izpravyat-edin-sreshtu-drug-v-25-mir-sofiya-news381258.html,"Борисов, Радев и Рашков се изправят един срещу друг в 25 МИР София",2026-03-16 15:47:38,,6,слави изр$ода и той се изтупосал. Господ да го убие дано!,ozzy70,16.03.2026 (пн) 19:42:05,14,1,2026-06-11 23:53:18
mediapool.bg,https://www.mediapool.bg/izbori-2026-cat130.html?page=10,https://www.mediapool.bg/borisov-radev-i-rashkov-se-izpravyat-edin-sreshtu-drug-v-25-mir-sofiya-news381258.html,"Борисов, Радев и Рашков се изправят един срещу друг в 25 МИР София",2026-03-16 15:47:38,,5,Тия три прасета от снимките са братята на Шиши.,мунчо в затвора!,16.03.2026 (пн) 17:00:41,1,20,2026-06-11 23:53:18
mediapool.bg,https://www.mediapool.bg/izbori-2026-cat130.html?page=10,https://www.mediapool.bg/borisov-radev-i-rashkov-se-izpravyat-edin-sreshtu-drug-v-25-mir-sofiya-news381258.html,"Борисов, Радев и Рашков се изправят един срещу друг в 25 МИР София",2026-03-16 15:47:38,,4,"А де, 25 год. чакам Буци ""да се изправи срещу друг""... Кметската му ""кампания"" я изнесе Цветелина Бориславова... Голяма кандърма, голямо нещо - тя с микрофон по читалища, а той мълчи като пукал с вперен в бъдещето поглед.... Ще бъде събитието на века, ако най-можещият, най-биещият на избори от 20 год., излезе на публичен дебат... Ама без Севда!...",Антон,16.03.2026 (пн) 16:42:10,23,1,2026-06-11 23:53:18
mediapool.bg,https://www.mediapool.bg/izbori-2026-cat130.html?page=10,https://www.mediapool.bg/borisov-radev-i-rashkov-se-izpravyat-edin-sreshtu-drug-v-25-mir-sofiya-news381258.html,"Борисов, Радев и Рашков се изправят един срещу друг в 25 МИР София",2026-03-16 15:47:38,,3,Наздраве на Рашко Дамаджаната! ;),Мазен Кумунис,16.03.2026 (пн) 16:24:58,4,22,2026-06-11 23:53:18
mediapool.bg,https://www.mediapool.bg/izbori-2026-cat130.html?page=10,https://www.mediapool.bg/borisov-radev-i-rashkov-se-izpravyat-edin-sreshtu-drug-v-25-mir-sofiya-news381258.html,"Борисов, Радев и Рашков се изправят един срещу друг в 25 МИР София",2026-03-16 15:47:38,,2,Чорапът ще ги изсипе в столичните топ квартали.,Vasil24,16.03.2026 (пн) 16:22:59,1,2,2026-06-11 23:53:18
mediapool.bg,https://www.mediapool.bg/izbori-2026-cat130.html?page=10,https://www.mediapool.bg/borisov-radev-i-rashkov-se-izpravyat-edin-sreshtu-drug-v-25-mir-sofiya-news381258.html,"Борисов, Радев и Рашков се изправят един срещу друг в 25 МИР София",2026-03-16 15:47:38,,1,Охо и Рашко Дамаджаната. ;),Мазен Кумунис,16.03.2026 (пн) 16:20:20,4,20,2026-06-11 23:53:18
mediapool.bg,https://www.mediapool.bg/izbori-2026-cat130.html?page=10,https://www.mediapool.bg/listite-na-progresivna-bulgaria-radev-sportisti-i-bivshi-sluzhebni-ministri-news381256.html,"Листите на ""Прогресивна България"": Радев, спортисти и бивши служебни министри",2026-03-16 12:37:38,,97,"само от обявяването на горния списък (преброяване на дивите зайци) партията на льотчика (в поредната прогноза) се срина с една трета . . . Ако некой сега си направи труда да пусне списък със . . . имената на вторите и третите в тия листи . . . - нищо нема да остане от . . . авансовата ""всенародна лИбоФ и пУТкрепа"" за . . . вече парясания льотчик.",Bлaдo,18.03.2026 (ср) 11:03:41,3,1,2026-06-11 23:53:28
mediapool.bg,https://www.mediapool.bg/izbori-2026-cat130.html?page=10,https://www.mediapool.bg/listite-na-progresivna-bulgaria-radev-sportisti-i-bivshi-sluzhebni-ministri-news381256.html,"Листите на ""Прогресивна България"": Радев, спортисти и бивши служебни министри",2026-03-16 12:37:38,,96,"ако беше футболен отбор, партията на льотчика щеше да се казва ""Грийн Сокс"" ;-)",Bлaдo,18.03.2026 (ср) 10:34:28,3,1,2026-06-11 23:53:28
mediapool.bg,https://www.mediapool.bg/izbori-2026-cat130.html?page=10,https://www.mediapool.bg/listite-na-progresivna-bulgaria-radev-sportisti-i-bivshi-sluzhebni-ministri-news381256.html,"Листите на ""Прогресивна България"": Радев, спортисти и бивши служебни министри",2026-03-16 12:37:38,,95,Пагон до пагон на съветски мумии и на техни постсъветски отрочета ! Биг да пази България !,Обектив,17.03.2026 (вт) 12:44:23,5,1,2026-06-11 23:53:28
mediapool.bg,https://www.mediapool.bg/izbori-2026-cat130.html?page=10,https://www.mediapool.bg/listite-na-progresivna-bulgaria-radev-sportisti-i-bivshi-sluzhebni-ministri-news381256.html,"Листите на ""Прогресивна България"": Радев, спортисти и бивши служебни министри",2026-03-16 12:37:38,,94,"Като гледам само спортисти. Слаба листа. Не искам да обиждам никой, но не виждам специалисти в определени направления. Може би това ще бъдат депутати, а министрите ще са други, но да видим. Гласът ми за Радев започва да избледнява все повече.",brambar,17.03.2026 (вт) 7:48:23,7,1,2026-06-11 23:53:28
mediapool.bg,https://www.mediapool.bg/izbori-2026-cat130.html?page=10,https://www.mediapool.bg/listite-na-progresivna-bulgaria-radev-sportisti-i-bivshi-sluzhebni-ministri-news381256.html,"Листите на ""Прогресивна България"": Радев, спортисти и бивши служебни министри",2026-03-16 12:37:38,,93,Шарлатаните се готвят да се прегърнат с баща си Радев! Честито! Радост за Путин,полк. Дрангов,17.03.2026 (вт) 4:43:51,3,11,2026-06-11 23:53:28
mediapool.bg,https://www.mediapool.bg/izbori-2026-cat130.html?page=10,https://www.mediapool.bg/listite-na-progresivna-bulgaria-radev-sportisti-i-bivshi-sluzhebni-ministri-news381256.html,"Листите на ""Прогресивна България"": Радев, спортисти и бивши служебни министри",2026-03-16 12:37:38,,89,"И, с червеното знаме, напред ! Набутал маса спортисти за пълнеж ! По-сполучлив състав, да посрещне с пита и сол мечтаните от него ""тройни освободители"", здраве му кажи! А, само като чуя името Слави Василев, посягам към кобура на пистолета ми...",Александър Борисов,17.03.2026 (вт) 3:13:16,11,1,2026-06-11 23:53:28
mediapool.bg,https://www.mediapool.bg/izbori-2026-cat130.html?page=10,https://www.mediapool.bg/listite-na-progresivna-bulgaria-radev-sportisti-i-bivshi-sluzhebni-ministri-news381256.html,"Листите на ""Прогресивна България"": Радев, спортисти и бивши служебни министри",2026-03-16 12:37:38,,88,Щом Бойко Рашков ще участва в 25 МИР там резултатът ще бъде като в Пазарджик - ГЕРБ на шесто място.,Един препатил,16.03.2026 (пн) 23:20:39,10,5,2026-06-11 23:53:28
mediapool.bg,https://www.mediapool.bg/izbori-2026-cat130.html?page=10,https://www.mediapool.bg/stefka-kostadinova-skochi-v-listite-na-peevski-obnovena-news381254.html,Стефка Костадинова скочи в листите на Пеевски (обновена),2026-03-16 12:28:24,,51,Друго си е да си гламав т рол.,nsnikolov77,17.03.2026 (вт) 9:53:44,3,0,2026-06-11 23:53:39
mediapool.bg,https://www.mediapool.bg/izbori-2026-cat130.html?page=10,https://www.mediapool.bg/stefka-kostadinova-skochi-v-listite-na-peevski-obnovena-news381254.html,Стефка Костадинова скочи в листите на Пеевски (обновена),2026-03-16 12:28:24,,50,"Друго си е да скочиш в обятията на ПетроханскитеПедофили или да ходиш да риташ топка в кабинета на ""Умник Гюро"".",Мунчо Велики,17.03.2026 (вт) 8:45:55,0,5,2026-06-11 23:53:39
mediapool.bg,https://www.mediapool.bg/izbori-2026-cat130.html?page=10,https://www.mediapool.bg/stefka-kostadinova-skochi-v-listite-na-peevski-obnovena-news381254.html,Стефка Костадинова скочи в листите на Пеевски (обновена),2026-03-16 12:28:24,,49,"спортистите в пээфските листи влизат там през . . . тотото ;-) , а при радЭф са си директно по съветско-руска линия ;-)",Bлaдo,17.03.2026 (вт) 8:24:01,5,0,2026-06-11 23:53:39
mediapool.bg,https://www.mediapool.bg/izbori-2026-cat130.html?page=10,https://www.mediapool.bg/stefka-kostadinova-skochi-v-listite-na-peevski-obnovena-news381254.html,Стефка Костадинова скочи в листите на Пеевски (обновена),2026-03-16 12:28:24,,48,"Няма сила, която да попречи на човек да стане за резил - Стефка Костадинова покорява ново дъно :)",keen,17.03.2026 (вт) 8:23:17,4,0,2026-06-11 23:53:39
mediapool.bg,https://www.mediapool.bg/izbori-2026-cat130.html?page=10,https://www.mediapool.bg/stefka-kostadinova-skochi-v-listite-na-peevski-obnovena-news381254.html,Стефка Костадинова скочи в листите на Пеевски (обновена),2026-03-16 12:28:24,,47,Пеевски беше за хората и на изборите хората ще бъдат за Пеевски! Шарлатаните се готвят да се прегърнат с баща си Радев!,полк. Дрангов,17.03.2026 (вт) 4:48:33,0,11,2026-06-11 23:53:39
mediapool.bg,https://www.mediapool.bg/izbori-2026-cat130.html?page=10,https://www.mediapool.bg/stefka-kostadinova-skochi-v-listite-na-peevski-obnovena-news381254.html,Стефка Костадинова скочи в листите на Пеевски (обновена),2026-03-16 12:28:24,,46,"На фона на всички безобразия, тези разпри около БОК, правят кочината да изглежда още по-зловеща. За съжаление тези хора, не могат да се видят отстрани. Защото ако можеха, вероятно щяха да се занимават с нещо друго.",Rolo Tomassi,17.03.2026 (вт) 3:06:29,7,0,2026-06-11 23:53:39
mediapool.bg,https://www.mediapool.bg/izbori-2026-cat130.html?page=10,https://www.mediapool.bg/stefka-kostadinova-skochi-v-listite-na-peevski-obnovena-news381254.html,Стефка Костадинова скочи в листите на Пеевски (обновена),2026-03-16 12:28:24,,45,"Нали сега е модерно да се скача, бе. А тя ги разбира такива работи. Грух я е цанил да го учи да скача :-)",Megadonkey,16.03.2026 (пн) 23:57:44,3,1,2026-06-11 23:53:39
mediapool.bg,https://www.mediapool.bg/izbori-2026-cat130.html?page=10,https://www.mediapool.bg/stefka-kostadinova-skochi-v-listite-na-peevski-obnovena-news381254.html,Стефка Костадинова скочи в листите на Пеевски (обновена),2026-03-16 12:28:24,,44,"Господ здраве да му дава на Прасчо Магнитски! Да навре простите и грозни ПедофилскиШарлатани в миша дупка! ,)",Мазен Кумунис,16.03.2026 (пн) 21:07:59,1,14,2026-06-11 23:53:39
mediapool.bg,https://www.mediapool.bg/izbori-2026-cat130.html?page=10,https://www.mediapool.bg/stefka-kostadinova-skochi-v-listite-na-peevski-obnovena-news381254.html,Стефка Костадинова скочи в листите на Пеевски (обновена),2026-03-16 12:28:24,,43,С пълната подкрепа от ВИНПРОМ !,Тихомир Томов,16.03.2026 (пн) 20:42:11,0,4,2026-06-11 23:53:39
mediapool.bg,https://www.mediapool.bg/izbori-2026-cat130.html?page=10,https://www.mediapool.bg/stefka-kostadinova-skochi-v-listite-na-peevski-obnovena-news381254.html,Стефка Костадинова скочи в листите на Пеевски (обновена),2026-03-16 12:28:24,,42,"Как един известен спортист, може за кратко време да се превърне в едно противно нищожество!",Рим,16.03.2026 (пн) 19:42:06,17,1,2026-06-11 23:53:39
mediapool.bg,https://www.mediapool.bg/izbori-2026-cat130.html?page=10,https://www.mediapool.bg/vladimir-nikolov-oglavyava-lista-na-radev-v-plovdiv-news381233.html,Владимир Николов оглавява листа на Радев в Пловдив,2026-03-15 15:31:37,,50,"Загниващият болшевишки труп се готви да изтрови много народ, докато се изпари напълно. Да проявим твърдост и солидарност в предстоящите избори !",Александър Борисов,20.03.2026 (пт) 2:25:10,0,0,2026-06-11 23:53:50
mediapool.bg,https://www.mediapool.bg/izbori-2026-cat130.html?page=10,https://www.mediapool.bg/vladimir-nikolov-oglavyava-lista-na-radev-v-plovdiv-news381233.html,Владимир Николов оглавява листа на Радев в Пловдив,2026-03-15 15:31:37,,49,"Загниващият болшевишки труп се готви да изтрови много народ, докато се изпари напълно. Да проявим твърдост и солидарност в предстоящите избори !",Александър Борисов,20.03.2026 (пт) 2:25:09,0,0,2026-06-11 23:53:50
mediapool.bg,https://www.mediapool.bg/izbori-2026-cat130.html?page=10,https://www.mediapool.bg/vladimir-nikolov-oglavyava-lista-na-radev-v-plovdiv-news381233.html,Владимир Николов оглавява листа на Радев в Пловдив,2026-03-15 15:31:37,,48,Отдавна не съм се смял толкова на изригванията на F16 !,Александър Борисов,20.03.2026 (пт) 2:13:18,0,0,2026-06-11 23:53:50
mediapool.bg,https://www.mediapool.bg/izbori-2026-cat130.html?page=10,https://www.mediapool.bg/vladimir-nikolov-oglavyava-lista-na-radev-v-plovdiv-news381233.html,Владимир Николов оглавява листа на Радев в Пловдив,2026-03-15 15:31:37,,47,"Меркел или Фон дер Лайен, абе, карай, все един дол дренки.....Все едно, чета Алеко Константинов!",Александър Борисов,20.03.2026 (пт) 2:07:49,0,0,2026-06-11 23:53:50
mediapool.bg,https://www.mediapool.bg/izbori-2026-cat130.html?page=10,https://www.mediapool.bg/vladimir-nikolov-oglavyava-lista-na-radev-v-plovdiv-news381233.html,Владимир Николов оглавява листа на Радев в Пловдив,2026-03-15 15:31:37,,46,"Поредното руско мекере при Рундю, а провдивчанката - кукуто Стефка при Шишо. Срамота за Пловдив!",Кочо,16.03.2026 (пн) 20:42:13,3,1,2026-06-11 23:53:50
mediapool.bg,https://www.mediapool.bg/izbori-2026-cat130.html?page=10,https://www.mediapool.bg/vladimir-nikolov-oglavyava-lista-na-radev-v-plovdiv-news381233.html,Владимир Николов оглавява листа на Радев в Пловдив,2026-03-15 15:31:37,,45,"Това,което прави впечатление от листите на Най Прогресивния е като по времето на Тодор Живков - знатни труженици в разни области и шпалир за да блесне Вожда...",марко василев,16.03.2026 (пн) 19:44:43,4,2,2026-06-11 23:53:50
mediapool.bg,https://www.mediapool.bg/izbori-2026-cat130.html?page=10,https://www.mediapool.bg/vladimir-nikolov-oglavyava-lista-na-radev-v-plovdiv-news381233.html,Владимир Николов оглавява листа на Радев в Пловдив,2026-03-15 15:31:37,,44,"Аз бях един от феновете на Владо Николов, но той сам омаскарява името си. Язък! Как тъй пък избра да се нареди до национален предател, майцепродавец и родоотстъпник??? Жалко! Много жалко!",Съвестин,16.03.2026 (пн) 19:33:23,7,1,2026-06-11 23:53:50
mediapool.bg,https://www.mediapool.bg/izbori-2026-cat130.html?page=10,https://www.mediapool.bg/vladimir-nikolov-oglavyava-lista-na-radev-v-plovdiv-news381233.html,Владимир Николов оглавява листа на Радев в Пловдив,2026-03-15 15:31:37,,43,"Синът му, огромен талант, като разбрах че го пратили в Русия да играе ми стана лошо. Трябваше в С. КОрея - там първенството им е още по-добро ...:):):)",ivofixzone,16.03.2026 (пн) 19:30:03,5,1,2026-06-11 23:53:50
mediapool.bg,https://www.mediapool.bg/izbori-2026-cat130.html?page=10,https://www.mediapool.bg/vladimir-nikolov-oglavyava-lista-na-radev-v-plovdiv-news381233.html,Владимир Николов оглавява листа на Радев в Пловдив,2026-03-15 15:31:37,,42,"Ами като му гледам торбите на снимката, май ще бъде министър на спирта:)",ultra,16.03.2026 (пн) 17:09:09,6,0,2026-06-11 23:53:50
mediapool.bg,https://www.mediapool.bg/izbori-2026-cat130.html?page=10,https://www.mediapool.bg/vladimir-nikolov-oglavyava-lista-na-radev-v-plovdiv-news381233.html,Владимир Николов оглавява листа на Радев в Пловдив,2026-03-15 15:31:37,,41,"Първо, само едното му дете е там, второ - там е заради треньора си, трето - преди това беше в САЩ, четвърто - догодина ще е в Италия при брат си. И понеже освен Владо Николов, много други уважавани спортисти, военни и публични фигури се включват в партията на Радев (за когото няма да гласувам и не подкрепям) - ще има три изхода : или ще го напуснат ако не могат да наложат обща визия, или ще се изложат и ще се окаже, че и той е пионка на двете прасета, или ще постигнат нещо в борбата срещу завладяват …Прочети целия коментар държава. ППДБ са единствените дефинирани от коя страна на барикадата са, но кажете ми, коя от другите партии са от тяхната страна? ГЕРБ ли са евроатлантици или НН или ИТН, или МЕЧ? Как ще се изтласкат Боко и Пеевски от властта, като на ППДБ им пада електората (от които съм и аз) ако не с коалиция? И с коя друга формация? Не ме разбирайте погрешно, желая им 121 депутата, но това са розови сънища на този етап. А охулването на успели Българи като Владо Николов е народна традиция - първо ги бесим, после кръщаваме улици на тях....",Още един,16.03.2026 (пн) 15:18:17,6,5,2026-06-11 23:53:50
mediapool.bg,https://www.mediapool.bg/izbori-2026-cat130.html?page=10,https://www.mediapool.bg/peevski-i-chakarov---parvi-i-vtori-v-listata-na-dps-za-blagoevgrad-news381232.html,Пеевски и Чакъров - първи и втори в листата на ДПС за Благоевград,2026-03-15 15:03:17,,10,. . . а за дАнчо мЭнтата помислено ли е? - на него със сигурност ще му е нужен имунитет (((-:,Bлaдo,16.03.2026 (пн) 12:42:17,2,0,2026-06-11 23:53:50
mediapool.bg,https://www.mediapool.bg/izbori-2026-cat130.html?page=10,https://www.mediapool.bg/peevski-i-chakarov---parvi-i-vtori-v-listata-na-dps-za-blagoevgrad-news381232.html,Пеевски и Чакъров - първи и втори в листата на ДПС за Благоевград,2026-03-15 15:03:17,,9,"По-скоро подгони сина на Чакъров с подопечната му прокуратура. Като Чакъров се огъна, разследването спря. Само Благо във Варна му се опря и затова лежа месеци в ареста. Със Свинята шега не бива!",Калико Джо,16.03.2026 (пн) 0:01:09,6,0,2026-06-11 23:53:50
mediapool.bg,https://www.mediapool.bg/izbori-2026-cat130.html?page=10,https://www.mediapool.bg/peevski-i-chakarov---parvi-i-vtori-v-listata-na-dps-za-blagoevgrad-news381232.html,Пеевски и Чакъров - първи и втори в листата на ДПС за Благоевград,2026-03-15 15:03:17,,8,В момента на заплахата към бизнеса на Чакърчето и той се отказа от Доган !,Тихомир Томов,15.03.2026 (нд) 18:59:20,9,3,2026-06-11 23:53:50
mediapool.bg,https://www.mediapool.bg/izbori-2026-cat130.html?page=10,https://www.mediapool.bg/peevski-i-chakarov---parvi-i-vtori-v-listata-na-dps-za-blagoevgrad-news381232.html,Пеевски и Чакъров - първи и втори в листата на ДПС за Благоевград,2026-03-15 15:03:17,,7,Ще се инвестира в този район явно. Да не се отрази на инфлацията.,луд,15.03.2026 (нд) 18:51:37,4,1,2026-06-11 23:53:50
mediapool.bg,https://www.mediapool.bg/izbori-2026-cat130.html?page=10,https://www.mediapool.bg/peevski-i-chakarov---parvi-i-vtori-v-listata-na-dps-za-blagoevgrad-news381232.html,Пеевски и Чакъров - първи и втори в листата на ДПС за Благоевград,2026-03-15 15:03:17,,6,Мутренска радост..,ozzy70,15.03.2026 (нд) 17:29:53,19,3,2026-06-11 23:53:50
mediapool.bg,https://www.mediapool.bg/izbori-2026-cat130.html?page=10,https://www.mediapool.bg/peevski-i-chakarov---parvi-i-vtori-v-listata-na-dps-za-blagoevgrad-news381232.html,Пеевски и Чакъров - първи и втори в листата на ДПС за Благоевград,2026-03-15 15:03:17,,5,"всички, санкционирани по Магнитски, оглавиха листи в гЭрб и в дЭпЭсЭ . . . (((((-: - все по-невъзпитана е българската едра престъпност . . .",Bлaдo,15.03.2026 (нд) 17:09:34,24,2,2026-06-11 23:53:50
mediapool.bg,https://www.mediapool.bg/izbori-2026-cat130.html?page=10,https://www.mediapool.bg/peevski-i-chakarov---parvi-i-vtori-v-listata-na-dps-za-blagoevgrad-news381232.html,Пеевски и Чакъров - първи и втори в листата на ДПС за Благоевград,2026-03-15 15:03:17,,4,"Законно, но порочно и неморално е да се кандидатства едновременно в два избирателни района. В случая с Пеевски става дума за Благоевград и Кърджали, но горното важи за всички политически сили, а не само за ДПС-НН. Кандидатства се за ""народен представител"" - да представлява избирателите в съответния избирателен район. Като влезе и от двете места, избира едното (и изборът е продиктуван от тяснопартиен интерес), а какво става с излъганите избиратели от другото? Защо законът поне не предвижда при едновременно …Прочети целия коментар кандидатстване на две места да е посочена фиксирана последователност, примерно, в случая: (1) Благоевград, (2) Кърджали - и ако го изберат от двете места, да бъде длъжен да ""влезе"" от първото?",Wiseman,15.03.2026 (нд) 16:59:36,19,1,2026-06-11 23:53:50
mediapool.bg,https://www.mediapool.bg/izbori-2026-cat130.html?page=10,https://www.mediapool.bg/peevski-i-chakarov---parvi-i-vtori-v-listata-na-dps-za-blagoevgrad-news381232.html,Пеевски и Чакъров - първи и втори в листата на ДПС за Благоевград,2026-03-15 15:03:17,,3,"хм, мина... А са тва: кво се случва с третата душица по санкциите, некъв ватен субект беше? В кой отбор ще го намърдат, за да подсили атаката? Мисля си за итн, ама и при копейкин има нужда от ентелект",dedomir,15.03.2026 (нд) 16:11:41,21,0,2026-06-11 23:53:50
mediapool.bg,https://www.mediapool.bg/izbori-2026-cat130.html?page=10,https://www.mediapool.bg/peevski-i-chakarov---parvi-i-vtori-v-listata-na-dps-za-blagoevgrad-news381232.html,Пеевски и Чакъров - първи и втори в листата на ДПС за Благоевград,2026-03-15 15:03:17,,2,"аре бе ИТ модератор:D грухчо е фигурант по санкциите Магнитски, значи кастинга е магнетичен. Трий сега:D Ей, направете си настройки като хората",dedomir,15.03.2026 (нд) 16:09:20,21,0,2026-06-11 23:53:50
mediapool.bg,https://www.mediapool.bg/izbori-2026-cat130.html?page=10,https://www.mediapool.bg/veche-ima-7-dosadebni-proizvodstva-za-narushenie-na-izborniya-kodeks-news381231.html,Вече има 7 досъдебни производства за нарушение на Изборния кодекс,2026-03-15 13:01:18,,1,"А машините как гласуват? Гаранция за ""честни машини"" е голяма награда за хакери, която да не бъде взета. Записите на Радостин Василев ги чу цяла България. В тях Кирил Петков се хвали, че ""президента през И.О. ще направи ала-бала с машините"". Всичко го чуха, освен ""компетентните"" органи. Които са държава в държавата и от 36 години го раздават слепи, глухи, неразбрали. В Испания следенето е поверено на китайската компания Hulvey. Щом хората са негодни, машини да съдят хората за очевадни нарушения и престъпления.",т€еритория на Мики Маус,15.03.2026 (нд) 14:16:24,1,14,2026-06-11 23:53:51
mediapool.bg,https://www.mediapool.bg/izbori-2026-cat130.html?page=10,https://www.mediapool.bg/vladislav-goranov-v-listite-na-gerb-za-izborite-delyan-dobrev-shte-vodi-v-haskovo-krasimir-valchev-v-razgrad-news381224.html,"Владислав Горанов в листите на ГЕРБ за изборите. Делян Добрев ще води в Хасково, Красимир Вълчев в Разград",2026-03-15 09:51:02,,49,"В държава, където моралът е на висота, много малко хора биха гласували за партия, която не се срамува от такива като Горанов.",Джелсомино,16.03.2026 (пн) 11:02:41,5,0,2026-06-11 23:54:02
mediapool.bg,https://www.mediapool.bg/izbori-2026-cat130.html?page=10,https://www.mediapool.bg/vladislav-goranov-v-listite-na-gerb-za-izborite-delyan-dobrev-shte-vodi-v-haskovo-krasimir-valchev-v-razgrad-news381224.html,"Владислав Горанов в листите на ГЕРБ за изборите. Делян Добрев ще води в Хасково, Красимир Вълчев в Разград",2026-03-15 09:51:02,,48,"Докога ще ги търпим тези двама бандити - уродът Пеевски и съдружникът му - сикаджийската мутра Борисов (Буда), както и престъпните им структури?! Докога ще я търпим тази престъпна сган?! ДОКОГА?!",сол,16.03.2026 (пн) 9:48:51,4,0,2026-06-11 23:54:02
mediapool.bg,https://www.mediapool.bg/izbori-2026-cat130.html?page=10,https://www.mediapool.bg/vladislav-goranov-v-listite-na-gerb-za-izborite-delyan-dobrev-shte-vodi-v-haskovo-krasimir-valchev-v-razgrad-news381224.html,"Владислав Горанов в листите на ГЕРБ за изборите. Делян Добрев ще води в Хасково, Красимир Вълчев в Разград",2026-03-15 09:51:02,,47,борисов е екретарката на свинята пеефска,Javor,15.03.2026 (нд) 23:01:19,10,1,2026-06-11 23:54:02
mediapool.bg,https://www.mediapool.bg/izbori-2026-cat130.html?page=10,https://www.mediapool.bg/vladislav-goranov-v-listite-na-gerb-za-izborite-delyan-dobrev-shte-vodi-v-haskovo-krasimir-valchev-v-razgrad-news381224.html,"Владислав Горанов в листите на ГЕРБ за изборите. Делян Добрев ще води в Хасково, Красимир Вълчев в Разград",2026-03-15 09:51:02,,46,"Дори се чудя, как това не би могло да бъде проблем, за избирателите на ГЕРБ или ДПС-Ново начало. За мен, това е сериозен проблем с интегритета на хората, които ни представляват на национяално ниво.",Rolo Tomassi,15.03.2026 (нд) 22:23:22,14,0,2026-06-11 23:54:02
mediapool.bg,https://www.mediapool.bg/izbori-2026-cat130.html?page=10,https://www.mediapool.bg/vladislav-goranov-v-listite-na-gerb-za-izborite-delyan-dobrev-shte-vodi-v-haskovo-krasimir-valchev-v-razgrad-news381224.html,"Владислав Горанов в листите на ГЕРБ за изборите. Делян Добрев ще води в Хасково, Красимир Вълчев в Разград",2026-03-15 09:51:02,,45,"Не мисля, че е редно санкациите по ""Магнитски"" да се овързват с конкретен американски президент. Те се налагат от OFAC. Освен това подобни санкции, на същите лица, са наложени и от Велокобритания. Това, което исках да напиша, е че не бих желал да бъда представляван в парламента ни от лица, санкционирани в международен план, за корупция в особено големи размери.",Rolo Tomassi,15.03.2026 (нд) 21:44:36,18,0,2026-06-11 23:54:02
mediapool.bg,https://www.mediapool.bg/izbori-2026-cat130.html?page=10,https://www.mediapool.bg/vladislav-goranov-v-listite-na-gerb-za-izborite-delyan-dobrev-shte-vodi-v-haskovo-krasimir-valchev-v-razgrad-news381224.html,"Владислав Горанов в листите на ГЕРБ за изборите. Делян Добрев ще води в Хасково, Красимир Вълчев в Разград",2026-03-15 09:51:02,,44,"Яко са я окъсали мафията ГЕРБ щом извадиха Владо Магнита на амбразурата. Некадурници, пълни некадърници, за нищо не ставате, Фържава щяха да правят.",кривак,15.03.2026 (нд) 21:39:42,19,0,2026-06-11 23:54:02
mediapool.bg,https://www.mediapool.bg/izbori-2026-cat130.html?page=10,https://www.mediapool.bg/vladislav-goranov-v-listite-na-gerb-za-izborite-delyan-dobrev-shte-vodi-v-haskovo-krasimir-valchev-v-razgrad-news381224.html,"Владислав Горанов в листите на ГЕРБ за изборите. Делян Добрев ще води в Хасково, Красимир Вълчев в Разград",2026-03-15 09:51:02,,43,"Ако всички правиха така както ти казваш, то САЩ ще управляват българския политически живот и ако сега само тихо козируват, то тогава щяха да го правят публично - ""да г-н Тръмп, благодаря г-н Тръмп""! И това едва ли би било много полезно за страната - леко приведен е едно, ама нацяло нагъзен е друго...",xa_poznai,15.03.2026 (нд) 21:19:34,1,18,2026-06-11 23:54:02
mediapool.bg,https://www.mediapool.bg/izbori-2026-cat130.html?page=10,https://www.mediapool.bg/vladislav-goranov-v-listite-na-gerb-za-izborite-delyan-dobrev-shte-vodi-v-haskovo-krasimir-valchev-v-razgrad-news381224.html,"Владислав Горанов в листите на ГЕРБ за изборите. Делян Добрев ще води в Хасково, Красимир Вълчев в Разград",2026-03-15 09:51:02,,42,"Ако бях лидер на политическа партия и трябваше ""да редя"" листи, не бих поставил в тях лице, което е санкционирано по закона ""Магнитски"". А ако самият аз бях санкциониран по този закон, щях да отстъпя лидеркста позиция, на някой друг и да се изключа от листите. Но това съм аз, за други не мога да гарантирам същото.",Rolo Tomassi,15.03.2026 (нд) 20:44:15,21,1,2026-06-11 23:54:02
mediapool.bg,https://www.mediapool.bg/izbori-2026-cat130.html?page=10,https://www.mediapool.bg/vladislav-goranov-v-listite-na-gerb-za-izborite-delyan-dobrev-shte-vodi-v-haskovo-krasimir-valchev-v-razgrad-news381224.html,"Владислав Горанов в листите на ГЕРБ за изборите. Делян Добрев ще води в Хасково, Красимир Вълчев в Разград",2026-03-15 09:51:02,,40,"Има приемливи лица в ГЕРБ, има неприемливи. ...... В ГЕРБ няма лица. Има само з*а-д*н-и*ц-и.",Един препатил,15.03.2026 (нд) 19:53:34,26,0,2026-06-11 23:54:02
mediapool.bg,https://www.mediapool.bg/izbori-2026-cat130.html?page=10,https://www.mediapool.bg/borisov-obleche-kozhenata-tuzhurka-i-obyasni-che-sarafov-nyama-da-bade-smenen-news381217.html,"Борисов облече кожената тужурка и обясни, че Сарафов няма да бъде сменен",2026-03-14 17:24:38,,58,"Боже, Боже, с коя ръка да се кръстя?",Нато Натов,16.03.2026 (пн) 2:01:03,0,1,2026-06-11 23:54:13
mediapool.bg,https://www.mediapool.bg/izbori-2026-cat130.html?page=10,https://www.mediapool.bg/borisov-obleche-kozhenata-tuzhurka-i-obyasni-che-sarafov-nyama-da-bade-smenen-news381217.html,"Борисов облече кожената тужурка и обясни, че Сарафов няма да бъде сменен",2026-03-14 17:24:38,,55,"С такива тожурки в Русия ходят мафиоте по традиция от времето след болшевишкия преврат. Борисов опъна чадър над Сарафов много отдавна. Изглежда, че главният прокурор на джуджетата има папки в касата си. И ако Сарафов бъде отстранен тези папки може да започнат да говярят.",PeterSRQ,15.03.2026 (нд) 13:10:07,7,1,2026-06-11 23:54:13
mediapool.bg,https://www.mediapool.bg/izbori-2026-cat130.html?page=10,https://www.mediapool.bg/borisov-obleche-kozhenata-tuzhurka-i-obyasni-che-sarafov-nyama-da-bade-smenen-news381217.html,"Борисов облече кожената тужурка и обясни, че Сарафов няма да бъде сменен",2026-03-14 17:24:38,,54,"Абсолютно! Само, че да се разбере дали е така трябват честни избори. Обаче на дуото ББ и ДП не ми им стиска да има такива.",Secretary Not Sure,15.03.2026 (нд) 8:23:04,8,1,2026-06-11 23:54:13
mediapool.bg,https://www.mediapool.bg/izbori-2026-cat130.html?page=10,https://www.mediapool.bg/borisov-obleche-kozhenata-tuzhurka-i-obyasni-che-sarafov-nyama-da-bade-smenen-news381217.html,"Борисов облече кожената тужурка и обясни, че Сарафов няма да бъде сменен",2026-03-14 17:24:38,,53,Дон Корлеоне ряпа да яде пред Боко с кожената тужурка.. :),ozzy70,15.03.2026 (нд) 8:20:14,8,2,2026-06-11 23:54:13
mediapool.bg,https://www.mediapool.bg/izbori-2026-cat130.html?page=10,https://www.mediapool.bg/borisov-obleche-kozhenata-tuzhurka-i-obyasni-che-sarafov-nyama-da-bade-smenen-news381217.html,"Борисов облече кожената тужурка и обясни, че Сарафов няма да бъде сменен",2026-03-14 17:24:38,,52,"Ето ти един лозунг"" Най-добрия комунист е мър.вия"". От малък ми пълнят главата с омраза към всичко Съветско. Затова видя ли такъв като теб не се колебая. Жълтопаветна ми трагедия.",Не знам кво да напиша,15.03.2026 (нд) 4:14:43,11,0,2026-06-11 23:54:13
mediapool.bg,https://www.mediapool.bg/izbori-2026-cat130.html?page=10,https://www.mediapool.bg/borisov-obleche-kozhenata-tuzhurka-i-obyasni-che-sarafov-nyama-da-bade-smenen-news381217.html,"Борисов облече кожената тужурка и обясни, че Сарафов няма да бъде сменен",2026-03-14 17:24:38,,51,Ало будистите! Без Буда като политическа ракета-носител сте нищо! Дори ако всички машини гласуват за вас! Да! Направиха! Не допуснаха договор с БОТАШ! При тях нямаше 40% ПП посредници за газа! Но всеки народ си заслужава шарлатаните!,т€еритория на Мики Маус,15.03.2026 (нд) 0:47:14,3,15,2026-06-11 23:54:13
mediapool.bg,https://www.mediapool.bg/izbori-2026-cat130.html?page=10,https://www.mediapool.bg/borisov-obleche-kozhenata-tuzhurka-i-obyasni-che-sarafov-nyama-da-bade-smenen-news381217.html,"Борисов облече кожената тужурка и обясни, че Сарафов няма да бъде сменен",2026-03-14 17:24:38,,49,"E, c Aтaнac Aтaнacoв ca нaбopи, въпpeки чe Aтaнac имa пo-дълъл пoлитичecки cтaж. Дocтa paбoти знaят, нo oщe имaт дa учaт. Пoлугpaмoтнитe лaпищopии oт жълтитe пaвeтa oбaчe ca пълнa тpaгeдия. Дeклaмиpaт лoзунги и гoвopят глупocти зa кeф нa миcиpкитe.",Филка Русофилка,14.03.2026 (сб) 21:33:45,3,22,2026-06-11 23:54:13
mediapool.bg,https://www.mediapool.bg/izbori-2026-cat130.html?page=10,https://www.mediapool.bg/borisov-pri-patrashkova-s-poslaniya-kam-gen-z-kani-se-da-stoi-dalgo-v-politikata-kato-putin-i-si-news381154.html,Борисов при Патрашкова с послания към Gen Z. Кани се да стои дълго в политиката като Путин и Си,2026-03-12 16:39:19,,18,"Паднало е генерално почистване, Бравос!",dabedabe,14.03.2026 (сб) 18:10:38,0,0,2026-06-11 23:54:24
mediapool.bg,https://www.mediapool.bg/izbori-2026-cat130.html?page=10,https://www.mediapool.bg/borisov-pri-patrashkova-s-poslaniya-kam-gen-z-kani-se-da-stoi-dalgo-v-politikata-kato-putin-i-si-news381154.html,Борисов при Патрашкова с послания към Gen Z. Кани се да стои дълго в политиката като Путин и Си,2026-03-12 16:39:19,,17,"Gen Z казаха на Боко на езика който той най-добре разбира ""Иди на х.й""",Jack Daniels,12.03.2026 (чт) 23:28:57,11,1,2026-06-11 23:54:24
mediapool.bg,https://www.mediapool.bg/izbori-2026-cat130.html?page=10,https://www.mediapool.bg/borisov-pri-patrashkova-s-poslaniya-kam-gen-z-kani-se-da-stoi-dalgo-v-politikata-kato-putin-i-si-news381154.html,Борисов при Патрашкова с послания към Gen Z. Кани се да стои дълго в политиката като Путин и Си,2026-03-12 16:39:19,,16,Много рашист радевист камсамолец тука бе. Хехехе!,Megadonkey,12.03.2026 (чт) 22:34:37,2,7,2026-06-11 23:54:24
mediapool.bg,https://www.mediapool.bg/izbori-2026-cat130.html?page=10,https://www.mediapool.bg/borisov-pri-patrashkova-s-poslaniya-kam-gen-z-kani-se-da-stoi-dalgo-v-politikata-kato-putin-i-si-news381154.html,Борисов при Патрашкова с послания към Gen Z. Кани се да стои дълго в политиката като Путин и Си,2026-03-12 16:39:19,,15,Ще стои. Първо в Гуантанамо и Корнуол. После при бай Ставри. Дълго. Много дълго. Ако Йоца Амстердама го е опростил.,ПyтлЭр Xyйло,12.03.2026 (чт) 21:55:14,16,5,2026-06-11 23:54:24
mediapool.bg,https://www.mediapool.bg/izbori-2026-cat130.html?page=10,https://www.mediapool.bg/borisov-pri-patrashkova-s-poslaniya-kam-gen-z-kani-se-da-stoi-dalgo-v-politikata-kato-putin-i-si-news381154.html,Борисов при Патрашкова с послания към Gen Z. Кани се да стои дълго в политиката като Путин и Си,2026-03-12 16:39:19,,14,Борисов при Патрашкова...... Двама несретници. Кой друг да отиде при Патрашкова? И при кого другиго да отиде Борисов?,Един препатил,12.03.2026 (чт) 21:40:11,14,2,2026-06-11 23:54:24
mediapool.bg,https://www.mediapool.bg/izbori-2026-cat130.html?page=10,https://www.mediapool.bg/borisov-pri-patrashkova-s-poslaniya-kam-gen-z-kani-se-da-stoi-dalgo-v-politikata-kato-putin-i-si-news381154.html,Борисов при Патрашкова с послания към Gen Z. Кани се да стои дълго в политиката като Путин и Си,2026-03-12 16:39:19,,13,Никакви сглобки! Тъп Гьоню сега щял да разглобява самалёта.,Megadonkey,12.03.2026 (чт) 21:06:13,1,9,2026-06-11 23:54:24
mediapool.bg,https://www.mediapool.bg/izbori-2026-cat130.html?page=10,https://www.mediapool.bg/borisov-pri-patrashkova-s-poslaniya-kam-gen-z-kani-se-da-stoi-dalgo-v-politikata-kato-putin-i-si-news381154.html,Борисов при Патрашкова с послания към Gen Z. Кани се да стои дълго в политиката като Путин и Си,2026-03-12 16:39:19,,12,"П.филът Александров ще го прати ли на обучение при патриарха ? А може и той един курс да изкара, че да не търси по телефона такива на годините на Каратанчева или да не го снимат разни докато спи с папки евро в чекмеджето.",anton nikolov,12.03.2026 (чт) 21:02:20,17,3,2026-06-11 23:54:24
mediapool.bg,https://www.mediapool.bg/izbori-2026-cat130.html?page=10,https://www.mediapool.bg/borisov-pri-patrashkova-s-poslaniya-kam-gen-z-kani-se-da-stoi-dalgo-v-politikata-kato-putin-i-si-news381154.html,Борисов при Патрашкова с послания към Gen Z. Кани се да стои дълго в политиката като Путин и Си,2026-03-12 16:39:19,,11,А ще има ли скоро интервю при Гала ?,anton nikolov,12.03.2026 (чт) 20:57:29,19,2,2026-06-11 23:54:24
mediapool.bg,https://www.mediapool.bg/izbori-2026-cat130.html?page=10,https://www.mediapool.bg/borisov-pri-patrashkova-s-poslaniya-kam-gen-z-kani-se-da-stoi-dalgo-v-politikata-kato-putin-i-si-news381154.html,Борисов при Патрашкова с послания към Gen Z. Кани се да стои дълго в политиката като Путин и Си,2026-03-12 16:39:19,,10,"ДОКОГА ще ги търпим тези двама бандити - уродът Пеевски и съдружникът му - сикаджийската мутра Борисов (Буда), както и престъпните им структури?! ДОКОГА?!",сол,12.03.2026 (чт) 20:36:54,20,2,2026-06-11 23:54:24
mediapool.bg,https://www.mediapool.bg/izbori-2026-cat130.html?page=10,https://www.mediapool.bg/borisov-pri-patrashkova-s-poslaniya-kam-gen-z-kani-se-da-stoi-dalgo-v-politikata-kato-putin-i-si-news381154.html,Борисов при Патрашкова с послания към Gen Z. Кани се да стои дълго в политиката като Путин и Си,2026-03-12 16:39:19,,9,"Няма да има никаква сглобка. Което означава, че ще ходим поне още един път на избори след тези. Докато Борисов най- сетне разбере, че срокът му на годност е изтекъл.",valentinа паumova,12.03.2026 (чт) 20:12:24,22,2,2026-06-11 23:54:24
mediapool.bg,https://www.mediapool.bg/izbori-2026-cat130.html?page=10,https://www.mediapool.bg/prodalzhavame-promyanata-blokira-vklyuchvaneto-na-yavor-bozhankov-v-listite-na-pp-db-news381140.html,"""Продължаваме промяната"" блокира включването на Явор Божанков в листите на ПП-ДБ",2026-03-12 13:44:34,,21,"Божанков го отрязаха, защото ПП продължава промяната. Божанков беше 'острото острие' на коалицията, но в ПП предпочитат само тъпи предмети, за да не се порежат сами.",Ravel,13.03.2026 (пт) 11:44:09,1,1,2026-06-11 23:54:35
mediapool.bg,https://www.mediapool.bg/izbori-2026-cat130.html?page=10,https://www.mediapool.bg/prodalzhavame-promyanata-blokira-vklyuchvaneto-na-yavor-bozhankov-v-listite-na-pp-db-news381140.html,"""Продължаваме промяната"" блокира включването на Явор Божанков в листите на ПП-ДБ",2026-03-12 13:44:34,,20,"neдepacтkaтa дружинка на Ассeн Василев ще изяде главата на ППДБ. Василев пробута напред своя тъnkaч Румен Спецов, но блокира най-читавия народен представител Явор Божанков. Ако Божанков се яви като независим кандидат ще събере повече гласове от цялата агитка около Асен Василев взети заедно.",John Doe,13.03.2026 (пт) 7:03:17,2,1,2026-06-11 23:54:35
mediapool.bg,https://www.mediapool.bg/izbori-2026-cat130.html?page=10,https://www.mediapool.bg/prodalzhavame-promyanata-blokira-vklyuchvaneto-na-yavor-bozhankov-v-listite-na-pp-db-news381140.html,"""Продължаваме промяната"" блокира включването на Явор Божанков в листите на ПП-ДБ",2026-03-12 13:44:34,,17,"Точно затова трябва да изчезнете от политическата сцена, защото не търпите чуждо мнение. Такива вече си имаме предостатъчно и без ПП.",keen,12.03.2026 (чт) 22:59:43,0,10,2026-06-11 23:54:35
mediapool.bg,https://www.mediapool.bg/izbori-2026-cat130.html?page=10,https://www.mediapool.bg/prodalzhavame-promyanata-blokira-vklyuchvaneto-na-yavor-bozhankov-v-listite-na-pp-db-news381140.html,"""Продължаваме промяната"" блокира включването на Явор Божанков в листите на ПП-ДБ",2026-03-12 13:44:34,,16,"ДОКОГА ще ги търпим тези двама бандити - уродът Пеевски и съдружникът му - сикаджийската мутра Борисов (Буда), както и престъпните им структури?! ДОКОГА?!",сол,12.03.2026 (чт) 20:40:05,16,1,2026-06-11 23:54:35
mediapool.bg,https://www.mediapool.bg/izbori-2026-cat130.html?page=10,https://www.mediapool.bg/prodalzhavame-promyanata-blokira-vklyuchvaneto-na-yavor-bozhankov-v-listite-na-pp-db-news381140.html,"""Продължаваме промяната"" блокира включването на Явор Божанков в листите на ПП-ДБ",2026-03-12 13:44:34,,15,Минимумът е 92% будизъм.,DG,12.03.2026 (чт) 19:05:14,1,23,2026-06-11 23:54:35
mediapool.bg,https://www.mediapool.bg/izbori-2026-cat130.html?page=10,https://www.mediapool.bg/prodalzhavame-promyanata-blokira-vklyuchvaneto-na-yavor-bozhankov-v-listite-na-pp-db-news381140.html,"""Продължаваме промяната"" блокира включването на Явор Божанков в листите на ПП-ДБ",2026-03-12 13:44:34,,14,"Само не разбирам защо на една коалиция ще и трябва и вътрешна опозиция в парламента и то сама да си я осигури? И ако изборите бяха на притаени разбирам, но така...",Калико Джо,12.03.2026 (чт) 17:54:01,22,0,2026-06-11 23:54:35
mediapool.bg,https://www.mediapool.bg/izbori-2026-cat130.html?page=10,https://www.mediapool.bg/prodalzhavame-promyanata-blokira-vklyuchvaneto-na-yavor-bozhankov-v-listite-na-pp-db-news381140.html,"""Продължаваме промяната"" блокира включването на Явор Божанков в листите на ПП-ДБ",2026-03-12 13:44:34,,13,Божанков не трябва да бъде загубен за демократичната общност!,eks,12.03.2026 (чт) 16:26:53,15,15,2026-06-11 23:54:35
mediapool.bg,https://www.mediapool.bg/izbori-2026-cat130.html?page=10,https://www.mediapool.bg/prodalzhavame-promyanata-blokira-vklyuchvaneto-na-yavor-bozhankov-v-listite-na-pp-db-news381140.html,"""Продължаваме промяната"" блокира включването на Явор Божанков в листите на ПП-ДБ",2026-03-12 13:44:34,,12,"Ха! Ха! ПП""Продължаваме промяната"" не искат Явор Божанков, но са приели в листите си руския мелез Петър Танев, който дори НЕ МОЖЕ ДА ГОВОРИ БЪЛГАРСКИ ЕЗИК, защото досега е живял в Москва! Питам се тоя с българско или с руско самосъзнание е, щом е направил такъв избор през годините? Ха! Ха!",РК,12.03.2026 (чт) 16:09:23,26,20,2026-06-11 23:54:35
mediapool.bg,https://www.mediapool.bg/izbori-2026-cat130.html?page=10,https://www.mediapool.bg/shveitsarets-i-mladezh-vlizat-v-listite-na-pp-db-ot-grazhdanskata-kvota-news381132.html,Швейцарец и младеж влизат в листите на ПП-ДБ от гражданската квота,2026-03-12 11:18:00,,34,Американец няма ли да включат просто за цвят?!,Е анита хегерланд,15.03.2026 (нд) 7:40:32,0,4,2026-06-11 23:54:45
mediapool.bg,https://www.mediapool.bg/izbori-2026-cat130.html?page=10,https://www.mediapool.bg/shveitsarets-i-mladezh-vlizat-v-listite-na-pp-db-ot-grazhdanskata-kvota-news381132.html,Швейцарец и младеж влизат в листите на ПП-ДБ от гражданската квота,2026-03-12 11:18:00,,33,"Забравихте да добавите, че двамата са ""гей двойка"".",georgi.georgiev.fut,14.03.2026 (сб) 3:05:35,0,2,2026-06-11 23:54:45
mediapool.bg,https://www.mediapool.bg/izbori-2026-cat130.html?page=10,https://www.mediapool.bg/shveitsarets-i-mladezh-vlizat-v-listite-na-pp-db-ot-grazhdanskata-kvota-news381132.html,Швейцарец и младеж влизат в листите на ПП-ДБ от гражданската квота,2026-03-12 11:18:00,,32,Кога Методи Андреев зададе въпроса за руския проект ПП?... Когато беше депутат в сикаджийския проект ли?..,Антон,12.03.2026 (чт) 21:46:51,22,40,2026-06-11 23:54:45
mediapool.bg,https://www.mediapool.bg/izbori-2026-cat130.html?page=10,https://www.mediapool.bg/shveitsarets-i-mladezh-vlizat-v-listite-na-pp-db-ot-grazhdanskata-kvota-news381132.html,Швейцарец и младеж влизат в листите на ПП-ДБ от гражданската квота,2026-03-12 11:18:00,,31,"ДОКОГА ще ги търпим тези двама бандити - уродът Пеевски и съдружникът му - сикаджийската мутра Борисов (Буда), както и престъпните им структури?! ДОКОГА?!",сол,12.03.2026 (чт) 20:40:28,20,0,2026-06-11 23:54:45
mediapool.bg,https://www.mediapool.bg/izbori-2026-cat130.html?page=10,https://www.mediapool.bg/shveitsarets-i-mladezh-vlizat-v-listite-na-pp-db-ot-grazhdanskata-kvota-news381132.html,Швейцарец и младеж влизат в листите на ПП-ДБ от гражданската квота,2026-03-12 11:18:00,,30,"Относно въпросите в ПОСТОВЕ № 14, №15, №16: Петър Танев има ли руZZки паспорт? РуZZките копИлета - ВЪН ОТ България! Докога съдбата на България ще бъде решавана от децата на руZZките курVи, които се сещат че са ""българи"" едва когато се провалят амбициите им в любимата им матушка? Петър Танев в Европейския парламент, където участва в разработването на политики, свързани с ВЪНШНАТА ПОЛИТИКА И ОТБРАНАТА - петър танев от ""добрите"" руZZки нацисти ли е, с които ЕП тъпоумно заиграва и на които раздава …Прочети целия коментар синекурни длъжности. Същите по всякакъв начин лобират за сваляне на европейските санкции, защото от тях ""страдали обикновените руснаци"", а също се противопоставят на предаване на оръжие на Украйна, защото с ""него биват убивани руZZките войници""?! И аз се питам този мелез на руско-българската дружба, който НЕ ЗНАЕ БЪЛГАРСКИ ЕЗИК, говори със силен РУСКИ акцент в многобройните си интервюта по медиите и до началото на войната живееше в Матушката как така успя СВЕТКАВИЧНО да започне работа в Европейския парламент, където, ОТ БЪЛГАРСКАТА КВОТА, участва в разработването на политики, свързани с външната политика, ОТБРАНАТА, индустрията, дигиталното регулиране, върховенството на закона и бъдещето на Европейския съюз ???? Толкова ли нямаше умни и достойни млади българи, които да представят България в ЕС? С такива кандидати- троянски коне на Матушката в листите на ПП-ДБ, (макар и от гражданската квота) реших, както със сигурност и много други българи, на сегашните парламентарни да НЕ гласувам за ПП “Продължаваме промяната”, защото те повече НЕ представляват моите ценности като избирател!",РК,12.03.2026 (чт) 15:35:04,47,29,2026-06-11 23:54:45
mediapool.bg,https://www.mediapool.bg/izbori-2026-cat130.html?page=10,https://www.mediapool.bg/shveitsarets-i-mladezh-vlizat-v-listite-na-pp-db-ot-grazhdanskata-kvota-news381132.html,Швейцарец и младеж влизат в листите на ПП-ДБ от гражданската квота,2026-03-12 11:18:00,,28,"Силни коментари, които пълнят душата и убеждават, че далеч не всичко е загубено в РъБъ въпреки 76 г. руZко-комун-милицеско вилнеене. Но номинацията на лицето пьотър повдига отново въпроса, зададен преди време от достойния Методи Андреев - руZки проект ли са ПП? Поредният? Повдига го със страшна сила. Все пак преференциите още не са отменени, за добро или зло. Мисли, народе!!!!",ПyтлЭр Xyйло,12.03.2026 (чт) 14:38:33,45,28,2026-06-11 23:54:45
mediapool.bg,https://www.mediapool.bg/izbori-2026-cat130.html?page=10,https://www.mediapool.bg/shveitsarets-i-mladezh-vlizat-v-listite-na-pp-db-ot-grazhdanskata-kvota-news381132.html,Швейцарец и младеж влизат в листите на ПП-ДБ от гражданската квота,2026-03-12 11:18:00,,27,Кой е швейцареца?,DG,12.03.2026 (чт) 14:31:44,1,14,2026-06-11 23:54:45
mediapool.bg,https://www.mediapool.bg/izbori-2026-cat130.html?page=10,https://www.mediapool.bg/shveitsarets-i-mladezh-vlizat-v-listite-na-pp-db-ot-grazhdanskata-kvota-news381132.html,Швейцарец и младеж влизат в листите на ПП-ДБ от гражданската квота,2026-03-12 11:18:00,,26,"“Мунчо”, наистина си мунчо. Ха-ха-хаааа!",сол,12.03.2026 (чт) 14:24:36,25,1,2026-06-11 23:54:45
mediapool.bg,https://www.mediapool.bg/izbori-2026-cat130.html?page=10,https://www.mediapool.bg/shveitsarets-i-mladezh-vlizat-v-listite-na-pp-db-ot-grazhdanskata-kvota-news381132.html,Швейцарец и младеж влизат в листите на ПП-ДБ от гражданската квота,2026-03-12 11:18:00,,25,"Ти да видиш, ДеБилите вече нямало да бъдат “еVроатлантиц”, понеже борисов и пеевски компрометирали европейските ценности. Затова сега щели да пристанат на путюраста гадев-решетников-Боташ и иZраждане.",ABV,12.03.2026 (чт) 14:21:53,4,29,2026-06-11 23:54:45
mediapool.bg,https://www.mediapool.bg/izbori-2026-cat130.html?page=11,https://www.mediapool.bg/kmetat-na-stara-zagora-otkaza-da-e-vodach-na-listata-na-gerb-news381125.html,Кметът на Стара Загора отказа да е водач на листата на ГЕРБ,2026-03-12 06:50:03,,13,"ДОКОГА ще ги търпим тези двама бандити - уродът Пеевски и съдружникът му - сикаджийската мутра Борисов (Буда), както и престъпните им структури?! ДОКОГА?!",сол,12.03.2026 (чт) 20:40:57,9,2,2026-06-11 23:54:57
mediapool.bg,https://www.mediapool.bg/izbori-2026-cat130.html?page=11,https://www.mediapool.bg/kmetat-na-stara-zagora-otkaza-da-e-vodach-na-listata-na-gerb-news381125.html,Кметът на Стара Загора отказа да е водач на листата на ГЕРБ,2026-03-12 06:50:03,,12,"Ако Борисов и Радев са се споразумели как да си разделят държавата, какво значение има коя листа (не) би водил Тодоров?",M@rt.in,12.03.2026 (чт) 16:58:05,1,10,2026-06-11 23:54:57
mediapool.bg,https://www.mediapool.bg/izbori-2026-cat130.html?page=11,https://www.mediapool.bg/kmetat-na-stara-zagora-otkaza-da-e-vodach-na-listata-na-gerb-news381125.html,Кметът на Стара Загора отказа да е водач на листата на ГЕРБ,2026-03-12 06:50:03,,11,"Ама га Дебелото момченце прехвърляше кметове от Доган към себе си не рева! Явно такива са ви кадрите, който даде повече, към него минават. Мъка!",Калико Джо,12.03.2026 (чт) 16:31:55,19,2,2026-06-11 23:54:57
mediapool.bg,https://www.mediapool.bg/izbori-2026-cat130.html?page=11,https://www.mediapool.bg/kmetat-na-stara-zagora-otkaza-da-e-vodach-na-listata-na-gerb-news381125.html,Кметът на Стара Загора отказа да е водач на листата на ГЕРБ,2026-03-12 06:50:03,,10,"ама не са само отрочета. . . Самият комунист борисов (баш герб-авият в гЭрб), сам, собственоръчно, с десната си потна кунка (и с претенциите си да е вменяем) е писал в молбата си до милиционерското бкпЭ-ппО: ""моля да бъда приет в редовете на . . . """,Bлaдo,12.03.2026 (чт) 15:09:03,18,2,2026-06-11 23:54:57
mediapool.bg,https://www.mediapool.bg/izbori-2026-cat130.html?page=11,https://www.mediapool.bg/kmetat-na-stara-zagora-otkaza-da-e-vodach-na-listata-na-gerb-news381125.html,Кметът на Стара Загора отказа да е водач на листата на ГЕРБ,2026-03-12 06:50:03,,9,"Комунистическите отрочета, които бяха намърдани в ГЕРБ, сега се преориентират към другаря Радев.",risite,12.03.2026 (чт) 13:22:55,5,17,2026-06-11 23:54:57
mediapool.bg,https://www.mediapool.bg/izbori-2026-cat130.html?page=11,https://www.mediapool.bg/kmetat-na-stara-zagora-otkaza-da-e-vodach-na-listata-na-gerb-news381125.html,Кметът на Стара Загора отказа да е водач на листата на ГЕРБ,2026-03-12 06:50:03,,8,"срещу настъпващата военно въздушна армада трябва да се мобилизират всички сили, даже изпитаните бойкини арнаутки фидоска и цецка.дано не са завързали към бившата шефка на финансовото разузнаване дето сега прави фотосесии от канада.Ама, за нея да питат данчо ментата.",u9285467336,12.03.2026 (чт) 13:17:56,17,2,2026-06-11 23:54:57
mediapool.bg,https://www.mediapool.bg/izbori-2026-cat130.html?page=11,https://www.mediapool.bg/kmetat-na-stara-zagora-otkaza-da-e-vodach-na-listata-na-gerb-news381125.html,Кметът на Стара Загора отказа да е водач на листата на ГЕРБ,2026-03-12 06:50:03,,7,"Бойко Борисов:""Радев ме следи с дрон. Целта е да ни смачкат психически, след това ще ни посегнат и физически""Чудя се Буда за затвор ли е или за психиатрия?",Кая,12.03.2026 (чт) 13:08:52,21,2,2026-06-11 23:54:57
mediapool.bg,https://www.mediapool.bg/izbori-2026-cat130.html?page=11,https://www.mediapool.bg/kmetat-na-stara-zagora-otkaza-da-e-vodach-na-listata-na-gerb-news381125.html,Кметът на Стара Загора отказа да е водач на листата на ГЕРБ,2026-03-12 06:50:03,,6,"герб-арии от всички страни - съединявайте се! (при льотчика, ЭстЭствЭно) (((-:",Bлaдo,12.03.2026 (чт) 13:07:31,16,2,2026-06-11 23:54:57
mediapool.bg,https://www.mediapool.bg/izbori-2026-cat130.html?page=11,https://www.mediapool.bg/kmetat-na-stara-zagora-otkaza-da-e-vodach-na-listata-na-gerb-news381125.html,Кметът на Стара Загора отказа да е водач на листата на ГЕРБ,2026-03-12 06:50:03,,5,"Станàл е ""прогресивен"" и той... Нищо, ся М'Баце ще попее на още два-три лебеда и една юрдечка, ще се снима с магнолиите и Лели-ГЕРБ ще се успокоят, че всичко е наред.",стефчо,12.03.2026 (чт) 12:34:59,20,2,2026-06-11 23:54:57
mediapool.bg,https://www.mediapool.bg/izbori-2026-cat130.html?page=11,https://www.mediapool.bg/kmetat-na-stara-zagora-otkaza-da-e-vodach-na-listata-na-gerb-news381125.html,Кметът на Стара Загора отказа да е водач на листата на ГЕРБ,2026-03-12 06:50:03,,4,"""Прогресът"" започва да привлича ""прогресивните"" хора...",марко василев,12.03.2026 (чт) 12:00:27,20,1,2026-06-11 23:54:57
mediapool.bg,https://www.mediapool.bg/izbori-2026-cat130.html?page=11,https://www.mediapool.bg/da-zagarbim-tsennostnite-si-razlichiya-virtualnata-politizatsiya-na-gen-z-news381112.html,"""Да загърбим ценностните си различия"". (Виртуалната) политизация на Gen Z",2026-03-12 06:34:06,,18,"Добре, разбрахме че протестите се инициират от ПП-ДБ. Трябва да се пренапишат правилата за избор на народни представители и правителство. Не може влизащите в управлението на страната недоволни граждани да идват от жълтите павета?! Трябва да има ценз, праг за влизане в голямата политика. Тя не е емоция, а компетентност.",Е анита хегерланд,13.03.2026 (пт) 14:07:11,2,2,2026-06-11 23:55:08
mediapool.bg,https://www.mediapool.bg/izbori-2026-cat130.html?page=11,https://www.mediapool.bg/da-zagarbim-tsennostnite-si-razlichiya-virtualnata-politizatsiya-na-gen-z-news381112.html,"""Да загърбим ценностните си различия"". (Виртуалната) политизация на Gen Z",2026-03-12 06:34:06,,17,"ДОКОГА ще ги търпим тези двама бандити - уродът Пеевски и съдружникът му - сикаджийската мутра Борисов (Буда), както и престъпните им структури?! ДОКОГА?!",сол,12.03.2026 (чт) 20:39:03,9,4,2026-06-11 23:55:08
mediapool.bg,https://www.mediapool.bg/izbori-2026-cat130.html?page=11,https://www.mediapool.bg/da-zagarbim-tsennostnite-si-razlichiya-virtualnata-politizatsiya-na-gen-z-news381112.html,"""Да загърбим ценностните си различия"". (Виртуалната) политизация на Gen Z",2026-03-12 06:34:06,,16,"Ама вие ДеБилите наистина много бавно загрявате! Първо ДеБилно гласувахте ""героят"" и ""борецът с мафията"" да стане (п)РеZZидент на пУтЬю. После ДеБилно си въобразявахте, че когато заедно с иZраждане тези Gen Z симпатяги свалят проевропейското правителство на Желязков, пропУтЬювта мафия ще даде власта точно на вас - на ДеБилите... Сега, когато е ясно, че са ви използвали като парцал, който да разчисти пистата за гадев-решетников-Боташ е малко късничко да се Vайкате.",ABV,12.03.2026 (чт) 17:50:14,3,16,2026-06-11 23:55:08
mediapool.bg,https://www.mediapool.bg/izbori-2026-cat130.html?page=11,https://www.mediapool.bg/da-zagarbim-tsennostnite-si-razlichiya-virtualnata-politizatsiya-na-gen-z-news381112.html,"""Да загърбим ценностните си различия"". (Виртуалната) политизация на Gen Z",2026-03-12 06:34:06,,15,"Дали е само случайност съвпдението на Gen-вото ""Z"" с ""Z"" на пУтЬювите орки?",ABV,12.03.2026 (чт) 17:40:42,2,14,2026-06-11 23:55:08
mediapool.bg,https://www.mediapool.bg/izbori-2026-cat130.html?page=11,https://www.mediapool.bg/da-zagarbim-tsennostnite-si-razlichiya-virtualnata-politizatsiya-na-gen-z-news381112.html,"""Да загърбим ценностните си различия"". (Виртуалната) политизация на Gen Z",2026-03-12 06:34:06,,14,"Има нещо принципно неадекватно , когато се анализира тази тема . Това поколение , както и всеко друго , е напълно разнородно и разнопосочно . А цитираните му представители са само една минимална и политически използвана произволна извадка - на ппдб .",ефрейтора,12.03.2026 (чт) 14:28:26,3,15,2026-06-11 23:55:08
mediapool.bg,https://www.mediapool.bg/izbori-2026-cat130.html?page=11,https://www.mediapool.bg/da-zagarbim-tsennostnite-si-razlichiya-virtualnata-politizatsiya-na-gen-z-news381112.html,"""Да загърбим ценностните си различия"". (Виртуалната) политизация на Gen Z",2026-03-12 06:34:06,,13,"Да си въобразяваш, че Гадев щял да се бори с корупцията означава да вярваш, че мафиотите от ТИМ ще се борят за правова държава. Това е оксиморон. Достатъчно е да се види е каква кочина превърнаха град като Варна.",anton nikolov,12.03.2026 (чт) 13:08:36,19,2,2026-06-11 23:55:08
mediapool.bg,https://www.mediapool.bg/izbori-2026-cat130.html?page=11,https://www.mediapool.bg/da-zagarbim-tsennostnite-si-razlichiya-virtualnata-politizatsiya-na-gen-z-news381112.html,"""Да загърбим ценностните си различия"". (Виртуалната) политизация на Gen Z",2026-03-12 06:34:06,,12,"""Да загърбим ценностните си различия"" Няма как да се загърбят различия за това дали Раша е агресор, а Путлер. - масов убиец. Отечественофронтовските номера знаем как приключват.",anton nikolov,12.03.2026 (чт) 13:05:00,19,2,2026-06-11 23:55:08
mediapool.bg,https://www.mediapool.bg/izbori-2026-cat130.html?page=11,https://www.mediapool.bg/da-zagarbim-tsennostnite-si-razlichiya-virtualnata-politizatsiya-na-gen-z-news381112.html,"""Да загърбим ценностните си различия"". (Виртуалната) политизация на Gen Z",2026-03-12 06:34:06,,11,"""Съгласни сме обаче, че у нас корупцията е навсякъде и тя трябва да бъде изкоренена, без значение дали пътят е на Изток или на Запад."" Такава глупост още не бях чувал. Точно пътят на Изток означава тотална корупция.",anton nikolov,12.03.2026 (чт) 13:02:36,21,0,2026-06-11 23:55:08
mediapool.bg,https://www.mediapool.bg/izbori-2026-cat130.html?page=11,https://www.mediapool.bg/da-zagarbim-tsennostnite-si-razlichiya-virtualnata-politizatsiya-na-gen-z-news381112.html,"""Да загърбим ценностните си различия"". (Виртуалната) политизация на Gen Z",2026-03-12 06:34:06,,10,"Докога ще ги търпим тези двама бандити - уродът Пеевски и съдружникът му - сикаджийската мутра Борисов (Буда), както и престъпните им структури?! Докога ще ги търпим?! ДОКОГА?!…",сол,12.03.2026 (чт) 10:51:29,21,4,2026-06-11 23:55:08
mediapool.bg,https://www.mediapool.bg/izbori-2026-cat130.html?page=11,https://www.mediapool.bg/da-zagarbim-tsennostnite-si-razlichiya-virtualnata-politizatsiya-na-gen-z-news381112.html,"""Да загърбим ценностните си различия"". (Виртуалната) политизация на Gen Z",2026-03-12 06:34:06,,9,"А кой ще ги промени към по-добро, като се имат предвид позициите, които изразяват? Кой от тях ще се погрижи България да не сменя орбитата, а да остане част от Европа в опита й да не бъде унищожена от другите геополитически играчи, които дори не го крият като своя цел. Не ви ли прави впечатление, че ППДБ ги превърнаха в нещо като боксова круша. Всички друго бият по тях, тренирайки за изборите. А ВМРО, което изведнъж се оказа при Радев, даже обяви, че и ППДБ били част от статуквото. И това го казва без всякакъв срам ВМРО, които заедно с ГЕРБ управляваха цял мандат , за разлика от сглобката, просъществувала едва няколко месеца.",БГаньо,12.03.2026 (чт) 9:02:44,23,3,2026-06-11 23:55:08
mediapool.bg,https://www.mediapool.bg/izbori-2026-cat130.html?page=11,https://www.mediapool.bg/predizborna-ataka-sreshtu-mashinniya-vot-gerb-dps-novo-nachalo-i-itn-v-obsht-front-sreshtu-sluzhebniya-kabinet-news381113.html,"Предизборна атака срещу машинния вот: ГЕРБ, ""ДПС-Ново начало"" и ИТН в общ фронт срещу служебния кабинет",2026-03-11 17:26:37,,19,"ПП-ДБ се изживяват като юпита - добре образовани, бели, на средна възраст, с висше образование и добър доход. Те искат да елиминират вота на ромската общност, селското население и част от пенсионерите и провинциалистите, които се страхуват от машините за гласуване. Това им дава по-малко гласували, но с по-голям шанс да е за тях. Противниците на машинното гласуване разчитат имено на елиминираната част от електората. Това поражда не само полемика за машините, но и открита борба за и срещу тях.",Е анита хегерланд,15.03.2026 (нд) 7:38:44,0,0,2026-06-11 23:55:19
mediapool.bg,https://www.mediapool.bg/izbori-2026-cat130.html?page=11,https://www.mediapool.bg/predizborna-ataka-sreshtu-mashinniya-vot-gerb-dps-novo-nachalo-i-itn-v-obsht-front-sreshtu-sluzhebniya-kabinet-news381113.html,"Предизборна атака срещу машинния вот: ГЕРБ, ""ДПС-Ново начало"" и ИТН в общ фронт срещу служебния кабинет",2026-03-11 17:26:37,,18,"Противниците на машинния вот имат предвид, че когато изборите са с хартиени бюлетини, МНОГО ПОВЕЧЕ ХОРА УЧАСТВАТ В ИЗБОРИТЕ И ГЛАСУВАТ!!!",Е анита хегерланд,14.03.2026 (сб) 18:25:48,0,0,2026-06-11 23:55:19
mediapool.bg,https://www.mediapool.bg/izbori-2026-cat130.html?page=11,https://www.mediapool.bg/predizborna-ataka-sreshtu-mashinniya-vot-gerb-dps-novo-nachalo-i-itn-v-obsht-front-sreshtu-sluzhebniya-kabinet-news381113.html,"Предизборна атака срещу машинния вот: ГЕРБ, ""ДПС-Ново начало"" и ИТН в общ фронт срещу служебния кабинет",2026-03-11 17:26:37,,17,"Малоумните си имат партии ИТН,ГЕРБ и НН. Крадците на народа са техни представители.",Нико Георгиев,12.03.2026 (чт) 9:23:54,4,0,2026-06-11 23:55:19
mediapool.bg,https://www.mediapool.bg/izbori-2026-cat130.html?page=11,https://www.mediapool.bg/predizborna-ataka-sreshtu-mashinniya-vot-gerb-dps-novo-nachalo-i-itn-v-obsht-front-sreshtu-sluzhebniya-kabinet-news381113.html,"Предизборна атака срещу машинния вот: ГЕРБ, ""ДПС-Ново начало"" и ИТН в общ фронт срещу служебния кабинет",2026-03-11 17:26:37,,16,"и на мангал'ти им кажети как дЪ гласуват , щото дан'сЪ убъркът давъи§ъвбуклуцити долни !",Tsvyatko Kovachev,12.03.2026 (чт) 5:25:34,1,0,2026-06-11 23:55:19
mediapool.bg,https://www.mediapool.bg/izbori-2026-cat130.html?page=11,https://www.mediapool.bg/predizborna-ataka-sreshtu-mashinniya-vot-gerb-dps-novo-nachalo-i-itn-v-obsht-front-sreshtu-sluzhebniya-kabinet-news381113.html,"Предизборна атака срещу машинния вот: ГЕРБ, ""ДПС-Ново начало"" и ИТН в общ фронт срещу служебния кабинет",2026-03-11 17:26:37,,15,Острието е кло зетната партия ИТН начело с учиндолския ке неф и гно мът тошко. Мн жалка банда по мияри.,Левант,12.03.2026 (чт) 4:46:59,5,0,2026-06-11 23:55:19
mediapool.bg,https://www.mediapool.bg/izbori-2026-cat130.html?page=11,https://www.mediapool.bg/predizborna-ataka-sreshtu-mashinniya-vot-gerb-dps-novo-nachalo-i-itn-v-obsht-front-sreshtu-sluzhebniya-kabinet-news381113.html,"Предизборна атака срещу машинния вот: ГЕРБ, ""ДПС-Ново начало"" и ИТН в общ фронт срещу служебния кабинет",2026-03-11 17:26:37,,14,"Крадците викат ""Дръжте крадеца!"". Откровени фалшификатори на избори искат пак хартията, манипулациите и гаврата с правилата и закона. ИТН, Буда, Пеевски - една и съща с.ган.",един,11.03.2026 (ср) 22:42:32,12,0,2026-06-11 23:55:19
mediapool.bg,https://www.mediapool.bg/izbori-2026-cat130.html?page=11,https://www.mediapool.bg/predizborna-ataka-sreshtu-mashinniya-vot-gerb-dps-novo-nachalo-i-itn-v-obsht-front-sreshtu-sluzhebniya-kabinet-news381113.html,"Предизборна атака срещу машинния вот: ГЕРБ, ""ДПС-Ново начало"" и ИТН в общ фронт срещу служебния кабинет",2026-03-11 17:26:37,,13,Гербаджии риват против машините на борисов...,sloth,11.03.2026 (ср) 22:39:26,11,0,2026-06-11 23:55:19
mediapool.bg,https://www.mediapool.bg/izbori-2026-cat130.html?page=11,https://www.mediapool.bg/predizborna-ataka-sreshtu-mashinniya-vot-gerb-dps-novo-nachalo-i-itn-v-obsht-front-sreshtu-sluzhebniya-kabinet-news381113.html,"Предизборна атака срещу машинния вот: ГЕРБ, ""ДПС-Ново начало"" и ИТН в общ фронт срещу служебния кабинет",2026-03-11 17:26:37,,12,"Задават се едни ""много честни"" избори с машини и флашките в калинките на ПП Казвах ви че ще вземат 57.9% и заедно с баща си Радев ще управляват за благото на народа!",полк. Дрангов,11.03.2026 (ср) 21:37:13,0,16,2026-06-11 23:55:19
mediapool.bg,https://www.mediapool.bg/izbori-2026-cat130.html?page=11,https://www.mediapool.bg/predizborna-ataka-sreshtu-mashinniya-vot-gerb-dps-novo-nachalo-i-itn-v-obsht-front-sreshtu-sluzhebniya-kabinet-news381113.html,"Предизборна атака срещу машинния вот: ГЕРБ, ""ДПС-Ново начало"" и ИТН в общ фронт срещу служебния кабинет",2026-03-11 17:26:37,,11,"Трифонов го създаде Мафията (Илия Павлов), съответно тя го използва да и върши мръсната работа.",Джелсомино,11.03.2026 (ср) 20:24:47,19,1,2026-06-11 23:55:19
mediapool.bg,https://www.mediapool.bg/izbori-2026-cat130.html?page=11,https://www.mediapool.bg/predizborna-ataka-sreshtu-mashinniya-vot-gerb-dps-novo-nachalo-i-itn-v-obsht-front-sreshtu-sluzhebniya-kabinet-news381113.html,"Предизборна атака срещу машинния вот: ГЕРБ, ""ДПС-Ново начало"" и ИТН в общ фронт срещу служебния кабинет",2026-03-11 17:26:37,,10,"БУДА и ШИШИ: Апапи, долар вечер! Молим ви - подкрепяйте ни и гласувайте за нас - ЗАЩОТО: - Ние двамата сме хора на закона, на честта и на морала; - Ние двамата сме противници на кражбите, на лъжите и измамите; - Ние двамата ненавиждаме корупцията и с адекватни хватки борим я; - Ние двамата обичаме България - и от грабежи нагли пазим я! Обичаме ви - ваши БУДА и ШИШИ!!",сол,11.03.2026 (ср) 19:37:56,25,1,2026-06-11 23:55:19
mediapool.bg,https://www.mediapool.bg/izbori-2026-cat130.html?page=11,https://www.mediapool.bg/radev-shte-bada-v-parlamenta-a-ne-ot-divana-news381051.html,"Радев: Ще бъда в парламента, а не от дивана",2026-03-10 14:15:01,,32,"Рашисткият агент Радев безспорно ще бъде там, където Решетников или Митрофонова му наредят. Съдбата и популистките лъжи, които бръщолеви , са му определени от кремълските кукловоди - терористи",P.Stoev,12.03.2026 (чт) 15:15:04,1,0,2026-06-11 23:55:30
mediapool.bg,https://www.mediapool.bg/izbori-2026-cat130.html?page=11,https://www.mediapool.bg/radev-shte-bada-v-parlamenta-a-ne-ot-divana-news381051.html,"Радев: Ще бъда в парламента, а не от дивана",2026-03-10 14:15:01,,31,"Със загуба в размер на 284 хиляди лева завършва 2025 г. „Магазин за хората“ ЕАД, според данните от предварителния годишен финансов отчет за 2025 г. https://frognews.bg/novini/magazin-horata-cherveno-284-hiliadi-leva-zaguba-2025.html ====== Пеевски това можа, да обезкостява!",The Rock,11.03.2026 (ср) 12:31:02,3,0,2026-06-11 23:55:30
mediapool.bg,https://www.mediapool.bg/izbori-2026-cat130.html?page=11,https://www.mediapool.bg/radev-shte-bada-v-parlamenta-a-ne-ot-divana-news381051.html,"Радев: Ще бъда в парламента, а не от дивана",2026-03-10 14:15:01,,30,Че първата любов на Бойко Борисов е Тодор Живков бре! Втората е Симеон Мадридския,The Rock,11.03.2026 (ср) 12:24:03,2,0,2026-06-11 23:55:30
mediapool.bg,https://www.mediapool.bg/izbori-2026-cat130.html?page=11,https://www.mediapool.bg/radev-shte-bada-v-parlamenta-a-ne-ot-divana-news381051.html,"Радев: Ще бъда в парламента, а не от дивана",2026-03-10 14:15:01,,29,"Радев е новото ИТН, партия на мафията. Не му се връзвайте, целтта е да се удари ППДБ. Имам чувството, че в Петрохан ги избиха, за да ударят ППДБ, толкова партиите на мафията ги е страх.",The Rock,11.03.2026 (ср) 12:22:48,3,0,2026-06-11 23:55:30
mediapool.bg,https://www.mediapool.bg/izbori-2026-cat130.html?page=11,https://www.mediapool.bg/radev-shte-bada-v-parlamenta-a-ne-ot-divana-news381051.html,"Радев: Ще бъда в парламента, а не от дивана",2026-03-10 14:15:01,,28,"Ахааа, добре, добре. Почна да изплюва камъчетата таваришча. Крайно време беше!",Megadonkey,10.03.2026 (вт) 21:00:02,6,1,2026-06-11 23:55:30
mediapool.bg,https://www.mediapool.bg/izbori-2026-cat130.html?page=11,https://www.mediapool.bg/radev-shte-bada-v-parlamenta-a-ne-ot-divana-news381051.html,"Радев: Ще бъда в парламента, а не от дивана",2026-03-10 14:15:01,,27,"Да им припомня отново на простите и грозни шарлатани. Че първата любов ръжда не хваща. Т.к. Бойко Велики и Прасчо Магнитски ги възпаляват основно - да си спомнят за старата любов - баща им, русофилистика Фелдфебел Рундьо. Вече са гласували за него в омразата им и страха от Бойко Велики. Очертава се отново да се изхрачите в лицето си! Вие го можете! Само с гласуването отново за русодилистика ще може да преборите Бойко Велики и Прасчо Магнитски - според агенциите! ;)",Мазен Кумунис,10.03.2026 (вт) 19:22:20,0,8,2026-06-11 23:55:30
mediapool.bg,https://www.mediapool.bg/izbori-2026-cat130.html?page=11,https://www.mediapool.bg/radev-shte-bada-v-parlamenta-a-ne-ot-divana-news381051.html,"Радев: Ще бъда в парламента, а не от дивана",2026-03-10 14:15:01,,26,"Браво, с вас сме хиляди шарлатани, г-н Президент !",ТРИЧАН ОТ КУЧЕТА,10.03.2026 (вт) 18:59:10,5,4,2026-06-11 23:55:30
mediapool.bg,https://www.mediapool.bg/izbori-2026-cat130.html?page=11,https://www.mediapool.bg/radev-shte-bada-v-parlamenta-a-ne-ot-divana-news381051.html,"Радев: Ще бъда в парламента, а не от дивана",2026-03-10 14:15:01,,25,Тогв приеми облог и спечели 1 милион! Постът не е шега.,ABV,10.03.2026 (вт) 18:08:57,0,2,2026-06-11 23:55:30
mediapool.bg,https://www.mediapool.bg/izbori-2026-cat130.html?page=11,https://www.mediapool.bg/radev-shte-bada-v-parlamenta-a-ne-ot-divana-news381051.html,"Радев: Ще бъда в парламента, а не от дивана",2026-03-10 14:15:01,,24,"Няма нужда да купува, та той е на гребена на вълната и народът е вложил всичко в него , за да имаме правова и нормална държава.",Milanova Magda,10.03.2026 (вт) 17:19:48,1,8,2026-06-11 23:55:30
mediapool.bg,https://www.mediapool.bg/izbori-2026-cat130.html?page=11,https://www.mediapool.bg/bsp-izbra-vsichki-vodachi-na-listite-si-i-poiska-doverieto-na-levite-hora-news380980.html,БСП избра всички водачи на листите си и поиска доверието на левите хора,2026-03-07 19:30:43,,1,"Сбогом другари, здравейте 3%. Другарят Кацамунски е идеален за закриването на тази антибългарска партия.",risite,8.03.2026 (нд) 13:59:30,0,1,2026-06-11 23:55:30
mediapool.bg,https://www.mediapool.bg/izbori-2026-cat130.html?page=11,https://www.mediapool.bg/borisov-za-satrudnichestvo-s-radev-neka-vidim-formatsiyata-i-listite-news380976.html,Борисов за сътрудничество с Радев: Нека видим формацията и листите,2026-03-07 15:37:33,,26,Ако има и за нащите и за вашите фирми - ще сътрудничим! Важното като се гепи яко е да има стабилност!,"Татко Петко, Прилеп с Пръстенче",9.03.2026 (пн) 8:12:25,1,0,2026-06-11 23:55:41
mediapool.bg,https://www.mediapool.bg/izbori-2026-cat130.html?page=11,https://www.mediapool.bg/borisov-za-satrudnichestvo-s-radev-neka-vidim-formatsiyata-i-listite-news380976.html,Борисов за сътрудничество с Радев: Нека видим формацията и листите,2026-03-07 15:37:33,,25,"""Знаем как се управлява в криза. Знаем как се защитават националните интереси. И знаем, че само с работа всеки ден, без оправдания се постигат резултати."" Като знаете, защо не управлявахте без кризи? Като знаете, защо не защитихте националните интереси? Като знаете, защо непрекъснато се оправдавахте години наред? Национален интерес ли е, да плащаме тръбата на Путлер? Та да започне кървава война до нас?! И да ни заплашва непрекъснато?!",Ганди,9.03.2026 (пн) 0:59:44,4,0,2026-06-11 23:55:41
mediapool.bg,https://www.mediapool.bg/izbori-2026-cat130.html?page=11,https://www.mediapool.bg/borisov-za-satrudnichestvo-s-radev-neka-vidim-formatsiyata-i-listite-news380976.html,Борисов за сътрудничество с Радев: Нека видим формацията и листите,2026-03-07 15:37:33,,24,"""маркуч"", ама и джипи-то му е гинеколог (((-: . . . Честит ""8 март"", комунист-престъпнико борисов.",Bлaдo,8.03.2026 (нд) 17:10:15,9,0,2026-06-11 23:55:41
mediapool.bg,https://www.mediapool.bg/izbori-2026-cat130.html?page=11,https://www.mediapool.bg/borisov-za-satrudnichestvo-s-radev-neka-vidim-formatsiyata-i-listite-news380976.html,Борисов за сътрудничество с Радев: Нека видим формацията и листите,2026-03-07 15:37:33,,23,"Да му ядете ""дебелия пожарникарски маркуч"". ;)",Мазен Кумунис,8.03.2026 (нд) 10:26:23,0,10,2026-06-11 23:55:41
mediapool.bg,https://www.mediapool.bg/izbori-2026-cat130.html?page=11,https://www.mediapool.bg/borisov-za-satrudnichestvo-s-radev-neka-vidim-formatsiyata-i-listite-news380976.html,Борисов за сътрудничество с Радев: Нека видим формацията и листите,2026-03-07 15:37:33,,22,Включва се вече и варненската партия (или групировка) на Химимпорт (ТИМ). Време й беше.,Milenca,8.03.2026 (нд) 7:44:59,11,0,2026-06-11 23:55:41
mediapool.bg,https://www.mediapool.bg/izbori-2026-cat130.html?page=11,https://www.mediapool.bg/borisov-za-satrudnichestvo-s-radev-neka-vidim-formatsiyata-i-listite-news380976.html,Борисов за сътрудничество с Радев: Нека видим формацията и листите,2026-03-07 15:37:33,,21,Тя ДЕформацията се вижда и от самальот. /ваш Тъп Гьон самалётчик/ ;-),Megadonkey,8.03.2026 (нд) 2:55:26,2,2,2026-06-11 23:55:41
mediapool.bg,https://www.mediapool.bg/izbori-2026-cat130.html?page=11,https://www.mediapool.bg/borisov-za-satrudnichestvo-s-radev-neka-vidim-formatsiyata-i-listite-news380976.html,Борисов за сътрудничество с Радев: Нека видим формацията и листите,2026-03-07 15:37:33,,20,"Те ще се съешават, а Шиши ще им свети.",Един препатил,7.03.2026 (сб) 20:13:57,18,1,2026-06-11 23:55:41
mediapool.bg,https://www.mediapool.bg/izbori-2026-cat130.html?page=11,https://www.mediapool.bg/borisov-za-satrudnichestvo-s-radev-neka-vidim-formatsiyata-i-listite-news380976.html,Борисов за сътрудничество с Радев: Нека видим формацията и листите,2026-03-07 15:37:33,,19,сътрудничество на Боко Тиквоний с Радев?!,ozzy70,7.03.2026 (сб) 20:04:53,16,4,2026-06-11 23:55:41
mediapool.bg,https://www.mediapool.bg/izbori-2026-cat130.html?page=11,https://www.mediapool.bg/borisov-za-satrudnichestvo-s-radev-neka-vidim-formatsiyata-i-listite-news380976.html,Борисов за сътрудничество с Радев: Нека видим формацията и листите,2026-03-07 15:37:33,,18,От доста време чакам отговор на въпроса има ли някаква друга причина Борисов да предизвика тези извънредни избори освен да даде възможност на Радев да участва в тях. Отговор досега не съм получил. Значи друга причина няма.,Един препатил,7.03.2026 (сб) 19:36:46,17,2,2026-06-11 23:55:41
mediapool.bg,https://www.mediapool.bg/izbori-2026-cat130.html?page=11,https://www.mediapool.bg/borisov-za-satrudnichestvo-s-radev-neka-vidim-formatsiyata-i-listite-news380976.html,Борисов за сътрудничество с Радев: Нека видим формацията и листите,2026-03-07 15:37:33,,17,"Да не се озовеш в Белене като почитател на оня антихрист Ози Озбърн? Вие имате халюцинации! Къде го видяхте тоя либерализъм? Като забраниха LGBTQЩ пропагандата в училищата, ли? Това ли е либерализъм?",Иван_333,7.03.2026 (сб) 18:50:45,16,1,2026-06-11 23:55:41
mediapool.bg,https://www.mediapool.bg/izbori-2026-cat130.html?page=11,https://www.mediapool.bg/balgarite-v-chuzhbina-veche-mogat-da-podavat-zayavleniya-za-glasuvane-news380936.html,Българите в чужбина вече могат да подават заявления за гласуване,2026-03-06 14:21:57,,1,"ППДБ дано вземат 50 хил. от чужбина,че в България вече са на 7%.",АСТОР,6.03.2026 (пт) 16:53:03,1,12,2026-06-11 23:55:42
mediapool.bg,https://www.mediapool.bg/izbori-2026-cat130.html?page=11,https://www.mediapool.bg/radev-malchi-kakvo-govoryat-horata-i-partiite-v-koalitsiyata-mu-news380927.html,"Радев мълчи. Какво ""говорят"" хората и партиите в коалицията му",2026-03-06 07:47:40,,52,"Не може да гласуваш за някои, които не знаеш кои са, каква програма имат. Това че Радев ще спечели изборите е манипулация на по-глупавата част от населението, която за съжаление не никак малка.",Любо Димитров,10.03.2026 (вт) 6:22:14,3,1,2026-06-11 23:55:52
mediapool.bg,https://www.mediapool.bg/izbori-2026-cat130.html?page=11,https://www.mediapool.bg/radev-malchi-kakvo-govoryat-horata-i-partiite-v-koalitsiyata-mu-news380927.html,"Радев мълчи. Какво ""говорят"" хората и партиите в коалицията му",2026-03-06 07:47:40,,51,"За сега, Радев се очертава, като един от най-презираните ""политици"" в България. Такива ще бъдат и неговите избиратели.",Александър Борисов,9.03.2026 (пн) 2:25:36,5,1,2026-06-11 23:55:52
mediapool.bg,https://www.mediapool.bg/izbori-2026-cat130.html?page=11,https://www.mediapool.bg/radev-malchi-kakvo-govoryat-horata-i-partiite-v-koalitsiyata-mu-news380927.html,"Радев мълчи. Какво ""говорят"" хората и партиите в коалицията му",2026-03-06 07:47:40,,50,"Защо Радев мълчи ? Защото, както по професионално образование и предназначение, така и като индивид той не е държавен визионер, е фигурант, избран за лице на ""чужд"" на интересите на България политически проект. Достатъчно е човек да види и чуе в последната ""Панорама"" един от водещете му сценаристи Иво Христов, за да разбере за какво става дума.",Обектив,7.03.2026 (сб) 16:27:21,11,2,2026-06-11 23:55:52
mediapool.bg,https://www.mediapool.bg/izbori-2026-cat130.html?page=11,https://www.mediapool.bg/radev-malchi-kakvo-govoryat-horata-i-partiite-v-koalitsiyata-mu-news380927.html,"Радев мълчи. Какво ""говорят"" хората и партиите в коалицията му",2026-03-06 07:47:40,,49,"Някoи пo-будни бългapcки мeдии зaбeлязaxa, чe «яpocтнaтa pуcкa нaмeca в избopитe» cтapтиpa oщe нa 3 мapт: «НA 3 МAPТ CТAPТИPA БЯCНA PУCКA ПPOПAГAНДA - PAДEВ И КPEМЪЛ ЩE НИ ПPEВЪPНAТ В CИНГAПУP НA EВPOПA (видeo) Димитъp Ивaнoв Пocлaниятa нa „Нoвocтнoй Вeктop“ нocят вcички бeлeзи нa pуcкaтa xибpиднa вoйнa и ca инфopмaциoннa и пpoпaгaнднa aтaкa cpeщу бългapcкия път c Eвpoпa и НAТO Caмo дeн cлeд кaтo ЦИК peгиcтpиpa фopмaциятa „Пpoгpecивнa Бългapия“, c кoятo Pумeн Paдeв щe ce яви нa избopитe зa …Прочети целия коментар Нapoднo cъбpaниe нa 19 aпpил тaзи гoдинa, в Pуcия cтapтиpa мoщнa пpoпaгaндa в нeгoвa пoдкpeпa. Мpъcнaтa xибpиднa пpoпaгaндa нa кpeмълcкитe пpoкcитa cъвпaднa и c дaтaтa 3 мapт – cпopeн нaциoнaлeн пpaзник нa Бългapия, кoйтo гoдини нapeд paзeдинявa и пpoтивoпocтaвя нaциятa. В Тeлeгpaм кaнaлa „Нoвocтнoй Вeктop“ oкoлo 13 чaca бългapcкo вpeмe днec бe публикувaн oбшиpeн видeo aнaлиз, пocвeтeн нa Бългapия и нeйнoтo бъдeщe. Към 19 чaca бългapcкo вpeмe тoй вeчe e видян oт близo 60 xиляди пoceтитeли, a нaд 500 ca кoмeнтиpaщитe тeмaтa, в тoтaлнa pуcкa пoдкpeпa. Cпopeд aвтopитe Бългapия, дългo вpeмe e cмятaнa зa „тиxия тил“ нa Зaпaдa, нo внeзaпнo ce oкaзa в цeнтъpa нa aмбициoзнa мaнeвpa, cпocoбнa дa пpoмeни бaлaнca нa cилитe нa Бaлкaнитe? „Бaлкaнcки гaмбит“,… cцeнapий нa „мeкa cилa“,… нeутpaлитeт, тoвa щялo дa ни ocигуpи виcoк cтaндapт нa живoтa, oбeщaвaт нa Бългapия oт paзopeнaтa oт вoйни и кopупция, мизepcтвaщa и ocкoтявaщa Pуcия.» https://faktor.bg/na-3-mart-startira-bqsna-ruska-propaganda-radev-i-kremal-shte-ni-prevarnat-v-singapur-na-evropa-video",Филка Русофилка,7.03.2026 (сб) 15:57:36,7,0,2026-06-11 23:55:52
mediapool.bg,https://www.mediapool.bg/izbori-2026-cat130.html?page=11,https://www.mediapool.bg/radev-malchi-kakvo-govoryat-horata-i-partiite-v-koalitsiyata-mu-news380927.html,"Радев мълчи. Какво ""говорят"" хората и партиите в коалицията му",2026-03-06 07:47:40,,48,"Според мен Радев се готви да атакува парламента два пъти - сега с коалицията, в която не участва като физическо лице и наесен с вече собствена партия на избори 2 в 1, когато ще е имал време да си изгради партийни структури в страната. Даже той е наясно, че сега не може да има 120 депутати, а егото му, на самоповярвал си като любимец на народа, ще бъде задоволено само, ако са 120 и повече и затова ще продължи да опитва. Междувременно няма да се изненадам, ако неявно се коалира с ГЕРБ до есента и да измислят някаква недъгава форма на програмно правителство за няколко месеца, за да могат да се дистанцират от решенията му.",dum,7.03.2026 (сб) 10:44:44,8,0,2026-06-11 23:55:52
mediapool.bg,https://www.mediapool.bg/izbori-2026-cat130.html?page=11,https://www.mediapool.bg/radev-malchi-kakvo-govoryat-horata-i-partiite-v-koalitsiyata-mu-news380927.html,"Радев мълчи. Какво ""говорят"" хората и партиите в коалицията му",2026-03-06 07:47:40,,47,"За липсата на програма не съм съгласен. Програма има и тя му е спусната от масква, само че не е за пред хората.",Raptor,7.03.2026 (сб) 8:27:58,11,1,2026-06-11 23:55:52
mediapool.bg,https://www.mediapool.bg/izbori-2026-cat130.html?page=11,https://www.mediapool.bg/radev-malchi-kakvo-govoryat-horata-i-partiite-v-koalitsiyata-mu-news380927.html,"Радев мълчи. Какво ""говорят"" хората и партиите в коалицията му",2026-03-06 07:47:40,,46,"Лети надолу, но този път ,ще наблюдаваме итензивна ,яростна руска намеса в изборите. Само масово участие в изборите може да пресече нейните агенти : от ИТН надолу !",Александър Борисов,7.03.2026 (сб) 6:19:27,7,0,2026-06-11 23:55:52
mediapool.bg,https://www.mediapool.bg/izbori-2026-cat130.html?page=11,https://www.mediapool.bg/radev-malchi-kakvo-govoryat-horata-i-partiite-v-koalitsiyata-mu-news380927.html,"Радев мълчи. Какво ""говорят"" хората и партиите в коалицията му",2026-03-06 07:47:40,,45,"Русофил, заклел се да ни върне в орбитата на Русия. Посредствен нагаждач, страхотно напомня Тодор Живков /даже и по физиономия/. Бог да ни пази от този руски лакей!",Александър Борисов,7.03.2026 (сб) 6:06:06,7,1,2026-06-11 23:55:52
mediapool.bg,https://www.mediapool.bg/izbori-2026-cat130.html?page=11,https://www.mediapool.bg/radev-malchi-kakvo-govoryat-horata-i-partiite-v-koalitsiyata-mu-news380927.html,"Радев мълчи. Какво ""говорят"" хората и партиите в коалицията му",2026-03-06 07:47:40,,44,"Това е стратегията за модерен прогрес. Мълчиш като пукал, иначе се оплиташ като пате в кълчища и ставаш за смях.",Megadonkey,7.03.2026 (сб) 0:52:56,11,1,2026-06-11 23:55:52
mediapool.bg,https://www.mediapool.bg/izbori-2026-cat130.html?page=11,https://www.mediapool.bg/radev-malchi-kakvo-govoryat-horata-i-partiite-v-koalitsiyata-mu-news380927.html,"Радев мълчи. Какво ""говорят"" хората и партиите в коалицията му",2026-03-06 07:47:40,,43,"Е, не е нужно да казва нищо, ""по делата им ще ги познаете"". Девет години - Крим е руски, БОТАШ е супер изгоден, напред към раZия, не на еврото. Какво още да каже? Че шайката около него и най-вече ТИМ искат държавно представителство, щото им трябва за бизнеса? Знаем, че рундю БОТАША не блести с интелект и харизма, но чак толкова тып дори той не ми се вярва да е. А и щом отвори уста, рейтингите му се сриват. Ще мълчи до изборите. После жална ни майка!",ПyтлЭр Xyйло,6.03.2026 (пт) 23:56:05,19,1,2026-06-11 23:55:52
mediapool.bg,https://www.mediapool.bg/izbori-2026-cat130.html?page=11,https://www.mediapool.bg/alfa-risarch-proektat-na-rumen-radev-s-prednina-ot-13-pred-gerb-news380888.html,"""Алфа Рисърч"": Проектът на Румен Радев с преднина от 13% пред ГЕРБ",2026-03-05 09:05:06,,60,"Агенция ""Алфа Рисъч в сянка"" пита : кой е най-любимият водач за българският народ, измежду Бат Бойко, Шиши и каZачок-Боташа ? Победителят може да избере поста ,частен секретар на Министъра на спирта, или на Министъра с очите на кокер-шпаньол !",Александър Борисов,20.03.2026 (пт) 2:58:43,0,1,2026-06-11 23:56:03
mediapool.bg,https://www.mediapool.bg/izbori-2026-cat130.html?page=11,https://www.mediapool.bg/alfa-risarch-proektat-na-rumen-radev-s-prednina-ot-13-pred-gerb-news380888.html,"""Алфа Рисърч"": Проектът на Румен Радев с преднина от 13% пред ГЕРБ",2026-03-05 09:05:06,,59,"Няма ли някой да ни каже колко процента доверие на българите, е завоювала Алфа Рисъч ?",Александър Борисов,20.03.2026 (пт) 2:45:57,0,1,2026-06-11 23:56:03
mediapool.bg,https://www.mediapool.bg/izbori-2026-cat130.html?page=11,https://www.mediapool.bg/alfa-risarch-proektat-na-rumen-radev-s-prednina-ot-13-pred-gerb-news380888.html,"""Алфа Рисърч"": Проектът на Румен Радев с преднина от 13% пред ГЕРБ",2026-03-05 09:05:06,,58,"Явно, анкетата е проведена измежду избирателите на Радев. Толкова ли е закъсала за стотинки тази агенция! Тя, много отдавна накуцва, но този път е в инвалидна количка.",Александър Борисов,20.03.2026 (пт) 2:39:01,0,1,2026-06-11 23:56:03
mediapool.bg,https://www.mediapool.bg/izbori-2026-cat130.html?page=11,https://www.mediapool.bg/alfa-risarch-proektat-na-rumen-radev-s-prednina-ot-13-pred-gerb-news380888.html,"""Алфа Рисърч"": Проектът на Румен Радев с преднина от 13% пред ГЕРБ",2026-03-05 09:05:06,,57,"Алфа Рисърч скапана платена рейтингова агенция, като всички останали напълно безполезна.",vsop,20.03.2026 (пт) 0:40:51,1,1,2026-06-11 23:56:03
mediapool.bg,https://www.mediapool.bg/izbori-2026-cat130.html?page=11,https://www.mediapool.bg/alfa-risarch-proektat-na-rumen-radev-s-prednina-ot-13-pred-gerb-news380888.html,"""Алфа Рисърч"": Проектът на Румен Радев с преднина от 13% пред ГЕРБ",2026-03-05 09:05:06,,56,"Какъв кеф, ИТН няма да са в парламента!",Шерлок Холмс,19.03.2026 (чт) 19:18:52,2,0,2026-06-11 23:56:03
mediapool.bg,https://www.mediapool.bg/izbori-2026-cat130.html?page=11,https://www.mediapool.bg/alfa-risarch-proektat-na-rumen-radev-s-prednina-ot-13-pred-gerb-news380888.html,"""Алфа Рисърч"": Проектът на Румен Радев с преднина от 13% пред ГЕРБ",2026-03-05 09:05:06,,55,За пРезидент Радефф!,Himler,7.03.2026 (сб) 20:37:17,0,1,2026-06-11 23:56:03
mediapool.bg,https://www.mediapool.bg/izbori-2026-cat130.html?page=11,https://www.mediapool.bg/alfa-risarch-proektat-na-rumen-radev-s-prednina-ot-13-pred-gerb-news380888.html,"""Алфа Рисърч"": Проектът на Румен Радев с преднина от 13% пред ГЕРБ",2026-03-05 09:05:06,,54,"Червената армия скоро ще е на Дунава и очаква в България да я посрещне симпатизиращо и правителство. Иначе ще размитат здраво - няма да питат кой ваш, кой наш. Хайде сега анализаторите в сайта да кажат кой да взема властта.",Ravel,6.03.2026 (пт) 12:37:07,0,11,2026-06-11 23:56:03
mediapool.bg,https://www.mediapool.bg/izbori-2026-cat130.html?page=11,https://www.mediapool.bg/alfa-risarch-proektat-na-rumen-radev-s-prednina-ot-13-pred-gerb-news380888.html,"""Алфа Рисърч"": Проектът на Румен Радев с преднина от 13% пред ГЕРБ",2026-03-05 09:05:06,,53,"партията на льотчика ВЕЧЕ се е коалирала с гЭрб и с въZраждане - барем половината от процентите и гласовете на партия (и грешка ...) са именно намалелите (и изтекли към ""проБъ"") проценти на . . . отвратително близките им гЭрб и с въZраждане . . .",Bлaдo,6.03.2026 (пт) 10:48:14,2,0,2026-06-11 23:56:03
mediapool.bg,https://www.mediapool.bg/izbori-2026-cat130.html?page=11,https://www.mediapool.bg/27-partii-i-koalitsii-se-registriraha-za-izborite-news380847.html,27 партии и коалиции се регистрираха за изборите,2026-03-04 19:37:36,,3,Холограмата Мунчо трудно ще мине 500 хил.гласа.,АСТОР,5.03.2026 (чт) 0:00:18,4,0,2026-06-11 23:56:04
mediapool.bg,https://www.mediapool.bg/izbori-2026-cat130.html?page=11,https://www.mediapool.bg/27-partii-i-koalitsii-se-registriraha-za-izborite-news380847.html,27 партии и коалиции се регистрираха за изборите,2026-03-04 19:37:36,,2,"Страхливецът мунчо - не е председател на коалицията, а се крие в мазето.",мунчо в затвора!,4.03.2026 (ср) 12:23:11,6,2,2026-06-11 23:56:04
mediapool.bg,https://www.mediapool.bg/izbori-2026-cat130.html?page=11,https://www.mediapool.bg/27-partii-i-koalitsii-se-registriraha-za-izborite-news380847.html,27 партии и коалиции се регистрираха за изборите,2026-03-04 19:37:36,,1,"Вождове чок, индианец йок.",Един препатил,4.03.2026 (ср) 9:19:51,7,1,2026-06-11 23:56:04
mediapool.bg,https://www.mediapool.bg/izbori-2026-cat130.html?page=11,https://www.mediapool.bg/politolog-vazmozhna-e-poreditsa-ot-izbori-za-da-ukrepne-proektat-na-radev-news380861.html,"Политолог: Възможна е поредица от избори, за да укрепне проектът на Радев",2026-03-04 13:40:47,,10,"Ще укрепне! Като проектите на ""Царя"" и чагаря.",Рим,7.03.2026 (сб) 16:21:08,0,0,2026-06-11 23:56:05
mediapool.bg,https://www.mediapool.bg/izbori-2026-cat130.html?page=11,https://www.mediapool.bg/politolog-vazmozhna-e-poreditsa-ot-izbori-za-da-ukrepne-proektat-na-radev-news380861.html,"Политолог: Възможна е поредица от избори, за да укрепне проектът на Радев",2026-03-04 13:40:47,,9,Регистрирана е коалиция Плешива Путинска маймуна!,полк. Дрангов,5.03.2026 (чт) 2:18:59,2,1,2026-06-11 23:56:05
mediapool.bg,https://www.mediapool.bg/izbori-2026-cat130.html?page=11,https://www.mediapool.bg/politolog-vazmozhna-e-poreditsa-ot-izbori-za-da-ukrepne-proektat-na-radev-news380861.html,"Политолог: Възможна е поредица от избори, за да укрепне проектът на Радев",2026-03-04 13:40:47,,8,Холограмата Мунчо ще катастрофира на 19.4.,АСТОР,5.03.2026 (чт) 0:04:52,3,1,2026-06-11 23:56:05
mediapool.bg,https://www.mediapool.bg/izbori-2026-cat130.html?page=11,https://www.mediapool.bg/politolog-vazmozhna-e-poreditsa-ot-izbori-za-da-ukrepne-proektat-na-radev-news380861.html,"Политолог: Възможна е поредица от избори, за да укрепне проектът на Радев",2026-03-04 13:40:47,,7,"Подозирам, че имат предвид масата, които търсят фигура да ги спасява. И не четат партийни платформи.",Ганди,4.03.2026 (ср) 22:20:12,3,0,2026-06-11 23:56:05
mediapool.bg,https://www.mediapool.bg/izbori-2026-cat130.html?page=11,https://www.mediapool.bg/politolog-vazmozhna-e-poreditsa-ot-izbori-za-da-ukrepne-proektat-na-radev-news380861.html,"Политолог: Възможна е поредица от избори, за да укрепне проектът на Радев",2026-03-04 13:40:47,,6,Политолозите в България говорят само за фигури а не за политически формации. Лидерите са само фигури. Не е ли по-смислено да дадеш вота си за за партия или коалиция която има ясна програма която сам поддържаш?,Само Явор,4.03.2026 (ср) 19:09:55,19,0,2026-06-11 23:56:05
mediapool.bg,https://www.mediapool.bg/izbori-2026-cat130.html?page=11,https://www.mediapool.bg/politolog-vazmozhna-e-poreditsa-ot-izbori-za-da-ukrepne-proektat-na-radev-news380861.html,"Политолог: Възможна е поредица от избори, за да укрепне проектът на Радев",2026-03-04 13:40:47,,5,няма проблем ако правителството Гюров остане,Само Явор,4.03.2026 (ср) 19:08:04,15,0,2026-06-11 23:56:05
mediapool.bg,https://www.mediapool.bg/izbori-2026-cat130.html?page=11,https://www.mediapool.bg/politolog-vazmozhna-e-poreditsa-ot-izbori-za-da-ukrepne-proektat-na-radev-news380861.html,"Политолог: Възможна е поредица от избори, за да укрепне проектът на Радев",2026-03-04 13:40:47,,3,"Демек от Рубльо да очакваме същото като от Сплави - да блокира изборния процес и да казва „нема да се коалирам с никого, дайте ми мнозинство“ - докато накрая не стане четвъртостепенна политическа сила и не се коалира с „олигархията“ (която впрочем не смее да спомене поименно)",variomatic,4.03.2026 (ср) 15:44:13,20,0,2026-06-11 23:56:05
mediapool.bg,https://www.mediapool.bg/izbori-2026-cat130.html?page=11,https://www.mediapool.bg/politolog-vazmozhna-e-poreditsa-ot-izbori-za-da-ukrepne-proektat-na-radev-news380861.html,"Политолог: Възможна е поредица от избори, за да укрепне проектът на Радев",2026-03-04 13:40:47,,2,Бащата на всички шарлатански проекти!,т€еритория на Мики Маус,4.03.2026 (ср) 14:42:58,2,20,2026-06-11 23:56:05
mediapool.bg,https://www.mediapool.bg/izbori-2026-cat130.html?page=11,https://www.mediapool.bg/politolog-vazmozhna-e-poreditsa-ot-izbori-za-da-ukrepne-proektat-na-radev-news380861.html,"Политолог: Възможна е поредица от избори, за да укрепне проектът на Радев",2026-03-04 13:40:47,,1,"Едно от мекеретата на мунчо Александър Маринов директно си го призна - няма да вземат пълно мнозинство на 19 април и ще разчитат на нови предсрочни избори.Само че това ще е пълна катастрофа за мунчо, защото след като видят, че не може да управлява от първия път, избирателите ще избягат от него.Целта сега е мунчо да бъде изолиран от всички партии след изборите, за да се ходи на нови заедно с президентските.",мунчо в затвора!,4.03.2026 (ср) 14:32:43,3,7,2026-06-11 23:56:05
mediapool.bg,https://www.mediapool.bg/izbori-2026-cat130.html?page=11,https://www.mediapool.bg/mene-me-nema-v-tselata-shema-desislava-radeva-se-razgranichi-ot-noviya-proekt-na-sapruga-si-news380851.html,"""Мене ме нема в целата схема"": Десислава Радева се разграничи от новия проект на съпруга си",2026-03-04 10:47:48,,22,"Нискочелo е изцвъканото от ЖПО на майка ти, а преди това материалът е бил събиран от рогоZката :D",БЕЗПАРТИЕН,7.03.2026 (сб) 8:23:03,0,0,2026-06-11 23:56:15
mediapool.bg,https://www.mediapool.bg/izbori-2026-cat130.html?page=11,https://www.mediapool.bg/mene-me-nema-v-tselata-shema-desislava-radeva-se-razgranichi-ot-noviya-proekt-na-sapruga-si-news380851.html,"""Мене ме нема в целата схема"": Десислава Радева се разграничи от новия проект на съпруга си",2026-03-04 10:47:48,,21,Я надуй дядо кавала.,Маг Пепи и момата казаков,5.03.2026 (чт) 7:52:55,0,11,2026-06-11 23:56:15
mediapool.bg,https://www.mediapool.bg/izbori-2026-cat130.html?page=11,https://www.mediapool.bg/mene-me-nema-v-tselata-shema-desislava-radeva-se-razgranichi-ot-noviya-proekt-na-sapruga-si-news380851.html,"""Мене ме нема в целата схема"": Десислава Радева се разграничи от новия проект на съпруга си",2026-03-04 10:47:48,,20,"С две партии социалдемократи, Радев други ще клати. Затова и Деса я нема в целата схема.",Ravel,5.03.2026 (чт) 7:52:15,1,9,2026-06-11 23:56:15
mediapool.bg,https://www.mediapool.bg/izbori-2026-cat130.html?page=11,https://www.mediapool.bg/mene-me-nema-v-tselata-shema-desislava-radeva-se-razgranichi-ot-noviya-proekt-na-sapruga-si-news380851.html,"""Мене ме нема в целата схема"": Десислава Радева се разграничи от новия проект на съпруга си",2026-03-04 10:47:48,,19,Моля ви не и публикувайте снимки в близък план !,anton nikolov,5.03.2026 (чт) 4:18:34,4,1,2026-06-11 23:56:15
mediapool.bg,https://www.mediapool.bg/izbori-2026-cat130.html?page=11,https://www.mediapool.bg/mene-me-nema-v-tselata-shema-desislava-radeva-se-razgranichi-ot-noviya-proekt-na-sapruga-si-news380851.html,"""Мене ме нема в целата схема"": Десислава Радева се разграничи от новия проект на съпруга си",2026-03-04 10:47:48,,18,Регистрирана е коалиция Плешива Путинска маймуна!,полк. Дрангов,5.03.2026 (чт) 2:23:11,3,2,2026-06-11 23:56:15
mediapool.bg,https://www.mediapool.bg/izbori-2026-cat130.html?page=11,https://www.mediapool.bg/mene-me-nema-v-tselata-shema-desislava-radeva-se-razgranichi-ot-noviya-proekt-na-sapruga-si-news380851.html,"""Мене ме нема в целата схема"": Десислава Радева се разграничи от новия проект на съпруга си",2026-03-04 10:47:48,,17,Ми на КОЙ??? Нищо че се пишат противници.Шефовете са им едни и същи.,Мански,5.03.2026 (чт) 1:17:26,2,0,2026-06-11 23:56:15
mediapool.bg,https://www.mediapool.bg/izbori-2026-cat130.html?page=11,https://www.mediapool.bg/mene-me-nema-v-tselata-shema-desislava-radeva-se-razgranichi-ot-noviya-proekt-na-sapruga-si-news380851.html,"""Мене ме нема в целата схема"": Десислава Радева се разграничи от новия проект на съпруга си",2026-03-04 10:47:48,,16,Деса му бие шута.Скоро и народът.,АСТОР,5.03.2026 (чт) 0:02:50,4,0,2026-06-11 23:56:15
mediapool.bg,https://www.mediapool.bg/izbori-2026-cat130.html?page=11,https://www.mediapool.bg/mene-me-nema-v-tselata-shema-desislava-radeva-se-razgranichi-ot-noviya-proekt-na-sapruga-si-news380851.html,"""Мене ме нема в целата схема"": Десислава Радева се разграничи от новия проект на съпруга си",2026-03-04 10:47:48,,15,Абе рундю каZачок-БОТАША още би я ползва за боксова круша? Та беше се скрила чак в САЩ?,ПyтлЭр Xyйло,4.03.2026 (ср) 23:34:48,15,0,2026-06-11 23:56:15
mediapool.bg,https://www.mediapool.bg/izbori-2026-cat130.html?page=11,https://www.mediapool.bg/mene-me-nema-v-tselata-shema-desislava-radeva-se-razgranichi-ot-noviya-proekt-na-sapruga-si-news380851.html,"""Мене ме нема в целата схема"": Десислава Радева се разграничи от новия проект на съпруга си",2026-03-04 10:47:48,,14,Лика-прилика са си тези.,Ганди,4.03.2026 (ср) 22:11:28,4,0,2026-06-11 23:56:15
mediapool.bg,https://www.mediapool.bg/izbori-2026-cat130.html?page=11,https://www.mediapool.bg/mene-me-nema-v-tselata-shema-desislava-radeva-se-razgranichi-ot-noviya-proekt-na-sapruga-si-news380851.html,"""Мене ме нема в целата схема"": Десислава Радева се разграничи от новия проект на съпруга си",2026-03-04 10:47:48,,13,"Това, че екс-министърката Бонева е отказала да се води по акъла на ниcкoчелия Мирчев, изведнъж я издига в очите ми. Допускам, че намекът за училището ""Космос"" може да е само опит да я дискредитират.",Sgt. Pepper,4.03.2026 (ср) 19:09:20,3,12,2026-06-11 23:56:15
mediapool.bg,https://www.mediapool.bg/izbori-2026-cat130.html?page=11,https://www.mediapool.bg/radev-tragvame-na-pohod-za-badeshteto-na-bulgaria-news380830.html,Радев: Тръгваме на поход за бъдещето на България,2026-03-03 12:20:31,,68,Партията трябва да се казва Гълъб Боташ. Такова ще е бъдещето нат България.,Dedooo,4.03.2026 (ср) 10:27:30,5,0,2026-06-11 23:56:26
mediapool.bg,https://www.mediapool.bg/izbori-2026-cat130.html?page=11,https://www.mediapool.bg/radev-tragvame-na-pohod-za-badeshteto-na-bulgaria-news380830.html,Радев: Тръгваме на поход за бъдещето на България,2026-03-03 12:20:31,,67,Нещо за харвардските мошеници да напишеш? Червените боклуци ги знаем отдавна. ;),Мазен Кумунис,4.03.2026 (ср) 9:41:48,2,4,2026-06-11 23:56:26
mediapool.bg,https://www.mediapool.bg/izbori-2026-cat130.html?page=11,https://www.mediapool.bg/radev-tragvame-na-pohod-za-badeshteto-na-bulgaria-news380830.html,Радев: Тръгваме на поход за бъдещето на България,2026-03-03 12:20:31,,66,"Ако гласуват за комунистическата маймуна и неговите закапечета, значи са попараци. Опариха се с мадридския мошеник, опариха се с Куневица и компания, лапат попарата на пожарникаря и пак търсят спасител. Чака ги Азия и нов Съветски съюз. Каквото надробят, ще си го сърбат!",Dedooo,4.03.2026 (ср) 9:34:03,6,0,2026-06-11 23:56:26
mediapool.bg,https://www.mediapool.bg/izbori-2026-cat130.html?page=11,https://www.mediapool.bg/radev-tragvame-na-pohod-za-badeshteto-na-bulgaria-news380830.html,Радев: Тръгваме на поход за бъдещето на България,2026-03-03 12:20:31,,65,"Интересно, защо логото на т.нар. ""Прогресивна България"" се интерпретира само като сочещо надясно? На мен посоката ми прилича да е на североизток; т.е. към Москва...",Маги,4.03.2026 (ср) 9:02:26,7,0,2026-06-11 23:56:26
mediapool.bg,https://www.mediapool.bg/izbori-2026-cat130.html?page=11,https://www.mediapool.bg/radev-tragvame-na-pohod-za-badeshteto-na-bulgaria-news380830.html,Радев: Тръгваме на поход за бъдещето на България,2026-03-03 12:20:31,,64,"Всеки се дърпа от русофилистика и вика - вземи го ти! Включително и децата му! Неблагодарни тия шарлатани, ей! ;)",Мазен Кумунис,4.03.2026 (ср) 8:39:17,1,5,2026-06-11 23:56:26
mediapool.bg,https://www.mediapool.bg/izbori-2026-cat130.html?page=11,https://www.mediapool.bg/radev-tragvame-na-pohod-za-badeshteto-na-bulgaria-news380830.html,Радев: Тръгваме на поход за бъдещето на България,2026-03-03 12:20:31,,63,"Точно така, Москва сложи Радев, за да помете всички и да раздава картите в новия политически живот. Горко им на НАТО с такъв натовски генерал. Но това е дереджето както се казва в песента на Ленард Коен - First we take Manhattan, then we take Berlin. За тези които не знаят английски - Сначала мы берем Манхэттен, потом берем Берлин",Ravel,4.03.2026 (ср) 8:19:25,6,2,2026-06-11 23:56:26
mediapool.bg,https://www.mediapool.bg/izbori-2026-cat130.html?page=11,https://www.mediapool.bg/radev-tragvame-na-pohod-za-badeshteto-na-bulgaria-news380830.html,Радев: Тръгваме на поход за бъдещето на България,2026-03-03 12:20:31,,62,Нито един коментар в подкрепа на мунчо.Така е и в другите форуми.Проклет да е мунчо!,мунчо в затвора!,4.03.2026 (ср) 8:09:53,7,0,2026-06-11 23:56:26
mediapool.bg,https://www.mediapool.bg/izbori-2026-cat130.html?page=11,https://www.mediapool.bg/radev-tragvame-na-pohod-za-badeshteto-na-bulgaria-news380830.html,Радев: Тръгваме на поход за бъдещето на България,2026-03-03 12:20:31,,61,Какъв бълхарски идиот е номер 46! Изключително!,Anticomm,4.03.2026 (ср) 8:09:30,5,1,2026-06-11 23:56:26
mediapool.bg,https://www.mediapool.bg/izbori-2026-cat130.html?page=11,https://www.mediapool.bg/radev-tragvame-na-pohod-za-badeshteto-na-bulgaria-news380830.html,Радев: Тръгваме на поход за бъдещето на България,2026-03-03 12:20:31,,60,"Гаден, по-гаден, най-гаден, мунчо.",мунчо в затвора!,4.03.2026 (ср) 8:06:51,6,0,2026-06-11 23:56:26
mediapool.bg,https://www.mediapool.bg/izbori-2026-cat130.html?page=11,https://www.mediapool.bg/radev-tragvame-na-pohod-za-badeshteto-na-bulgaria-news380830.html,Радев: Тръгваме на поход за бъдещето на България,2026-03-03 12:20:31,,59,"Добре, че вече съм в напреднала възраст, но младите да знаят, че ""бъдещето"", което рашиста Радев им обещава е Евразия и пълна реабилинация на комунизЪма! Всички събрани около него са дърти комуняги и техните синковци!",Anticomm,4.03.2026 (ср) 8:04:11,6,0,2026-06-11 23:56:26
mediapool.bg,https://www.mediapool.bg/izbori-2026-cat130.html?page=11,https://www.mediapool.bg/politicheskite-chestitki-za-3-mart-ot-izborite-do-osvobozhdenie-ot-mafiyata-obnovena-news380825.html,"Политическите честитки за 3 март: От изборите до ""освобождение от мафията"" (обновена)",2026-03-03 11:30:42,,8,"Мафията и мутрите са лицето на евро-атлантическто робство! Трошене на Козлодуй и ПАВЕЦ-Чаира, изгонване половината работещи българи да работят ИЗВЪН България!",т€еритория на Мики Маус,4.03.2026 (ср) 12:09:47,1,0,2026-06-11 23:56:27
mediapool.bg,https://www.mediapool.bg/izbori-2026-cat130.html?page=11,https://www.mediapool.bg/politicheskite-chestitki-za-3-mart-ot-izborite-do-osvobozhdenie-ot-mafiyata-obnovena-news380825.html,"Политическите честитки за 3 март: От изборите до ""освобождение от мафията"" (обновена)",2026-03-03 11:30:42,,7,"През 21 век освобождението идва не чрез избори, а чрез повече пари. Как да стане това?! Българските браншови организации трябва да следят европейските проекти, които са насочени към експорт. Това може да са фирми, които работят в отделни региони и държави с цел стабилизиране на местната икономика и спиране на миграцията. В Северна и Западна Африка има европейски проекти, свързани с енергетиката, земеделието, цифровизацията, климатичните промени. Нашите фирми биха могли да участват като подизпълнители или като работна сила. Това дава възможности за създаване на контакти, разширяване на портфолиото и придобиване на международен опит.",Е анита хегерланд,4.03.2026 (ср) 10:08:29,0,0,2026-06-11 23:56:27
mediapool.bg,https://www.mediapool.bg/izbori-2026-cat130.html?page=11,https://www.mediapool.bg/politicheskite-chestitki-za-3-mart-ot-izborite-do-osvobozhdenie-ot-mafiyata-obnovena-news380825.html,"Политическите честитки за 3 март: От изборите до ""освобождение от мафията"" (обновена)",2026-03-03 11:30:42,,6,"стига сте трили...Станахте, като дираджиите.",u9285467336,3.03.2026 (вт) 13:40:25,0,1,2026-06-11 23:56:27
mediapool.bg,https://www.mediapool.bg/izbori-2026-cat130.html?page=11,https://www.mediapool.bg/politicheskite-chestitki-za-3-mart-ot-izborite-do-osvobozhdenie-ot-mafiyata-obnovena-news380825.html,"Политическите честитки за 3 март: От изборите до ""освобождение от мафията"" (обновена)",2026-03-03 11:30:42,,5,"Йотова: ""Уважаеми дами и господа, на 3-ти март, през август, всички идваме насам...!"" Ама другарко Йотова, грешката е вярна! Защото точно през август са били боевете на Шипка, с решаващата роля на българските опълченци! А вие чий го търсите там на 3-ти март?",Рим,3.03.2026 (вт) 12:22:35,3,2,2026-06-11 23:56:27
mediapool.bg,https://www.mediapool.bg/izbori-2026-cat130.html?page=11,https://www.mediapool.bg/politicheskite-chestitki-za-3-mart-ot-izborite-do-osvobozhdenie-ot-mafiyata-obnovena-news380825.html,"Политическите честитки за 3 март: От изборите до ""освобождение от мафията"" (обновена)",2026-03-03 11:30:42,,4,На 20-ти април ще си честитим освожождението от ПППП - ПП п.е.д.о.ф.и.л.и Петрохан! ;),Мазен Кумунис,3.03.2026 (вт) 11:20:48,5,7,2026-06-11 23:56:27
mediapool.bg,https://www.mediapool.bg/izbori-2026-cat130.html?page=11,https://www.mediapool.bg/politicheskite-chestitki-za-3-mart-ot-izborite-do-osvobozhdenie-ot-mafiyata-obnovena-news380825.html,"Политическите честитки за 3 март: От изборите до ""освобождение от мафията"" (обновена)",2026-03-03 11:30:42,,3,"Как да се гордееш с 3-ти март (денят на подписване на един предварителен договор, между две империи), когато в момента на връх Шипка, руzките и възрожденски знамена, са повече от националния трибагреник?!?",ultra,3.03.2026 (вт) 11:02:58,7,4,2026-06-11 23:56:27
mediapool.bg,https://www.mediapool.bg/izbori-2026-cat130.html?page=11,https://www.mediapool.bg/politicheskite-chestitki-za-3-mart-ot-izborite-do-osvobozhdenie-ot-mafiyata-obnovena-news380825.html,"Политическите честитки за 3 март: От изборите до ""освобождение от мафията"" (обновена)",2026-03-03 11:30:42,,2,Първо от простите и крадливи гербер@сти от ново начало.,кривак,3.03.2026 (вт) 10:48:10,9,2,2026-06-11 23:56:27
mediapool.bg,https://www.mediapool.bg/izbori-2026-cat130.html?page=11,https://www.mediapool.bg/politicheskite-chestitki-za-3-mart-ot-izborite-do-osvobozhdenie-ot-mafiyata-obnovena-news380825.html,"Политическите честитки за 3 март: От изборите до ""освобождение от мафията"" (обновена)",2026-03-03 11:30:42,,1,От шарлатаните кога ще се освободим,ТРИЧАН ОТ КУЧЕТА,3.03.2026 (вт) 10:18:51,6,11,2026-06-11 23:56:27
mediapool.bg,https://www.mediapool.bg/izbori-2026-cat130.html?page=11,https://www.mediapool.bg/prodalzhavame-promyanata-vklyuchva-oshte-novi-litsa-v-listite-news380819.html,"""Продължаваме промяната"" включва още нови лица в листите",2026-03-02 19:05:06,,24,"Пишете кратки коментари , че осирането ви е голямо.",Ravel,5.03.2026 (чт) 12:09:31,1,0,2026-06-11 23:56:38
mediapool.bg,https://www.mediapool.bg/izbori-2026-cat130.html?page=11,https://www.mediapool.bg/prodalzhavame-promyanata-vklyuchva-oshte-novi-litsa-v-listite-news380819.html,"""Продължаваме промяната"" включва още нови лица в листите",2026-03-02 19:05:06,,23,Дежурните тролове се давят в плюнките си.,nsnikolov77,3.03.2026 (вт) 17:34:51,19,0,2026-06-11 23:56:38
mediapool.bg,https://www.mediapool.bg/izbori-2026-cat130.html?page=11,https://www.mediapool.bg/prodalzhavame-promyanata-vklyuchva-oshte-novi-litsa-v-listite-news380819.html,"""Продължаваме промяната"" включва още нови лица в листите",2026-03-02 19:05:06,,22,"А от онези с качулките ще включат ли, че да гласувам за шарлатаните?",полк. Дрангов,3.03.2026 (вт) 12:42:59,1,21,2026-06-11 23:56:38
mediapool.bg,https://www.mediapool.bg/izbori-2026-cat130.html?page=11,https://www.mediapool.bg/prodalzhavame-promyanata-vklyuchva-oshte-novi-litsa-v-listite-news380819.html,"""Продължаваме промяната"" включва още нови лица в листите",2026-03-02 19:05:06,,21,"Самият факт, че лай...метът на тружениците е включен на max, с такова настървение и комсомолски плам, а никога не се включва към нито една друга политическа формация, говори само за едно: ПП-ДБ Е ЕДИНСТВЕНАТА ОПОЗИЦИЯ на цялата останала комунистическо-олигархично-мафиотска и номенклатурна част от политическият естаблишмънт. Дерзайте, ребята!",ultra,3.03.2026 (вт) 9:38:01,20,1,2026-06-11 23:56:38
mediapool.bg,https://www.mediapool.bg/izbori-2026-cat130.html?page=11,https://www.mediapool.bg/prodalzhavame-promyanata-vklyuchva-oshte-novi-litsa-v-listite-news380819.html,"""Продължаваме промяната"" включва още нови лица в листите",2026-03-02 19:05:06,,20,"П.р.о.с.т.а.к, имай малко уважение към починалите.",ultra,3.03.2026 (вт) 9:28:10,20,0,2026-06-11 23:56:38
mediapool.bg,https://www.mediapool.bg/izbori-2026-cat130.html?page=11,https://www.mediapool.bg/prodalzhavame-promyanata-vklyuchva-oshte-novi-litsa-v-listite-news380819.html,"""Продължаваме промяната"" включва още нови лица в листите",2026-03-02 19:05:06,,19,Никой от тези няма да е сред 20-те депутати на ППДБ.,АСТОР,3.03.2026 (вт) 9:28:01,4,22,2026-06-11 23:56:38
mediapool.bg,https://www.mediapool.bg/izbori-2026-cat130.html?page=11,https://www.mediapool.bg/prodalzhavame-promyanata-vklyuchva-oshte-novi-litsa-v-listite-news380819.html,"""Продължаваме промяната"" включва още нови лица в листите",2026-03-02 19:05:06,,18,"Българските избиратели трябва да помнят, че политиката е сложна игра, която засяга живота на всички хора и целокупното богатство на страната, изразено в пари, проекти и възможности. В политиката няма втори шанс, няма отиграване на грешките. Те се правят само веднъж.",Е анита хегерланд,3.03.2026 (вт) 8:35:57,0,22,2026-06-11 23:56:38
mediapool.bg,https://www.mediapool.bg/izbori-2026-cat130.html?page=11,https://www.mediapool.bg/prodalzhavame-promyanata-vklyuchva-oshte-novi-litsa-v-listite-news380819.html,"""Продължаваме промяната"" включва още нови лица в листите",2026-03-02 19:05:06,,17,"Шарлатани, Молете се! Молете се на Буда вашият гуру Калушев - да възкръсне, като Иисус. И да ви покани отново на ""Петрохан"". Там ще ви бъде организирано ПедофилскоПарти! Ще бъдат осигурени и деца. :(",Мазен Кумунис,3.03.2026 (вт) 7:56:23,3,24,2026-06-11 23:56:38
mediapool.bg,https://www.mediapool.bg/izbori-2026-cat130.html?page=11,https://www.mediapool.bg/prodalzhavame-promyanata-vklyuchva-oshte-novi-litsa-v-listite-news380819.html,"""Продължаваме промяната"" включва още нови лица в листите",2026-03-02 19:05:06,,15,какви са тия смешници?,ozzy70,3.03.2026 (вт) 6:42:48,5,25,2026-06-11 23:56:38
mediapool.bg,https://www.mediapool.bg/izbori-2026-cat130.html?page=11,https://www.mediapool.bg/rumen-radev-otiva-na-izbori-s-progresivna-bulgaria-news380815.html,"Румен Радев отива на избори с ""Прогресивна България""",2026-03-02 15:29:08,,123,не си сина й. . . - ти си самата тьna мизерия . . .,Bлaдo,3.03.2026 (вт) 18:47:26,1,2,2026-06-11 23:56:48
mediapool.bg,https://www.mediapool.bg/izbori-2026-cat130.html?page=11,https://www.mediapool.bg/rumen-radev-otiva-na-izbori-s-progresivna-bulgaria-news380815.html,"Румен Радев отива на избори с ""Прогресивна България""",2026-03-02 15:29:08,,122,"Възможно е аз да съм заблуденият син на мизерията, на все пак съм искрен! Ще гласувам за Румен Радев, а не за кохортата около него, а той да се прави сметката,щото втори път няма! Бих подкрепил отново Коцето от Възражданае, ама много се овъргаляха в пара, привилегии и шашми. Едни от най атрактивните са набедените журналисти, режисьори, постановчици, продуценти от групата на онова тарикатче направило бая милиони.......Представяте ли си- Без съучастие на квартали апаши превърнали се в мафиоти! Мафиоти …Прочети целия коментар , ама друг път! Прости и крадливи! Имаха шанса да крадат в съучастие с полит. елит на държавата, да сливат обедите и вечерите с "" независимите "" магистрати и естествено да бъдат херои без риск за компаньонките им с разбити предници!",u9285467336,3.03.2026 (вт) 13:26:32,1,3,2026-06-11 23:56:48
mediapool.bg,https://www.mediapool.bg/izbori-2026-cat130.html?page=11,https://www.mediapool.bg/rumen-radev-otiva-na-izbori-s-progresivna-bulgaria-news380815.html,"Румен Радев отива на избори с ""Прогресивна България""",2026-03-02 15:29:08,,121,"Прогрес от алчен, корумпиран и пещерно глупав путиноид няма как да очакваме. От жалък славяновски цъ*рвул европейски трандафор не става. Колкото и облаги и рушвети да обещава на коленичилите просяци с избелели фуражки, резултатът ще е един - тотален провал. Тоя дръвн*ик за 9 години скъпо платена лежачка, като президент свърши НИЩО. НУЛА. Трябва да си тежко невменяе*м сега да очакваш повече от Боташ Бей.",Schopenberg,3.03.2026 (вт) 11:37:25,5,2,2026-06-11 23:56:48
mediapool.bg,https://www.mediapool.bg/izbori-2026-cat130.html?page=11,https://www.mediapool.bg/rumen-radev-otiva-na-izbori-s-progresivna-bulgaria-news380815.html,"Румен Радев отива на избори с ""Прогресивна България""",2026-03-02 15:29:08,,119,"В цял свят националните предатели гният по затворите, само в тъпа България си регистрират ""прогресивна"" партия, та дори се намират и отявлени лумпени които да агитират да гласуваме за очевидното природно недоразумение.",Inter,3.03.2026 (вт) 10:45:47,3,1,2026-06-11 23:56:48
mediapool.bg,https://www.mediapool.bg/izbori-2026-cat130.html?page=11,https://www.mediapool.bg/rumen-radev-otiva-na-izbori-s-progresivna-bulgaria-news380815.html,"Румен Радев отива на избори с ""Прогресивна България""",2026-03-02 15:29:08,,118,"ако обаче попитаме украинския Крим: Криме, чий е радев? . . . и Крим ще ни отговори със: Ми руски е, къв да е. . . (((-: . . . Лошото е, че Крим би отговорил така и за борисов.",Bлaдo,3.03.2026 (вт) 10:35:35,2,3,2026-06-11 23:56:48
mediapool.bg,https://www.mediapool.bg/izbori-2026-cat130.html?page=11,https://www.mediapool.bg/rumen-radev-otiva-na-izbori-s-progresivna-bulgaria-news380815.html,"Румен Радев отива на избори с ""Прогресивна България""",2026-03-02 15:29:08,,117,"Рундьо, Чий е Крим? ;)",Мазен Кумунис,3.03.2026 (вт) 10:14:47,1,2,2026-06-11 23:56:48
mediapool.bg,https://www.mediapool.bg/izbori-2026-cat130.html?page=11,https://www.mediapool.bg/rumen-radev-otiva-na-izbori-s-progresivna-bulgaria-news380815.html,"Румен Радев отива на избори с ""Прогресивна България""",2026-03-02 15:29:08,,116,тва име на партията на льотчика е идеално за . . . наслов на Пловдивския панаир . . .,Bлaдo,3.03.2026 (вт) 10:09:27,2,2,2026-06-11 23:56:48
mediapool.bg,https://www.mediapool.bg/izbori-2026-cat130.html?page=11,https://www.mediapool.bg/rumen-radev-otiva-na-izbori-s-progresivna-bulgaria-news380815.html,"Румен Радев отива на избори с ""Прогресивна България""",2026-03-02 15:29:08,,115,"признавам - много е силно и трогателно осъзнаването и самопризнанието на руския дЭZЭртьор сред нас (обръщение към руснаците #102) за качеството на руснаците му (тука го научихме да си ги нарича родните руснаци 'антибългари', за да не го бият много в мазето на миПрофанското посолство, а и защото руската мьpшa традиционно си е антибългарско нещо) . . . . Признавам също, че изцяло съм съгласен с него - да!, точно такива са руските му комунално-крЭпостни людоЭди. . .",Bлaдo,3.03.2026 (вт) 10:06:04,1,2,2026-06-11 23:56:48
mediapool.bg,https://www.mediapool.bg/izbori-2026-cat130.html?page=11,https://www.mediapool.bg/bashtata-na-ubitata-na-patya-siyana-se-yavyava-na-izbori-s-koalitsiya-siyanie-news380804.html,"Бащата на убитата на пътя Сияна се явява на избори с коалиция ""Сияние""",2026-03-01 18:11:04,,21,"Инициатива ""Правосъдие за всеки"", преди 18 минути - фейсбук: Интересна е заявката на Николай Попов да прави ""мащабна съдебна реформа"", коята явно се отнася само до Съда! Да припомним, че още при първите си медийни участия той каза, че ще оказва натиск върху политиците, но ще бъде извън политиката. А сега стигна до съдебната реформа!?",Благовест Цветанов,3.03.2026 (вт) 0:59:15,1,0,2026-06-11 23:56:59
mediapool.bg,https://www.mediapool.bg/izbori-2026-cat130.html?page=11,https://www.mediapool.bg/bashtata-na-ubitata-na-patya-siyana-se-yavyava-na-izbori-s-koalitsiya-siyanie-news380804.html,"Бащата на убитата на пътя Сияна се явява на избори с коалиция ""Сияние""",2026-03-01 18:11:04,,19,"Николай Попов е назначен за Изпълнителен Директор на общинското предприятие Пазари Юг ЕАД през 2012 г., като партийно назначение на ГЕРБ. Тогава е бил на 30 години, тъй като е набор 1982 г. Оттогава вече 14 години е шефче. Как точно ще се бори със статуквото и мафията, които са го инсталирани и 14 години му плащат заплатата и го издържат? Не е случайно, че не сме го чули да мъцне срещу мафията, срещу тези, за което се знае, че десетилетия крадяха милиони от парите за пътища. Затова пък... изненада... все ППДБ са му виновни и на него за всичко. Довиждане, итн, здравей Сияние....",Dark Knight,2.03.2026 (пн) 22:28:47,2,0,2026-06-11 23:56:59
mediapool.bg,https://www.mediapool.bg/izbori-2026-cat130.html?page=11,https://www.mediapool.bg/bashtata-na-ubitata-na-patya-siyana-se-yavyava-na-izbori-s-koalitsiya-siyanie-news380804.html,"Бащата на убитата на пътя Сияна се явява на избори с коалиция ""Сияние""",2026-03-01 18:11:04,,18,"Лъсна му жадния за политическа власт насранзадник на тоя фалшив герой. Отвратително гадно и противно е да си нарцис-кариерист, стъпил на трупа на дъщеря си. Защо пък не? Щом има примера на популярни мерзавци, като Бойко Б, Делян П, Румен Р, Борислав (Боби) С, Слави Тр, Тошко Й, Костадин К и т. н.",Schopenberg,2.03.2026 (пн) 12:13:22,8,1,2026-06-11 23:56:59
mediapool.bg,https://www.mediapool.bg/izbori-2026-cat130.html?page=11,https://www.mediapool.bg/bashtata-na-ubitata-na-patya-siyana-se-yavyava-na-izbori-s-koalitsiya-siyanie-news380804.html,"Бащата на убитата на пътя Сияна се явява на избори с коалиция ""Сияние""",2026-03-01 18:11:04,,17,Това се нарича мародерство - гавра с мъртъв човек.,Евгения Петрова_fb,2.03.2026 (пн) 12:11:05,4,1,2026-06-11 23:56:59
mediapool.bg,https://www.mediapool.bg/izbori-2026-cat130.html?page=11,https://www.mediapool.bg/bashtata-na-ubitata-na-patya-siyana-se-yavyava-na-izbori-s-koalitsiya-siyanie-news380804.html,"Бащата на убитата на пътя Сияна се явява на избори с коалиция ""Сияние""",2026-03-01 18:11:04,,15,Как се казва когато използваш едно мъртво тяло за лична изгода? И когато това е собствената ти дъщеричка. дете с ангелко лице?,boriana,2.03.2026 (пн) 11:21:26,4,1,2026-06-11 23:56:59
mediapool.bg,https://www.mediapool.bg/izbori-2026-cat130.html?page=11,https://www.mediapool.bg/bashtata-na-ubitata-na-patya-siyana-se-yavyava-na-izbori-s-koalitsiya-siyanie-news380804.html,"Бащата на убитата на пътя Сияна се явява на избори с коалиция ""Сияние""",2026-03-01 18:11:04,,14,"Няма дума, не имам една мума , но тя звучи толкова отблъс№№кващо, толкова мерр...ко, граничи с псих...отклонение, така ....филски. А партиите, които са съгласили да представляват само по себе си това ср...мойтийно нещо трябва да бъдат за..люти.",boriana,2.03.2026 (пн) 11:19:36,4,1,2026-06-11 23:56:59
mediapool.bg,https://www.mediapool.bg/izbori-2026-cat130.html?page=11,https://www.mediapool.bg/bashtata-na-ubitata-na-patya-siyana-se-yavyava-na-izbori-s-koalitsiya-siyanie-news380804.html,"Бащата на убитата на пътя Сияна се явява на избори с коалиция ""Сияние""",2026-03-01 18:11:04,,12,"За пореден път с горчивина обръщам внимание, че този човек или дълбоко не разбира проблема, довел до смъртта и на дъщеря му и на много други, или използва трагичното събитие за лична облага. Проблемите с правосъдието и най-вече липсата на професионализъм и чест в прокуратурата са факторите за почти всички трагедии в страната ни, но този човек продължава да не изговаря и да не се солидаризира с борците против това зло. Напротив, той рие точно в обратната посока. Съжалявам за детето му, но не мога да повярвам в чистотата на действията му.",АТ,2.03.2026 (пн) 8:41:04,10,0,2026-06-11 23:56:59
mediapool.bg,https://www.mediapool.bg/izbori-2026-cat130.html?page=11,https://www.mediapool.bg/tsik-ne-e-imala-iskane-za-otteglyaneto-na-tsitselkov-ot-obshtestveniya-savet-news380619.html,ЦИК не е имала искане за оттеглянето на Цицелков от Обществения съвет,2026-02-24 18:52:57,,7,"Като я слушам лелята ЦИК единствено може да си получава заплатата без никаква отговорност. Цяла година защо спахте за тези паравани. Просто изискване се иска, 25 см. параван иначе гласуването не започва. Толкова ли е трудно. Стига са си снимали бюлетините.",Нико Георгиев,25.02.2026 (ср) 8:49:20,5,0,2026-06-11 23:57:00
mediapool.bg,https://www.mediapool.bg/izbori-2026-cat130.html?page=11,https://www.mediapool.bg/tsik-ne-e-imala-iskane-za-otteglyaneto-na-tsitselkov-ot-obshtestveniya-savet-news380619.html,ЦИК не е имала искане за оттеглянето на Цицелков от Обществения съвет,2026-02-24 18:52:57,,5,"По-нагло изказване на член ЦИК не ях слушал от години. Но въобще не се учудвам, като имаме предвид, че въпросната женичка се оказа, че е попаднала в ЦИК от квотата на ""Изправи се, мутри вън"", едно недоразумение, което освен, че се разпадна, отдавна е в историята.",русенец,25.02.2026 (ср) 3:40:52,6,2,2026-06-11 23:57:00
mediapool.bg,https://www.mediapool.bg/izbori-2026-cat130.html?page=11,https://www.mediapool.bg/tsik-ne-e-imala-iskane-za-otteglyaneto-na-tsitselkov-ot-obshtestveniya-savet-news380619.html,ЦИК не е имала искане за оттеглянето на Цицелков от Обществения съвет,2026-02-24 18:52:57,,4,"""Видеонаблюдението също е отговорност на МС. До момента осигуряването му е възложено на „Информационно обслужване“, а дали това ще остане така, е решение на правителството."" Кой ще иска и кой няма да иска видеонаблюдение. Нали точно тези, които го сториха на предишните избори бяха ОБВИНЕНИ за нечестни избори. Май затова някои не искаха за служебен премиер Главчев.",ЛМС,24.02.2026 (вт) 20:52:46,2,6,2026-06-11 23:57:00
mediapool.bg,https://www.mediapool.bg/izbori-2026-cat130.html?page=11,https://www.mediapool.bg/tsik-ne-e-imala-iskane-za-otteglyaneto-na-tsitselkov-ot-obshtestveniya-savet-news380619.html,ЦИК не е имала искане за оттеглянето на Цицелков от Обществения съвет,2026-02-24 18:52:57,,3,Тия така ми писнаха с техните прост-отии.. Всички трябва да се оттеглят и да се сменят.,ozzy70,24.02.2026 (вт) 19:34:58,20,2,2026-06-11 23:57:00
mediapool.bg,https://www.mediapool.bg/izbori-2026-cat130.html?page=11,https://www.mediapool.bg/tsik-ne-e-imala-iskane-za-otteglyaneto-na-tsitselkov-ot-obshtestveniya-savet-news380619.html,ЦИК не е имала искане за оттеглянето на Цицелков от Обществения съвет,2026-02-24 18:52:57,,2,"ЦИК не е "" искала"", а е "" препоръчала"" ( и публично е оповестила пред медиите ""препоръката"" си). Наистина големи глупости.",valentinа паumova,24.02.2026 (вт) 19:34:30,26,1,2026-06-11 23:57:00
mediapool.bg,https://www.mediapool.bg/izbori-2026-cat130.html?page=11,https://www.mediapool.bg/tsik-ne-e-imala-iskane-za-otteglyaneto-na-tsitselkov-ot-obshtestveniya-savet-news380619.html,ЦИК не е имала искане за оттеглянето на Цицелков от Обществения съвет,2026-02-24 18:52:57,,1,Лелките пак започнаха с глупостите...,Леонардо,24.02.2026 (вт) 19:29:47,27,1,2026-06-11 23:57:00
mediapool.bg,https://www.mediapool.bg/izbori-2026-cat130.html?page=11,https://www.mediapool.bg/zapochva-registratsiyata-na-partii-i-koalitsii-za-izborite-news380585.html,Започва регистрацията на партии и коалиции за изборите,2026-02-24 08:01:58,,3,А чудовището мунчо още се крие в хотел Анел и не казва нищо за своята орда и боклуците в нея.,мунчо в затвора!,24.02.2026 (вт) 13:14:46,1,0,2026-06-11 23:57:01
mediapool.bg,https://www.mediapool.bg/izbori-2026-cat130.html?page=11,https://www.mediapool.bg/zapochva-registratsiyata-na-partii-i-koalitsii-za-izborite-news380585.html,Започва регистрацията на партии и коалиции за изборите,2026-02-24 08:01:58,,2,"Що не обясниш как става тая работа през ЕРП-тата, защото вече разбрах, че как става през машините-принтери никой не знае.",БГаньо,24.02.2026 (вт) 13:03:40,7,0,2026-06-11 23:57:01
mediapool.bg,https://www.mediapool.bg/izbori-2026-cat130.html?page=11,https://www.mediapool.bg/zapochva-registratsiyata-na-partii-i-koalitsii-za-izborite-news380585.html,Започва регистрацията на партии и коалиции за изборите,2026-02-24 08:01:58,,1,"Цената на ""димуркатичнити избури"" не е само 80 млн €/половин детска болница/, а включва и КРАДЕНЕ пари по ВСЕВЪЗМОЖНИ начини за КУПУВАНЕ гласове! Например през ЕРП-тата!",т€еритория на Мики Маус,24.02.2026 (вт) 10:02:53,1,12,2026-06-11 23:57:01
mediapool.bg,https://www.mediapool.bg/izbori-2026-cat130.html?page=12,https://www.mediapool.bg/izborite-na-19-april-shte-struvat-blizo-80-mln-evro-news380577.html,Изборите на 19 април ще струват близо 80 млн. евро,2026-02-23 18:19:54,,10,"Не можем да си позволим да сменяме правителствата и да харчим пари за нови избори. Правилата, които правят нестабилно избраното правителство, трябва да се променят.",Е анита хегерланд,3.03.2026 (вт) 8:38:09,0,0,2026-06-11 23:57:02
mediapool.bg,https://www.mediapool.bg/izbori-2026-cat130.html?page=12,https://www.mediapool.bg/izborite-na-19-april-shte-struvat-blizo-80-mln-evro-news380577.html,Изборите на 19 април ще струват близо 80 млн. евро,2026-02-23 18:19:54,,9,15% комисионна за партията.,АСТОР,23.02.2026 (пн) 23:04:52,1,5,2026-06-11 23:57:02
mediapool.bg,https://www.mediapool.bg/izbori-2026-cat130.html?page=12,https://www.mediapool.bg/izborite-na-19-april-shte-struvat-blizo-80-mln-evro-news380577.html,Изборите на 19 април ще струват близо 80 млн. евро,2026-02-23 18:19:54,,8,"Какъв е проблемът? Тази версия звучи напълно правдоподобно. Свършиха парите, на лъжи вече не могат да разчитат и започнаха с убийствата.",Един препатил,23.02.2026 (пн) 20:15:30,12,1,2026-06-11 23:57:02
mediapool.bg,https://www.mediapool.bg/izbori-2026-cat130.html?page=12,https://www.mediapool.bg/izborite-na-19-april-shte-struvat-blizo-80-mln-evro-news380577.html,Изборите на 19 април ще струват близо 80 млн. евро,2026-02-23 18:19:54,,4,"Хареса ми изказването на Андрей Гюров, че тези пари вече не са разход, а инвестиция. Който вдява да се сеща.",Един препатил,23.02.2026 (пн) 20:10:31,13,2,2026-06-11 23:57:02
mediapool.bg,https://www.mediapool.bg/izbori-2026-cat130.html?page=12,https://www.mediapool.bg/izborite-na-19-april-shte-struvat-blizo-80-mln-evro-news380577.html,Изборите на 19 април ще струват близо 80 млн. евро,2026-02-23 18:19:54,,3,"Глупости. Викаха тука, у тоа честен форум, че Мутросвините свършили парите и затуй озверяли, та утрепали хората от Петрохан.",Poro,23.02.2026 (пн) 19:11:54,1,12,2026-06-11 23:57:02
mediapool.bg,https://www.mediapool.bg/izbori-2026-cat130.html?page=12,https://www.mediapool.bg/izborite-na-19-april-shte-struvat-blizo-80-mln-evro-news380577.html,Изборите на 19 април ще струват близо 80 млн. евро,2026-02-23 18:19:54,,2,Със или без парите за купуване на гласове.,DG,23.02.2026 (пн) 18:53:38,0,13,2026-06-11 23:57:02
mediapool.bg,https://www.mediapool.bg/izbori-2026-cat130.html?page=12,https://www.mediapool.bg/izborite-na-19-april-shte-struvat-blizo-80-mln-evro-news380577.html,Изборите на 19 април ще струват близо 80 млн. евро,2026-02-23 18:19:54,,1,"Фирмите-обръчи на Свинята, Баце и Доган за купуване на гласове имат повече от 80 милиона Евро.",Любо от Далеч,23.02.2026 (пн) 18:35:45,14,1,2026-06-11 23:57:02
mediapool.bg,https://www.mediapool.bg/izbori-2026-cat130.html?page=12,https://www.mediapool.bg/formatsiyata-na-peevski-reshila-da-se-yavyava-samostoyatelno-na-izborite-news380559.html,Формацията на Пеевски решила да се явява самостоятелно на изборите,2026-02-23 15:19:43,,3,Естествено!!ДПС е ДВА пъти по-мощно от ТРИТЕ МИНИ партийки заедно в коалицийката на Розовите болшевики.,АСТОР,25.02.2026 (ср) 17:14:27,1,0,2026-06-11 23:57:03
mediapool.bg,https://www.mediapool.bg/izbori-2026-cat130.html?page=12,https://www.mediapool.bg/formatsiyata-na-peevski-reshila-da-se-yavyava-samostoyatelno-na-izborite-news380559.html,Формацията на Пеевски решила да се явява самостоятелно на изборите,2026-02-23 15:19:43,,2,"ДПС - съкращение на ""Делян Пеевски Cвuнята"".",Kapa o Pango,24.02.2026 (вт) 16:10:09,0,0,2026-06-11 23:57:03
mediapool.bg,https://www.mediapool.bg/izbori-2026-cat130.html?page=12,https://www.mediapool.bg/formatsiyata-na-peevski-reshila-da-se-yavyava-samostoyatelno-na-izborite-news380559.html,Формацията на Пеевски решила да се явява самостоятелно на изборите,2026-02-23 15:19:43,,1,"след като три пъти (предлагайки коалиция дори и на последните изпадняци) свинята е чул: ""разкарай се, ма, npacюго!"", формацията му е ""решила да се явява самостоятелно на изборите"" (((-;",Bлaдo,23.02.2026 (пн) 15:34:40,15,0,2026-06-11 23:57:03
mediapool.bg,https://www.mediapool.bg/izbori-2026-cat130.html?page=12,https://www.mediapool.bg/trend-radev-s-12-pred-gerb-bsp-i-mech-na-raba-news380541.html,"""Тренд"": Радев с 12% пред ГЕРБ, БСП и МЕЧ на ръба",2026-02-23 08:31:30,,93,"Да я ""измисли""?! В случая не трябва да се използват глаголи с корен ""мисля"" :)",PP,25.02.2026 (ср) 3:21:35,1,1,2026-06-11 23:57:14
mediapool.bg,https://www.mediapool.bg/izbori-2026-cat130.html?page=12,https://www.mediapool.bg/trend-radev-s-12-pred-gerb-bsp-i-mech-na-raba-news380541.html,"""Тренд"": Радев с 12% пред ГЕРБ, БСП и МЕЧ на ръба",2026-02-23 08:31:30,,92,"То направо като ""шахматна"" партия на три ръце. Само дето тримата общо имат акъл като на осмокласник. Но като ти харесват - знаем, че любовта е сляпа :)",PP,25.02.2026 (ср) 3:19:20,1,2,2026-06-11 23:57:14
mediapool.bg,https://www.mediapool.bg/izbori-2026-cat130.html?page=12,https://www.mediapool.bg/trend-radev-s-12-pred-gerb-bsp-i-mech-na-raba-news380541.html,"""Тренд"": Радев с 12% пред ГЕРБ, БСП и МЕЧ на ръба",2026-02-23 08:31:30,,91,Снимката кърти - толкова много мисъл струи между тия двамата...,PP,24.02.2026 (вт) 6:26:33,4,3,2026-06-11 23:57:14
mediapool.bg,https://www.mediapool.bg/izbori-2026-cat130.html?page=12,https://www.mediapool.bg/trend-radev-s-12-pred-gerb-bsp-i-mech-na-raba-news380541.html,"""Тренд"": Радев с 12% пред ГЕРБ, БСП и МЕЧ на ръба",2026-02-23 08:31:30,,90,"Ти пък, много искаш от човека. Няма как да стане...",PP,24.02.2026 (вт) 6:24:16,4,2,2026-06-11 23:57:14
mediapool.bg,https://www.mediapool.bg/izbori-2026-cat130.html?page=12,https://www.mediapool.bg/trend-radev-s-12-pred-gerb-bsp-i-mech-na-raba-news380541.html,"""Тренд"": Радев с 12% пред ГЕРБ, БСП и МЕЧ на ръба",2026-02-23 08:31:30,,89,"Преди време Осман Октай беше заявил ,че тарифата за един процент в социологическо проучване е 100 хиляди лева , така че си личи кой колко е получавал от Гадев.",anton nikolov,24.02.2026 (вт) 3:04:12,5,1,2026-06-11 23:57:14
mediapool.bg,https://www.mediapool.bg/izbori-2026-cat130.html?page=12,https://www.mediapool.bg/trend-radev-s-12-pred-gerb-bsp-i-mech-na-raba-news380541.html,"""Тренд"": Радев с 12% пред ГЕРБ, БСП и МЕЧ на ръба",2026-02-23 08:31:30,,88,"гласувайте за льотчика - трижди дЭZЭртьор! - той ""няма"" да ви изостави и ""няма"" да ви предаде. . . ;-))",Bлaдo,24.02.2026 (вт) 0:05:49,10,1,2026-06-11 23:57:14
mediapool.bg,https://www.mediapool.bg/izbori-2026-cat130.html?page=12,https://www.mediapool.bg/trend-radev-s-12-pred-gerb-bsp-i-mech-na-raba-news380541.html,"""Тренд"": Радев с 12% пред ГЕРБ, БСП и МЕЧ на ръба",2026-02-23 08:31:30,,87,не си,Bлaдo,23.02.2026 (пн) 21:01:28,14,1,2026-06-11 23:57:14
mediapool.bg,https://www.mediapool.bg/izbori-2026-cat130.html?page=12,https://www.mediapool.bg/trend-radev-s-12-pred-gerb-bsp-i-mech-na-raba-news380541.html,"""Тренд"": Радев с 12% пред ГЕРБ, БСП и МЕЧ на ръба",2026-02-23 08:31:30,,86,анонимната партия на льотчика се храни от трупа на герб... - комунистически канибализъм е това . . .,Bлaдo,23.02.2026 (пн) 21:00:31,18,2,2026-06-11 23:57:14
mediapool.bg,https://www.mediapool.bg/izbori-2026-cat130.html?page=12,https://www.mediapool.bg/trend-radev-s-12-pred-gerb-bsp-i-mech-na-raba-news380541.html,"""Тренд"": Радев с 12% пред ГЕРБ, БСП и МЕЧ на ръба",2026-02-23 08:31:30,,85,"Ако това е вярно, поне горе долу, значи че най-новите пълноправни граждани на Европа са на ниво феодализъм. Около една трета е готова да гласува за някаква формацияр с неизвестна програмар само защото някойсир който преди близо 8 години официално обяви Крим за руски, още не я е измислил.",Само Явор,23.02.2026 (пн) 20:55:08,20,0,2026-06-11 23:57:14
mediapool.bg,https://www.mediapool.bg/izbori-2026-cat130.html?page=12,https://www.mediapool.bg/trend-radev-s-12-pred-gerb-bsp-i-mech-na-raba-news380541.html,"""Тренд"": Радев с 12% пред ГЕРБ, БСП и МЕЧ на ръба",2026-02-23 08:31:30,,84,"Разлика в процентите между Радев (както и да се нарича партията/коалицията му) и ГЕРБ: 10% според ""Маркет линкс"", 12% според ""Тренд"", 14% според ""Мяра"". Въвеждам си ги в Екселския файл с колони (1) Дата, (2) Вид избори, (3) Прогнозни резултати, (4) Получени резултати и редове с имената на социологическите агенции. После анализирам - много е интересно и ясно личи кой на кого е плащал по 100000 (вече евро, предполагам) за 1%. Само да вметна (по принцип, а не от горната …Прочети целия коментар статия): ""Галъп Интернешънъл"" (Gallup International Association) няма нищо общо с ""Галъп Интернешънъл Болкан"" ЕАД, продадено от Андрей Райчев и Кънчо Стойчев на специално учреденото за целта акционерно дружество „Пакстън Рисърч“, чийто директор е Борислав Цеков. Предвид привлечените социолози, наблюдатели, експерти и т.н., не е трудно да се види, че това дружество гравитира около ГЕРБ. Няма лошо, но трябва да се знае - както от обикновените хора, които четат социологически изследвания, така и от ""мисирките"", които (волно или неволно) бъркат Gallup Inc., Gallup International Association и Галъп Интернешънъл Болкан.",Wiseman,23.02.2026 (пн) 20:17:06,16,1,2026-06-11 23:57:14
mediapool.bg,https://www.mediapool.bg/izbori-2026-cat130.html?page=12,https://www.mediapool.bg/raznoglasiya-za-rakovodstvata-na-rik-v-povecheto-gradove-news380531.html,Разногласия за ръководствата на РИК в повечето градове,2026-02-22 17:57:38,,7,"Знаем си, че в РИК, ЦИК и Информационно обслужване се кове победата на изборите. Така поне беше досега.",Voland,23.02.2026 (пн) 14:48:31,0,0,2026-06-11 23:57:15
mediapool.bg,https://www.mediapool.bg/izbori-2026-cat130.html?page=12,https://www.mediapool.bg/raznoglasiya-za-rakovodstvata-na-rik-v-povecheto-gradove-news380531.html,Разногласия за ръководствата на РИК в повечето градове,2026-02-22 17:57:38,,6,По тази логика не бива да има представители и на коалицията Поддържаме Педофилите Дебилска България,русенец,22.02.2026 (нд) 23:14:33,0,15,2026-06-11 23:57:15
mediapool.bg,https://www.mediapool.bg/izbori-2026-cat130.html?page=12,https://www.mediapool.bg/raznoglasiya-za-rakovodstvata-na-rik-v-povecheto-gradove-news380531.html,Разногласия за ръководствата на РИК в повечето градове,2026-02-22 17:57:38,,5,Представители на ДПС-Свинско начало и Израждане изобщо не бива да се допускат в РИК.,Козин Човков,22.02.2026 (нд) 22:45:04,17,0,2026-06-11 23:57:15
mediapool.bg,https://www.mediapool.bg/izbori-2026-cat130.html?page=12,https://www.mediapool.bg/raznoglasiya-za-rakovodstvata-na-rik-v-povecheto-gradove-news380531.html,Разногласия за ръководствата на РИК в повечето градове,2026-02-22 17:57:38,,4,Както знаеме РИК-овете служат на Свинята и Баце за крадене на гласове. Казвам само. ^^,Любо от Далеч,22.02.2026 (нд) 20:57:25,19,0,2026-06-11 23:57:15
mediapool.bg,https://www.mediapool.bg/izbori-2026-cat130.html?page=12,https://www.mediapool.bg/raznoglasiya-za-rakovodstvata-na-rik-v-povecheto-gradove-news380531.html,Разногласия за ръководствата на РИК в повечето градове,2026-02-22 17:57:38,,3,"Тези толупи работят един ден на няколко години, но си получават редовно заплатите. Поредните незаменими наши хора",луд,22.02.2026 (нд) 20:53:33,1,2,2026-06-11 23:57:15
mediapool.bg,https://www.mediapool.bg/izbori-2026-cat130.html?page=12,https://www.mediapool.bg/raznoglasiya-za-rakovodstvata-na-rik-v-povecheto-gradove-news380531.html,Разногласия за ръководствата на РИК в повечето градове,2026-02-22 17:57:38,,2,"Нещо няма ли да кажеш за партийката, чийто лидер изрече ""Лама"" и направи будистки жест, след което се заля в кръшен смях след съвещанието с актива на партийката МУ. По-голяма простотия скоро не бях виждал.",БГаньо,22.02.2026 (нд) 20:42:55,21,1,2026-06-11 23:57:15
mediapool.bg,https://www.mediapool.bg/izbori-2026-cat130.html?page=12,https://www.mediapool.bg/raznoglasiya-za-rakovodstvata-na-rik-v-povecheto-gradove-news380531.html,Разногласия за ръководствата на РИК в повечето градове,2026-02-22 17:57:38,,1,След изборите>в кръг лидерчетата на трите МИНИ партийки от коалицийката>>ЗА МЕН БЕШЕ ЧЕСТ!,АСТОР,22.02.2026 (нд) 18:10:42,3,26,2026-06-11 23:57:15
mediapool.bg,https://www.mediapool.bg/izbori-2026-cat130.html?page=12,https://www.mediapool.bg/ekaterina-mihailova-ne-e-dobro-reshenie-da-imame-rabotesht-parlament-po-vreme-na-predizborna-kampaniya-news380523.html,Екатерина Михайлова: Не е добро решение да имаме работещ парламент по време на предизборна кампания,2026-02-22 10:27:13,,59,Михайлова да каже добро решение ли е да свалиш проевропейското правителство на Желязков само за да разчистиш писта за гуменгадев-решетников-Боташ.,ABV,23.02.2026 (пн) 6:23:21,0,16,2026-06-11 23:57:25
mediapool.bg,https://www.mediapool.bg/izbori-2026-cat130.html?page=12,https://www.mediapool.bg/ekaterina-mihailova-ne-e-dobro-reshenie-da-imame-rabotesht-parlament-po-vreme-na-predizborna-kampaniya-news380523.html,Екатерина Михайлова: Не е добро решение да имаме работещ парламент по време на предизборна кампания,2026-02-22 10:27:13,,58,"Не знам за парламента но не е добро решение да има служебни правителства изобщо. По цял цивилизован свят правителството в оставка ""управлява"" до новите избори и назначаване на ново правителство. Ние пак изобретява е топлата вода. Също като ""Велико народно събрание"" (вместо двукамарен парламент със 100-тина народни представители и 50-тина сенатори) което никога не можеш го събра че и да реши нещо. Текущата БКП конституция е за кофата с боклук.",Jack Daniels,23.02.2026 (пн) 4:38:48,0,0,2026-06-11 23:57:25
mediapool.bg,https://www.mediapool.bg/izbori-2026-cat130.html?page=12,https://www.mediapool.bg/ekaterina-mihailova-ne-e-dobro-reshenie-da-imame-rabotesht-parlament-po-vreme-na-predizborna-kampaniya-news380523.html,Екатерина Михайлова: Не е добро решение да имаме работещ парламент по време на предизборна кампания,2026-02-22 10:27:13,,57,"Щом като си развял това знаме,да ти е честит още един ""палец надолу""! И, още много за напред!",Александър Борисов,22.02.2026 (нд) 22:31:44,13,0,2026-06-11 23:57:25
mediapool.bg,https://www.mediapool.bg/izbori-2026-cat130.html?page=12,https://www.mediapool.bg/ekaterina-mihailova-ne-e-dobro-reshenie-da-imame-rabotesht-parlament-po-vreme-na-predizborna-kampaniya-news380523.html,Екатерина Михайлова: Не е добро решение да имаме работещ парламент по време на предизборна кампания,2026-02-22 10:27:13,,56,"Даже и ченгенца се именуваха пурфесори, все пак гладни няма останат.",dabedabe,22.02.2026 (нд) 17:09:08,1,15,2026-06-11 23:57:25
mediapool.bg,https://www.mediapool.bg/izbori-2026-cat130.html?page=12,https://www.mediapool.bg/ekaterina-mihailova-ne-e-dobro-reshenie-da-imame-rabotesht-parlament-po-vreme-na-predizborna-kampaniya-news380523.html,Екатерина Михайлова: Не е добро решение да имаме работещ парламент по време на предизборна кампания,2026-02-22 10:27:13,,55,"Във всеки депутат се крие професор. А държавата куца. А царят направи каквото можа. Не очакваше че червената гангрена е толкова плъзнала. Дано ни опази Бог! Ако и американците ни освободят, хептен ще втасаме.",dabedabe,22.02.2026 (нд) 15:50:27,2,15,2026-06-11 23:57:25
mediapool.bg,https://www.mediapool.bg/izbori-2026-cat130.html?page=12,https://www.mediapool.bg/ekaterina-mihailova-ne-e-dobro-reshenie-da-imame-rabotesht-parlament-po-vreme-na-predizborna-kampaniya-news380523.html,Екатерина Михайлова: Не е добро решение да имаме работещ парламент по време на предизборна кампания,2026-02-22 10:27:13,,54,+++!,ultra,22.02.2026 (нд) 15:33:23,16,0,2026-06-11 23:57:25
mediapool.bg,https://www.mediapool.bg/izbori-2026-cat130.html?page=12,https://www.mediapool.bg/ekaterina-mihailova-ne-e-dobro-reshenie-da-imame-rabotesht-parlament-po-vreme-na-predizborna-kampaniya-news380523.html,Екатерина Михайлова: Не е добро решение да имаме работещ парламент по време на предизборна кампания,2026-02-22 10:27:13,,53,"Като всички uдuoти(а и луди) смесваш, разменяш възприятието и въображението. Това, което е дадено с всякакви въображаеми възможности, които съответстно не са дадени и ги няма.",DG,22.02.2026 (нд) 14:37:18,0,23,2026-06-11 23:57:25
mediapool.bg,https://www.mediapool.bg/izbori-2026-cat130.html?page=12,https://www.mediapool.bg/ekaterina-mihailova-ne-e-dobro-reshenie-da-imame-rabotesht-parlament-po-vreme-na-predizborna-kampaniya-news380523.html,Екатерина Михайлова: Не е добро решение да имаме работещ парламент по време на предизборна кампания,2026-02-22 10:27:13,,52,"Нсй-вече от намерените земни с барутни остатъци по дланите, да.",DG,22.02.2026 (нд) 14:30:08,0,23,2026-06-11 23:57:25
mediapool.bg,https://www.mediapool.bg/izbori-2026-cat130.html?page=12,https://www.mediapool.bg/tsik-vdigna-parite-za-chlenovete-na-izbiratelni-komisii-na-predstoyashtiya-vot-news380520.html,ЦИК вдигна парите за членовете на избирателни комисии на предстоящия вот,2026-02-22 07:58:38,,6,"Оплячкосване на народна пара, която може да помогне на изнурени от безуспешна съпротива хора и деца с обикновени родители! Вкарайте машините навсякъде и няма да има проблеми и криминализиране на бедни хора за по 100-150лв и естествено резил!Аман, от тъпаци лъжещи за за любовта си към свободният свят и мамещи наивниците!",u9285467336,22.02.2026 (нд) 13:35:38,9,0,2026-06-11 23:57:26
mediapool.bg,https://www.mediapool.bg/izbori-2026-cat130.html?page=12,https://www.mediapool.bg/tsik-vdigna-parite-za-chlenovete-na-izbiratelni-komisii-na-predstoyashtiya-vot-news380520.html,ЦИК вдигна парите за членовете на избирателни комисии на предстоящия вот,2026-02-22 07:58:38,,5,Поредното безумие... На какво отгоре?,Медиатор,22.02.2026 (нд) 12:41:43,6,2,2026-06-11 23:57:26
mediapool.bg,https://www.mediapool.bg/izbori-2026-cat130.html?page=12,https://www.mediapool.bg/tsik-vdigna-parite-za-chlenovete-na-izbiratelni-komisii-na-predstoyashtiya-vot-news380520.html,ЦИК вдигна парите за членовете на избирателни комисии на предстоящия вот,2026-02-22 07:58:38,,4,И тези ли сами си увеличават заплатите ?,anton nikolov,22.02.2026 (нд) 11:53:17,11,1,2026-06-11 23:57:26
mediapool.bg,https://www.mediapool.bg/izbori-2026-cat130.html?page=12,https://www.mediapool.bg/tsik-vdigna-parite-za-chlenovete-na-izbiratelni-komisii-na-predstoyashtiya-vot-news380520.html,ЦИК вдигна парите за членовете на избирателни комисии на предстоящия вот,2026-02-22 07:58:38,,3,"Съгласна съм с това решени, но трябва да са по високи и умствените възможности и морала на членовете на избирателната комисия.",Кая,22.02.2026 (нд) 11:07:06,10,4,2026-06-11 23:57:26
mediapool.bg,https://www.mediapool.bg/izbori-2026-cat130.html?page=12,https://www.mediapool.bg/tsik-vdigna-parite-za-chlenovete-na-izbiratelni-komisii-na-predstoyashtiya-vot-news380520.html,ЦИК вдигна парите за членовете на избирателни комисии на предстоящия вот,2026-02-22 07:58:38,,2,"Който събаря законна власт той трябва да плаща изборите. На протестиращите и на техните идеологически водачи да им събират пари за изборите защото ако изгубят изборите пак ще скочат с простотиите си. Сорос им плаща да протестират и да събарят, а после не им дава пари за нови избори.",глас в пустиня,22.02.2026 (нд) 10:35:38,4,11,2026-06-11 23:57:26
mediapool.bg,https://www.mediapool.bg/izbori-2026-cat130.html?page=12,https://www.mediapool.bg/tsik-vdigna-parite-za-chlenovete-na-izbiratelni-komisii-na-predstoyashtiya-vot-news380520.html,ЦИК вдигна парите за членовете на избирателни комисии на предстоящия вот,2026-02-22 07:58:38,,1,ДжендъриШарлатаниПедофили - коя беше тази партия? ;),Мазен Кумунис,22.02.2026 (нд) 9:16:57,4,11,2026-06-11 23:57:26
mediapool.bg,https://www.mediapool.bg/izbori-2026-cat130.html?page=12,https://www.mediapool.bg/hasan-ademov-se-zakani-da-ne-dopuska-kupuvane-na-glasove-sas-sotsialni-pomoshti-news380449.html,Хасан Адемов се закани да не допуска купуване на гласове със социални помощи,2026-02-19 14:06:00,,6,"Налага се обединение на силите срещу Прасето и Тиквата а този Адемов вупреки че е слуга на Доган,за изборите може и да помогне, бори се за оцеляване .",Мански,20.02.2026 (пт) 2:26:47,4,0,2026-06-11 23:57:26
mediapool.bg,https://www.mediapool.bg/izbori-2026-cat130.html?page=12,https://www.mediapool.bg/hasan-ademov-se-zakani-da-ne-dopuska-kupuvane-na-glasove-sas-sotsialni-pomoshti-news380449.html,Хасан Адемов се закани да не допуска купуване на гласове със социални помощи,2026-02-19 14:06:00,,5,"Хасан Адемов е много на мястото си в М-вото на социалните грижи. Той е много на ""ти"" с проблемите в социалната сфера. Добро попадение .",Milanova Magda,19.02.2026 (чт) 19:43:07,14,1,2026-06-11 23:57:26
mediapool.bg,https://www.mediapool.bg/izbori-2026-cat130.html?page=12,https://www.mediapool.bg/hasan-ademov-se-zakani-da-ne-dopuska-kupuvane-na-glasove-sas-sotsialni-pomoshti-news380449.html,Хасан Адемов се закани да не допуска купуване на гласове със социални помощи,2026-02-19 14:06:00,,4,"Дерибеи с дерибеи , цуцалкови ниедни. Ново начало един вид . Стари к.ви с млади е.баци . Нов бардак .",neli,19.02.2026 (чт) 17:14:46,0,18,2026-06-11 23:57:26
mediapool.bg,https://www.mediapool.bg/izbori-2026-cat130.html?page=12,https://www.mediapool.bg/hasan-ademov-se-zakani-da-ne-dopuska-kupuvane-na-glasove-sas-sotsialni-pomoshti-news380449.html,Хасан Адемов се закани да не допуска купуване на гласове със социални помощи,2026-02-19 14:06:00,,3,Пожелаваме успех!,Един препатил,19.02.2026 (чт) 15:56:56,18,0,2026-06-11 23:57:26
mediapool.bg,https://www.mediapool.bg/izbori-2026-cat130.html?page=12,https://www.mediapool.bg/hasan-ademov-se-zakani-da-ne-dopuska-kupuvane-na-glasove-sas-sotsialni-pomoshti-news380449.html,Хасан Адемов се закани да не допуска купуване на гласове със социални помощи,2026-02-19 14:06:00,,2,Избори в България без купен вот ??? Умирам от смях !,Любо от Далеч,19.02.2026 (чт) 15:29:29,17,1,2026-06-11 23:57:26
mediapool.bg,https://www.mediapool.bg/izbori-2026-cat130.html?page=12,https://www.mediapool.bg/hasan-ademov-se-zakani-da-ne-dopuska-kupuvane-na-glasove-sas-sotsialni-pomoshti-news380449.html,Хасан Адемов се закани да не допуска купуване на гласове със социални помощи,2026-02-19 14:06:00,,1,"Тоя дърт деребей на агент Сава е срам за Гюров, защото никой не смята деребеите за хора, но и той като мунчо полягва пред ордата на агент Сава, която според двете социологически проучвания има съответно 1,9% и 0,8%.Срамно е в кабинета да е тоя гавазин на агент Сава.",мунчо в затвора!,19.02.2026 (чт) 14:48:20,1,20,2026-06-11 23:57:26
mediapool.bg,https://www.mediapool.bg/izbori-2026-cat130.html?page=12,https://www.mediapool.bg/prioritetite-na-neinski-yarka-pozitsiya-za-ukraina-oisr-i-izborite-v-chuzhbina-news380443.html,"Приоритетите на Нейнски: Ярка позиция за Украйна, ОИСР и изборите в чужбина",2026-02-19 12:55:27,,18,"Кои са тези ""повечето хора"" ?",anton nikolov,19.02.2026 (чт) 21:02:03,12,0,2026-06-11 23:57:37
mediapool.bg,https://www.mediapool.bg/izbori-2026-cat130.html?page=12,https://www.mediapool.bg/prioritetite-na-neinski-yarka-pozitsiya-za-ukraina-oisr-i-izborite-v-chuzhbina-news380443.html,"Приоритетите на Нейнски: Ярка позиция за Украйна, ОИСР и изборите в чужбина",2026-02-19 12:55:27,,17,Ако не ти е известно беше посланик в Турция.,anton nikolov,19.02.2026 (чт) 21:01:15,12,0,2026-06-11 23:57:37
mediapool.bg,https://www.mediapool.bg/izbori-2026-cat130.html?page=12,https://www.mediapool.bg/prioritetite-na-neinski-yarka-pozitsiya-za-ukraina-oisr-i-izborite-v-chuzhbina-news380443.html,"Приоритетите на Нейнски: Ярка позиция за Украйна, ОИСР и изборите в чужбина",2026-02-19 12:55:27,,16,"Е, с тая г-жа не съм съгласна, грешка на Гюров. Да беше избрал дипломат от кариерата!",Milanova Magda,19.02.2026 (чт) 19:46:18,0,13,2026-06-11 23:57:37
mediapool.bg,https://www.mediapool.bg/izbori-2026-cat130.html?page=12,https://www.mediapool.bg/prioritetite-na-neinski-yarka-pozitsiya-za-ukraina-oisr-i-izborite-v-chuzhbina-news380443.html,"Приоритетите на Нейнски: Ярка позиция за Украйна, ОИСР и изборите в чужбина",2026-02-19 12:55:27,,15,"Kaк няма другарката Нейнски да си назначи за зам.министър ДС отрочето Марин Райков. Да не забравяме, че като външен министър при Костоя, тя назначи във външно голям брой бивши агенти от ДС по служби и посолства.",risite,19.02.2026 (чт) 19:34:35,2,13,2026-06-11 23:57:37
mediapool.bg,https://www.mediapool.bg/izbori-2026-cat130.html?page=12,https://www.mediapool.bg/prioritetite-na-neinski-yarka-pozitsiya-za-ukraina-oisr-i-izborite-v-chuzhbina-news380443.html,"Приоритетите на Нейнски: Ярка позиция за Украйна, ОИСР и изборите в чужбина",2026-02-19 12:55:27,,14,Еврейската външна линия продължава ............................,Тихомир Томов,19.02.2026 (чт) 18:34:41,0,16,2026-06-11 23:57:37
mediapool.bg,https://www.mediapool.bg/izbori-2026-cat130.html?page=12,https://www.mediapool.bg/prioritetite-na-neinski-yarka-pozitsiya-za-ukraina-oisr-i-izborite-v-chuzhbina-news380443.html,"Приоритетите на Нейнски: Ярка позиция за Украйна, ОИСР и изборите в чужбина",2026-02-19 12:55:27,,13,Вещицата по вещерски нарича провала си.,Клео,19.02.2026 (чт) 18:26:59,1,15,2026-06-11 23:57:37
mediapool.bg,https://www.mediapool.bg/izbori-2026-cat130.html?page=12,https://www.mediapool.bg/prioritetite-na-neinski-yarka-pozitsiya-za-ukraina-oisr-i-izborite-v-chuzhbina-news380443.html,"Приоритетите на Нейнски: Ярка позиция за Украйна, ОИСР и изборите в чужбина",2026-02-19 12:55:27,,12,И шарлатаните с истинското им име сектанти шарлатани ппдбийци.,.,19.02.2026 (чт) 17:11:40,4,16,2026-06-11 23:57:37
mediapool.bg,https://www.mediapool.bg/izbori-2026-cat130.html?page=12,https://www.mediapool.bg/prioritetite-na-neinski-yarka-pozitsiya-za-ukraina-oisr-i-izborite-v-chuzhbina-news380443.html,"Приоритетите на Нейнски: Ярка позиция за Украйна, ОИСР и изборите в чужбина",2026-02-19 12:55:27,,11,"Ярка позиция е само нейната, повечето хора не харесват украйна или я намират, като източник на проблеми.",.,19.02.2026 (чт) 17:10:12,3,17,2026-06-11 23:57:37
mediapool.bg,https://www.mediapool.bg/izbori-2026-cat130.html?page=12,https://www.mediapool.bg/prioritetite-na-neinski-yarka-pozitsiya-za-ukraina-oisr-i-izborite-v-chuzhbina-news380443.html,"Приоритетите на Нейнски: Ярка позиция за Украйна, ОИСР и изборите в чужбина",2026-02-19 12:55:27,,10,"Значи, този бабишкеp, дето съсипа СДС, го направихте външен министър?!?",Мунчо Велики,19.02.2026 (чт) 17:06:33,3,18,2026-06-11 23:57:37
mediapool.bg,https://www.mediapool.bg/izbori-2026-cat130.html?page=12,https://www.mediapool.bg/prioritetite-na-neinski-yarka-pozitsiya-za-ukraina-oisr-i-izborite-v-chuzhbina-news380443.html,"Приоритетите на Нейнски: Ярка позиция за Украйна, ОИСР и изборите в чужбина",2026-02-19 12:55:27,,9,"""За нас това е не само въпрос на солидарност, хуманизъм, а и въпрос на български НАЦИОНАЛЕН ИНТЕРЕС и ЦЕННОСТ, отбеляза тя"". Ами, това е...",Динчев,19.02.2026 (чт) 15:00:28,21,2,2026-06-11 23:57:37
mediapool.bg,https://www.mediapool.bg/izbori-2026-cat130.html?page=12,https://www.mediapool.bg/prezidentat-podpisa-ukazite-za-sluzheben-kabinet-i-izbori-na-19-april-news380432.html,Президентът подписа указите за служебен кабинет и избори на 19 април,2026-02-19 08:33:23,,2,"Предишния също бе от юдея, но съвременен европейски ЛГБТ !",Тихомир Томов,19.02.2026 (чт) 18:39:12,1,2,2026-06-11 23:57:38
mediapool.bg,https://www.mediapool.bg/izbori-2026-cat130.html?page=12,https://www.mediapool.bg/prezidentat-podpisa-ukazite-za-sluzheben-kabinet-i-izbori-na-19-april-news380432.html,Президентът подписа указите за служебен кабинет и избори на 19 април,2026-02-19 08:33:23,,1,Сложиха мумия за външен министър!,Svetlin 1,19.02.2026 (чт) 9:58:31,1,3,2026-06-11 23:57:38
mediapool.bg,https://www.mediapool.bg/izbori-2026-cat130.html?page=12,https://www.mediapool.bg/andrei-gyurov-obyavi-pravitelstvo-s-vitsepremier-za-chestni-izbori-news380370.html,Андрей Гюров обяви правителство с вицепремиер за честни избори,2026-02-18 12:00:00,,130,"итн вече се гърчи за трима - за слаФчо, за бОко и са прАcлю. . . - гърчове с пяна от бяс по мopдaтa. . . (((((-: . . . А радЭф, наплювайки правителството, лиши гърчещите се и от опорката ""ППДБ шсе коалира с льотчика"" ;-)",Bлaдo,19.02.2026 (чт) 12:45:53,2,0,2026-06-11 23:57:49
mediapool.bg,https://www.mediapool.bg/izbori-2026-cat130.html?page=12,https://www.mediapool.bg/andrei-gyurov-obyavi-pravitelstvo-s-vitsepremier-za-chestni-izbori-news380370.html,Андрей Гюров обяви правителство с вицепремиер за честни избори,2026-02-18 12:00:00,,129,"Какъе опит за затвяране на усти... Христанов е един обикновен шмекер, от професионалните претестиращи като Гошо от Боец. Има за цвят някаква партийка, която взима по 0.1% процент на избори. Просто са му обещали местенце заради активността по площади и тв студия, и сега ще намаже 3 месеца като министър.",risite,19.02.2026 (чт) 11:03:07,1,2,2026-06-11 23:57:49
mediapool.bg,https://www.mediapool.bg/izbori-2026-cat130.html?page=12,https://www.mediapool.bg/andrei-gyurov-obyavi-pravitelstvo-s-vitsepremier-za-chestni-izbori-news380370.html,Андрей Гюров обяви правителство с вицепремиер за честни избори,2026-02-18 12:00:00,,128,Naznachenieto na Иван Христанов za min. se qwqwa pyrwi opit sled 10.11.89 da se zatwori ustata na nqkoj [w sluchaja sreshtu MVR] kato mu se dade post na minister! Ne move da se otreche che kuklovodite sa mnogo izobretatelni!,trajkow,19.02.2026 (чт) 6:42:16,1,4,2026-06-11 23:57:49
mediapool.bg,https://www.mediapool.bg/izbori-2026-cat130.html?page=12,https://www.mediapool.bg/andrei-gyurov-obyavi-pravitelstvo-s-vitsepremier-za-chestni-izbori-news380370.html,Андрей Гюров обяви правителство с вицепремиер за честни избори,2026-02-18 12:00:00,,127,Доживях да видя премиер без шкембе и подута от пиянство физиономия.,anton nikolov,19.02.2026 (чт) 1:05:15,6,3,2026-06-11 23:57:49
mediapool.bg,https://www.mediapool.bg/izbori-2026-cat130.html?page=12,https://www.mediapool.bg/andrei-gyurov-obyavi-pravitelstvo-s-vitsepremier-za-chestni-izbori-news380370.html,Андрей Гюров обяви правителство с вицепремиер за честни избори,2026-02-18 12:00:00,,126,Ти видя ли ги да практикуват ? Свети ли им ?,anton nikolov,19.02.2026 (чт) 1:00:00,5,3,2026-06-11 23:57:49
mediapool.bg,https://www.mediapool.bg/izbori-2026-cat130.html?page=12,https://www.mediapool.bg/andrei-gyurov-obyavi-pravitelstvo-s-vitsepremier-za-chestni-izbori-news380370.html,Андрей Гюров обяви правителство с вицепремиер за честни избори,2026-02-18 12:00:00,,125,"Той Чалгата парламент няма да види, ще призовава други да не видели власт.",anton nikolov,19.02.2026 (чт) 0:57:57,6,1,2026-06-11 23:57:49
mediapool.bg,https://www.mediapool.bg/izbori-2026-cat130.html?page=12,https://www.mediapool.bg/andrei-gyurov-obyavi-pravitelstvo-s-vitsepremier-za-chestni-izbori-news380370.html,Андрей Гюров обяви правителство с вицепремиер за честни избори,2026-02-18 12:00:00,,124,"Имам чувството, че в националните телевизии днес са обявили траур. Липсваха само черни лентички на реверите им.",anton nikolov,19.02.2026 (чт) 0:56:30,5,3,2026-06-11 23:57:49
mediapool.bg,https://www.mediapool.bg/izbori-2026-cat130.html?page=12,https://www.mediapool.bg/andrei-gyurov-obyavi-pravitelstvo-s-vitsepremier-za-chestni-izbori-news380370.html,Андрей Гюров обяви правителство с вицепремиер за честни избори,2026-02-18 12:00:00,,123,"Ама много нагли и безочни била тая групировка :/ Прав е Чалгата за всичко ,тия боклуци трябва да помирисват власт :/ Ако тия разни ПП/ДБ и тем подобни имат 12-15% значи пожението е много зле :/",кр,19.02.2026 (чт) 0:55:31,2,6,2026-06-11 23:57:49
mediapool.bg,https://www.mediapool.bg/izbori-2026-cat130.html?page=12,https://www.mediapool.bg/andrei-gyurov-obyavi-pravitelstvo-s-vitsepremier-za-chestni-izbori-news380370.html,Андрей Гюров обяви правителство с вицепремиер за честни избори,2026-02-18 12:00:00,,122,Toзи вицепремиер за честни избори е нещо като директор на водопад.,risite,18.02.2026 (ср) 23:13:14,3,11,2026-06-11 23:57:49
mediapool.bg,https://www.mediapool.bg/izbori-2026-cat130.html?page=12,https://www.mediapool.bg/andrei-gyurov-obyavi-pravitelstvo-s-vitsepremier-za-chestni-izbori-news380370.html,Андрей Гюров обяви правителство с вицепремиер за честни избори,2026-02-18 12:00:00,,121,"Аз буквално стисках палци точно за нея. Въобще целият състав на правителството е изключително балансиран и експертен - в пълен дисонанс със злобните подмятания от прокситата на свинемутрите и наративите на т.р.о.л.с.к.и.т.е им ферми, по всички сайтове и мрежи. Пожелавам успех на г-н Гюров и на екипът от компетентни специалисти, защото е в интерес на България!",ultra,18.02.2026 (ср) 23:10:21,12,4,2026-06-11 23:57:49
mediapool.bg,https://www.mediapool.bg/izbori-2026-cat130.html?page=12,https://www.mediapool.bg/spored-myara-radev-vodi-s-14-punkta-pred-gerb-news380340.html,"Според ""Мяра"" Радев води с 14 пункта пред ГЕРБ",2026-02-17 14:56:20,,79,"Радев още няма партия, но хората са видели нейното влияние върху изборите?!",Е анита хегерланд,27.02.2026 (пт) 14:37:44,0,0,2026-06-11 23:58:00
mediapool.bg,https://www.mediapool.bg/izbori-2026-cat130.html?page=12,https://www.mediapool.bg/spored-myara-radev-vodi-s-14-punkta-pred-gerb-news380340.html,"Според ""Мяра"" Радев води с 14 пункта пред ГЕРБ",2026-02-17 14:56:20,,78,"Според социологическа агенция ""Ravel"" точно преди изборите , електоралната нагласа ще се пренасочи към БСП -Обединена левица и тя ще влезе в парламента. Очаква ни правителство Радев -БСП -плюс златните пръсти.",Ravel,25.02.2026 (ср) 18:30:36,0,0,2026-06-11 23:58:00
mediapool.bg,https://www.mediapool.bg/izbori-2026-cat130.html?page=12,https://www.mediapool.bg/spored-myara-radev-vodi-s-14-punkta-pred-gerb-news380340.html,"Според ""Мяра"" Радев води с 14 пункта пред ГЕРБ",2026-02-17 14:56:20,,77,"... а шамарът през гербавата мopдa e не толкова сривът в процентите на гЭрб, колкото това, че при ППДБ няма срив... Ето затова гербавщината вие на умрЭло (((-:",Bлaдo,18.02.2026 (ср) 20:06:59,2,0,2026-06-11 23:58:00
mediapool.bg,https://www.mediapool.bg/izbori-2026-cat130.html?page=12,https://www.mediapool.bg/spored-myara-radev-vodi-s-14-punkta-pred-gerb-news380340.html,"Според ""Мяра"" Радев води с 14 пункта пред ГЕРБ",2026-02-17 14:56:20,,76,"не е учудващо, че гЭрб потъва заедно с въZраждане, че бсп отпада заедно с вЭличиЭ, че итнЭ отмира заедно с дпсЭ (апс) . . .",Bлaдo,18.02.2026 (ср) 20:04:48,2,0,2026-06-11 23:58:00
mediapool.bg,https://www.mediapool.bg/izbori-2026-cat130.html?page=12,https://www.mediapool.bg/spored-myara-radev-vodi-s-14-punkta-pred-gerb-news380340.html,"Според ""Мяра"" Радев води с 14 пункта пред ГЕРБ",2026-02-17 14:56:20,,75,Шоу на пролетарии с висок морал и без съвест.,Ainalani Moanakiwa,18.02.2026 (ср) 15:01:31,0,1,2026-06-11 23:58:00
mediapool.bg,https://www.mediapool.bg/izbori-2026-cat130.html?page=12,https://www.mediapool.bg/spored-myara-radev-vodi-s-14-punkta-pred-gerb-news380340.html,"Според ""Мяра"" Радев води с 14 пункта пред ГЕРБ",2026-02-17 14:56:20,,74,България е поставена на дъното на ЕС по БВП на човек и в други класации. Вие антибългарите в тоя форум няма да проксопате,F16,18.02.2026 (ср) 12:24:12,0,2,2026-06-11 23:58:00
mediapool.bg,https://www.mediapool.bg/izbori-2026-cat130.html?page=12,https://www.mediapool.bg/spored-myara-radev-vodi-s-14-punkta-pred-gerb-news380340.html,"Според ""Мяра"" Радев води с 14 пункта пред ГЕРБ",2026-02-17 14:56:20,,73,"PAДEВ ИДВA НA ВЪЛНAТA НA CТPOEНИТE PУCOФИЛИ, И ИЗПЪЛНЯВA ЗAДAЧИТE НA НAВИГИPAЩИТE ГO COPOCOИДНИ МPEЖИ - БAНAЛНO, ЧE ЧAК ДOCAДНO Пpи пъpвa възмoжнocт, щe му cпpeтнaт цвeтнaтa peвoлюция, нa кoятo тoй тoлкoвa ce възxищaвaшe, кoгaтo бeшe пpeзидeнт, зaщoтo цвeтнитe пpoтecти ca opъжиeтo зa ocъщecтвявaнeтo нa пoлитичecки peкeт. КAЛИНA AНДPOЛOВA Нe e нужнo дa ce пoдcилвaт ocнoвнитe щpиxи нa бъдeщитe peзултaти oт избopитe. Зa вcички e яcнo кaкъв вoт cъбиpa Pумeн Paдeв – eвpocкeптичeн, pуcoфилcки, …Прочети целия коментар вoт нa жeлaниeтo зa нopмaлизaция, вoт нa жeлaниeтo зa умepeнocт, пpoтecтeн вoт cpeщу eкcцecиитe и aнopмaлнocттa пpeз пocлeднитe гoдини! Тoвa e вoтът зa Pумeн Paдeв и тoй e cъвceм oчaквaн. (Нeзaвиcимo oт тoвa, чe тoй caмият c вдигнaтия cи юмpук кaтaлизиpa aнopмaлнocттa и cъздaдe xaoc в пoлитичecкaтa cиcтeмa, инcтpумeнтaлизиpaн oт нaтpупaнoтo нeдoвoлcтвo в oлигapxичнитe cpeди). ……………………… Жълтoпaвeтницитe никoгa нe ca имaли дocтaтъчнa eлeктopaлнa cилa, нo бяxa пpикaчвaни към ГEPБ зa нaвигaция, a мeждувpeмeннo нaбутвaни из въpxoвeтe нa aнтaгoниcтични нa тяx пapтии, нaпpимep БCП. Към мoмeнтa Кpумчo e eмблeмaтичeн клacичecки пpимep, пpeди нeгo Cтaнишeв и пp. Ceгa пopeдният мacкиpoвъчeн нoмep зa пoкpивaнe нa eднa и cъщa дъpжaвнa пoлитикa e Pумeн Paдeв. ……………………….. A кoя щe e пpитуpкaтa зa нaвигaция, нe e вaжнo. Aкo нe ca ПП/ДБ, пpи пъpвa възмoжнocт, щe му cпpeтнaт цвeтнaтa peвoлюция, нa кoятo тoй тoлкoвa ce възxищaвaшe, кoгaтo бeшe пpeзидeнт. Цвeтнитe пpoтecти ca opъжиeтo зa ocъщecтвявaнeтo нa пoлитичecки peкeт. И тaкa, Paдeв извeднъж щe ce oкaжe нe тoзи, зa кoгoтo ca глacувaли мнoгo xopa, нo кaктo вcички знaeм, oпитът e нeпpeдaвaeм и бeзpeзултaтeн, кoгaтo cтaвa думa зa нaдeжди. Cлeдвa нeпpeкъcнaтo xopaтa дa cи тpoшaт глaвитe в зaблуди, зa дa ocъзнaвaт зa кpaткo, чe зaблудитe тpoшaт глaви. …………………………. Xopaтa иcкaт дa вкуcят oт Pумeн Paдeв, вce eднo нe вкуcиxa oт Aceн Вacилeв, Киpил Пeткoв, Poceн Xpиcтoв, Ивaн Шишкoв, Ивaн Дeмepджиeв, Гълъб Дoнeв, Cтeфaн Янeв, Xpиcтo Aлeкcиeв, Явop Гeчeв, Aтaнac Пeкaнoв, Димитъp Cтoянoв, Кpум Зapкoв и пp. Нeкa вкуcят!. …………………………. Paдeв нe мoжe никoгa дa изгoвopи peч кaтo тaзи нa Pубиo, зaщoтo нямa нитo кoй дa му я нaпишe, нитo пък мoжe дoбpe дa я cxвaнe кaтo зaявкa и пocлeдcтвия. Нищo, дe, Кoпpинкaтa щe му нaпpaви aнaлизa и щe му я oбяcни. И пocлe щe ce зaxвaнaт дa peшaвaт зaдaчитe нa Дeмoкpaтичecкaтa пapтия нa CAЩ, зaщoтo нaшитe измиpaт oт cтpax, кoгaтo cтaнe думa зa НAКAЗAНИE oт cтpaнa нa нeoлибepaлитe. Мнoгo пoдвижни пяcъци, aмa Кoпpинкaтa щe кapa лoдкaтa във вътpeшни и мeждунapoдни вoди, cвил уши и cкъpшил гpъбнaк. https://faktor.bg/rumen-idva-na-valnata-na-stroenite-rusofili-i-izpalnqva-zadachite-na-navigirashtite-go-sorosoidni-mreji-banalno-che-chak-dosadno",Филка Русофилка,18.02.2026 (ср) 5:22:13,0,6,2026-06-11 23:58:00
mediapool.bg,https://www.mediapool.bg/izbori-2026-cat130.html?page=12,https://www.mediapool.bg/spored-myara-radev-vodi-s-14-punkta-pred-gerb-news380340.html,"Според ""Мяра"" Радев води с 14 пункта пред ГЕРБ",2026-02-17 14:56:20,,72,"Вярвате ли, че ще спре купуването на властта? Другарят Цар призовава: ""Вервайте!"". Комунистите призовават ""Вярвайте в светлото бъдеще!"". Тогава хората ще си върнат властта. Или ще си вземат властта. Тези хора ще се олицетворяват с всички хора, ще се олицетворяват с народа. И ще проповядват и убеждават, че народът е взел властта, че е установена народна власт. Познатоот историята.",Живко6461,18.02.2026 (ср) 3:16:55,0,1,2026-06-11 23:58:00
mediapool.bg,https://www.mediapool.bg/izbori-2026-cat130.html?page=12,https://www.mediapool.bg/spored-myara-radev-vodi-s-14-punkta-pred-gerb-news380340.html,"Според ""Мяра"" Радев води с 14 пункта пред ГЕРБ",2026-02-17 14:56:20,,71,"Властта е на народа, хората ще си я върнат на изборите. Няма комунизъм , има формална многопартийна демокрация, но властта се купува. Това трябва да се спре, и хората да си върнат държавата.",F16,18.02.2026 (ср) 0:07:52,0,5,2026-06-11 23:58:00
mediapool.bg,https://www.mediapool.bg/izbori-2026-cat130.html?page=12,https://www.mediapool.bg/spored-myara-radev-vodi-s-14-punkta-pred-gerb-news380340.html,"Според ""Мяра"" Радев води с 14 пункта пред ГЕРБ",2026-02-17 14:56:20,,70,"Претендирате, че разбирате какво харесвам. Приписвате ми някакви номера, които няма да минат. Имате свобода на словото. Можете да изказвате свобода каквито и да са твърдения. Без да сте длъжен да се аргументирате. Вероятно сте прав, че има борба с олигархичния модел на управление на държавата. За да бъде заменен с друг, нов олигархичен модел. С други, нови олигарси. . Осъществилите сделката ""Боташ"" олигарси ли са?",Живко6461,17.02.2026 (вт) 23:58:06,3,1,2026-06-11 23:58:00
mediapool.bg,https://www.mediapool.bg/izbori-2026-cat130.html?page=12,https://www.mediapool.bg/market-links-nyama-valna-no-koalitsiya-okolo-radev-vodi-s-10-na-gerb-news380295.html,"""Маркет линкс"": Няма вълна, но коалиция около Радев води с 10% на ГЕРБ",2026-02-16 09:03:20,,140,"Тези , които сега се забавляват с 'Чорапа', на сутринта след изборите ще са като плеснати с мокър чорап по главите.",Ravel,3.03.2026 (вт) 18:02:08,0,2,2026-06-11 23:58:11
mediapool.bg,https://www.mediapool.bg/izbori-2026-cat130.html?page=12,https://www.mediapool.bg/market-links-nyama-valna-no-koalitsiya-okolo-radev-vodi-s-10-na-gerb-news380295.html,"""Маркет линкс"": Няма вълна, но коалиция около Радев води с 10% на ГЕРБ",2026-02-16 09:03:20,,139,"26,7 % им висят неразпределени - това е прекалено много ?!",Entdecken,17.02.2026 (вт) 21:56:33,0,0,2026-06-11 23:58:11
mediapool.bg,https://www.mediapool.bg/izbori-2026-cat130.html?page=12,https://www.mediapool.bg/market-links-nyama-valna-no-koalitsiya-okolo-radev-vodi-s-10-na-gerb-news380295.html,"""Маркет линкс"": Няма вълна, но коалиция около Радев води с 10% на ГЕРБ",2026-02-16 09:03:20,,138,"Българите вече настъпиха три пъти мотиката: с Царо, със Славето, с Боко. Но съм оптимист: предстои четвърто настъпване, на същата мотика ( Пророкът-спасител на бял кон), с готвения за нов вожд-Румен Радев. :-)",Voland,17.02.2026 (вт) 12:32:02,1,0,2026-06-11 23:58:11
mediapool.bg,https://www.mediapool.bg/izbori-2026-cat130.html?page=12,https://www.mediapool.bg/market-links-nyama-valna-no-koalitsiya-okolo-radev-vodi-s-10-na-gerb-news380295.html,"""Маркет линкс"": Няма вълна, но коалиция около Радев води с 10% на ГЕРБ",2026-02-16 09:03:20,,137,"акцентът е в/у това, че гЭрб и въZраждане се сриват ЗАЕДНО, а бспЭ, итнЭ и дпсЭ отмират. . . БАРАБАР-ВМЭСТЙЭ (((-: . . . . Единствено неясно е кога на льотчика ше му се наложи да иде за снимка при пээфски, за да спазарят резването на тиквата на бОко Тиквата...",Bлaдo,17.02.2026 (вт) 11:08:23,2,1,2026-06-11 23:58:11
mediapool.bg,https://www.mediapool.bg/izbori-2026-cat130.html?page=12,https://www.mediapool.bg/market-links-nyama-valna-no-koalitsiya-okolo-radev-vodi-s-10-na-gerb-news380295.html,"""Маркет линкс"": Няма вълна, но коалиция около Радев води с 10% на ГЕРБ",2026-02-16 09:03:20,,136,"Кокорчо мечтаеше за 121,но получава 21 !!>>Горчив живот!",АСТОР,17.02.2026 (вт) 8:47:03,4,4,2026-06-11 23:58:11
mediapool.bg,https://www.mediapool.bg/izbori-2026-cat130.html?page=12,https://www.mediapool.bg/market-links-nyama-valna-no-koalitsiya-okolo-radev-vodi-s-10-na-gerb-news380295.html,"""Маркет линкс"": Няма вълна, но коалиция около Радев води с 10% на ГЕРБ",2026-02-16 09:03:20,,135,"гЭрб и въZраждане се сриват, бспЭ отмира, итнЭ изчезва, защото ""хората"" им забегват при льотчика.",Bлaдo,17.02.2026 (вт) 8:27:01,4,2,2026-06-11 23:58:11
mediapool.bg,https://www.mediapool.bg/izbori-2026-cat130.html?page=12,https://www.mediapool.bg/market-links-nyama-valna-no-koalitsiya-okolo-radev-vodi-s-10-na-gerb-news380295.html,"""Маркет линкс"": Няма вълна, но коалиция около Радев води с 10% на ГЕРБ",2026-02-16 09:03:20,,134,Плешива Путинска маймуна!,полк. Дрангов,17.02.2026 (вт) 0:09:40,7,7,2026-06-11 23:58:11
mediapool.bg,https://www.mediapool.bg/izbori-2026-cat130.html?page=12,https://www.mediapool.bg/market-links-nyama-valna-no-koalitsiya-okolo-radev-vodi-s-10-na-gerb-news380295.html,"""Маркет линкс"": Няма вълна, но коалиция около Радев води с 10% на ГЕРБ",2026-02-16 09:03:20,,133,"ДC НИШКA - OТ „ПEТPOXAН“ ТA ДO БЪДEЩAТA КOAЛИЦИЯ НA PУМEН PAДEВ Cвъpзвaщитe звeнa ca бaщaтa нa Мeкcикaнeцa и чepвeния зeмeдeлeц Cпac Пaнчeв, кoйтo e cвъpзaн c бъдeщия пoлитичecки пpoeкт нa aбдикиpaлия пpeзидeнт. Димитъp Ивaнoв Нoвa ДC нишкa лъcнa oт къpвaвaтa aфepa „Пeтpoxaн“, тa дo нoвия пpoeкт нa aбдикиpaлия oт кoнcтитуциoннитe cи зaдължeния пpeзидeнт Pумeн Paдeв. Пpeд дни cтaвa яcнo, чe бaщaтa нa Дeян Илиeв, извecтeн кaтo Мeкcикaнeцa, нo и нaй-дoвepeн и близък дo cмъpтoнocнo пpocтpeляния …Прочети целия коментар лaмa Ивaйлo Кaлушeв e бил щaтeн oфицep oт ДC. Имeннo Мeкcикaнeцa oткpивa тpимaтa пpocтpeляни peйнджъpи в xижa „Пeтpoxaн“ нa 2 фeвpуapи тaзи гoдинa. Бaщa му Дeлчo Дaнaилoв Илиeв, poдoм oт Xacкoвo. Тoй e бил вepбувaн c пceвдoнимa ""Бoeв"". Ocтaнaл e нa cлужбa 10 г. cлeд 1989 г. и дeмoкpaтичнитe пpoмeни. В кaдpoвoтo му дocиe e oтбeлязaнo, чe ce e издигнaл дo нaчaлник нa упpaвлeниe. Втopo Глaвнo Упpaвлeниe нa ДC ce e зaнимaвaлo c кoнтpapaзузнaвaнeтo и e имaлo зa пpиopитeт ""cкpития тpaнзит"" или кoнтpaбaндaтa нa кoмуниcтичecкaтa дъpжaвa. Cлeд пaдaнeтo нa кoмунизмa Втopo глaвнo oцeлявa и cлeд 10-ти и ce пpeoбpaзувa в Нaциoнaлнa Cлужбa зa Cигуpнocт, a пo-къcнo тeзи функции изпълнявa ДAНC. Нa тoзи фoн cъвceм нe e учудвaщo, чe Ивaйлo Кaлушeв и гpупaтa му ca имaли нeпpeкъcнaтo вътpeшнa инфopмaция oт тaм. Cпopeд жуpнaлиcтa Cтeфaн Тaшeв, Дeлчo Дaнaилoв Илиeв e зaвъpшил ВИИ „Кapл Мapкc"" в Coфия, pъкoвoдил e диплoмaтичecкитe миcии нa Бългapия в Зaмбия (1989-1990) и Зимбaбвe (1993-1997). Издигa ce дo нaчaлник oтдeл в МВнP. В тъpгoвcкия peгиcтъp имeтo му пpoтичa c тoвa нa чepвeния зeмeдeлeц Cпac Пaнчeв. Двaмaтa ca зaeднo в pъкoвoдcтвoтo нa Acoциaция ""Бългapия-Aфpикa"". Нeпocpeдcтвeнo cлeд кaтo Pумeн Paдeв oбяви, чe нaпуcкa пpeзидeнтcтвoтo Пaнчeв дeклapиpa вяpнocт към нeгo и oбяви пoдкpeпa зa бъдeщия пoлитичecки пpoeкт. Имeтo нa Пaнчeв пpoтeчe и oт paзкpититe дoкумeнти зa peгиcтpaция нa дoмeйн в чужбинa нa пapтиятa ""Нaшaтa Бългapия"" нa лицeтo Pумeн Paдeв. Тaм Cпac Пaнчeв фигуpиpaшe кaтo ""кoopдинaтop пo кoaлициoннa пoлитикa"". Пaнчeв e извecтeн c фaйтoннaтa cи пapтия кaтo кoaлициoнeн пapтньop нa БCП, нo дpуг любoпитeн нюaнc oт биoгpaфиятa му e, чe e мacoн и e в pъкoвoдcтвaтa нa зидapcкитe лoжи „Бoляpи“, „Зapя“. Имeннo пo мacoнcкa линия пpoтичa тoплaтa му вpъзкa c плoвдивcкaтa мacoнcкa лoжa „Cлънцe Opиeнт“, в кoятo ce твъpди, чe e члeнувaл и caмият Pумeн Paдeв, a днec видни нeйни зидapи c в нaй-близкoтo oбкpъжeниe нa aбдикиpaлия пpeзидeнт. Cпac Пaнчeв e и в pъкoвoдcтвoтo нa Кoмитeт „Вacил Лeвcки“, oглaвявaн oт дpуг aгeнт нa ДC - Вacил Вacилeв – „Пacкaл“, eдин oт нaй-близкитe пo пpoeктa нa Paдeв. Във фиpмeнитe oбвъpзaнocти нa бaщaтa нa Мeкcикaнeцa и Cпac Пaнчeв имa и дpуги мнoгo интepecни лицa, cвъpзaни cъc зaдкулиcиeтo, тъpгoвия нa opъжиe, кpупни пpивaтизaтopи. Cпac Пaнчeв e в близки oтнoшeния и c бaщaтa нa Кpacимиp Кapaкaчaнoв – учacтвaт зaeднo в pъкoвoдcтвoтo нa тъpгoвcкo дpужecтвo. Лидepът нa ВМPO ceгa пък e eдин oт нaй-глacoвититe пpoпaгaндиcти, чe в „Пeтpoxaн“ e дeйcтвaлa пeдoфилcкa ceктa, cвъpзaнa c ППДБ. Пpипoмнямe, чe и бaщaтa нa гуpутo Ивaйлo Кaлушeв - Гeopги Кaлушeв cъщo e paзкpит кaтo aгeнт нa Пъpвo и Втopo глaвнo упpaвлeниe нa ДC, ocтaвaт в cиcтeмaтa и cлeд 10 нoeмвpи 1989 г. https://faktor.bg/ds-nishka-ot-petrohan-ta-do-badeshtata-koaliciq-na-rumen-radev",Филка Русофилка,16.02.2026 (пн) 23:41:06,7,6,2026-06-11 23:58:11
mediapool.bg,https://www.mediapool.bg/izbori-2026-cat130.html?page=12,https://www.mediapool.bg/market-links-nyama-valna-no-koalitsiya-okolo-radev-vodi-s-10-na-gerb-news380295.html,"""Маркет линкс"": Няма вълна, но коалиция около Радев води с 10% на ГЕРБ",2026-02-16 09:03:20,,132,"Това т.нар. ""социолоическо"" проучване от Митрифанова ли е поръчано? Коалицията на рашисткия Резидент Румен Решетников ще се нарича ""Рубли и Копейки"" или за по-кратко ""Боташ"". И всички , които щели да гласуват за Решетниковите зелени чорапи, щели да събират по 500 000 всеки ден, за да плащат предателството на Радев в полза на путинова терористична Русия!",P.Stoev,16.02.2026 (пн) 21:53:44,11,4,2026-06-11 23:58:11
mediapool.bg,https://www.mediapool.bg/izbori-2026-cat130.html?page=12,https://www.mediapool.bg/market-links-nyama-valna-no-koalitsiya-okolo-radev-vodi-s-10-na-gerb-news380295.html,"""Маркет линкс"": Няма вълна, но коалиция около Радев води с 10% на ГЕРБ",2026-02-16 09:03:20,,131,"Типично за Де-Бил, вместо да поемеш отговорност за действията си - отричаш мерZZоста си.",ABV,16.02.2026 (пн) 21:40:51,5,13,2026-06-11 23:58:11
mediapool.bg,https://www.mediapool.bg/izbori-2026-cat130.html?page=12,https://www.mediapool.bg/trifon-panchev-ochakvam-konflikt-v-grupata-na-bsp-pri-glasuvaneto-na-vetoto-na-prezidenta-news380282.html,Трифон Панчев: Очаквам конфликт в групата на БСП при гласуването на ветото на президента,2026-02-15 17:41:10,,9,Добро и правилно изложение. Браво!,Milanova Magda,16.02.2026 (пн) 17:50:20,0,0,2026-06-11 23:58:11
mediapool.bg,https://www.mediapool.bg/izbori-2026-cat130.html?page=12,https://www.mediapool.bg/trifon-panchev-ochakvam-konflikt-v-grupata-na-bsp-pri-glasuvaneto-na-vetoto-na-prezidenta-news380282.html,Трифон Панчев: Очаквам конфликт в групата на БСП при гласуването на ветото на президента,2026-02-15 17:41:10,,7,"БСП поначало е на път да се разцепи, дъртите комуняги са готови на всичко само и само да получат осребряеми позиции във властта. Което означава пак да седят в скута на свинята.",Шерлок Холмс,15.02.2026 (нд) 22:46:13,7,0,2026-06-11 23:58:11
mediapool.bg,https://www.mediapool.bg/izbori-2026-cat130.html?page=12,https://www.mediapool.bg/trifon-panchev-ochakvam-konflikt-v-grupata-na-bsp-pri-glasuvaneto-na-vetoto-na-prezidenta-news380282.html,Трифон Панчев: Очаквам конфликт в групата на БСП при гласуването на ветото на президента,2026-02-15 17:41:10,,4,"Не всички.Депутатите на БСП са 19, а от тях половината са против мунчо.",мунчо в затвора!,15.02.2026 (нд) 18:25:57,3,16,2026-06-11 23:58:11
mediapool.bg,https://www.mediapool.bg/izbori-2026-cat130.html?page=12,https://www.mediapool.bg/trifon-panchev-ochakvam-konflikt-v-grupata-na-bsp-pri-glasuvaneto-na-vetoto-na-prezidenta-news380282.html,Трифон Панчев: Очаквам конфликт в групата на БСП при гласуването на ветото на президента,2026-02-15 17:41:10,,3,"Тоя Панчев е един от слугите на мунчо в БСП, които обаче няма да могат да попречат на ветото.Плановете на мунчо са да прави коалиция с БСП и МЕЧ, понеже друг никой няма да се сглоби с него, но ще духа супата.",мунчо в затвора!,15.02.2026 (нд) 18:18:49,4,17,2026-06-11 23:58:11
mediapool.bg,https://www.mediapool.bg/izbori-2026-cat130.html?page=12,https://www.mediapool.bg/trifon-panchev-ochakvam-konflikt-v-grupata-na-bsp-pri-glasuvaneto-na-vetoto-na-prezidenta-news380282.html,Трифон Панчев: Очаквам конфликт в групата на БСП при гласуването на ветото на президента,2026-02-15 17:41:10,,2,"Мунчовите изтривалки в ПГ на БСП ще гласуват в полза на ветото, но не всички.Без БСП гласовете против ветото са 115, депутатите на БСП са 19 и от тях се искат 6-7 гласа,за да фраснат Йотова.Но дори и всички комунисти да подкрепят мунчо, правят си сметката без кръчмаря, защото тогава ПГ на ДПС ще гласува срещу това вето, което е в полза на деребеите на агент Сава и Кокорчо.Ветото няма да мине.",мунчо в затвора!,15.02.2026 (нд) 18:15:21,3,17,2026-06-11 23:58:11
mediapool.bg,https://www.mediapool.bg/izbori-2026-cat130.html?page=12,https://www.mediapool.bg/delyan-dobrev-ne-e-vyarno-che-napuskam-gerb-news380281.html,"Делян Добрев: Не е вярно, че напускам ГЕРБ",2026-02-15 16:22:55,,31,"пита се: къде и какво му завряха на добреф, за да сецнат бунтарското му напънче... :-)))",Bлaдo,16.02.2026 (пн) 16:04:49,3,0,2026-06-11 23:58:22
mediapool.bg,https://www.mediapool.bg/izbori-2026-cat130.html?page=12,https://www.mediapool.bg/delyan-dobrev-ne-e-vyarno-che-napuskam-gerb-news380281.html,"Делян Добрев: Не е вярно, че напускам ГЕРБ",2026-02-15 16:22:55,,30,ПППП - ПП п.е.д.о.ф.и.л.и Петрохан! ;),Мазен Кумунис,16.02.2026 (пн) 1:04:00,1,15,2026-06-11 23:58:22
mediapool.bg,https://www.mediapool.bg/izbori-2026-cat130.html?page=12,https://www.mediapool.bg/delyan-dobrev-ne-e-vyarno-che-napuskam-gerb-news380281.html,"Делян Добрев: Не е вярно, че напускам ГЕРБ",2026-02-15 16:22:55,,29,"Терзиев , Калушев,Рашков дали не са хора на Пеевски??",АСТОР,16.02.2026 (пн) 0:57:01,1,15,2026-06-11 23:58:22
mediapool.bg,https://www.mediapool.bg/izbori-2026-cat130.html?page=12,https://www.mediapool.bg/delyan-dobrev-ne-e-vyarno-che-napuskam-gerb-news380281.html,"Делян Добрев: Не е вярно, че напускам ГЕРБ",2026-02-15 16:22:55,,28,Как да напусне цоцалото..,Jack Daniels,15.02.2026 (нд) 23:02:03,15,0,2026-06-11 23:58:22
mediapool.bg,https://www.mediapool.bg/izbori-2026-cat130.html?page=12,https://www.mediapool.bg/delyan-dobrev-ne-e-vyarno-che-napuskam-gerb-news380281.html,"Делян Добрев: Не е вярно, че напускам ГЕРБ",2026-02-15 16:22:55,,26,Дайте нещо хубаво да кажем за човека... може да е станал фен на Каспар Фридрих; може да е бил на разходка в Хамбург през уикенда... не?,Асен Тотин,15.02.2026 (нд) 21:19:40,1,1,2026-06-11 23:58:22
mediapool.bg,https://www.mediapool.bg/izbori-2026-cat130.html?page=12,https://www.mediapool.bg/delyan-dobrev-ne-e-vyarno-che-napuskam-gerb-news380281.html,"Делян Добрев: Не е вярно, че напускам ГЕРБ",2026-02-15 16:22:55,,25,Тези некадърници от ГЕРБ дори и един скандал като хората не могат да спретнат. Пълна скука са. Като на панихида.,Един препатил,15.02.2026 (нд) 21:13:40,18,1,2026-06-11 23:58:22
mediapool.bg,https://www.mediapool.bg/izbori-2026-cat130.html?page=12,https://www.mediapool.bg/delyan-dobrev-ne-e-vyarno-che-napuskam-gerb-news380281.html,"Делян Добрев: Не е вярно, че напускам ГЕРБ",2026-02-15 16:22:55,,24,много гнуsен човек бре.. явно е от свитата на свин-ята.,ozzy70,15.02.2026 (нд) 20:52:47,18,3,2026-06-11 23:58:22
mediapool.bg,https://www.mediapool.bg/izbori-2026-cat130.html?page=12,https://www.mediapool.bg/delyan-dobrev-ne-e-vyarno-che-napuskam-gerb-news380281.html,"Делян Добрев: Не е вярно, че напускам ГЕРБ",2026-02-15 16:22:55,,23,"Как ли соросоидната Маркет Линкс ще завърти процентите.за да не се види,че ГЕРБ+ДПС са НАД 122 депутата.",АСТОР,15.02.2026 (нд) 19:45:24,3,25,2026-06-11 23:58:22
mediapool.bg,https://www.mediapool.bg/izbori-2026-cat130.html?page=12,https://www.mediapool.bg/delyan-dobrev-ne-e-vyarno-che-napuskam-gerb-news380281.html,"Делян Добрев: Не е вярно, че напускам ГЕРБ",2026-02-15 16:22:55,,22,Благодарение на примитивната лъжлива опозиция ГЕРБ може да стигне и до 1 милион!!,АСТОР,15.02.2026 (нд) 19:36:39,3,25,2026-06-11 23:58:22
mediapool.bg,https://www.mediapool.bg/izbori-2026-cat130.html?page=12,https://www.mediapool.bg/radev-vnasya-za-registratsiya-koalitsiya-s-yasno-ime-do-4-mart-news380280.html,"Радев внася за регистрация ""коалиция с ясно име"" до 4 март",2026-02-15 15:02:01,,69,"рускоподгь3ници, генерали, комунисти, путински орденоносци... - кои ли са тия две почти близначки, които явно ше се коялират (еЯкУалират) преждевременно...",Bлaдo,16.02.2026 (пн) 16:07:48,2,0,2026-06-11 23:58:33
mediapool.bg,https://www.mediapool.bg/izbori-2026-cat130.html?page=12,https://www.mediapool.bg/radev-vnasya-za-registratsiya-koalitsiya-s-yasno-ime-do-4-mart-news380280.html,"Радев внася за регистрация ""коалиция с ясно име"" до 4 март",2026-02-15 15:02:01,,68,Задавените ругатни на руските Fекали16 са музика за ушите ми. Короче никто вас не любит!,В и К,16.02.2026 (пн) 12:44:22,1,0,2026-06-11 23:58:33
mediapool.bg,https://www.mediapool.bg/izbori-2026-cat130.html?page=12,https://www.mediapool.bg/radev-vnasya-za-registratsiya-koalitsiya-s-yasno-ime-do-4-mart-news380280.html,"Радев внася за регистрация ""коалиция с ясно име"" до 4 март",2026-02-15 15:02:01,,67,Мумията излиза ли от бункера??,АСТОР,16.02.2026 (пн) 0:59:26,2,0,2026-06-11 23:58:33
mediapool.bg,https://www.mediapool.bg/izbori-2026-cat130.html?page=12,https://www.mediapool.bg/radev-vnasya-za-registratsiya-koalitsiya-s-yasno-ime-do-4-mart-news380280.html,"Радев внася за регистрация ""коалиция с ясно име"" до 4 март",2026-02-15 15:02:01,,66,Гадев няма потенциала да вади неизвестни червени юпита. Неговите хора ще са познати червени муцуни.,anton nikolov,15.02.2026 (нд) 23:59:59,2,2,2026-06-11 23:58:33
mediapool.bg,https://www.mediapool.bg/izbori-2026-cat130.html?page=12,https://www.mediapool.bg/radev-vnasya-za-registratsiya-koalitsiya-s-yasno-ime-do-4-mart-news380280.html,"Радев внася за регистрация ""коалиция с ясно име"" до 4 март",2026-02-15 15:02:01,,65,За да има 9 септември трябва да има червена армия. Без нея останалото е жалка самодейност.,anton nikolov,15.02.2026 (нд) 23:56:41,1,2,2026-06-11 23:58:33
mediapool.bg,https://www.mediapool.bg/izbori-2026-cat130.html?page=12,https://www.mediapool.bg/radev-vnasya-za-registratsiya-koalitsiya-s-yasno-ime-do-4-mart-news380280.html,"Радев внася за регистрация ""коалиция с ясно име"" до 4 март",2026-02-15 15:02:01,,64,"Шарлатаните пак ще се сглобят с ГЕРБ и пак ще седнат в скута на Пеевски, това са безпринципни хора, антибългари по природа. Заявяват че ще се борят с модела Борисов Пеевски, но не се борят. Какво искат тия шарлатани, не знаят какво искат",F16,15.02.2026 (нд) 23:22:06,1,4,2026-06-11 23:58:33
mediapool.bg,https://www.mediapool.bg/izbori-2026-cat130.html?page=12,https://www.mediapool.bg/radev-vnasya-za-registratsiya-koalitsiya-s-yasno-ime-do-4-mart-news380280.html,"Радев внася за регистрация ""коалиция с ясно име"" до 4 март",2026-02-15 15:02:01,,63,"Гоце, Симеончо, Станишката и силното лидерство?! Приказка за барон Мюнхаузен",Jack Daniels,15.02.2026 (нд) 23:20:23,2,4,2026-06-11 23:58:33
mediapool.bg,https://www.mediapool.bg/izbori-2026-cat130.html?page=12,https://www.mediapool.bg/radev-vnasya-za-registratsiya-koalitsiya-s-yasno-ime-do-4-mart-news380280.html,"Радев внася за регистрация ""коалиция с ясно име"" до 4 март",2026-02-15 15:02:01,,62,Олигархията е кръвната група на радевото - БКП v2.0,Jack Daniels,15.02.2026 (нд) 23:18:09,5,0,2026-06-11 23:58:33
mediapool.bg,https://www.mediapool.bg/izbori-2026-cat130.html?page=12,https://www.mediapool.bg/radev-vnasya-za-registratsiya-koalitsiya-s-yasno-ime-do-4-mart-news380280.html,"Радев внася за регистрация ""коалиция с ясно име"" до 4 март",2026-02-15 15:02:01,,61,"„Кaк Бългapия дa e oт пъpвитe в Eвpoпa нa 2 cкopocти?“, пoпитaxa в БНТ пpeзидeнтa Пъpвaнoв. „Cъc cилнo лидepcтвo“, кaзa тoй. „Имaxмe мнoгo cилeн пpeмиep – Cимeoн, увaжaвaн, aвтopитeтeн. Вoдexмe пpeгoвopи пo гл.24 „Пpaвocъдиe и вътpeшни paбoти“. Фpaнцузитe бяxa ocнoвнaтa пpeчкa. Пpeз мeн Cимeoн вдигнa тeлeфoнa диpeктнo нa пpeзидeнтa Шиpaк и ce paзбpaxa зa някoлкo минути. Cвидeтeл cъм и нa дpуги cлучaи нa пoдoбнo увaжeниe“, кaзa Пъpвaнoв. Буквaлнo нaвpя в кучeшкия нищoжecтвaтa и пpocтaцитe, нapичaщи „пapoдия“ човекът, вкapaл дъpжaвaтa в НAТO и EC 2 мec. пpeди paзшиpявaнeтo дa cпpe зa 10 гoд.",Филка Русофилка,15.02.2026 (нд) 23:17:31,3,3,2026-06-11 23:58:33
mediapool.bg,https://www.mediapool.bg/izbori-2026-cat130.html?page=12,https://www.mediapool.bg/radev-vnasya-za-registratsiya-koalitsiya-s-yasno-ime-do-4-mart-news380280.html,"Радев внася за регистрация ""коалиция с ясно име"" до 4 март",2026-02-15 15:02:01,,60,"След изборите шарлатаните ще си преброят гласовете и ще разберат къде се намират. Няма да стане с шарлатания, със сглобки, с пиене на мазно турско кафе, а ще стане след жестока борба с олигархичния модел.",F16,15.02.2026 (нд) 23:06:55,2,5,2026-06-11 23:58:33
mediapool.bg,https://www.mediapool.bg/izbori-2026-cat130.html?page=12,https://www.mediapool.bg/koprinkov-ne-e-chast-ot-ekipa-na-yotova-administratsiyata-shte-e-s-nova-struktura-news380187.html,"Копринков не е част от екипа на Йотова, администрацията ще е с нова структура",2026-02-12 12:02:36,,7,"До свидания, дарагой таваршч капръйнкав.",ПyтлЭр Xyйло,12.02.2026 (чт) 20:45:21,12,0,2026-06-11 23:58:34
mediapool.bg,https://www.mediapool.bg/izbori-2026-cat130.html?page=12,https://www.mediapool.bg/koprinkov-ne-e-chast-ot-ekipa-na-yotova-administratsiyata-shte-e-s-nova-struktura-news380187.html,"Копринков не е част от екипа на Йотова, администрацията ще е с нова структура",2026-02-12 12:02:36,,5,А дали не е част от екипа на екипа? Нещо като прокси между екипа и партенката?,Jack Daniels,12.02.2026 (чт) 17:49:05,2,0,2026-06-11 23:58:34
mediapool.bg,https://www.mediapool.bg/izbori-2026-cat130.html?page=12,https://www.mediapool.bg/koprinkov-ne-e-chast-ot-ekipa-na-yotova-administratsiyata-shte-e-s-nova-struktura-news380187.html,"Копринков не е част от екипа на Йотова, администрацията ще е с нова структура",2026-02-12 12:02:36,,4,Няма копринков. Как ще крадем без копринков.,DG,12.02.2026 (чт) 17:13:24,1,9,2026-06-11 23:58:34
mediapool.bg,https://www.mediapool.bg/izbori-2026-cat130.html?page=12,https://www.mediapool.bg/koprinkov-ne-e-chast-ot-ekipa-na-yotova-administratsiyata-shte-e-s-nova-struktura-news380187.html,"Копринков не е част от екипа на Йотова, администрацията ще е с нова структура",2026-02-12 12:02:36,,3,"Това изказване е липса на добро възпитание, ако възпитавате така и децата си, жална им майка. Не мога да разбера такъв тип хора.",Milanova Magda,12.02.2026 (чт) 17:10:28,4,7,2026-06-11 23:58:34
mediapool.bg,https://www.mediapool.bg/izbori-2026-cat130.html?page=12,https://www.mediapool.bg/koprinkov-ne-e-chast-ot-ekipa-na-yotova-administratsiyata-shte-e-s-nova-struktura-news380187.html,"Копринков не е част от екипа на Йотова, администрацията ще е с нова структура",2026-02-12 12:02:36,,1,"Кравата ще разчисти хората на Радев . А скоро ще чуем , че е имала големи конфликти с него и едвам го е търпяла . И че тя е новото лице и бъдещ обединител на нацията ...",ефрейтора,12.02.2026 (чт) 14:48:07,9,9,2026-06-11 23:58:34
mediapool.bg,https://www.mediapool.bg/izbori-2026-cat130.html?page=12,https://www.mediapool.bg/prezidentat-nalozhi-veto-varhu-oryazvaneto-na-izbornite-sektsii-izvan-es-news380161.html,Президентът наложи вето върху орязването на изборните секции извън ЕС,2026-02-11 15:52:47,,29,Със сигурност ще има жалба в конституционния съд.,Ravel,25.02.2026 (ср) 21:32:24,0,0,2026-06-11 23:58:44
mediapool.bg,https://www.mediapool.bg/izbori-2026-cat130.html?page=12,https://www.mediapool.bg/prezidentat-nalozhi-veto-varhu-oryazvaneto-na-izbornite-sektsii-izvan-es-news380161.html,Президентът наложи вето върху орязването на изборните секции извън ЕС,2026-02-11 15:52:47,,28,Ограничаването на избирателните права на част от българските граждани с обикновен Законов акт е нарушение на Конституцията и може да бъде обжалвано в Конституционния съд !,Обектив,12.02.2026 (чт) 4:10:58,3,1,2026-06-11 23:58:44
mediapool.bg,https://www.mediapool.bg/izbori-2026-cat130.html?page=12,https://www.mediapool.bg/prezidentat-nalozhi-veto-varhu-oryazvaneto-na-izbornite-sektsii-izvan-es-news380161.html,Президентът наложи вето върху орязването на изборните секции извън ЕС,2026-02-11 15:52:47,,27,Ограничаването на избирателните права на част от българските граждани извън с обикновен Законов акт е нарушение на Конституцията и може да бъде обжалвано в Конституционния съд !,Обектив,12.02.2026 (чт) 4:09:45,3,1,2026-06-11 23:58:44
mediapool.bg,https://www.mediapool.bg/izbori-2026-cat130.html?page=12,https://www.mediapool.bg/prezidentat-nalozhi-veto-varhu-oryazvaneto-na-izbornite-sektsii-izvan-es-news380161.html,Президентът наложи вето върху орязването на изборните секции извън ЕС,2026-02-11 15:52:47,,21,"Ако президентското вето няма 6 месеца давностен срок, каквато е нормалната практика, е безмислено. бх вмириса всичко с бързия си каданс. Абсолютен некадърник, но по-напред престъпник.",dabedabe,11.02.2026 (ср) 19:46:02,1,5,2026-06-11 23:58:44
mediapool.bg,https://www.mediapool.bg/izbori-2026-cat130.html?page=12,https://www.mediapool.bg/prezidentat-nalozhi-veto-varhu-oryazvaneto-na-izbornite-sektsii-izvan-es-news380161.html,Президентът наложи вето върху орязването на изборните секции извън ЕС,2026-02-11 15:52:47,,20,"В този случай ще лъсне неграмотността на много от членовете на СИК/РИК, които пък няма да могат да прочетат написаното. Затова, на първо време просто трябва в бюлетината да няма ""номера"", а просто да са изписани на български език имената на партиите/коалициите.",Wiseman,11.02.2026 (ср) 18:30:30,3,1,2026-06-11 23:58:44
mediapool.bg,https://www.mediapool.bg/izbori-2026-cat130.html?page=12,https://www.mediapool.bg/prezidentat-shte-obyavi-sluzheben-premier-bukvalno-v-sledvashtite-dni-news380122.html,"Президентът ще обяви служебен премиер ""буквално в следващите дни""",2026-02-10 15:48:27,,7,Някой иска слаб президент и това е Йотова?!,Е анита хегерланд,11.02.2026 (ср) 8:16:35,0,0,2026-06-11 23:58:45
mediapool.bg,https://www.mediapool.bg/izbori-2026-cat130.html?page=12,https://www.mediapool.bg/prezidentat-shte-obyavi-sluzheben-premier-bukvalno-v-sledvashtite-dni-news380122.html,"Президентът ще обяви служебен премиер ""буквално в следващите дни""",2026-02-10 15:48:27,,6,"много важен е вътрешния министър, но може би стремежа да е, поредните избори да не доведат до ново правителство и чак на есен да има нови.",Само Явор,10.02.2026 (вт) 20:23:56,1,0,2026-06-11 23:58:45
mediapool.bg,https://www.mediapool.bg/izbori-2026-cat130.html?page=12,https://www.mediapool.bg/prezidentat-shte-obyavi-sluzheben-premier-bukvalno-v-sledvashtite-dni-news380122.html,"Президентът ще обяви служебен премиер ""буквално в следващите дни""",2026-02-10 15:48:27,,5,"И ""някоя от жените"" както пишеш, ще организира честни избори !?",Само Явор,10.02.2026 (вт) 20:12:12,2,0,2026-06-11 23:58:45
mediapool.bg,https://www.mediapool.bg/izbori-2026-cat130.html?page=12,https://www.mediapool.bg/prezidentat-shte-obyavi-sluzheben-premier-bukvalno-v-sledvashtite-dni-news380122.html,"Президентът ще обяви служебен премиер ""буквално в следващите дни""",2026-02-10 15:48:27,,3,може би това е целта,Препоръка,10.02.2026 (вт) 17:31:03,1,0,2026-06-11 23:58:45
mediapool.bg,https://www.mediapool.bg/izbori-2026-cat130.html?page=12,https://www.mediapool.bg/prezidentat-shte-obyavi-sluzheben-premier-bukvalno-v-sledvashtite-dni-news380122.html,"Президентът ще обяви служебен премиер ""буквално в следващите дни""",2026-02-10 15:48:27,,2,Радостин днес каза всичко директно в президентството. В Европа май само ние сме с Вице президент........................,Тихомир Томов,10.02.2026 (вт) 17:11:47,4,0,2026-06-11 23:58:45
mediapool.bg,https://www.mediapool.bg/izbori-2026-cat130.html?page=12,https://www.mediapool.bg/prezidentat-shte-obyavi-sluzheben-premier-bukvalno-v-sledvashtite-dni-news380122.html,"Президентът ще обяви служебен премиер ""буквално в следващите дни""",2026-02-10 15:48:27,,1,"За всички нормални хора, вкл.за юридическите съветници на Йотова, е пределно ясно, че казусът на Гюров не позволява той да бъде назначен за служебен премиер и въпреки огромния мерак на шарлатани и деребеи мунчовица няма да цопне в калта.Назначаването на Гюров ще бъде обжалвано, решенията на служебния кабинет - също, ще стане пълна каша и Йотова е наясно.Главчев също е неподходящ като свързан с ГЕРБ и затова една от трите жени ще бъде назначена.Време е някои малоумници да забравят за Гюров.",мунчо в затвора!,10.02.2026 (вт) 16:21:13,1,5,2026-06-11 23:58:45
mediapool.bg,https://www.mediapool.bg/izbori-2026-cat130.html?page=12,https://www.mediapool.bg/boryana-dimitrova-borisov-tarsi-distantsirane-ot-peevski-news380062.html,Боряна Димитрова: Борисов търси дистанциране от Пеевски,2026-02-09 11:04:56,,18,"Бидона не може да се дистанцира, защото оня го държи за свидетелите и ги усуква, от време - на време.",Purko,9.02.2026 (пн) 15:48:18,6,0,2026-06-11 23:58:56
mediapool.bg,https://www.mediapool.bg/izbori-2026-cat130.html?page=12,https://www.mediapool.bg/boryana-dimitrova-borisov-tarsi-distantsirane-ot-peevski-news380062.html,Боряна Димитрова: Борисов търси дистанциране от Пеевски,2026-02-09 11:04:56,,17,Санитарен кордон срещу Радев!,полк. Дрангов,9.02.2026 (пн) 15:33:58,5,1,2026-06-11 23:58:56
mediapool.bg,https://www.mediapool.bg/izbori-2026-cat130.html?page=12,https://www.mediapool.bg/boryana-dimitrova-borisov-tarsi-distantsirane-ot-peevski-news380062.html,Боряна Димитрова: Борисов търси дистанциране от Пеевски,2026-02-09 11:04:56,,16,"Трудна работа да се ""дистанцира"" като е затъкнат до лакътя на дясната ръка на Пеевски. Борисов просто е петрушка!",ImBlack,9.02.2026 (пн) 14:33:09,6,1,2026-06-11 23:58:56
mediapool.bg,https://www.mediapool.bg/izbori-2026-cat130.html?page=12,https://www.mediapool.bg/boryana-dimitrova-borisov-tarsi-distantsirane-ot-peevski-news380062.html,Боряна Димитрова: Борисов търси дистанциране от Пеевски,2026-02-09 11:04:56,,15,"И едно ядро ,което лапа на коритото му.",anton nikolov,9.02.2026 (пн) 14:13:23,6,0,2026-06-11 23:58:56
mediapool.bg,https://www.mediapool.bg/izbori-2026-cat130.html?page=12,https://www.mediapool.bg/boryana-dimitrova-borisov-tarsi-distantsirane-ot-peevski-news380062.html,Боряна Димитрова: Борисов търси дистанциране от Пеевски,2026-02-09 11:04:56,,14,"Не търси, имитира дистанциране.",anton nikolov,9.02.2026 (пн) 13:40:29,7,1,2026-06-11 23:58:56
mediapool.bg,https://www.mediapool.bg/izbori-2026-cat130.html?page=12,https://www.mediapool.bg/boryana-dimitrova-borisov-tarsi-distantsirane-ot-peevski-news380062.html,Боряна Димитрова: Борисов търси дистанциране от Пеевски,2026-02-09 11:04:56,,13,"Когато настъпи демокрацията си представях края на комунизма, но един младеж в Кипър ми каза, че може след 30-тина години и аз тледах не вярващ! И едно нещо не можех да си представя, а именно какво, за бога, ще работят всички тези преподаватели по История на БКП и КПСС, марксистката философия, Исмат, Политикономии и т.н.! Но, ето ги не само тези болшевишки рупори, но и техните деца и внуци са по цял ден и нощ на екрана! Райчевци, Димитровци с лопата да ги ринеш, макар че Гошо тарабата не е бил чак …Прочети целия коментар толкова плодовит, Василевци, изучени във университети по второ направление - социолози, политолози, пиари, съветници, анализатори, собственици на агенции! Всички чакат печалбата на държавата от ДДС, такси, глоби, данъци и всекакви обирации на граждани селяни в тази страна! Да живей, живей труда!",Anticomm,9.02.2026 (пн) 13:36:19,8,1,2026-06-11 23:58:56
mediapool.bg,https://www.mediapool.bg/izbori-2026-cat130.html?page=12,https://www.mediapool.bg/boryana-dimitrova-borisov-tarsi-distantsirane-ot-peevski-news380062.html,Боряна Димитрова: Борисов търси дистанциране от Пеевски,2026-02-09 11:04:56,,12,"""борисов търси дистанциране от пеевски"" ... ... Да, ама нема да му се получи, щото ... пээфски държи дистанционното на борисоф... ;-) ... ... ... ... Има и чисто технически проблем за бОко: когато нещо е дълбоко вкарано в теб, какво наричаш ""дистанция""? ;-))",Bлaдo,9.02.2026 (пн) 13:26:01,8,0,2026-06-11 23:58:56
mediapool.bg,https://www.mediapool.bg/izbori-2026-cat130.html?page=12,https://www.mediapool.bg/boryana-dimitrova-borisov-tarsi-distantsirane-ot-peevski-news380062.html,Боряна Димитрова: Борисов търси дистанциране от Пеевски,2026-02-09 11:04:56,,11,Отдавна го е намерил! ;),Мазен Кумунис,9.02.2026 (пн) 13:16:11,0,7,2026-06-11 23:58:56
mediapool.bg,https://www.mediapool.bg/izbori-2026-cat130.html?page=12,https://www.mediapool.bg/boryana-dimitrova-borisov-tarsi-distantsirane-ot-peevski-news380062.html,Боряна Димитрова: Борисов търси дистанциране от Пеевски,2026-02-09 11:04:56,,10,"Кво стана с НДСВ и юпитата на царо, след като царо си отиде? Научили са си урока менторите на Баце:))) Магарето у калта нема да оставят и няма да стане като с НДСВ, вервай ми. У ГЕРБ ше се наложи една "" приемственост"". Следващата звиздъ на ГЕРБ е Томислав Дончев. Кърли Сю също дава нишани за "" лидер"".",Poro,9.02.2026 (пн) 13:01:18,1,9,2026-06-11 23:58:56
mediapool.bg,https://www.mediapool.bg/izbori-2026-cat130.html?page=13,https://www.mediapool.bg/partii-prizovavat-yotova-da-nalozhi-veto-na-oryazvaneto-na-sektsiite-izvan-es-news380001.html,Партии призовават Йотова да наложи вето на орязването на секциите извън ЕС,2026-02-06 15:50:58,,21,11 Д﻿﻿об﻿﻿р﻿﻿е д﻿﻿ош﻿﻿﻿л﻿и в н﻿﻿﻿а﻿й-до﻿﻿﻿бр﻿﻿﻿﻿и﻿я с﻿﻿а﻿﻿й﻿﻿т за с﻿﻿е﻿﻿к﻿﻿﻿с за﻿﻿﻿﻿﻿поз﻿﻿﻿﻿﻿на﻿﻿н﻿ст﻿﻿﻿в﻿﻿﻿﻿а -- H﻿﻿﻿﻿﻿﻿o﻿﻿﻿﻿﻿﻿﻿t﻿﻿﻿2﻿﻿﻿﻿﻿﻿﻿﻿1﻿﻿﻿.﻿﻿﻿﻿f﻿﻿﻿﻿﻿﻿﻿﻿u﻿﻿﻿﻿﻿﻿﻿n,Armanda,8.02.2026 (нд) 1:21:10,0,1,2026-06-11 23:59:08
mediapool.bg,https://www.mediapool.bg/izbori-2026-cat130.html?page=13,https://www.mediapool.bg/partii-prizovavat-yotova-da-nalozhi-veto-na-oryazvaneto-na-sektsiite-izvan-es-news380001.html,Партии призовават Йотова да наложи вето на орязването на секциите извън ЕС,2026-02-06 15:50:58,,20,Мисирката от канал едно нещо се бави с решението си. ;),Мазен Кумунис,7.02.2026 (сб) 16:36:35,3,1,2026-06-11 23:59:08
mediapool.bg,https://www.mediapool.bg/izbori-2026-cat130.html?page=13,https://www.mediapool.bg/partii-prizovavat-yotova-da-nalozhi-veto-na-oryazvaneto-na-sektsiite-izvan-es-news380001.html,Партии призовават Йотова да наложи вето на орязването на секциите извън ЕС,2026-02-06 15:50:58,,19,Партии защитаващи турците! :(,Мазен Кумунис,7.02.2026 (сб) 14:29:19,2,2,2026-06-11 23:59:08
mediapool.bg,https://www.mediapool.bg/izbori-2026-cat130.html?page=13,https://www.mediapool.bg/partii-prizovavat-yotova-da-nalozhi-veto-na-oryazvaneto-na-sektsiite-izvan-es-news380001.html,Партии призовават Йотова да наложи вето на орязването на секциите извън ЕС,2026-02-06 15:50:58,,18,"В Гърция институцията робство е премахната в 19 век. Така че ""демокрацията"" е била за робовладелците.",глас в пустиня,7.02.2026 (сб) 11:51:56,1,4,2026-06-11 23:59:08
mediapool.bg,https://www.mediapool.bg/izbori-2026-cat130.html?page=13,https://www.mediapool.bg/partii-prizovavat-yotova-da-nalozhi-veto-na-oryazvaneto-na-sektsiite-izvan-es-news380001.html,Партии призовават Йотова да наложи вето на орязването на секциите извън ЕС,2026-02-06 15:50:58,,15,Извън България НИКОЙ не трябва да гласува.Така е в цивилизования свят.Харчим десетки милиони НАРОДНИ пари за кефа на някои.Който иска идва ТУК.Гърците даже и в посолствата НЕ разрешават.,АСТОР,7.02.2026 (сб) 3:10:11,4,5,2026-06-11 23:59:08
mediapool.bg,https://www.mediapool.bg/izbori-2026-cat130.html?page=13,https://www.mediapool.bg/partii-prizovavat-yotova-da-nalozhi-veto-na-oryazvaneto-na-sektsiite-izvan-es-news380001.html,Партии призовават Йотова да наложи вето на орязването на секциите извън ЕС,2026-02-06 15:50:58,,14,"Дори и да е комунистка, не вярвам да е толкова тъпа, че да се води по гайдата на разни злобни пуделчета.",Megadonkey,7.02.2026 (сб) 2:13:50,6,3,2026-06-11 23:59:08
mediapool.bg,https://www.mediapool.bg/izbori-2026-cat130.html?page=13,https://www.mediapool.bg/okonchatelno-mnozinstvoto-v-parlamenta-ogranichi-sektsiite-izvan-es-news379931.html,Окончателно: Мнозинството в парламента ограничи секциите извън ЕС,2026-02-05 19:38:00,,20,"Трябва от чужбина НУЛА секции,вкл. и от ЕС.Така е в цивилизованите държави.Харчат десетки милиони народна пара за кефа на някои.Гласуване САМО в България!!",АСТОР,6.02.2026 (пт) 11:05:45,1,7,2026-06-11 23:59:19
mediapool.bg,https://www.mediapool.bg/izbori-2026-cat130.html?page=13,https://www.mediapool.bg/okonchatelno-mnozinstvoto-v-parlamenta-ogranichi-sektsiite-izvan-es-news379931.html,Окончателно: Мнозинството в парламента ограничи секциите извън ЕС,2026-02-05 19:38:00,,19,Аман от едни и същи банални истории преди всеки избори! Аман от некадърници!,dabedabe,6.02.2026 (пт) 8:41:38,0,0,2026-06-11 23:59:19
mediapool.bg,https://www.mediapool.bg/izbori-2026-cat130.html?page=13,https://www.mediapool.bg/okonchatelno-mnozinstvoto-v-parlamenta-ogranichi-sektsiite-izvan-es-news379931.html,Окончателно: Мнозинството в парламента ограничи секциите извън ЕС,2026-02-05 19:38:00,,18,"бочко ""изпълнява обещание"" на копейкин. Сакън да не си помислите че на магнитски. :)",sloth,6.02.2026 (пт) 7:47:49,8,1,2026-06-11 23:59:19
mediapool.bg,https://www.mediapool.bg/izbori-2026-cat130.html?page=13,https://www.mediapool.bg/okonchatelno-mnozinstvoto-v-parlamenta-ogranichi-sektsiite-izvan-es-news379931.html,Окончателно: Мнозинството в парламента ограничи секциите извън ЕС,2026-02-05 19:38:00,,17,Браво на мнозинството! ;),Мазен Кумунис,6.02.2026 (пт) 7:33:38,2,9,2026-06-11 23:59:19
mediapool.bg,https://www.mediapool.bg/izbori-2026-cat130.html?page=13,https://www.mediapool.bg/okonchatelno-mnozinstvoto-v-parlamenta-ogranichi-sektsiite-izvan-es-news379931.html,Окончателно: Мнозинството в парламента ограничи секциите извън ЕС,2026-02-05 19:38:00,,16,Да се готви Банкята за НАМАГНИТВАНЕ и ако се мерне в щатите да опита пищовите на ИЦЕто,Jannet Defence,6.02.2026 (пт) 4:33:30,6,0,2026-06-11 23:59:19
mediapool.bg,https://www.mediapool.bg/izbori-2026-cat130.html?page=13,https://www.mediapool.bg/okonchatelno-mnozinstvoto-v-parlamenta-ogranichi-sektsiite-izvan-es-news379931.html,Окончателно: Мнозинството в парламента ограничи секциите извън ЕС,2026-02-05 19:38:00,,12,"Това е девиза от ""Животинска ферма"" от Джордж Оруел - ""Всички животни са равни, но някой животни са по-равни"". В тази ферма, описваща диктатура, ръководители на следреволюционната ферма стават прасетата и това е техния лозунг. Идеята че български граждани в различни страни, получават различен достъп до гласуването е в съгласие с Оруелския лозунг на прасетата.",Калико Джо,6.02.2026 (пт) 0:35:45,17,1,2026-06-11 23:59:19
mediapool.bg,https://www.mediapool.bg/izbori-2026-cat130.html?page=13,https://www.mediapool.bg/okonchatelno-mnozinstvoto-v-parlamenta-ogranichi-sektsiite-izvan-es-news379931.html,Окончателно: Мнозинството в парламента ограничи секциите извън ЕС,2026-02-05 19:38:00,,11,"Та значи, ППДБ-тата се борят със зъби и нокти за правата на Пеевския електорат. Както и за още по-големия гaдняp Доган. Аз затова много ги заобичах и ще гласувам за тях!",Megadonkey,6.02.2026 (пт) 0:02:35,1,19,2026-06-11 23:59:19
mediapool.bg,https://www.mediapool.bg/izbori-2026-cat130.html?page=13,https://www.mediapool.bg/sektsiya-po-sektsiya-80-minutniyat-protest-na-asen-vasilev-sreshtu-oryazvaneto-na-vota-izvan-es-news379967.html,Секция по секция. 80-минутният протест на Асен Василев срещу орязването на вота извън ЕС,2026-02-05 17:55:19,,33,"Браво на Асен Василев за смелостта и постоянството! Трябва да се защитават правата на българите в чужбина, защото всеки глас има значение. Време е да покажем, че не сме безгласни букви!",Sasho_9862,9.02.2026 (пн) 16:48:08,0,0,2026-06-11 23:59:30
mediapool.bg,https://www.mediapool.bg/izbori-2026-cat130.html?page=13,https://www.mediapool.bg/sektsiya-po-sektsiya-80-minutniyat-protest-na-asen-vasilev-sreshtu-oryazvaneto-na-vota-izvan-es-news379967.html,Секция по секция. 80-минутният протест на Асен Василев срещу орязването на вота извън ЕС,2026-02-05 17:55:19,,32,"Браво на Асен Василев за смелостта и постоянството! Трябва да се защитават правата на българите в чужбина, защото всеки глас има значение. Време е да покажем, че не сме безгласни букви!",Sasho_9862,9.02.2026 (пн) 16:47:28,0,0,2026-06-11 23:59:30
mediapool.bg,https://www.mediapool.bg/izbori-2026-cat130.html?page=13,https://www.mediapool.bg/sektsiya-po-sektsiya-80-minutniyat-protest-na-asen-vasilev-sreshtu-oryazvaneto-na-vota-izvan-es-news379967.html,Секция по секция. 80-минутният протест на Асен Василев срещу орязването на вота извън ЕС,2026-02-05 17:55:19,,31,"Браво на Асен Василев за смелостта и постоянството! Трябва да се защитават правата на българите в чужбина, защото всеки глас има значение. Време е да покажем, че не сме безгласни букви!",Sasho_9862,9.02.2026 (пн) 16:47:06,0,0,2026-06-11 23:59:30
mediapool.bg,https://www.mediapool.bg/izbori-2026-cat130.html?page=13,https://www.mediapool.bg/sektsiya-po-sektsiya-80-minutniyat-protest-na-asen-vasilev-sreshtu-oryazvaneto-na-vota-izvan-es-news379967.html,Секция по секция. 80-минутният протест на Асен Василев срещу орязването на вота извън ЕС,2026-02-05 17:55:19,,30,"Дезертьорът лети НАДОЛУ под 15%.С тоя образ ще отиде на 10%Но с такива като Ася,Мирчев,Божанов ППДБ няма да се възползва.",АСТОР,6.02.2026 (пт) 14:27:26,2,3,2026-06-11 23:59:30
mediapool.bg,https://www.mediapool.bg/izbori-2026-cat130.html?page=13,https://www.mediapool.bg/sektsiya-po-sektsiya-80-minutniyat-protest-na-asen-vasilev-sreshtu-oryazvaneto-na-vota-izvan-es-news379967.html,Секция по секция. 80-минутният протест на Асен Василев срещу орязването на вота извън ЕС,2026-02-05 17:55:19,,28,И китките му меки и резбата му лява. ;),Мазен Кумунис,6.02.2026 (пт) 0:58:11,3,16,2026-06-11 23:59:30
mediapool.bg,https://www.mediapool.bg/izbori-2026-cat130.html?page=13,https://www.mediapool.bg/sektsiya-po-sektsiya-80-minutniyat-protest-na-asen-vasilev-sreshtu-oryazvaneto-na-vota-izvan-es-news379967.html,Секция по секция. 80-минутният протест на Асен Василев срещу орязването на вота извън ЕС,2026-02-05 17:55:19,,27,"Тия са толкова гипсирани горките, голям майтап е да ги подръпваш за опашките. Аз досега винаги съм смятал копейките за най-обещаващи в чупенето на тъпомери, но този път - изненада!",Megadonkey,6.02.2026 (пт) 0:16:52,3,16,2026-06-11 23:59:30
mediapool.bg,https://www.mediapool.bg/izbori-2026-cat130.html?page=13,https://www.mediapool.bg/sektsiya-po-sektsiya-80-minutniyat-protest-na-asen-vasilev-sreshtu-oryazvaneto-na-vota-izvan-es-news379967.html,Секция по секция. 80-минутният протест на Асен Василев срещу орязването на вота извън ЕС,2026-02-05 17:55:19,,26,Кой разпореди това безобразие? ;),Мазен Кумунис,5.02.2026 (чт) 22:05:31,2,18,2026-06-11 23:59:30
mediapool.bg,https://www.mediapool.bg/izbori-2026-cat130.html?page=13,https://www.mediapool.bg/sektsiya-po-sektsiya-80-minutniyat-protest-na-asen-vasilev-sreshtu-oryazvaneto-na-vota-izvan-es-news379967.html,Секция по секция. 80-минутният протест на Асен Василев срещу орязването на вота извън ЕС,2026-02-05 17:55:19,,25,Важното е да се изгражда доверие бе. И респект. Към Пеевския. Teamwork.,Megadonkey,5.02.2026 (чт) 20:49:15,2,22,2026-06-11 23:59:30
mediapool.bg,https://www.mediapool.bg/izbori-2026-cat130.html?page=13,https://www.mediapool.bg/sektsiya-po-sektsiya-80-minutniyat-protest-na-asen-vasilev-sreshtu-oryazvaneto-na-vota-izvan-es-news379967.html,Секция по секция. 80-минутният протест на Асен Василев срещу орязването на вота извън ЕС,2026-02-05 17:55:19,,24,"Каундерите от ""израждане"" много добре знаят че прасето ще докара всички като ""туристи"". Автобусите сигурно са платени вече.",Jack Daniels,5.02.2026 (чт) 20:40:17,23,1,2026-06-11 23:59:30
mediapool.bg,https://www.mediapool.bg/izbori-2026-cat130.html?page=13,https://www.mediapool.bg/izborite-shte-sa-na-19-april-dps-novo-nachalo-i-itn-preduprediha-yotova-za-gyurov-obnovena-news379902.html,"Изборите ще са на 19 април. ""ДПС-Ново начало"" и ИТН предупредиха Йотова за Гюров (обновена)",2026-02-04 13:30:13,,23,Е значи Гюров.Всички други са истински шарлатани.,Мански,10.02.2026 (вт) 17:53:20,1,0,2026-06-11 23:59:41
mediapool.bg,https://www.mediapool.bg/izbori-2026-cat130.html?page=13,https://www.mediapool.bg/izborite-shte-sa-na-19-april-dps-novo-nachalo-i-itn-preduprediha-yotova-za-gyurov-obnovena-news379902.html,"Изборите ще са на 19 април. ""ДПС-Ново начало"" и ИТН предупредиха Йотова за Гюров (обновена)",2026-02-04 13:30:13,,22,Не приближен до партия за прасето значи приближен до прасето...,Мански,10.02.2026 (вт) 17:51:25,2,0,2026-06-11 23:59:41
mediapool.bg,https://www.mediapool.bg/izbori-2026-cat130.html?page=13,https://www.mediapool.bg/izborite-shte-sa-na-19-april-dps-novo-nachalo-i-itn-preduprediha-yotova-za-gyurov-obnovena-news379902.html,"Изборите ще са на 19 април. ""ДПС-Ново начало"" и ИТН предупредиха Йотова за Гюров (обновена)",2026-02-04 13:30:13,,21,Идиотова какво ще прави още две седмици до 19 февруари ? Ще се консултира със Синода и мюфтийството ли ?,anton nikolov,5.02.2026 (чт) 11:51:13,1,0,2026-06-11 23:59:41
mediapool.bg,https://www.mediapool.bg/izbori-2026-cat130.html?page=13,https://www.mediapool.bg/izborite-shte-sa-na-19-april-dps-novo-nachalo-i-itn-preduprediha-yotova-za-gyurov-obnovena-news379902.html,"Изборите ще са на 19 април. ""ДПС-Ново начало"" и ИТН предупредиха Йотова за Гюров (обновена)",2026-02-04 13:30:13,,20,"В чии ботуши ще влезе Йотова почти става ясно. И ще направи огромна гршека, ако послушно избере една от женските кандидатури-",Снежужкин,4.02.2026 (ср) 19:35:36,6,2,2026-06-11 23:59:41
mediapool.bg,https://www.mediapool.bg/izbori-2026-cat130.html?page=13,https://www.mediapool.bg/izborite-shte-sa-na-19-april-dps-novo-nachalo-i-itn-preduprediha-yotova-za-gyurov-obnovena-news379902.html,"Изборите ще са на 19 април. ""ДПС-Ново начало"" и ИТН предупредиха Йотова за Гюров (обновена)",2026-02-04 13:30:13,,19,Служебният премиер може да всеки - без шарлатаните! ;),Мазен Кумунис,4.02.2026 (ср) 18:07:13,5,20,2026-06-11 23:59:41
mediapool.bg,https://www.mediapool.bg/izbori-2026-cat130.html?page=13,https://www.mediapool.bg/izborite-shte-sa-na-19-april-dps-novo-nachalo-i-itn-preduprediha-yotova-za-gyurov-obnovena-news379902.html,"Изборите ще са на 19 април. ""ДПС-Ново начало"" и ИТН предупредиха Йотова за Гюров (обновена)",2026-02-04 13:30:13,,18,19 април е напомняне за споминали се с политиката индивиди - Рожден ден на един от опетнените патриоти съсипани от Луна на изборите за Президент !,Тихомир Томов,4.02.2026 (ср) 17:50:16,0,5,2026-06-11 23:59:41
mediapool.bg,https://www.mediapool.bg/izbori-2026-cat130.html?page=13,https://www.mediapool.bg/izborite-shte-sa-na-19-april-dps-novo-nachalo-i-itn-preduprediha-yotova-za-gyurov-obnovena-news379902.html,"Изборите ще са на 19 април. ""ДПС-Ново начало"" и ИТН предупредиха Йотова за Гюров (обновена)",2026-02-04 13:30:13,,17,"Ако не ме лъже паметта едни други хора пиха шампанско , докато другарите от Герб се изхождаха в кофи.",Кая,4.02.2026 (ср) 16:06:43,21,4,2026-06-11 23:59:41
mediapool.bg,https://www.mediapool.bg/izbori-2026-cat130.html?page=13,https://www.mediapool.bg/izborite-shte-sa-na-19-april-dps-novo-nachalo-i-itn-preduprediha-yotova-za-gyurov-obnovena-news379902.html,"Изборите ще са на 19 април. ""ДПС-Ново начало"" и ИТН предупредиха Йотова за Гюров (обновена)",2026-02-04 13:30:13,,16,искра михайлова-Копарова...,асен,4.02.2026 (ср) 16:04:38,1,1,2026-06-11 23:59:41
mediapool.bg,https://www.mediapool.bg/izbori-2026-cat130.html?page=13,https://www.mediapool.bg/izborite-shte-sa-na-19-april-dps-novo-nachalo-i-itn-preduprediha-yotova-za-gyurov-obnovena-news379902.html,"Изборите ще са на 19 април. ""ДПС-Ново начало"" и ИТН предупредиха Йотова за Гюров (обновена)",2026-02-04 13:30:13,,15,"Мафията се прегрупира, Радев търси партия майка, тр-ол-ови-те вият по форумите.Мила родна, картинка!",Кая,4.02.2026 (ср) 16:02:37,22,2,2026-06-11 23:59:41
mediapool.bg,https://www.mediapool.bg/izbori-2026-cat130.html?page=13,https://www.mediapool.bg/zashto-se-rezhat-sektsiite-izvan-es-borisov-bil-obeshtal-na-vazrazhdane-news379894.html,"Защо се режат секциите извън ЕС? Борисов бил обещал на ""Възраждане""",2026-02-03 19:07:29,,39,"Точно така! ""Само една група депутати не са в кюпа на мафията."" А всички останали обслужват не просто Шиши, не просто Шиши и Боко, а чрез тях и по-малките им сателити, в крайна сметка обслужвани са интересите на кремъл. Още нещо - без съгласието на кремъл не може да съществува тлъстата организирана престъпност, чиито основни и видими пипала са тъкмо Боко и Шиши, но и други край тях, без да са ""политици"". Дребните престъпници са търпяни, доколкото са зависими и могат да се използват за нуждите на …Прочети целия коментар тези едрите при случай. А Боко или л@йномета от Банкя е наистина изпечено ченге. Мъглата, която създава с приказките си, прикрива толкова много от случващото се, петни онези депутати и политици, дето ""не са в кюпа на мафията"", разбирай ПП, ДБ, ДСБ и няколко свободни електрона край тях. Изпечено ченге е Боко, но служи на кремълската мафия, за да му позволят да работи и за себе си. А Шиши е временно назначен да му е равен и малко отгоре. Любопитно е от кого от двамата първо ще се отърват, със сигурност не по естествен път.",KOH,4.02.2026 (ср) 14:10:23,1,3,2026-06-11 23:59:51
mediapool.bg,https://www.mediapool.bg/izbori-2026-cat130.html?page=13,https://www.mediapool.bg/zashto-se-rezhat-sektsiite-izvan-es-borisov-bil-obeshtal-na-vazrazhdane-news379894.html,"Защо се режат секциите извън ЕС? Борисов бил обещал на ""Възраждане""",2026-02-03 19:07:29,,38,"Подобно беше „мнението“ и на водещия Жоро Любенов в неделя по БНТ. Проф. Вили Лилков му съобщи, че моторизацията на София станала вече 2 пъти по-голяма от тази на Берлин и Виена, а покупателната способност на 2 € у нас сега е по-ниска от покупателната способност на 2 лв преди 13 год. „Това значи, че обедняваме ли?“ запита Жоро. Вили Лилков му каза, че е точно обратното. Но явно надцени математическите познания на водещия литератор и театровед, и не успя да го убеди. Може би щеше да успее, ако му беше казал, че преди 13 год. средната работна заплата е била 4 пъти по-малка, но не вярвам. :).",Филка Русофилка,4.02.2026 (ср) 13:44:07,1,2,2026-06-11 23:59:51
mediapool.bg,https://www.mediapool.bg/izbori-2026-cat130.html?page=13,https://www.mediapool.bg/zashto-se-rezhat-sektsiite-izvan-es-borisov-bil-obeshtal-na-vazrazhdane-news379894.html,"Защо се режат секциите извън ЕС? Борисов бил обещал на ""Възраждане""",2026-02-03 19:07:29,,37,"И къде ги видя да се веят тези турски знамена бе, чугун?!?",ultra,4.02.2026 (ср) 13:01:26,3,1,2026-06-11 23:59:51
mediapool.bg,https://www.mediapool.bg/izbori-2026-cat130.html?page=13,https://www.mediapool.bg/zashto-se-rezhat-sektsiite-izvan-es-borisov-bil-obeshtal-na-vazrazhdane-news379894.html,"Защо се режат секциите извън ЕС? Борисов бил обещал на ""Възраждане""",2026-02-03 19:07:29,,35,Дано доживея да го видя зад решетките тоя продажен неграмотник.,Антиком,4.02.2026 (ср) 11:30:53,5,3,2026-06-11 23:59:51
mediapool.bg,https://www.mediapool.bg/izbori-2026-cat130.html?page=13,https://www.mediapool.bg/zashto-se-rezhat-sektsiite-izvan-es-borisov-bil-obeshtal-na-vazrazhdane-news379894.html,"Защо се режат секциите извън ЕС? Борисов бил обещал на ""Възраждане""",2026-02-03 19:07:29,,34,Плаче за освидетелстване!Не го слуша главата....Зле са му нещата!,stoian.krim,4.02.2026 (ср) 11:00:51,5,3,2026-06-11 23:59:51
mediapool.bg,https://www.mediapool.bg/izbori-2026-cat130.html?page=13,https://www.mediapool.bg/zashto-se-rezhat-sektsiite-izvan-es-borisov-bil-obeshtal-na-vazrazhdane-news379894.html,"Защо се режат секциите извън ЕС? Борисов бил обещал на ""Възраждане""",2026-02-03 19:07:29,,33,Плаче за освидетелстване!Не го слуша главата....Зле са му нещата!,stoian.krim,4.02.2026 (ср) 11:00:44,5,3,2026-06-11 23:59:51
mediapool.bg,https://www.mediapool.bg/izbori-2026-cat130.html?page=13,https://www.mediapool.bg/zashto-se-rezhat-sektsiite-izvan-es-borisov-bil-obeshtal-na-vazrazhdane-news379894.html,"Защо се режат секциите извън ЕС? Борисов бил обещал на ""Възраждане""",2026-02-03 19:07:29,,32,"Борисов иска да е приятел на президента на САЩ, но са му изключително неприятни българите живеещи в САЩ. Поглеждайки този окаян човек си отговарям на въпроса, защо България е най-бедната страна в ЕС.",Earendel,4.02.2026 (ср) 10:58:03,11,3,2026-06-11 23:59:51
mediapool.bg,https://www.mediapool.bg/izbori-2026-cat130.html?page=13,https://www.mediapool.bg/zashto-se-rezhat-sektsiite-izvan-es-borisov-bil-obeshtal-na-vazrazhdane-news379894.html,"Защо се режат секциите извън ЕС? Борисов бил обещал на ""Възраждане""",2026-02-03 19:07:29,,31,Мнозинството българи не искат тези които не знаят български и веят турски знамена да гласуват :/,кр,4.02.2026 (ср) 10:22:41,1,9,2026-06-11 23:59:51
mediapool.bg,https://www.mediapool.bg/izbori-2026-cat130.html?page=13,https://www.mediapool.bg/zashto-se-rezhat-sektsiite-izvan-es-borisov-bil-obeshtal-na-vazrazhdane-news379894.html,"Защо се режат секциите извън ЕС? Борисов бил обещал на ""Възраждане""",2026-02-03 19:07:29,,30,Велик! ;),Мазен Кумунис,4.02.2026 (ср) 7:58:02,1,10,2026-06-11 23:59:51
mediapool.bg,https://www.mediapool.bg/izbori-2026-cat130.html?page=13,https://www.mediapool.bg/kiril-petkov-sashto-nyama-da-e-v-listite-na-pp-i-toi-imal-nov-proekt-news379584.html,Кирил Петков също няма да е в листите на ПП. И той имал нов проект,2026-01-26 12:00:09,,71,"Кире,няма ненаказано добро!!Направи Ники,с акъл на ученичка,цял академик и ТОЙ ти заби ханджара!",АСТОР,27.01.2026 (вт) 13:13:57,3,1,2026-06-12 00:00:02
mediapool.bg,https://www.mediapool.bg/izbori-2026-cat130.html?page=13,https://www.mediapool.bg/kiril-petkov-sashto-nyama-da-e-v-listite-na-pp-i-toi-imal-nov-proekt-news379584.html,Кирил Петков също няма да е в листите на ПП. И той имал нов проект,2026-01-26 12:00:09,,70,"Кирил Петков гневен на Николай Денков:Не работя за нов проект -и аз, и Лена работим за каузата на ПП",Мазен Кумунис,27.01.2026 (вт) 9:00:42,5,3,2026-06-12 00:00:02
mediapool.bg,https://www.mediapool.bg/izbori-2026-cat130.html?page=13,https://www.mediapool.bg/kiril-petkov-sashto-nyama-da-e-v-listite-na-pp-i-toi-imal-nov-proekt-news379584.html,Кирил Петков също няма да е в листите на ПП. И той имал нов проект,2026-01-26 12:00:09,,68,Просто Киро е бесен на сапунения академик. ;),Мазен Кумунис,27.01.2026 (вт) 8:06:44,3,7,2026-06-12 00:00:02
mediapool.bg,https://www.mediapool.bg/izbori-2026-cat130.html?page=13,https://www.mediapool.bg/kiril-petkov-sashto-nyama-da-e-v-listite-na-pp-i-toi-imal-nov-proekt-news379584.html,Кирил Петков също няма да е в листите на ПП. И той имал нов проект,2026-01-26 12:00:09,,67,"Предусещат агонията на държавата която предстои, след тяхната намеса в политиката и се спасяват по единично.",глас в пустиня,27.01.2026 (вт) 5:21:03,6,9,2026-06-12 00:00:02
mediapool.bg,https://www.mediapool.bg/izbori-2026-cat130.html?page=13,https://www.mediapool.bg/kiril-petkov-sashto-nyama-da-e-v-listite-na-pp-i-toi-imal-nov-proekt-news379584.html,Кирил Петков също няма да е в листите на ПП. И той имал нов проект,2026-01-26 12:00:09,,66,Да те хакнат ... . Скрий се при майка си в раша.,vlatkyn,27.01.2026 (вт) 1:28:53,2,12,2026-06-12 00:00:02
mediapool.bg,https://www.mediapool.bg/izbori-2026-cat130.html?page=13,https://www.mediapool.bg/kiril-petkov-sashto-nyama-da-e-v-listite-na-pp-i-toi-imal-nov-proekt-news379584.html,Кирил Петков също няма да е в листите на ПП. И той имал нов проект,2026-01-26 12:00:09,,65,"Изненадан ли е някой,че в ППДБ не са само далавераджии,а е пълно с подлеци и лицемери??",АСТОР,26.01.2026 (пн) 23:36:24,6,14,2026-06-12 00:00:02
mediapool.bg,https://www.mediapool.bg/izbori-2026-cat130.html?page=13,https://www.mediapool.bg/kiril-petkov-sashto-nyama-da-e-v-listite-na-pp-i-toi-imal-nov-proekt-news379584.html,Кирил Петков също няма да е в листите на ПП. И той имал нов проект,2026-01-26 12:00:09,,64,"Ще открива пицария в София. Пицарията ще се казва ""Кристал"".",DG,26.01.2026 (пн) 23:36:12,5,14,2026-06-12 00:00:02
mediapool.bg,https://www.mediapool.bg/izbori-2026-cat130.html?page=13,https://www.mediapool.bg/kakvo-mozhe-da-se-ochakva-ot-listite-na-radev-news379456.html,Какво може да се очаква от листите на Радев,2026-01-22 06:39:06,,43,"Единствения читав, Крум Зарков, отказва да се присъедини. Той лично видя че Радев е путинист-рублофил и популист. Тия другите набързо ще уредят още някой енергиен договор и България ще плаща още милиарди, пак за нищо. Колкото Слави ""оправи"" страната, толкова ще я оправи и Радев. Покрай него ще се наместят едни върли интересчии и ограбването ще продължи на пълни обороти.",Шерлок Холмс,24.01.2026 (сб) 7:39:27,0,0,2026-06-12 00:00:13
mediapool.bg,https://www.mediapool.bg/izbori-2026-cat130.html?page=13,https://www.mediapool.bg/kakvo-mozhe-da-se-ochakva-ot-listite-na-radev-news379456.html,Какво може да се очаква от листите на Радев,2026-01-22 06:39:06,,42,Крадци и полу-нeнopмални мошенници.,DG,23.01.2026 (пт) 23:58:18,0,0,2026-06-12 00:00:13
mediapool.bg,https://www.mediapool.bg/izbori-2026-cat130.html?page=13,https://www.mediapool.bg/kakvo-mozhe-da-se-ochakva-ot-listite-na-radev-news379456.html,Какво може да се очаква от листите на Радев,2026-01-22 06:39:06,,41,"Очакват се нафталин, памперси и миризмата от тях.",Quo,23.01.2026 (пт) 16:30:29,1,0,2026-06-12 00:00:13
mediapool.bg,https://www.mediapool.bg/izbori-2026-cat130.html?page=13,https://www.mediapool.bg/kakvo-mozhe-da-se-ochakva-ot-listite-na-radev-news379456.html,Какво може да се очаква от листите на Радев,2026-01-22 06:39:06,,40,"Къде е капитан катамаран? Един подпис на Росен Христов без съмнение със съпорта на Румен Радев ни струва 4 милиарда лева или по 1 милион лева на ден. След абдикацията: 2,04 милиарда евро или по 520 хил евро на ден...",Iliad,23.01.2026 (пт) 3:10:20,5,1,2026-06-12 00:00:13
mediapool.bg,https://www.mediapool.bg/izbori-2026-cat130.html?page=13,https://www.mediapool.bg/kakvo-mozhe-da-se-ochakva-ot-listite-na-radev-news379456.html,Какво може да се очаква от листите на Радев,2026-01-22 06:39:06,,39,"Ако наистина са десни - не трябва да разцепват малкото приличащи на десни - ПП-ДБ, а да се прибавят към тях; да преглътнат личните си амбиции. Иначе д-р Москов е най-подходящият министър на здравето.",Prascho,22.01.2026 (чт) 21:28:47,3,3,2026-06-12 00:00:13
mediapool.bg,https://www.mediapool.bg/izbori-2026-cat130.html?page=13,https://www.mediapool.bg/kakvo-mozhe-da-se-ochakva-ot-listite-na-radev-news379456.html,Какво може да се очаква от листите на Радев,2026-01-22 06:39:06,,38,"Ето остриетата на рундю: 1. Лицето Гълъб донев. Образование- висше, военно. ЗКПЧ на рота. После още 2 висши - едно през друго по-фалшиви - УНСС и право от ВИММЕС - Русе. Юрист! Работил е само в държавната администрация. 2. Зеления чорап о.з. полковник Димитър стоянов, който е за Русия и против НАТО. 3. Лицето Росен христов, подписал договора с Боташ. 4. ""политолога"" слави василев, син на едно от най-долните ДС ченгета от соца. Останалите са световно неизвестни.",Blackadder,22.01.2026 (чт) 20:39:48,5,1,2026-06-12 00:00:13
mediapool.bg,https://www.mediapool.bg/izbori-2026-cat130.html?page=13,https://www.mediapool.bg/kakvo-mozhe-da-se-ochakva-ot-listite-na-radev-news379456.html,Какво може да се очаква от листите на Радев,2026-01-22 06:39:06,,37,Върволица от мас тии ............................,Тихомир Томов,22.01.2026 (чт) 18:19:21,3,0,2026-06-12 00:00:13
mediapool.bg,https://www.mediapool.bg/izbori-2026-cat130.html?page=13,https://www.mediapool.bg/kakvo-mozhe-da-se-ochakva-ot-listite-na-radev-news379456.html,Какво може да се очаква от листите на Радев,2026-01-22 06:39:06,,36,"AБДИКИPAЛИЯТ PAДEВ ИМA ДA ВPЪЩA ВEPECИИ НA ДOГAН, ВКAPВA XOPAТA МУ В ЛИCТИТE CИ Цeлтa e дa ce изпepe и избeли филocoфът oт Дpъндap кaтo бopeц cpeщу мaфиятa и зaдкулиcиeтo, кoйтo възcтaнoвявa дъpжaвaтa ДИМИТЪP ИВAНOВ Нямa cъмнeниe, чe тaкa нapeчeният пoчeтeн пpeдceдaтeл нa AПC (нepeгиcтpиpaният дубликaт нa ДПC) Axмeд Дoгaн нaиcтинa e мнoгo бoлeн. Пpoблeмът бeшe видим, a тoй гo пpизнa публичнo пpeди двa мeceцa, кoгaтo учpeдявaxa нoвaтa му пapтия. Днec вce пo-oтчeтливo cтaвa яcнo, чe филocoфът …Прочети целия коментар oт Дpъндap e и тoтaлнo пoлитичecки нecъcтoятeлeн. Пoтвъpждeниe зa тoвa e вчepaшнaтa му нecлучaйнa изявa. Нa фeйcбук cтpaницaтa нa AПC ce пoяви личeн пoздpaв oт д-p Axмeд Дoгaн към вce oщe изпълнявaщия длъжнocттa пpeзидeнт Pумeн Paдeв: „Пoздpaвлeния, г-н Пpeзидeнт! Caмo Виe cтe peшaвaщият фaктop зa oбpaзувaнeтo нa aнтимaфиoтcки фpoнт cpeщу пpeвзeтaтa ни дъpжaвa! Ниe, oт Aлиaнc зa пpaвa и cвoбoди, cмe бeзpeзepвнo c Вac! Пpeдcтoи ни мнoгo paбoтa. Нo c oбщи уcилия, кoopдинaция и зaeднocт мoжeм дa мoбилизиpaмe вcички пoкoлeния зa дeмoнтиpaнeтo нa „дълбoкaтa дъpжaвa“ и дa зaдaдeм pecтapт нa дeмoкpaциятa. Бъдeтe жив и здpaв и вce тaкa peшитeлeн в бopбaтa зa пo-дoбpa Бългapия!"" Peaкциятa e пo пoвoд изявлeниeтo нa Paдeв, чe aбдикиpa oт кoнcтитуциoннитe cи зaдължeния и вpъчвa ocтaвкaтa cи в Кoнcтитуциoнния cъд. Дa ce чуди и мae ceгa чoвeк нa кoй клoн дa ce oбecи – нa paдeвия или нa дoгaнoвия? Някoи aнaлизaтopи нapeкoxa „пoздpaвa“ oткpoвeнa „пpocтитуция“, нo peaлнo cтaвa думa зa циничнa ГAВPA C OБЩECТВEНAТA ПAМEТ И МOPAЛ Дoгaн e cтap paзвpaтник във вcички знaчeния и пpeвъплъщeния нa тaзи думa, нo oтвpaтитeлнo и пoдлo e кoгaтo тoчнo тoй гoвopи зa пpeвзeтa дъpжaвa, зa мaфия, зa дълбoкa дъpжaвa и pecтapт нa дeмoкpaциятa. Тa тaзи cбъpкaнa бългapcкa дeмoкpaция и тoзи мъчитeлeн пpexoд дължим и нa нeгoвия paзгул в пoлитикaтa. Имeннo тoй e чoвeкът, кoйтo paзвpaти пoлитичecкaтa cpeдa, кopумпиpa я, oплeтe я в oбpъчи oт фиpми, пpeвpъщaйки пapтиятa в мaфиoтcкa кopпopaция. Ceгa излизa, чe cякaш 36 гoдини Дoгaн кaтo cлaдкoпoйнa чучулигa ce e peeл някъдe в poзoвитe нeбeca, a нe e бил c дepибeитe и куклoвoдитe cи в peaлнaтa влacт. Нaли тoй ce xвaлeшe, чe c eднo нaмигвaнe peшaвa вcякaкви пpoблeми, oтвapя тeжки влacтoви пopти и пpeнacoчвa финaнcoви пoтoци. Дoгaн и нeгoвoтo ДПC 35 гoдини имaxa пoвeчe и peaлнa, и cкpитa влacт oт вcички дpуги пoлитичecки фopмaции. Oбщecтвeнa тaйнa бe диaгнoзaтa, чe нeгoвoтo ДПC ПPEЯЖДA C ВЛACТ, изпoлзвaнo кaтo инcтpумeнт oт дълбoкaтa дъpжaвa и зaдкулиcиeтo. Axмeд или пo-извecтeн кaтo дeтeтo нa Дъpжaвнa cигуpнocт - тpиликият „Aнгeлoв“, „Caвa“, „Cepгeй“, зaбpaвя, чe cъвceм нe e cкpoмнo пpoлeтapчe oт Дpъндap, зaщoтo caмo дo пpeди гoдинa ce къпeшe в нeoбяcним лукc и paзкoш, във витoшки и мopcки capaи, глeзeн c дъpжaнки, яxти, лукcoзни лимузини, питиeтa нa цeнaтa нa eднa гoдишнa ceлcкa зaплaтa, бизнecи зa милиapди, вapдeн oт чacтни и дъpжaвни гapдoвe кaтo ВЪPXOВНA НAЦИOНAЛНA ЦEННOCТ Тa нимa тoлкoвa лecнo aмнeзия e пopaзилa oбщecтвoтo, чe дeceтилeтия ce пpoтивoпocтaвяшe нa мeтacтaзитe нa „мoдeлa Дoгaн“. Paзмътeнaтa oт кoмбинaциятa Peтбул и Чивac Peгaл глaвa нa Axмeд явнo e зaбpaвилa, чe тoй e и cъздaтeлят, и paкeтaтa нocитeл нa фeнoмeнa Пeeвcки, a и нa цялaтa пoлитичecкa пoмия, oт кoятo щe ни cпacявa. Нaиcтинa битиeтo oпpeдeля cъзнaниeтo. Изxвъpлeн нa улицaтa, зaбpaвeн и oт нaй-мaзнитe cи лaкeи ceгa Дoгaн гoвopи кaтo чoвeк oт нapoдa, пpoпoвядвa някaквa aбcтpaктнa пpoмянa. КAКВO CE КPИE ЗAД ТOЗИ ФЛИPТ? Дoгaн и oцeлявaщoтo му oбкpъжeниe яcнo ocъзнaвaт, чe нa eдни пpeдcтoящи избopи нямaт шaнc caмocтoятeлнo дa влeзнaт в пapлaмeнтa. Coциoлoгиятa им дaвa дopи пoд 1,5% oбщecтвeнo дoвepиe. Xpaнeницитe oкoлo Дoгaн, кoитo зa 7 пeтилeтки cтaнaxa пpикaзнo бoгaти, днec ce гнуcят oт нeгo и мъдpувaт cвoи пoлитичecки пpoeкти, бopeйки ce зa нacлeдcтвoтo нa cтapoтo ДПC. Caмo пpeди дeн ceмeйcтвo Aтилa - eдни oт нaй-бoгaтитe туpци, кoeтo дopи живeeшe в capaитe в Бoянa, ce oбяви cpeщу cвoя блaгoдeтeл. Eлвaн Aтилa, кoятo cъздaдe пpeди гoдинa и пoлoвинa cпeциaлнa гpупa във фeйcбук в зaщитa нa Дoгaн, нaпиca: „…ниe бяxмe изпoлзвaни и изгopeни, зa дa cвeтнeш ти Дoгaнe. Никaкъв бopeц нe cи бил, мнoгo cмe тe издигaли в oчитe cи и в oчaквaниятa cи. Cмиpeниe и oттeглянe c мнoгo мoлитви към Вceвишния зa пpoшкa тpябвa дa избepeш.“, кaзвa близкaтa дo cъpцeтo нa Coкoлa, xвaлeйки eднoвpeмeннo Paдeв, кoйтo ce жepтвaл дa cпacявa дъpжaвaтa. Дoгaн и нeгoвoтo AПC нaй-вepoятнo нямa дa ce явят caмocтoятeлнo нa избopи, нямa дopи кaктo пpeдния път дa игpaят и c мapгинaлни пapтии пaтepици, зaщoтo нямaт и тoзи пoтeнциaл. Щe ce влeят в пoтoкa фopмaции, cтpуктуpиpaщи нoвaтa пpeзидeнтcкa кoaлиция. Вeчe ce гoвopи, чe xopa нa Paдeв ce дoгoвapят дa дaдaт втopи, a някъдe в cмeceнитe paйoни и пъpви мecтa нa туpци и мюcюлмaни. Тaкa щe бъдaт мoбилизиpaни глacoвeтe нa пpoтивницитe нa Пeeвcки и Бopиcoв, кaтo чacти oт paзбититe cтpуктуpи нa Дoгaн щe пpeлят вoтa cи в нoвaтa фopмaция нa Paдeв. Нo нaй-вaжнoтo – щe ce измиe cpaмът, чe Дoгaн и xopaтa му ocтaвaт извън пapлaмeнтa, зaщoтo ca тoтaлнo пpoвaлeни и нeнужни. Тoвa пaничecкo бягcтвo нa Axмeд oт peaлнocттa щe гo cкpиe зaд нoвитe дpexи нa Pумeн Paдeв и щe изпepe пpoвaлa нa eдин eтничecки пpoeкт, в кoйтo ДC и Кpeмъл инвecтиpaxa гoдини нapeд тoлкoвa cpeдcтвa и нaдeжди. Дoгaн нe пpocтo щe oцeлee зa пopeдeн път пoд някaквa фopмa, нo щe бъдe избeлeн кaтo бopeц cpeщу мaфиятa, кoйтo възcтaнoвявa дъpжaвaтa. Пaкeтиpaн c Paдeв, тoвa бeзcпopнo e нoвaтa cтpaтeгия нa „гoлeмия бpaт“ зa oвлaдявaнe нa изпълнитeлнaтa влacт, зaчиcтвaнe нa eвpoaтлaнтичecкия eлит и пpeкoмпoзиpaнe нa Бългapия в пocoкa към Eвpaзия. Дa, тoчнo тaкa бe нaглacил гeнepaл Лeoнид Peшeтникoв xибpиднaтa oпepaция, кoгaтo нa 26 фeвpуapи 2016 гoдинa пoceти вeчepтa тaйнo capaитe в Бoянa, cпoмeнaвaйки зa пъpви път имeтo нa Pумeн Paдeв в изcлeдвaнe нa Pуcкия инcтитут зa cтpaтeгичecки изcлeдвaния (PИCИ). Плaнът нa гeнepaлът oт КГБ ce peaлизиpa c пpeцизнa пocлeдoвaтeлнocт дo ceгa. A днec e дoшлo вpeмe PAДEВ ДA ВPЪЩA ВEPECИИ НA ДOГAН Нecлучaйнo caмo пpeди ceдмицa тoй вpъчи изнeнaдвaщo тpeтия мaндaт зa cъcтaвянe нa пpaвитeлcтвo в paмкитe нa тoзи пapлaмeнт имeннo нa нeфeлнaтa пapлaмeнтapнa гpупa нa AПC, кoятo e яcнo, чe нямa нитo кaдpoви pecуpc, нитo пoлитичecки пoтeнциaл зa пoдoбнo нeщo. Ceгa Paдeв щe нaмъpдa в лиcтитe cи xopa нa Дoгaн, зa дa cкpиe бeзcилиeтo им зa oцeлявaнe и дa дoбaви някaквa пpинaдeнa cтoйнocт зa личния cи пoлитичecки пpoeкт. Пpoблeмът e, чe тaзи мpъcнa мимикpия cякaш нeвoлнo ocтaвa нeзaбeлязaнa oт oбщecтвoтo, включитeлнo и oт игpaчи oт дeмoкpaтичния и eвpoaтлaнтичecки cпeктъp, кoитo нaмигвaт и ca гoтoви дa флиpтувaт c Дoгaн и Paдeв, зaбpaвяйки cъздaтeля им, и дeлaтa им.",Филка Русофилка,22.01.2026 (чт) 17:33:00,5,3,2026-06-12 00:00:13
mediapool.bg,https://www.mediapool.bg/izbori-2026-cat130.html?page=13,https://www.mediapool.bg/kakvo-mozhe-da-se-ochakva-ot-listite-na-radev-news379456.html,Какво може да се очаква от листите на Радев,2026-01-22 06:39:06,,35,миПрофанско-рЭшЭтникова cмpaд! - ето какво ще има в (г)листите на радЭф...,Bлaдo,22.01.2026 (чт) 16:29:03,5,0,2026-06-12 00:00:13
mediapool.bg,https://www.mediapool.bg/izbori-2026-cat130.html?page=13,https://www.mediapool.bg/kakvo-mozhe-da-se-ochakva-ot-listite-na-radev-news379456.html,Какво може да се очаква от листите на Радев,2026-01-22 06:39:06,,34,Русофилистиците ни готвят Кочина!,полк. Дрангов,22.01.2026 (чт) 15:38:59,6,2,2026-06-12 00:00:13
mediapool.bg,https://www.mediapool.bg/izbori-2026-cat130.html?page=13,https://www.mediapool.bg/lena-borislavova-nyama-da-e-v-listite-na-pp-db-za-izborite-obnovena-news379427.html,Лена Бориславова няма да е в листите на ПП-ДБ за изборите (Обновена),2026-01-21 13:36:16,,22,"Мазен Комунис, здравствуй! Това да не ти е съветски колхоз ?! Както един френски ученик беше написал в контролното си, че ""в Русия имало ОБЩИ жени, които се наричали КОЛХОЗИ"" :) Мечтай си !",РК,22.01.2026 (чт) 19:01:26,2,0,2026-06-12 00:00:24
mediapool.bg,https://www.mediapool.bg/izbori-2026-cat130.html?page=13,https://www.mediapool.bg/lena-borislavova-nyama-da-e-v-listite-na-pp-db-za-izborite-obnovena-news379427.html,Лена Бориславова няма да е в листите на ПП-ДБ за изборите (Обновена),2026-01-21 13:36:16,,21,Тъпи гъдулки не могат да ми дават оценки. :),pepe,21.01.2026 (ср) 19:27:55,15,3,2026-06-12 00:00:24
mediapool.bg,https://www.mediapool.bg/izbori-2026-cat130.html?page=13,https://www.mediapool.bg/lena-borislavova-nyama-da-e-v-listite-na-pp-db-za-izborite-obnovena-news379427.html,Лена Бориславова няма да е в листите на ПП-ДБ за изборите (Обновена),2026-01-21 13:36:16,,20,Който нищо не разбита светът му изглежда като магия.,DG,21.01.2026 (ср) 19:23:42,2,16,2026-06-12 00:00:24
mediapool.bg,https://www.mediapool.bg/izbori-2026-cat130.html?page=13,https://www.mediapool.bg/lena-borislavova-nyama-da-e-v-listite-na-pp-db-za-izborite-obnovena-news379427.html,Лена Бориславова няма да е в листите на ПП-ДБ за изборите (Обновена),2026-01-21 13:36:16,,19,"И защо така?! Досега съм бил сравнително резервиран към Лена, но обективно тя е едно от примерно дузината най-разпознаваеми лица на ПП-ДБ... Искрено съм озадачен! Опасявам се, че ПП-ДБ ще продължи с тенденцията на избори внезапно да се издигат ""появили се отникъде"" лица, които се възползват от коалицията като от ""ракета-носител"" за бърза кариера, от която скоро след това се ""освобождават"", но в критични моменти изместват хора, които са работили и доказали способности и надеждност в продължение на години. Разбирам каква може да е логиката зад подобно действие, но лично на мен това - случаи в които лоялността на практика се наказва, ми прави изключително лошо впечатление!",pepe,21.01.2026 (ср) 19:13:04,15,5,2026-06-12 00:00:24
mediapool.bg,https://www.mediapool.bg/izbori-2026-cat130.html?page=13,https://www.mediapool.bg/lena-borislavova-nyama-da-e-v-listite-na-pp-db-za-izborite-obnovena-news379427.html,Лена Бориславова няма да е в листите на ПП-ДБ за изборите (Обновена),2026-01-21 13:36:16,,18,"Умно и хубаво момиче, а се забъркало с такива смешни типове, като тези от ПП...",keen,21.01.2026 (ср) 17:21:33,8,21,2026-06-12 00:00:24
mediapool.bg,https://www.mediapool.bg/izbori-2026-cat130.html?page=13,https://www.mediapool.bg/lena-borislavova-nyama-da-e-v-listite-na-pp-db-za-izborite-obnovena-news379427.html,Лена Бориславова няма да е в листите на ПП-ДБ за изборите (Обновена),2026-01-21 13:36:16,,17,Т'ва Лена общата ли е? ;),Мазен Кумунис,21.01.2026 (ср) 16:46:20,6,23,2026-06-12 00:00:24
mediapool.bg,https://www.mediapool.bg/izbori-2026-cat130.html?page=13,https://www.mediapool.bg/lena-borislavova-nyama-da-e-v-listite-na-pp-db-za-izborite-obnovena-news379427.html,Лена Бориславова няма да е в листите на ПП-ДБ за изборите (Обновена),2026-01-21 13:36:16,,16,Минеш ли 35 трябва да се оттеглиш от професията. Разбирате коя професия имам впредвид.,DG,21.01.2026 (ср) 16:10:45,3,25,2026-06-12 00:00:24
mediapool.bg,https://www.mediapool.bg/izbori-2026-cat130.html?page=13,https://www.mediapool.bg/lena-borislavova-nyama-da-e-v-listite-na-pp-db-za-izborite-obnovena-news379427.html,Лена Бориславова няма да е в листите на ПП-ДБ за изборите (Обновена),2026-01-21 13:36:16,,15,"Да Ви кажа една "" тайна"" за майчинството ( не се заяждам). На 20 дена новороденото основно спи и се нуждае от храна в определени часове. :) Истинският "" ужас"" настъпва, когато човечето проходи. Тогава наистина се нуждае от непрекъснато внимание.",valentinа паumova,21.01.2026 (ср) 16:06:19,20,5,2026-06-12 00:00:24
mediapool.bg,https://www.mediapool.bg/izbori-2026-cat130.html?page=13,https://www.mediapool.bg/lena-borislavova-nyama-da-e-v-listite-na-pp-db-za-izborite-obnovena-news379427.html,Лена Бориславова няма да е в листите на ПП-ДБ за изборите (Обновена),2026-01-21 13:36:16,,14,"Г-жо valentinа паumova , не сте вникнала добре в контекста. Коментарите за самолетите и кой летял-кой не нямат за цел самоизтъкване /нямам никаква нужда от това/, а в отговор на направен коментар преди това. Прочетете го преди да коментирате, ако се интересувате. Апропо, важността на професионалната реализация на една жена е вън от всякакво съмнение, но не ми се вижда нормално Бориславова или която и да е друга жена да зареже новороденото си и да хукне на 20-тия ден обратно в парламента, за да не би демокрацията да … Прочети целия коментар",ninevia,21.01.2026 (ср) 15:51:15,5,22,2026-06-12 00:00:24
mediapool.bg,https://www.mediapool.bg/izbori-2026-cat130.html?page=13,https://www.mediapool.bg/predi-izborite-radev-parvo-tryabva-da-mine-prez-konstitutsionniya-sad-news379360.html,Преди изборите Радев първо трябва да мине през Конституционния съд,2026-01-19 19:14:13,,9,"Това с КС не е ли буря в чаша вода? И да се окаже буря, която евентуално да налее още някой % в полза на г-н Боташ?",Milenca,20.01.2026 (вт) 6:58:57,3,0,2026-06-12 00:00:24
mediapool.bg,https://www.mediapool.bg/izbori-2026-cat130.html?page=13,https://www.mediapool.bg/predi-izborite-radev-parvo-tryabva-da-mine-prez-konstitutsionniya-sad-news379360.html,Преди изборите Радев първо трябва да мине през Конституционния съд,2026-01-19 19:14:13,,8,Очевидно НАТИСКА е от Москва! Като не можаха да провалят еврозоната сега това е последната капия на Кремъл!,полк. Дрангов,20.01.2026 (вт) 2:14:21,3,0,2026-06-12 00:00:24
mediapool.bg,https://www.mediapool.bg/izbori-2026-cat130.html?page=13,https://www.mediapool.bg/predi-izborite-radev-parvo-tryabva-da-mine-prez-konstitutsionniya-sad-news379360.html,Преди изборите Радев първо трябва да мине през Конституционния съд,2026-01-19 19:14:13,,7,Очевидно НАТИСКА е от Москва! Като не можаха да провалят еврозоната сега това е последната капия на Кремъл!,полк. Дрангов,20.01.2026 (вт) 2:14:20,3,0,2026-06-12 00:00:24
mediapool.bg,https://www.mediapool.bg/izbori-2026-cat130.html?page=13,https://www.mediapool.bg/predi-izborite-radev-parvo-tryabva-da-mine-prez-konstitutsionniya-sad-news379360.html,Преди изборите Радев първо трябва да мине през Конституционния съд,2026-01-19 19:14:13,,6,"Някои много ги е страх Атанасова или Колев да не са докладчици, защото те със сигурност не понасят мунчо.Говорят за ""рискове"",загрижени да не би мунчо да се издъни.Освен тях обаче Шиши има още съдии.",мунчо в затвора!,19.01.2026 (пн) 21:15:07,5,0,2026-06-12 00:00:24
mediapool.bg,https://www.mediapool.bg/izbori-2026-cat130.html?page=13,https://www.mediapool.bg/predi-izborite-radev-parvo-tryabva-da-mine-prez-konstitutsionniya-sad-news379360.html,Преди изборите Радев първо трябва да мине през Конституционния съд,2026-01-19 19:14:13,,5,"Нищо подобно.За да приемат оставката, трябват 7 гласа, а мунчо ги няма.Случаят с Блага Димитрова е съвсем различен.Целта на у*рода мунчо е да заграби властта и съдиите го знаят.",мунчо в затвора!,19.01.2026 (пн) 21:11:44,5,1,2026-06-12 00:00:24
mediapool.bg,https://www.mediapool.bg/izbori-2026-cat130.html?page=13,https://www.mediapool.bg/predi-izborite-radev-parvo-tryabva-da-mine-prez-konstitutsionniya-sad-news379360.html,Преди изборите Радев първо трябва да мине през Конституционния съд,2026-01-19 19:14:13,,4,"КС може да екзекутира мераците на мунчо да стане диктатор, защото мунчо има само 4 човека, а за другите това ще е нарушение на президентската клетва и Шиши вече се е погрижил по въпроса.мунчо вече беше заклан с домовата книга, когато получи 6 гласа,и сега ще стане същото.",мунчо в затвора!,19.01.2026 (пн) 21:08:12,6,0,2026-06-12 00:00:24
mediapool.bg,https://www.mediapool.bg/izbori-2026-cat130.html?page=13,https://www.mediapool.bg/predi-izborite-radev-parvo-tryabva-da-mine-prez-konstitutsionniya-sad-news379360.html,Преди изборите Радев първо трябва да мине през Конституционния съд,2026-01-19 19:14:13,,3,"А не трябва ли и през бай Ставри? Че там една далаверка с един БОТАШ струва ката ден на хората в България по едни 1,080,000.",ПyтлЭр Xyйло,19.01.2026 (пн) 20:55:13,15,0,2026-06-12 00:00:24
mediapool.bg,https://www.mediapool.bg/izbori-2026-cat130.html?page=13,https://www.mediapool.bg/predi-izborite-radev-parvo-tryabva-da-mine-prez-konstitutsionniya-sad-news379360.html,Преди изборите Радев първо трябва да мине през Конституционния съд,2026-01-19 19:14:13,,2,Конституционният съд ще се произнесе бързо - не по късно от 26-27 януари. А може още и на 23-ти.,Един препатил,19.01.2026 (пн) 20:06:50,5,0,2026-06-12 00:00:24
mediapool.bg,https://www.mediapool.bg/izbori-2026-cat130.html?page=13,https://www.mediapool.bg/predi-izborite-radev-parvo-tryabva-da-mine-prez-konstitutsionniya-sad-news379360.html,Преди изборите Радев първо трябва да мине през Конституционния съд,2026-01-19 19:14:13,,1,"В случая решението на радев определено следва че е взето ""под натиск"", защото е взето от неговите началници в кремъл. Следователно са налице също ""заплаха"", и/или ""измама"". Началниците на радев обаче допуснаха грешка, като преди да го освободят от президенския пост допълнително го дискредитираха със задачата да провали влизането ни в Еврозоната. Надявам се бързо да го пуснат в политиката, за да си дойдат нещата на мястото. Един като него (Първанов) вече се опита, но партията му изсъхна и никаква я няма. И с тоя ще е подобно.",Blagoj,19.01.2026 (пн) 19:46:16,10,0,2026-06-12 00:00:24
mediapool.bg,https://www.mediapool.bg/izbori-2026-cat130.html?page=13,https://www.mediapool.bg/mozhem-i-shte-uspeem-rumen-radev-podava-ostavka-kato-prezident-pred-ks-iliyana-yotova-shte-go-zamesti-news379330.html,"""Можем и ще успеем"". Румен Радев подава оставка като президент пред КС, Илияна Йотова ще го замести",2026-01-19 19:01:08,,243,"абе май цял месец ше изкара по инерция... (с привилегии, охрани и имунитети...) - така било по Конституция... ... ... НО! - ще има все пак и 2 месеца без имунитет - след президенстването и преди регистрацията като мерак-депутат...",Bлaдo,21.01.2026 (ср) 16:15:28,1,0,2026-06-12 00:00:35
mediapool.bg,https://www.mediapool.bg/izbori-2026-cat130.html?page=13,https://www.mediapool.bg/mozhem-i-shte-uspeem-rumen-radev-podava-ostavka-kato-prezident-pred-ks-iliyana-yotova-shte-go-zamesti-news379330.html,"""Можем и ще успеем"". Румен Радев подава оставка като президент пред КС, Илияна Йотова ще го замести",2026-01-19 19:01:08,,242,"Веднага щом КС приеме оставката на рундю. ПП-тролещите идЭоти и да пожелавате успех, първо ще има малко пандиз, кочериновския спас ""от Испания"" може да каже повече.",ПyтлЭр Xyйло,20.01.2026 (вт) 21:22:32,8,1,2026-06-12 00:00:35
mediapool.bg,https://www.mediapool.bg/izbori-2026-cat130.html?page=13,https://www.mediapool.bg/mozhem-i-shte-uspeem-rumen-radev-podava-ostavka-kato-prezident-pred-ks-iliyana-yotova-shte-go-zamesti-news379330.html,"""Можем и ще успеем"". Румен Радев подава оставка като президент пред КС, Илияна Йотова ще го замести",2026-01-19 19:01:08,,241,"... та откога, викате, лицето радев ще е без имунитет...? ;-)",Bлaдo,20.01.2026 (вт) 14:48:35,5,1,2026-06-12 00:00:35
mediapool.bg,https://www.mediapool.bg/izbori-2026-cat130.html?page=13,https://www.mediapool.bg/mozhem-i-shte-uspeem-rumen-radev-podava-ostavka-kato-prezident-pred-ks-iliyana-yotova-shte-go-zamesti-news379330.html,"""Можем и ще успеем"". Румен Радев подава оставка като президент пред КС, Илияна Йотова ще го замести",2026-01-19 19:01:08,,240,Изпуснаха си цялата гнясс .. Хахах тресе се кочинатааа !! Браво на Президента!!,Божанков,20.01.2026 (вт) 13:58:27,1,6,2026-06-12 00:00:35
mediapool.bg,https://www.mediapool.bg/izbori-2026-cat130.html?page=13,https://www.mediapool.bg/mozhem-i-shte-uspeem-rumen-radev-podava-ostavka-kato-prezident-pred-ks-iliyana-yotova-shte-go-zamesti-news379330.html,"""Можем и ще успеем"". Румен Радев подава оставка като президент пред КС, Илияна Йотова ще го замести",2026-01-19 19:01:08,,239,"... може и да е случайно съвпадение...., но и ВВС-то ни даде признаци на живот баш в деня, в който дважди дЭZЭртьорът от ВВС радев ... дезертира трети път - този път от Президентството... ;-)))",Bлaдo,20.01.2026 (вт) 12:07:26,4,2,2026-06-12 00:00:35
mediapool.bg,https://www.mediapool.bg/izbori-2026-cat130.html?page=13,https://www.mediapool.bg/rosen-zhelyazkov-vednaga-varna-neizpalnen-parviya-mandat-news379110.html,Росен Желязков веднага върна неизпълнен първия мандат,2026-01-12 10:15:00,,27,"Бойчето: Подписването на договор с Украйна е като да си купиш фабрика на 9 септември. Борисов за договора с “Боташ”: Това е печатница за пари за българите: ""И тогава Украйна ще може да взима от България. Унгария може да взима от България и да връща на Полша, включително. Австрия, Сърбия, Македония. Ние имаме най-добрата инфраструктура. 80% от компресорите на целите Балкани са в ""Балкански поток"", в България. Това е печатница за пари за българите""",nikolson,12.01.2026 (пн) 15:46:36,7,4,2026-06-12 00:00:46
mediapool.bg,https://www.mediapool.bg/izbori-2026-cat130.html?page=13,https://www.mediapool.bg/rosen-zhelyazkov-vednaga-varna-neizpalnen-parviya-mandat-news379110.html,Росен Желязков веднага върна неизпълнен първия мандат,2026-01-12 10:15:00,,26,"Разцункаха ли се накрая? бх пак се прай на срамежлив големец/аристократ. Банкялии плащат ли редовно данъка? Ко са сербрз. ше мъ;чат, няма охкат. Кат едни горди правчани ша чакат пак да им изгрее звездата. Ма няма изгледи.",dabedabe,12.01.2026 (пн) 15:29:50,0,5,2026-06-12 00:00:46
mediapool.bg,https://www.mediapool.bg/izbori-2026-cat130.html?page=13,https://www.mediapool.bg/rosen-zhelyazkov-vednaga-varna-neizpalnen-parviya-mandat-news379110.html,Росен Желязков веднага върна неизпълнен първия мандат,2026-01-12 10:15:00,,25,"""....желаеща да заграби съществуващите корупционни канали...."" ...... Значи България е разядена от корупционните канали на Буци и Шиши, но те няма да позволят на друг да ги заграби. ХвалА за тоз открит урок по политпросвета, който ни изнасяш днес!",Един препатил,12.01.2026 (пн) 14:12:11,6,2,2026-06-12 00:00:46
mediapool.bg,https://www.mediapool.bg/izbori-2026-cat130.html?page=13,https://www.mediapool.bg/rosen-zhelyazkov-vednaga-varna-neizpalnen-parviya-mandat-news379110.html,Росен Желязков веднага върна неизпълнен първия мандат,2026-01-12 10:15:00,,24,"За да бъдат разбрани правилно процесите у нас трябва да се знае, че всички партии представляват политическите крила на отделни мафиотски кланове, борещи се да присвоят обществените ресурси. герб и дпс - умерено проевропейската олигархия, която стана проевропейска защото се научи ефективно да ""усвоява"" субсидиите; иZраждане и подобни - творение на службите, чрез които пряко се месят в политиката; бсп - остатъци от иZкуфели носталгици, бивши номенклатурни величия и потомствени червени боклуци; гуменгадев-решетников-Боташ и ПП-Партията на пУтин - пропутинската мафия, желаеща да заграби съществуващите корупционни канали.",ABV,12.01.2026 (пн) 13:24:15,1,8,2026-06-12 00:00:46
mediapool.bg,https://www.mediapool.bg/izbori-2026-cat130.html?page=13,https://www.mediapool.bg/rosen-zhelyazkov-vednaga-varna-neizpalnen-parviya-mandat-news379110.html,Росен Желязков веднага върна неизпълнен първия мандат,2026-01-12 10:15:00,,22,"Лично за мен е крайно неприятно, че гласовете, призоваващи генералите да се споразумеят за съвместно управление, се множат.",M@rt.in,12.01.2026 (пн) 12:55:14,4,7,2026-06-12 00:00:46
mediapool.bg,https://www.mediapool.bg/izbori-2026-cat130.html?page=13,https://www.mediapool.bg/rosen-zhelyazkov-vednaga-varna-neizpalnen-parviya-mandat-news379110.html,Росен Желязков веднага върна неизпълнен първия мандат,2026-01-12 10:15:00,,21,"В мътна вода най-много риба се лови, Баце и Свинята знаят.",Любо от Далеч,12.01.2026 (пн) 12:47:57,8,4,2026-06-12 00:00:46
mediapool.bg,https://www.mediapool.bg/izbori-2026-cat130.html?page=13,https://www.mediapool.bg/rosen-zhelyazkov-vednaga-varna-neizpalnen-parviya-mandat-news379110.html,Росен Желязков веднага върна неизпълнен първия мандат,2026-01-12 10:15:00,,20,"гуменхадев-решетников-Боташ е създател и неформален лидер на ПП-Партията на пУтин. Колкото и театри да разиграват за баламосване на ДеБилният електорат, реалните им политически действия винаги са били синхронизирани.",ABV,12.01.2026 (пн) 12:46:23,3,11,2026-06-12 00:00:46
mediapool.bg,https://www.mediapool.bg/izbori-2026-cat130.html?page=13,https://www.mediapool.bg/rosen-zhelyazkov-vednaga-varna-neizpalnen-parviya-mandat-news379110.html,Росен Желязков веднага върна неизпълнен първия мандат,2026-01-12 10:15:00,,19,"Добре, че беше Асенчо да прави бюджет по време на Ковид и война, иначе еврозона през крив макарон.",кривак,12.01.2026 (пн) 11:57:41,11,4,2026-06-12 00:00:46
mediapool.bg,https://www.mediapool.bg/izbori-2026-cat130.html?page=13,https://www.mediapool.bg/rosen-zhelyazkov-vednaga-varna-neizpalnen-parviya-mandat-news379110.html,Росен Желязков веднага върна неизпълнен първия мандат,2026-01-12 10:15:00,,18,"Чухте ли, че електоралната подкрепа за ГЕРБ вече е спаднала под 20%? Нищо чудно - все някога к…..венският номер на Буци да предизвиква предсрочни избори ще му излезе през носа.",Един препатил,12.01.2026 (пн) 11:51:47,8,6,2026-06-12 00:00:46
mediapool.bg,https://www.mediapool.bg/izbori-2026-cat130.html?page=13,https://www.mediapool.bg/pravitelstvoto-podade-ostavka-obobshtenie-news378166.html,Правителството подаде оставка (обобщение),2025-12-11 16:31:07,,169,"борисоф беше бременен от пеефски, но пак пометна...",Bлaдo,12.12.2025 (пт) 10:39:39,1,1,2026-06-12 00:00:57
mediapool.bg,https://www.mediapool.bg/izbori-2026-cat130.html?page=13,https://www.mediapool.bg/pravitelstvoto-podade-ostavka-obobshtenie-news378166.html,Правителството подаде оставка (обобщение),2025-12-11 16:31:07,,168,"Времето на твоя ""доктор"" изтича.",valentinа паumova,12.12.2025 (пт) 8:11:12,6,3,2026-06-12 00:00:57
mediapool.bg,https://www.mediapool.bg/izbori-2026-cat130.html?page=13,https://www.mediapool.bg/pravitelstvoto-podade-ostavka-obobshtenie-news378166.html,Правителството подаде оставка (обобщение),2025-12-11 16:31:07,,167,И на идващите избори доктора на науките Бойко Велики ще е отново No1. Възможно е Прасето Магнитски да е No2. Тогава какво ще изсумтят шарлатаните? ;),Мазен Кумунис,12.12.2025 (пт) 8:00:00,4,5,2026-06-12 00:00:57
mediapool.bg,https://www.mediapool.bg/izbori-2026-cat130.html?page=13,https://www.mediapool.bg/pravitelstvoto-podade-ostavka-obobshtenie-news378166.html,Правителството подаде оставка (обобщение),2025-12-11 16:31:07,,166,"Случва се каквото предполагах. Борисов дава ""заден ход"", за да мобилизира ГЕРБ за следващи избори. Че предсрочни избори ще има преди президентските, ако Радев не направи партия, беше ясно. :) Ако беше направил партия, това щеше да даде силен аргумент от външнополитическо естество на ГЕРБ. От друга страна, протестите показаха ясно на Борисов какво ще се случи на следващите президентски избори. И така - предсрочни избори. Колкото по- бързо, толкова по- добре. Борисов, чийто страх и егоизъм, не позволяват …Прочети целия коментар да разбере, че вече е нежелан персонално, ще употреби времето да обяснява, че е несправедлива политическа жертва на благородната кауза за приемане в еврозоната. Вероятно така ще обясни и близостта си Делян Пеевски. Що се отнася до нелепите решения на правителството - те са по вина на коалиционните партньори, то е ясно.:)))",valentinа паumova,12.12.2025 (пт) 7:48:44,3,3,2026-06-12 00:00:57
mediapool.bg,https://www.mediapool.bg/izbori-2026-cat130.html?page=13,https://www.mediapool.bg/pravitelstvoto-podade-ostavka-obobshtenie-news378166.html,Правителството подаде оставка (обобщение),2025-12-11 16:31:07,,164,Лена шъ я заплoдят по случай падането на правителството.,глас в пустиня,12.12.2025 (пт) 7:17:50,4,7,2026-06-12 00:00:57
mediapool.bg,https://www.mediapool.bg/izbori-2026-cat130.html?page=13,https://www.mediapool.bg/pravitelstvoto-podade-ostavka-obobshtenie-news378166.html,Правителството подаде оставка (обобщение),2025-12-11 16:31:07,,163,"Боклуци прости и некадърни за нищо не ставате. Добре, че беше Асенчо да прави бюджет по време на Ковид и война иначе еврозона през крив макарон.",кривак,12.12.2025 (пт) 7:13:00,8,5,2026-06-12 00:00:57
mediapool.bg,https://www.mediapool.bg/izbori-2026-cat130.html?page=13,https://www.mediapool.bg/pravitelstvoto-podade-ostavka-obobshtenie-news378166.html,Правителството подаде оставка (обобщение),2025-12-11 16:31:07,,162,"Отечественият фронт овладява властта. Засега най-активната политическа сила е коалицията ""Президентската Партия и Другите Болшевики"", известна с абревиатурата си ПП-ДБ. Очаква се основни лица в новата власт да бъдат главните специалисти от групата ""Боташ"", международно признати измамници като Асен Василеви обичащият да пътува Ники. Може би ще бъдат върнати на високи позиции измамници, фалшификатори и нарушители на закони Кирил и Лена. Нормално е покрай Лена и Ленин да получи подобаващ пост. Разбира …Прочети целия коментар се, че вусоки постове трябва да получат генералните секретаря на коалиционните партньори генералчето Атанас Атанасов и Ивайло Мирчев - олицетворение на формирането на новата номенклатура от стари комунистически номенклатурчици и техните наследници. Почти всички неадекватни некадърници, нагли, безскрупулни лъжци. Редно е да се спази стила на изразяване налаган от ръководните фактори от коалицията. Няма да има държава на Голямото Д. Съобразявайки се с публичната и неопровергана от самия него сексуална ориентация на изявяващия се като организатор и вдъхновител на протестите ще се изгражда държавата на Тясното Д. Партньорите му могат да коригират наименованието от Тясното Д на Широкото Д.",Живко6461,12.12.2025 (пт) 6:18:46,4,7,2026-06-12 00:00:57
mediapool.bg,https://www.mediapool.bg/izbori-2026-cat130.html?page=13,https://www.mediapool.bg/pravitelstvoto-podade-ostavka-obobshtenie-news378166.html,Правителството подаде оставка (обобщение),2025-12-11 16:31:07,,161,"на герб-авите ш'им се наложи да предложат правителство, ...както са си в момента - с нacpaните гащи, без преобуване ;-))))) ... Демек - в рамките на няколко дни лично аз! :-))) ще съм му разритал и разтерзал на боко две! правителства... :-)",Bлaдo,12.12.2025 (пт) 5:44:14,4,5,2026-06-12 00:00:57
