2026-06-07 10:52:13 | INFO | dnes_bg_2026-06-07_10-52-13 | Starting scrape mode | source=dnes_bg | session=2026-06-07_10-52-13
2026-06-07 10:52:13 | INFO | dnes_bg_2026-06-07_10-52-13 | Loaded 1 category URL(s) for dnes_bg
2026-06-07 10:52:16 | INFO | dnes_bg_2026-06-07_10-52-13 | Processing category page | url=https://www.dnes.bg/c/448-svobodno-vreme
2026-06-07 10:52:16 | INFO | dnes_bg_2026-06-07_10-52-13 | Parsed category page | url=https://www.dnes.bg/c/448-svobodno-vreme | articles_found=17
2026-06-07 10:52:16 | INFO | dnes_bg_2026-06-07_10-52-13 | Parsed category page | url=https://www.dnes.bg/c/448-svobodno-vreme | articles_found=17
2026-06-07 10:52:16 | INFO | dnes_bg_2026-06-07_10-52-13 | Processing comments page | article_url=https://www.dnes.bg/a/448-svobodno-vreme/724089-opera-na-ploshtada-se-otmenya-vrashtat-parite-za-bileti | comments_url=https://www.dnes.bg/a/448-svobodno-vreme/724089-opera-na-ploshtada-se-otmenya-vrashtat-parite-za-bileti/comments | expected_comment_count=10
2026-06-07 10:52:18 | INFO | dnes_bg_2026-06-07_10-52-13 | Parsed comments pages | article_url=https://www.dnes.bg/a/448-svobodno-vreme/724089-opera-na-ploshtada-se-otmenya-vrashtat-parite-za-bileti | parsed_comments=7 | expected_comments=10 | comments_pages=1
2026-06-07 10:52:18 | INFO | dnes_bg_2026-06-07_10-52-13 | Processing comments page | article_url=https://www.dnes.bg/a/448-svobodno-vreme/724088-charlz-treti-na-svatba-ozheni-plemenika-si | comments_url=https://www.dnes.bg/a/448-svobodno-vreme/724088-charlz-treti-na-svatba-ozheni-plemenika-si/comments | expected_comment_count=5
2026-06-07 10:52:21 | INFO | dnes_bg_2026-06-07_10-52-13 | Parsed comments pages | article_url=https://www.dnes.bg/a/448-svobodno-vreme/724088-charlz-treti-na-svatba-ozheni-plemenika-si | parsed_comments=3 | expected_comments=5 | comments_pages=1
2026-06-07 10:52:21 | INFO | dnes_bg_2026-06-07_10-52-13 | Processing comments page | article_url=https://www.dnes.bg/a/448-svobodno-vreme/724086-hilyadi-fenove-napraviha-nay-golyamata-meksikanska-valna-v-sveta | comments_url=https://www.dnes.bg/a/448-svobodno-vreme/724086-hilyadi-fenove-napraviha-nay-golyamata-meksikanska-valna-v-sveta/comments | expected_comment_count=1
2026-06-07 10:52:23 | INFO | dnes_bg_2026-06-07_10-52-13 | Parsed comments pages | article_url=https://www.dnes.bg/a/448-svobodno-vreme/724086-hilyadi-fenove-napraviha-nay-golyamata-meksikanska-valna-v-sveta | parsed_comments=1 | expected_comments=1 | comments_pages=1
2026-06-07 10:52:23 | INFO | dnes_bg_2026-06-07_10-52-13 | Processing comments page | article_url=https://www.dnes.bg/a/448-svobodno-vreme/724083-bdzh-puska-dnes-istoricheska-retro-motrisa-po-liniyata-sofiya-bankya | comments_url=https://www.dnes.bg/a/448-svobodno-vreme/724083-bdzh-puska-dnes-istoricheska-retro-motrisa-po-liniyata-sofiya-bankya/comments | expected_comment_count=9
2026-06-07 10:52:26 | INFO | dnes_bg_2026-06-07_10-52-13 | Parsed comments pages | article_url=https://www.dnes.bg/a/448-svobodno-vreme/724083-bdzh-puska-dnes-istoricheska-retro-motrisa-po-liniyata-sofiya-bankya | parsed_comments=9 | expected_comments=9 | comments_pages=1
2026-06-07 10:52:26 | INFO | dnes_bg_2026-06-07_10-52-13 | Processing comments page | article_url=https://www.dnes.bg/a/1-bulgaria/724082-kam-sv-sinod-200-trakiyski-detsa-da-badat-kanonizirani-v-svettsi | comments_url=https://www.dnes.bg/a/1-bulgaria/724082-kam-sv-sinod-200-trakiyski-detsa-da-badat-kanonizirani-v-svettsi/comments | expected_comment_count=17
2026-06-07 10:52:31 | INFO | dnes_bg_2026-06-07_10-52-13 | Parsed comments pages | article_url=https://www.dnes.bg/a/1-bulgaria/724082-kam-sv-sinod-200-trakiyski-detsa-da-badat-kanonizirani-v-svettsi | parsed_comments=13 | expected_comments=17 | comments_pages=2
2026-06-07 10:52:31 | INFO | dnes_bg_2026-06-07_10-52-13 | Processing comments page | article_url=https://www.dnes.bg/a/448-svobodno-vreme/724081-ishtar-tseliyat-svyat-tryabva-da-znae-za-praznika-na-rozata | comments_url=https://www.dnes.bg/a/448-svobodno-vreme/724081-ishtar-tseliyat-svyat-tryabva-da-znae-za-praznika-na-rozata/comments | expected_comment_count=8
2026-06-07 10:52:33 | INFO | dnes_bg_2026-06-07_10-52-13 | Parsed comments pages | article_url=https://www.dnes.bg/a/448-svobodno-vreme/724081-ishtar-tseliyat-svyat-tryabva-da-znae-za-praznika-na-rozata | parsed_comments=2 | expected_comments=8 | comments_pages=1
2026-06-07 10:52:33 | INFO | dnes_bg_2026-06-07_10-52-13 | Processing comments page | article_url=https://www.dnes.bg/a/448-svobodno-vreme/724079-grigor-i-eysa-ot-lazurniya-bryag-v-london | comments_url=https://www.dnes.bg/a/448-svobodno-vreme/724079-grigor-i-eysa-ot-lazurniya-bryag-v-london/comments | expected_comment_count=10
2026-06-07 10:52:36 | INFO | dnes_bg_2026-06-07_10-52-13 | Parsed comments pages | article_url=https://www.dnes.bg/a/448-svobodno-vreme/724079-grigor-i-eysa-ot-lazurniya-bryag-v-london | parsed_comments=8 | expected_comments=10 | comments_pages=1
2026-06-07 10:52:36 | INFO | dnes_bg_2026-06-07_10-52-13 | Processing comments page | article_url=https://www.dnes.bg/a/1-bulgaria/724078-13-000-na-lazur-dariha-v-macha-na-nadezhdata | comments_url=https://www.dnes.bg/a/1-bulgaria/724078-13-000-na-lazur-dariha-v-macha-na-nadezhdata/comments | expected_comment_count=4
2026-06-07 10:52:39 | INFO | dnes_bg_2026-06-07_10-52-13 | Parsed comments pages | article_url=https://www.dnes.bg/a/1-bulgaria/724078-13-000-na-lazur-dariha-v-macha-na-nadezhdata | parsed_comments=3 | expected_comments=4 | comments_pages=1
2026-06-07 10:52:39 | INFO | dnes_bg_2026-06-07_10-52-13 | Processing comments page | article_url=https://www.dnes.bg/a/448-svobodno-vreme/724077-pravoslavnata-tsarkva-otbelyazva-nedelyata-na-vsi-svetii | comments_url=https://www.dnes.bg/a/448-svobodno-vreme/724077-pravoslavnata-tsarkva-otbelyazva-nedelyata-na-vsi-svetii/comments | expected_comment_count=38
2026-06-07 10:52:47 | INFO | dnes_bg_2026-06-07_10-52-13 | Parsed comments pages | article_url=https://www.dnes.bg/a/448-svobodno-vreme/724077-pravoslavnata-tsarkva-otbelyazva-nedelyata-na-vsi-svetii | parsed_comments=22 | expected_comments=38 | comments_pages=3
2026-06-07 10:52:47 | INFO | dnes_bg_2026-06-07_10-52-13 | Processing comments page | article_url=https://www.dnes.bg/a/448-svobodno-vreme/723952-zabludi-koito-darzhat-horata-v-neshtastni-vrazki | comments_url=https://www.dnes.bg/a/448-svobodno-vreme/723952-zabludi-koito-darzhat-horata-v-neshtastni-vrazki/comments | expected_comment_count=18
2026-06-07 10:52:49 | INFO | dnes_bg_2026-06-07_10-52-13 | Parsed comments pages | article_url=https://www.dnes.bg/a/448-svobodno-vreme/723952-zabludi-koito-darzhat-horata-v-neshtastni-vrazki | parsed_comments=9 | expected_comments=18 | comments_pages=1
2026-06-07 10:52:49 | INFO | dnes_bg_2026-06-07_10-52-13 | Processing comments page | article_url=https://www.dnes.bg/a/448-svobodno-vreme/723950-sandali-koito-shte-sa-hit-prez-lyatoto | comments_url=https://www.dnes.bg/a/448-svobodno-vreme/723950-sandali-koito-shte-sa-hit-prez-lyatoto/comments | expected_comment_count=9
2026-06-07 10:52:52 | INFO | dnes_bg_2026-06-07_10-52-13 | Parsed comments pages | article_url=https://www.dnes.bg/a/448-svobodno-vreme/723950-sandali-koito-shte-sa-hit-prez-lyatoto | parsed_comments=3 | expected_comments=9 | comments_pages=1
2026-06-07 10:52:52 | INFO | dnes_bg_2026-06-07_10-52-13 | Processing comments page | article_url=https://www.dnes.bg/a/448-svobodno-vreme/723996-7-predlozheniya-za-yunski-manikyur-moderni-i-svezhi-vizii-za-letniya-sezon | comments_url=https://www.dnes.bg/a/448-svobodno-vreme/723996-7-predlozheniya-za-yunski-manikyur-moderni-i-svezhi-vizii-za-letniya-sezon/comments | expected_comment_count=6
2026-06-07 10:52:54 | INFO | dnes_bg_2026-06-07_10-52-13 | Parsed comments pages | article_url=https://www.dnes.bg/a/448-svobodno-vreme/723996-7-predlozheniya-za-yunski-manikyur-moderni-i-svezhi-vizii-za-letniya-sezon | parsed_comments=3 | expected_comments=6 | comments_pages=1
2026-06-07 10:52:54 | INFO | dnes_bg_2026-06-07_10-52-13 | Processing comments page | article_url=https://www.dnes.bg/a/448-svobodno-vreme/723949-koy-e-tsvetat-na-mesets-yuni-2026 | comments_url=https://www.dnes.bg/a/448-svobodno-vreme/723949-koy-e-tsvetat-na-mesets-yuni-2026/comments | expected_comment_count=1
2026-06-07 10:52:57 | INFO | dnes_bg_2026-06-07_10-52-13 | Parsed comments pages | article_url=https://www.dnes.bg/a/448-svobodno-vreme/723949-koy-e-tsvetat-na-mesets-yuni-2026 | parsed_comments=1 | expected_comments=1 | comments_pages=1
2026-06-07 10:52:57 | INFO | dnes_bg_2026-06-07_10-52-13 | Processing comments page | article_url=https://www.dnes.bg/a/448-svobodno-vreme/723995-11-nuzhdi-za-koito-nikoya-sapruga-ne-biva-da-moli-mazha-si | comments_url=https://www.dnes.bg/a/448-svobodno-vreme/723995-11-nuzhdi-za-koito-nikoya-sapruga-ne-biva-da-moli-mazha-si/comments | expected_comment_count=23
2026-06-07 10:52:59 | INFO | dnes_bg_2026-06-07_10-52-13 | Parsed comments pages | article_url=https://www.dnes.bg/a/448-svobodno-vreme/723995-11-nuzhdi-za-koito-nikoya-sapruga-ne-biva-da-moli-mazha-si | parsed_comments=10 | expected_comments=23 | comments_pages=1
2026-06-07 10:52:59 | INFO | dnes_bg_2026-06-07_10-52-13 | Processing comments page | article_url=https://www.dnes.bg/a/2-svyat/723882-dashteryata-na-megan-markal-i-prints-hari-stana-na-5-g | comments_url=https://www.dnes.bg/a/2-svyat/723882-dashteryata-na-megan-markal-i-prints-hari-stana-na-5-g/comments | expected_comment_count=5
2026-06-07 10:53:01 | INFO | dnes_bg_2026-06-07_10-52-13 | Parsed comments pages | article_url=https://www.dnes.bg/a/2-svyat/723882-dashteryata-na-megan-markal-i-prints-hari-stana-na-5-g | parsed_comments=3 | expected_comments=5 | comments_pages=1
2026-06-07 10:53:01 | INFO | dnes_bg_2026-06-07_10-52-13 | Processing comments page | article_url=https://www.dnes.bg/a/2-svyat/723881-kamila-kabelo-i-gadzheto-skasali | comments_url=https://www.dnes.bg/a/2-svyat/723881-kamila-kabelo-i-gadzheto-skasali/comments | expected_comment_count=14
2026-06-07 10:53:03 | INFO | dnes_bg_2026-06-07_10-52-13 | Parsed comments pages | article_url=https://www.dnes.bg/a/2-svyat/723881-kamila-kabelo-i-gadzheto-skasali | parsed_comments=10 | expected_comments=14 | comments_pages=1
2026-06-07 10:53:03 | INFO | dnes_bg_2026-06-07_10-52-13 | Processing comments page | article_url=https://www.dnes.bg/a/2-svyat/723880-mandi-mur-prezhivyala-neuspeshno-invitro | comments_url=https://www.dnes.bg/a/2-svyat/723880-mandi-mur-prezhivyala-neuspeshno-invitro/comments | expected_comment_count=3
2026-06-07 10:53:06 | INFO | dnes_bg_2026-06-07_10-52-13 | Parsed comments pages | article_url=https://www.dnes.bg/a/2-svyat/723880-mandi-mur-prezhivyala-neuspeshno-invitro | parsed_comments=3 | expected_comments=3 | comments_pages=1
2026-06-07 10:53:13 | INFO | dnes_bg_2026-06-07_10-52-13 | Processing category page | url=https://www.dnes.bg/c/448-svobodno-vreme?page=2
2026-06-07 10:53:13 | INFO | dnes_bg_2026-06-07_10-52-13 | Parsed category page | url=https://www.dnes.bg/c/448-svobodno-vreme?page=2 | articles_found=17
2026-06-07 10:53:13 | INFO | dnes_bg_2026-06-07_10-52-13 | Parsed category page | url=https://www.dnes.bg/c/448-svobodno-vreme?page=2 | articles_found=17
2026-06-07 10:53:13 | INFO | dnes_bg_2026-06-07_10-52-13 | Processing comments page | article_url=https://www.dnes.bg/a/448-svobodno-vreme/723997-3-lesni-i-vkusni-retsepti-da-si-prigotvite-sami-sladoled-bez-zahar | comments_url=https://www.dnes.bg/a/448-svobodno-vreme/723997-3-lesni-i-vkusni-retsepti-da-si-prigotvite-sami-sladoled-bez-zahar/comments | expected_comment_count=4
2026-06-07 10:53:14 | INFO | dnes_bg_2026-06-07_10-52-13 | Parsed comments pages | article_url=https://www.dnes.bg/a/448-svobodno-vreme/723997-3-lesni-i-vkusni-retsepti-da-si-prigotvite-sami-sladoled-bez-zahar | parsed_comments=2 | expected_comments=4 | comments_pages=1
2026-06-07 10:53:14 | INFO | dnes_bg_2026-06-07_10-52-13 | Processing comments page | article_url=https://www.dnes.bg/a/448-svobodno-vreme/724049-kara-delevin-s-tezhki-samopriznaniya-za-seksa-i-drogata | comments_url=https://www.dnes.bg/a/448-svobodno-vreme/724049-kara-delevin-s-tezhki-samopriznaniya-za-seksa-i-drogata/comments | expected_comment_count=15
2026-06-07 10:53:17 | INFO | dnes_bg_2026-06-07_10-52-13 | Parsed comments pages | article_url=https://www.dnes.bg/a/448-svobodno-vreme/724049-kara-delevin-s-tezhki-samopriznaniya-za-seksa-i-drogata | parsed_comments=6 | expected_comments=15 | comments_pages=1
2026-06-07 10:53:17 | INFO | dnes_bg_2026-06-07_10-52-13 | Processing comments page | article_url=https://www.dnes.bg/a/448-svobodno-vreme/724039-sanishtata-se-zavrashtat-sutrin-s-daniela-i-vladimir-ovcharovi | comments_url=https://www.dnes.bg/a/448-svobodno-vreme/724039-sanishtata-se-zavrashtat-sutrin-s-daniela-i-vladimir-ovcharovi/comments | expected_comment_count=6
2026-06-07 10:53:19 | INFO | dnes_bg_2026-06-07_10-52-13 | Parsed comments pages | article_url=https://www.dnes.bg/a/448-svobodno-vreme/724039-sanishtata-se-zavrashtat-sutrin-s-daniela-i-vladimir-ovcharovi | parsed_comments=2 | expected_comments=6 | comments_pages=1
2026-06-07 10:53:19 | INFO | dnes_bg_2026-06-07_10-52-13 | Processing comments page | article_url=https://www.dnes.bg/a/448-svobodno-vreme/724031-bratovched-otryaza-prints-hari-ne-go-pokani-na-svatbata-si | comments_url=https://www.dnes.bg/a/448-svobodno-vreme/724031-bratovched-otryaza-prints-hari-ne-go-pokani-na-svatbata-si/comments | expected_comment_count=9
2026-06-07 10:53:21 | INFO | dnes_bg_2026-06-07_10-52-13 | Parsed comments pages | article_url=https://www.dnes.bg/a/448-svobodno-vreme/724031-bratovched-otryaza-prints-hari-ne-go-pokani-na-svatbata-si | parsed_comments=7 | expected_comments=9 | comments_pages=1
2026-06-07 10:53:21 | INFO | dnes_bg_2026-06-07_10-52-13 | Processing comments page | article_url=https://www.dnes.bg/a/448-svobodno-vreme/723978-retseptata-dnes-desert-s-kiselo-mlyako-i-plodove | comments_url=https://www.dnes.bg/a/448-svobodno-vreme/723978-retseptata-dnes-desert-s-kiselo-mlyako-i-plodove/comments | expected_comment_count=8
2026-06-07 10:53:24 | INFO | dnes_bg_2026-06-07_10-52-13 | Parsed comments pages | article_url=https://www.dnes.bg/a/448-svobodno-vreme/723978-retseptata-dnes-desert-s-kiselo-mlyako-i-plodove | parsed_comments=5 | expected_comments=8 | comments_pages=1
2026-06-07 10:53:24 | INFO | dnes_bg_2026-06-07_10-52-13 | Processing comments page | article_url=https://www.dnes.bg/a/448-svobodno-vreme/724012-retseptata-dnes-traditsionnoto-rumansko-yastie-tochitura | comments_url=https://www.dnes.bg/a/448-svobodno-vreme/724012-retseptata-dnes-traditsionnoto-rumansko-yastie-tochitura/comments | expected_comment_count=24
2026-06-07 10:53:27 | INFO | dnes_bg_2026-06-07_10-52-13 | Parsed comments pages | article_url=https://www.dnes.bg/a/448-svobodno-vreme/724012-retseptata-dnes-traditsionnoto-rumansko-yastie-tochitura | parsed_comments=4 | expected_comments=24 | comments_pages=1
2026-06-07 10:53:27 | INFO | dnes_bg_2026-06-07_10-52-13 | Processing comments page | article_url=https://www.dnes.bg/a/448-svobodno-vreme/724008-teylar-suift-i-travis-kels-vdigat-svatba-na-3-yuli-v-manhatan | comments_url=https://www.dnes.bg/a/448-svobodno-vreme/724008-teylar-suift-i-travis-kels-vdigat-svatba-na-3-yuli-v-manhatan/comments | expected_comment_count=23
2026-06-07 10:53:29 | INFO | dnes_bg_2026-06-07_10-52-13 | Parsed comments pages | article_url=https://www.dnes.bg/a/448-svobodno-vreme/724008-teylar-suift-i-travis-kels-vdigat-svatba-na-3-yuli-v-manhatan | parsed_comments=3 | expected_comments=23 | comments_pages=1
2026-06-07 10:53:29 | INFO | dnes_bg_2026-06-07_10-52-13 | Processing comments page | article_url=https://www.dnes.bg/a/5-zdrave/723811-koi-dobavki-povishavat-zhenskoto-libido-sled-40 | comments_url=https://www.dnes.bg/a/5-zdrave/723811-koi-dobavki-povishavat-zhenskoto-libido-sled-40/comments | expected_comment_count=15
2026-06-07 10:53:31 | INFO | dnes_bg_2026-06-07_10-52-13 | Parsed comments pages | article_url=https://www.dnes.bg/a/5-zdrave/723811-koi-dobavki-povishavat-zhenskoto-libido-sled-40 | parsed_comments=6 | expected_comments=15 | comments_pages=1
2026-06-07 10:53:31 | INFO | dnes_bg_2026-06-07_10-52-13 | Processing comments page | article_url=https://www.dnes.bg/a/448-svobodno-vreme/723914-lyubovnata-istoriya-na-rafael-nadal-i-saprugata-mu-mariya | comments_url=https://www.dnes.bg/a/448-svobodno-vreme/723914-lyubovnata-istoriya-na-rafael-nadal-i-saprugata-mu-mariya/comments | expected_comment_count=11
2026-06-07 10:53:34 | INFO | dnes_bg_2026-06-07_10-52-13 | Parsed comments pages | article_url=https://www.dnes.bg/a/448-svobodno-vreme/723914-lyubovnata-istoriya-na-rafael-nadal-i-saprugata-mu-mariya | parsed_comments=3 | expected_comments=11 | comments_pages=1
2026-06-07 10:53:34 | INFO | dnes_bg_2026-06-07_10-52-13 | Skipping article with zero comments | article_url=https://www.dnes.bg/a/448-svobodno-vreme/723810-5-hitri-kombinatsii-s-danki-za-vseki-povod
2026-06-07 10:53:34 | INFO | dnes_bg_2026-06-07_10-52-13 | Processing comments page | article_url=https://www.dnes.bg/a/448-svobodno-vreme/724011-pochina-britanskiyat-aktyor-antani-hed | comments_url=https://www.dnes.bg/a/448-svobodno-vreme/724011-pochina-britanskiyat-aktyor-antani-hed/comments | expected_comment_count=1
2026-06-07 10:53:36 | INFO | dnes_bg_2026-06-07_10-52-13 | Parsed comments pages | article_url=https://www.dnes.bg/a/448-svobodno-vreme/724011-pochina-britanskiyat-aktyor-antani-hed | parsed_comments=1 | expected_comments=1 | comments_pages=1
2026-06-07 10:53:36 | INFO | dnes_bg_2026-06-07_10-52-13 | Processing comments page | article_url=https://www.dnes.bg/a/448-svobodno-vreme/723917-28-godini-po-kasno-miki-rurk-se-pokaya-pred-bivshata-si-sapruga-kare-otis | comments_url=https://www.dnes.bg/a/448-svobodno-vreme/723917-28-godini-po-kasno-miki-rurk-se-pokaya-pred-bivshata-si-sapruga-kare-otis/comments | expected_comment_count=4
2026-06-07 10:53:38 | INFO | dnes_bg_2026-06-07_10-52-13 | Parsed comments pages | article_url=https://www.dnes.bg/a/448-svobodno-vreme/723917-28-godini-po-kasno-miki-rurk-se-pokaya-pred-bivshata-si-sapruga-kare-otis | parsed_comments=3 | expected_comments=4 | comments_pages=1
2026-06-07 10:53:38 | INFO | dnes_bg_2026-06-07_10-52-13 | Processing comments page | article_url=https://www.dnes.bg/a/448-svobodno-vreme/723918-interiornite-dizayneri-sa-kategorichni-siviyat-divan-e-demode | comments_url=https://www.dnes.bg/a/448-svobodno-vreme/723918-interiornite-dizayneri-sa-kategorichni-siviyat-divan-e-demode/comments | expected_comment_count=1
2026-06-07 10:53:40 | INFO | dnes_bg_2026-06-07_10-52-13 | Parsed comments pages | article_url=https://www.dnes.bg/a/448-svobodno-vreme/723918-interiornite-dizayneri-sa-kategorichni-siviyat-divan-e-demode | parsed_comments=1 | expected_comments=1 | comments_pages=1
2026-06-07 10:53:40 | INFO | dnes_bg_2026-06-07_10-52-13 | Skipping article with zero comments | article_url=https://www.dnes.bg/a/448-svobodno-vreme/723985-demetrios-fakinos-balgariya-ima-kreativna-obshtnost-koyato-zasluzhava-po-golyama-mezhdunarodna-vidimost
2026-06-07 10:53:40 | INFO | dnes_bg_2026-06-07_10-52-13 | Processing comments page | article_url=https://www.dnes.bg/a/448-svobodno-vreme/723964-stenli-tuchi-progovori-za-21-godishnata-razlika-sas-saprugata-si | comments_url=https://www.dnes.bg/a/448-svobodno-vreme/723964-stenli-tuchi-progovori-za-21-godishnata-razlika-sas-saprugata-si/comments | expected_comment_count=2
2026-06-07 10:53:43 | INFO | dnes_bg_2026-06-07_10-52-13 | Parsed comments pages | article_url=https://www.dnes.bg/a/448-svobodno-vreme/723964-stenli-tuchi-progovori-za-21-godishnata-razlika-sas-saprugata-si | parsed_comments=2 | expected_comments=2 | comments_pages=1
2026-06-07 10:53:43 | INFO | dnes_bg_2026-06-07_10-52-13 | Skipping article with zero comments | article_url=https://www.dnes.bg/a/448-svobodno-vreme/723988-boyka-asiova-e-noviyat-nositel-na-nagradata-maksim-minchev-na-abuzhet
2026-06-07 10:53:43 | INFO | dnes_bg_2026-06-07_10-52-13 | Processing comments page | article_url=https://www.dnes.bg/a/448-svobodno-vreme/723904-istoriya-filosofiya-i-balgarski-traditsii-v-romana-sedem-dni-v-paroriya | comments_url=https://www.dnes.bg/a/448-svobodno-vreme/723904-istoriya-filosofiya-i-balgarski-traditsii-v-romana-sedem-dni-v-paroriya/comments | expected_comment_count=1
2026-06-07 10:53:45 | INFO | dnes_bg_2026-06-07_10-52-13 | Parsed comments pages | article_url=https://www.dnes.bg/a/448-svobodno-vreme/723904-istoriya-filosofiya-i-balgarski-traditsii-v-romana-sedem-dni-v-paroriya | parsed_comments=1 | expected_comments=1 | comments_pages=1
2026-06-07 10:53:51 | INFO | dnes_bg_2026-06-07_10-52-13 | Processing category page | url=https://www.dnes.bg/c/448-svobodno-vreme?page=3
2026-06-07 10:53:51 | INFO | dnes_bg_2026-06-07_10-52-13 | Parsed category page | url=https://www.dnes.bg/c/448-svobodno-vreme?page=3 | articles_found=17
2026-06-07 10:53:51 | INFO | dnes_bg_2026-06-07_10-52-13 | Parsed category page | url=https://www.dnes.bg/c/448-svobodno-vreme?page=3 | articles_found=17
2026-06-07 10:53:51 | INFO | dnes_bg_2026-06-07_10-52-13 | Processing comments page | article_url=https://www.dnes.bg/a/448-svobodno-vreme/723937-anna-kendrik-shte-rezhisira-skandalniyat-zhivot-na-evelin-hyugo | comments_url=https://www.dnes.bg/a/448-svobodno-vreme/723937-anna-kendrik-shte-rezhisira-skandalniyat-zhivot-na-evelin-hyugo/comments | expected_comment_count=2
2026-06-07 10:53:54 | INFO | dnes_bg_2026-06-07_10-52-13 | Parsed comments pages | article_url=https://www.dnes.bg/a/448-svobodno-vreme/723937-anna-kendrik-shte-rezhisira-skandalniyat-zhivot-na-evelin-hyugo | parsed_comments=2 | expected_comments=2 | comments_pages=1
2026-06-07 10:53:54 | INFO | dnes_bg_2026-06-07_10-52-13 | Processing comments page | article_url=https://www.dnes.bg/a/448-svobodno-vreme/723948-sadat-okonchatelno-reshi-che-morfov-e-uvolnen-nezakonno-narodniyat-teatar-se-vazmuti | comments_url=https://www.dnes.bg/a/448-svobodno-vreme/723948-sadat-okonchatelno-reshi-che-morfov-e-uvolnen-nezakonno-narodniyat-teatar-se-vazmuti/comments | expected_comment_count=2
2026-06-07 10:54:00 | INFO | dnes_bg_2026-06-07_10-52-13 | Parsed comments pages | article_url=https://www.dnes.bg/a/448-svobodno-vreme/723948-sadat-okonchatelno-reshi-che-morfov-e-uvolnen-nezakonno-narodniyat-teatar-se-vazmuti | parsed_comments=1 | expected_comments=2 | comments_pages=1
2026-06-07 10:54:00 | INFO | dnes_bg_2026-06-07_10-52-13 | Processing comments page | article_url=https://www.dnes.bg/a/448-svobodno-vreme/723895-aktrisata-stefaniya-sandreli-na-80-g-tolkova-mnogo-mi-haresva-da-zhiveya | comments_url=https://www.dnes.bg/a/448-svobodno-vreme/723895-aktrisata-stefaniya-sandreli-na-80-g-tolkova-mnogo-mi-haresva-da-zhiveya/comments | expected_comment_count=3
2026-06-07 10:54:02 | INFO | dnes_bg_2026-06-07_10-52-13 | Parsed comments pages | article_url=https://www.dnes.bg/a/448-svobodno-vreme/723895-aktrisata-stefaniya-sandreli-na-80-g-tolkova-mnogo-mi-haresva-da-zhiveya | parsed_comments=3 | expected_comments=3 | comments_pages=1
2026-06-07 10:54:02 | INFO | dnes_bg_2026-06-07_10-52-13 | Processing comments page | article_url=https://www.dnes.bg/a/448-svobodno-vreme/723867-tramp-nekadarnitsite-koito-prispivat-s-pesnite-si-da-si-stoyat-u-doma | comments_url=https://www.dnes.bg/a/448-svobodno-vreme/723867-tramp-nekadarnitsite-koito-prispivat-s-pesnite-si-da-si-stoyat-u-doma/comments | expected_comment_count=35
2026-06-07 10:54:11 | INFO | dnes_bg_2026-06-07_10-52-13 | Parsed comments pages | article_url=https://www.dnes.bg/a/448-svobodno-vreme/723867-tramp-nekadarnitsite-koito-prispivat-s-pesnite-si-da-si-stoyat-u-doma | parsed_comments=29 | expected_comments=35 | comments_pages=3
2026-06-07 10:54:11 | INFO | dnes_bg_2026-06-07_10-52-13 | Processing comments page | article_url=https://www.dnes.bg/a/448-svobodno-vreme/723868-fifa-zabrani-vuvuzelite-na-mondiala-v-sasht-meksiko-i-kanada | comments_url=https://www.dnes.bg/a/448-svobodno-vreme/723868-fifa-zabrani-vuvuzelite-na-mondiala-v-sasht-meksiko-i-kanada/comments | expected_comment_count=14
2026-06-07 10:54:15 | INFO | dnes_bg_2026-06-07_10-52-13 | Parsed comments pages | article_url=https://www.dnes.bg/a/448-svobodno-vreme/723868-fifa-zabrani-vuvuzelite-na-mondiala-v-sasht-meksiko-i-kanada | parsed_comments=13 | expected_comments=14 | comments_pages=2
2026-06-07 10:54:15 | INFO | dnes_bg_2026-06-07_10-52-13 | Processing comments page | article_url=https://www.dnes.bg/a/558-vremeto/723862-dnes-poveche-slantse-sledobed-pak-shte-prevali-i-pregarmi | comments_url=https://www.dnes.bg/a/558-vremeto/723862-dnes-poveche-slantse-sledobed-pak-shte-prevali-i-pregarmi/comments | expected_comment_count=9
2026-06-07 10:54:17 | INFO | dnes_bg_2026-06-07_10-52-13 | Parsed comments pages | article_url=https://www.dnes.bg/a/558-vremeto/723862-dnes-poveche-slantse-sledobed-pak-shte-prevali-i-pregarmi | parsed_comments=1 | expected_comments=9 | comments_pages=1
2026-06-07 10:54:17 | INFO | dnes_bg_2026-06-07_10-52-13 | Processing comments page | article_url=https://www.dnes.bg/a/448-svobodno-vreme/723732-bret-goldstin-zasipa-s-pohvali-dzhey-lo | comments_url=https://www.dnes.bg/a/448-svobodno-vreme/723732-bret-goldstin-zasipa-s-pohvali-dzhey-lo/comments | expected_comment_count=16
2026-06-07 10:54:20 | INFO | dnes_bg_2026-06-07_10-52-13 | Parsed comments pages | article_url=https://www.dnes.bg/a/448-svobodno-vreme/723732-bret-goldstin-zasipa-s-pohvali-dzhey-lo | parsed_comments=6 | expected_comments=16 | comments_pages=1
2026-06-07 10:54:20 | INFO | dnes_bg_2026-06-07_10-52-13 | Processing comments page | article_url=https://www.dnes.bg/a/448-svobodno-vreme/723767-val-kilmar-beshe-zakleymen-za-nay-loshiyat-chovek-na-sveta-godina-sled-smartta-si | comments_url=https://www.dnes.bg/a/448-svobodno-vreme/723767-val-kilmar-beshe-zakleymen-za-nay-loshiyat-chovek-na-sveta-godina-sled-smartta-si/comments | expected_comment_count=9
2026-06-07 10:54:22 | INFO | dnes_bg_2026-06-07_10-52-13 | Parsed comments pages | article_url=https://www.dnes.bg/a/448-svobodno-vreme/723767-val-kilmar-beshe-zakleymen-za-nay-loshiyat-chovek-na-sveta-godina-sled-smartta-si | parsed_comments=2 | expected_comments=9 | comments_pages=1
2026-06-07 10:54:22 | INFO | dnes_bg_2026-06-07_10-52-13 | Processing comments page | article_url=https://www.dnes.bg/a/448-svobodno-vreme/723770-yagodi-i-smetana-nay-aktualniya-tsvyat-v-kosite-za-lyato-2026 | comments_url=https://www.dnes.bg/a/448-svobodno-vreme/723770-yagodi-i-smetana-nay-aktualniya-tsvyat-v-kosite-za-lyato-2026/comments | expected_comment_count=2
2026-06-07 10:54:24 | INFO | dnes_bg_2026-06-07_10-52-13 | Parsed comments pages | article_url=https://www.dnes.bg/a/448-svobodno-vreme/723770-yagodi-i-smetana-nay-aktualniya-tsvyat-v-kosite-za-lyato-2026 | parsed_comments=2 | expected_comments=2 | comments_pages=1
2026-06-07 10:54:24 | INFO | dnes_bg_2026-06-07_10-52-13 | Processing comments page | article_url=https://www.dnes.bg/a/448-svobodno-vreme/723861-magdalena-ralcheva-kulturata-tryabva-da-stiga-do-horata | comments_url=https://www.dnes.bg/a/448-svobodno-vreme/723861-magdalena-ralcheva-kulturata-tryabva-da-stiga-do-horata/comments | expected_comment_count=5
2026-06-07 10:54:27 | INFO | dnes_bg_2026-06-07_10-52-13 | Parsed comments pages | article_url=https://www.dnes.bg/a/448-svobodno-vreme/723861-magdalena-ralcheva-kulturata-tryabva-da-stiga-do-horata | parsed_comments=5 | expected_comments=5 | comments_pages=1
2026-06-07 10:54:27 | INFO | dnes_bg_2026-06-07_10-52-13 | Processing comments page | article_url=https://www.dnes.bg/a/448-svobodno-vreme/723772-mikro-plodovi-nokti-top-tendentsiya-za-letniya-manikyur | comments_url=https://www.dnes.bg/a/448-svobodno-vreme/723772-mikro-plodovi-nokti-top-tendentsiya-za-letniya-manikyur/comments | expected_comment_count=1
2026-06-07 10:54:29 | INFO | dnes_bg_2026-06-07_10-52-13 | Parsed comments pages | article_url=https://www.dnes.bg/a/448-svobodno-vreme/723772-mikro-plodovi-nokti-top-tendentsiya-za-letniya-manikyur | parsed_comments=0 | expected_comments=1 | comments_pages=1
2026-06-07 10:54:29 | INFO | dnes_bg_2026-06-07_10-52-13 | Processing comments page | article_url=https://www.dnes.bg/a/448-svobodno-vreme/723825-kotkata-na-karl-lagerfeld-shupet-se-okaza-bedna | comments_url=https://www.dnes.bg/a/448-svobodno-vreme/723825-kotkata-na-karl-lagerfeld-shupet-se-okaza-bedna/comments | expected_comment_count=3
2026-06-07 10:54:31 | INFO | dnes_bg_2026-06-07_10-52-13 | Parsed comments pages | article_url=https://www.dnes.bg/a/448-svobodno-vreme/723825-kotkata-na-karl-lagerfeld-shupet-se-okaza-bedna | parsed_comments=2 | expected_comments=3 | comments_pages=1
2026-06-07 10:54:31 | INFO | dnes_bg_2026-06-07_10-52-13 | Processing comments page | article_url=https://www.dnes.bg/a/448-svobodno-vreme/723766-dzhey-lo-i-bret-goldshtayn-naistina-sa-imali-afera-dokato-sa-snimali-sluzheben-romans | comments_url=https://www.dnes.bg/a/448-svobodno-vreme/723766-dzhey-lo-i-bret-goldshtayn-naistina-sa-imali-afera-dokato-sa-snimali-sluzheben-romans/comments | expected_comment_count=5
2026-06-07 10:54:33 | INFO | dnes_bg_2026-06-07_10-52-13 | Parsed comments pages | article_url=https://www.dnes.bg/a/448-svobodno-vreme/723766-dzhey-lo-i-bret-goldshtayn-naistina-sa-imali-afera-dokato-sa-snimali-sluzheben-romans | parsed_comments=3 | expected_comments=5 | comments_pages=1
2026-06-07 10:54:33 | INFO | dnes_bg_2026-06-07_10-52-13 | Processing comments page | article_url=https://www.dnes.bg/a/448-svobodno-vreme/723734-maya-dzhama-komentira-razdyalata-s-ruben-dias | comments_url=https://www.dnes.bg/a/448-svobodno-vreme/723734-maya-dzhama-komentira-razdyalata-s-ruben-dias/comments | expected_comment_count=2
2026-06-07 10:54:35 | INFO | dnes_bg_2026-06-07_10-52-13 | Parsed comments pages | article_url=https://www.dnes.bg/a/448-svobodno-vreme/723734-maya-dzhama-komentira-razdyalata-s-ruben-dias | parsed_comments=2 | expected_comments=2 | comments_pages=1
2026-06-07 10:54:35 | INFO | dnes_bg_2026-06-07_10-52-13 | Processing comments page | article_url=https://www.dnes.bg/a/448-svobodno-vreme/723730-dzheykab-elordi-vpechatlen-ot-priyatelite-na-kendal-dzhenar | comments_url=https://www.dnes.bg/a/448-svobodno-vreme/723730-dzheykab-elordi-vpechatlen-ot-priyatelite-na-kendal-dzhenar/comments | expected_comment_count=1
2026-06-07 10:54:37 | INFO | dnes_bg_2026-06-07_10-52-13 | Parsed comments pages | article_url=https://www.dnes.bg/a/448-svobodno-vreme/723730-dzheykab-elordi-vpechatlen-ot-priyatelite-na-kendal-dzhenar | parsed_comments=1 | expected_comments=1 | comments_pages=1
2026-06-07 10:54:37 | INFO | dnes_bg_2026-06-07_10-52-13 | Processing comments page | article_url=https://www.dnes.bg/a/448-svobodno-vreme/723733-kayli-dzhenar-sabra-pogledite-po-rozov-banski | comments_url=https://www.dnes.bg/a/448-svobodno-vreme/723733-kayli-dzhenar-sabra-pogledite-po-rozov-banski/comments | expected_comment_count=5
2026-06-07 10:54:40 | INFO | dnes_bg_2026-06-07_10-52-13 | Parsed comments pages | article_url=https://www.dnes.bg/a/448-svobodno-vreme/723733-kayli-dzhenar-sabra-pogledite-po-rozov-banski | parsed_comments=1 | expected_comments=5 | comments_pages=1
2026-06-07 10:54:40 | INFO | dnes_bg_2026-06-07_10-52-13 | Processing comments page | article_url=https://www.dnes.bg/a/448-svobodno-vreme/723724-v-ispaniya-preporachaha-da-se-raboti-ot-doma-pri-vizitata-na-papata | comments_url=https://www.dnes.bg/a/448-svobodno-vreme/723724-v-ispaniya-preporachaha-da-se-raboti-ot-doma-pri-vizitata-na-papata/comments | expected_comment_count=5
2026-06-07 10:54:42 | INFO | dnes_bg_2026-06-07_10-52-13 | Parsed comments pages | article_url=https://www.dnes.bg/a/448-svobodno-vreme/723724-v-ispaniya-preporachaha-da-se-raboti-ot-doma-pri-vizitata-na-papata | parsed_comments=4 | expected_comments=5 | comments_pages=1
2026-06-07 10:54:47 | INFO | dnes_bg_2026-06-07_10-52-13 | Processing category page | url=https://www.dnes.bg/c/448-svobodno-vreme?page=4
2026-06-07 10:54:47 | INFO | dnes_bg_2026-06-07_10-52-13 | Parsed category page | url=https://www.dnes.bg/c/448-svobodno-vreme?page=4 | articles_found=17
2026-06-07 10:54:47 | INFO | dnes_bg_2026-06-07_10-52-13 | Parsed category page | url=https://www.dnes.bg/c/448-svobodno-vreme?page=4 | articles_found=17
2026-06-07 10:54:47 | INFO | dnes_bg_2026-06-07_10-52-13 | Processing comments page | article_url=https://www.dnes.bg/a/448-svobodno-vreme/723737-tsvetovete-lakove-za-nokti-moderni-za-yuni | comments_url=https://www.dnes.bg/a/448-svobodno-vreme/723737-tsvetovete-lakove-za-nokti-moderni-za-yuni/comments | expected_comment_count=1
2026-06-07 10:54:50 | INFO | dnes_bg_2026-06-07_10-52-13 | Parsed comments pages | article_url=https://www.dnes.bg/a/448-svobodno-vreme/723737-tsvetovete-lakove-za-nokti-moderni-za-yuni | parsed_comments=1 | expected_comments=1 | comments_pages=1
2026-06-07 10:54:50 | INFO | dnes_bg_2026-06-07_10-52-13 | Processing comments page | article_url=https://www.dnes.bg/a/448-svobodno-vreme/723817-park-bedechka-stava-stsena-za-artisti-ot-chetiri-darzhavi | comments_url=https://www.dnes.bg/a/448-svobodno-vreme/723817-park-bedechka-stava-stsena-za-artisti-ot-chetiri-darzhavi/comments | expected_comment_count=2
2026-06-07 10:54:53 | INFO | dnes_bg_2026-06-07_10-52-13 | Parsed comments pages | article_url=https://www.dnes.bg/a/448-svobodno-vreme/723817-park-bedechka-stava-stsena-za-artisti-ot-chetiri-darzhavi | parsed_comments=2 | expected_comments=2 | comments_pages=1
2026-06-07 10:54:53 | INFO | dnes_bg_2026-06-07_10-52-13 | Processing comments page | article_url=https://www.dnes.bg/a/448-svobodno-vreme/723831-retseptata-dnes-srabski-chevapi | comments_url=https://www.dnes.bg/a/448-svobodno-vreme/723831-retseptata-dnes-srabski-chevapi/comments | expected_comment_count=3
2026-06-07 10:54:54 | INFO | dnes_bg_2026-06-07_10-52-13 | Parsed comments pages | article_url=https://www.dnes.bg/a/448-svobodno-vreme/723831-retseptata-dnes-srabski-chevapi | parsed_comments=3 | expected_comments=3 | comments_pages=1
2026-06-07 10:54:54 | INFO | dnes_bg_2026-06-07_10-52-13 | Skipping article with zero comments | article_url=https://www.dnes.bg/a/448-svobodno-vreme/723818-kontsertat-na-tricky-se-mesti-na-po-golyama-stsena
2026-06-07 10:54:54 | INFO | dnes_bg_2026-06-07_10-52-13 | Skipping article with zero comments | article_url=https://www.dnes.bg/a/448-svobodno-vreme/723820-jambure-shte-podgryavat-fun-lovin-criminals-v-sofiya
2026-06-07 10:54:54 | INFO | dnes_bg_2026-06-07_10-52-13 | Skipping article with zero comments | article_url=https://www.dnes.bg/a/448-svobodno-vreme/723822-balgarski-i-gratski-aktyori-se-sabirat-v-nov-prochit-na-vakhanki
2026-06-07 10:54:54 | INFO | dnes_bg_2026-06-07_10-52-13 | Processing comments page | article_url=https://www.dnes.bg/a/448-svobodno-vreme/723807-vnositelyat-na-ruskata-lada-v-germaniya-falira | comments_url=https://www.dnes.bg/a/448-svobodno-vreme/723807-vnositelyat-na-ruskata-lada-v-germaniya-falira/comments | expected_comment_count=23
2026-06-07 10:55:00 | INFO | dnes_bg_2026-06-07_10-52-13 | Parsed comments pages | article_url=https://www.dnes.bg/a/448-svobodno-vreme/723807-vnositelyat-na-ruskata-lada-v-germaniya-falira | parsed_comments=20 | expected_comments=23 | comments_pages=2
2026-06-07 10:55:00 | INFO | dnes_bg_2026-06-07_10-52-13 | Processing comments page | article_url=https://www.dnes.bg/a/448-svobodno-vreme/723752-avantasia-shte-piyat-cherveno-vino-v-kristalni-chashi-na-kontserta-si-u-nas | comments_url=https://www.dnes.bg/a/448-svobodno-vreme/723752-avantasia-shte-piyat-cherveno-vino-v-kristalni-chashi-na-kontserta-si-u-nas/comments | expected_comment_count=6
2026-06-07 10:55:02 | INFO | dnes_bg_2026-06-07_10-52-13 | Parsed comments pages | article_url=https://www.dnes.bg/a/448-svobodno-vreme/723752-avantasia-shte-piyat-cherveno-vino-v-kristalni-chashi-na-kontserta-si-u-nas | parsed_comments=5 | expected_comments=6 | comments_pages=1
2026-06-07 10:55:02 | INFO | dnes_bg_2026-06-07_10-52-13 | Processing comments page | article_url=https://www.dnes.bg/a/448-svobodno-vreme/723740-dara-kam-filip-kirkorov-blagodarya-vi-za-moralnata-podkrepa-no-uspehat-ne-e-vash | comments_url=https://www.dnes.bg/a/448-svobodno-vreme/723740-dara-kam-filip-kirkorov-blagodarya-vi-za-moralnata-podkrepa-no-uspehat-ne-e-vash/comments | expected_comment_count=254
2026-06-07 10:55:50 | INFO | dnes_bg_2026-06-07_10-52-13 | Parsed comments pages | article_url=https://www.dnes.bg/a/448-svobodno-vreme/723740-dara-kam-filip-kirkorov-blagodarya-vi-za-moralnata-podkrepa-no-uspehat-ne-e-vash | parsed_comments=183 | expected_comments=254 | comments_pages=19
2026-06-07 10:55:50 | INFO | dnes_bg_2026-06-07_10-52-13 | Processing comments page | article_url=https://www.dnes.bg/a/448-svobodno-vreme/723727-mariya-bakalova-praznuva-30-s-roditelite-si-v-burgas | comments_url=https://www.dnes.bg/a/448-svobodno-vreme/723727-mariya-bakalova-praznuva-30-s-roditelite-si-v-burgas/comments | expected_comment_count=32
2026-06-07 10:55:59 | INFO | dnes_bg_2026-06-07_10-52-13 | Parsed comments pages | article_url=https://www.dnes.bg/a/448-svobodno-vreme/723727-mariya-bakalova-praznuva-30-s-roditelite-si-v-burgas | parsed_comments=27 | expected_comments=32 | comments_pages=3
2026-06-07 10:55:59 | INFO | dnes_bg_2026-06-07_10-52-13 | Processing comments page | article_url=https://www.dnes.bg/a/1-bulgaria/723717-dnes-e-natsionalnoto-vanshno-otsenyavane-po-matematika-za-4-ti-klas | comments_url=https://www.dnes.bg/a/1-bulgaria/723717-dnes-e-natsionalnoto-vanshno-otsenyavane-po-matematika-za-4-ti-klas/comments | expected_comment_count=3
2026-06-07 10:56:01 | INFO | dnes_bg_2026-06-07_10-52-13 | Parsed comments pages | article_url=https://www.dnes.bg/a/1-bulgaria/723717-dnes-e-natsionalnoto-vanshno-otsenyavane-po-matematika-za-4-ti-klas | parsed_comments=3 | expected_comments=3 | comments_pages=1
2026-06-07 10:56:01 | INFO | dnes_bg_2026-06-07_10-52-13 | Processing comments page | article_url=https://www.dnes.bg/a/448-svobodno-vreme/723661-kim-kardashyan-postna-kadri-s-luis-hamiltan | comments_url=https://www.dnes.bg/a/448-svobodno-vreme/723661-kim-kardashyan-postna-kadri-s-luis-hamiltan/comments | expected_comment_count=31
2026-06-07 10:56:04 | INFO | dnes_bg_2026-06-07_10-52-13 | Parsed comments pages | article_url=https://www.dnes.bg/a/448-svobodno-vreme/723661-kim-kardashyan-postna-kadri-s-luis-hamiltan | parsed_comments=2 | expected_comments=31 | comments_pages=1
2026-06-07 10:56:04 | INFO | dnes_bg_2026-06-07_10-52-13 | Processing comments page | article_url=https://www.dnes.bg/a/448-svobodno-vreme/723583-papata-naznachi-krasiva-miryanka-za-svoy-ministar | comments_url=https://www.dnes.bg/a/448-svobodno-vreme/723583-papata-naznachi-krasiva-miryanka-za-svoy-ministar/comments | expected_comment_count=20
2026-06-07 10:56:08 | INFO | dnes_bg_2026-06-07_10-52-13 | Parsed comments pages | article_url=https://www.dnes.bg/a/448-svobodno-vreme/723583-papata-naznachi-krasiva-miryanka-za-svoy-ministar | parsed_comments=11 | expected_comments=20 | comments_pages=2
2026-06-07 10:56:08 | INFO | dnes_bg_2026-06-07_10-52-13 | Processing comments page | article_url=https://www.dnes.bg/a/448-svobodno-vreme/723492-10-idei-za-uelnes-interior-v-doma | comments_url=https://www.dnes.bg/a/448-svobodno-vreme/723492-10-idei-za-uelnes-interior-v-doma/comments | expected_comment_count=4
2026-06-07 10:56:11 | INFO | dnes_bg_2026-06-07_10-52-13 | Parsed comments pages | article_url=https://www.dnes.bg/a/448-svobodno-vreme/723492-10-idei-za-uelnes-interior-v-doma | parsed_comments=1 | expected_comments=4 | comments_pages=1
2026-06-07 10:56:11 | INFO | dnes_bg_2026-06-07_10-52-13 | Processing comments page | article_url=https://www.dnes.bg/a/448-svobodno-vreme/723589-lyubovnata-istoriya-na-bleyk-layvli-i-rayan-reynolds | comments_url=https://www.dnes.bg/a/448-svobodno-vreme/723589-lyubovnata-istoriya-na-bleyk-layvli-i-rayan-reynolds/comments | expected_comment_count=3
2026-06-07 10:56:14 | INFO | dnes_bg_2026-06-07_10-52-13 | Parsed comments pages | article_url=https://www.dnes.bg/a/448-svobodno-vreme/723589-lyubovnata-istoriya-na-bleyk-layvli-i-rayan-reynolds | parsed_comments=0 | expected_comments=3 | comments_pages=1
2026-06-07 10:56:14 | INFO | dnes_bg_2026-06-07_10-52-13 | Processing comments page | article_url=https://www.dnes.bg/a/448-svobodno-vreme/723489-5-zlatni-pravila-za-boyadisana-kosa | comments_url=https://www.dnes.bg/a/448-svobodno-vreme/723489-5-zlatni-pravila-za-boyadisana-kosa/comments | expected_comment_count=2
2026-06-07 10:56:17 | INFO | dnes_bg_2026-06-07_10-52-13 | Parsed comments pages | article_url=https://www.dnes.bg/a/448-svobodno-vreme/723489-5-zlatni-pravila-za-boyadisana-kosa | parsed_comments=2 | expected_comments=2 | comments_pages=1
2026-06-07 10:56:17 | INFO | dnes_bg_2026-06-07_10-52-13 | Processing comments page | article_url=https://www.dnes.bg/a/448-svobodno-vreme/723662-heyli-biybar-pokaza-top-forma-po-banski-tip-prashka | comments_url=https://www.dnes.bg/a/448-svobodno-vreme/723662-heyli-biybar-pokaza-top-forma-po-banski-tip-prashka/comments | expected_comment_count=5
2026-06-07 10:56:19 | INFO | dnes_bg_2026-06-07_10-52-13 | Parsed comments pages | article_url=https://www.dnes.bg/a/448-svobodno-vreme/723662-heyli-biybar-pokaza-top-forma-po-banski-tip-prashka | parsed_comments=4 | expected_comments=5 | comments_pages=1
2026-06-07 10:56:20 | INFO | dnes_bg_2026-06-07_10-52-13 | Processing category page | url=https://www.dnes.bg/c/448-svobodno-vreme?page=5
2026-06-07 10:56:20 | INFO | dnes_bg_2026-06-07_10-52-13 | Parsed category page | url=https://www.dnes.bg/c/448-svobodno-vreme?page=5 | articles_found=17
2026-06-07 10:56:20 | INFO | dnes_bg_2026-06-07_10-52-13 | Parsed category page | url=https://www.dnes.bg/c/448-svobodno-vreme?page=5 | articles_found=17
2026-06-07 10:56:20 | INFO | dnes_bg_2026-06-07_10-52-13 | Processing comments page | article_url=https://www.dnes.bg/a/448-svobodno-vreme/723709-vesela-babinova-i-vladimir-zombori-minaha-pod-venchiloto-snimki | comments_url=https://www.dnes.bg/a/448-svobodno-vreme/723709-vesela-babinova-i-vladimir-zombori-minaha-pod-venchiloto-snimki/comments | expected_comment_count=9
2026-06-07 10:56:23 | INFO | dnes_bg_2026-06-07_10-52-13 | Parsed comments pages | article_url=https://www.dnes.bg/a/448-svobodno-vreme/723709-vesela-babinova-i-vladimir-zombori-minaha-pod-venchiloto-snimki | parsed_comments=4 | expected_comments=9 | comments_pages=1
2026-06-07 10:56:23 | INFO | dnes_bg_2026-06-07_10-52-13 | Skipping article with zero comments | article_url=https://www.dnes.bg/a/448-svobodno-vreme/723666-floralnite-danki-prevzemat-sezona
2026-06-07 10:56:23 | INFO | dnes_bg_2026-06-07_10-52-13 | Processing comments page | article_url=https://www.dnes.bg/a/448-svobodno-vreme/723688-polovinkata-na-kianu-riyvs-zhivyala-sam-s-dzhon-uik-zhivyala-sam-i-s-neo | comments_url=https://www.dnes.bg/a/448-svobodno-vreme/723688-polovinkata-na-kianu-riyvs-zhivyala-sam-s-dzhon-uik-zhivyala-sam-i-s-neo/comments | expected_comment_count=1
2026-06-07 10:56:25 | INFO | dnes_bg_2026-06-07_10-52-13 | Parsed comments pages | article_url=https://www.dnes.bg/a/448-svobodno-vreme/723688-polovinkata-na-kianu-riyvs-zhivyala-sam-s-dzhon-uik-zhivyala-sam-i-s-neo | parsed_comments=1 | expected_comments=1 | comments_pages=1
2026-06-07 10:56:25 | INFO | dnes_bg_2026-06-07_10-52-13 | Processing comments page | article_url=https://www.dnes.bg/a/448-svobodno-vreme/723490-kak-da-sprem-da-ugazhdame-na-drugite | comments_url=https://www.dnes.bg/a/448-svobodno-vreme/723490-kak-da-sprem-da-ugazhdame-na-drugite/comments | expected_comment_count=4
2026-06-07 10:56:28 | INFO | dnes_bg_2026-06-07_10-52-13 | Parsed comments pages | article_url=https://www.dnes.bg/a/448-svobodno-vreme/723490-kak-da-sprem-da-ugazhdame-na-drugite | parsed_comments=2 | expected_comments=4 | comments_pages=1
2026-06-07 10:56:28 | INFO | dnes_bg_2026-06-07_10-52-13 | Processing comments page | article_url=https://www.dnes.bg/a/448-svobodno-vreme/723664-dua-lipa-s-ekskluzivni-kadri-ot-svatbata-si | comments_url=https://www.dnes.bg/a/448-svobodno-vreme/723664-dua-lipa-s-ekskluzivni-kadri-ot-svatbata-si/comments | expected_comment_count=2
2026-06-07 10:56:30 | INFO | dnes_bg_2026-06-07_10-52-13 | Parsed comments pages | article_url=https://www.dnes.bg/a/448-svobodno-vreme/723664-dua-lipa-s-ekskluzivni-kadri-ot-svatbata-si | parsed_comments=1 | expected_comments=2 | comments_pages=1
2026-06-07 10:56:30 | INFO | dnes_bg_2026-06-07_10-52-13 | Processing comments page | article_url=https://www.dnes.bg/a/448-svobodno-vreme/723592-kralitsa-letisiya-i-printsesa-sharliyn-ot-monako-zadadoha-lyatnata-moda-v-madrid | comments_url=https://www.dnes.bg/a/448-svobodno-vreme/723592-kralitsa-letisiya-i-printsesa-sharliyn-ot-monako-zadadoha-lyatnata-moda-v-madrid/comments | expected_comment_count=2
2026-06-07 10:56:32 | INFO | dnes_bg_2026-06-07_10-52-13 | Parsed comments pages | article_url=https://www.dnes.bg/a/448-svobodno-vreme/723592-kralitsa-letisiya-i-printsesa-sharliyn-ot-monako-zadadoha-lyatnata-moda-v-madrid | parsed_comments=1 | expected_comments=2 | comments_pages=1
2026-06-07 10:56:32 | INFO | dnes_bg_2026-06-07_10-52-13 | Processing comments page | article_url=https://www.dnes.bg/a/448-svobodno-vreme/723631-vekat-na-evraziya-kniga-za-bitkata-za-strategicheskiya-tsentar-na-sveta | comments_url=https://www.dnes.bg/a/448-svobodno-vreme/723631-vekat-na-evraziya-kniga-za-bitkata-za-strategicheskiya-tsentar-na-sveta/comments | expected_comment_count=2
2026-06-07 10:56:34 | INFO | dnes_bg_2026-06-07_10-52-13 | Parsed comments pages | article_url=https://www.dnes.bg/a/448-svobodno-vreme/723631-vekat-na-evraziya-kniga-za-bitkata-za-strategicheskiya-tsentar-na-sveta | parsed_comments=2 | expected_comments=2 | comments_pages=1
2026-06-07 10:56:34 | INFO | dnes_bg_2026-06-07_10-52-13 | Processing comments page | article_url=https://www.dnes.bg/a/448-svobodno-vreme/723682-retseptata-dnes-sotirani-tikvichki-s-domati-chesan-i-bosilek | comments_url=https://www.dnes.bg/a/448-svobodno-vreme/723682-retseptata-dnes-sotirani-tikvichki-s-domati-chesan-i-bosilek/comments | expected_comment_count=1
2026-06-07 10:56:37 | INFO | dnes_bg_2026-06-07_10-52-13 | Parsed comments pages | article_url=https://www.dnes.bg/a/448-svobodno-vreme/723682-retseptata-dnes-sotirani-tikvichki-s-domati-chesan-i-bosilek | parsed_comments=0 | expected_comments=1 | comments_pages=1
2026-06-07 10:56:37 | INFO | dnes_bg_2026-06-07_10-52-13 | Processing comments page | article_url=https://www.dnes.bg/a/448-svobodno-vreme/723694-filip-kirkorov-vyarno-e-blagodarenie-na-men-balgariya-specheli-evroviziya | comments_url=https://www.dnes.bg/a/448-svobodno-vreme/723694-filip-kirkorov-vyarno-e-blagodarenie-na-men-balgariya-specheli-evroviziya/comments | expected_comment_count=188
2026-06-07 10:57:12 | INFO | dnes_bg_2026-06-07_10-52-13 | Parsed comments pages | article_url=https://www.dnes.bg/a/448-svobodno-vreme/723694-filip-kirkorov-vyarno-e-blagodarenie-na-men-balgariya-specheli-evroviziya | parsed_comments=126 | expected_comments=188 | comments_pages=13
2026-06-07 10:57:12 | INFO | dnes_bg_2026-06-07_10-52-13 | Processing comments page | article_url=https://www.dnes.bg/a/448-svobodno-vreme/723675-taraleshta-shte-podgryavat-the-wailers-v-sofiya | comments_url=https://www.dnes.bg/a/448-svobodno-vreme/723675-taraleshta-shte-podgryavat-the-wailers-v-sofiya/comments | expected_comment_count=1
2026-06-07 10:57:14 | INFO | dnes_bg_2026-06-07_10-52-13 | Parsed comments pages | article_url=https://www.dnes.bg/a/448-svobodno-vreme/723675-taraleshta-shte-podgryavat-the-wailers-v-sofiya | parsed_comments=1 | expected_comments=1 | comments_pages=1
2026-06-07 10:57:14 | INFO | dnes_bg_2026-06-07_10-52-13 | Processing comments page | article_url=https://www.dnes.bg/a/448-svobodno-vreme/723669-pavel-ivanov-i-filip-bukov-vlizat-v-noviya-serial-letishte | comments_url=https://www.dnes.bg/a/448-svobodno-vreme/723669-pavel-ivanov-i-filip-bukov-vlizat-v-noviya-serial-letishte/comments | expected_comment_count=7
2026-06-07 10:57:18 | INFO | dnes_bg_2026-06-07_10-52-13 | Parsed comments pages | article_url=https://www.dnes.bg/a/448-svobodno-vreme/723669-pavel-ivanov-i-filip-bukov-vlizat-v-noviya-serial-letishte | parsed_comments=6 | expected_comments=7 | comments_pages=1
2026-06-07 10:57:18 | INFO | dnes_bg_2026-06-07_10-52-13 | Processing comments page | article_url=https://www.dnes.bg/a/448-svobodno-vreme/723668-sasho-kadiev-i-ivelina-opitvali-za-bebe-godina-i-polovina-znakat-v-kafeto-na-kateto-evro | comments_url=https://www.dnes.bg/a/448-svobodno-vreme/723668-sasho-kadiev-i-ivelina-opitvali-za-bebe-godina-i-polovina-znakat-v-kafeto-na-kateto-evro/comments | expected_comment_count=39
2026-06-07 10:57:30 | INFO | dnes_bg_2026-06-07_10-52-13 | Parsed comments pages | article_url=https://www.dnes.bg/a/448-svobodno-vreme/723668-sasho-kadiev-i-ivelina-opitvali-za-bebe-godina-i-polovina-znakat-v-kafeto-na-kateto-evro | parsed_comments=35 | expected_comments=39 | comments_pages=4
2026-06-07 10:57:30 | INFO | dnes_bg_2026-06-07_10-52-13 | Processing comments page | article_url=https://www.dnes.bg/a/448-svobodno-vreme/723618-v-kadar-kral-charlz-posveti-idris-elba-v-ritsarstvo | comments_url=https://www.dnes.bg/a/448-svobodno-vreme/723618-v-kadar-kral-charlz-posveti-idris-elba-v-ritsarstvo/comments | expected_comment_count=6
2026-06-07 10:57:32 | INFO | dnes_bg_2026-06-07_10-52-13 | Parsed comments pages | article_url=https://www.dnes.bg/a/448-svobodno-vreme/723618-v-kadar-kral-charlz-posveti-idris-elba-v-ritsarstvo | parsed_comments=4 | expected_comments=6 | comments_pages=1
2026-06-07 10:57:32 | INFO | dnes_bg_2026-06-07_10-52-13 | Processing comments page | article_url=https://www.dnes.bg/a/448-svobodno-vreme/723628-rusita-shte-otkrie-kontserta-na-kris-ayzak | comments_url=https://www.dnes.bg/a/448-svobodno-vreme/723628-rusita-shte-otkrie-kontserta-na-kris-ayzak/comments | expected_comment_count=1
2026-06-07 10:57:35 | INFO | dnes_bg_2026-06-07_10-52-13 | Parsed comments pages | article_url=https://www.dnes.bg/a/448-svobodno-vreme/723628-rusita-shte-otkrie-kontserta-na-kris-ayzak | parsed_comments=1 | expected_comments=1 | comments_pages=1
2026-06-07 10:57:35 | INFO | dnes_bg_2026-06-07_10-52-13 | Skipping article with zero comments | article_url=https://www.dnes.bg/a/448-svobodno-vreme/723625-pochina-piybo-braysan-izpyal-edni-ot-nay-emblematichnite-pesni-na-disney
2026-06-07 10:57:35 | INFO | dnes_bg_2026-06-07_10-52-13 | Processing comments page | article_url=https://www.dnes.bg/a/448-svobodno-vreme/723615-oshte-edna-balgarka-zavladyava-holivud-zapoznayte-se-s-mika-abdala-video | comments_url=https://www.dnes.bg/a/448-svobodno-vreme/723615-oshte-edna-balgarka-zavladyava-holivud-zapoznayte-se-s-mika-abdala-video/comments | expected_comment_count=81
2026-06-07 10:57:50 | INFO | dnes_bg_2026-06-07_10-52-13 | Parsed comments pages | article_url=https://www.dnes.bg/a/448-svobodno-vreme/723615-oshte-edna-balgarka-zavladyava-holivud-zapoznayte-se-s-mika-abdala-video | parsed_comments=54 | expected_comments=81 | comments_pages=6
2026-06-07 10:57:50 | INFO | dnes_bg_2026-06-07_10-52-13 | Processing comments page | article_url=https://www.dnes.bg/a/448-svobodno-vreme/723603-izborat-na-kola-kakvo-tryabva-da-znaete-za-hibridite | comments_url=https://www.dnes.bg/a/448-svobodno-vreme/723603-izborat-na-kola-kakvo-tryabva-da-znaete-za-hibridite/comments | expected_comment_count=12
2026-06-07 10:57:56 | INFO | dnes_bg_2026-06-07_10-52-13 | Parsed comments pages | article_url=https://www.dnes.bg/a/448-svobodno-vreme/723603-izborat-na-kola-kakvo-tryabva-da-znaete-za-hibridite | parsed_comments=11 | expected_comments=12 | comments_pages=2
2026-06-07 10:58:03 | INFO | dnes_bg_2026-06-07_10-52-13 | Processing category page | url=https://www.dnes.bg/c/448-svobodno-vreme?page=6
2026-06-07 10:58:03 | INFO | dnes_bg_2026-06-07_10-52-13 | Parsed category page | url=https://www.dnes.bg/c/448-svobodno-vreme?page=6 | articles_found=17
2026-06-07 10:58:03 | INFO | dnes_bg_2026-06-07_10-52-13 | Parsed category page | url=https://www.dnes.bg/c/448-svobodno-vreme?page=6 | articles_found=17
2026-06-07 10:58:03 | INFO | dnes_bg_2026-06-07_10-52-13 | Processing comments page | article_url=https://www.dnes.bg/a/448-svobodno-vreme/723576-3-yuni-e-mezhdunarodniyat-den-na-velosipeda | comments_url=https://www.dnes.bg/a/448-svobodno-vreme/723576-3-yuni-e-mezhdunarodniyat-den-na-velosipeda/comments | expected_comment_count=8
2026-06-07 10:58:07 | INFO | dnes_bg_2026-06-07_10-52-13 | Parsed comments pages | article_url=https://www.dnes.bg/a/448-svobodno-vreme/723576-3-yuni-e-mezhdunarodniyat-den-na-velosipeda | parsed_comments=3 | expected_comments=8 | comments_pages=1
2026-06-07 10:58:07 | INFO | dnes_bg_2026-06-07_10-52-13 | Processing comments page | article_url=https://www.dnes.bg/a/1-bulgaria/723572-remonti-na-dve-mesta-na-magistrala-trakiya | comments_url=https://www.dnes.bg/a/1-bulgaria/723572-remonti-na-dve-mesta-na-magistrala-trakiya/comments | expected_comment_count=2
2026-06-07 10:58:09 | INFO | dnes_bg_2026-06-07_10-52-13 | Parsed comments pages | article_url=https://www.dnes.bg/a/1-bulgaria/723572-remonti-na-dve-mesta-na-magistrala-trakiya | parsed_comments=0 | expected_comments=2 | comments_pages=1
2026-06-07 10:58:09 | INFO | dnes_bg_2026-06-07_10-52-13 | Processing comments page | article_url=https://www.dnes.bg/a/558-vremeto/723571-do-obyad-slantse-sledobed-dazhd-na-iztok-i-v-planinite | comments_url=https://www.dnes.bg/a/558-vremeto/723571-do-obyad-slantse-sledobed-dazhd-na-iztok-i-v-planinite/comments | expected_comment_count=12
2026-06-07 10:58:11 | INFO | dnes_bg_2026-06-07_10-52-13 | Parsed comments pages | article_url=https://www.dnes.bg/a/558-vremeto/723571-do-obyad-slantse-sledobed-dazhd-na-iztok-i-v-planinite | parsed_comments=6 | expected_comments=12 | comments_pages=1
2026-06-07 10:58:11 | INFO | dnes_bg_2026-06-07_10-52-13 | Processing comments page | article_url=https://www.dnes.bg/a/448-svobodno-vreme/723487-knizhki-v-norvegiya-razbivat-temite-tabu-uchat-detsata-kak-se-pravyat-bebeta-i-kakvo-e-smartta | comments_url=https://www.dnes.bg/a/448-svobodno-vreme/723487-knizhki-v-norvegiya-razbivat-temite-tabu-uchat-detsata-kak-se-pravyat-bebeta-i-kakvo-e-smartta/comments | expected_comment_count=71
2026-06-07 10:58:25 | INFO | dnes_bg_2026-06-07_10-52-13 | Parsed comments pages | article_url=https://www.dnes.bg/a/448-svobodno-vreme/723487-knizhki-v-norvegiya-razbivat-temite-tabu-uchat-detsata-kak-se-pravyat-bebeta-i-kakvo-e-smartta | parsed_comments=44 | expected_comments=71 | comments_pages=5
2026-06-07 10:58:25 | INFO | dnes_bg_2026-06-07_10-52-13 | Processing comments page | article_url=https://www.dnes.bg/a/448-svobodno-vreme/723464-zhenata-na-ben-stilar-razkri-zashto-se-e-sabrala-s-nego-sled-5-godishna-razdyala | comments_url=https://www.dnes.bg/a/448-svobodno-vreme/723464-zhenata-na-ben-stilar-razkri-zashto-se-e-sabrala-s-nego-sled-5-godishna-razdyala/comments | expected_comment_count=20
2026-06-07 10:58:28 | INFO | dnes_bg_2026-06-07_10-52-13 | Parsed comments pages | article_url=https://www.dnes.bg/a/448-svobodno-vreme/723464-zhenata-na-ben-stilar-razkri-zashto-se-e-sabrala-s-nego-sled-5-godishna-razdyala | parsed_comments=1 | expected_comments=20 | comments_pages=1
2026-06-07 10:58:28 | INFO | dnes_bg_2026-06-07_10-52-13 | Processing comments page | article_url=https://www.dnes.bg/a/448-svobodno-vreme/723466-shtastlivi-zaedno-brad-pit-i-ines-de-ramon-na-kontsert-na-red-hot-chili-peppers-v-parizh | comments_url=https://www.dnes.bg/a/448-svobodno-vreme/723466-shtastlivi-zaedno-brad-pit-i-ines-de-ramon-na-kontsert-na-red-hot-chili-peppers-v-parizh/comments | expected_comment_count=6
2026-06-07 10:58:30 | INFO | dnes_bg_2026-06-07_10-52-13 | Parsed comments pages | article_url=https://www.dnes.bg/a/448-svobodno-vreme/723466-shtastlivi-zaedno-brad-pit-i-ines-de-ramon-na-kontsert-na-red-hot-chili-peppers-v-parizh | parsed_comments=5 | expected_comments=6 | comments_pages=1
2026-06-07 10:58:30 | INFO | dnes_bg_2026-06-07_10-52-13 | Processing comments page | article_url=https://www.dnes.bg/a/448-svobodno-vreme/723386-kakvo-simvolizira-sreshtata-s-brambar-rogach | comments_url=https://www.dnes.bg/a/448-svobodno-vreme/723386-kakvo-simvolizira-sreshtata-s-brambar-rogach/comments | expected_comment_count=5
2026-06-07 10:58:32 | INFO | dnes_bg_2026-06-07_10-52-13 | Parsed comments pages | article_url=https://www.dnes.bg/a/448-svobodno-vreme/723386-kakvo-simvolizira-sreshtata-s-brambar-rogach | parsed_comments=2 | expected_comments=5 | comments_pages=1
2026-06-07 10:58:32 | INFO | dnes_bg_2026-06-07_10-52-13 | Processing comments page | article_url=https://www.dnes.bg/a/448-svobodno-vreme/723527-kayli-minoug-prizna-che-ne-e-obvarzana | comments_url=https://www.dnes.bg/a/448-svobodno-vreme/723527-kayli-minoug-prizna-che-ne-e-obvarzana/comments | expected_comment_count=4
2026-06-07 10:58:34 | INFO | dnes_bg_2026-06-07_10-52-13 | Parsed comments pages | article_url=https://www.dnes.bg/a/448-svobodno-vreme/723527-kayli-minoug-prizna-che-ne-e-obvarzana | parsed_comments=2 | expected_comments=4 | comments_pages=1
2026-06-07 10:58:34 | INFO | dnes_bg_2026-06-07_10-52-13 | Skipping article with zero comments | article_url=https://www.dnes.bg/a/448-svobodno-vreme/723522-nayal-horan-se-radva-che-posledniyat-mu-spomen-s-liam-peyn-e-shtastliv
2026-06-07 10:58:34 | INFO | dnes_bg_2026-06-07_10-52-13 | Processing comments page | article_url=https://www.dnes.bg/a/5-zdrave/723389-kak-da-se-spasite-ot-letnite-alergii | comments_url=https://www.dnes.bg/a/5-zdrave/723389-kak-da-se-spasite-ot-letnite-alergii/comments | expected_comment_count=3
2026-06-07 10:58:36 | INFO | dnes_bg_2026-06-07_10-52-13 | Parsed comments pages | article_url=https://www.dnes.bg/a/5-zdrave/723389-kak-da-se-spasite-ot-letnite-alergii | parsed_comments=3 | expected_comments=3 | comments_pages=1
2026-06-07 10:58:36 | INFO | dnes_bg_2026-06-07_10-52-13 | Processing comments page | article_url=https://www.dnes.bg/a/448-svobodno-vreme/723388-modni-stilisti-savetvat-kak-da-imame-viziya-koyato-izglezhda-skapo | comments_url=https://www.dnes.bg/a/448-svobodno-vreme/723388-modni-stilisti-savetvat-kak-da-imame-viziya-koyato-izglezhda-skapo/comments | expected_comment_count=5
2026-06-07 10:58:37 | INFO | dnes_bg_2026-06-07_10-52-13 | Parsed comments pages | article_url=https://www.dnes.bg/a/448-svobodno-vreme/723388-modni-stilisti-savetvat-kak-da-imame-viziya-koyato-izglezhda-skapo | parsed_comments=4 | expected_comments=5 | comments_pages=1
2026-06-07 10:58:37 | INFO | dnes_bg_2026-06-07_10-52-13 | Skipping article with zero comments | article_url=https://www.dnes.bg/a/448-svobodno-vreme/723485-maykal-fasbendar-razkri-za-imeto-na-golemiya-si-sin-ot-alisiya-vikander
2026-06-07 10:58:37 | INFO | dnes_bg_2026-06-07_10-52-13 | Processing comments page | article_url=https://www.dnes.bg/a/448-svobodno-vreme/723524-peri-eduards-nay-setne-vdiga-svatba | comments_url=https://www.dnes.bg/a/448-svobodno-vreme/723524-peri-eduards-nay-setne-vdiga-svatba/comments | expected_comment_count=3
2026-06-07 10:58:39 | INFO | dnes_bg_2026-06-07_10-52-13 | Parsed comments pages | article_url=https://www.dnes.bg/a/448-svobodno-vreme/723524-peri-eduards-nay-setne-vdiga-svatba | parsed_comments=2 | expected_comments=3 | comments_pages=1
2026-06-07 10:58:39 | INFO | dnes_bg_2026-06-07_10-52-13 | Processing comments page | article_url=https://www.dnes.bg/a/448-svobodno-vreme/723376-retseptata-dnes-gaspacho-ispanska-klasika-za-letnite-dni | comments_url=https://www.dnes.bg/a/448-svobodno-vreme/723376-retseptata-dnes-gaspacho-ispanska-klasika-za-letnite-dni/comments | expected_comment_count=6
2026-06-07 10:58:42 | INFO | dnes_bg_2026-06-07_10-52-13 | Parsed comments pages | article_url=https://www.dnes.bg/a/448-svobodno-vreme/723376-retseptata-dnes-gaspacho-ispanska-klasika-za-letnite-dni | parsed_comments=4 | expected_comments=6 | comments_pages=1
2026-06-07 10:58:42 | INFO | dnes_bg_2026-06-07_10-52-13 | Processing comments page | article_url=https://www.dnes.bg/a/448-svobodno-vreme/723483-100-godini-ot-razhdaneto-na-merilin-monro-ikonata-na-kinoto-modata-i-krasotata | comments_url=https://www.dnes.bg/a/448-svobodno-vreme/723483-100-godini-ot-razhdaneto-na-merilin-monro-ikonata-na-kinoto-modata-i-krasotata/comments | expected_comment_count=11
2026-06-07 10:58:45 | INFO | dnes_bg_2026-06-07_10-52-13 | Parsed comments pages | article_url=https://www.dnes.bg/a/448-svobodno-vreme/723483-100-godini-ot-razhdaneto-na-merilin-monro-ikonata-na-kinoto-modata-i-krasotata | parsed_comments=6 | expected_comments=11 | comments_pages=1
2026-06-07 10:58:45 | INFO | dnes_bg_2026-06-07_10-52-13 | Processing comments page | article_url=https://www.dnes.bg/a/448-svobodno-vreme/723517-izbirat-noviya-dzheyms-bond-koi-sa-favoritite | comments_url=https://www.dnes.bg/a/448-svobodno-vreme/723517-izbirat-noviya-dzheyms-bond-koi-sa-favoritite/comments | expected_comment_count=13
2026-06-07 10:58:49 | INFO | dnes_bg_2026-06-07_10-52-13 | Parsed comments pages | article_url=https://www.dnes.bg/a/448-svobodno-vreme/723517-izbirat-noviya-dzheyms-bond-koi-sa-favoritite | parsed_comments=12 | expected_comments=13 | comments_pages=2
2026-06-07 10:58:49 | INFO | dnes_bg_2026-06-07_10-52-13 | Processing comments page | article_url=https://www.dnes.bg/a/448-svobodno-vreme/723521-dzhey-lo-izdade-che-nyama-gadzhe | comments_url=https://www.dnes.bg/a/448-svobodno-vreme/723521-dzhey-lo-izdade-che-nyama-gadzhe/comments | expected_comment_count=12
2026-06-07 10:58:52 | INFO | dnes_bg_2026-06-07_10-52-13 | Parsed comments pages | article_url=https://www.dnes.bg/a/448-svobodno-vreme/723521-dzhey-lo-izdade-che-nyama-gadzhe | parsed_comments=9 | expected_comments=12 | comments_pages=1
2026-06-07 10:58:59 | INFO | dnes_bg_2026-06-07_10-52-13 | Processing category page | url=https://www.dnes.bg/c/448-svobodno-vreme?page=7
2026-06-07 10:58:59 | INFO | dnes_bg_2026-06-07_10-52-13 | Parsed category page | url=https://www.dnes.bg/c/448-svobodno-vreme?page=7 | articles_found=17
2026-06-07 10:58:59 | INFO | dnes_bg_2026-06-07_10-52-13 | Parsed category page | url=https://www.dnes.bg/c/448-svobodno-vreme?page=7 | articles_found=17
2026-06-07 10:58:59 | INFO | dnes_bg_2026-06-07_10-52-13 | Processing comments page | article_url=https://www.dnes.bg/a/448-svobodno-vreme/723506-141-g-sled-saedinenieto-nov-pogled-kam-podviga-ot-1885-godina | comments_url=https://www.dnes.bg/a/448-svobodno-vreme/723506-141-g-sled-saedinenieto-nov-pogled-kam-podviga-ot-1885-godina/comments | expected_comment_count=11
2026-06-07 10:59:02 | INFO | dnes_bg_2026-06-07_10-52-13 | Parsed comments pages | article_url=https://www.dnes.bg/a/448-svobodno-vreme/723506-141-g-sled-saedinenieto-nov-pogled-kam-podviga-ot-1885-godina | parsed_comments=10 | expected_comments=11 | comments_pages=1
2026-06-07 10:59:02 | INFO | dnes_bg_2026-06-07_10-52-13 | Processing comments page | article_url=https://www.dnes.bg/a/448-svobodno-vreme/723481-mona-i-lyubo-kirov-predstaviha-obshta-pesen-video | comments_url=https://www.dnes.bg/a/448-svobodno-vreme/723481-mona-i-lyubo-kirov-predstaviha-obshta-pesen-video/comments | expected_comment_count=14
2026-06-07 10:59:04 | INFO | dnes_bg_2026-06-07_10-52-13 | Parsed comments pages | article_url=https://www.dnes.bg/a/448-svobodno-vreme/723481-mona-i-lyubo-kirov-predstaviha-obshta-pesen-video | parsed_comments=10 | expected_comments=14 | comments_pages=1
2026-06-07 10:59:04 | INFO | dnes_bg_2026-06-07_10-52-13 | Processing comments page | article_url=https://www.dnes.bg/a/533-bez-budilnik/723460-nepoznatite-balkani-da-preotkriesh-gartsiya-s-kola | comments_url=https://www.dnes.bg/a/533-bez-budilnik/723460-nepoznatite-balkani-da-preotkriesh-gartsiya-s-kola/comments | expected_comment_count=8
2026-06-07 10:59:07 | INFO | dnes_bg_2026-06-07_10-52-13 | Parsed comments pages | article_url=https://www.dnes.bg/a/533-bez-budilnik/723460-nepoznatite-balkani-da-preotkriesh-gartsiya-s-kola | parsed_comments=6 | expected_comments=8 | comments_pages=1
2026-06-07 10:59:07 | INFO | dnes_bg_2026-06-07_10-52-13 | Processing comments page | article_url=https://www.dnes.bg/a/448-svobodno-vreme/723451-komediya-bez-kray-otkradnaha-nay-skapiya-banan-v-sveta | comments_url=https://www.dnes.bg/a/448-svobodno-vreme/723451-komediya-bez-kray-otkradnaha-nay-skapiya-banan-v-sveta/comments | expected_comment_count=19
2026-06-07 10:59:11 | INFO | dnes_bg_2026-06-07_10-52-13 | Parsed comments pages | article_url=https://www.dnes.bg/a/448-svobodno-vreme/723451-komediya-bez-kray-otkradnaha-nay-skapiya-banan-v-sveta | parsed_comments=15 | expected_comments=19 | comments_pages=2
2026-06-07 10:59:11 | INFO | dnes_bg_2026-06-07_10-52-13 | Skipping article with zero comments | article_url=https://www.dnes.bg/a/448-svobodno-vreme/723444-lari-elisan-ot-oracle-stana-tretiyat-nay-bogat-chovek-v-sveta
2026-06-07 10:59:11 | INFO | dnes_bg_2026-06-07_10-52-13 | Processing comments page | article_url=https://www.dnes.bg/a/1-bulgaria/723437-testvat-sistemata-bg-alert-dnes | comments_url=https://www.dnes.bg/a/1-bulgaria/723437-testvat-sistemata-bg-alert-dnes/comments | expected_comment_count=3
2026-06-07 10:59:13 | INFO | dnes_bg_2026-06-07_10-52-13 | Parsed comments pages | article_url=https://www.dnes.bg/a/1-bulgaria/723437-testvat-sistemata-bg-alert-dnes | parsed_comments=2 | expected_comments=3 | comments_pages=1
2026-06-07 10:59:13 | INFO | dnes_bg_2026-06-07_10-52-13 | Processing comments page | article_url=https://www.dnes.bg/a/558-vremeto/723435-dnes-moshtni-buri-malnii-na-mesta-i-gradushki | comments_url=https://www.dnes.bg/a/558-vremeto/723435-dnes-moshtni-buri-malnii-na-mesta-i-gradushki/comments | expected_comment_count=7
2026-06-07 10:59:15 | INFO | dnes_bg_2026-06-07_10-52-13 | Parsed comments pages | article_url=https://www.dnes.bg/a/558-vremeto/723435-dnes-moshtni-buri-malnii-na-mesta-i-gradushki | parsed_comments=0 | expected_comments=7 | comments_pages=1
2026-06-07 10:59:15 | INFO | dnes_bg_2026-06-07_10-52-13 | Processing comments page | article_url=https://www.dnes.bg/a/448-svobodno-vreme/723372-retseptata-dnes-klasicheskoto-frensko-yastie-kok-o-ven | comments_url=https://www.dnes.bg/a/448-svobodno-vreme/723372-retseptata-dnes-klasicheskoto-frensko-yastie-kok-o-ven/comments | expected_comment_count=4
2026-06-07 10:59:17 | INFO | dnes_bg_2026-06-07_10-52-13 | Parsed comments pages | article_url=https://www.dnes.bg/a/448-svobodno-vreme/723372-retseptata-dnes-klasicheskoto-frensko-yastie-kok-o-ven | parsed_comments=1 | expected_comments=4 | comments_pages=1
2026-06-07 10:59:17 | INFO | dnes_bg_2026-06-07_10-52-13 | Processing comments page | article_url=https://www.dnes.bg/a/448-svobodno-vreme/723369-minimalistichen-manikyur-7-idei-za-perfektni-nokti | comments_url=https://www.dnes.bg/a/448-svobodno-vreme/723369-minimalistichen-manikyur-7-idei-za-perfektni-nokti/comments | expected_comment_count=9
2026-06-07 10:59:19 | INFO | dnes_bg_2026-06-07_10-52-13 | Parsed comments pages | article_url=https://www.dnes.bg/a/448-svobodno-vreme/723369-minimalistichen-manikyur-7-idei-za-perfektni-nokti | parsed_comments=0 | expected_comments=9 | comments_pages=1
2026-06-07 10:59:19 | INFO | dnes_bg_2026-06-07_10-52-13 | Processing comments page | article_url=https://www.dnes.bg/a/448-svobodno-vreme/723271-dzhey-lo-mnogo-haresva-bret-goldstin | comments_url=https://www.dnes.bg/a/448-svobodno-vreme/723271-dzhey-lo-mnogo-haresva-bret-goldstin/comments | expected_comment_count=1
2026-06-07 10:59:22 | INFO | dnes_bg_2026-06-07_10-52-13 | Parsed comments pages | article_url=https://www.dnes.bg/a/448-svobodno-vreme/723271-dzhey-lo-mnogo-haresva-bret-goldstin | parsed_comments=1 | expected_comments=1 | comments_pages=1
2026-06-07 10:59:22 | INFO | dnes_bg_2026-06-07_10-52-13 | Processing comments page | article_url=https://www.dnes.bg/a/448-svobodno-vreme/723358-ya-pak-kompaniya-prodavashta-krem-za-penisi-sadi-brad-pit-za-75-000 | comments_url=https://www.dnes.bg/a/448-svobodno-vreme/723358-ya-pak-kompaniya-prodavashta-krem-za-penisi-sadi-brad-pit-za-75-000/comments | expected_comment_count=21
2026-06-07 10:59:26 | INFO | dnes_bg_2026-06-07_10-52-13 | Parsed comments pages | article_url=https://www.dnes.bg/a/448-svobodno-vreme/723358-ya-pak-kompaniya-prodavashta-krem-za-penisi-sadi-brad-pit-za-75-000 | parsed_comments=14 | expected_comments=21 | comments_pages=2
2026-06-07 10:59:26 | INFO | dnes_bg_2026-06-07_10-52-13 | Processing comments page | article_url=https://www.dnes.bg/a/448-svobodno-vreme/723274-skutar-braun-pohvali-lyubimata-si-sidni-suiyni | comments_url=https://www.dnes.bg/a/448-svobodno-vreme/723274-skutar-braun-pohvali-lyubimata-si-sidni-suiyni/comments | expected_comment_count=2
2026-06-07 10:59:28 | INFO | dnes_bg_2026-06-07_10-52-13 | Parsed comments pages | article_url=https://www.dnes.bg/a/448-svobodno-vreme/723274-skutar-braun-pohvali-lyubimata-si-sidni-suiyni | parsed_comments=1 | expected_comments=2 | comments_pages=1
2026-06-07 10:59:28 | INFO | dnes_bg_2026-06-07_10-52-13 | Processing comments page | article_url=https://www.dnes.bg/a/448-svobodno-vreme/723211-salata-s-pasta-po-italianski | comments_url=https://www.dnes.bg/a/448-svobodno-vreme/723211-salata-s-pasta-po-italianski/comments | expected_comment_count=3
2026-06-07 10:59:30 | INFO | dnes_bg_2026-06-07_10-52-13 | Parsed comments pages | article_url=https://www.dnes.bg/a/448-svobodno-vreme/723211-salata-s-pasta-po-italianski | parsed_comments=2 | expected_comments=3 | comments_pages=1
2026-06-07 10:59:30 | INFO | dnes_bg_2026-06-07_10-52-13 | Processing comments page | article_url=https://www.dnes.bg/a/448-svobodno-vreme/723273-tendentsii-pri-manikyurite-za-yuni | comments_url=https://www.dnes.bg/a/448-svobodno-vreme/723273-tendentsii-pri-manikyurite-za-yuni/comments | expected_comment_count=1
2026-06-07 10:59:32 | INFO | dnes_bg_2026-06-07_10-52-13 | Parsed comments pages | article_url=https://www.dnes.bg/a/448-svobodno-vreme/723273-tendentsii-pri-manikyurite-za-yuni | parsed_comments=1 | expected_comments=1 | comments_pages=1
2026-06-07 10:59:32 | INFO | dnes_bg_2026-06-07_10-52-13 | Skipping article with zero comments | article_url=https://www.dnes.bg/a/448-svobodno-vreme/723320-nay-aktualnite-tendentsii-pri-elegantnite-damski-chanti
2026-06-07 10:59:32 | INFO | dnes_bg_2026-06-07_10-52-13 | Processing comments page | article_url=https://www.dnes.bg/a/2-svyat/723393-kashta-v-edno-ot-nay-krasivite-mesta-na-italiya-se-prodava-za-5000-evro | comments_url=https://www.dnes.bg/a/2-svyat/723393-kashta-v-edno-ot-nay-krasivite-mesta-na-italiya-se-prodava-za-5000-evro/comments | expected_comment_count=18
2026-06-07 10:59:37 | INFO | dnes_bg_2026-06-07_10-52-13 | Parsed comments pages | article_url=https://www.dnes.bg/a/2-svyat/723393-kashta-v-edno-ot-nay-krasivite-mesta-na-italiya-se-prodava-za-5000-evro | parsed_comments=16 | expected_comments=18 | comments_pages=2
2026-06-07 10:59:37 | INFO | dnes_bg_2026-06-07_10-52-13 | Skipping article with zero comments | article_url=https://www.dnes.bg/a/448-svobodno-vreme/723272-ruben-dias-otreche-sluhovete-che-e-izneveryaval-na-maya-dzhama
2026-06-07 10:59:43 | INFO | dnes_bg_2026-06-07_10-52-13 | Processing category page | url=https://www.dnes.bg/c/448-svobodno-vreme?page=8
2026-06-07 10:59:43 | INFO | dnes_bg_2026-06-07_10-52-13 | Parsed category page | url=https://www.dnes.bg/c/448-svobodno-vreme?page=8 | articles_found=17
2026-06-07 10:59:43 | INFO | dnes_bg_2026-06-07_10-52-13 | Parsed category page | url=https://www.dnes.bg/c/448-svobodno-vreme?page=8 | articles_found=17
2026-06-07 10:59:43 | INFO | dnes_bg_2026-06-07_10-52-13 | Processing comments page | article_url=https://www.dnes.bg/a/448-svobodno-vreme/723424-vechnite-stradaltsi-chetiri-zodii-koito-sa-zatsiklili-varhu-negativnoto | comments_url=https://www.dnes.bg/a/448-svobodno-vreme/723424-vechnite-stradaltsi-chetiri-zodii-koito-sa-zatsiklili-varhu-negativnoto/comments | expected_comment_count=5
2026-06-07 10:59:45 | INFO | dnes_bg_2026-06-07_10-52-13 | Parsed comments pages | article_url=https://www.dnes.bg/a/448-svobodno-vreme/723424-vechnite-stradaltsi-chetiri-zodii-koito-sa-zatsiklili-varhu-negativnoto | parsed_comments=5 | expected_comments=5 | comments_pages=1
2026-06-07 10:59:45 | INFO | dnes_bg_2026-06-07_10-52-13 | Processing comments page | article_url=https://www.dnes.bg/a/448-svobodno-vreme/723397-emili-v-parizh-se-sboguva-s-fenovete-sled-6-sezona | comments_url=https://www.dnes.bg/a/448-svobodno-vreme/723397-emili-v-parizh-se-sboguva-s-fenovete-sled-6-sezona/comments | expected_comment_count=2
2026-06-07 10:59:48 | INFO | dnes_bg_2026-06-07_10-52-13 | Parsed comments pages | article_url=https://www.dnes.bg/a/448-svobodno-vreme/723397-emili-v-parizh-se-sboguva-s-fenovete-sled-6-sezona | parsed_comments=2 | expected_comments=2 | comments_pages=1
2026-06-07 10:59:48 | INFO | dnes_bg_2026-06-07_10-52-13 | Processing comments page | article_url=https://www.dnes.bg/a/448-svobodno-vreme/723421-nay-vazrastnata-shofyorka-v-sveta-podnovi-knizhkata-si-na-108-godini | comments_url=https://www.dnes.bg/a/448-svobodno-vreme/723421-nay-vazrastnata-shofyorka-v-sveta-podnovi-knizhkata-si-na-108-godini/comments | expected_comment_count=6
2026-06-07 10:59:51 | INFO | dnes_bg_2026-06-07_10-52-13 | Parsed comments pages | article_url=https://www.dnes.bg/a/448-svobodno-vreme/723421-nay-vazrastnata-shofyorka-v-sveta-podnovi-knizhkata-si-na-108-godini | parsed_comments=6 | expected_comments=6 | comments_pages=1
2026-06-07 10:59:51 | INFO | dnes_bg_2026-06-07_10-52-13 | Processing comments page | article_url=https://www.dnes.bg/a/9-sport/723314-oshte-predi-finala-cheren-polyak-veche-e-siguren-shampion-na-nba | comments_url=https://www.dnes.bg/a/9-sport/723314-oshte-predi-finala-cheren-polyak-veche-e-siguren-shampion-na-nba/comments | expected_comment_count=3
2026-06-07 10:59:53 | INFO | dnes_bg_2026-06-07_10-52-13 | Parsed comments pages | article_url=https://www.dnes.bg/a/9-sport/723314-oshte-predi-finala-cheren-polyak-veche-e-siguren-shampion-na-nba | parsed_comments=3 | expected_comments=3 | comments_pages=1
2026-06-07 10:59:53 | INFO | dnes_bg_2026-06-07_10-52-13 | Processing comments page | article_url=https://www.dnes.bg/a/448-svobodno-vreme/723368-retseptata-dnes-leten-chiyzkeyk-s-malini-i-shokolad | comments_url=https://www.dnes.bg/a/448-svobodno-vreme/723368-retseptata-dnes-leten-chiyzkeyk-s-malini-i-shokolad/comments | expected_comment_count=4
2026-06-07 10:59:55 | INFO | dnes_bg_2026-06-07_10-52-13 | Parsed comments pages | article_url=https://www.dnes.bg/a/448-svobodno-vreme/723368-retseptata-dnes-leten-chiyzkeyk-s-malini-i-shokolad | parsed_comments=3 | expected_comments=4 | comments_pages=1
2026-06-07 10:59:55 | INFO | dnes_bg_2026-06-07_10-52-13 | Processing comments page | article_url=https://www.dnes.bg/a/448-svobodno-vreme/723342-skandal-okolo-tom-hardi-mozhe-da-mu-kostva-golyama-rolya | comments_url=https://www.dnes.bg/a/448-svobodno-vreme/723342-skandal-okolo-tom-hardi-mozhe-da-mu-kostva-golyama-rolya/comments | expected_comment_count=1
2026-06-07 10:59:57 | INFO | dnes_bg_2026-06-07_10-52-13 | Parsed comments pages | article_url=https://www.dnes.bg/a/448-svobodno-vreme/723342-skandal-okolo-tom-hardi-mozhe-da-mu-kostva-golyama-rolya | parsed_comments=1 | expected_comments=1 | comments_pages=1
2026-06-07 10:59:57 | INFO | dnes_bg_2026-06-07_10-52-13 | Processing comments page | article_url=https://www.dnes.bg/a/448-svobodno-vreme/723419-bivshiyat-prints-andryu-pod-lupa-za-seksualno-posegatelstvo-ot-2002-godina | comments_url=https://www.dnes.bg/a/448-svobodno-vreme/723419-bivshiyat-prints-andryu-pod-lupa-za-seksualno-posegatelstvo-ot-2002-godina/comments | expected_comment_count=1
2026-06-07 10:59:59 | INFO | dnes_bg_2026-06-07_10-52-13 | Parsed comments pages | article_url=https://www.dnes.bg/a/448-svobodno-vreme/723419-bivshiyat-prints-andryu-pod-lupa-za-seksualno-posegatelstvo-ot-2002-godina | parsed_comments=1 | expected_comments=1 | comments_pages=1
2026-06-07 10:59:59 | INFO | dnes_bg_2026-06-07_10-52-13 | Processing comments page | article_url=https://www.dnes.bg/a/448-svobodno-vreme/723392-sled-tri-sezona-euforiya-ofitsialno-priklyuchi | comments_url=https://www.dnes.bg/a/448-svobodno-vreme/723392-sled-tri-sezona-euforiya-ofitsialno-priklyuchi/comments | expected_comment_count=4
2026-06-07 11:00:04 | INFO | dnes_bg_2026-06-07_10-52-13 | Parsed comments pages | article_url=https://www.dnes.bg/a/448-svobodno-vreme/723392-sled-tri-sezona-euforiya-ofitsialno-priklyuchi | parsed_comments=3 | expected_comments=4 | comments_pages=1
2026-06-07 11:00:04 | INFO | dnes_bg_2026-06-07_10-52-13 | Processing comments page | article_url=https://www.dnes.bg/a/448-svobodno-vreme/723405-aap-rocky-idva-za-parvi-pat-v-balgariya | comments_url=https://www.dnes.bg/a/448-svobodno-vreme/723405-aap-rocky-idva-za-parvi-pat-v-balgariya/comments | expected_comment_count=2
2026-06-07 11:00:07 | INFO | dnes_bg_2026-06-07_10-52-13 | Parsed comments pages | article_url=https://www.dnes.bg/a/448-svobodno-vreme/723405-aap-rocky-idva-za-parvi-pat-v-balgariya | parsed_comments=2 | expected_comments=2 | comments_pages=1
2026-06-07 11:00:07 | INFO | dnes_bg_2026-06-07_10-52-13 | Processing comments page | article_url=https://www.dnes.bg/a/448-svobodno-vreme/723366-taro-prognoza-za-yuni-2026-mesets-na-lyubov-i-emotsionalni-obrati | comments_url=https://www.dnes.bg/a/448-svobodno-vreme/723366-taro-prognoza-za-yuni-2026-mesets-na-lyubov-i-emotsionalni-obrati/comments | expected_comment_count=5
2026-06-07 11:00:09 | INFO | dnes_bg_2026-06-07_10-52-13 | Parsed comments pages | article_url=https://www.dnes.bg/a/448-svobodno-vreme/723366-taro-prognoza-za-yuni-2026-mesets-na-lyubov-i-emotsionalni-obrati | parsed_comments=1 | expected_comments=5 | comments_pages=1
2026-06-07 11:00:09 | INFO | dnes_bg_2026-06-07_10-52-13 | Processing comments page | article_url=https://www.dnes.bg/a/448-svobodno-vreme/723332-100-g-ot-rozhdenieto-na-merilin-monro-kakvato-i-da-sam-az-sam-blondinka | comments_url=https://www.dnes.bg/a/448-svobodno-vreme/723332-100-g-ot-rozhdenieto-na-merilin-monro-kakvato-i-da-sam-az-sam-blondinka/comments | expected_comment_count=7
2026-06-07 11:00:11 | INFO | dnes_bg_2026-06-07_10-52-13 | Parsed comments pages | article_url=https://www.dnes.bg/a/448-svobodno-vreme/723332-100-g-ot-rozhdenieto-na-merilin-monro-kakvato-i-da-sam-az-sam-blondinka | parsed_comments=3 | expected_comments=7 | comments_pages=1
2026-06-07 11:00:11 | INFO | dnes_bg_2026-06-07_10-52-13 | Processing comments page | article_url=https://www.dnes.bg/a/448-svobodno-vreme/723322-morgan-friyman-na-89-roli-koito-ostavat-dalgo-sled-nadpisite | comments_url=https://www.dnes.bg/a/448-svobodno-vreme/723322-morgan-friyman-na-89-roli-koito-ostavat-dalgo-sled-nadpisite/comments | expected_comment_count=9
2026-06-07 11:00:14 | INFO | dnes_bg_2026-06-07_10-52-13 | Parsed comments pages | article_url=https://www.dnes.bg/a/448-svobodno-vreme/723322-morgan-friyman-na-89-roli-koito-ostavat-dalgo-sled-nadpisite | parsed_comments=9 | expected_comments=9 | comments_pages=1
2026-06-07 11:00:14 | INFO | dnes_bg_2026-06-07_10-52-13 | Processing comments page | article_url=https://www.dnes.bg/a/448-svobodno-vreme/722197-badi-live-s-dnesbg-spechelete-maska-i-dvoen-bilet-za-strashen-film | comments_url=https://www.dnes.bg/a/448-svobodno-vreme/722197-badi-live-s-dnesbg-spechelete-maska-i-dvoen-bilet-za-strashen-film/comments | expected_comment_count=4
2026-06-07 11:00:16 | INFO | dnes_bg_2026-06-07_10-52-13 | Parsed comments pages | article_url=https://www.dnes.bg/a/448-svobodno-vreme/722197-badi-live-s-dnesbg-spechelete-maska-i-dvoen-bilet-za-strashen-film | parsed_comments=3 | expected_comments=4 | comments_pages=1
2026-06-07 11:00:16 | INFO | dnes_bg_2026-06-07_10-52-13 | Skipping article with zero comments | article_url=https://www.dnes.bg/a/448-svobodno-vreme/723319-10-izvestni-dvoyki-koito-skasaha-no-prodalzhiha-da-igrayat-lyubovnitsi-na-ekrana
2026-06-07 11:00:16 | INFO | dnes_bg_2026-06-07_10-52-13 | Processing comments page | article_url=https://www.dnes.bg/a/448-svobodno-vreme/723303-dnes-zapochva-proletniyat-panair-na-knigata | comments_url=https://www.dnes.bg/a/448-svobodno-vreme/723303-dnes-zapochva-proletniyat-panair-na-knigata/comments | expected_comment_count=10
2026-06-07 11:00:19 | INFO | dnes_bg_2026-06-07_10-52-13 | Parsed comments pages | article_url=https://www.dnes.bg/a/448-svobodno-vreme/723303-dnes-zapochva-proletniyat-panair-na-knigata | parsed_comments=3 | expected_comments=10 | comments_pages=1
2026-06-07 11:00:19 | INFO | dnes_bg_2026-06-07_10-52-13 | Processing comments page | article_url=https://www.dnes.bg/a/448-svobodno-vreme/723302-denyat-na-deteto-v-sofiya-kade-kakvo-koga | comments_url=https://www.dnes.bg/a/448-svobodno-vreme/723302-denyat-na-deteto-v-sofiya-kade-kakvo-koga/comments | expected_comment_count=9
2026-06-07 11:00:22 | INFO | dnes_bg_2026-06-07_10-52-13 | Parsed comments pages | article_url=https://www.dnes.bg/a/448-svobodno-vreme/723302-denyat-na-deteto-v-sofiya-kade-kakvo-koga | parsed_comments=2 | expected_comments=9 | comments_pages=1
2026-06-07 11:00:22 | INFO | dnes_bg_2026-06-07_10-52-13 | Processing comments page | article_url=https://www.dnes.bg/a/448-svobodno-vreme/723299-otbelyazvame-sveti-duh-proslavya-se-svetata-zhivotvorna-troitsa | comments_url=https://www.dnes.bg/a/448-svobodno-vreme/723299-otbelyazvame-sveti-duh-proslavya-se-svetata-zhivotvorna-troitsa/comments | expected_comment_count=35
2026-06-07 11:00:25 | INFO | dnes_bg_2026-06-07_10-52-13 | Parsed comments pages | article_url=https://www.dnes.bg/a/448-svobodno-vreme/723299-otbelyazvame-sveti-duh-proslavya-se-svetata-zhivotvorna-troitsa | parsed_comments=7 | expected_comments=35 | comments_pages=1
2026-06-07 11:00:31 | INFO | dnes_bg_2026-06-07_10-52-13 | Processing category page | url=https://www.dnes.bg/c/448-svobodno-vreme?page=9
2026-06-07 11:00:31 | INFO | dnes_bg_2026-06-07_10-52-13 | Parsed category page | url=https://www.dnes.bg/c/448-svobodno-vreme?page=9 | articles_found=17
2026-06-07 11:00:31 | INFO | dnes_bg_2026-06-07_10-52-13 | Parsed category page | url=https://www.dnes.bg/c/448-svobodno-vreme?page=9 | articles_found=17
2026-06-07 11:00:31 | INFO | dnes_bg_2026-06-07_10-52-13 | Processing comments page | article_url=https://www.dnes.bg/a/448-svobodno-vreme/723229-koi-shte-sa-nay-hitovite-obuvki-za-lyato-2026 | comments_url=https://www.dnes.bg/a/448-svobodno-vreme/723229-koi-shte-sa-nay-hitovite-obuvki-za-lyato-2026/comments | expected_comment_count=8
2026-06-07 11:00:34 | INFO | dnes_bg_2026-06-07_10-52-13 | Parsed comments pages | article_url=https://www.dnes.bg/a/448-svobodno-vreme/723229-koi-shte-sa-nay-hitovite-obuvki-za-lyato-2026 | parsed_comments=4 | expected_comments=8 | comments_pages=1
2026-06-07 11:00:34 | INFO | dnes_bg_2026-06-07_10-52-13 | Processing comments page | article_url=https://www.dnes.bg/a/448-svobodno-vreme/723231-10-problema-vav-vrazkata-koito-zastrashavat-dori-nay-shtastlivite-dvoyki | comments_url=https://www.dnes.bg/a/448-svobodno-vreme/723231-10-problema-vav-vrazkata-koito-zastrashavat-dori-nay-shtastlivite-dvoyki/comments | expected_comment_count=13
2026-06-07 11:00:37 | INFO | dnes_bg_2026-06-07_10-52-13 | Parsed comments pages | article_url=https://www.dnes.bg/a/448-svobodno-vreme/723231-10-problema-vav-vrazkata-koito-zastrashavat-dori-nay-shtastlivite-dvoyki | parsed_comments=7 | expected_comments=13 | comments_pages=1
2026-06-07 11:00:37 | INFO | dnes_bg_2026-06-07_10-52-13 | Processing comments page | article_url=https://www.dnes.bg/a/448-svobodno-vreme/723205-retseptata-dnes-klasicheska-marinata-za-skara | comments_url=https://www.dnes.bg/a/448-svobodno-vreme/723205-retseptata-dnes-klasicheska-marinata-za-skara/comments | expected_comment_count=25
2026-06-07 11:00:42 | INFO | dnes_bg_2026-06-07_10-52-13 | Parsed comments pages | article_url=https://www.dnes.bg/a/448-svobodno-vreme/723205-retseptata-dnes-klasicheska-marinata-za-skara | parsed_comments=12 | expected_comments=25 | comments_pages=2
2026-06-07 11:00:42 | INFO | dnes_bg_2026-06-07_10-52-13 | Processing comments page | article_url=https://www.dnes.bg/a/448-svobodno-vreme/723206-ot-treva-do-ketchup-kak-da-spasite-lyubimite-drehi-na-deteto | comments_url=https://www.dnes.bg/a/448-svobodno-vreme/723206-ot-treva-do-ketchup-kak-da-spasite-lyubimite-drehi-na-deteto/comments | expected_comment_count=2
2026-06-07 11:00:44 | INFO | dnes_bg_2026-06-07_10-52-13 | Parsed comments pages | article_url=https://www.dnes.bg/a/448-svobodno-vreme/723206-ot-treva-do-ketchup-kak-da-spasite-lyubimite-drehi-na-deteto | parsed_comments=2 | expected_comments=2 | comments_pages=1
2026-06-07 11:00:44 | INFO | dnes_bg_2026-06-07_10-52-13 | Processing comments page | article_url=https://www.dnes.bg/a/448-svobodno-vreme/723227-rasel-krou-e-nay-sprihaviyat-v-holivud-ot-hvarlyaneto-na-telefon-po-portier-do-tiradata-mu-pred-fenove-chakashti-za-avtografi | comments_url=https://www.dnes.bg/a/448-svobodno-vreme/723227-rasel-krou-e-nay-sprihaviyat-v-holivud-ot-hvarlyaneto-na-telefon-po-portier-do-tiradata-mu-pred-fenove-chakashti-za-avtografi/comments | expected_comment_count=1
2026-06-07 11:00:46 | INFO | dnes_bg_2026-06-07_10-52-13 | Parsed comments pages | article_url=https://www.dnes.bg/a/448-svobodno-vreme/723227-rasel-krou-e-nay-sprihaviyat-v-holivud-ot-hvarlyaneto-na-telefon-po-portier-do-tiradata-mu-pred-fenove-chakashti-za-avtografi | parsed_comments=1 | expected_comments=1 | comments_pages=1
2026-06-07 11:00:46 | INFO | dnes_bg_2026-06-07_10-52-13 | Processing comments page | article_url=https://www.dnes.bg/a/448-svobodno-vreme/723207-kak-da-otseleem-na-gosti-pri-svekarvata | comments_url=https://www.dnes.bg/a/448-svobodno-vreme/723207-kak-da-otseleem-na-gosti-pri-svekarvata/comments | expected_comment_count=17
2026-06-07 11:00:52 | INFO | dnes_bg_2026-06-07_10-52-13 | Parsed comments pages | article_url=https://www.dnes.bg/a/448-svobodno-vreme/723207-kak-da-otseleem-na-gosti-pri-svekarvata | parsed_comments=14 | expected_comments=17 | comments_pages=2
2026-06-07 11:00:52 | INFO | dnes_bg_2026-06-07_10-52-13 | Processing comments page | article_url=https://www.dnes.bg/a/448-svobodno-vreme/723277-v-gartsiya-na-plazha-veche-ne-davat-chadar-sreshtu-edno-kafe | comments_url=https://www.dnes.bg/a/448-svobodno-vreme/723277-v-gartsiya-na-plazha-veche-ne-davat-chadar-sreshtu-edno-kafe/comments | expected_comment_count=65
2026-06-07 11:01:11 | INFO | dnes_bg_2026-06-07_10-52-13 | Parsed comments pages | article_url=https://www.dnes.bg/a/448-svobodno-vreme/723277-v-gartsiya-na-plazha-veche-ne-davat-chadar-sreshtu-edno-kafe | parsed_comments=61 | expected_comments=65 | comments_pages=7
2026-06-07 11:01:11 | INFO | dnes_bg_2026-06-07_10-52-13 | Processing comments page | article_url=https://www.dnes.bg/a/448-svobodno-vreme/723275-dnk-taynite-na-geniya-betoven-alkoholat-go-pogubil-gluhotata-e-ot-privnesen-gen | comments_url=https://www.dnes.bg/a/448-svobodno-vreme/723275-dnk-taynite-na-geniya-betoven-alkoholat-go-pogubil-gluhotata-e-ot-privnesen-gen/comments | expected_comment_count=9
2026-06-07 11:01:13 | INFO | dnes_bg_2026-06-07_10-52-13 | Parsed comments pages | article_url=https://www.dnes.bg/a/448-svobodno-vreme/723275-dnk-taynite-na-geniya-betoven-alkoholat-go-pogubil-gluhotata-e-ot-privnesen-gen | parsed_comments=9 | expected_comments=9 | comments_pages=1
2026-06-07 11:01:13 | INFO | dnes_bg_2026-06-07_10-52-13 | Processing comments page | article_url=https://www.dnes.bg/a/448-svobodno-vreme/723270-vodolazi-chistiha-morskoto-danoto-do-ostrov-sveta-anastasiya | comments_url=https://www.dnes.bg/a/448-svobodno-vreme/723270-vodolazi-chistiha-morskoto-danoto-do-ostrov-sveta-anastasiya/comments | expected_comment_count=5
2026-06-07 11:01:16 | INFO | dnes_bg_2026-06-07_10-52-13 | Parsed comments pages | article_url=https://www.dnes.bg/a/448-svobodno-vreme/723270-vodolazi-chistiha-morskoto-danoto-do-ostrov-sveta-anastasiya | parsed_comments=4 | expected_comments=5 | comments_pages=1
2026-06-07 11:01:16 | INFO | dnes_bg_2026-06-07_10-52-13 | Processing comments page | article_url=https://www.dnes.bg/a/448-svobodno-vreme/723269-pluvasht-v-okeana-amerikanets-se-natakna-na-droga-za-milioni | comments_url=https://www.dnes.bg/a/448-svobodno-vreme/723269-pluvasht-v-okeana-amerikanets-se-natakna-na-droga-za-milioni/comments | expected_comment_count=5
2026-06-07 11:01:19 | INFO | dnes_bg_2026-06-07_10-52-13 | Parsed comments pages | article_url=https://www.dnes.bg/a/448-svobodno-vreme/723269-pluvasht-v-okeana-amerikanets-se-natakna-na-droga-za-milioni | parsed_comments=4 | expected_comments=5 | comments_pages=1
2026-06-07 11:01:19 | INFO | dnes_bg_2026-06-07_10-52-13 | Processing comments page | article_url=https://www.dnes.bg/a/448-svobodno-vreme/723268-deyvid-bekam-poluchi-kokoshki-za-chrd-ot-viktoriya | comments_url=https://www.dnes.bg/a/448-svobodno-vreme/723268-deyvid-bekam-poluchi-kokoshki-za-chrd-ot-viktoriya/comments | expected_comment_count=16
2026-06-07 11:01:25 | INFO | dnes_bg_2026-06-07_10-52-13 | Parsed comments pages | article_url=https://www.dnes.bg/a/448-svobodno-vreme/723268-deyvid-bekam-poluchi-kokoshki-za-chrd-ot-viktoriya | parsed_comments=16 | expected_comments=16 | comments_pages=2
2026-06-07 11:01:25 | INFO | dnes_bg_2026-06-07_10-52-13 | Processing comments page | article_url=https://www.dnes.bg/a/1-bulgaria/723255-miloshev-nyama-da-ima-sakrashtenie-na-byudzheta-a-administrativna-reforma | comments_url=https://www.dnes.bg/a/1-bulgaria/723255-miloshev-nyama-da-ima-sakrashtenie-na-byudzheta-a-administrativna-reforma/comments | expected_comment_count=15
2026-06-07 11:01:27 | INFO | dnes_bg_2026-06-07_10-52-13 | Parsed comments pages | article_url=https://www.dnes.bg/a/1-bulgaria/723255-miloshev-nyama-da-ima-sakrashtenie-na-byudzheta-a-administrativna-reforma | parsed_comments=10 | expected_comments=15 | comments_pages=1
2026-06-07 11:01:27 | INFO | dnes_bg_2026-06-07_10-52-13 | Processing comments page | article_url=https://www.dnes.bg/a/448-svobodno-vreme/723265-sredizemnomorski-morski-tyuleni-okupiraha-peshtera-kray-antaliya | comments_url=https://www.dnes.bg/a/448-svobodno-vreme/723265-sredizemnomorski-morski-tyuleni-okupiraha-peshtera-kray-antaliya/comments | expected_comment_count=3
2026-06-07 11:01:29 | INFO | dnes_bg_2026-06-07_10-52-13 | Parsed comments pages | article_url=https://www.dnes.bg/a/448-svobodno-vreme/723265-sredizemnomorski-morski-tyuleni-okupiraha-peshtera-kray-antaliya | parsed_comments=3 | expected_comments=3 | comments_pages=1
2026-06-07 11:01:29 | INFO | dnes_bg_2026-06-07_10-52-13 | Processing comments page | article_url=https://www.dnes.bg/a/4-tehnologii/723259-teleskopat-na-nasa-dzheyms-ueb-otkri-planeta-sas-stranno-denonoshtie | comments_url=https://www.dnes.bg/a/4-tehnologii/723259-teleskopat-na-nasa-dzheyms-ueb-otkri-planeta-sas-stranno-denonoshtie/comments | expected_comment_count=9
2026-06-07 11:01:31 | INFO | dnes_bg_2026-06-07_10-52-13 | Parsed comments pages | article_url=https://www.dnes.bg/a/4-tehnologii/723259-teleskopat-na-nasa-dzheyms-ueb-otkri-planeta-sas-stranno-denonoshtie | parsed_comments=8 | expected_comments=9 | comments_pages=1
2026-06-07 11:01:31 | INFO | dnes_bg_2026-06-07_10-52-13 | Processing comments page | article_url=https://www.dnes.bg/a/448-svobodno-vreme/723256-legendata-franko-nero-be-otlichen-na-kinofestivala-zlatnata-lipa | comments_url=https://www.dnes.bg/a/448-svobodno-vreme/723256-legendata-franko-nero-be-otlichen-na-kinofestivala-zlatnata-lipa/comments | expected_comment_count=7
2026-06-07 11:01:33 | INFO | dnes_bg_2026-06-07_10-52-13 | Parsed comments pages | article_url=https://www.dnes.bg/a/448-svobodno-vreme/723256-legendata-franko-nero-be-otlichen-na-kinofestivala-zlatnata-lipa | parsed_comments=2 | expected_comments=7 | comments_pages=1
2026-06-07 11:01:33 | INFO | dnes_bg_2026-06-07_10-52-13 | Processing comments page | article_url=https://www.dnes.bg/a/448-svobodno-vreme/723252-moshtno-dvizhenie-na-topli-vodi-v-tihiya-okean-veshtae-nov-el-ninyo | comments_url=https://www.dnes.bg/a/448-svobodno-vreme/723252-moshtno-dvizhenie-na-topli-vodi-v-tihiya-okean-veshtae-nov-el-ninyo/comments | expected_comment_count=5
2026-06-07 11:01:35 | INFO | dnes_bg_2026-06-07_10-52-13 | Parsed comments pages | article_url=https://www.dnes.bg/a/448-svobodno-vreme/723252-moshtno-dvizhenie-na-topli-vodi-v-tihiya-okean-veshtae-nov-el-ninyo | parsed_comments=4 | expected_comments=5 | comments_pages=1
2026-06-07 11:01:35 | INFO | dnes_bg_2026-06-07_10-52-13 | Processing comments page | article_url=https://www.dnes.bg/a/448-svobodno-vreme/723249-donald-tramp-za-boykota-az-sam-nay-velikiyat-po-golyam-ot-elvis-v-raztsveta-mu | comments_url=https://www.dnes.bg/a/448-svobodno-vreme/723249-donald-tramp-za-boykota-az-sam-nay-velikiyat-po-golyam-ot-elvis-v-raztsveta-mu/comments | expected_comment_count=189
2026-06-07 11:02:13 | WARNING | dnes_bg_2026-06-07_10-52-13 | Skipping comment with empty content | index=15
2026-06-07 11:02:16 | INFO | dnes_bg_2026-06-07_10-52-13 | Parsed comments pages | article_url=https://www.dnes.bg/a/448-svobodno-vreme/723249-donald-tramp-za-boykota-az-sam-nay-velikiyat-po-golyam-ot-elvis-v-raztsveta-mu | parsed_comments=150 | expected_comments=189 | comments_pages=16
2026-06-07 11:02:23 | INFO | dnes_bg_2026-06-07_10-52-13 | Processing category page | url=https://www.dnes.bg/c/448-svobodno-vreme?page=10
2026-06-07 11:02:23 | INFO | dnes_bg_2026-06-07_10-52-13 | Parsed category page | url=https://www.dnes.bg/c/448-svobodno-vreme?page=10 | articles_found=17
2026-06-07 11:02:23 | INFO | dnes_bg_2026-06-07_10-52-13 | Parsed category page | url=https://www.dnes.bg/c/448-svobodno-vreme?page=10 | articles_found=17
2026-06-07 11:02:23 | INFO | dnes_bg_2026-06-07_10-52-13 | Processing comments page | article_url=https://www.dnes.bg/a/448-svobodno-vreme/723244-nad-100-naivisti-ot-22-darzhavi-si-davat-sreshta-v-sofiya | comments_url=https://www.dnes.bg/a/448-svobodno-vreme/723244-nad-100-naivisti-ot-22-darzhavi-si-davat-sreshta-v-sofiya/comments | expected_comment_count=10
2026-06-07 11:02:25 | INFO | dnes_bg_2026-06-07_10-52-13 | Parsed comments pages | article_url=https://www.dnes.bg/a/448-svobodno-vreme/723244-nad-100-naivisti-ot-22-darzhavi-si-davat-sreshta-v-sofiya | parsed_comments=5 | expected_comments=10 | comments_pages=1
2026-06-07 11:02:25 | INFO | dnes_bg_2026-06-07_10-52-13 | Processing comments page | article_url=https://www.dnes.bg/a/448-svobodno-vreme/723242-dnes-e-petdesetnitsa-poveriya-traditsii-i-zabrani | comments_url=https://www.dnes.bg/a/448-svobodno-vreme/723242-dnes-e-petdesetnitsa-poveriya-traditsii-i-zabrani/comments | expected_comment_count=31
2026-06-07 11:02:27 | INFO | dnes_bg_2026-06-07_10-52-13 | Parsed comments pages | article_url=https://www.dnes.bg/a/448-svobodno-vreme/723242-dnes-e-petdesetnitsa-poveriya-traditsii-i-zabrani | parsed_comments=9 | expected_comments=31 | comments_pages=1
2026-06-07 11:02:27 | INFO | dnes_bg_2026-06-07_10-52-13 | Processing comments page | article_url=https://www.dnes.bg/a/448-svobodno-vreme/723241-100-godini-ot-rozhdenieto-na-merilin-monro-otbelyazvat-v-narodniya-teatar | comments_url=https://www.dnes.bg/a/448-svobodno-vreme/723241-100-godini-ot-rozhdenieto-na-merilin-monro-otbelyazvat-v-narodniya-teatar/comments | expected_comment_count=27
2026-06-07 11:02:32 | INFO | dnes_bg_2026-06-07_10-52-13 | Parsed comments pages | article_url=https://www.dnes.bg/a/448-svobodno-vreme/723241-100-godini-ot-rozhdenieto-na-merilin-monro-otbelyazvat-v-narodniya-teatar | parsed_comments=16 | expected_comments=27 | comments_pages=2
2026-06-07 11:02:32 | INFO | dnes_bg_2026-06-07_10-52-13 | Processing comments page | article_url=https://www.dnes.bg/a/2-svyat/723238-31-may-e-svetoven-den-bez-tyutyunopushene-vklyuchete-se | comments_url=https://www.dnes.bg/a/2-svyat/723238-31-may-e-svetoven-den-bez-tyutyunopushene-vklyuchete-se/comments | expected_comment_count=31
2026-06-07 11:02:36 | INFO | dnes_bg_2026-06-07_10-52-13 | Parsed comments pages | article_url=https://www.dnes.bg/a/2-svyat/723238-31-may-e-svetoven-den-bez-tyutyunopushene-vklyuchete-se | parsed_comments=11 | expected_comments=31 | comments_pages=2
2026-06-07 11:02:36 | INFO | dnes_bg_2026-06-07_10-52-13 | Processing comments page | article_url=https://www.dnes.bg/a/448-svobodno-vreme/723237-konna-politsiya-i-kucheta-mitnichari-na-detsko-izlozhenie-v-sofiya | comments_url=https://www.dnes.bg/a/448-svobodno-vreme/723237-konna-politsiya-i-kucheta-mitnichari-na-detsko-izlozhenie-v-sofiya/comments | expected_comment_count=11
2026-06-07 11:02:39 | INFO | dnes_bg_2026-06-07_10-52-13 | Parsed comments pages | article_url=https://www.dnes.bg/a/448-svobodno-vreme/723237-konna-politsiya-i-kucheta-mitnichari-na-detsko-izlozhenie-v-sofiya | parsed_comments=1 | expected_comments=11 | comments_pages=1
2026-06-07 11:02:39 | INFO | dnes_bg_2026-06-07_10-52-13 | Processing comments page | article_url=https://www.dnes.bg/a/558-vremeto/723236-dnes-shte-e-slanchevo-i-toplo-kratkotrayni-valezhi-sledobed | comments_url=https://www.dnes.bg/a/558-vremeto/723236-dnes-shte-e-slanchevo-i-toplo-kratkotrayni-valezhi-sledobed/comments | expected_comment_count=8
2026-06-07 11:02:41 | INFO | dnes_bg_2026-06-07_10-52-13 | Parsed comments pages | article_url=https://www.dnes.bg/a/558-vremeto/723236-dnes-shte-e-slanchevo-i-toplo-kratkotrayni-valezhi-sledobed | parsed_comments=1 | expected_comments=8 | comments_pages=1
2026-06-07 11:02:41 | INFO | dnes_bg_2026-06-07_10-52-13 | Processing comments page | article_url=https://www.dnes.bg/a/448-svobodno-vreme/723234-dara-otvori-nov-pat-za-balgarskata-muzika | comments_url=https://www.dnes.bg/a/448-svobodno-vreme/723234-dara-otvori-nov-pat-za-balgarskata-muzika/comments | expected_comment_count=53
2026-06-07 11:02:49 | INFO | dnes_bg_2026-06-07_10-52-13 | Parsed comments pages | article_url=https://www.dnes.bg/a/448-svobodno-vreme/723234-dara-otvori-nov-pat-za-balgarskata-muzika | parsed_comments=37 | expected_comments=53 | comments_pages=4
2026-06-07 11:02:49 | INFO | dnes_bg_2026-06-07_10-52-13 | Processing comments page | article_url=https://www.dnes.bg/a/448-svobodno-vreme/723228-lyubovnata-istoriya-na-kart-rasel-i-goldi-houn | comments_url=https://www.dnes.bg/a/448-svobodno-vreme/723228-lyubovnata-istoriya-na-kart-rasel-i-goldi-houn/comments | expected_comment_count=6
2026-06-07 11:02:52 | INFO | dnes_bg_2026-06-07_10-52-13 | Parsed comments pages | article_url=https://www.dnes.bg/a/448-svobodno-vreme/723228-lyubovnata-istoriya-na-kart-rasel-i-goldi-houn | parsed_comments=3 | expected_comments=6 | comments_pages=1
2026-06-07 11:02:52 | INFO | dnes_bg_2026-06-07_10-52-13 | Processing comments page | article_url=https://www.dnes.bg/a/448-svobodno-vreme/723144-zashto-dvoykite-se-provalyat-v-legloto-greshkata-koyato-pravyat-povecheto-partnyori | comments_url=https://www.dnes.bg/a/448-svobodno-vreme/723144-zashto-dvoykite-se-provalyat-v-legloto-greshkata-koyato-pravyat-povecheto-partnyori/comments | expected_comment_count=8
2026-06-07 11:02:54 | INFO | dnes_bg_2026-06-07_10-52-13 | Parsed comments pages | article_url=https://www.dnes.bg/a/448-svobodno-vreme/723144-zashto-dvoykite-se-provalyat-v-legloto-greshkata-koyato-pravyat-povecheto-partnyori | parsed_comments=5 | expected_comments=8 | comments_pages=1
2026-06-07 11:02:54 | INFO | dnes_bg_2026-06-07_10-52-13 | Processing comments page | article_url=https://www.dnes.bg/a/448-svobodno-vreme/723187-adam-sandlar-zasrami-saprugata-si-na-neynata-vazhna-filmova-premiera | comments_url=https://www.dnes.bg/a/448-svobodno-vreme/723187-adam-sandlar-zasrami-saprugata-si-na-neynata-vazhna-filmova-premiera/comments | expected_comment_count=5
2026-06-07 11:02:57 | INFO | dnes_bg_2026-06-07_10-52-13 | Parsed comments pages | article_url=https://www.dnes.bg/a/448-svobodno-vreme/723187-adam-sandlar-zasrami-saprugata-si-na-neynata-vazhna-filmova-premiera | parsed_comments=3 | expected_comments=5 | comments_pages=1
2026-06-07 11:02:57 | INFO | dnes_bg_2026-06-07_10-52-13 | Processing comments page | article_url=https://www.dnes.bg/a/448-svobodno-vreme/723186-sindi-krauford-spodeli-za-zdravosloven-problem-koyto-tayno-ya-machi-ot-10-godini | comments_url=https://www.dnes.bg/a/448-svobodno-vreme/723186-sindi-krauford-spodeli-za-zdravosloven-problem-koyto-tayno-ya-machi-ot-10-godini/comments | expected_comment_count=2
2026-06-07 11:02:59 | INFO | dnes_bg_2026-06-07_10-52-13 | Parsed comments pages | article_url=https://www.dnes.bg/a/448-svobodno-vreme/723186-sindi-krauford-spodeli-za-zdravosloven-problem-koyto-tayno-ya-machi-ot-10-godini | parsed_comments=1 | expected_comments=2 | comments_pages=1
2026-06-07 11:02:59 | INFO | dnes_bg_2026-06-07_10-52-13 | Processing comments page | article_url=https://www.dnes.bg/a/448-svobodno-vreme/723189-5-lesni-nachina-da-prigotvite-bulgur | comments_url=https://www.dnes.bg/a/448-svobodno-vreme/723189-5-lesni-nachina-da-prigotvite-bulgur/comments | expected_comment_count=14
2026-06-07 11:03:02 | INFO | dnes_bg_2026-06-07_10-52-13 | Parsed comments pages | article_url=https://www.dnes.bg/a/448-svobodno-vreme/723189-5-lesni-nachina-da-prigotvite-bulgur | parsed_comments=10 | expected_comments=14 | comments_pages=1
2026-06-07 11:03:02 | INFO | dnes_bg_2026-06-07_10-52-13 | Processing comments page | article_url=https://www.dnes.bg/a/448-svobodno-vreme/723185-sled-razvoda-printsesa-tatyana-ima-vrazka-s-milioner-ot-meksiko | comments_url=https://www.dnes.bg/a/448-svobodno-vreme/723185-sled-razvoda-printsesa-tatyana-ima-vrazka-s-milioner-ot-meksiko/comments | expected_comment_count=8
2026-06-07 11:03:04 | INFO | dnes_bg_2026-06-07_10-52-13 | Parsed comments pages | article_url=https://www.dnes.bg/a/448-svobodno-vreme/723185-sled-razvoda-printsesa-tatyana-ima-vrazka-s-milioner-ot-meksiko | parsed_comments=6 | expected_comments=8 | comments_pages=1
2026-06-07 11:03:04 | INFO | dnes_bg_2026-06-07_10-52-13 | Processing comments page | article_url=https://www.dnes.bg/a/448-svobodno-vreme/723203-franko-nero-pred-bulgaria-on-air-vyarvam-che-imam-kasmet | comments_url=https://www.dnes.bg/a/448-svobodno-vreme/723203-franko-nero-pred-bulgaria-on-air-vyarvam-che-imam-kasmet/comments | expected_comment_count=1
2026-06-07 11:03:06 | INFO | dnes_bg_2026-06-07_10-52-13 | Parsed comments pages | article_url=https://www.dnes.bg/a/448-svobodno-vreme/723203-franko-nero-pred-bulgaria-on-air-vyarvam-che-imam-kasmet | parsed_comments=1 | expected_comments=1 | comments_pages=1
2026-06-07 11:03:06 | INFO | dnes_bg_2026-06-07_10-52-13 | Processing comments page | article_url=https://www.dnes.bg/a/2-svyat/723191-kinoindustriyata-v-traur-pochina-marsiya-lukas-na-80-godishna-vazrast | comments_url=https://www.dnes.bg/a/2-svyat/723191-kinoindustriyata-v-traur-pochina-marsiya-lukas-na-80-godishna-vazrast/comments | expected_comment_count=1
2026-06-07 11:03:08 | INFO | dnes_bg_2026-06-07_10-52-13 | Parsed comments pages | article_url=https://www.dnes.bg/a/2-svyat/723191-kinoindustriyata-v-traur-pochina-marsiya-lukas-na-80-godishna-vazrast | parsed_comments=0 | expected_comments=1 | comments_pages=1
2026-06-07 11:03:08 | INFO | dnes_bg_2026-06-07_10-52-13 | Processing comments page | article_url=https://www.dnes.bg/a/448-svobodno-vreme/723141-7-byudzhetni-podaraka-za-den-na-deteto | comments_url=https://www.dnes.bg/a/448-svobodno-vreme/723141-7-byudzhetni-podaraka-za-den-na-deteto/comments | expected_comment_count=6
2026-06-07 11:03:10 | INFO | dnes_bg_2026-06-07_10-52-13 | Parsed comments pages | article_url=https://www.dnes.bg/a/448-svobodno-vreme/723141-7-byudzhetni-podaraka-za-den-na-deteto | parsed_comments=3 | expected_comments=6 | comments_pages=1
2026-06-07 11:03:10 | INFO | dnes_bg_2026-06-07_10-52-13 | Processing comments page | article_url=https://www.dnes.bg/a/448-svobodno-vreme/723145-retseptata-dnes-italianska-torta-nua | comments_url=https://www.dnes.bg/a/448-svobodno-vreme/723145-retseptata-dnes-italianska-torta-nua/comments | expected_comment_count=2
2026-06-07 11:03:13 | INFO | dnes_bg_2026-06-07_10-52-13 | Parsed comments pages | article_url=https://www.dnes.bg/a/448-svobodno-vreme/723145-retseptata-dnes-italianska-torta-nua | parsed_comments=0 | expected_comments=2 | comments_pages=1
2026-06-07 11:03:20 | INFO | dnes_bg_2026-06-07_10-52-13 | Processing category page | url=https://www.dnes.bg/c/448-svobodno-vreme?page=11
2026-06-07 11:03:20 | INFO | dnes_bg_2026-06-07_10-52-13 | Parsed category page | url=https://www.dnes.bg/c/448-svobodno-vreme?page=11 | articles_found=17
2026-06-07 11:03:20 | INFO | dnes_bg_2026-06-07_10-52-13 | Parsed category page | url=https://www.dnes.bg/c/448-svobodno-vreme?page=11 | articles_found=17
2026-06-07 11:03:20 | INFO | dnes_bg_2026-06-07_10-52-13 | Processing comments page | article_url=https://www.dnes.bg/a/448-svobodno-vreme/723036-tendentsiite-koito-prevzemat-prolet-lyato-2026 | comments_url=https://www.dnes.bg/a/448-svobodno-vreme/723036-tendentsiite-koito-prevzemat-prolet-lyato-2026/comments | expected_comment_count=5
2026-06-07 11:03:21 | INFO | dnes_bg_2026-06-07_10-52-13 | Parsed comments pages | article_url=https://www.dnes.bg/a/448-svobodno-vreme/723036-tendentsiite-koito-prevzemat-prolet-lyato-2026 | parsed_comments=1 | expected_comments=5 | comments_pages=1
2026-06-07 11:03:21 | INFO | dnes_bg_2026-06-07_10-52-13 | Processing comments page | article_url=https://www.dnes.bg/a/448-svobodno-vreme/723039-pol-makkartni-s-album-za-godinite-predi-biytals | comments_url=https://www.dnes.bg/a/448-svobodno-vreme/723039-pol-makkartni-s-album-za-godinite-predi-biytals/comments | expected_comment_count=4
2026-06-07 11:03:25 | INFO | dnes_bg_2026-06-07_10-52-13 | Parsed comments pages | article_url=https://www.dnes.bg/a/448-svobodno-vreme/723039-pol-makkartni-s-album-za-godinite-predi-biytals | parsed_comments=4 | expected_comments=4 | comments_pages=1
2026-06-07 11:03:25 | INFO | dnes_bg_2026-06-07_10-52-13 | Processing comments page | article_url=https://www.dnes.bg/a/448-svobodno-vreme/723068-nataliya-vodyanova-ot-bednoto-detstvo-v-rusiya-do-topmodel-i-brak-s-miliarder | comments_url=https://www.dnes.bg/a/448-svobodno-vreme/723068-nataliya-vodyanova-ot-bednoto-detstvo-v-rusiya-do-topmodel-i-brak-s-miliarder/comments | expected_comment_count=14
2026-06-07 11:03:31 | INFO | dnes_bg_2026-06-07_10-52-13 | Parsed comments pages | article_url=https://www.dnes.bg/a/448-svobodno-vreme/723068-nataliya-vodyanova-ot-bednoto-detstvo-v-rusiya-do-topmodel-i-brak-s-miliarder | parsed_comments=11 | expected_comments=14 | comments_pages=2
2026-06-07 11:03:31 | INFO | dnes_bg_2026-06-07_10-52-13 | Processing comments page | article_url=https://www.dnes.bg/a/448-svobodno-vreme/723072-kim-kardashyan-i-lyuis-hamiltan-sreshtnaha-maykite-si | comments_url=https://www.dnes.bg/a/448-svobodno-vreme/723072-kim-kardashyan-i-lyuis-hamiltan-sreshtnaha-maykite-si/comments | expected_comment_count=6
2026-06-07 11:03:34 | INFO | dnes_bg_2026-06-07_10-52-13 | Parsed comments pages | article_url=https://www.dnes.bg/a/448-svobodno-vreme/723072-kim-kardashyan-i-lyuis-hamiltan-sreshtnaha-maykite-si | parsed_comments=3 | expected_comments=6 | comments_pages=1
2026-06-07 11:03:34 | INFO | dnes_bg_2026-06-07_10-52-13 | Processing comments page | article_url=https://www.dnes.bg/a/448-svobodno-vreme/723033-dzhenifar-lopes-e-shtastliva-v-novoto-si-barbi-zhilishte | comments_url=https://www.dnes.bg/a/448-svobodno-vreme/723033-dzhenifar-lopes-e-shtastliva-v-novoto-si-barbi-zhilishte/comments | expected_comment_count=18
2026-06-07 11:03:36 | INFO | dnes_bg_2026-06-07_10-52-13 | Parsed comments pages | article_url=https://www.dnes.bg/a/448-svobodno-vreme/723033-dzhenifar-lopes-e-shtastliva-v-novoto-si-barbi-zhilishte | parsed_comments=4 | expected_comments=18 | comments_pages=1
2026-06-07 11:03:36 | INFO | dnes_bg_2026-06-07_10-52-13 | Processing comments page | article_url=https://www.dnes.bg/a/448-svobodno-vreme/723038-emiliya-klark-prizna-che-zamrazila-yaytsekletkite-si-na-35-g | comments_url=https://www.dnes.bg/a/448-svobodno-vreme/723038-emiliya-klark-prizna-che-zamrazila-yaytsekletkite-si-na-35-g/comments | expected_comment_count=3
2026-06-07 11:03:38 | INFO | dnes_bg_2026-06-07_10-52-13 | Parsed comments pages | article_url=https://www.dnes.bg/a/448-svobodno-vreme/723038-emiliya-klark-prizna-che-zamrazila-yaytsekletkite-si-na-35-g | parsed_comments=2 | expected_comments=3 | comments_pages=1
2026-06-07 11:03:38 | INFO | dnes_bg_2026-06-07_10-52-13 | Processing comments page | article_url=https://www.dnes.bg/a/448-svobodno-vreme/723076-megan-markal-se-otegchi-ot-kralskite-drami-distantsira-se-ot-prints-hari | comments_url=https://www.dnes.bg/a/448-svobodno-vreme/723076-megan-markal-se-otegchi-ot-kralskite-drami-distantsira-se-ot-prints-hari/comments | expected_comment_count=12
2026-06-07 11:03:40 | INFO | dnes_bg_2026-06-07_10-52-13 | Parsed comments pages | article_url=https://www.dnes.bg/a/448-svobodno-vreme/723076-megan-markal-se-otegchi-ot-kralskite-drami-distantsira-se-ot-prints-hari | parsed_comments=9 | expected_comments=12 | comments_pages=1
2026-06-07 11:03:40 | INFO | dnes_bg_2026-06-07_10-52-13 | Skipping article with zero comments | article_url=https://www.dnes.bg/a/448-svobodno-vreme/723074-5-lesni-i-vkusni-italianski-retsepti-na-stenli-tuchi-ot-dyavolat-nosi-prada
2026-06-07 11:03:40 | INFO | dnes_bg_2026-06-07_10-52-13 | Processing comments page | article_url=https://www.dnes.bg/a/448-svobodno-vreme/723008-greshki-pri-otglezhdaneto-na-rozi-koito-sasipvat-tsaftezha | comments_url=https://www.dnes.bg/a/448-svobodno-vreme/723008-greshki-pri-otglezhdaneto-na-rozi-koito-sasipvat-tsaftezha/comments | expected_comment_count=1
2026-06-07 11:03:42 | INFO | dnes_bg_2026-06-07_10-52-13 | Parsed comments pages | article_url=https://www.dnes.bg/a/448-svobodno-vreme/723008-greshki-pri-otglezhdaneto-na-rozi-koito-sasipvat-tsaftezha | parsed_comments=1 | expected_comments=1 | comments_pages=1
2026-06-07 11:03:42 | INFO | dnes_bg_2026-06-07_10-52-13 | Processing comments page | article_url=https://www.dnes.bg/a/448-svobodno-vreme/723069-dashteryata-na-brus-uilis-s-tezhki-obvineniya-sreshtu-bivshiya-si | comments_url=https://www.dnes.bg/a/448-svobodno-vreme/723069-dashteryata-na-brus-uilis-s-tezhki-obvineniya-sreshtu-bivshiya-si/comments | expected_comment_count=3
2026-06-07 11:03:44 | INFO | dnes_bg_2026-06-07_10-52-13 | Parsed comments pages | article_url=https://www.dnes.bg/a/448-svobodno-vreme/723069-dashteryata-na-brus-uilis-s-tezhki-obvineniya-sreshtu-bivshiya-si | parsed_comments=2 | expected_comments=3 | comments_pages=1
2026-06-07 11:03:44 | INFO | dnes_bg_2026-06-07_10-52-13 | Skipping article with zero comments | article_url=https://www.dnes.bg/a/448-svobodno-vreme/723143-direktorat-na-natsionalniya-teatar-na-belgiya-tryabva-da-poemame-riskove
2026-06-07 11:03:44 | INFO | dnes_bg_2026-06-07_10-52-13 | Processing comments page | article_url=https://www.dnes.bg/a/448-svobodno-vreme/723034-eysa-grisho-gonsales-mechtae-da-se-snima-v-romantichna-komediya | comments_url=https://www.dnes.bg/a/448-svobodno-vreme/723034-eysa-grisho-gonsales-mechtae-da-se-snima-v-romantichna-komediya/comments | expected_comment_count=10
2026-06-07 11:03:46 | INFO | dnes_bg_2026-06-07_10-52-13 | Parsed comments pages | article_url=https://www.dnes.bg/a/448-svobodno-vreme/723034-eysa-grisho-gonsales-mechtae-da-se-snima-v-romantichna-komediya | parsed_comments=10 | expected_comments=10 | comments_pages=1
2026-06-07 11:03:46 | INFO | dnes_bg_2026-06-07_10-52-13 | Processing comments page | article_url=https://www.dnes.bg/a/448-svobodno-vreme/723109-brad-pit-s-golyama-sadebna-pobeda-sreshtu-andzhelina-dzholi | comments_url=https://www.dnes.bg/a/448-svobodno-vreme/723109-brad-pit-s-golyama-sadebna-pobeda-sreshtu-andzhelina-dzholi/comments | expected_comment_count=8
2026-06-07 11:03:47 | INFO | dnes_bg_2026-06-07_10-52-13 | Parsed comments pages | article_url=https://www.dnes.bg/a/448-svobodno-vreme/723109-brad-pit-s-golyama-sadebna-pobeda-sreshtu-andzhelina-dzholi | parsed_comments=1 | expected_comments=8 | comments_pages=1
2026-06-07 11:03:47 | INFO | dnes_bg_2026-06-07_10-52-13 | Skipping article with zero comments | article_url=https://www.dnes.bg/a/448-svobodno-vreme/723106-high-vis-i-scarlet-izlizat-na-stsenata-na-city-stage
2026-06-07 11:03:47 | INFO | dnes_bg_2026-06-07_10-52-13 | Processing comments page | article_url=https://www.dnes.bg/a/448-svobodno-vreme/723086-debyutniyat-roman-na-kremena-kuneva-tragva-kam-chitatelite | comments_url=https://www.dnes.bg/a/448-svobodno-vreme/723086-debyutniyat-roman-na-kremena-kuneva-tragva-kam-chitatelite/comments | expected_comment_count=3
2026-06-07 11:03:49 | INFO | dnes_bg_2026-06-07_10-52-13 | Parsed comments pages | article_url=https://www.dnes.bg/a/448-svobodno-vreme/723086-debyutniyat-roman-na-kremena-kuneva-tragva-kam-chitatelite | parsed_comments=1 | expected_comments=3 | comments_pages=1
2026-06-07 11:03:49 | INFO | dnes_bg_2026-06-07_10-52-13 | Processing comments page | article_url=https://www.dnes.bg/a/448-svobodno-vreme/723007-keks-s-chereshi-za-zadushnitsa | comments_url=https://www.dnes.bg/a/448-svobodno-vreme/723007-keks-s-chereshi-za-zadushnitsa/comments | expected_comment_count=14
2026-06-07 11:03:51 | INFO | dnes_bg_2026-06-07_10-52-13 | Parsed comments pages | article_url=https://www.dnes.bg/a/448-svobodno-vreme/723007-keks-s-chereshi-za-zadushnitsa | parsed_comments=5 | expected_comments=14 | comments_pages=1
2026-06-07 11:03:51 | INFO | dnes_bg_2026-06-07_10-52-13 | Processing comments page | article_url=https://www.dnes.bg/a/448-svobodno-vreme/723029-chovekat-udaril-fatalnata-doza-na-matyu-peri-vliza-za-35-g-v-zatvora | comments_url=https://www.dnes.bg/a/448-svobodno-vreme/723029-chovekat-udaril-fatalnata-doza-na-matyu-peri-vliza-za-35-g-v-zatvora/comments | expected_comment_count=19
2026-06-07 11:03:53 | INFO | dnes_bg_2026-06-07_10-52-13 | Parsed comments pages | article_url=https://www.dnes.bg/a/448-svobodno-vreme/723029-chovekat-udaril-fatalnata-doza-na-matyu-peri-vliza-za-35-g-v-zatvora | parsed_comments=5 | expected_comments=19 | comments_pages=1
2026-06-07 11:04:00 | INFO | dnes_bg_2026-06-07_10-52-13 | Processing category page | url=https://www.dnes.bg/c/448-svobodno-vreme?page=12
2026-06-07 11:04:00 | INFO | dnes_bg_2026-06-07_10-52-13 | Parsed category page | url=https://www.dnes.bg/c/448-svobodno-vreme?page=12 | articles_found=17
2026-06-07 11:04:00 | INFO | dnes_bg_2026-06-07_10-52-13 | Parsed category page | url=https://www.dnes.bg/c/448-svobodno-vreme?page=12 | articles_found=17
2026-06-07 11:04:00 | INFO | dnes_bg_2026-06-07_10-52-13 | Processing comments page | article_url=https://www.dnes.bg/a/448-svobodno-vreme/722910-piyt-deyvidsan-i-elsi-hyuit-se-razdelili-zashtoto-bili-prekaleno-razlichni | comments_url=https://www.dnes.bg/a/448-svobodno-vreme/722910-piyt-deyvidsan-i-elsi-hyuit-se-razdelili-zashtoto-bili-prekaleno-razlichni/comments | expected_comment_count=38
2026-06-07 11:04:02 | INFO | dnes_bg_2026-06-07_10-52-13 | Parsed comments pages | article_url=https://www.dnes.bg/a/448-svobodno-vreme/722910-piyt-deyvidsan-i-elsi-hyuit-se-razdelili-zashtoto-bili-prekaleno-razlichni | parsed_comments=4 | expected_comments=38 | comments_pages=1
2026-06-07 11:04:02 | INFO | dnes_bg_2026-06-07_10-52-13 | Processing comments page | article_url=https://www.dnes.bg/a/448-svobodno-vreme/722839-zashto-vrazkite-sled-40-sa-po-stabilni-no-i-po-slozhni | comments_url=https://www.dnes.bg/a/448-svobodno-vreme/722839-zashto-vrazkite-sled-40-sa-po-stabilni-no-i-po-slozhni/comments | expected_comment_count=22
2026-06-07 11:04:04 | INFO | dnes_bg_2026-06-07_10-52-13 | Parsed comments pages | article_url=https://www.dnes.bg/a/448-svobodno-vreme/722839-zashto-vrazkite-sled-40-sa-po-stabilni-no-i-po-slozhni | parsed_comments=9 | expected_comments=22 | comments_pages=1
2026-06-07 11:04:04 | INFO | dnes_bg_2026-06-07_10-52-13 | Processing comments page | article_url=https://www.dnes.bg/a/448-svobodno-vreme/722908-dzhey-lo-izumi-sas-seksi-roklya | comments_url=https://www.dnes.bg/a/448-svobodno-vreme/722908-dzhey-lo-izumi-sas-seksi-roklya/comments | expected_comment_count=12
2026-06-07 11:04:07 | INFO | dnes_bg_2026-06-07_10-52-13 | Parsed comments pages | article_url=https://www.dnes.bg/a/448-svobodno-vreme/722908-dzhey-lo-izumi-sas-seksi-roklya | parsed_comments=5 | expected_comments=12 | comments_pages=1
2026-06-07 11:04:07 | INFO | dnes_bg_2026-06-07_10-52-13 | Skipping article with zero comments | article_url=https://www.dnes.bg/a/448-svobodno-vreme/722841-modni-kombinatsii-s-danki-za-razlichni-povodi
2026-06-07 11:04:07 | INFO | dnes_bg_2026-06-07_10-52-13 | Processing comments page | article_url=https://www.dnes.bg/a/448-svobodno-vreme/722907-hilari-daf-ne-iska-poveche-detsa | comments_url=https://www.dnes.bg/a/448-svobodno-vreme/722907-hilari-daf-ne-iska-poveche-detsa/comments | expected_comment_count=3
2026-06-07 11:04:10 | INFO | dnes_bg_2026-06-07_10-52-13 | Parsed comments pages | article_url=https://www.dnes.bg/a/448-svobodno-vreme/722907-hilari-daf-ne-iska-poveche-detsa | parsed_comments=3 | expected_comments=3 | comments_pages=1
2026-06-07 11:04:10 | INFO | dnes_bg_2026-06-07_10-52-13 | Processing comments page | article_url=https://www.dnes.bg/a/448-svobodno-vreme/722909-futbolistat-ruben-dias-zadyaval-modelki-dokato-bil-s-maya-dzhama | comments_url=https://www.dnes.bg/a/448-svobodno-vreme/722909-futbolistat-ruben-dias-zadyaval-modelki-dokato-bil-s-maya-dzhama/comments | expected_comment_count=8
2026-06-07 11:04:13 | INFO | dnes_bg_2026-06-07_10-52-13 | Parsed comments pages | article_url=https://www.dnes.bg/a/448-svobodno-vreme/722909-futbolistat-ruben-dias-zadyaval-modelki-dokato-bil-s-maya-dzhama | parsed_comments=5 | expected_comments=8 | comments_pages=1
2026-06-07 11:04:13 | INFO | dnes_bg_2026-06-07_10-52-13 | Processing comments page | article_url=https://www.dnes.bg/a/448-svobodno-vreme/722925-printsesa-radzhva-ot-yordaniya-siyae-v-gratska-roklya | comments_url=https://www.dnes.bg/a/448-svobodno-vreme/722925-printsesa-radzhva-ot-yordaniya-siyae-v-gratska-roklya/comments | expected_comment_count=1
2026-06-07 11:04:16 | INFO | dnes_bg_2026-06-07_10-52-13 | Parsed comments pages | article_url=https://www.dnes.bg/a/448-svobodno-vreme/722925-printsesa-radzhva-ot-yordaniya-siyae-v-gratska-roklya | parsed_comments=1 | expected_comments=1 | comments_pages=1
2026-06-07 11:04:16 | INFO | dnes_bg_2026-06-07_10-52-13 | Processing comments page | article_url=https://www.dnes.bg/a/448-svobodno-vreme/722927-dzhey-lo-pokaza-che-dankite-s-vrazki-ot-2004-g-vse-oshte-stavat | comments_url=https://www.dnes.bg/a/448-svobodno-vreme/722927-dzhey-lo-pokaza-che-dankite-s-vrazki-ot-2004-g-vse-oshte-stavat/comments | expected_comment_count=6
2026-06-07 11:04:18 | INFO | dnes_bg_2026-06-07_10-52-13 | Parsed comments pages | article_url=https://www.dnes.bg/a/448-svobodno-vreme/722927-dzhey-lo-pokaza-che-dankite-s-vrazki-ot-2004-g-vse-oshte-stavat | parsed_comments=5 | expected_comments=6 | comments_pages=1
2026-06-07 11:04:18 | INFO | dnes_bg_2026-06-07_10-52-13 | Processing comments page | article_url=https://www.dnes.bg/a/448-svobodno-vreme/722843-ako-iskate-nova-kariera-parvo-izgradete-tezi-umeniya | comments_url=https://www.dnes.bg/a/448-svobodno-vreme/722843-ako-iskate-nova-kariera-parvo-izgradete-tezi-umeniya/comments | expected_comment_count=12
2026-06-07 11:04:23 | INFO | dnes_bg_2026-06-07_10-52-13 | Parsed comments pages | article_url=https://www.dnes.bg/a/448-svobodno-vreme/722843-ako-iskate-nova-kariera-parvo-izgradete-tezi-umeniya | parsed_comments=12 | expected_comments=12 | comments_pages=2
2026-06-07 11:04:23 | INFO | dnes_bg_2026-06-07_10-52-13 | Processing comments page | article_url=https://www.dnes.bg/a/448-svobodno-vreme/722957-italianskiyat-roling-stoun-dara-e-po-stoynostna-pevitsa-ot-rodnite-ni-zvezdi | comments_url=https://www.dnes.bg/a/448-svobodno-vreme/722957-italianskiyat-roling-stoun-dara-e-po-stoynostna-pevitsa-ot-rodnite-ni-zvezdi/comments | expected_comment_count=20
2026-06-07 11:04:29 | INFO | dnes_bg_2026-06-07_10-52-13 | Parsed comments pages | article_url=https://www.dnes.bg/a/448-svobodno-vreme/722957-italianskiyat-roling-stoun-dara-e-po-stoynostna-pevitsa-ot-rodnite-ni-zvezdi | parsed_comments=15 | expected_comments=20 | comments_pages=2
2026-06-07 11:04:29 | INFO | dnes_bg_2026-06-07_10-52-13 | Processing comments page | article_url=https://www.dnes.bg/a/448-svobodno-vreme/722928-44-godishnata-nataliya-vodyanova-e-bremenna-s-shestoto-si-dete | comments_url=https://www.dnes.bg/a/448-svobodno-vreme/722928-44-godishnata-nataliya-vodyanova-e-bremenna-s-shestoto-si-dete/comments | expected_comment_count=23
2026-06-07 11:04:37 | INFO | dnes_bg_2026-06-07_10-52-13 | Parsed comments pages | article_url=https://www.dnes.bg/a/448-svobodno-vreme/722928-44-godishnata-nataliya-vodyanova-e-bremenna-s-shestoto-si-dete | parsed_comments=21 | expected_comments=23 | comments_pages=3
2026-06-07 11:04:37 | INFO | dnes_bg_2026-06-07_10-52-13 | Processing comments page | article_url=https://www.dnes.bg/a/9-sport/722929-naomi-osaka-iznenada-vsichki-s-luksozna-zlatna-viziya-za-rolan-garos | comments_url=https://www.dnes.bg/a/9-sport/722929-naomi-osaka-iznenada-vsichki-s-luksozna-zlatna-viziya-za-rolan-garos/comments | expected_comment_count=4
2026-06-07 11:04:39 | INFO | dnes_bg_2026-06-07_10-52-13 | Parsed comments pages | article_url=https://www.dnes.bg/a/9-sport/722929-naomi-osaka-iznenada-vsichki-s-luksozna-zlatna-viziya-za-rolan-garos | parsed_comments=3 | expected_comments=4 | comments_pages=1
2026-06-07 11:04:39 | INFO | dnes_bg_2026-06-07_10-52-13 | Processing comments page | article_url=https://www.dnes.bg/a/448-svobodno-vreme/722923-krahat-na-elektricheskoto-ferrari-nakara-lamborghini-da-si-otdahne | comments_url=https://www.dnes.bg/a/448-svobodno-vreme/722923-krahat-na-elektricheskoto-ferrari-nakara-lamborghini-da-si-otdahne/comments | expected_comment_count=6
2026-06-07 11:04:42 | INFO | dnes_bg_2026-06-07_10-52-13 | Parsed comments pages | article_url=https://www.dnes.bg/a/448-svobodno-vreme/722923-krahat-na-elektricheskoto-ferrari-nakara-lamborghini-da-si-otdahne | parsed_comments=6 | expected_comments=6 | comments_pages=1
2026-06-07 11:04:42 | INFO | dnes_bg_2026-06-07_10-52-13 | Processing comments page | article_url=https://www.dnes.bg/a/1-bulgaria/722889-abiturienti-2026-ot-zhiguli-do-brabus-v-parada-na-suetata-v-sofiya-snimki | comments_url=https://www.dnes.bg/a/1-bulgaria/722889-abiturienti-2026-ot-zhiguli-do-brabus-v-parada-na-suetata-v-sofiya-snimki/comments | expected_comment_count=82
2026-06-07 11:05:00 | INFO | dnes_bg_2026-06-07_10-52-13 | Parsed comments pages | article_url=https://www.dnes.bg/a/1-bulgaria/722889-abiturienti-2026-ot-zhiguli-do-brabus-v-parada-na-suetata-v-sofiya-snimki | parsed_comments=70 | expected_comments=82 | comments_pages=7
2026-06-07 11:05:00 | INFO | dnes_bg_2026-06-07_10-52-13 | Skipping article with zero comments | article_url=https://www.dnes.bg/a/448-svobodno-vreme/722887-papata-dade-parva-pomosht-na-pripadnal-na-ploshtad-sveti-petar
2026-06-07 11:05:00 | INFO | dnes_bg_2026-06-07_10-52-13 | Processing comments page | article_url=https://www.dnes.bg/a/448-svobodno-vreme/722755-an-hatauey-razkri-che-e-bila-poluslyapa | comments_url=https://www.dnes.bg/a/448-svobodno-vreme/722755-an-hatauey-razkri-che-e-bila-poluslyapa/comments | expected_comment_count=25
2026-06-07 11:05:02 | INFO | dnes_bg_2026-06-07_10-52-13 | Parsed comments pages | article_url=https://www.dnes.bg/a/448-svobodno-vreme/722755-an-hatauey-razkri-che-e-bila-poluslyapa | parsed_comments=1 | expected_comments=25 | comments_pages=1
2026-06-07 11:05:02 | INFO | dnes_bg_2026-06-07_10-52-13 | Processing comments page | article_url=https://www.dnes.bg/a/448-svobodno-vreme/722757-zoui-kravits-nyama-da-barza-sas-svatbata | comments_url=https://www.dnes.bg/a/448-svobodno-vreme/722757-zoui-kravits-nyama-da-barza-sas-svatbata/comments | expected_comment_count=12
2026-06-07 11:05:05 | INFO | dnes_bg_2026-06-07_10-52-13 | Parsed comments pages | article_url=https://www.dnes.bg/a/448-svobodno-vreme/722757-zoui-kravits-nyama-da-barza-sas-svatbata | parsed_comments=0 | expected_comments=12 | comments_pages=1
2026-06-07 11:05:12 | INFO | dnes_bg_2026-06-07_10-52-13 | Processing category page | url=https://www.dnes.bg/c/448-svobodno-vreme?page=13
2026-06-07 11:05:12 | INFO | dnes_bg_2026-06-07_10-52-13 | Parsed category page | url=https://www.dnes.bg/c/448-svobodno-vreme?page=13 | articles_found=17
2026-06-07 11:05:12 | INFO | dnes_bg_2026-06-07_10-52-13 | Parsed category page | url=https://www.dnes.bg/c/448-svobodno-vreme?page=13 | articles_found=17
2026-06-07 11:05:12 | INFO | dnes_bg_2026-06-07_10-52-13 | Processing comments page | article_url=https://www.dnes.bg/a/448-svobodno-vreme/722752-demi-lovato-i-lyubimiyat-otpraznuvaha-godishnina-ot-svatbata | comments_url=https://www.dnes.bg/a/448-svobodno-vreme/722752-demi-lovato-i-lyubimiyat-otpraznuvaha-godishnina-ot-svatbata/comments | expected_comment_count=3
2026-06-07 11:05:14 | INFO | dnes_bg_2026-06-07_10-52-13 | Parsed comments pages | article_url=https://www.dnes.bg/a/448-svobodno-vreme/722752-demi-lovato-i-lyubimiyat-otpraznuvaha-godishnina-ot-svatbata | parsed_comments=0 | expected_comments=3 | comments_pages=1
2026-06-07 11:05:14 | INFO | dnes_bg_2026-06-07_10-52-13 | Processing comments page | article_url=https://www.dnes.bg/a/448-svobodno-vreme/722636-idei-sas-sgavaemi-mebeli-za-malko-zhilishte | comments_url=https://www.dnes.bg/a/448-svobodno-vreme/722636-idei-sas-sgavaemi-mebeli-za-malko-zhilishte/comments | expected_comment_count=2
2026-06-07 11:05:16 | INFO | dnes_bg_2026-06-07_10-52-13 | Parsed comments pages | article_url=https://www.dnes.bg/a/448-svobodno-vreme/722636-idei-sas-sgavaemi-mebeli-za-malko-zhilishte | parsed_comments=1 | expected_comments=2 | comments_pages=1
2026-06-07 11:05:16 | INFO | dnes_bg_2026-06-07_10-52-13 | Processing comments page | article_url=https://www.dnes.bg/a/448-svobodno-vreme/722787-razberete-poveche-za-prekrasnite-detsa-na-bono-ot-u2 | comments_url=https://www.dnes.bg/a/448-svobodno-vreme/722787-razberete-poveche-za-prekrasnite-detsa-na-bono-ot-u2/comments | expected_comment_count=8
2026-06-07 11:05:19 | INFO | dnes_bg_2026-06-07_10-52-13 | Parsed comments pages | article_url=https://www.dnes.bg/a/448-svobodno-vreme/722787-razberete-poveche-za-prekrasnite-detsa-na-bono-ot-u2 | parsed_comments=5 | expected_comments=8 | comments_pages=1
2026-06-07 11:05:19 | INFO | dnes_bg_2026-06-07_10-52-13 | Processing comments page | article_url=https://www.dnes.bg/a/448-svobodno-vreme/722759-sinyata-spirala-stava-hit | comments_url=https://www.dnes.bg/a/448-svobodno-vreme/722759-sinyata-spirala-stava-hit/comments | expected_comment_count=2
2026-06-07 11:05:20 | INFO | dnes_bg_2026-06-07_10-52-13 | Parsed comments pages | article_url=https://www.dnes.bg/a/448-svobodno-vreme/722759-sinyata-spirala-stava-hit | parsed_comments=1 | expected_comments=2 | comments_pages=1
2026-06-07 11:05:20 | INFO | dnes_bg_2026-06-07_10-52-13 | Processing comments page | article_url=https://www.dnes.bg/a/448-svobodno-vreme/722758-dzhey-lo-ocharova-s-kadri-ot-baseyna | comments_url=https://www.dnes.bg/a/448-svobodno-vreme/722758-dzhey-lo-ocharova-s-kadri-ot-baseyna/comments | expected_comment_count=26
2026-06-07 11:05:23 | INFO | dnes_bg_2026-06-07_10-52-13 | Parsed comments pages | article_url=https://www.dnes.bg/a/448-svobodno-vreme/722758-dzhey-lo-ocharova-s-kadri-ot-baseyna | parsed_comments=7 | expected_comments=26 | comments_pages=1
2026-06-07 11:05:23 | INFO | dnes_bg_2026-06-07_10-52-13 | Processing comments page | article_url=https://www.dnes.bg/a/448-svobodno-vreme/722631-koi-sa-znatsite-che-mazhat-stoi-v-braka-samo-zaradi-parite | comments_url=https://www.dnes.bg/a/448-svobodno-vreme/722631-koi-sa-znatsite-che-mazhat-stoi-v-braka-samo-zaradi-parite/comments | expected_comment_count=27
2026-06-07 11:05:31 | INFO | dnes_bg_2026-06-07_10-52-13 | Parsed comments pages | article_url=https://www.dnes.bg/a/448-svobodno-vreme/722631-koi-sa-znatsite-che-mazhat-stoi-v-braka-samo-zaradi-parite | parsed_comments=26 | expected_comments=27 | comments_pages=3
2026-06-07 11:05:31 | INFO | dnes_bg_2026-06-07_10-52-13 | Processing comments page | article_url=https://www.dnes.bg/a/448-svobodno-vreme/722872-nov-vrah-za-dara-vleze-v-muzikalna-klasatsiya-na-billboard | comments_url=https://www.dnes.bg/a/448-svobodno-vreme/722872-nov-vrah-za-dara-vleze-v-muzikalna-klasatsiya-na-billboard/comments | expected_comment_count=18
2026-06-07 11:05:35 | INFO | dnes_bg_2026-06-07_10-52-13 | Parsed comments pages | article_url=https://www.dnes.bg/a/448-svobodno-vreme/722872-nov-vrah-za-dara-vleze-v-muzikalna-klasatsiya-na-billboard | parsed_comments=16 | expected_comments=18 | comments_pages=2
2026-06-07 11:05:35 | INFO | dnes_bg_2026-06-07_10-52-13 | Processing comments page | article_url=https://www.dnes.bg/a/2-svyat/722867-rezhisyor-ot-simpsan-predskazal-prezidentstvoto-na-tramp-se-kandidatira-za-beliya-dom-video | comments_url=https://www.dnes.bg/a/2-svyat/722867-rezhisyor-ot-simpsan-predskazal-prezidentstvoto-na-tramp-se-kandidatira-za-beliya-dom-video/comments | expected_comment_count=2
2026-06-07 11:05:37 | INFO | dnes_bg_2026-06-07_10-52-13 | Parsed comments pages | article_url=https://www.dnes.bg/a/2-svyat/722867-rezhisyor-ot-simpsan-predskazal-prezidentstvoto-na-tramp-se-kandidatira-za-beliya-dom-video | parsed_comments=1 | expected_comments=2 | comments_pages=1
2026-06-07 11:05:37 | INFO | dnes_bg_2026-06-07_10-52-13 | Processing comments page | article_url=https://www.dnes.bg/a/448-svobodno-vreme/722856-ferrari-predstavi-elektricheskoto-luce-a-internetat-se-zapali-kolko-e-grozno-videosnimki | comments_url=https://www.dnes.bg/a/448-svobodno-vreme/722856-ferrari-predstavi-elektricheskoto-luce-a-internetat-se-zapali-kolko-e-grozno-videosnimki/comments | expected_comment_count=26
2026-06-07 11:05:47 | INFO | dnes_bg_2026-06-07_10-52-13 | Parsed comments pages | article_url=https://www.dnes.bg/a/448-svobodno-vreme/722856-ferrari-predstavi-elektricheskoto-luce-a-internetat-se-zapali-kolko-e-grozno-videosnimki | parsed_comments=24 | expected_comments=26 | comments_pages=3
2026-06-07 11:05:47 | INFO | dnes_bg_2026-06-07_10-52-13 | Processing comments page | article_url=https://www.dnes.bg/a/448-svobodno-vreme/722633-kak-da-pregovaryate-za-zaplatata-si-ako-ste-na-sredna-vazrast | comments_url=https://www.dnes.bg/a/448-svobodno-vreme/722633-kak-da-pregovaryate-za-zaplatata-si-ako-ste-na-sredna-vazrast/comments | expected_comment_count=2
2026-06-07 11:05:49 | INFO | dnes_bg_2026-06-07_10-52-13 | Parsed comments pages | article_url=https://www.dnes.bg/a/448-svobodno-vreme/722633-kak-da-pregovaryate-za-zaplatata-si-ako-ste-na-sredna-vazrast | parsed_comments=2 | expected_comments=2 | comments_pages=1
2026-06-07 11:05:49 | INFO | dnes_bg_2026-06-07_10-52-13 | Processing comments page | article_url=https://www.dnes.bg/a/448-svobodno-vreme/722786-kakvo-se-sluchva-s-aktrisata-izigrala-emblematichnata-d-r-kadi-v-d-r-haus | comments_url=https://www.dnes.bg/a/448-svobodno-vreme/722786-kakvo-se-sluchva-s-aktrisata-izigrala-emblematichnata-d-r-kadi-v-d-r-haus/comments | expected_comment_count=5
2026-06-07 11:05:52 | INFO | dnes_bg_2026-06-07_10-52-13 | Parsed comments pages | article_url=https://www.dnes.bg/a/448-svobodno-vreme/722786-kakvo-se-sluchva-s-aktrisata-izigrala-emblematichnata-d-r-kadi-v-d-r-haus | parsed_comments=5 | expected_comments=5 | comments_pages=1
2026-06-07 11:05:52 | INFO | dnes_bg_2026-06-07_10-52-13 | Processing comments page | article_url=https://www.dnes.bg/a/448-svobodno-vreme/722813-robart-griyn-razkriva-psihologiyata-na-vliyanieto-v-izkustvoto-da-sablaznyavash | comments_url=https://www.dnes.bg/a/448-svobodno-vreme/722813-robart-griyn-razkriva-psihologiyata-na-vliyanieto-v-izkustvoto-da-sablaznyavash/comments | expected_comment_count=2
2026-06-07 11:05:55 | INFO | dnes_bg_2026-06-07_10-52-13 | Parsed comments pages | article_url=https://www.dnes.bg/a/448-svobodno-vreme/722813-robart-griyn-razkriva-psihologiyata-na-vliyanieto-v-izkustvoto-da-sablaznyavash | parsed_comments=1 | expected_comments=2 | comments_pages=1
2026-06-07 11:05:55 | INFO | dnes_bg_2026-06-07_10-52-13 | Processing comments page | article_url=https://www.dnes.bg/a/448-svobodno-vreme/722849-papa-lav-xiv-testva-e-ferrari-kritiki-za-modela-onlayn-video | comments_url=https://www.dnes.bg/a/448-svobodno-vreme/722849-papa-lav-xiv-testva-e-ferrari-kritiki-za-modela-onlayn-video/comments | expected_comment_count=3
2026-06-07 11:05:57 | INFO | dnes_bg_2026-06-07_10-52-13 | Parsed comments pages | article_url=https://www.dnes.bg/a/448-svobodno-vreme/722849-papa-lav-xiv-testva-e-ferrari-kritiki-za-modela-onlayn-video | parsed_comments=3 | expected_comments=3 | comments_pages=1
2026-06-07 11:05:57 | INFO | dnes_bg_2026-06-07_10-52-13 | Skipping article with zero comments | article_url=https://www.dnes.bg/a/8-koli/722864-auto-italia-sabra-za-parvi-pat-nad-30-ferrari-avtomobila-na-pista-v-balgariya
2026-06-07 11:05:57 | INFO | dnes_bg_2026-06-07_10-52-13 | Processing comments page | article_url=https://www.dnes.bg/a/448-svobodno-vreme/722809-islandskata-elektronna-grupa-gusgus-idva-v-sofiya | comments_url=https://www.dnes.bg/a/448-svobodno-vreme/722809-islandskata-elektronna-grupa-gusgus-idva-v-sofiya/comments | expected_comment_count=1
2026-06-07 11:06:00 | INFO | dnes_bg_2026-06-07_10-52-13 | Parsed comments pages | article_url=https://www.dnes.bg/a/448-svobodno-vreme/722809-islandskata-elektronna-grupa-gusgus-idva-v-sofiya | parsed_comments=1 | expected_comments=1 | comments_pages=1
2026-06-07 11:06:00 | INFO | dnes_bg_2026-06-07_10-52-13 | Skipping article with zero comments | article_url=https://www.dnes.bg/a/448-svobodno-vreme/722828-narodniyat-teatar-otkriva-izlozhba-za-150-godini-ot-rozhdenieto-na-sava-ognyanov
2026-06-07 11:06:00 | INFO | dnes_bg_2026-06-07_10-52-13 | Skipping article with zero comments | article_url=https://www.dnes.bg/a/448-svobodno-vreme/722840-saveti-za-poddrazhka-na-gradinski-mebeli-ot-darvo
2026-06-07 11:06:07 | INFO | dnes_bg_2026-06-07_10-52-13 | Processing category page | url=https://www.dnes.bg/c/448-svobodno-vreme?page=14
2026-06-07 11:06:07 | INFO | dnes_bg_2026-06-07_10-52-13 | Parsed category page | url=https://www.dnes.bg/c/448-svobodno-vreme?page=14 | articles_found=17
2026-06-07 11:06:07 | INFO | dnes_bg_2026-06-07_10-52-13 | Parsed category page | url=https://www.dnes.bg/c/448-svobodno-vreme?page=14 | articles_found=17
2026-06-07 11:06:07 | INFO | dnes_bg_2026-06-07_10-52-13 | Processing comments page | article_url=https://www.dnes.bg/a/448-svobodno-vreme/722778-1834-e-rastat-na-novi-koli-u-nas-prez-april-haresvame-benzinovite | comments_url=https://www.dnes.bg/a/448-svobodno-vreme/722778-1834-e-rastat-na-novi-koli-u-nas-prez-april-haresvame-benzinovite/comments | expected_comment_count=29
2026-06-07 11:06:15 | INFO | dnes_bg_2026-06-07_10-52-13 | Parsed comments pages | article_url=https://www.dnes.bg/a/448-svobodno-vreme/722778-1834-e-rastat-na-novi-koli-u-nas-prez-april-haresvame-benzinovite | parsed_comments=26 | expected_comments=29 | comments_pages=3
2026-06-07 11:06:15 | INFO | dnes_bg_2026-06-07_10-52-13 | Processing comments page | article_url=https://www.dnes.bg/a/448-svobodno-vreme/722785-v-kadar-iron-maiden-prevedoha-nad-30-000-prez-velikata-si-50-godishna-epoha | comments_url=https://www.dnes.bg/a/448-svobodno-vreme/722785-v-kadar-iron-maiden-prevedoha-nad-30-000-prez-velikata-si-50-godishna-epoha/comments | expected_comment_count=46
2026-06-07 11:06:26 | INFO | dnes_bg_2026-06-07_10-52-13 | Parsed comments pages | article_url=https://www.dnes.bg/a/448-svobodno-vreme/722785-v-kadar-iron-maiden-prevedoha-nad-30-000-prez-velikata-si-50-godishna-epoha | parsed_comments=39 | expected_comments=46 | comments_pages=4
2026-06-07 11:06:26 | INFO | dnes_bg_2026-06-07_10-52-13 | Processing comments page | article_url=https://www.dnes.bg/a/1-bulgaria/722743-myusyulmanite-otbelyazvat-praznika-kurban-bayram | comments_url=https://www.dnes.bg/a/1-bulgaria/722743-myusyulmanite-otbelyazvat-praznika-kurban-bayram/comments | expected_comment_count=23
2026-06-07 11:06:31 | INFO | dnes_bg_2026-06-07_10-52-13 | Parsed comments pages | article_url=https://www.dnes.bg/a/1-bulgaria/722743-myusyulmanite-otbelyazvat-praznika-kurban-bayram | parsed_comments=16 | expected_comments=23 | comments_pages=2
2026-06-07 11:06:31 | INFO | dnes_bg_2026-06-07_10-52-13 | Processing comments page | article_url=https://www.dnes.bg/a/558-vremeto/722741-lyatna-zhega-dnes-malko-dazhd-v-planinite | comments_url=https://www.dnes.bg/a/558-vremeto/722741-lyatna-zhega-dnes-malko-dazhd-v-planinite/comments | expected_comment_count=15
2026-06-07 11:06:34 | INFO | dnes_bg_2026-06-07_10-52-13 | Parsed comments pages | article_url=https://www.dnes.bg/a/558-vremeto/722741-lyatna-zhega-dnes-malko-dazhd-v-planinite | parsed_comments=2 | expected_comments=15 | comments_pages=1
2026-06-07 11:06:34 | INFO | dnes_bg_2026-06-07_10-52-13 | Processing comments page | article_url=https://www.dnes.bg/a/448-svobodno-vreme/722701-zvezda-ot-igra-na-tronove-napusna-holivud-sled-uelnes-kult-i-psihotichen-epizod | comments_url=https://www.dnes.bg/a/448-svobodno-vreme/722701-zvezda-ot-igra-na-tronove-napusna-holivud-sled-uelnes-kult-i-psihotichen-epizod/comments | expected_comment_count=7
2026-06-07 11:06:36 | INFO | dnes_bg_2026-06-07_10-52-13 | Parsed comments pages | article_url=https://www.dnes.bg/a/448-svobodno-vreme/722701-zvezda-ot-igra-na-tronove-napusna-holivud-sled-uelnes-kult-i-psihotichen-epizod | parsed_comments=1 | expected_comments=7 | comments_pages=1
2026-06-07 11:06:36 | INFO | dnes_bg_2026-06-07_10-52-13 | Processing comments page | article_url=https://www.dnes.bg/a/448-svobodno-vreme/722732-svetat-se-promenya-s-dramatichna-skorost | comments_url=https://www.dnes.bg/a/448-svobodno-vreme/722732-svetat-se-promenya-s-dramatichna-skorost/comments | expected_comment_count=10
2026-06-07 11:06:38 | INFO | dnes_bg_2026-06-07_10-52-13 | Parsed comments pages | article_url=https://www.dnes.bg/a/448-svobodno-vreme/722732-svetat-se-promenya-s-dramatichna-skorost | parsed_comments=3 | expected_comments=10 | comments_pages=1
2026-06-07 11:06:38 | INFO | dnes_bg_2026-06-07_10-52-13 | Processing comments page | article_url=https://www.dnes.bg/a/448-svobodno-vreme/722625-brad-pit-nyama-da-se-zheni-za-ines-de-ramon | comments_url=https://www.dnes.bg/a/448-svobodno-vreme/722625-brad-pit-nyama-da-se-zheni-za-ines-de-ramon/comments | expected_comment_count=24
2026-06-07 11:06:43 | INFO | dnes_bg_2026-06-07_10-52-13 | Parsed comments pages | article_url=https://www.dnes.bg/a/448-svobodno-vreme/722625-brad-pit-nyama-da-se-zheni-za-ines-de-ramon | parsed_comments=17 | expected_comments=24 | comments_pages=2
2026-06-07 11:06:43 | INFO | dnes_bg_2026-06-07_10-52-13 | Processing comments page | article_url=https://www.dnes.bg/a/448-svobodno-vreme/722626-dzheykab-elordi-i-kendal-dzhenar-ne-iskat-da-pribarzvat-s-vrazkata-si | comments_url=https://www.dnes.bg/a/448-svobodno-vreme/722626-dzheykab-elordi-i-kendal-dzhenar-ne-iskat-da-pribarzvat-s-vrazkata-si/comments | expected_comment_count=3
2026-06-07 11:06:45 | INFO | dnes_bg_2026-06-07_10-52-13 | Parsed comments pages | article_url=https://www.dnes.bg/a/448-svobodno-vreme/722626-dzheykab-elordi-i-kendal-dzhenar-ne-iskat-da-pribarzvat-s-vrazkata-si | parsed_comments=1 | expected_comments=3 | comments_pages=1
2026-06-07 11:06:45 | INFO | dnes_bg_2026-06-07_10-52-13 | Processing comments page | article_url=https://www.dnes.bg/a/448-svobodno-vreme/722635-shakira-nyama-vreme-za-gadzhe-pak-govori-za-bolkata-ot-razdyalata-s-pike | comments_url=https://www.dnes.bg/a/448-svobodno-vreme/722635-shakira-nyama-vreme-za-gadzhe-pak-govori-za-bolkata-ot-razdyalata-s-pike/comments | expected_comment_count=2
2026-06-07 11:06:47 | INFO | dnes_bg_2026-06-07_10-52-13 | Parsed comments pages | article_url=https://www.dnes.bg/a/448-svobodno-vreme/722635-shakira-nyama-vreme-za-gadzhe-pak-govori-za-bolkata-ot-razdyalata-s-pike | parsed_comments=2 | expected_comments=2 | comments_pages=1
2026-06-07 11:06:47 | INFO | dnes_bg_2026-06-07_10-52-13 | Processing comments page | article_url=https://www.dnes.bg/a/5-zdrave/722336-kak-loshiyat-san-narushava-hormonite-i-doprinasya-za-napalnyavaneto | comments_url=https://www.dnes.bg/a/5-zdrave/722336-kak-loshiyat-san-narushava-hormonite-i-doprinasya-za-napalnyavaneto/comments | expected_comment_count=2
2026-06-07 11:06:50 | INFO | dnes_bg_2026-06-07_10-52-13 | Parsed comments pages | article_url=https://www.dnes.bg/a/5-zdrave/722336-kak-loshiyat-san-narushava-hormonite-i-doprinasya-za-napalnyavaneto | parsed_comments=2 | expected_comments=2 | comments_pages=1
2026-06-07 11:06:50 | INFO | dnes_bg_2026-06-07_10-52-13 | Skipping article with zero comments | article_url=https://www.dnes.bg/a/448-svobodno-vreme/722646-pantaloni-kapri-shte-badat-hit-prez-lyato-2026
2026-06-07 11:06:50 | INFO | dnes_bg_2026-06-07_10-52-13 | Processing comments page | article_url=https://www.dnes.bg/a/448-svobodno-vreme/722645-na-62-a-izglezhda-na-32-kak-brad-pit-varna-vremeto-nazad | comments_url=https://www.dnes.bg/a/448-svobodno-vreme/722645-na-62-a-izglezhda-na-32-kak-brad-pit-varna-vremeto-nazad/comments | expected_comment_count=12
2026-06-07 11:06:53 | INFO | dnes_bg_2026-06-07_10-52-13 | Parsed comments pages | article_url=https://www.dnes.bg/a/448-svobodno-vreme/722645-na-62-a-izglezhda-na-32-kak-brad-pit-varna-vremeto-nazad | parsed_comments=8 | expected_comments=12 | comments_pages=1
2026-06-07 11:06:53 | INFO | dnes_bg_2026-06-07_10-52-13 | Processing comments page | article_url=https://www.dnes.bg/a/448-svobodno-vreme/722330-modni-trikove-za-izdigane-na-vsyako-obleklo-na-sledvashto-nivo | comments_url=https://www.dnes.bg/a/448-svobodno-vreme/722330-modni-trikove-za-izdigane-na-vsyako-obleklo-na-sledvashto-nivo/comments | expected_comment_count=1
2026-06-07 11:06:55 | INFO | dnes_bg_2026-06-07_10-52-13 | Parsed comments pages | article_url=https://www.dnes.bg/a/448-svobodno-vreme/722330-modni-trikove-za-izdigane-na-vsyako-obleklo-na-sledvashto-nivo | parsed_comments=1 | expected_comments=1 | comments_pages=1
2026-06-07 11:06:55 | INFO | dnes_bg_2026-06-07_10-52-13 | Processing comments page | article_url=https://www.dnes.bg/a/448-svobodno-vreme/722656-vapreki-uspehite-skarlet-yohanson-smyata-che-vinagi-nyakade-ima-defitsit | comments_url=https://www.dnes.bg/a/448-svobodno-vreme/722656-vapreki-uspehite-skarlet-yohanson-smyata-che-vinagi-nyakade-ima-defitsit/comments | expected_comment_count=8
2026-06-07 11:06:57 | INFO | dnes_bg_2026-06-07_10-52-13 | Parsed comments pages | article_url=https://www.dnes.bg/a/448-svobodno-vreme/722656-vapreki-uspehite-skarlet-yohanson-smyata-che-vinagi-nyakade-ima-defitsit | parsed_comments=0 | expected_comments=8 | comments_pages=1
2026-06-07 11:06:57 | INFO | dnes_bg_2026-06-07_10-52-13 | Processing comments page | article_url=https://www.dnes.bg/a/448-svobodno-vreme/722632-40-godini-po-kasno-kakvo-se-sluchva-s-aktyorite-ot-top-gan | comments_url=https://www.dnes.bg/a/448-svobodno-vreme/722632-40-godini-po-kasno-kakvo-se-sluchva-s-aktyorite-ot-top-gan/comments | expected_comment_count=3
2026-06-07 11:07:00 | INFO | dnes_bg_2026-06-07_10-52-13 | Parsed comments pages | article_url=https://www.dnes.bg/a/448-svobodno-vreme/722632-40-godini-po-kasno-kakvo-se-sluchva-s-aktyorite-ot-top-gan | parsed_comments=2 | expected_comments=3 | comments_pages=1
2026-06-07 11:07:00 | INFO | dnes_bg_2026-06-07_10-52-13 | Skipping article with zero comments | article_url=https://www.dnes.bg/a/448-svobodno-vreme/722696-narodniyat-teatar-prodade-blizo-10-000-bileta-za-chetiri-dni
2026-06-07 11:07:00 | INFO | dnes_bg_2026-06-07_10-52-13 | Processing comments page | article_url=https://www.dnes.bg/a/448-svobodno-vreme/722715-i-dzhokovich-e-fen-na-dara-tantsuva-na-bangaranga-video | comments_url=https://www.dnes.bg/a/448-svobodno-vreme/722715-i-dzhokovich-e-fen-na-dara-tantsuva-na-bangaranga-video/comments | expected_comment_count=13
2026-06-07 11:07:04 | INFO | dnes_bg_2026-06-07_10-52-13 | Parsed comments pages | article_url=https://www.dnes.bg/a/448-svobodno-vreme/722715-i-dzhokovich-e-fen-na-dara-tantsuva-na-bangaranga-video | parsed_comments=11 | expected_comments=13 | comments_pages=2
2026-06-07 11:07:11 | INFO | dnes_bg_2026-06-07_10-52-13 | Processing category page | url=https://www.dnes.bg/c/448-svobodno-vreme?page=15
2026-06-07 11:07:11 | INFO | dnes_bg_2026-06-07_10-52-13 | Parsed category page | url=https://www.dnes.bg/c/448-svobodno-vreme?page=15 | articles_found=17
2026-06-07 11:07:11 | INFO | dnes_bg_2026-06-07_10-52-13 | Parsed category page | url=https://www.dnes.bg/c/448-svobodno-vreme?page=15 | articles_found=17
2026-06-07 11:07:11 | INFO | dnes_bg_2026-06-07_10-52-13 | Processing comments page | article_url=https://www.dnes.bg/a/1-bulgaria/722671-tvortsi-naemat-vanshni-konsultanti-za-proekti-v-sektor-kultura | comments_url=https://www.dnes.bg/a/1-bulgaria/722671-tvortsi-naemat-vanshni-konsultanti-za-proekti-v-sektor-kultura/comments | expected_comment_count=3
2026-06-07 11:07:13 | INFO | dnes_bg_2026-06-07_10-52-13 | Parsed comments pages | article_url=https://www.dnes.bg/a/1-bulgaria/722671-tvortsi-naemat-vanshni-konsultanti-za-proekti-v-sektor-kultura | parsed_comments=2 | expected_comments=3 | comments_pages=1
2026-06-07 11:07:13 | INFO | dnes_bg_2026-06-07_10-52-13 | Processing comments page | article_url=https://www.dnes.bg/a/448-svobodno-vreme/722641-nikoga-poveche-brad-pit-ne-iska-da-se-zheni | comments_url=https://www.dnes.bg/a/448-svobodno-vreme/722641-nikoga-poveche-brad-pit-ne-iska-da-se-zheni/comments | expected_comment_count=9
2026-06-07 11:07:15 | INFO | dnes_bg_2026-06-07_10-52-13 | Parsed comments pages | article_url=https://www.dnes.bg/a/448-svobodno-vreme/722641-nikoga-poveche-brad-pit-ne-iska-da-se-zheni | parsed_comments=9 | expected_comments=9 | comments_pages=1
2026-06-07 11:07:15 | INFO | dnes_bg_2026-06-07_10-52-13 | Processing comments page | article_url=https://www.dnes.bg/a/448-svobodno-vreme/722682-v-kadar-violina-dotseva-shte-e-v-glavnata-rolya-vav-filma-za-lili-ivanova | comments_url=https://www.dnes.bg/a/448-svobodno-vreme/722682-v-kadar-violina-dotseva-shte-e-v-glavnata-rolya-vav-filma-za-lili-ivanova/comments | expected_comment_count=15
2026-06-07 11:07:20 | INFO | dnes_bg_2026-06-07_10-52-13 | Parsed comments pages | article_url=https://www.dnes.bg/a/448-svobodno-vreme/722682-v-kadar-violina-dotseva-shte-e-v-glavnata-rolya-vav-filma-za-lili-ivanova | parsed_comments=14 | expected_comments=15 | comments_pages=2
2026-06-07 11:07:20 | INFO | dnes_bg_2026-06-07_10-52-13 | Processing comments page | article_url=https://www.dnes.bg/a/448-svobodno-vreme/722669-legendarniyat-srabski-avtomobil-yugo-se-zavrashta-na-pazara-s-hibriden-model | comments_url=https://www.dnes.bg/a/448-svobodno-vreme/722669-legendarniyat-srabski-avtomobil-yugo-se-zavrashta-na-pazara-s-hibriden-model/comments | expected_comment_count=13
2026-06-07 11:07:24 | INFO | dnes_bg_2026-06-07_10-52-13 | Parsed comments pages | article_url=https://www.dnes.bg/a/448-svobodno-vreme/722669-legendarniyat-srabski-avtomobil-yugo-se-zavrashta-na-pazara-s-hibriden-model | parsed_comments=13 | expected_comments=13 | comments_pages=2
2026-06-07 11:07:24 | INFO | dnes_bg_2026-06-07_10-52-13 | Processing comments page | article_url=https://www.dnes.bg/a/448-svobodno-vreme/722676-puskat-dopalnitelen-gradski-transport-za-kontserta-na-iron-maiden-tazi-vecher | comments_url=https://www.dnes.bg/a/448-svobodno-vreme/722676-puskat-dopalnitelen-gradski-transport-za-kontserta-na-iron-maiden-tazi-vecher/comments | expected_comment_count=2
2026-06-07 11:07:27 | INFO | dnes_bg_2026-06-07_10-52-13 | Parsed comments pages | article_url=https://www.dnes.bg/a/448-svobodno-vreme/722676-puskat-dopalnitelen-gradski-transport-za-kontserta-na-iron-maiden-tazi-vecher | parsed_comments=1 | expected_comments=2 | comments_pages=1
2026-06-07 11:07:27 | INFO | dnes_bg_2026-06-07_10-52-13 | Processing comments page | article_url=https://www.dnes.bg/a/448-svobodno-vreme/722672-ivo-dimchev-i-oratnitsa-shte-izlyazat-na-stsenata-na-bedechka-fest | comments_url=https://www.dnes.bg/a/448-svobodno-vreme/722672-ivo-dimchev-i-oratnitsa-shte-izlyazat-na-stsenata-na-bedechka-fest/comments | expected_comment_count=1
2026-06-07 11:07:30 | INFO | dnes_bg_2026-06-07_10-52-13 | Parsed comments pages | article_url=https://www.dnes.bg/a/448-svobodno-vreme/722672-ivo-dimchev-i-oratnitsa-shte-izlyazat-na-stsenata-na-bedechka-fest | parsed_comments=0 | expected_comments=1 | comments_pages=1
2026-06-07 11:07:30 | INFO | dnes_bg_2026-06-07_10-52-13 | Skipping article with zero comments | article_url=https://www.dnes.bg/a/542-artfkti/722652-sled-uspeha-v-storytel-intelekt-ot-mariya-peeva-veche-i-na-kniga
2026-06-07 11:07:30 | INFO | dnes_bg_2026-06-07_10-52-13 | Processing comments page | article_url=https://www.dnes.bg/a/448-svobodno-vreme/722628-prints-uilyam-izdade-dali-shte-prisastva-na-svatbata-na-teylar-suift | comments_url=https://www.dnes.bg/a/448-svobodno-vreme/722628-prints-uilyam-izdade-dali-shte-prisastva-na-svatbata-na-teylar-suift/comments | expected_comment_count=4
2026-06-07 11:07:31 | INFO | dnes_bg_2026-06-07_10-52-13 | Parsed comments pages | article_url=https://www.dnes.bg/a/448-svobodno-vreme/722628-prints-uilyam-izdade-dali-shte-prisastva-na-svatbata-na-teylar-suift | parsed_comments=4 | expected_comments=4 | comments_pages=1
2026-06-07 11:07:31 | INFO | dnes_bg_2026-06-07_10-52-13 | Skipping article with zero comments | article_url=https://www.dnes.bg/a/448-svobodno-vreme/722622-praznik-na-mladostta-startira-natsionalniya-konkurs-nay-krasivata-abiturientka
2026-06-07 11:07:31 | INFO | dnes_bg_2026-06-07_10-52-13 | Processing comments page | article_url=https://www.dnes.bg/a/448-svobodno-vreme/722606-metalen-basketbolen-kosh-se-sruti-na-igrishte-palno-s-detsa | comments_url=https://www.dnes.bg/a/448-svobodno-vreme/722606-metalen-basketbolen-kosh-se-sruti-na-igrishte-palno-s-detsa/comments | expected_comment_count=24
2026-06-07 11:07:36 | INFO | dnes_bg_2026-06-07_10-52-13 | Parsed comments pages | article_url=https://www.dnes.bg/a/448-svobodno-vreme/722606-metalen-basketbolen-kosh-se-sruti-na-igrishte-palno-s-detsa | parsed_comments=19 | expected_comments=24 | comments_pages=2
2026-06-07 11:07:36 | INFO | dnes_bg_2026-06-07_10-52-13 | Processing comments page | article_url=https://www.dnes.bg/a/448-svobodno-vreme/722593-olivar-stoun-zapochva-da-snima-v-sofiya-filma-si-beli-lazhi | comments_url=https://www.dnes.bg/a/448-svobodno-vreme/722593-olivar-stoun-zapochva-da-snima-v-sofiya-filma-si-beli-lazhi/comments | expected_comment_count=3
2026-06-07 11:07:40 | INFO | dnes_bg_2026-06-07_10-52-13 | Parsed comments pages | article_url=https://www.dnes.bg/a/448-svobodno-vreme/722593-olivar-stoun-zapochva-da-snima-v-sofiya-filma-si-beli-lazhi | parsed_comments=3 | expected_comments=3 | comments_pages=1
2026-06-07 11:07:40 | INFO | dnes_bg_2026-06-07_10-52-13 | Processing comments page | article_url=https://www.dnes.bg/a/448-svobodno-vreme/722478-futbolistat-ruben-dias-i-vodeshtata-maya-dzhama-skasaha | comments_url=https://www.dnes.bg/a/448-svobodno-vreme/722478-futbolistat-ruben-dias-i-vodeshtata-maya-dzhama-skasaha/comments | expected_comment_count=15
2026-06-07 11:07:42 | INFO | dnes_bg_2026-06-07_10-52-13 | Parsed comments pages | article_url=https://www.dnes.bg/a/448-svobodno-vreme/722478-futbolistat-ruben-dias-i-vodeshtata-maya-dzhama-skasaha | parsed_comments=2 | expected_comments=15 | comments_pages=1
2026-06-07 11:07:42 | INFO | dnes_bg_2026-06-07_10-52-13 | Skipping article with zero comments | article_url=https://www.dnes.bg/a/448-svobodno-vreme/722329-postavyaneto-na-granitsi-e-klyuchat-kam-zdravite-vrazki
2026-06-07 11:07:42 | INFO | dnes_bg_2026-06-07_10-52-13 | Processing comments page | article_url=https://www.dnes.bg/a/5-zdrave/722311-kak-da-ostaryavate-s-gordost | comments_url=https://www.dnes.bg/a/5-zdrave/722311-kak-da-ostaryavate-s-gordost/comments | expected_comment_count=8
2026-06-07 11:07:45 | INFO | dnes_bg_2026-06-07_10-52-13 | Parsed comments pages | article_url=https://www.dnes.bg/a/5-zdrave/722311-kak-da-ostaryavate-s-gordost | parsed_comments=5 | expected_comments=8 | comments_pages=1
2026-06-07 11:07:45 | INFO | dnes_bg_2026-06-07_10-52-13 | Skipping article with zero comments | article_url=https://www.dnes.bg/a/448-svobodno-vreme/722414-5-te-kravni-testa-koito-vsyaka-zhena-nad-40-godini-tryabva-da-si-napravi
2026-06-07 11:07:45 | INFO | dnes_bg_2026-06-07_10-52-13 | Processing comments page | article_url=https://www.dnes.bg/a/448-svobodno-vreme/722480-emiliya-klark-smyatala-che-e-pisano-da-umre | comments_url=https://www.dnes.bg/a/448-svobodno-vreme/722480-emiliya-klark-smyatala-che-e-pisano-da-umre/comments | expected_comment_count=2
2026-06-07 11:07:47 | INFO | dnes_bg_2026-06-07_10-52-13 | Parsed comments pages | article_url=https://www.dnes.bg/a/448-svobodno-vreme/722480-emiliya-klark-smyatala-che-e-pisano-da-umre | parsed_comments=2 | expected_comments=2 | comments_pages=1
2026-06-07 11:07:47 | INFO | dnes_bg_2026-06-07_10-52-13 | Processing comments page | article_url=https://www.dnes.bg/a/448-svobodno-vreme/722411-kak-da-se-doverite-otnovo-na-mazhete-ako-sa-razbili-sartseto-vi-nekolkokratno-6-nachina | comments_url=https://www.dnes.bg/a/448-svobodno-vreme/722411-kak-da-se-doverite-otnovo-na-mazhete-ako-sa-razbili-sartseto-vi-nekolkokratno-6-nachina/comments | expected_comment_count=8
2026-06-07 11:07:49 | INFO | dnes_bg_2026-06-07_10-52-13 | Parsed comments pages | article_url=https://www.dnes.bg/a/448-svobodno-vreme/722411-kak-da-se-doverite-otnovo-na-mazhete-ako-sa-razbili-sartseto-vi-nekolkokratno-6-nachina | parsed_comments=5 | expected_comments=8 | comments_pages=1
2026-06-07 11:07:56 | INFO | dnes_bg_2026-06-07_10-52-13 | Processing category page | url=https://www.dnes.bg/c/448-svobodno-vreme?page=16
2026-06-07 11:07:56 | INFO | dnes_bg_2026-06-07_10-52-13 | Parsed category page | url=https://www.dnes.bg/c/448-svobodno-vreme?page=16 | articles_found=17
2026-06-07 11:07:56 | INFO | dnes_bg_2026-06-07_10-52-13 | Parsed category page | url=https://www.dnes.bg/c/448-svobodno-vreme?page=16 | articles_found=17
2026-06-07 11:07:56 | INFO | dnes_bg_2026-06-07_10-52-13 | Processing comments page | article_url=https://www.dnes.bg/a/2-svyat/722564-kremal-otgovori-na-priziva-na-zvyagintsev-ot-kan-ne-e-tvoya-rabota | comments_url=https://www.dnes.bg/a/2-svyat/722564-kremal-otgovori-na-priziva-na-zvyagintsev-ot-kan-ne-e-tvoya-rabota/comments | expected_comment_count=46
2026-06-07 11:08:07 | INFO | dnes_bg_2026-06-07_10-52-13 | Parsed comments pages | article_url=https://www.dnes.bg/a/2-svyat/722564-kremal-otgovori-na-priziva-na-zvyagintsev-ot-kan-ne-e-tvoya-rabota | parsed_comments=43 | expected_comments=46 | comments_pages=5
2026-06-07 11:08:07 | INFO | dnes_bg_2026-06-07_10-52-13 | Processing comments page | article_url=https://www.dnes.bg/a/448-svobodno-vreme/722410-eva-longoriya-prilichashe-na-kukla-barbi-v-kan-vizhte-ya | comments_url=https://www.dnes.bg/a/448-svobodno-vreme/722410-eva-longoriya-prilichashe-na-kukla-barbi-v-kan-vizhte-ya/comments | expected_comment_count=7
2026-06-07 11:08:13 | INFO | dnes_bg_2026-06-07_10-52-13 | Parsed comments pages | article_url=https://www.dnes.bg/a/448-svobodno-vreme/722410-eva-longoriya-prilichashe-na-kukla-barbi-v-kan-vizhte-ya | parsed_comments=6 | expected_comments=7 | comments_pages=1
2026-06-07 11:08:13 | INFO | dnes_bg_2026-06-07_10-52-13 | Processing comments page | article_url=https://www.dnes.bg/a/448-svobodno-vreme/722556-staro-intervyu-na-slavi-trifonov-s-dara-predizvika-vazmushtenie-onlayn-video | comments_url=https://www.dnes.bg/a/448-svobodno-vreme/722556-staro-intervyu-na-slavi-trifonov-s-dara-predizvika-vazmushtenie-onlayn-video/comments | expected_comment_count=152
2026-06-07 11:08:43 | INFO | dnes_bg_2026-06-07_10-52-13 | Parsed comments pages | article_url=https://www.dnes.bg/a/448-svobodno-vreme/722556-staro-intervyu-na-slavi-trifonov-s-dara-predizvika-vazmushtenie-onlayn-video | parsed_comments=100 | expected_comments=152 | comments_pages=10
2026-06-07 11:08:43 | INFO | dnes_bg_2026-06-07_10-52-13 | Processing comments page | article_url=https://www.dnes.bg/a/448-svobodno-vreme/722477-zendaya-pak-ne-izdade-dali-e-vdignala-svatba-s-tom-holand | comments_url=https://www.dnes.bg/a/448-svobodno-vreme/722477-zendaya-pak-ne-izdade-dali-e-vdignala-svatba-s-tom-holand/comments | expected_comment_count=4
2026-06-07 11:08:45 | INFO | dnes_bg_2026-06-07_10-52-13 | Parsed comments pages | article_url=https://www.dnes.bg/a/448-svobodno-vreme/722477-zendaya-pak-ne-izdade-dali-e-vdignala-svatba-s-tom-holand | parsed_comments=2 | expected_comments=4 | comments_pages=1
2026-06-07 11:08:45 | INFO | dnes_bg_2026-06-07_10-52-13 | Processing comments page | article_url=https://www.dnes.bg/a/448-svobodno-vreme/722481-saveti-za-dobro-zdrave-i-dalag-zhivot | comments_url=https://www.dnes.bg/a/448-svobodno-vreme/722481-saveti-za-dobro-zdrave-i-dalag-zhivot/comments | expected_comment_count=8
2026-06-07 11:08:47 | INFO | dnes_bg_2026-06-07_10-52-13 | Parsed comments pages | article_url=https://www.dnes.bg/a/448-svobodno-vreme/722481-saveti-za-dobro-zdrave-i-dalag-zhivot | parsed_comments=5 | expected_comments=8 | comments_pages=1
2026-06-07 11:08:47 | INFO | dnes_bg_2026-06-07_10-52-13 | Processing comments page | article_url=https://www.dnes.bg/a/448-svobodno-vreme/722533-mariya-stefanova-s-askeer-za-tsyalosten-prinos-mladen-mladenov-s-pochetna-statuetka | comments_url=https://www.dnes.bg/a/448-svobodno-vreme/722533-mariya-stefanova-s-askeer-za-tsyalosten-prinos-mladen-mladenov-s-pochetna-statuetka/comments | expected_comment_count=8
2026-06-07 11:08:51 | INFO | dnes_bg_2026-06-07_10-52-13 | Parsed comments pages | article_url=https://www.dnes.bg/a/448-svobodno-vreme/722533-mariya-stefanova-s-askeer-za-tsyalosten-prinos-mladen-mladenov-s-pochetna-statuetka | parsed_comments=7 | expected_comments=8 | comments_pages=1
2026-06-07 11:08:51 | INFO | dnes_bg_2026-06-07_10-52-13 | Processing comments page | article_url=https://www.dnes.bg/a/448-svobodno-vreme/722526-publikata-slushashe-bez-dah-a-posle-izbuhvashe-lili-ivanova-s-vtori-kontsert-v-zala-olimpiya | comments_url=https://www.dnes.bg/a/448-svobodno-vreme/722526-publikata-slushashe-bez-dah-a-posle-izbuhvashe-lili-ivanova-s-vtori-kontsert-v-zala-olimpiya/comments | expected_comment_count=77
2026-06-07 11:09:04 | INFO | dnes_bg_2026-06-07_10-52-13 | Parsed comments pages | article_url=https://www.dnes.bg/a/448-svobodno-vreme/722526-publikata-slushashe-bez-dah-a-posle-izbuhvashe-lili-ivanova-s-vtori-kontsert-v-zala-olimpiya | parsed_comments=46 | expected_comments=77 | comments_pages=5
2026-06-07 11:09:04 | INFO | dnes_bg_2026-06-07_10-52-13 | Processing comments page | article_url=https://www.dnes.bg/a/448-svobodno-vreme/722521-namalyavaneto-na-byusta-stava-vse-po-populyarna-protsedura | comments_url=https://www.dnes.bg/a/448-svobodno-vreme/722521-namalyavaneto-na-byusta-stava-vse-po-populyarna-protsedura/comments | expected_comment_count=47
2026-06-07 11:09:12 | INFO | dnes_bg_2026-06-07_10-52-13 | Parsed comments pages | article_url=https://www.dnes.bg/a/448-svobodno-vreme/722521-namalyavaneto-na-byusta-stava-vse-po-populyarna-protsedura | parsed_comments=21 | expected_comments=47 | comments_pages=3
2026-06-07 11:09:12 | INFO | dnes_bg_2026-06-07_10-52-13 | Processing comments page | article_url=https://www.dnes.bg/a/448-svobodno-vreme/722408-gost-na-svatba-idealnite-rokli-za-vseki-dreskod | comments_url=https://www.dnes.bg/a/448-svobodno-vreme/722408-gost-na-svatba-idealnite-rokli-za-vseki-dreskod/comments | expected_comment_count=21
2026-06-07 11:09:14 | INFO | dnes_bg_2026-06-07_10-52-13 | Parsed comments pages | article_url=https://www.dnes.bg/a/448-svobodno-vreme/722408-gost-na-svatba-idealnite-rokli-za-vseki-dreskod | parsed_comments=2 | expected_comments=21 | comments_pages=1
2026-06-07 11:09:14 | INFO | dnes_bg_2026-06-07_10-52-13 | Processing comments page | article_url=https://www.dnes.bg/a/448-svobodno-vreme/722505-andrey-zvyagintsev-vze-golyamata-nagrada-v-kan-ruskite-medii-malchat | comments_url=https://www.dnes.bg/a/448-svobodno-vreme/722505-andrey-zvyagintsev-vze-golyamata-nagrada-v-kan-ruskite-medii-malchat/comments | expected_comment_count=43
2026-06-07 11:09:26 | INFO | dnes_bg_2026-06-07_10-52-13 | Parsed comments pages | article_url=https://www.dnes.bg/a/448-svobodno-vreme/722505-andrey-zvyagintsev-vze-golyamata-nagrada-v-kan-ruskite-medii-malchat | parsed_comments=37 | expected_comments=43 | comments_pages=4
2026-06-07 11:09:26 | INFO | dnes_bg_2026-06-07_10-52-13 | Processing comments page | article_url=https://www.dnes.bg/a/5-zdrave/722409-8-superhrani-koito-shte-se-grizhat-za-vashiya-tonus-prez-lyatoto | comments_url=https://www.dnes.bg/a/5-zdrave/722409-8-superhrani-koito-shte-se-grizhat-za-vashiya-tonus-prez-lyatoto/comments | expected_comment_count=4
2026-06-07 11:09:28 | INFO | dnes_bg_2026-06-07_10-52-13 | Parsed comments pages | article_url=https://www.dnes.bg/a/5-zdrave/722409-8-superhrani-koito-shte-se-grizhat-za-vashiya-tonus-prez-lyatoto | parsed_comments=4 | expected_comments=4 | comments_pages=1
2026-06-07 11:09:28 | INFO | dnes_bg_2026-06-07_10-52-13 | Processing comments page | article_url=https://www.dnes.bg/a/448-svobodno-vreme/722406-shampionkata-v-tenisa-arina-sabalenka-blesna-na-koritsata-na-vogue | comments_url=https://www.dnes.bg/a/448-svobodno-vreme/722406-shampionkata-v-tenisa-arina-sabalenka-blesna-na-koritsata-na-vogue/comments | expected_comment_count=10
2026-06-07 11:09:30 | INFO | dnes_bg_2026-06-07_10-52-13 | Parsed comments pages | article_url=https://www.dnes.bg/a/448-svobodno-vreme/722406-shampionkata-v-tenisa-arina-sabalenka-blesna-na-koritsata-na-vogue | parsed_comments=8 | expected_comments=10 | comments_pages=1
2026-06-07 11:09:30 | INFO | dnes_bg_2026-06-07_10-52-13 | Processing comments page | article_url=https://www.dnes.bg/a/448-svobodno-vreme/722495-pochina-maykata-na-sofi-marinova | comments_url=https://www.dnes.bg/a/448-svobodno-vreme/722495-pochina-maykata-na-sofi-marinova/comments | expected_comment_count=16
2026-06-07 11:09:36 | INFO | dnes_bg_2026-06-07_10-52-13 | Parsed comments pages | article_url=https://www.dnes.bg/a/448-svobodno-vreme/722495-pochina-maykata-na-sofi-marinova | parsed_comments=11 | expected_comments=16 | comments_pages=2
2026-06-07 11:09:36 | INFO | dnes_bg_2026-06-07_10-52-13 | Processing comments page | article_url=https://www.dnes.bg/a/448-svobodno-vreme/722332-kak-da-posreshtate-gosti-kato-profesionalist | comments_url=https://www.dnes.bg/a/448-svobodno-vreme/722332-kak-da-posreshtate-gosti-kato-profesionalist/comments | expected_comment_count=1
2026-06-07 11:09:38 | INFO | dnes_bg_2026-06-07_10-52-13 | Parsed comments pages | article_url=https://www.dnes.bg/a/448-svobodno-vreme/722332-kak-da-posreshtate-gosti-kato-profesionalist | parsed_comments=1 | expected_comments=1 | comments_pages=1
2026-06-07 11:09:38 | INFO | dnes_bg_2026-06-07_10-52-13 | Processing comments page | article_url=https://www.dnes.bg/a/448-svobodno-vreme/722313-3-marzelivi-nedelni-zakuski | comments_url=https://www.dnes.bg/a/448-svobodno-vreme/722313-3-marzelivi-nedelni-zakuski/comments | expected_comment_count=2
2026-06-07 11:09:39 | INFO | dnes_bg_2026-06-07_10-52-13 | Parsed comments pages | article_url=https://www.dnes.bg/a/448-svobodno-vreme/722313-3-marzelivi-nedelni-zakuski | parsed_comments=1 | expected_comments=2 | comments_pages=1
2026-06-07 11:09:39 | INFO | dnes_bg_2026-06-07_10-52-13 | Processing comments page | article_url=https://www.dnes.bg/a/448-svobodno-vreme/722308-retseptata-dnes-kartofena-salata-s-riba-ton | comments_url=https://www.dnes.bg/a/448-svobodno-vreme/722308-retseptata-dnes-kartofena-salata-s-riba-ton/comments | expected_comment_count=2
2026-06-07 11:09:42 | INFO | dnes_bg_2026-06-07_10-52-13 | Parsed comments pages | article_url=https://www.dnes.bg/a/448-svobodno-vreme/722308-retseptata-dnes-kartofena-salata-s-riba-ton | parsed_comments=0 | expected_comments=2 | comments_pages=1
2026-06-07 11:09:42 | INFO | dnes_bg_2026-06-07_10-52-13 | Processing comments page | article_url=https://www.dnes.bg/a/448-svobodno-vreme/722403-pricheskata-na-demi-mur-predizvika-furor-na-filmoviya-festival-v-kan | comments_url=https://www.dnes.bg/a/448-svobodno-vreme/722403-pricheskata-na-demi-mur-predizvika-furor-na-filmoviya-festival-v-kan/comments | expected_comment_count=21
2026-06-07 11:09:45 | INFO | dnes_bg_2026-06-07_10-52-13 | Parsed comments pages | article_url=https://www.dnes.bg/a/448-svobodno-vreme/722403-pricheskata-na-demi-mur-predizvika-furor-na-filmoviya-festival-v-kan | parsed_comments=10 | expected_comments=21 | comments_pages=1
2026-06-07 11:09:52 | INFO | dnes_bg_2026-06-07_10-52-13 | Processing category page | url=https://www.dnes.bg/c/448-svobodno-vreme?page=17
2026-06-07 11:09:52 | INFO | dnes_bg_2026-06-07_10-52-13 | Parsed category page | url=https://www.dnes.bg/c/448-svobodno-vreme?page=17 | articles_found=17
2026-06-07 11:09:52 | INFO | dnes_bg_2026-06-07_10-52-13 | Parsed category page | url=https://www.dnes.bg/c/448-svobodno-vreme?page=17 | articles_found=17
2026-06-07 11:09:52 | INFO | dnes_bg_2026-06-07_10-52-13 | Processing comments page | article_url=https://www.dnes.bg/a/448-svobodno-vreme/722402-koya-e-pricheskata-za-koyato-dzhenifar-anistan-vinagi-sazhalyava-makar-sandra-balok-da-smyata-che-otiva | comments_url=https://www.dnes.bg/a/448-svobodno-vreme/722402-koya-e-pricheskata-za-koyato-dzhenifar-anistan-vinagi-sazhalyava-makar-sandra-balok-da-smyata-che-otiva/comments | expected_comment_count=6
2026-06-07 11:09:54 | INFO | dnes_bg_2026-06-07_10-52-13 | Parsed comments pages | article_url=https://www.dnes.bg/a/448-svobodno-vreme/722402-koya-e-pricheskata-za-koyato-dzhenifar-anistan-vinagi-sazhalyava-makar-sandra-balok-da-smyata-che-otiva | parsed_comments=5 | expected_comments=6 | comments_pages=1
2026-06-07 11:09:54 | INFO | dnes_bg_2026-06-07_10-52-13 | Processing comments page | article_url=https://www.dnes.bg/a/1-bulgaria/722448-dzhonatan-angelov-ot-sotsialni-domove-do-biznes-za-miliardi | comments_url=https://www.dnes.bg/a/1-bulgaria/722448-dzhonatan-angelov-ot-sotsialni-domove-do-biznes-za-miliardi/comments | expected_comment_count=26
2026-06-07 11:10:00 | INFO | dnes_bg_2026-06-07_10-52-13 | Parsed comments pages | article_url=https://www.dnes.bg/a/1-bulgaria/722448-dzhonatan-angelov-ot-sotsialni-domove-do-biznes-za-miliardi | parsed_comments=20 | expected_comments=26 | comments_pages=2
2026-06-07 11:10:00 | INFO | dnes_bg_2026-06-07_10-52-13 | Processing comments page | article_url=https://www.dnes.bg/a/448-svobodno-vreme/722443-treskava-podgotovka-i-valnenie-v-parizh-lili-otnovo-shte-pee-v-zala-olimpiya | comments_url=https://www.dnes.bg/a/448-svobodno-vreme/722443-treskava-podgotovka-i-valnenie-v-parizh-lili-otnovo-shte-pee-v-zala-olimpiya/comments | expected_comment_count=25
2026-06-07 11:10:05 | INFO | dnes_bg_2026-06-07_10-52-13 | Parsed comments pages | article_url=https://www.dnes.bg/a/448-svobodno-vreme/722443-treskava-podgotovka-i-valnenie-v-parizh-lili-otnovo-shte-pee-v-zala-olimpiya | parsed_comments=18 | expected_comments=25 | comments_pages=2
2026-06-07 11:10:05 | INFO | dnes_bg_2026-06-07_10-52-13 | Processing comments page | article_url=https://www.dnes.bg/a/448-svobodno-vreme/722305-5-pricheski-koito-sa-lesni-za-poddarzhane | comments_url=https://www.dnes.bg/a/448-svobodno-vreme/722305-5-pricheski-koito-sa-lesni-za-poddarzhane/comments | expected_comment_count=2
2026-06-07 11:10:11 | INFO | dnes_bg_2026-06-07_10-52-13 | Parsed comments pages | article_url=https://www.dnes.bg/a/448-svobodno-vreme/722305-5-pricheski-koito-sa-lesni-za-poddarzhane | parsed_comments=2 | expected_comments=2 | comments_pages=1
2026-06-07 11:10:11 | INFO | dnes_bg_2026-06-07_10-52-13 | Processing comments page | article_url=https://www.dnes.bg/a/448-svobodno-vreme/722440-bangaranga-e-polozhenieto-pesenta-e-na-gratski-produtsent-takava-e-sdelkata | comments_url=https://www.dnes.bg/a/448-svobodno-vreme/722440-bangaranga-e-polozhenieto-pesenta-e-na-gratski-produtsent-takava-e-sdelkata/comments | expected_comment_count=125
2026-06-07 11:10:41 | INFO | dnes_bg_2026-06-07_10-52-13 | Parsed comments pages | article_url=https://www.dnes.bg/a/448-svobodno-vreme/722440-bangaranga-e-polozhenieto-pesenta-e-na-gratski-produtsent-takava-e-sdelkata | parsed_comments=105 | expected_comments=125 | comments_pages=11
2026-06-07 11:10:41 | INFO | dnes_bg_2026-06-07_10-52-13 | Processing comments page | article_url=https://www.dnes.bg/a/448-svobodno-vreme/722405-kakvo-se-sluchva-s-dzheysan-luis-aktyorat-ot-seksat-i-gradat-koyto-napusna-dobrovolno-holivud | comments_url=https://www.dnes.bg/a/448-svobodno-vreme/722405-kakvo-se-sluchva-s-dzheysan-luis-aktyorat-ot-seksat-i-gradat-koyto-napusna-dobrovolno-holivud/comments | expected_comment_count=5
2026-06-07 11:10:43 | INFO | dnes_bg_2026-06-07_10-52-13 | Parsed comments pages | article_url=https://www.dnes.bg/a/448-svobodno-vreme/722405-kakvo-se-sluchva-s-dzheysan-luis-aktyorat-ot-seksat-i-gradat-koyto-napusna-dobrovolno-holivud | parsed_comments=5 | expected_comments=5 | comments_pages=1
2026-06-07 11:10:43 | INFO | dnes_bg_2026-06-07_10-52-13 | Processing comments page | article_url=https://www.dnes.bg/a/448-svobodno-vreme/722407-kral-charlz-napravi-spetsialen-podarak-na-printsesa-sharlot | comments_url=https://www.dnes.bg/a/448-svobodno-vreme/722407-kral-charlz-napravi-spetsialen-podarak-na-printsesa-sharlot/comments | expected_comment_count=5
2026-06-07 11:10:45 | INFO | dnes_bg_2026-06-07_10-52-13 | Parsed comments pages | article_url=https://www.dnes.bg/a/448-svobodno-vreme/722407-kral-charlz-napravi-spetsialen-podarak-na-printsesa-sharlot | parsed_comments=4 | expected_comments=5 | comments_pages=1
2026-06-07 11:10:45 | INFO | dnes_bg_2026-06-07_10-52-13 | Processing comments page | article_url=https://www.dnes.bg/a/448-svobodno-vreme/722306-zashto-sa-vazhni-aglite-na-uyuta-v-doma | comments_url=https://www.dnes.bg/a/448-svobodno-vreme/722306-zashto-sa-vazhni-aglite-na-uyuta-v-doma/comments | expected_comment_count=1
2026-06-07 11:10:48 | INFO | dnes_bg_2026-06-07_10-52-13 | Parsed comments pages | article_url=https://www.dnes.bg/a/448-svobodno-vreme/722306-zashto-sa-vazhni-aglite-na-uyuta-v-doma | parsed_comments=1 | expected_comments=1 | comments_pages=1
2026-06-07 11:10:48 | INFO | dnes_bg_2026-06-07_10-52-13 | Processing comments page | article_url=https://www.dnes.bg/a/448-svobodno-vreme/722307-retseptata-dnes-vkusno-predyastie-s-pushena-syomga | comments_url=https://www.dnes.bg/a/448-svobodno-vreme/722307-retseptata-dnes-vkusno-predyastie-s-pushena-syomga/comments | expected_comment_count=7
2026-06-07 11:10:50 | INFO | dnes_bg_2026-06-07_10-52-13 | Parsed comments pages | article_url=https://www.dnes.bg/a/448-svobodno-vreme/722307-retseptata-dnes-vkusno-predyastie-s-pushena-syomga | parsed_comments=4 | expected_comments=7 | comments_pages=1
2026-06-07 11:10:50 | INFO | dnes_bg_2026-06-07_10-52-13 | Processing comments page | article_url=https://www.dnes.bg/a/2-svyat/722247-chast-ot-stalbishteto-na-ayfelovata-kula-be-prodadeno-za-450-160-evro | comments_url=https://www.dnes.bg/a/2-svyat/722247-chast-ot-stalbishteto-na-ayfelovata-kula-be-prodadeno-za-450-160-evro/comments | expected_comment_count=15
2026-06-07 11:10:52 | INFO | dnes_bg_2026-06-07_10-52-13 | Parsed comments pages | article_url=https://www.dnes.bg/a/2-svyat/722247-chast-ot-stalbishteto-na-ayfelovata-kula-be-prodadeno-za-450-160-evro | parsed_comments=5 | expected_comments=15 | comments_pages=1
2026-06-07 11:10:52 | INFO | dnes_bg_2026-06-07_10-52-13 | Processing comments page | article_url=https://www.dnes.bg/a/448-svobodno-vreme/722148-5-idei-za-semeyni-zabavleniya-prez-dalgiya-uikend | comments_url=https://www.dnes.bg/a/448-svobodno-vreme/722148-5-idei-za-semeyni-zabavleniya-prez-dalgiya-uikend/comments | expected_comment_count=12
2026-06-07 11:10:55 | INFO | dnes_bg_2026-06-07_10-52-13 | Parsed comments pages | article_url=https://www.dnes.bg/a/448-svobodno-vreme/722148-5-idei-za-semeyni-zabavleniya-prez-dalgiya-uikend | parsed_comments=2 | expected_comments=12 | comments_pages=1
2026-06-07 11:10:55 | INFO | dnes_bg_2026-06-07_10-52-13 | Processing comments page | article_url=https://www.dnes.bg/a/448-svobodno-vreme/722262-pr-trik-li-e-vrazkata-mezhdu-dzhey-lo-i-bret-goldstin | comments_url=https://www.dnes.bg/a/448-svobodno-vreme/722262-pr-trik-li-e-vrazkata-mezhdu-dzhey-lo-i-bret-goldstin/comments | expected_comment_count=5
2026-06-07 11:10:57 | INFO | dnes_bg_2026-06-07_10-52-13 | Parsed comments pages | article_url=https://www.dnes.bg/a/448-svobodno-vreme/722262-pr-trik-li-e-vrazkata-mezhdu-dzhey-lo-i-bret-goldstin | parsed_comments=3 | expected_comments=5 | comments_pages=1
2026-06-07 11:10:57 | INFO | dnes_bg_2026-06-07_10-52-13 | Processing comments page | article_url=https://www.dnes.bg/a/448-svobodno-vreme/722274-mishel-pfayfar-spodeli-siyayni-snimki-bez-grim-ot-mechtanata-vakantsiya | comments_url=https://www.dnes.bg/a/448-svobodno-vreme/722274-mishel-pfayfar-spodeli-siyayni-snimki-bez-grim-ot-mechtanata-vakantsiya/comments | expected_comment_count=4
2026-06-07 11:11:00 | INFO | dnes_bg_2026-06-07_10-52-13 | Parsed comments pages | article_url=https://www.dnes.bg/a/448-svobodno-vreme/722274-mishel-pfayfar-spodeli-siyayni-snimki-bez-grim-ot-mechtanata-vakantsiya | parsed_comments=2 | expected_comments=4 | comments_pages=1
2026-06-07 11:11:00 | INFO | dnes_bg_2026-06-07_10-52-13 | Skipping article with zero comments | article_url=https://www.dnes.bg/a/448-svobodno-vreme/722317-lora-darn-sabra-semeystvoto-si-na-cherveniya-kilim-v-kan
2026-06-07 11:11:00 | INFO | dnes_bg_2026-06-07_10-52-13 | Processing comments page | article_url=https://www.dnes.bg/a/448-svobodno-vreme/722275-7-znaka-che-mazhat-e-s-vas-zaradi-parite-vi | comments_url=https://www.dnes.bg/a/448-svobodno-vreme/722275-7-znaka-che-mazhat-e-s-vas-zaradi-parite-vi/comments | expected_comment_count=22
2026-06-07 11:11:05 | INFO | dnes_bg_2026-06-07_10-52-13 | Parsed comments pages | article_url=https://www.dnes.bg/a/448-svobodno-vreme/722275-7-znaka-che-mazhat-e-s-vas-zaradi-parite-vi | parsed_comments=17 | expected_comments=22 | comments_pages=2
2026-06-07 11:11:05 | INFO | dnes_bg_2026-06-07_10-52-13 | Processing comments page | article_url=https://www.dnes.bg/a/448-svobodno-vreme/722266-bela-hadid-obra-tochkite-po-prozrachna-roklya-v-kan | comments_url=https://www.dnes.bg/a/448-svobodno-vreme/722266-bela-hadid-obra-tochkite-po-prozrachna-roklya-v-kan/comments | expected_comment_count=6
2026-06-07 11:11:07 | INFO | dnes_bg_2026-06-07_10-52-13 | Parsed comments pages | article_url=https://www.dnes.bg/a/448-svobodno-vreme/722266-bela-hadid-obra-tochkite-po-prozrachna-roklya-v-kan | parsed_comments=4 | expected_comments=6 | comments_pages=1
2026-06-07 11:11:07 | INFO | dnes_bg_2026-06-07_10-52-13 | Processing comments page | article_url=https://www.dnes.bg/a/448-svobodno-vreme/722269-hitat-na-sezona-kvadratni-dekolteta | comments_url=https://www.dnes.bg/a/448-svobodno-vreme/722269-hitat-na-sezona-kvadratni-dekolteta/comments | expected_comment_count=3
2026-06-07 11:11:10 | INFO | dnes_bg_2026-06-07_10-52-13 | Parsed comments pages | article_url=https://www.dnes.bg/a/448-svobodno-vreme/722269-hitat-na-sezona-kvadratni-dekolteta | parsed_comments=3 | expected_comments=3 | comments_pages=1
2026-06-07 11:11:16 | INFO | dnes_bg_2026-06-07_10-52-13 | Processing category page | url=https://www.dnes.bg/c/448-svobodno-vreme?page=18
2026-06-07 11:11:16 | INFO | dnes_bg_2026-06-07_10-52-13 | Parsed category page | url=https://www.dnes.bg/c/448-svobodno-vreme?page=18 | articles_found=17
2026-06-07 11:11:16 | INFO | dnes_bg_2026-06-07_10-52-13 | Parsed category page | url=https://www.dnes.bg/c/448-svobodno-vreme?page=18 | articles_found=17
2026-06-07 11:11:16 | INFO | dnes_bg_2026-06-07_10-52-13 | Skipping article with zero comments | article_url=https://www.dnes.bg/a/448-svobodno-vreme/722145-7-stapki-koito-shte-vi-prevarnat-v-lider
2026-06-07 11:11:16 | INFO | dnes_bg_2026-06-07_10-52-13 | Processing comments page | article_url=https://www.dnes.bg/a/448-svobodno-vreme/722368-italianskata-politsiya-nahlu-zvezdno-ostrovno-parti-na-koeto-prisastvashe-i-mik-dzhagar | comments_url=https://www.dnes.bg/a/448-svobodno-vreme/722368-italianskata-politsiya-nahlu-zvezdno-ostrovno-parti-na-koeto-prisastvashe-i-mik-dzhagar/comments | expected_comment_count=6
2026-06-07 11:11:19 | INFO | dnes_bg_2026-06-07_10-52-13 | Parsed comments pages | article_url=https://www.dnes.bg/a/448-svobodno-vreme/722368-italianskata-politsiya-nahlu-zvezdno-ostrovno-parti-na-koeto-prisastvashe-i-mik-dzhagar | parsed_comments=3 | expected_comments=6 | comments_pages=1
2026-06-07 11:11:19 | INFO | dnes_bg_2026-06-07_10-52-13 | Processing comments page | article_url=https://www.dnes.bg/a/448-svobodno-vreme/722318-11-harakteristiki-na-horata-koito-pechelyat-no-ostavat-bez-puknata-para | comments_url=https://www.dnes.bg/a/448-svobodno-vreme/722318-11-harakteristiki-na-horata-koito-pechelyat-no-ostavat-bez-puknata-para/comments | expected_comment_count=2
2026-06-07 11:11:22 | INFO | dnes_bg_2026-06-07_10-52-13 | Parsed comments pages | article_url=https://www.dnes.bg/a/448-svobodno-vreme/722318-11-harakteristiki-na-horata-koito-pechelyat-no-ostavat-bez-puknata-para | parsed_comments=2 | expected_comments=2 | comments_pages=1
2026-06-07 11:11:22 | INFO | dnes_bg_2026-06-07_10-52-13 | Skipping article with zero comments | article_url=https://www.dnes.bg/a/448-svobodno-vreme/722267-kapitanat-na-astan-vila-se-izkaza-laskavo-za-prints-uilyam
2026-06-07 11:11:22 | INFO | dnes_bg_2026-06-07_10-52-13 | Processing comments page | article_url=https://www.dnes.bg/a/448-svobodno-vreme/722364-mozhe-da-stanete-noviyat-sobstvenik-na-portata-kam-ada-video | comments_url=https://www.dnes.bg/a/448-svobodno-vreme/722364-mozhe-da-stanete-noviyat-sobstvenik-na-portata-kam-ada-video/comments | expected_comment_count=1
2026-06-07 11:11:24 | INFO | dnes_bg_2026-06-07_10-52-13 | Parsed comments pages | article_url=https://www.dnes.bg/a/448-svobodno-vreme/722364-mozhe-da-stanete-noviyat-sobstvenik-na-portata-kam-ada-video | parsed_comments=1 | expected_comments=1 | comments_pages=1
2026-06-07 11:11:24 | INFO | dnes_bg_2026-06-07_10-52-13 | Processing comments page | article_url=https://www.dnes.bg/a/448-svobodno-vreme/722346-napadnaha-riki-martin-sas-salzotvoren-gaz-na-kontsert-v-cherna-gora-video | comments_url=https://www.dnes.bg/a/448-svobodno-vreme/722346-napadnaha-riki-martin-sas-salzotvoren-gaz-na-kontsert-v-cherna-gora-video/comments | expected_comment_count=18
2026-06-07 11:11:29 | INFO | dnes_bg_2026-06-07_10-52-13 | Parsed comments pages | article_url=https://www.dnes.bg/a/448-svobodno-vreme/722346-napadnaha-riki-martin-sas-salzotvoren-gaz-na-kontsert-v-cherna-gora-video | parsed_comments=17 | expected_comments=18 | comments_pages=2
2026-06-07 11:11:29 | INFO | dnes_bg_2026-06-07_10-52-13 | Processing comments page | article_url=https://www.dnes.bg/a/448-svobodno-vreme/722325-lili-ivanova-katsna-v-parizh-blagodari-na-ekipazha-na-bulgaria-air | comments_url=https://www.dnes.bg/a/448-svobodno-vreme/722325-lili-ivanova-katsna-v-parizh-blagodari-na-ekipazha-na-bulgaria-air/comments | expected_comment_count=42
2026-06-07 11:11:40 | INFO | dnes_bg_2026-06-07_10-52-13 | Parsed comments pages | article_url=https://www.dnes.bg/a/448-svobodno-vreme/722325-lili-ivanova-katsna-v-parizh-blagodari-na-ekipazha-na-bulgaria-air | parsed_comments=41 | expected_comments=42 | comments_pages=5
2026-06-07 11:11:40 | INFO | dnes_bg_2026-06-07_10-52-13 | Processing comments page | article_url=https://www.dnes.bg/a/448-svobodno-vreme/722248-unikalno-shou-ibrahimovich-i-taysan-fyuri-na-ringa-v-dablin | comments_url=https://www.dnes.bg/a/448-svobodno-vreme/722248-unikalno-shou-ibrahimovich-i-taysan-fyuri-na-ringa-v-dablin/comments | expected_comment_count=4
2026-06-07 11:11:42 | INFO | dnes_bg_2026-06-07_10-52-13 | Parsed comments pages | article_url=https://www.dnes.bg/a/448-svobodno-vreme/722248-unikalno-shou-ibrahimovich-i-taysan-fyuri-na-ringa-v-dablin | parsed_comments=4 | expected_comments=4 | comments_pages=1
2026-06-07 11:11:42 | INFO | dnes_bg_2026-06-07_10-52-13 | Processing comments page | article_url=https://www.dnes.bg/a/448-svobodno-vreme/722147-3-retsepti-za-sladkishi-bez-zahar | comments_url=https://www.dnes.bg/a/448-svobodno-vreme/722147-3-retsepti-za-sladkishi-bez-zahar/comments | expected_comment_count=2
2026-06-07 11:11:44 | INFO | dnes_bg_2026-06-07_10-52-13 | Parsed comments pages | article_url=https://www.dnes.bg/a/448-svobodno-vreme/722147-3-retsepti-za-sladkishi-bez-zahar | parsed_comments=2 | expected_comments=2 | comments_pages=1
2026-06-07 11:11:44 | INFO | dnes_bg_2026-06-07_10-52-13 | Processing comments page | article_url=https://www.dnes.bg/a/558-vremeto/722238-dnes-pak-oblatsi-pak-dazhd-pak-gradushki-na-mesta | comments_url=https://www.dnes.bg/a/558-vremeto/722238-dnes-pak-oblatsi-pak-dazhd-pak-gradushki-na-mesta/comments | expected_comment_count=10
2026-06-07 11:11:46 | INFO | dnes_bg_2026-06-07_10-52-13 | Parsed comments pages | article_url=https://www.dnes.bg/a/558-vremeto/722238-dnes-pak-oblatsi-pak-dazhd-pak-gradushki-na-mesta | parsed_comments=4 | expected_comments=10 | comments_pages=1
2026-06-07 11:11:46 | INFO | dnes_bg_2026-06-07_10-52-13 | Processing comments page | article_url=https://www.dnes.bg/a/1-bulgaria/722237-dnes-e-vtorata-matura-yavyavat-se-24-hilyadi-zrelostnitsi | comments_url=https://www.dnes.bg/a/1-bulgaria/722237-dnes-e-vtorata-matura-yavyavat-se-24-hilyadi-zrelostnitsi/comments | expected_comment_count=2
2026-06-07 11:11:48 | INFO | dnes_bg_2026-06-07_10-52-13 | Parsed comments pages | article_url=https://www.dnes.bg/a/1-bulgaria/722237-dnes-e-vtorata-matura-yavyavat-se-24-hilyadi-zrelostnitsi | parsed_comments=2 | expected_comments=2 | comments_pages=1
2026-06-07 11:11:48 | INFO | dnes_bg_2026-06-07_10-52-13 | Processing comments page | article_url=https://www.dnes.bg/a/448-svobodno-vreme/722236-dara-poluchi-pozhiznen-bilet-za-natsionalniya-etnografski-muzey | comments_url=https://www.dnes.bg/a/448-svobodno-vreme/722236-dara-poluchi-pozhiznen-bilet-za-natsionalniya-etnografski-muzey/comments | expected_comment_count=27
2026-06-07 11:11:56 | INFO | dnes_bg_2026-06-07_10-52-13 | Parsed comments pages | article_url=https://www.dnes.bg/a/448-svobodno-vreme/722236-dara-poluchi-pozhiznen-bilet-za-natsionalniya-etnografski-muzey | parsed_comments=25 | expected_comments=27 | comments_pages=3
2026-06-07 11:11:56 | INFO | dnes_bg_2026-06-07_10-52-13 | Processing comments page | article_url=https://www.dnes.bg/a/1-bulgaria/722235-obyavyavat-parvoto-klasirane-za-detskite-gradini-i-yasli-v-sofiya | comments_url=https://www.dnes.bg/a/1-bulgaria/722235-obyavyavat-parvoto-klasirane-za-detskite-gradini-i-yasli-v-sofiya/comments | expected_comment_count=1
2026-06-07 11:11:58 | INFO | dnes_bg_2026-06-07_10-52-13 | Parsed comments pages | article_url=https://www.dnes.bg/a/1-bulgaria/722235-obyavyavat-parvoto-klasirane-za-detskite-gradini-i-yasli-v-sofiya | parsed_comments=1 | expected_comments=1 | comments_pages=1
2026-06-07 11:11:58 | INFO | dnes_bg_2026-06-07_10-52-13 | Processing comments page | article_url=https://www.dnes.bg/a/448-svobodno-vreme/722234-otide-si-legendarna-prima-na-muzikalniya-teatar | comments_url=https://www.dnes.bg/a/448-svobodno-vreme/722234-otide-si-legendarna-prima-na-muzikalniya-teatar/comments | expected_comment_count=3
2026-06-07 11:12:01 | INFO | dnes_bg_2026-06-07_10-52-13 | Parsed comments pages | article_url=https://www.dnes.bg/a/448-svobodno-vreme/722234-otide-si-legendarna-prima-na-muzikalniya-teatar | parsed_comments=2 | expected_comments=3 | comments_pages=1
2026-06-07 11:12:01 | INFO | dnes_bg_2026-06-07_10-52-13 | Processing comments page | article_url=https://www.dnes.bg/a/448-svobodno-vreme/722048-5-greshki-koito-dopuskate-v-otnoshenieto-si-kam-partnyora | comments_url=https://www.dnes.bg/a/448-svobodno-vreme/722048-5-greshki-koito-dopuskate-v-otnoshenieto-si-kam-partnyora/comments | expected_comment_count=10
2026-06-07 11:12:03 | INFO | dnes_bg_2026-06-07_10-52-13 | Parsed comments pages | article_url=https://www.dnes.bg/a/448-svobodno-vreme/722048-5-greshki-koito-dopuskate-v-otnoshenieto-si-kam-partnyora | parsed_comments=5 | expected_comments=10 | comments_pages=1
2026-06-07 11:12:03 | INFO | dnes_bg_2026-06-07_10-52-13 | Skipping article with zero comments | article_url=https://www.dnes.bg/a/448-svobodno-vreme/722132-kayli-minoug-tayno-se-borila-s-rak-za-vtori-pat
2026-06-07 11:12:03 | INFO | dnes_bg_2026-06-07_10-52-13 | Processing comments page | article_url=https://www.dnes.bg/a/448-svobodno-vreme/722166-29-godini-brak-sara-dzhesika-parkar-pokaza-lyubovta-koyato-holivud-ne-slomi | comments_url=https://www.dnes.bg/a/448-svobodno-vreme/722166-29-godini-brak-sara-dzhesika-parkar-pokaza-lyubovta-koyato-holivud-ne-slomi/comments | expected_comment_count=2
2026-06-07 11:12:09 | INFO | dnes_bg_2026-06-07_10-52-13 | Parsed comments pages | article_url=https://www.dnes.bg/a/448-svobodno-vreme/722166-29-godini-brak-sara-dzhesika-parkar-pokaza-lyubovta-koyato-holivud-ne-slomi | parsed_comments=0 | expected_comments=2 | comments_pages=1
2026-06-07 11:12:15 | INFO | dnes_bg_2026-06-07_10-52-13 | Processing category page | url=https://www.dnes.bg/c/448-svobodno-vreme?page=19
2026-06-07 11:12:15 | INFO | dnes_bg_2026-06-07_10-52-13 | Parsed category page | url=https://www.dnes.bg/c/448-svobodno-vreme?page=19 | articles_found=17
2026-06-07 11:12:15 | INFO | dnes_bg_2026-06-07_10-52-13 | Parsed category page | url=https://www.dnes.bg/c/448-svobodno-vreme?page=19 | articles_found=17
2026-06-07 11:12:15 | INFO | dnes_bg_2026-06-07_10-52-13 | Processing comments page | article_url=https://www.dnes.bg/a/448-svobodno-vreme/722134-blizkite-na-teylar-suift-sashto-ne-znayat-koga-i-kade-shte-e-svatbata | comments_url=https://www.dnes.bg/a/448-svobodno-vreme/722134-blizkite-na-teylar-suift-sashto-ne-znayat-koga-i-kade-shte-e-svatbata/comments | expected_comment_count=3
2026-06-07 11:12:18 | INFO | dnes_bg_2026-06-07_10-52-13 | Parsed comments pages | article_url=https://www.dnes.bg/a/448-svobodno-vreme/722134-blizkite-na-teylar-suift-sashto-ne-znayat-koga-i-kade-shte-e-svatbata | parsed_comments=3 | expected_comments=3 | comments_pages=1
2026-06-07 11:12:18 | INFO | dnes_bg_2026-06-07_10-52-13 | Processing comments page | article_url=https://www.dnes.bg/a/448-svobodno-vreme/722159-kayli-minoug-se-sabra-s-dzheysan-donovan-36-godini-sled-razdyalata-im | comments_url=https://www.dnes.bg/a/448-svobodno-vreme/722159-kayli-minoug-se-sabra-s-dzheysan-donovan-36-godini-sled-razdyalata-im/comments | expected_comment_count=3
2026-06-07 11:12:20 | INFO | dnes_bg_2026-06-07_10-52-13 | Parsed comments pages | article_url=https://www.dnes.bg/a/448-svobodno-vreme/722159-kayli-minoug-se-sabra-s-dzheysan-donovan-36-godini-sled-razdyalata-im | parsed_comments=2 | expected_comments=3 | comments_pages=1
2026-06-07 11:12:20 | INFO | dnes_bg_2026-06-07_10-52-13 | Processing comments page | article_url=https://www.dnes.bg/a/448-svobodno-vreme/722160-piars-brosnan-pokaza-kak-izglezhda-shtastieto-na-73 | comments_url=https://www.dnes.bg/a/448-svobodno-vreme/722160-piars-brosnan-pokaza-kak-izglezhda-shtastieto-na-73/comments | expected_comment_count=1
2026-06-07 11:12:22 | INFO | dnes_bg_2026-06-07_10-52-13 | Parsed comments pages | article_url=https://www.dnes.bg/a/448-svobodno-vreme/722160-piars-brosnan-pokaza-kak-izglezhda-shtastieto-na-73 | parsed_comments=1 | expected_comments=1 | comments_pages=1
2026-06-07 11:12:22 | INFO | dnes_bg_2026-06-07_10-52-13 | Processing comments page | article_url=https://www.dnes.bg/a/448-svobodno-vreme/722164-demi-mur-ne-yade-meso-no-konsumira-po-2-yaytsa-vseki-den-kakvi-sa-polzite | comments_url=https://www.dnes.bg/a/448-svobodno-vreme/722164-demi-mur-ne-yade-meso-no-konsumira-po-2-yaytsa-vseki-den-kakvi-sa-polzite/comments | expected_comment_count=9
2026-06-07 11:12:26 | INFO | dnes_bg_2026-06-07_10-52-13 | Parsed comments pages | article_url=https://www.dnes.bg/a/448-svobodno-vreme/722164-demi-mur-ne-yade-meso-no-konsumira-po-2-yaytsa-vseki-den-kakvi-sa-polzite | parsed_comments=7 | expected_comments=9 | comments_pages=1
2026-06-07 11:12:26 | INFO | dnes_bg_2026-06-07_10-52-13 | Skipping article with zero comments | article_url=https://www.dnes.bg/a/448-svobodno-vreme/722133-dalech-ot-futbolnite-mrezhi-filmov-debyut-za-erling-holand
2026-06-07 11:12:26 | INFO | dnes_bg_2026-06-07_10-52-13 | Processing comments page | article_url=https://www.dnes.bg/a/448-svobodno-vreme/722051-kak-da-podobrite-sanya-chrez-dizayn-na-spalnyata | comments_url=https://www.dnes.bg/a/448-svobodno-vreme/722051-kak-da-podobrite-sanya-chrez-dizayn-na-spalnyata/comments | expected_comment_count=2
2026-06-07 11:12:28 | INFO | dnes_bg_2026-06-07_10-52-13 | Parsed comments pages | article_url=https://www.dnes.bg/a/448-svobodno-vreme/722051-kak-da-podobrite-sanya-chrez-dizayn-na-spalnyata | parsed_comments=2 | expected_comments=2 | comments_pages=1
2026-06-07 11:12:28 | INFO | dnes_bg_2026-06-07_10-52-13 | Processing comments page | article_url=https://www.dnes.bg/a/448-svobodno-vreme/722053-kak-da-nosim-cherna-roklya-v-ofisa-na-parti-ili-prez-denya | comments_url=https://www.dnes.bg/a/448-svobodno-vreme/722053-kak-da-nosim-cherna-roklya-v-ofisa-na-parti-ili-prez-denya/comments | expected_comment_count=4
2026-06-07 11:12:30 | INFO | dnes_bg_2026-06-07_10-52-13 | Parsed comments pages | article_url=https://www.dnes.bg/a/448-svobodno-vreme/722053-kak-da-nosim-cherna-roklya-v-ofisa-na-parti-ili-prez-denya | parsed_comments=3 | expected_comments=4 | comments_pages=1
2026-06-07 11:12:30 | INFO | dnes_bg_2026-06-07_10-52-13 | Processing comments page | article_url=https://www.dnes.bg/a/448-svobodno-vreme/722131-novo-20-piyt-deyvidsan-podkrepya-finansovo-dashterya-si | comments_url=https://www.dnes.bg/a/448-svobodno-vreme/722131-novo-20-piyt-deyvidsan-podkrepya-finansovo-dashterya-si/comments | expected_comment_count=1
2026-06-07 11:12:33 | INFO | dnes_bg_2026-06-07_10-52-13 | Parsed comments pages | article_url=https://www.dnes.bg/a/448-svobodno-vreme/722131-novo-20-piyt-deyvidsan-podkrepya-finansovo-dashterya-si | parsed_comments=0 | expected_comments=1 | comments_pages=1
2026-06-07 11:12:33 | INFO | dnes_bg_2026-06-07_10-52-13 | Skipping article with zero comments | article_url=https://www.dnes.bg/a/448-svobodno-vreme/722202-empire-of-the-sun-idvat-v-sofiya-s-roi-turbo
2026-06-07 11:12:33 | INFO | dnes_bg_2026-06-07_10-52-13 | Processing comments page | article_url=https://www.dnes.bg/a/448-svobodno-vreme/722191-maestro-mario-hosen-obshtestvoto-se-poznava-po-otnoshenieto-mu-kam-duhovnoto | comments_url=https://www.dnes.bg/a/448-svobodno-vreme/722191-maestro-mario-hosen-obshtestvoto-se-poznava-po-otnoshenieto-mu-kam-duhovnoto/comments | expected_comment_count=3
2026-06-07 11:12:36 | INFO | dnes_bg_2026-06-07_10-52-13 | Parsed comments pages | article_url=https://www.dnes.bg/a/448-svobodno-vreme/722191-maestro-mario-hosen-obshtestvoto-se-poznava-po-otnoshenieto-mu-kam-duhovnoto | parsed_comments=2 | expected_comments=3 | comments_pages=1
2026-06-07 11:12:36 | INFO | dnes_bg_2026-06-07_10-52-13 | Processing comments page | article_url=https://www.dnes.bg/a/448-svobodno-vreme/722213-sauchenitsite-nestandarten-format-nestandarten-kontsert | comments_url=https://www.dnes.bg/a/448-svobodno-vreme/722213-sauchenitsite-nestandarten-format-nestandarten-kontsert/comments | expected_comment_count=1
2026-06-07 11:12:38 | INFO | dnes_bg_2026-06-07_10-52-13 | Parsed comments pages | article_url=https://www.dnes.bg/a/448-svobodno-vreme/722213-sauchenitsite-nestandarten-format-nestandarten-kontsert | parsed_comments=0 | expected_comments=1 | comments_pages=1
2026-06-07 11:12:38 | INFO | dnes_bg_2026-06-07_10-52-13 | Processing comments page | article_url=https://www.dnes.bg/a/448-svobodno-vreme/722215-dara-s-dozhivoten-bilet-za-natsionalniya-etnografski-muzey | comments_url=https://www.dnes.bg/a/448-svobodno-vreme/722215-dara-s-dozhivoten-bilet-za-natsionalniya-etnografski-muzey/comments | expected_comment_count=35
2026-06-07 11:12:46 | INFO | dnes_bg_2026-06-07_10-52-13 | Parsed comments pages | article_url=https://www.dnes.bg/a/448-svobodno-vreme/722215-dara-s-dozhivoten-bilet-za-natsionalniya-etnografski-muzey | parsed_comments=23 | expected_comments=35 | comments_pages=3
2026-06-07 11:12:46 | INFO | dnes_bg_2026-06-07_10-52-13 | Skipping article with zero comments | article_url=https://www.dnes.bg/a/448-svobodno-vreme/722214-zashto-modernata-zhena-kupuva-tvarde-mnogo-drehi-a-nyama-kakvo-da-obleche
2026-06-07 11:12:46 | INFO | dnes_bg_2026-06-07_10-52-13 | Processing comments page | article_url=https://www.dnes.bg/a/448-svobodno-vreme/722182-sofiya-shte-stane-mezhdunarodna-vagnerova-stolitsa-tova-lyato | comments_url=https://www.dnes.bg/a/448-svobodno-vreme/722182-sofiya-shte-stane-mezhdunarodna-vagnerova-stolitsa-tova-lyato/comments | expected_comment_count=4
2026-06-07 11:12:48 | INFO | dnes_bg_2026-06-07_10-52-13 | Parsed comments pages | article_url=https://www.dnes.bg/a/448-svobodno-vreme/722182-sofiya-shte-stane-mezhdunarodna-vagnerova-stolitsa-tova-lyato | parsed_comments=3 | expected_comments=4 | comments_pages=1
2026-06-07 11:12:48 | INFO | dnes_bg_2026-06-07_10-52-13 | Processing comments page | article_url=https://www.dnes.bg/a/448-svobodno-vreme/722181-dara-prizova-turtsiya-da-se-varne-na-stsenata-na-evroviziya | comments_url=https://www.dnes.bg/a/448-svobodno-vreme/722181-dara-prizova-turtsiya-da-se-varne-na-stsenata-na-evroviziya/comments | expected_comment_count=88
2026-06-07 11:13:05 | INFO | dnes_bg_2026-06-07_10-52-13 | Parsed comments pages | article_url=https://www.dnes.bg/a/448-svobodno-vreme/722181-dara-prizova-turtsiya-da-se-varne-na-stsenata-na-evroviziya | parsed_comments=69 | expected_comments=88 | comments_pages=7
2026-06-07 11:13:05 | INFO | dnes_bg_2026-06-07_10-52-13 | Processing comments page | article_url=https://www.dnes.bg/a/448-svobodno-vreme/722150-podigra-li-se-mihaela-marinova-s-dara-sled-pobedata-y-na-evroviziya | comments_url=https://www.dnes.bg/a/448-svobodno-vreme/722150-podigra-li-se-mihaela-marinova-s-dara-sled-pobedata-y-na-evroviziya/comments | expected_comment_count=129
2026-06-07 11:13:35 | INFO | dnes_bg_2026-06-07_10-52-13 | Parsed comments pages | article_url=https://www.dnes.bg/a/448-svobodno-vreme/722150-podigra-li-se-mihaela-marinova-s-dara-sled-pobedata-y-na-evroviziya | parsed_comments=106 | expected_comments=129 | comments_pages=11
2026-06-07 11:13:35 | INFO | dnes_bg_2026-06-07_10-52-13 | Processing comments page | article_url=https://www.dnes.bg/a/448-svobodno-vreme/722113-kato-na-kino-chasovnik-za-1-milion-evro-be-otkradnat-ot-hotel-v-kan | comments_url=https://www.dnes.bg/a/448-svobodno-vreme/722113-kato-na-kino-chasovnik-za-1-milion-evro-be-otkradnat-ot-hotel-v-kan/comments | expected_comment_count=15
2026-06-07 11:13:39 | INFO | dnes_bg_2026-06-07_10-52-13 | Parsed comments pages | article_url=https://www.dnes.bg/a/448-svobodno-vreme/722113-kato-na-kino-chasovnik-za-1-milion-evro-be-otkradnat-ot-hotel-v-kan | parsed_comments=13 | expected_comments=15 | comments_pages=2
2026-06-07 11:13:45 | INFO | dnes_bg_2026-06-07_10-52-13 | Processing category page | url=https://www.dnes.bg/c/448-svobodno-vreme?page=20
2026-06-07 11:13:45 | INFO | dnes_bg_2026-06-07_10-52-13 | Parsed category page | url=https://www.dnes.bg/c/448-svobodno-vreme?page=20 | articles_found=17
2026-06-07 11:13:45 | INFO | dnes_bg_2026-06-07_10-52-13 | Parsed category page | url=https://www.dnes.bg/c/448-svobodno-vreme?page=20 | articles_found=17
2026-06-07 11:13:45 | INFO | dnes_bg_2026-06-07_10-52-13 | Processing comments page | article_url=https://www.dnes.bg/a/448-svobodno-vreme/722116-ot-dnes-do-24-may-namaleni-tseni-na-biletite-v-narodniya-teatar | comments_url=https://www.dnes.bg/a/448-svobodno-vreme/722116-ot-dnes-do-24-may-namaleni-tseni-na-biletite-v-narodniya-teatar/comments | expected_comment_count=3
2026-06-07 11:13:47 | INFO | dnes_bg_2026-06-07_10-52-13 | Parsed comments pages | article_url=https://www.dnes.bg/a/448-svobodno-vreme/722116-ot-dnes-do-24-may-namaleni-tseni-na-biletite-v-narodniya-teatar | parsed_comments=1 | expected_comments=3 | comments_pages=1
2026-06-07 11:13:47 | INFO | dnes_bg_2026-06-07_10-52-13 | Processing comments page | article_url=https://www.dnes.bg/a/448-svobodno-vreme/722026-ako-niks-stanat-shampioni-timati-shalame-shte-predlozhi-brak-na-kayli-dzhenar | comments_url=https://www.dnes.bg/a/448-svobodno-vreme/722026-ako-niks-stanat-shampioni-timati-shalame-shte-predlozhi-brak-na-kayli-dzhenar/comments | expected_comment_count=16
2026-06-07 11:13:49 | INFO | dnes_bg_2026-06-07_10-52-13 | Parsed comments pages | article_url=https://www.dnes.bg/a/448-svobodno-vreme/722026-ako-niks-stanat-shampioni-timati-shalame-shte-predlozhi-brak-na-kayli-dzhenar | parsed_comments=10 | expected_comments=16 | comments_pages=1
2026-06-07 11:13:49 | INFO | dnes_bg_2026-06-07_10-52-13 | Processing comments page | article_url=https://www.dnes.bg/a/448-svobodno-vreme/722032-oliviya-rodrigo-napravi-kuklenskite-rokli-hit | comments_url=https://www.dnes.bg/a/448-svobodno-vreme/722032-oliviya-rodrigo-napravi-kuklenskite-rokli-hit/comments | expected_comment_count=14
2026-06-07 11:13:51 | INFO | dnes_bg_2026-06-07_10-52-13 | Parsed comments pages | article_url=https://www.dnes.bg/a/448-svobodno-vreme/722032-oliviya-rodrigo-napravi-kuklenskite-rokli-hit | parsed_comments=10 | expected_comments=14 | comments_pages=1
2026-06-07 11:13:51 | INFO | dnes_bg_2026-06-07_10-52-13 | Processing comments page | article_url=https://www.dnes.bg/a/448-svobodno-vreme/722030-skutar-braun-ne-se-pritesnyava-ot-provokativnite-stseni-na-gadzheto-si-sidni-suiyni | comments_url=https://www.dnes.bg/a/448-svobodno-vreme/722030-skutar-braun-ne-se-pritesnyava-ot-provokativnite-stseni-na-gadzheto-si-sidni-suiyni/comments | expected_comment_count=11
2026-06-07 11:13:54 | INFO | dnes_bg_2026-06-07_10-52-13 | Parsed comments pages | article_url=https://www.dnes.bg/a/448-svobodno-vreme/722030-skutar-braun-ne-se-pritesnyava-ot-provokativnite-stseni-na-gadzheto-si-sidni-suiyni | parsed_comments=7 | expected_comments=11 | comments_pages=1
2026-06-07 11:13:54 | INFO | dnes_bg_2026-06-07_10-52-13 | Processing comments page | article_url=https://www.dnes.bg/a/448-svobodno-vreme/722079-realistichna-li-prognozata-na-mask-za-badeshteto-na-bezpilotnite-koli | comments_url=https://www.dnes.bg/a/448-svobodno-vreme/722079-realistichna-li-prognozata-na-mask-za-badeshteto-na-bezpilotnite-koli/comments | expected_comment_count=4
2026-06-07 11:13:56 | INFO | dnes_bg_2026-06-07_10-52-13 | Parsed comments pages | article_url=https://www.dnes.bg/a/448-svobodno-vreme/722079-realistichna-li-prognozata-na-mask-za-badeshteto-na-bezpilotnite-koli | parsed_comments=3 | expected_comments=4 | comments_pages=1
2026-06-07 11:13:56 | INFO | dnes_bg_2026-06-07_10-52-13 | Skipping article with zero comments | article_url=https://www.dnes.bg/a/448-svobodno-vreme/722016-sandali-na-platforma-i-retro-obuvki-ot-70-te-shte-sa-na-moda-tova-lyato
2026-06-07 11:13:56 | INFO | dnes_bg_2026-06-07_10-52-13 | Processing comments page | article_url=https://www.dnes.bg/a/448-svobodno-vreme/722029-edna-ekskurziya-promenila-vsichko-za-kendal-dzhenar-i-dzheykab-elordi | comments_url=https://www.dnes.bg/a/448-svobodno-vreme/722029-edna-ekskurziya-promenila-vsichko-za-kendal-dzhenar-i-dzheykab-elordi/comments | expected_comment_count=2
2026-06-07 11:13:58 | INFO | dnes_bg_2026-06-07_10-52-13 | Parsed comments pages | article_url=https://www.dnes.bg/a/448-svobodno-vreme/722029-edna-ekskurziya-promenila-vsichko-za-kendal-dzhenar-i-dzheykab-elordi | parsed_comments=0 | expected_comments=2 | comments_pages=1
2026-06-07 11:13:58 | INFO | dnes_bg_2026-06-07_10-52-13 | Skipping article with zero comments | article_url=https://www.dnes.bg/a/448-svobodno-vreme/721917-zavrashtane-na-rabota-sled-maychinstvo-kak-da-se-spravite
2026-06-07 11:13:58 | INFO | dnes_bg_2026-06-07_10-52-13 | Processing comments page | article_url=https://www.dnes.bg/a/448-svobodno-vreme/722013-zashto-karl-filip-shvedski-si-ostava-nay-ocharovatelniyat-prints-v-evropa | comments_url=https://www.dnes.bg/a/448-svobodno-vreme/722013-zashto-karl-filip-shvedski-si-ostava-nay-ocharovatelniyat-prints-v-evropa/comments | expected_comment_count=9
2026-06-07 11:14:00 | INFO | dnes_bg_2026-06-07_10-52-13 | Parsed comments pages | article_url=https://www.dnes.bg/a/448-svobodno-vreme/722013-zashto-karl-filip-shvedski-si-ostava-nay-ocharovatelniyat-prints-v-evropa | parsed_comments=5 | expected_comments=9 | comments_pages=1
2026-06-07 11:14:00 | INFO | dnes_bg_2026-06-07_10-52-13 | Processing comments page | article_url=https://www.dnes.bg/a/448-svobodno-vreme/721919-zashto-lilaveyat-i-sineyat-listata-na-domatite | comments_url=https://www.dnes.bg/a/448-svobodno-vreme/721919-zashto-lilaveyat-i-sineyat-listata-na-domatite/comments | expected_comment_count=7
2026-06-07 11:14:02 | INFO | dnes_bg_2026-06-07_10-52-13 | Parsed comments pages | article_url=https://www.dnes.bg/a/448-svobodno-vreme/721919-zashto-lilaveyat-i-sineyat-listata-na-domatite | parsed_comments=4 | expected_comments=7 | comments_pages=1
2026-06-07 11:14:02 | INFO | dnes_bg_2026-06-07_10-52-13 | Processing comments page | article_url=https://www.dnes.bg/a/448-svobodno-vreme/722027-elsi-hyuit-otglezhda-sama-bebeto-ot-piyt-deyvidsan | comments_url=https://www.dnes.bg/a/448-svobodno-vreme/722027-elsi-hyuit-otglezhda-sama-bebeto-ot-piyt-deyvidsan/comments | expected_comment_count=2
2026-06-07 11:14:03 | INFO | dnes_bg_2026-06-07_10-52-13 | Parsed comments pages | article_url=https://www.dnes.bg/a/448-svobodno-vreme/722027-elsi-hyuit-otglezhda-sama-bebeto-ot-piyt-deyvidsan | parsed_comments=0 | expected_comments=2 | comments_pages=1
2026-06-07 11:14:03 | INFO | dnes_bg_2026-06-07_10-52-13 | Skipping article with zero comments | article_url=https://www.dnes.bg/a/448-svobodno-vreme/722071-vizhte-doma-na-robin-sherbatski-ot-kak-se-zapoznah-s-mayka-vi
2026-06-07 11:14:03 | INFO | dnes_bg_2026-06-07_10-52-13 | Skipping article with zero comments | article_url=https://www.dnes.bg/a/448-svobodno-vreme/722088-kvartalat-na-hudozhnitsite-kvartalat-na-artistite-nov-gradski-patevoditel-razkriva-duha-na-stara-sofiya
2026-06-07 11:14:03 | INFO | dnes_bg_2026-06-07_10-52-13 | Processing comments page | article_url=https://www.dnes.bg/a/4-tehnologii/722081-razkriha-kolko-lesno-se-manipulira-ii-na-google-za-da-razprostranyava-lazhi | comments_url=https://www.dnes.bg/a/4-tehnologii/722081-razkriha-kolko-lesno-se-manipulira-ii-na-google-za-da-razprostranyava-lazhi/comments | expected_comment_count=14
2026-06-07 11:14:09 | INFO | dnes_bg_2026-06-07_10-52-13 | Parsed comments pages | article_url=https://www.dnes.bg/a/4-tehnologii/722081-razkriha-kolko-lesno-se-manipulira-ii-na-google-za-da-razprostranyava-lazhi | parsed_comments=7 | expected_comments=14 | comments_pages=1
2026-06-07 11:14:09 | INFO | dnes_bg_2026-06-07_10-52-13 | Processing comments page | article_url=https://www.dnes.bg/a/448-svobodno-vreme/722024-robi-posveti-novata-si-pesen-plamenna-zhena-na-saprugata-si-video | comments_url=https://www.dnes.bg/a/448-svobodno-vreme/722024-robi-posveti-novata-si-pesen-plamenna-zhena-na-saprugata-si-video/comments | expected_comment_count=8
2026-06-07 11:14:13 | INFO | dnes_bg_2026-06-07_10-52-13 | Parsed comments pages | article_url=https://www.dnes.bg/a/448-svobodno-vreme/722024-robi-posveti-novata-si-pesen-plamenna-zhena-na-saprugata-si-video | parsed_comments=6 | expected_comments=8 | comments_pages=1
2026-06-07 11:14:13 | INFO | dnes_bg_2026-06-07_10-52-13 | Processing comments page | article_url=https://www.dnes.bg/a/448-svobodno-vreme/722061-v-kadar-sintiya-erivo-poluchi-kralsko-otlichie-ot-prints-uilyam | comments_url=https://www.dnes.bg/a/448-svobodno-vreme/722061-v-kadar-sintiya-erivo-poluchi-kralsko-otlichie-ot-prints-uilyam/comments | expected_comment_count=4
2026-06-07 11:14:15 | INFO | dnes_bg_2026-06-07_10-52-13 | Parsed comments pages | article_url=https://www.dnes.bg/a/448-svobodno-vreme/722061-v-kadar-sintiya-erivo-poluchi-kralsko-otlichie-ot-prints-uilyam | parsed_comments=2 | expected_comments=4 | comments_pages=1
2026-06-07 11:14:15 | INFO | dnes_bg_2026-06-07_10-52-13 | Processing comments page | article_url=https://www.dnes.bg/a/448-svobodno-vreme/722075-pedro-almodovar-nareche-putin-tramp-i-netanyahu-chudovishta | comments_url=https://www.dnes.bg/a/448-svobodno-vreme/722075-pedro-almodovar-nareche-putin-tramp-i-netanyahu-chudovishta/comments | expected_comment_count=26
2026-06-07 11:14:22 | INFO | dnes_bg_2026-06-07_10-52-13 | Parsed comments pages | article_url=https://www.dnes.bg/a/448-svobodno-vreme/722075-pedro-almodovar-nareche-putin-tramp-i-netanyahu-chudovishta | parsed_comments=23 | expected_comments=26 | comments_pages=3
2026-06-07 11:14:28 | INFO | dnes_bg_2026-06-07_10-52-13 | Processing category page | url=https://www.dnes.bg/c/448-svobodno-vreme?page=21
2026-06-07 11:14:28 | INFO | dnes_bg_2026-06-07_10-52-13 | Parsed category page | url=https://www.dnes.bg/c/448-svobodno-vreme?page=21 | articles_found=17
2026-06-07 11:14:28 | INFO | dnes_bg_2026-06-07_10-52-13 | Parsed category page | url=https://www.dnes.bg/c/448-svobodno-vreme?page=21 | articles_found=17
2026-06-07 11:14:28 | INFO | dnes_bg_2026-06-07_10-52-13 | Processing comments page | article_url=https://www.dnes.bg/a/448-svobodno-vreme/722055-horeografat-na-bangaranga-dara-imashe-vazhna-rolya-v-razvitieto-na-tantsa | comments_url=https://www.dnes.bg/a/448-svobodno-vreme/722055-horeografat-na-bangaranga-dara-imashe-vazhna-rolya-v-razvitieto-na-tantsa/comments | expected_comment_count=35
2026-06-07 11:14:36 | INFO | dnes_bg_2026-06-07_10-52-13 | Parsed comments pages | article_url=https://www.dnes.bg/a/448-svobodno-vreme/722055-horeografat-na-bangaranga-dara-imashe-vazhna-rolya-v-razvitieto-na-tantsa | parsed_comments=27 | expected_comments=35 | comments_pages=3
2026-06-07 11:14:36 | INFO | dnes_bg_2026-06-07_10-52-13 | Processing comments page | article_url=https://www.dnes.bg/a/448-svobodno-vreme/722045-v-kadar-dzhina-deyvis-na-koyato-nikoga-ne-mozhe-da-dadem-70-godini | comments_url=https://www.dnes.bg/a/448-svobodno-vreme/722045-v-kadar-dzhina-deyvis-na-koyato-nikoga-ne-mozhe-da-dadem-70-godini/comments | expected_comment_count=4
2026-06-07 11:14:39 | INFO | dnes_bg_2026-06-07_10-52-13 | Parsed comments pages | article_url=https://www.dnes.bg/a/448-svobodno-vreme/722045-v-kadar-dzhina-deyvis-na-koyato-nikoga-ne-mozhe-da-dadem-70-godini | parsed_comments=4 | expected_comments=4 | comments_pages=1
2026-06-07 11:14:39 | INFO | dnes_bg_2026-06-07_10-52-13 | Processing comments page | article_url=https://www.dnes.bg/a/448-svobodno-vreme/722047-maserati-gt2-stradale-debyutira-v-balgariya | comments_url=https://www.dnes.bg/a/448-svobodno-vreme/722047-maserati-gt2-stradale-debyutira-v-balgariya/comments | expected_comment_count=5
2026-06-07 11:14:41 | INFO | dnes_bg_2026-06-07_10-52-13 | Parsed comments pages | article_url=https://www.dnes.bg/a/448-svobodno-vreme/722047-maserati-gt2-stradale-debyutira-v-balgariya | parsed_comments=5 | expected_comments=5 | comments_pages=1
2026-06-07 11:14:41 | INFO | dnes_bg_2026-06-07_10-52-13 | Processing comments page | article_url=https://www.dnes.bg/a/606-novinite-v-60-sekundi/722049-balgariya-obicha-dara | comments_url=https://www.dnes.bg/a/606-novinite-v-60-sekundi/722049-balgariya-obicha-dara/comments | expected_comment_count=27
2026-06-07 11:14:48 | INFO | dnes_bg_2026-06-07_10-52-13 | Parsed comments pages | article_url=https://www.dnes.bg/a/606-novinite-v-60-sekundi/722049-balgariya-obicha-dara | parsed_comments=26 | expected_comments=27 | comments_pages=3
2026-06-07 11:14:48 | INFO | dnes_bg_2026-06-07_10-52-13 | Processing comments page | article_url=https://www.dnes.bg/a/448-svobodno-vreme/722010-postanovkite-s-zhenite-za-riba-i-i-verniyat-otgovor-e-tragvat-iz-balgariya | comments_url=https://www.dnes.bg/a/448-svobodno-vreme/722010-postanovkite-s-zhenite-za-riba-i-i-verniyat-otgovor-e-tragvat-iz-balgariya/comments | expected_comment_count=1
2026-06-07 11:14:51 | INFO | dnes_bg_2026-06-07_10-52-13 | Parsed comments pages | article_url=https://www.dnes.bg/a/448-svobodno-vreme/722010-postanovkite-s-zhenite-za-riba-i-i-verniyat-otgovor-e-tragvat-iz-balgariya | parsed_comments=1 | expected_comments=1 | comments_pages=1
2026-06-07 11:14:51 | INFO | dnes_bg_2026-06-07_10-52-13 | Processing comments page | article_url=https://www.dnes.bg/a/448-svobodno-vreme/722025-east-17-idvat-v-sofiya-s-hitovete-si-ot-90-te | comments_url=https://www.dnes.bg/a/448-svobodno-vreme/722025-east-17-idvat-v-sofiya-s-hitovete-si-ot-90-te/comments | expected_comment_count=1
2026-06-07 11:14:53 | INFO | dnes_bg_2026-06-07_10-52-13 | Parsed comments pages | article_url=https://www.dnes.bg/a/448-svobodno-vreme/722025-east-17-idvat-v-sofiya-s-hitovete-si-ot-90-te | parsed_comments=1 | expected_comments=1 | comments_pages=1
2026-06-07 11:14:53 | INFO | dnes_bg_2026-06-07_10-52-13 | Processing comments page | article_url=https://www.dnes.bg/a/448-svobodno-vreme/721999-16-godishnata-dashterya-na-taysan-fyuri-se-omazhi | comments_url=https://www.dnes.bg/a/448-svobodno-vreme/721999-16-godishnata-dashterya-na-taysan-fyuri-se-omazhi/comments | expected_comment_count=17
2026-06-07 11:14:57 | INFO | dnes_bg_2026-06-07_10-52-13 | Parsed comments pages | article_url=https://www.dnes.bg/a/448-svobodno-vreme/721999-16-godishnata-dashterya-na-taysan-fyuri-se-omazhi | parsed_comments=14 | expected_comments=17 | comments_pages=2
2026-06-07 11:14:57 | INFO | dnes_bg_2026-06-07_10-52-13 | Processing comments page | article_url=https://www.dnes.bg/a/448-svobodno-vreme/722014-sher-navarshva-80-godini-dnes-i-planira-da-se-omazhi-za-treti-pat | comments_url=https://www.dnes.bg/a/448-svobodno-vreme/722014-sher-navarshva-80-godini-dnes-i-planira-da-se-omazhi-za-treti-pat/comments | expected_comment_count=15
2026-06-07 11:15:01 | INFO | dnes_bg_2026-06-07_10-52-13 | Parsed comments pages | article_url=https://www.dnes.bg/a/448-svobodno-vreme/722014-sher-navarshva-80-godini-dnes-i-planira-da-se-omazhi-za-treti-pat | parsed_comments=14 | expected_comments=15 | comments_pages=2
2026-06-07 11:15:01 | INFO | dnes_bg_2026-06-07_10-52-13 | Processing comments page | article_url=https://www.dnes.bg/a/448-svobodno-vreme/722004-literaturniyat-hit-teo-ot-goldan-izliza-na-balgarski | comments_url=https://www.dnes.bg/a/448-svobodno-vreme/722004-literaturniyat-hit-teo-ot-goldan-izliza-na-balgarski/comments | expected_comment_count=2
2026-06-07 11:15:04 | INFO | dnes_bg_2026-06-07_10-52-13 | Parsed comments pages | article_url=https://www.dnes.bg/a/448-svobodno-vreme/722004-literaturniyat-hit-teo-ot-goldan-izliza-na-balgarski | parsed_comments=2 | expected_comments=2 | comments_pages=1
2026-06-07 11:15:04 | INFO | dnes_bg_2026-06-07_10-52-13 | Processing comments page | article_url=https://www.dnes.bg/a/448-svobodno-vreme/721991-bratat-na-printsesa-dayana-se-ozheni-za-chetvarti-pat | comments_url=https://www.dnes.bg/a/448-svobodno-vreme/721991-bratat-na-printsesa-dayana-se-ozheni-za-chetvarti-pat/comments | expected_comment_count=12
2026-06-07 11:15:07 | INFO | dnes_bg_2026-06-07_10-52-13 | Parsed comments pages | article_url=https://www.dnes.bg/a/448-svobodno-vreme/721991-bratat-na-printsesa-dayana-se-ozheni-za-chetvarti-pat | parsed_comments=10 | expected_comments=12 | comments_pages=1
2026-06-07 11:15:07 | INFO | dnes_bg_2026-06-07_10-52-13 | Processing comments page | article_url=https://www.dnes.bg/a/448-svobodno-vreme/721973-dara-uvolni-shefa-na-televiziyata-v-moldova | comments_url=https://www.dnes.bg/a/448-svobodno-vreme/721973-dara-uvolni-shefa-na-televiziyata-v-moldova/comments | expected_comment_count=70
