2026-06-11 23:32:36 | INFO | mediapool_bg_2026-06-11_23-32-36 | Starting scrape mode | source=mediapool_bg | session=2026-06-11_23-32-36
2026-06-11 23:32:36 | INFO | mediapool_bg_2026-06-11_23-32-36 | Loaded 1 category URL(s) for mediapool_bg
2026-06-11 23:32:39 | INFO | mediapool_bg_2026-06-11_23-32-36 | Parsed category page | url=https://www.mediapool.bg/izbori-2026-cat130.html | articles_found=20
2026-06-11 23:32:39 | INFO | mediapool_bg_2026-06-11_23-32-36 | Processing article | url=https://www.mediapool.bg/dps-predlaga-da-padne-ogranichenieto-za-sektsiite-v-chuzhbina-news382941.html
2026-06-11 23:32:40 | INFO | mediapool_bg_2026-06-11_23-32-36 | Expanding comments | url=https://www.mediapool.bg/dps-predlaga-da-padne-ogranichenieto-za-sektsiite-v-chuzhbina-news382941.html | total_comments=8
2026-06-11 23:32:40 | INFO | mediapool_bg_2026-06-11_23-32-36 | Comments written | url=https://www.mediapool.bg/dps-predlaga-da-padne-ogranichenieto-za-sektsiite-v-chuzhbina-news382941.html | parsed=8 | expected=8
2026-06-11 23:32:40 | INFO | mediapool_bg_2026-06-11_23-32-36 | Processing article | url=https://www.mediapool.bg/mihaela-dotsova-ot-progresivna-bulgaria-stana-predsedatel-na-ns-s-podkrepata-na-gerb-i-dps-news382914.html
2026-06-11 23:32:41 | INFO | mediapool_bg_2026-06-11_23-32-36 | Expanding comments | url=https://www.mediapool.bg/mihaela-dotsova-ot-progresivna-bulgaria-stana-predsedatel-na-ns-s-podkrepata-na-gerb-i-dps-news382914.html | total_comments=30
2026-06-11 23:32:51 | INFO | mediapool_bg_2026-06-11_23-32-36 | Comments written | url=https://www.mediapool.bg/mihaela-dotsova-ot-progresivna-bulgaria-stana-predsedatel-na-ns-s-podkrepata-na-gerb-i-dps-news382914.html | parsed=10 | expected=30
2026-06-11 23:32:51 | INFO | mediapool_bg_2026-06-11_23-32-36 | Processing article | url=https://www.mediapool.bg/seriozna-politicheska-greshka-pp-i-db-se-raztsepiha-v-dve-grupi-v-noviya-parlament-obnovena-news382894.html
2026-06-11 23:32:52 | INFO | mediapool_bg_2026-06-11_23-32-36 | Expanding comments | url=https://www.mediapool.bg/seriozna-politicheska-greshka-pp-i-db-se-raztsepiha-v-dve-grupi-v-noviya-parlament-obnovena-news382894.html | total_comments=137
2026-06-11 23:33:02 | INFO | mediapool_bg_2026-06-11_23-32-36 | Comments written | url=https://www.mediapool.bg/seriozna-politicheska-greshka-pp-i-db-se-raztsepiha-v-dve-grupi-v-noviya-parlament-obnovena-news382894.html | parsed=10 | expected=137
2026-06-11 23:33:02 | INFO | mediapool_bg_2026-06-11_23-32-36 | Processing article | url=https://www.mediapool.bg/posledni-chasove-predi-finalnoto-reshenie-shte-se-raztsepi-li-pp-db-news382852.html
2026-06-11 23:33:02 | INFO | mediapool_bg_2026-06-11_23-32-36 | Expanding comments | url=https://www.mediapool.bg/posledni-chasove-predi-finalnoto-reshenie-shte-se-raztsepi-li-pp-db-news382852.html | total_comments=66
2026-06-11 23:33:13 | INFO | mediapool_bg_2026-06-11_23-32-36 | Comments written | url=https://www.mediapool.bg/posledni-chasove-predi-finalnoto-reshenie-shte-se-raztsepi-li-pp-db-news382852.html | parsed=10 | expected=66
2026-06-11 23:33:13 | INFO | mediapool_bg_2026-06-11_23-32-36 | Processing article | url=https://www.mediapool.bg/dsb-se-obyavi-protiv-razdelyaneto-na-pp-i-db-news382823.html
2026-06-11 23:33:13 | INFO | mediapool_bg_2026-06-11_23-32-36 | Expanding comments | url=https://www.mediapool.bg/dsb-se-obyavi-protiv-razdelyaneto-na-pp-i-db-news382823.html | total_comments=41
2026-06-11 23:33:23 | INFO | mediapool_bg_2026-06-11_23-32-36 | Comments written | url=https://www.mediapool.bg/dsb-se-obyavi-protiv-razdelyaneto-na-pp-i-db-news382823.html | parsed=9 | expected=41
2026-06-11 23:33:23 | INFO | mediapool_bg_2026-06-11_23-32-36 | Processing article | url=https://www.mediapool.bg/yotova-podpisa-ukaza-za-svikvaneto-na-parlamenta-news382818.html
2026-06-11 23:33:24 | INFO | mediapool_bg_2026-06-11_23-32-36 | Expanding comments | url=https://www.mediapool.bg/yotova-podpisa-ukaza-za-svikvaneto-na-parlamenta-news382818.html | total_comments=18
2026-06-11 23:33:34 | INFO | mediapool_bg_2026-06-11_23-32-36 | Comments written | url=https://www.mediapool.bg/yotova-podpisa-ukaza-za-svikvaneto-na-parlamenta-news382818.html | parsed=10 | expected=18
2026-06-11 23:33:34 | INFO | mediapool_bg_2026-06-11_23-32-36 | Processing article | url=https://www.mediapool.bg/gerb-analizira-izbornite-rezultati-v-plovdiv-pri-zakriti-vrata-news382812.html
2026-06-11 23:33:35 | INFO | mediapool_bg_2026-06-11_23-32-36 | Expanding comments | url=https://www.mediapool.bg/gerb-analizira-izbornite-rezultati-v-plovdiv-pri-zakriti-vrata-news382812.html | total_comments=30
2026-06-11 23:33:45 | INFO | mediapool_bg_2026-06-11_23-32-36 | Comments written | url=https://www.mediapool.bg/gerb-analizira-izbornite-rezultati-v-plovdiv-pri-zakriti-vrata-news382812.html | parsed=10 | expected=30
2026-06-11 23:33:45 | INFO | mediapool_bg_2026-06-11_23-32-36 | Processing article | url=https://www.mediapool.bg/koya-formatsiya-kade-shte-sedi-v-plenarnata-zala-news382808.html
2026-06-11 23:33:45 | INFO | mediapool_bg_2026-06-11_23-32-36 | Expanding comments | url=https://www.mediapool.bg/koya-formatsiya-kade-shte-sedi-v-plenarnata-zala-news382808.html | total_comments=4
2026-06-11 23:33:46 | INFO | mediapool_bg_2026-06-11_23-32-36 | Comments written | url=https://www.mediapool.bg/koya-formatsiya-kade-shte-sedi-v-plenarnata-zala-news382808.html | parsed=4 | expected=4
2026-06-11 23:33:46 | INFO | mediapool_bg_2026-06-11_23-32-36 | Processing article | url=https://www.mediapool.bg/nad-310-000-balgari-sa-gledali-videobroeneto-na-byuletinite-edva-017-ot-sik-sa-bez-zapis-news382802.html
2026-06-11 23:33:46 | INFO | mediapool_bg_2026-06-11_23-32-36 | Expanding comments | url=https://www.mediapool.bg/nad-310-000-balgari-sa-gledali-videobroeneto-na-byuletinite-edva-017-ot-sik-sa-bez-zapis-news382802.html | total_comments=4
2026-06-11 23:33:46 | INFO | mediapool_bg_2026-06-11_23-32-36 | Comments written | url=https://www.mediapool.bg/nad-310-000-balgari-sa-gledali-videobroeneto-na-byuletinite-edva-017-ot-sik-sa-bez-zapis-news382802.html | parsed=4 | expected=4
2026-06-11 23:33:46 | INFO | mediapool_bg_2026-06-11_23-32-36 | Processing article | url=https://www.mediapool.bg/asen-vasilev-stava-deputat-ot-plovdiv-manol-peikov-ostava-izvan-parlamenta-news382721.html
2026-06-11 23:33:47 | INFO | mediapool_bg_2026-06-11_23-32-36 | Expanding comments | url=https://www.mediapool.bg/asen-vasilev-stava-deputat-ot-plovdiv-manol-peikov-ostava-izvan-parlamenta-news382721.html | total_comments=39
2026-06-11 23:33:57 | INFO | mediapool_bg_2026-06-11_23-32-36 | Comments written | url=https://www.mediapool.bg/asen-vasilev-stava-deputat-ot-plovdiv-manol-peikov-ostava-izvan-parlamenta-news382721.html | parsed=9 | expected=39
2026-06-11 23:33:57 | INFO | mediapool_bg_2026-06-11_23-32-36 | Processing article | url=https://www.mediapool.bg/okonchatelno-radev-sas-131-deputati-gerb-ima-39-a-pp-db---37-news382679.html
2026-06-11 23:33:58 | INFO | mediapool_bg_2026-06-11_23-32-36 | Expanding comments | url=https://www.mediapool.bg/okonchatelno-radev-sas-131-deputati-gerb-ima-39-a-pp-db---37-news382679.html | total_comments=40
2026-06-11 23:34:08 | INFO | mediapool_bg_2026-06-11_23-32-36 | Comments written | url=https://www.mediapool.bg/okonchatelno-radev-sas-131-deputati-gerb-ima-39-a-pp-db---37-news382679.html | parsed=9 | expected=40
2026-06-11 23:34:08 | INFO | mediapool_bg_2026-06-11_23-32-36 | Processing article | url=https://www.mediapool.bg/kazusat-s-peikov-popov-i-panev-topkata-e-v-poleto-na-demokratichna-bulgaria-news382668.html
2026-06-11 23:34:09 | INFO | mediapool_bg_2026-06-11_23-32-36 | Expanding comments | url=https://www.mediapool.bg/kazusat-s-peikov-popov-i-panev-topkata-e-v-poleto-na-demokratichna-bulgaria-news382668.html | total_comments=36
2026-06-11 23:34:19 | INFO | mediapool_bg_2026-06-11_23-32-36 | Comments written | url=https://www.mediapool.bg/kazusat-s-peikov-popov-i-panev-topkata-e-v-poleto-na-demokratichna-bulgaria-news382668.html | parsed=10 | expected=36
2026-06-11 23:34:19 | INFO | mediapool_bg_2026-06-11_23-32-36 | Processing article | url=https://www.mediapool.bg/asen-vasilev-chaka-db-da-reshi-za-manol-peikov-deputat-ot-pp-obvini-db-v-litsemerie-news382616.html
2026-06-11 23:34:20 | INFO | mediapool_bg_2026-06-11_23-32-36 | Expanding comments | url=https://www.mediapool.bg/asen-vasilev-chaka-db-da-reshi-za-manol-peikov-deputat-ot-pp-obvini-db-v-litsemerie-news382616.html | total_comments=59
2026-06-11 23:34:30 | INFO | mediapool_bg_2026-06-11_23-32-36 | Comments written | url=https://www.mediapool.bg/asen-vasilev-chaka-db-da-reshi-za-manol-peikov-deputat-ot-pp-obvini-db-v-litsemerie-news382616.html | parsed=10 | expected=59
2026-06-11 23:34:30 | INFO | mediapool_bg_2026-06-11_23-32-36 | Processing article | url=https://www.mediapool.bg/preferentsii-i-razpredelenie-otkade-kolko-i-koi-shte-sa-deputatite-na-vsyaka-edna-partiya-news382598.html
2026-06-11 23:34:31 | INFO | mediapool_bg_2026-06-11_23-32-36 | Expanding comments | url=https://www.mediapool.bg/preferentsii-i-razpredelenie-otkade-kolko-i-koi-shte-sa-deputatite-na-vsyaka-edna-partiya-news382598.html | total_comments=13
2026-06-11 23:34:41 | INFO | mediapool_bg_2026-06-11_23-32-36 | Comments written | url=https://www.mediapool.bg/preferentsii-i-razpredelenie-otkade-kolko-i-koi-shte-sa-deputatite-na-vsyaka-edna-partiya-news382598.html | parsed=10 | expected=13
2026-06-11 23:34:41 | INFO | mediapool_bg_2026-06-11_23-32-36 | Processing article | url=https://www.mediapool.bg/yotova-svikva-ns-do-dni-ochakva-pravosadna-reforma-i-preporachva-glavniyat-sekretar-na-mvr-da-ostane-news382589.html
2026-06-11 23:34:41 | INFO | mediapool_bg_2026-06-11_23-32-36 | Expanding comments | url=https://www.mediapool.bg/yotova-svikva-ns-do-dni-ochakva-pravosadna-reforma-i-preporachva-glavniyat-sekretar-na-mvr-da-ostane-news382589.html | total_comments=49
2026-06-11 23:34:52 | INFO | mediapool_bg_2026-06-11_23-32-36 | Comments written | url=https://www.mediapool.bg/yotova-svikva-ns-do-dni-ochakva-pravosadna-reforma-i-preporachva-glavniyat-sekretar-na-mvr-da-ostane-news382589.html | parsed=10 | expected=49
2026-06-11 23:34:52 | INFO | mediapool_bg_2026-06-11_23-32-36 | Processing article | url=https://www.mediapool.bg/kostadinov-narodat-ne-iska-vazrazhdane-da-go-upravlyava-ideologiite-pretarpyaha-krah-news382586.html
2026-06-11 23:34:52 | INFO | mediapool_bg_2026-06-11_23-32-36 | Expanding comments | url=https://www.mediapool.bg/kostadinov-narodat-ne-iska-vazrazhdane-da-go-upravlyava-ideologiite-pretarpyaha-krah-news382586.html | total_comments=13
2026-06-11 23:35:02 | INFO | mediapool_bg_2026-06-11_23-32-36 | Comments written | url=https://www.mediapool.bg/kostadinov-narodat-ne-iska-vazrazhdane-da-go-upravlyava-ideologiite-pretarpyaha-krah-news382586.html | parsed=9 | expected=13
2026-06-11 23:35:02 | INFO | mediapool_bg_2026-06-11_23-32-36 | Processing article | url=https://www.mediapool.bg/zaradi-izborite-krum-zarkov-iska-vot-na-doverie-news382576.html
2026-06-11 23:35:03 | INFO | mediapool_bg_2026-06-11_23-32-36 | Expanding comments | url=https://www.mediapool.bg/zaradi-izborite-krum-zarkov-iska-vot-na-doverie-news382576.html | total_comments=8
2026-06-11 23:35:03 | INFO | mediapool_bg_2026-06-11_23-32-36 | Comments written | url=https://www.mediapool.bg/zaradi-izborite-krum-zarkov-iska-vot-na-doverie-news382576.html | parsed=8 | expected=8
2026-06-11 23:35:03 | INFO | mediapool_bg_2026-06-11_23-32-36 | Processing article | url=https://www.mediapool.bg/peevski-zabravi-za-mistar-kesh-pozdravi-radev-za-respektirashtiya-rezultat-news382575.html
2026-06-11 23:35:04 | INFO | mediapool_bg_2026-06-11_23-32-36 | Expanding comments | url=https://www.mediapool.bg/peevski-zabravi-za-mistar-kesh-pozdravi-radev-za-respektirashtiya-rezultat-news382575.html | total_comments=27
2026-06-11 23:35:14 | INFO | mediapool_bg_2026-06-11_23-32-36 | Comments written | url=https://www.mediapool.bg/peevski-zabravi-za-mistar-kesh-pozdravi-radev-za-respektirashtiya-rezultat-news382575.html | parsed=9 | expected=27
2026-06-11 23:35:14 | INFO | mediapool_bg_2026-06-11_23-32-36 | Processing article | url=https://www.mediapool.bg/spored-borisov-druzhbata-mu-s-peevski-i-pp-db-dovela-do-izborniya-krah-na-gerb-news382567.html
2026-06-11 23:35:14 | INFO | mediapool_bg_2026-06-11_23-32-36 | Expanding comments | url=https://www.mediapool.bg/spored-borisov-druzhbata-mu-s-peevski-i-pp-db-dovela-do-izborniya-krah-na-gerb-news382567.html | total_comments=68
2026-06-11 23:35:25 | INFO | mediapool_bg_2026-06-11_23-32-36 | Comments written | url=https://www.mediapool.bg/spored-borisov-druzhbata-mu-s-peevski-i-pp-db-dovela-do-izborniya-krah-na-gerb-news382567.html | parsed=10 | expected=68
2026-06-11 23:35:25 | INFO | mediapool_bg_2026-06-11_23-32-36 | Processing article | url=https://www.mediapool.bg/do-chetvartak-tsik-obyavyava-okonchatelnite-rezultati-ot-vota-news382565.html
2026-06-11 23:35:25 | INFO | mediapool_bg_2026-06-11_23-32-36 | Expanding comments | url=https://www.mediapool.bg/do-chetvartak-tsik-obyavyava-okonchatelnite-rezultati-ot-vota-news382565.html | total_comments=10
2026-06-11 23:35:25 | INFO | mediapool_bg_2026-06-11_23-32-36 | Comments written | url=https://www.mediapool.bg/do-chetvartak-tsik-obyavyava-okonchatelnite-rezultati-ot-vota-news382565.html | parsed=3 | expected=10
2026-06-11 23:35:26 | INFO | mediapool_bg_2026-06-11_23-32-36 | Parsed category page | url=https://www.mediapool.bg/izbori-2026-cat130.html?page=2 | articles_found=20
2026-06-11 23:35:26 | INFO | mediapool_bg_2026-06-11_23-32-36 | Processing article | url=https://www.mediapool.bg/mvr-politicheskata-kartina-shteshe-da-e-savsem-razlichna-ako-ne-byaha-aktsiite-sreshtu-kupuvaneto-na-glasove-news382562.html
2026-06-11 23:35:27 | INFO | mediapool_bg_2026-06-11_23-32-36 | Expanding comments | url=https://www.mediapool.bg/mvr-politicheskata-kartina-shteshe-da-e-savsem-razlichna-ako-ne-byaha-aktsiite-sreshtu-kupuvaneto-na-glasove-news382562.html | total_comments=8
2026-06-11 23:35:27 | INFO | mediapool_bg_2026-06-11_23-32-36 | Comments written | url=https://www.mediapool.bg/mvr-politicheskata-kartina-shteshe-da-e-savsem-razlichna-ako-ne-byaha-aktsiite-sreshtu-kupuvaneto-na-glasove-news382562.html | parsed=7 | expected=8
2026-06-11 23:35:27 | INFO | mediapool_bg_2026-06-11_23-32-36 | Processing article | url=https://www.mediapool.bg/ostrietata-na-radev-koito-sa-favoriti-za-ministerski-kresla-news382549.html
2026-06-11 23:35:28 | INFO | mediapool_bg_2026-06-11_23-32-36 | Expanding comments | url=https://www.mediapool.bg/ostrietata-na-radev-koito-sa-favoriti-za-ministerski-kresla-news382549.html | total_comments=92
2026-06-11 23:35:38 | INFO | mediapool_bg_2026-06-11_23-32-36 | Comments written | url=https://www.mediapool.bg/ostrietata-na-radev-koito-sa-favoriti-za-ministerski-kresla-news382549.html | parsed=8 | expected=92
2026-06-11 23:35:38 | INFO | mediapool_bg_2026-06-11_23-32-36 | Processing article | url=https://www.mediapool.bg/yotova-shte-svika-noviya-parlament-prez-sledvashtata-sedmitsa-news382556.html
2026-06-11 23:35:38 | INFO | mediapool_bg_2026-06-11_23-32-36 | Expanding comments | url=https://www.mediapool.bg/yotova-shte-svika-noviya-parlament-prez-sledvashtata-sedmitsa-news382556.html | total_comments=16
2026-06-11 23:35:48 | INFO | mediapool_bg_2026-06-11_23-32-36 | Comments written | url=https://www.mediapool.bg/yotova-shte-svika-noviya-parlament-prez-sledvashtata-sedmitsa-news382556.html | parsed=10 | expected=16
2026-06-11 23:35:48 | INFO | mediapool_bg_2026-06-11_23-32-36 | Processing article | url=https://www.mediapool.bg/dimitar-ganev-ima-vlivane-na-novi-izbirateli-v-pp-db-koito-kompensirat-otliva-kam-radev-news382553.html
2026-06-11 23:35:49 | INFO | mediapool_bg_2026-06-11_23-32-36 | Expanding comments | url=https://www.mediapool.bg/dimitar-ganev-ima-vlivane-na-novi-izbirateli-v-pp-db-koito-kompensirat-otliva-kam-radev-news382553.html | total_comments=29
2026-06-11 23:35:59 | INFO | mediapool_bg_2026-06-11_23-32-36 | Comments written | url=https://www.mediapool.bg/dimitar-ganev-ima-vlivane-na-novi-izbirateli-v-pp-db-koito-kompensirat-otliva-kam-radev-news382553.html | parsed=10 | expected=29
2026-06-11 23:35:59 | INFO | mediapool_bg_2026-06-11_23-32-36 | Processing article | url=https://www.mediapool.bg/razmestvaniya-v-listite-na-pp-db-v-sofiya-news382551.html
2026-06-11 23:36:00 | INFO | mediapool_bg_2026-06-11_23-32-36 | Expanding comments | url=https://www.mediapool.bg/razmestvaniya-v-listite-na-pp-db-v-sofiya-news382551.html | total_comments=37
2026-06-11 23:36:10 | INFO | mediapool_bg_2026-06-11_23-32-36 | Comments written | url=https://www.mediapool.bg/razmestvaniya-v-listite-na-pp-db-v-sofiya-news382551.html | parsed=10 | expected=37
2026-06-11 23:36:10 | INFO | mediapool_bg_2026-06-11_23-32-36 | Processing article | url=https://www.mediapool.bg/koi-partii-zagubiha-nai-mnogo-glasove-na-izborite-news382548.html
2026-06-11 23:36:11 | INFO | mediapool_bg_2026-06-11_23-32-36 | Expanding comments | url=https://www.mediapool.bg/koi-partii-zagubiha-nai-mnogo-glasove-na-izborite-news382548.html | total_comments=15
2026-06-11 23:36:21 | INFO | mediapool_bg_2026-06-11_23-32-36 | Comments written | url=https://www.mediapool.bg/koi-partii-zagubiha-nai-mnogo-glasove-na-izborite-news382548.html | parsed=10 | expected=15
2026-06-11 23:36:21 | INFO | mediapool_bg_2026-06-11_23-32-36 | Processing article | url=https://www.mediapool.bg/nai-predpochitanite-kandidat-deputati-kade-sa-liderite-news382547.html
2026-06-11 23:36:21 | INFO | mediapool_bg_2026-06-11_23-32-36 | Expanding comments | url=https://www.mediapool.bg/nai-predpochitanite-kandidat-deputati-kade-sa-liderite-news382547.html | total_comments=5
2026-06-11 23:36:22 | INFO | mediapool_bg_2026-06-11_23-32-36 | Comments written | url=https://www.mediapool.bg/nai-predpochitanite-kandidat-deputati-kade-sa-liderite-news382547.html | parsed=5 | expected=5
2026-06-11 23:36:22 | INFO | mediapool_bg_2026-06-11_23-32-36 | Processing article | url=https://www.mediapool.bg/nema-pari-i-ne-glasuvat-peevski-veche-ne-e-lyubimets-na-romite-v-blagoevgrad-news382546.html
2026-06-11 23:36:22 | INFO | mediapool_bg_2026-06-11_23-32-36 | Expanding comments | url=https://www.mediapool.bg/nema-pari-i-ne-glasuvat-peevski-veche-ne-e-lyubimets-na-romite-v-blagoevgrad-news382546.html | total_comments=3
2026-06-11 23:36:22 | INFO | mediapool_bg_2026-06-11_23-32-36 | Comments written | url=https://www.mediapool.bg/nema-pari-i-ne-glasuvat-peevski-veche-ne-e-lyubimets-na-romite-v-blagoevgrad-news382546.html | parsed=2 | expected=3
2026-06-11 23:36:22 | INFO | mediapool_bg_2026-06-11_23-32-36 | Processing article | url=https://www.mediapool.bg/prokuraturata-e-prekratila-nad-23-ot-prepiskite-za-kupuvane-na-glasove-news382544.html
2026-06-11 23:36:23 | INFO | mediapool_bg_2026-06-11_23-32-36 | Expanding comments | url=https://www.mediapool.bg/prokuraturata-e-prekratila-nad-23-ot-prepiskite-za-kupuvane-na-glasove-news382544.html | total_comments=42
2026-06-11 23:36:33 | INFO | mediapool_bg_2026-06-11_23-32-36 | Comments written | url=https://www.mediapool.bg/prokuraturata-e-prekratila-nad-23-ot-prepiskite-za-kupuvane-na-glasove-news382544.html | parsed=10 | expected=42
2026-06-11 23:36:33 | INFO | mediapool_bg_2026-06-11_23-32-36 | Processing article | url=https://www.mediapool.bg/radev-nyama-da-e-nov-orban-pone-navan-spored-evropeiskiya-savet-za-vanshna-politika-news382542.html
2026-06-11 23:36:34 | INFO | mediapool_bg_2026-06-11_23-32-36 | Expanding comments | url=https://www.mediapool.bg/radev-nyama-da-e-nov-orban-pone-navan-spored-evropeiskiya-savet-za-vanshna-politika-news382542.html | total_comments=14
2026-06-11 23:36:44 | INFO | mediapool_bg_2026-06-11_23-32-36 | Comments written | url=https://www.mediapool.bg/radev-nyama-da-e-nov-orban-pone-navan-spored-evropeiskiya-savet-za-vanshna-politika-news382542.html | parsed=10 | expected=14
2026-06-11 23:36:44 | INFO | mediapool_bg_2026-06-11_23-32-36 | Processing article | url=https://www.mediapool.bg/sindikatite-ochakvat-galab-donev-da-oglavi-narodnoto-sabranie-news382540.html
2026-06-11 23:36:44 | INFO | mediapool_bg_2026-06-11_23-32-36 | Expanding comments | url=https://www.mediapool.bg/sindikatite-ochakvat-galab-donev-da-oglavi-narodnoto-sabranie-news382540.html | total_comments=24
2026-06-11 23:36:55 | INFO | mediapool_bg_2026-06-11_23-32-36 | Comments written | url=https://www.mediapool.bg/sindikatite-ochakvat-galab-donev-da-oglavi-narodnoto-sabranie-news382540.html | parsed=9 | expected=24
2026-06-11 23:36:55 | INFO | mediapool_bg_2026-06-11_23-32-36 | Processing article | url=https://www.mediapool.bg/pri-100-obraboteni-protokoli-radev-s-palno-mnozinstvo-gerb-izprevari-pp-db-news382524.html
2026-06-11 23:36:55 | INFO | mediapool_bg_2026-06-11_23-32-36 | Expanding comments | url=https://www.mediapool.bg/pri-100-obraboteni-protokoli-radev-s-palno-mnozinstvo-gerb-izprevari-pp-db-news382524.html | total_comments=396
2026-06-11 23:37:06 | INFO | mediapool_bg_2026-06-11_23-32-36 | Comments written | url=https://www.mediapool.bg/pri-100-obraboteni-protokoli-radev-s-palno-mnozinstvo-gerb-izprevari-pp-db-news382524.html | parsed=10 | expected=396
2026-06-11 23:37:06 | INFO | mediapool_bg_2026-06-11_23-32-36 | Processing article | url=https://www.mediapool.bg/radev-pecheli-nad-222-000-glasa-v-sofiya-borisov-e-golemiyat-gubesht-news382535.html
2026-06-11 23:37:07 | INFO | mediapool_bg_2026-06-11_23-32-36 | Expanding comments | url=https://www.mediapool.bg/radev-pecheli-nad-222-000-glasa-v-sofiya-borisov-e-golemiyat-gubesht-news382535.html | total_comments=41
2026-06-11 23:37:17 | INFO | mediapool_bg_2026-06-11_23-32-36 | Comments written | url=https://www.mediapool.bg/radev-pecheli-nad-222-000-glasa-v-sofiya-borisov-e-golemiyat-gubesht-news382535.html | parsed=6 | expected=41
2026-06-11 23:37:17 | INFO | mediapool_bg_2026-06-11_23-32-36 | Processing article | url=https://www.mediapool.bg/andrei-yankulov-prizova-za-barzi-promeni-v-prokuraturata-news382532.html
2026-06-11 23:37:17 | INFO | mediapool_bg_2026-06-11_23-32-36 | Expanding comments | url=https://www.mediapool.bg/andrei-yankulov-prizova-za-barzi-promeni-v-prokuraturata-news382532.html | total_comments=22
2026-06-11 23:37:27 | INFO | mediapool_bg_2026-06-11_23-32-36 | Comments written | url=https://www.mediapool.bg/andrei-yankulov-prizova-za-barzi-promeni-v-prokuraturata-news382532.html | parsed=8 | expected=22
2026-06-11 23:37:27 | INFO | mediapool_bg_2026-06-11_23-32-36 | Processing article | url=https://www.mediapool.bg/radev-tova-e-samo-parvata-stapka-news382531.html
2026-06-11 23:37:28 | INFO | mediapool_bg_2026-06-11_23-32-36 | Expanding comments | url=https://www.mediapool.bg/radev-tova-e-samo-parvata-stapka-news382531.html | total_comments=33
2026-06-11 23:37:38 | INFO | mediapool_bg_2026-06-11_23-32-36 | Comments written | url=https://www.mediapool.bg/radev-tova-e-samo-parvata-stapka-news382531.html | parsed=8 | expected=33
2026-06-11 23:37:38 | INFO | mediapool_bg_2026-06-11_23-32-36 | Processing article | url=https://www.mediapool.bg/dezinformatsionna-kampaniya-sreshtu-mashinite-i-kiberataka-news382529.html
2026-06-11 23:37:39 | INFO | mediapool_bg_2026-06-11_23-32-36 | Expanding comments | url=https://www.mediapool.bg/dezinformatsionna-kampaniya-sreshtu-mashinite-i-kiberataka-news382529.html | total_comments=6
2026-06-11 23:37:39 | INFO | mediapool_bg_2026-06-11_23-32-36 | Comments written | url=https://www.mediapool.bg/dezinformatsionna-kampaniya-sreshtu-mashinite-i-kiberataka-news382529.html | parsed=6 | expected=6
2026-06-11 23:37:39 | INFO | mediapool_bg_2026-06-11_23-32-36 | Processing article | url=https://www.mediapool.bg/frans-pres-po-evropeiskite-vaprosi-radev-balansira-varhu-opanato-vazhe-news382528.html
2026-06-11 23:37:39 | INFO | mediapool_bg_2026-06-11_23-32-36 | Expanding comments | url=https://www.mediapool.bg/frans-pres-po-evropeiskite-vaprosi-radev-balansira-varhu-opanato-vazhe-news382528.html | total_comments=10
2026-06-11 23:37:39 | INFO | mediapool_bg_2026-06-11_23-32-36 | Comments written | url=https://www.mediapool.bg/frans-pres-po-evropeiskite-vaprosi-radev-balansira-varhu-opanato-vazhe-news382528.html | parsed=6 | expected=10
2026-06-11 23:37:39 | INFO | mediapool_bg_2026-06-11_23-32-36 | Processing article | url=https://www.mediapool.bg/skandiraniya-mafiya-pred-sektsiya-v-london-news382525.html
2026-06-11 23:37:40 | INFO | mediapool_bg_2026-06-11_23-32-36 | Expanding comments | url=https://www.mediapool.bg/skandiraniya-mafiya-pred-sektsiya-v-london-news382525.html | total_comments=14
2026-06-11 23:37:50 | INFO | mediapool_bg_2026-06-11_23-32-36 | Comments written | url=https://www.mediapool.bg/skandiraniya-mafiya-pred-sektsiya-v-london-news382525.html | parsed=6 | expected=14
2026-06-11 23:37:50 | INFO | mediapool_bg_2026-06-11_23-32-36 | Processing article | url=https://www.mediapool.bg/yordan-tsonev-i-stefka-kostadinova-ostavat-izvan-parlamenta-news382552.html
2026-06-11 23:37:51 | INFO | mediapool_bg_2026-06-11_23-32-36 | Expanding comments | url=https://www.mediapool.bg/yordan-tsonev-i-stefka-kostadinova-ostavat-izvan-parlamenta-news382552.html | total_comments=37
2026-06-11 23:38:01 | INFO | mediapool_bg_2026-06-11_23-32-36 | Comments written | url=https://www.mediapool.bg/yordan-tsonev-i-stefka-kostadinova-ostavat-izvan-parlamenta-news382552.html | parsed=10 | expected=37
2026-06-11 23:38:01 | INFO | mediapool_bg_2026-06-11_23-32-36 | Processing article | url=https://www.mediapool.bg/radev-e-po-blizo-do-rusiya-ot-vseki-drug-skoroshen-balgarski-premier-news382523.html
2026-06-11 23:38:02 | INFO | mediapool_bg_2026-06-11_23-32-36 | Expanding comments | url=https://www.mediapool.bg/radev-e-po-blizo-do-rusiya-ot-vseki-drug-skoroshen-balgarski-premier-news382523.html | total_comments=15
2026-06-11 23:38:12 | INFO | mediapool_bg_2026-06-11_23-32-36 | Comments written | url=https://www.mediapool.bg/radev-e-po-blizo-do-rusiya-ot-vseki-drug-skoroshen-balgarski-premier-news382523.html | parsed=9 | expected=15
2026-06-11 23:38:12 | INFO | mediapool_bg_2026-06-11_23-32-36 | Parsed category page | url=https://www.mediapool.bg/izbori-2026-cat130.html?page=3 | articles_found=20
2026-06-11 23:38:12 | INFO | mediapool_bg_2026-06-11_23-32-36 | Processing article | url=https://www.mediapool.bg/pri-708-protokoli-v-rik-radev-e-parvi-sledvan-ot-pp-db-gerb-e-treta-politicheska-sila-news382522.html
2026-06-11 23:38:13 | INFO | mediapool_bg_2026-06-11_23-32-36 | Expanding comments | url=https://www.mediapool.bg/pri-708-protokoli-v-rik-radev-e-parvi-sledvan-ot-pp-db-gerb-e-treta-politicheska-sila-news382522.html | total_comments=1
2026-06-11 23:38:13 | WARNING | mediapool_bg_2026-06-11_23-32-36 | No comments parsed despite expected count | url=https://www.mediapool.bg/pri-708-protokoli-v-rik-radev-e-parvi-sledvan-ot-pp-db-gerb-e-treta-politicheska-sila-news382522.html | expected=1
2026-06-11 23:38:13 | INFO | mediapool_bg_2026-06-11_23-32-36 | Processing article | url=https://www.mediapool.bg/glasuvaite-za-progresa-radev-nai-veroyatno-pecheli-i-izborite-zad-granitsa-news382521.html
2026-06-11 23:38:14 | INFO | mediapool_bg_2026-06-11_23-32-36 | Expanding comments | url=https://www.mediapool.bg/glasuvaite-za-progresa-radev-nai-veroyatno-pecheli-i-izborite-zad-granitsa-news382521.html | total_comments=3
2026-06-11 23:38:14 | INFO | mediapool_bg_2026-06-11_23-32-36 | Comments written | url=https://www.mediapool.bg/glasuvaite-za-progresa-radev-nai-veroyatno-pecheli-i-izborite-zad-granitsa-news382521.html | parsed=3 | expected=3
2026-06-11 23:38:14 | INFO | mediapool_bg_2026-06-11_23-32-36 | Processing article | url=https://www.mediapool.bg/ot-myastoto-na-vota-kak-tsyala-sektsiya-v-stolipinovo-ryazko-se-preorientira-ot-gerb-kam-radev-news382520.html
2026-06-11 23:38:15 | INFO | mediapool_bg_2026-06-11_23-32-36 | Expanding comments | url=https://www.mediapool.bg/ot-myastoto-na-vota-kak-tsyala-sektsiya-v-stolipinovo-ryazko-se-preorientira-ot-gerb-kam-radev-news382520.html | total_comments=10
2026-06-11 23:38:15 | INFO | mediapool_bg_2026-06-11_23-32-36 | Comments written | url=https://www.mediapool.bg/ot-myastoto-na-vota-kak-tsyala-sektsiya-v-stolipinovo-ryazko-se-preorientira-ot-gerb-kam-radev-news382520.html | parsed=10 | expected=10
2026-06-11 23:38:15 | INFO | mediapool_bg_2026-06-11_23-32-36 | Processing article | url=https://www.mediapool.bg/radev-otide-do-urnata-sam-no-pri-pobednite-rezultati-be-pridruzhen-ot-saprugata-si-obnovena-news382500.html
2026-06-11 23:38:15 | INFO | mediapool_bg_2026-06-11_23-32-36 | Expanding comments | url=https://www.mediapool.bg/radev-otide-do-urnata-sam-no-pri-pobednite-rezultati-be-pridruzhen-ot-saprugata-si-obnovena-news382500.html | total_comments=35
2026-06-11 23:38:25 | INFO | mediapool_bg_2026-06-11_23-32-36 | Comments written | url=https://www.mediapool.bg/radev-otide-do-urnata-sam-no-pri-pobednite-rezultati-be-pridruzhen-ot-saprugata-si-obnovena-news382500.html | parsed=10 | expected=35
2026-06-11 23:38:25 | INFO | mediapool_bg_2026-06-11_23-32-36 | Processing article | url=https://www.mediapool.bg/demerdzhiev-pobedihme-straha-i-monopola-na-dps-v-kardzhali-news382518.html
2026-06-11 23:38:26 | INFO | mediapool_bg_2026-06-11_23-32-36 | Expanding comments | url=https://www.mediapool.bg/demerdzhiev-pobedihme-straha-i-monopola-na-dps-v-kardzhali-news382518.html | total_comments=2
2026-06-11 23:38:26 | WARNING | mediapool_bg_2026-06-11_23-32-36 | No comments parsed despite expected count | url=https://www.mediapool.bg/demerdzhiev-pobedihme-straha-i-monopola-na-dps-v-kardzhali-news382518.html | expected=2
2026-06-11 23:38:26 | INFO | mediapool_bg_2026-06-11_23-32-36 | Processing article | url=https://www.mediapool.bg/palna-promyana-radev-s-istoricheska-pobeda-gerb-i-pp-db-na-kantar-vazrazhdane-se-srina-news382505.html
2026-06-11 23:38:27 | INFO | mediapool_bg_2026-06-11_23-32-36 | Expanding comments | url=https://www.mediapool.bg/palna-promyana-radev-s-istoricheska-pobeda-gerb-i-pp-db-na-kantar-vazrazhdane-se-srina-news382505.html | total_comments=166
2026-06-11 23:38:37 | INFO | mediapool_bg_2026-06-11_23-32-36 | Comments written | url=https://www.mediapool.bg/palna-promyana-radev-s-istoricheska-pobeda-gerb-i-pp-db-na-kantar-vazrazhdane-se-srina-news382505.html | parsed=7 | expected=166
2026-06-11 23:38:37 | INFO | mediapool_bg_2026-06-11_23-32-36 | Processing article | url=https://www.mediapool.bg/peevski-kam-simpatizantite-ustoyahte-na-bezpretsedenten-natisk-news382517.html
2026-06-11 23:38:37 | INFO | mediapool_bg_2026-06-11_23-32-36 | Expanding comments | url=https://www.mediapool.bg/peevski-kam-simpatizantite-ustoyahte-na-bezpretsedenten-natisk-news382517.html | total_comments=11
2026-06-11 23:38:48 | INFO | mediapool_bg_2026-06-11_23-32-36 | Comments written | url=https://www.mediapool.bg/peevski-kam-simpatizantite-ustoyahte-na-bezpretsedenten-natisk-news382517.html | parsed=4 | expected=11
2026-06-11 23:38:48 | INFO | mediapool_bg_2026-06-11_23-32-36 | Processing article | url=https://www.mediapool.bg/bsp-ostava-pod-chertata-za-parlamenta-no-s-neochakvan-rezultat-news382516.html
2026-06-11 23:38:48 | INFO | mediapool_bg_2026-06-11_23-32-36 | Expanding comments | url=https://www.mediapool.bg/bsp-ostava-pod-chertata-za-parlamenta-no-s-neochakvan-rezultat-news382516.html | total_comments=9
2026-06-11 23:38:48 | INFO | mediapool_bg_2026-06-11_23-32-36 | Comments written | url=https://www.mediapool.bg/bsp-ostava-pod-chertata-za-parlamenta-no-s-neochakvan-rezultat-news382516.html | parsed=7 | expected=9
2026-06-11 23:38:48 | INFO | mediapool_bg_2026-06-11_23-32-36 | Processing article | url=https://www.mediapool.bg/radev-sled-izbornata-pobeda-evropa-ima-nuzhda-ot-kritichno-mislene-i-dialog-s-rusiya-obnovena-news382506.html
2026-06-11 23:38:49 | INFO | mediapool_bg_2026-06-11_23-32-36 | Expanding comments | url=https://www.mediapool.bg/radev-sled-izbornata-pobeda-evropa-ima-nuzhda-ot-kritichno-mislene-i-dialog-s-rusiya-obnovena-news382506.html | total_comments=52
2026-06-11 23:38:59 | INFO | mediapool_bg_2026-06-11_23-32-36 | Comments written | url=https://www.mediapool.bg/radev-sled-izbornata-pobeda-evropa-ima-nuzhda-ot-kritichno-mislene-i-dialog-s-rusiya-obnovena-news382506.html | parsed=8 | expected=52
2026-06-11 23:38:59 | INFO | mediapool_bg_2026-06-11_23-32-36 | Processing article | url=https://www.mediapool.bg/pochti-milion-dushi-poveche-glasuvaha-tozi-pat-po-aktivni-sa-i-v-chuzhbina-news382483.html
2026-06-11 23:39:07 | INFO | mediapool_bg_2026-06-11_23-32-36 | Expanding comments | url=https://www.mediapool.bg/pochti-milion-dushi-poveche-glasuvaha-tozi-pat-po-aktivni-sa-i-v-chuzhbina-news382483.html | total_comments=98
2026-06-11 23:39:17 | INFO | mediapool_bg_2026-06-11_23-32-36 | Comments written | url=https://www.mediapool.bg/pochti-milion-dushi-poveche-glasuvaha-tozi-pat-po-aktivni-sa-i-v-chuzhbina-news382483.html | parsed=9 | expected=98
2026-06-11 23:39:17 | INFO | mediapool_bg_2026-06-11_23-32-36 | Processing article | url=https://www.mediapool.bg/pp-db-balgarite-ostaviha-gerb-i-dps-v-minaloto-no-bitkata-s-modela-im-prodalzhava-news382515.html
2026-06-11 23:39:17 | INFO | mediapool_bg_2026-06-11_23-32-36 | Expanding comments | url=https://www.mediapool.bg/pp-db-balgarite-ostaviha-gerb-i-dps-v-minaloto-no-bitkata-s-modela-im-prodalzhava-news382515.html | total_comments=24
2026-06-11 23:39:27 | INFO | mediapool_bg_2026-06-11_23-32-36 | Comments written | url=https://www.mediapool.bg/pp-db-balgarite-ostaviha-gerb-i-dps-v-minaloto-no-bitkata-s-modela-im-prodalzhava-news382515.html | parsed=6 | expected=24
2026-06-11 23:39:27 | INFO | mediapool_bg_2026-06-11_23-32-36 | Processing article | url=https://www.mediapool.bg/pp-db-e-osnovniyat-donor-na-glasove-za-radev-toi-privlicha-i-povecheto-gen-z-news382513.html
2026-06-11 23:39:28 | INFO | mediapool_bg_2026-06-11_23-32-36 | Expanding comments | url=https://www.mediapool.bg/pp-db-e-osnovniyat-donor-na-glasove-za-radev-toi-privlicha-i-povecheto-gen-z-news382513.html | total_comments=50
2026-06-11 23:39:38 | INFO | mediapool_bg_2026-06-11_23-32-36 | Comments written | url=https://www.mediapool.bg/pp-db-e-osnovniyat-donor-na-glasove-za-radev-toi-privlicha-i-povecheto-gen-z-news382513.html | parsed=10 | expected=50
2026-06-11 23:39:38 | INFO | mediapool_bg_2026-06-11_23-32-36 | Processing article | url=https://www.mediapool.bg/borisov-pozdravi-radev-za-izbornata-pobeda-na-gerb-pozhela-tarpenie-news382512.html
2026-06-11 23:39:39 | INFO | mediapool_bg_2026-06-11_23-32-36 | Expanding comments | url=https://www.mediapool.bg/borisov-pozdravi-radev-za-izbornata-pobeda-na-gerb-pozhela-tarpenie-news382512.html | total_comments=15
2026-06-11 23:39:49 | INFO | mediapool_bg_2026-06-11_23-32-36 | Comments written | url=https://www.mediapool.bg/borisov-pozdravi-radev-za-izbornata-pobeda-na-gerb-pozhela-tarpenie-news382512.html | parsed=5 | expected=15
2026-06-11 23:39:49 | INFO | mediapool_bg_2026-06-11_23-32-36 | Processing article | url=https://www.mediapool.bg/dps-novo-nachalo-sa-parventsi-po-signali-za-kupen-vot-news382511.html
2026-06-11 23:39:50 | INFO | mediapool_bg_2026-06-11_23-32-36 | Expanding comments | url=https://www.mediapool.bg/dps-novo-nachalo-sa-parventsi-po-signali-za-kupen-vot-news382511.html | total_comments=18
2026-06-11 23:40:00 | INFO | mediapool_bg_2026-06-11_23-32-36 | Comments written | url=https://www.mediapool.bg/dps-novo-nachalo-sa-parventsi-po-signali-za-kupen-vot-news382511.html | parsed=9 | expected=18
2026-06-11 23:40:00 | INFO | mediapool_bg_2026-06-11_23-32-36 | Processing article | url=https://www.mediapool.bg/andrei-raichev-snimkata-s-putin-dade-gorivo-i-na-radev-i-na-pp-db-news382509.html
2026-06-11 23:40:01 | INFO | mediapool_bg_2026-06-11_23-32-36 | Expanding comments | url=https://www.mediapool.bg/andrei-raichev-snimkata-s-putin-dade-gorivo-i-na-radev-i-na-pp-db-news382509.html | total_comments=3
2026-06-11 23:40:01 | INFO | mediapool_bg_2026-06-11_23-32-36 | Comments written | url=https://www.mediapool.bg/andrei-raichev-snimkata-s-putin-dade-gorivo-i-na-radev-i-na-pp-db-news382509.html | parsed=3 | expected=3
2026-06-11 23:40:01 | INFO | mediapool_bg_2026-06-11_23-32-36 | Processing article | url=https://www.mediapool.bg/dva-pati-po-malko-izbirateli-v-turtsiya-news382508.html
2026-06-11 23:40:01 | INFO | mediapool_bg_2026-06-11_23-32-36 | Expanding comments | url=https://www.mediapool.bg/dva-pati-po-malko-izbirateli-v-turtsiya-news382508.html | total_comments=3
2026-06-11 23:40:01 | INFO | mediapool_bg_2026-06-11_23-32-36 | Comments written | url=https://www.mediapool.bg/dva-pati-po-malko-izbirateli-v-turtsiya-news382508.html | parsed=3 | expected=3
2026-06-11 23:40:01 | INFO | mediapool_bg_2026-06-11_23-32-36 | Processing article | url=https://www.mediapool.bg/valyat-signali-za-izborni-narusheniya-mvr-podgotvilo-iznenadi-za-kupuvachite-na-glasove-news382499.html
2026-06-11 23:40:02 | INFO | mediapool_bg_2026-06-11_23-32-36 | Expanding comments | url=https://www.mediapool.bg/valyat-signali-za-izborni-narusheniya-mvr-podgotvilo-iznenadi-za-kupuvachite-na-glasove-news382499.html | total_comments=28
2026-06-11 23:40:12 | INFO | mediapool_bg_2026-06-11_23-32-36 | Comments written | url=https://www.mediapool.bg/valyat-signali-za-izborni-narusheniya-mvr-podgotvilo-iznenadi-za-kupuvachite-na-glasove-news382499.html | parsed=5 | expected=28
2026-06-11 23:40:12 | INFO | mediapool_bg_2026-06-11_23-32-36 | Processing article | url=https://www.mediapool.bg/nad-99-ot-mashinite-za-glasuvane-rabotyat-normalno-nyama-sriv-news382498.html
2026-06-11 23:40:13 | INFO | mediapool_bg_2026-06-11_23-32-36 | Expanding comments | url=https://www.mediapool.bg/nad-99-ot-mashinite-za-glasuvane-rabotyat-normalno-nyama-sriv-news382498.html | total_comments=10
2026-06-11 23:40:13 | INFO | mediapool_bg_2026-06-11_23-32-36 | Comments written | url=https://www.mediapool.bg/nad-99-ot-mashinite-za-glasuvane-rabotyat-normalno-nyama-sriv-news382498.html | parsed=9 | expected=10
2026-06-11 23:40:13 | INFO | mediapool_bg_2026-06-11_23-32-36 | Processing article | url=https://www.mediapool.bg/kak-glasuvaha-polititsite-v-izborniya-den-news382494.html
2026-06-11 23:40:14 | INFO | mediapool_bg_2026-06-11_23-32-36 | Expanding comments | url=https://www.mediapool.bg/kak-glasuvaha-polititsite-v-izborniya-den-news382494.html | total_comments=68
2026-06-11 23:40:24 | INFO | mediapool_bg_2026-06-11_23-32-36 | Comments written | url=https://www.mediapool.bg/kak-glasuvaha-polititsite-v-izborniya-den-news382494.html | parsed=6 | expected=68
2026-06-11 23:40:24 | INFO | mediapool_bg_2026-06-11_23-32-36 | Processing article | url=https://www.mediapool.bg/opashki-v-london-i-nedovolstvo-v-turtsiya-povishen-interes-pri-vota-zad-granitsa-news382485.html
2026-06-11 23:40:24 | INFO | mediapool_bg_2026-06-11_23-32-36 | Expanding comments | url=https://www.mediapool.bg/opashki-v-london-i-nedovolstvo-v-turtsiya-povishen-interes-pri-vota-zad-granitsa-news382485.html | total_comments=4
2026-06-11 23:40:24 | INFO | mediapool_bg_2026-06-11_23-32-36 | Comments written | url=https://www.mediapool.bg/opashki-v-london-i-nedovolstvo-v-turtsiya-povishen-interes-pri-vota-zad-granitsa-news382485.html | parsed=3 | expected=4
2026-06-11 23:40:25 | INFO | mediapool_bg_2026-06-11_23-32-36 | Parsed category page | url=https://www.mediapool.bg/izbori-2026-cat130.html?page=4 | articles_found=20
2026-06-11 23:40:25 | INFO | mediapool_bg_2026-06-11_23-32-36 | Processing article | url=https://www.mediapool.bg/predsedatelyat-i-sekretaryat-na-rik-blagoevgrad-postradaha-pri-intsident-s-asansyor-news382496.html
2026-06-11 23:40:25 | INFO | mediapool_bg_2026-06-11_23-32-36 | Expanding comments | url=https://www.mediapool.bg/predsedatelyat-i-sekretaryat-na-rik-blagoevgrad-postradaha-pri-intsident-s-asansyor-news382496.html | total_comments=2
2026-06-11 23:40:26 | INFO | mediapool_bg_2026-06-11_23-32-36 | Comments written | url=https://www.mediapool.bg/predsedatelyat-i-sekretaryat-na-rik-blagoevgrad-postradaha-pri-intsident-s-asansyor-news382496.html | parsed=2 | expected=2
2026-06-11 23:40:26 | INFO | mediapool_bg_2026-06-11_23-32-36 | Processing article | url=https://www.mediapool.bg/kandidat-deputat-e-bil-presledvan-dzhip-se-e-opital-da-go-iztlaska-ot-patya-news382493.html
2026-06-11 23:40:26 | INFO | mediapool_bg_2026-06-11_23-32-36 | Expanding comments | url=https://www.mediapool.bg/kandidat-deputat-e-bil-presledvan-dzhip-se-e-opital-da-go-iztlaska-ot-patya-news382493.html | total_comments=9
2026-06-11 23:40:26 | INFO | mediapool_bg_2026-06-11_23-32-36 | Comments written | url=https://www.mediapool.bg/kandidat-deputat-e-bil-presledvan-dzhip-se-e-opital-da-go-iztlaska-ot-patya-news382493.html | parsed=6 | expected=9
2026-06-11 23:40:26 | INFO | mediapool_bg_2026-06-11_23-32-36 | Processing article | url=https://www.mediapool.bg/parvan-simeonov-ne-obrashtaite-vnimanie-na-klasatsii-v-izborniya-den-news382487.html
2026-06-11 23:40:27 | INFO | mediapool_bg_2026-06-11_23-32-36 | Expanding comments | url=https://www.mediapool.bg/parvan-simeonov-ne-obrashtaite-vnimanie-na-klasatsii-v-izborniya-den-news382487.html | total_comments=13
2026-06-11 23:40:37 | INFO | mediapool_bg_2026-06-11_23-32-36 | Comments written | url=https://www.mediapool.bg/parvan-simeonov-ne-obrashtaite-vnimanie-na-klasatsii-v-izborniya-den-news382487.html | parsed=9 | expected=13
2026-06-11 23:40:37 | INFO | mediapool_bg_2026-06-11_23-32-36 | Processing article | url=https://www.mediapool.bg/otpechatani-sa-novi-byuletini-za-dobrich-i-shumen-v-blagoevgrad-sa-smeneni-nad-300-chlenove-na-sik-news382468.html
2026-06-11 23:40:38 | INFO | mediapool_bg_2026-06-11_23-32-36 | Expanding comments | url=https://www.mediapool.bg/otpechatani-sa-novi-byuletini-za-dobrich-i-shumen-v-blagoevgrad-sa-smeneni-nad-300-chlenove-na-sik-news382468.html | total_comments=11
2026-06-11 23:40:48 | INFO | mediapool_bg_2026-06-11_23-32-36 | Comments written | url=https://www.mediapool.bg/otpechatani-sa-novi-byuletini-za-dobrich-i-shumen-v-blagoevgrad-sa-smeneni-nad-300-chlenove-na-sik-news382468.html | parsed=8 | expected=11
2026-06-11 23:40:48 | INFO | mediapool_bg_2026-06-11_23-32-36 | Processing article | url=https://www.mediapool.bg/den-za-razmisal-i-bez-agitatsiya-predi-vota-v-nedelya-news382463.html
2026-06-11 23:40:49 | INFO | mediapool_bg_2026-06-11_23-32-36 | Expanding comments | url=https://www.mediapool.bg/den-za-razmisal-i-bez-agitatsiya-predi-vota-v-nedelya-news382463.html | total_comments=14
2026-06-11 23:40:59 | INFO | mediapool_bg_2026-06-11_23-32-36 | Comments written | url=https://www.mediapool.bg/den-za-razmisal-i-bez-agitatsiya-predi-vota-v-nedelya-news382463.html | parsed=9 | expected=14
2026-06-11 23:40:59 | INFO | mediapool_bg_2026-06-11_23-32-36 | Processing article | url=https://www.mediapool.bg/radev-smyata-krim-e-ruski-za-realistichna-pozitsiya-news382461.html
2026-06-11 23:40:59 | INFO | mediapool_bg_2026-06-11_23-32-36 | Expanding comments | url=https://www.mediapool.bg/radev-smyata-krim-e-ruski-za-realistichna-pozitsiya-news382461.html | total_comments=107
2026-06-11 23:41:09 | INFO | mediapool_bg_2026-06-11_23-32-36 | Comments written | url=https://www.mediapool.bg/radev-smyata-krim-e-ruski-za-realistichna-pozitsiya-news382461.html | parsed=6 | expected=107
2026-06-11 23:41:09 | INFO | mediapool_bg_2026-06-11_23-32-36 | Processing article | url=https://www.mediapool.bg/kade-sa-politikite-za-detsata-v-predizbornite-programi-news382451.html
2026-06-11 23:41:10 | INFO | mediapool_bg_2026-06-11_23-32-36 | Expanding comments | url=https://www.mediapool.bg/kade-sa-politikite-za-detsata-v-predizbornite-programi-news382451.html | total_comments=5
2026-06-11 23:41:10 | INFO | mediapool_bg_2026-06-11_23-32-36 | Comments written | url=https://www.mediapool.bg/kade-sa-politikite-za-detsata-v-predizbornite-programi-news382451.html | parsed=5 | expected=5
2026-06-11 23:41:10 | INFO | mediapool_bg_2026-06-11_23-32-36 | Processing article | url=https://www.mediapool.bg/konsolidirana-prognoza-na-sotsiologicheskite-agentsii-za-sastava-na-52-to-narodno-sabranie-news382446.html
2026-06-11 23:41:11 | INFO | mediapool_bg_2026-06-11_23-32-36 | Expanding comments | url=https://www.mediapool.bg/konsolidirana-prognoza-na-sotsiologicheskite-agentsii-za-sastava-na-52-to-narodno-sabranie-news382446.html | total_comments=39
2026-06-11 23:41:21 | INFO | mediapool_bg_2026-06-11_23-32-36 | Comments written | url=https://www.mediapool.bg/konsolidirana-prognoza-na-sotsiologicheskite-agentsii-za-sastava-na-52-to-narodno-sabranie-news382446.html | parsed=8 | expected=39
2026-06-11 23:41:21 | INFO | mediapool_bg_2026-06-11_23-32-36 | Processing article | url=https://www.mediapool.bg/natsionalno-predatelstvo-demokratichna-bulgaria-atakuva-radev-za-avtoreklamata-s-putin-news382428.html
2026-06-11 23:41:22 | INFO | mediapool_bg_2026-06-11_23-32-36 | Expanding comments | url=https://www.mediapool.bg/natsionalno-predatelstvo-demokratichna-bulgaria-atakuva-radev-za-avtoreklamata-s-putin-news382428.html | total_comments=23
2026-06-11 23:41:32 | INFO | mediapool_bg_2026-06-11_23-32-36 | Comments written | url=https://www.mediapool.bg/natsionalno-predatelstvo-demokratichna-bulgaria-atakuva-radev-za-avtoreklamata-s-putin-news382428.html | parsed=10 | expected=23
2026-06-11 23:41:32 | INFO | mediapool_bg_2026-06-11_23-32-36 | Processing article | url=https://www.mediapool.bg/predizbornata-kampaniya-na-gen-z-koi-sa-mladite-kandidat-deputati-news382433.html
2026-06-11 23:41:33 | INFO | mediapool_bg_2026-06-11_23-32-36 | Expanding comments | url=https://www.mediapool.bg/predizbornata-kampaniya-na-gen-z-koi-sa-mladite-kandidat-deputati-news382433.html | total_comments=12
2026-06-11 23:41:43 | INFO | mediapool_bg_2026-06-11_23-32-36 | Comments written | url=https://www.mediapool.bg/predizbornata-kampaniya-na-gen-z-koi-sa-mladite-kandidat-deputati-news382433.html | parsed=10 | expected=12
2026-06-11 23:41:43 | INFO | mediapool_bg_2026-06-11_23-32-36 | Processing article | url=https://www.mediapool.bg/eksperti-ruska-propaganda-e-zalyala-bulgaria-sled-aktiviraneto-na-es-news382427.html
2026-06-11 23:41:44 | INFO | mediapool_bg_2026-06-11_23-32-36 | Expanding comments | url=https://www.mediapool.bg/eksperti-ruska-propaganda-e-zalyala-bulgaria-sled-aktiviraneto-na-es-news382427.html | total_comments=9
2026-06-11 23:41:44 | INFO | mediapool_bg_2026-06-11_23-32-36 | Comments written | url=https://www.mediapool.bg/eksperti-ruska-propaganda-e-zalyala-bulgaria-sled-aktiviraneto-na-es-news382427.html | parsed=9 | expected=9
2026-06-11 23:41:44 | INFO | mediapool_bg_2026-06-11_23-32-36 | Processing article | url=https://www.mediapool.bg/videonablyudenieto-na-broeneto-na-byuletinite-shte-izprashta-signali-na-vseki-5-minuti-news382425.html
2026-06-11 23:41:44 | INFO | mediapool_bg_2026-06-11_23-32-36 | Expanding comments | url=https://www.mediapool.bg/videonablyudenieto-na-broeneto-na-byuletinite-shte-izprashta-signali-na-vseki-5-minuti-news382425.html | total_comments=1
2026-06-11 23:41:44 | INFO | mediapool_bg_2026-06-11_23-32-36 | Comments written | url=https://www.mediapool.bg/videonablyudenieto-na-broeneto-na-byuletinite-shte-izprashta-signali-na-vseki-5-minuti-news382425.html | parsed=1 | expected=1
2026-06-11 23:41:44 | INFO | mediapool_bg_2026-06-11_23-32-36 | Processing article | url=https://www.mediapool.bg/finalni-prouchvaniya-radev-pecheli-bsp-e-na-raba-news382412.html
2026-06-11 23:41:45 | INFO | mediapool_bg_2026-06-11_23-32-36 | Expanding comments | url=https://www.mediapool.bg/finalni-prouchvaniya-radev-pecheli-bsp-e-na-raba-news382412.html | total_comments=88
2026-06-11 23:41:55 | INFO | mediapool_bg_2026-06-11_23-32-36 | Comments written | url=https://www.mediapool.bg/finalni-prouchvaniya-radev-pecheli-bsp-e-na-raba-news382412.html | parsed=10 | expected=88
2026-06-11 23:41:55 | INFO | mediapool_bg_2026-06-11_23-32-36 | Processing article | url=https://www.mediapool.bg/video-dobrovoltsi-i-mvr-chestni-izbori---misiyata-nevazmozhna-news382405.html
2026-06-11 23:41:56 | INFO | mediapool_bg_2026-06-11_23-32-36 | Expanding comments | url=https://www.mediapool.bg/video-dobrovoltsi-i-mvr-chestni-izbori---misiyata-nevazmozhna-news382405.html | total_comments=9
2026-06-11 23:41:56 | INFO | mediapool_bg_2026-06-11_23-32-36 | Comments written | url=https://www.mediapool.bg/video-dobrovoltsi-i-mvr-chestni-izbori---misiyata-nevazmozhna-news382405.html | parsed=6 | expected=9
2026-06-11 23:41:56 | INFO | mediapool_bg_2026-06-11_23-32-36 | Processing article | url=https://www.mediapool.bg/obshtinski-savetnik-uchastva-v-prestapna-grupa-za-kupuvane-na-glasove-news382411.html
2026-06-11 23:41:57 | INFO | mediapool_bg_2026-06-11_23-32-36 | Expanding comments | url=https://www.mediapool.bg/obshtinski-savetnik-uchastva-v-prestapna-grupa-za-kupuvane-na-glasove-news382411.html | total_comments=7
2026-06-11 23:41:57 | INFO | mediapool_bg_2026-06-11_23-32-36 | Comments written | url=https://www.mediapool.bg/obshtinski-savetnik-uchastva-v-prestapna-grupa-za-kupuvane-na-glasove-news382411.html | parsed=5 | expected=7
2026-06-11 23:41:57 | INFO | mediapool_bg_2026-06-11_23-32-36 | Processing article | url=https://www.mediapool.bg/radev-ne-na-sglobkite-pod-rezhisurata-na-peevski-vasilev-borisov-news382409.html
2026-06-11 23:41:57 | INFO | mediapool_bg_2026-06-11_23-32-36 | Expanding comments | url=https://www.mediapool.bg/radev-ne-na-sglobkite-pod-rezhisurata-na-peevski-vasilev-borisov-news382409.html | total_comments=47
2026-06-11 23:42:08 | INFO | mediapool_bg_2026-06-11_23-32-36 | Comments written | url=https://www.mediapool.bg/radev-ne-na-sglobkite-pod-rezhisurata-na-peevski-vasilev-borisov-news382409.html | parsed=9 | expected=47
2026-06-11 23:42:08 | INFO | mediapool_bg_2026-06-11_23-32-36 | Processing article | url=https://www.mediapool.bg/unikalen-shans-da-izritame-borisov-i-peevski-ot-vlastta-zavinagi-pp-db-zakri-predizbornata-si-kampaniya-news382408.html
2026-06-11 23:42:08 | INFO | mediapool_bg_2026-06-11_23-32-36 | Expanding comments | url=https://www.mediapool.bg/unikalen-shans-da-izritame-borisov-i-peevski-ot-vlastta-zavinagi-pp-db-zakri-predizbornata-si-kampaniya-news382408.html | total_comments=35
2026-06-11 23:42:18 | INFO | mediapool_bg_2026-06-11_23-32-36 | Comments written | url=https://www.mediapool.bg/unikalen-shans-da-izritame-borisov-i-peevski-ot-vlastta-zavinagi-pp-db-zakri-predizbornata-si-kampaniya-news382408.html | parsed=7 | expected=35
2026-06-11 23:42:18 | INFO | mediapool_bg_2026-06-11_23-32-36 | Processing article | url=https://www.mediapool.bg/tsirk-pred-mediite-ot-gerb-razglobiha-mashina-za-vota-s-otvertka-tsik-dori-i-taka-nyamate-dostap-do-pametta-news382403.html
2026-06-11 23:42:19 | INFO | mediapool_bg_2026-06-11_23-32-36 | Expanding comments | url=https://www.mediapool.bg/tsirk-pred-mediite-ot-gerb-razglobiha-mashina-za-vota-s-otvertka-tsik-dori-i-taka-nyamate-dostap-do-pametta-news382403.html | total_comments=77
2026-06-11 23:42:29 | INFO | mediapool_bg_2026-06-11_23-32-36 | Comments written | url=https://www.mediapool.bg/tsirk-pred-mediite-ot-gerb-razglobiha-mashina-za-vota-s-otvertka-tsik-dori-i-taka-nyamate-dostap-do-pametta-news382403.html | parsed=7 | expected=77
2026-06-11 23:42:29 | INFO | mediapool_bg_2026-06-11_23-32-36 | Processing article | url=https://www.mediapool.bg/roiters-bivshiyat-proruski-prezident-na-bulgaria-vodi-v-izbornata-nadprevara-s-antikoruptsionna-platforma-news382400.html
2026-06-11 23:42:30 | INFO | mediapool_bg_2026-06-11_23-32-36 | Expanding comments | url=https://www.mediapool.bg/roiters-bivshiyat-proruski-prezident-na-bulgaria-vodi-v-izbornata-nadprevara-s-antikoruptsionna-platforma-news382400.html | total_comments=45
2026-06-11 23:42:40 | INFO | mediapool_bg_2026-06-11_23-32-36 | Comments written | url=https://www.mediapool.bg/roiters-bivshiyat-proruski-prezident-na-bulgaria-vodi-v-izbornata-nadprevara-s-antikoruptsionna-platforma-news382400.html | parsed=8 | expected=45
2026-06-11 23:42:40 | INFO | mediapool_bg_2026-06-11_23-32-36 | Processing article | url=https://www.mediapool.bg/koalitsionnata-matematika-na-gerb-ne-za-prodalzhavame-promyanata-i-zashto-ne-za-progresivna-bulgaria-news382399.html
2026-06-11 23:42:40 | INFO | mediapool_bg_2026-06-11_23-32-36 | Expanding comments | url=https://www.mediapool.bg/koalitsionnata-matematika-na-gerb-ne-za-prodalzhavame-promyanata-i-zashto-ne-za-progresivna-bulgaria-news382399.html | total_comments=23
2026-06-11 23:42:50 | INFO | mediapool_bg_2026-06-11_23-32-36 | Comments written | url=https://www.mediapool.bg/koalitsionnata-matematika-na-gerb-ne-za-prodalzhavame-promyanata-i-zashto-ne-za-progresivna-bulgaria-news382399.html | parsed=10 | expected=23
2026-06-11 23:42:51 | INFO | mediapool_bg_2026-06-11_23-32-36 | Parsed category page | url=https://www.mediapool.bg/izbori-2026-cat130.html?page=5 | articles_found=20
2026-06-11 23:42:51 | INFO | mediapool_bg_2026-06-11_23-32-36 | Processing article | url=https://www.mediapool.bg/blizo-5000-dushi-sa-poiskali-da-glasuvat-v-bolnitsi-news382381.html
2026-06-11 23:42:52 | INFO | mediapool_bg_2026-06-11_23-32-36 | Skipping article with zero comments | url=https://www.mediapool.bg/blizo-5000-dushi-sa-poiskali-da-glasuvat-v-bolnitsi-news382381.html
2026-06-11 23:42:52 | INFO | mediapool_bg_2026-06-11_23-32-36 | Processing article | url=https://www.mediapool.bg/market-links-radev-s-dvutsifrena-prednina-pred-gerb-5-partii-vlizat-v-parlamenta-news382377.html
2026-06-11 23:42:52 | INFO | mediapool_bg_2026-06-11_23-32-36 | Expanding comments | url=https://www.mediapool.bg/market-links-radev-s-dvutsifrena-prednina-pred-gerb-5-partii-vlizat-v-parlamenta-news382377.html | total_comments=66
2026-06-11 23:43:02 | INFO | mediapool_bg_2026-06-11_23-32-36 | Comments written | url=https://www.mediapool.bg/market-links-radev-s-dvutsifrena-prednina-pred-gerb-5-partii-vlizat-v-parlamenta-news382377.html | parsed=6 | expected=66
2026-06-11 23:43:02 | INFO | mediapool_bg_2026-06-11_23-32-36 | Processing article | url=https://www.mediapool.bg/30-kandidat-deputati-sa-dadeni-na-prokuror-za-izborni-prestapleniya-news382373.html
2026-06-11 23:43:03 | INFO | mediapool_bg_2026-06-11_23-32-36 | Expanding comments | url=https://www.mediapool.bg/30-kandidat-deputati-sa-dadeni-na-prokuror-za-izborni-prestapleniya-news382373.html | total_comments=24
2026-06-11 23:43:13 | INFO | mediapool_bg_2026-06-11_23-32-36 | Comments written | url=https://www.mediapool.bg/30-kandidat-deputati-sa-dadeni-na-prokuror-za-izborni-prestapleniya-news382373.html | parsed=7 | expected=24
2026-06-11 23:43:13 | INFO | mediapool_bg_2026-06-11_23-32-36 | Processing article | url=https://www.mediapool.bg/dvama-obshtinski-savetnitsi-ot-septemvri-sa-zadarzhani-za-kupuvane-na-glasove-news382339.html
2026-06-11 23:43:13 | INFO | mediapool_bg_2026-06-11_23-32-36 | Expanding comments | url=https://www.mediapool.bg/dvama-obshtinski-savetnitsi-ot-septemvri-sa-zadarzhani-za-kupuvane-na-glasove-news382339.html | total_comments=8
2026-06-11 23:43:14 | INFO | mediapool_bg_2026-06-11_23-32-36 | Comments written | url=https://www.mediapool.bg/dvama-obshtinski-savetnitsi-ot-septemvri-sa-zadarzhani-za-kupuvane-na-glasove-news382339.html | parsed=7 | expected=8
2026-06-11 23:43:14 | INFO | mediapool_bg_2026-06-11_23-32-36 | Processing article | url=https://www.mediapool.bg/premierat-ogromna-suma-falshivo-evro-shte-bade-izpolzvana-za-kupuvane-na-glasove-news382337.html
2026-06-11 23:43:14 | INFO | mediapool_bg_2026-06-11_23-32-36 | Expanding comments | url=https://www.mediapool.bg/premierat-ogromna-suma-falshivo-evro-shte-bade-izpolzvana-za-kupuvane-na-glasove-news382337.html | total_comments=14
2026-06-11 23:43:24 | INFO | mediapool_bg_2026-06-11_23-32-36 | Comments written | url=https://www.mediapool.bg/premierat-ogromna-suma-falshivo-evro-shte-bade-izpolzvana-za-kupuvane-na-glasove-news382337.html | parsed=10 | expected=14
2026-06-11 23:43:24 | INFO | mediapool_bg_2026-06-11_23-32-36 | Processing article | url=https://www.mediapool.bg/shefka-na-obnovi-evropa-ot-sofiya-vyarvam-che-balgarite-shte-glasuvat-za-silna-bulgaria-bez-koruptsiya-news382335.html
2026-06-11 23:43:25 | INFO | mediapool_bg_2026-06-11_23-32-36 | Skipping article with zero comments | url=https://www.mediapool.bg/shefka-na-obnovi-evropa-ot-sofiya-vyarvam-che-balgarite-shte-glasuvat-za-silna-bulgaria-bez-koruptsiya-news382335.html
2026-06-11 23:43:25 | INFO | mediapool_bg_2026-06-11_23-32-36 | Processing article | url=https://www.mediapool.bg/gerb-nyama-da-se-koalira-s-peevski-pp-db-s-borisov-a-horata-na-radev-malchat-za-krim-news382334.html
2026-06-11 23:43:25 | INFO | mediapool_bg_2026-06-11_23-32-36 | Expanding comments | url=https://www.mediapool.bg/gerb-nyama-da-se-koalira-s-peevski-pp-db-s-borisov-a-horata-na-radev-malchat-za-krim-news382334.html | total_comments=35
2026-06-11 23:43:35 | INFO | mediapool_bg_2026-06-11_23-32-36 | Comments written | url=https://www.mediapool.bg/gerb-nyama-da-se-koalira-s-peevski-pp-db-s-borisov-a-horata-na-radev-malchat-za-krim-news382334.html | parsed=9 | expected=35
2026-06-11 23:43:35 | INFO | mediapool_bg_2026-06-11_23-32-36 | Processing article | url=https://www.mediapool.bg/prokuraturata-proveryava-signal-za-kupuvane-na-glasove-svarzan-s-daniel-parushev-ot-formatsiyata-na-radev-news382311.html
2026-06-11 23:43:36 | INFO | mediapool_bg_2026-06-11_23-32-36 | Expanding comments | url=https://www.mediapool.bg/prokuraturata-proveryava-signal-za-kupuvane-na-glasove-svarzan-s-daniel-parushev-ot-formatsiyata-na-radev-news382311.html | total_comments=17
2026-06-11 23:43:46 | INFO | mediapool_bg_2026-06-11_23-32-36 | Comments written | url=https://www.mediapool.bg/prokuraturata-proveryava-signal-za-kupuvane-na-glasove-svarzan-s-daniel-parushev-ot-formatsiyata-na-radev-news382311.html | parsed=7 | expected=17
2026-06-11 23:43:46 | INFO | mediapool_bg_2026-06-11_23-32-36 | Processing article | url=https://www.mediapool.bg/1-mln-evro-za-kupuvane-na-glasove-sa-izzeti-ot-mvr-news382299.html
2026-06-11 23:43:47 | INFO | mediapool_bg_2026-06-11_23-32-36 | Expanding comments | url=https://www.mediapool.bg/1-mln-evro-za-kupuvane-na-glasove-sa-izzeti-ot-mvr-news382299.html | total_comments=27
2026-06-11 23:43:57 | INFO | mediapool_bg_2026-06-11_23-32-36 | Comments written | url=https://www.mediapool.bg/1-mln-evro-za-kupuvane-na-glasove-sa-izzeti-ot-mvr-news382299.html | parsed=8 | expected=27
2026-06-11 23:43:57 | INFO | mediapool_bg_2026-06-11_23-32-36 | Processing article | url=https://www.mediapool.bg/tsik-s-den-na-otvoreni-vrati-za-uchenitsi-koito-shte-glasuvat-za-parvi-pat-news382297.html
2026-06-11 23:43:58 | INFO | mediapool_bg_2026-06-11_23-32-36 | Expanding comments | url=https://www.mediapool.bg/tsik-s-den-na-otvoreni-vrati-za-uchenitsi-koito-shte-glasuvat-za-parvi-pat-news382297.html | total_comments=6
2026-06-11 23:43:58 | INFO | mediapool_bg_2026-06-11_23-32-36 | Comments written | url=https://www.mediapool.bg/tsik-s-den-na-otvoreni-vrati-za-uchenitsi-koito-shte-glasuvat-za-parvi-pat-news382297.html | parsed=6 | expected=6
2026-06-11 23:43:58 | INFO | mediapool_bg_2026-06-11_23-32-36 | Processing article | url=https://www.mediapool.bg/gyurov-za-prav-pat-sluzhebno-pravitelstvo-zashtitava-izborite-a-ne-gi-napravlyava-news382282.html
2026-06-11 23:43:58 | INFO | mediapool_bg_2026-06-11_23-32-36 | Expanding comments | url=https://www.mediapool.bg/gyurov-za-prav-pat-sluzhebno-pravitelstvo-zashtitava-izborite-a-ne-gi-napravlyava-news382282.html | total_comments=75
2026-06-11 23:44:09 | INFO | mediapool_bg_2026-06-11_23-32-36 | Comments written | url=https://www.mediapool.bg/gyurov-za-prav-pat-sluzhebno-pravitelstvo-zashtitava-izborite-a-ne-gi-napravlyava-news382282.html | parsed=8 | expected=75
2026-06-11 23:44:09 | INFO | mediapool_bg_2026-06-11_23-32-36 | Processing article | url=https://www.mediapool.bg/tefteri-s-imena-i-sumi-i-obraztsi-na-byuletini-sa-izzeti-v-pleven-news382280.html
2026-06-11 23:44:09 | INFO | mediapool_bg_2026-06-11_23-32-36 | Expanding comments | url=https://www.mediapool.bg/tefteri-s-imena-i-sumi-i-obraztsi-na-byuletini-sa-izzeti-v-pleven-news382280.html | total_comments=25
2026-06-11 23:44:19 | INFO | mediapool_bg_2026-06-11_23-32-36 | Comments written | url=https://www.mediapool.bg/tefteri-s-imena-i-sumi-i-obraztsi-na-byuletini-sa-izzeti-v-pleven-news382280.html | parsed=7 | expected=25
2026-06-11 23:44:19 | INFO | mediapool_bg_2026-06-11_23-32-36 | Processing article | url=https://www.mediapool.bg/nikolai-denkov-podgotvyame-merki-sreshtu-ochakvanata-kriza-spiraneto-na-krazhbite-e-chast-ot-tyah-news382279.html
2026-06-11 23:44:20 | INFO | mediapool_bg_2026-06-11_23-32-36 | Expanding comments | url=https://www.mediapool.bg/nikolai-denkov-podgotvyame-merki-sreshtu-ochakvanata-kriza-spiraneto-na-krazhbite-e-chast-ot-tyah-news382279.html | total_comments=35
2026-06-11 23:44:30 | INFO | mediapool_bg_2026-06-11_23-32-36 | Comments written | url=https://www.mediapool.bg/nikolai-denkov-podgotvyame-merki-sreshtu-ochakvanata-kriza-spiraneto-na-krazhbite-e-chast-ot-tyah-news382279.html | parsed=9 | expected=35
2026-06-11 23:44:30 | INFO | mediapool_bg_2026-06-11_23-32-36 | Processing article | url=https://www.mediapool.bg/glavsekat-na-mvr-kolegi-ne-se-pribiraite-news382227.html
2026-06-11 23:44:31 | INFO | mediapool_bg_2026-06-11_23-32-36 | Expanding comments | url=https://www.mediapool.bg/glavsekat-na-mvr-kolegi-ne-se-pribiraite-news382227.html | total_comments=35
2026-06-11 23:44:41 | INFO | mediapool_bg_2026-06-11_23-32-36 | Comments written | url=https://www.mediapool.bg/glavsekat-na-mvr-kolegi-ne-se-pribiraite-news382227.html | parsed=6 | expected=35
2026-06-11 23:44:41 | INFO | mediapool_bg_2026-06-11_23-32-36 | Processing article | url=https://www.mediapool.bg/tiktok-zakri-desetki-falshivi-profili-agitirali-za-peevski-news382212.html
2026-06-11 23:44:42 | INFO | mediapool_bg_2026-06-11_23-32-36 | Expanding comments | url=https://www.mediapool.bg/tiktok-zakri-desetki-falshivi-profili-agitirali-za-peevski-news382212.html | total_comments=36
2026-06-11 23:44:52 | INFO | mediapool_bg_2026-06-11_23-32-36 | Comments written | url=https://www.mediapool.bg/tiktok-zakri-desetki-falshivi-profili-agitirali-za-peevski-news382212.html | parsed=9 | expected=36
2026-06-11 23:44:52 | INFO | mediapool_bg_2026-06-11_23-32-36 | Processing article | url=https://www.mediapool.bg/evrodeputat-dopuska-ruska-namesa-na-izborite-u-nas-news382209.html
2026-06-11 23:44:53 | INFO | mediapool_bg_2026-06-11_23-32-36 | Expanding comments | url=https://www.mediapool.bg/evrodeputat-dopuska-ruska-namesa-na-izborite-u-nas-news382209.html | total_comments=33
2026-06-11 23:45:03 | INFO | mediapool_bg_2026-06-11_23-32-36 | Comments written | url=https://www.mediapool.bg/evrodeputat-dopuska-ruska-namesa-na-izborite-u-nas-news382209.html | parsed=8 | expected=33
2026-06-11 23:45:03 | INFO | mediapool_bg_2026-06-11_23-32-36 | Processing article | url=https://www.mediapool.bg/yotova-sabra-na-otchet-otgovornite-za-izborite-institutsii-zasega-nyama-seriozni-problemi-news382165.html
2026-06-11 23:45:03 | INFO | mediapool_bg_2026-06-11_23-32-36 | Expanding comments | url=https://www.mediapool.bg/yotova-sabra-na-otchet-otgovornite-za-izborite-institutsii-zasega-nyama-seriozni-problemi-news382165.html | total_comments=3
2026-06-11 23:45:04 | INFO | mediapool_bg_2026-06-11_23-32-36 | Comments written | url=https://www.mediapool.bg/yotova-sabra-na-otchet-otgovornite-za-izborite-institutsii-zasega-nyama-seriozni-problemi-news382165.html | parsed=3 | expected=3
2026-06-11 23:45:04 | INFO | mediapool_bg_2026-06-11_23-32-36 | Processing article | url=https://www.mediapool.bg/edin-kandidat-za-deputat-ot-progresivna-bulgaria-e-bil-agent-na-ds-news382135.html
2026-06-11 23:45:04 | INFO | mediapool_bg_2026-06-11_23-32-36 | Expanding comments | url=https://www.mediapool.bg/edin-kandidat-za-deputat-ot-progresivna-bulgaria-e-bil-agent-na-ds-news382135.html | total_comments=11
2026-06-11 23:45:14 | INFO | mediapool_bg_2026-06-11_23-32-36 | Comments written | url=https://www.mediapool.bg/edin-kandidat-za-deputat-ot-progresivna-bulgaria-e-bil-agent-na-ds-news382135.html | parsed=10 | expected=11
2026-06-11 23:45:14 | INFO | mediapool_bg_2026-06-11_23-32-36 | Processing article | url=https://www.mediapool.bg/vanshno-shte-sledi-mediite-za-chuzhdo-vliyanie-okolo-izborite-i-shte-razchita-na-ek-i-sluzhbite-news382115.html
2026-06-11 23:45:15 | INFO | mediapool_bg_2026-06-11_23-32-36 | Expanding comments | url=https://www.mediapool.bg/vanshno-shte-sledi-mediite-za-chuzhdo-vliyanie-okolo-izborite-i-shte-razchita-na-ek-i-sluzhbite-news382115.html | total_comments=5
2026-06-11 23:45:15 | INFO | mediapool_bg_2026-06-11_23-32-36 | Comments written | url=https://www.mediapool.bg/vanshno-shte-sledi-mediite-za-chuzhdo-vliyanie-okolo-izborite-i-shte-razchita-na-ek-i-sluzhbite-news382115.html | parsed=5 | expected=5
2026-06-11 23:45:15 | INFO | mediapool_bg_2026-06-11_23-32-36 | Processing article | url=https://www.mediapool.bg/radev-pak-atakuva-pp-db-i-gi-zacherkna-kato-eventualen-koalitsionen-partnyor-obnovena-news382105.html
2026-06-11 23:45:16 | INFO | mediapool_bg_2026-06-11_23-32-36 | Expanding comments | url=https://www.mediapool.bg/radev-pak-atakuva-pp-db-i-gi-zacherkna-kato-eventualen-koalitsionen-partnyor-obnovena-news382105.html | total_comments=101
2026-06-11 23:45:26 | INFO | mediapool_bg_2026-06-11_23-32-36 | Comments written | url=https://www.mediapool.bg/radev-pak-atakuva-pp-db-i-gi-zacherkna-kato-eventualen-koalitsionen-partnyor-obnovena-news382105.html | parsed=9 | expected=101
2026-06-11 23:45:26 | INFO | mediapool_bg_2026-06-11_23-32-36 | Parsed category page | url=https://www.mediapool.bg/izbori-2026-cat130.html?page=6 | articles_found=20
2026-06-11 23:45:26 | INFO | mediapool_bg_2026-06-11_23-32-36 | Processing article | url=https://www.mediapool.bg/martin-dimitrov-turbokonkurentsiyata-svalya-tsenite-a-ne-sotsialisticheski-psevdomerki-news382096.html
2026-06-11 23:45:27 | INFO | mediapool_bg_2026-06-11_23-32-36 | Expanding comments | url=https://www.mediapool.bg/martin-dimitrov-turbokonkurentsiyata-svalya-tsenite-a-ne-sotsialisticheski-psevdomerki-news382096.html | total_comments=15
2026-06-11 23:45:37 | INFO | mediapool_bg_2026-06-11_23-32-36 | Comments written | url=https://www.mediapool.bg/martin-dimitrov-turbokonkurentsiyata-svalya-tsenite-a-ne-sotsialisticheski-psevdomerki-news382096.html | parsed=10 | expected=15
2026-06-11 23:45:37 | INFO | mediapool_bg_2026-06-11_23-32-36 | Processing article | url=https://www.mediapool.bg/golemiyat-liderski-debat-otnovo-se-okazva-mirazh-news382089.html
2026-06-11 23:45:37 | INFO | mediapool_bg_2026-06-11_23-32-36 | Expanding comments | url=https://www.mediapool.bg/golemiyat-liderski-debat-otnovo-se-okazva-mirazh-news382089.html | total_comments=39
2026-06-11 23:45:48 | INFO | mediapool_bg_2026-06-11_23-32-36 | Comments written | url=https://www.mediapool.bg/golemiyat-liderski-debat-otnovo-se-okazva-mirazh-news382089.html | parsed=8 | expected=39
2026-06-11 23:45:48 | INFO | mediapool_bg_2026-06-11_23-32-36 | Processing article | url=https://www.mediapool.bg/d-r-aleksandar-simidchiev-kontsentratsiyata-na-ikonomicheski-interesi-izkrivyava-meditsinata-v-bulgaria-news382044.html
2026-06-11 23:45:48 | INFO | mediapool_bg_2026-06-11_23-32-36 | Expanding comments | url=https://www.mediapool.bg/d-r-aleksandar-simidchiev-kontsentratsiyata-na-ikonomicheski-interesi-izkrivyava-meditsinata-v-bulgaria-news382044.html | total_comments=6
2026-06-11 23:45:48 | INFO | mediapool_bg_2026-06-11_23-32-36 | Comments written | url=https://www.mediapool.bg/d-r-aleksandar-simidchiev-kontsentratsiyata-na-ikonomicheski-interesi-izkrivyava-meditsinata-v-bulgaria-news382044.html | parsed=3 | expected=6
2026-06-11 23:45:48 | INFO | mediapool_bg_2026-06-11_23-32-36 | Processing article | url=https://www.mediapool.bg/tsik-prizova-da-ne-se-pravyat-masovi-smeni-na-chlenove-na-sektsionni-komisii-news382051.html
2026-06-11 23:45:49 | INFO | mediapool_bg_2026-06-11_23-32-36 | Expanding comments | url=https://www.mediapool.bg/tsik-prizova-da-ne-se-pravyat-masovi-smeni-na-chlenove-na-sektsionni-komisii-news382051.html | total_comments=4
2026-06-11 23:45:49 | INFO | mediapool_bg_2026-06-11_23-32-36 | Comments written | url=https://www.mediapool.bg/tsik-prizova-da-ne-se-pravyat-masovi-smeni-na-chlenove-na-sektsionni-komisii-news382051.html | parsed=2 | expected=4
2026-06-11 23:45:49 | INFO | mediapool_bg_2026-06-11_23-32-36 | Processing article | url=https://www.mediapool.bg/trima-zadarzhani-pri-spetsaktsiya-sreshtu-kupeniya-vot-v-montana-news382050.html
2026-06-11 23:45:50 | INFO | mediapool_bg_2026-06-11_23-32-36 | Expanding comments | url=https://www.mediapool.bg/trima-zadarzhani-pri-spetsaktsiya-sreshtu-kupeniya-vot-v-montana-news382050.html | total_comments=13
2026-06-11 23:46:00 | INFO | mediapool_bg_2026-06-11_23-32-36 | Comments written | url=https://www.mediapool.bg/trima-zadarzhani-pri-spetsaktsiya-sreshtu-kupeniya-vot-v-montana-news382050.html | parsed=5 | expected=13
2026-06-11 23:46:00 | INFO | mediapool_bg_2026-06-11_23-32-36 | Processing article | url=https://www.mediapool.bg/radev-e-sabral-pochti-530-hil-evro-ot-dareniya-news382027.html
2026-06-11 23:46:00 | INFO | mediapool_bg_2026-06-11_23-32-36 | Expanding comments | url=https://www.mediapool.bg/radev-e-sabral-pochti-530-hil-evro-ot-dareniya-news382027.html | total_comments=107
2026-06-11 23:46:10 | INFO | mediapool_bg_2026-06-11_23-32-36 | Comments written | url=https://www.mediapool.bg/radev-e-sabral-pochti-530-hil-evro-ot-dareniya-news382027.html | parsed=6 | expected=107
2026-06-11 23:46:10 | INFO | mediapool_bg_2026-06-11_23-32-36 | Processing article | url=https://www.mediapool.bg/borisov-balonat-radev-shte-se-spuka-db-sa-polezni-idioti-news381994.html
2026-06-11 23:46:12 | INFO | mediapool_bg_2026-06-11_23-32-36 | Expanding comments | url=https://www.mediapool.bg/borisov-balonat-radev-shte-se-spuka-db-sa-polezni-idioti-news381994.html | total_comments=39
2026-06-11 23:46:22 | INFO | mediapool_bg_2026-06-11_23-32-36 | Comments written | url=https://www.mediapool.bg/borisov-balonat-radev-shte-se-spuka-db-sa-polezni-idioti-news381994.html | parsed=10 | expected=39
2026-06-11 23:46:22 | INFO | mediapool_bg_2026-06-11_23-32-36 | Processing article | url=https://www.mediapool.bg/demerdzhiev-kani-kmeta-na-kardzhali-i-peevski-na-tepiha-news381921.html
2026-06-11 23:46:24 | INFO | mediapool_bg_2026-06-11_23-32-36 | Expanding comments | url=https://www.mediapool.bg/demerdzhiev-kani-kmeta-na-kardzhali-i-peevski-na-tepiha-news381921.html | total_comments=13
2026-06-11 23:46:34 | INFO | mediapool_bg_2026-06-11_23-32-36 | Comments written | url=https://www.mediapool.bg/demerdzhiev-kani-kmeta-na-kardzhali-i-peevski-na-tepiha-news381921.html | parsed=10 | expected=13
2026-06-11 23:46:34 | INFO | mediapool_bg_2026-06-11_23-32-36 | Processing article | url=https://www.mediapool.bg/vladislav-panev-i-da-dobiva-gaz-bulgaria-mozhe-i-da-ne-zabogatee-zaradi-holandskata-bolest-news381878.html
2026-06-11 23:46:35 | INFO | mediapool_bg_2026-06-11_23-32-36 | Expanding comments | url=https://www.mediapool.bg/vladislav-panev-i-da-dobiva-gaz-bulgaria-mozhe-i-da-ne-zabogatee-zaradi-holandskata-bolest-news381878.html | total_comments=12
2026-06-11 23:46:45 | INFO | mediapool_bg_2026-06-11_23-32-36 | Comments written | url=https://www.mediapool.bg/vladislav-panev-i-da-dobiva-gaz-bulgaria-mozhe-i-da-ne-zabogatee-zaradi-holandskata-bolest-news381878.html | parsed=9 | expected=12
2026-06-11 23:46:45 | INFO | mediapool_bg_2026-06-11_23-32-36 | Processing article | url=https://www.mediapool.bg/v-yakoruda-plashat-ne-glasuvash-nyama-lichen-asistent-i-topal-obyad-news381852.html
2026-06-11 23:47:05 | INFO | mediapool_bg_2026-06-11_23-32-36 | Expanding comments | url=https://www.mediapool.bg/v-yakoruda-plashat-ne-glasuvash-nyama-lichen-asistent-i-topal-obyad-news381852.html | total_comments=6
2026-06-11 23:47:05 | INFO | mediapool_bg_2026-06-11_23-32-36 | Comments written | url=https://www.mediapool.bg/v-yakoruda-plashat-ne-glasuvash-nyama-lichen-asistent-i-topal-obyad-news381852.html | parsed=6 | expected=6
2026-06-11 23:47:05 | INFO | mediapool_bg_2026-06-11_23-32-36 | Processing article | url=https://www.mediapool.bg/do-4-april-se-podava-zayavlenie-za-glasuvane-po-nastoyasht-adres-news381825.html
2026-06-11 23:47:09 | INFO | mediapool_bg_2026-06-11_23-32-36 | Skipping article with zero comments | url=https://www.mediapool.bg/do-4-april-se-podava-zayavlenie-za-glasuvane-po-nastoyasht-adres-news381825.html
2026-06-11 23:47:09 | INFO | mediapool_bg_2026-06-11_23-32-36 | Processing article | url=https://www.mediapool.bg/andrei-gyurov-nikade-v-stanovishteto-ne-se-kazva-dali-sam-pravilno-ili-nepravilno-otstranen-ot-bnb-news381804.html
2026-06-11 23:47:10 | INFO | mediapool_bg_2026-06-11_23-32-36 | Expanding comments | url=https://www.mediapool.bg/andrei-gyurov-nikade-v-stanovishteto-ne-se-kazva-dali-sam-pravilno-ili-nepravilno-otstranen-ot-bnb-news381804.html | total_comments=15
2026-06-11 23:47:20 | INFO | mediapool_bg_2026-06-11_23-32-36 | Comments written | url=https://www.mediapool.bg/andrei-gyurov-nikade-v-stanovishteto-ne-se-kazva-dali-sam-pravilno-ili-nepravilno-otstranen-ot-bnb-news381804.html | parsed=8 | expected=15
2026-06-11 23:47:20 | INFO | mediapool_bg_2026-06-11_23-32-36 | Processing article | url=https://www.mediapool.bg/asen-vasilev-v-listite-na-radev-ima-prodaneni-deputati-i-hora-ot-ds-news381803.html
2026-06-11 23:47:21 | INFO | mediapool_bg_2026-06-11_23-32-36 | Expanding comments | url=https://www.mediapool.bg/asen-vasilev-v-listite-na-radev-ima-prodaneni-deputati-i-hora-ot-ds-news381803.html | total_comments=34
2026-06-11 23:47:31 | INFO | mediapool_bg_2026-06-11_23-32-36 | Comments written | url=https://www.mediapool.bg/asen-vasilev-v-listite-na-radev-ima-prodaneni-deputati-i-hora-ot-ds-news381803.html | parsed=7 | expected=34
2026-06-11 23:47:31 | INFO | mediapool_bg_2026-06-11_23-32-36 | Processing article | url=https://www.mediapool.bg/gerb-se-gotvi-da-upravlyava-spored-mitov-tryabva-da-se-tarsi-saglasie-s-drugi-formatsii-news381796.html
2026-06-11 23:47:32 | INFO | mediapool_bg_2026-06-11_23-32-36 | Expanding comments | url=https://www.mediapool.bg/gerb-se-gotvi-da-upravlyava-spored-mitov-tryabva-da-se-tarsi-saglasie-s-drugi-formatsii-news381796.html | total_comments=39
2026-06-11 23:47:42 | INFO | mediapool_bg_2026-06-11_23-32-36 | Comments written | url=https://www.mediapool.bg/gerb-se-gotvi-da-upravlyava-spored-mitov-tryabva-da-se-tarsi-saglasie-s-drugi-formatsii-news381796.html | parsed=9 | expected=39
2026-06-11 23:47:42 | INFO | mediapool_bg_2026-06-11_23-32-36 | Processing article | url=https://www.mediapool.bg/alfa-risarch-pri-izbori-dnes-5-partii-vlizat-v-parlamenta-bsp-palzi-kam-barierata-news381795.html
2026-06-11 23:47:43 | INFO | mediapool_bg_2026-06-11_23-32-36 | Expanding comments | url=https://www.mediapool.bg/alfa-risarch-pri-izbori-dnes-5-partii-vlizat-v-parlamenta-bsp-palzi-kam-barierata-news381795.html | total_comments=30
2026-06-11 23:47:53 | INFO | mediapool_bg_2026-06-11_23-32-36 | Comments written | url=https://www.mediapool.bg/alfa-risarch-pri-izbori-dnes-5-partii-vlizat-v-parlamenta-bsp-palzi-kam-barierata-news381795.html | parsed=9 | expected=30
2026-06-11 23:47:53 | INFO | mediapool_bg_2026-06-11_23-32-36 | Processing article | url=https://www.mediapool.bg/rositsa-mateva-razrabotva-se-prilozhenie-za-proverka-na-vavezhdaneto-i-izchislyavaneto-na-rezultatite-ot-vota-v-sik-news381794.html
2026-06-11 23:47:53 | INFO | mediapool_bg_2026-06-11_23-32-36 | Expanding comments | url=https://www.mediapool.bg/rositsa-mateva-razrabotva-se-prilozhenie-za-proverka-na-vavezhdaneto-i-izchislyavaneto-na-rezultatite-ot-vota-v-sik-news381794.html | total_comments=3
2026-06-11 23:47:53 | INFO | mediapool_bg_2026-06-11_23-32-36 | Comments written | url=https://www.mediapool.bg/rositsa-mateva-razrabotva-se-prilozhenie-za-proverka-na-vavezhdaneto-i-izchislyavaneto-na-rezultatite-ot-vota-v-sik-news381794.html | parsed=2 | expected=3
2026-06-11 23:47:53 | INFO | mediapool_bg_2026-06-11_23-32-36 | Processing article | url=https://www.mediapool.bg/hasan-ademov-sotsialnata-sistema-chesto-e-bila-izpolzvana-za-kontroliran-vot-news381792.html
2026-06-11 23:47:54 | INFO | mediapool_bg_2026-06-11_23-32-36 | Expanding comments | url=https://www.mediapool.bg/hasan-ademov-sotsialnata-sistema-chesto-e-bila-izpolzvana-za-kontroliran-vot-news381792.html | total_comments=11
2026-06-11 23:48:04 | INFO | mediapool_bg_2026-06-11_23-32-36 | Comments written | url=https://www.mediapool.bg/hasan-ademov-sotsialnata-sistema-chesto-e-bila-izpolzvana-za-kontroliran-vot-news381792.html | parsed=9 | expected=11
2026-06-11 23:48:04 | INFO | mediapool_bg_2026-06-11_23-32-36 | Processing article | url=https://www.mediapool.bg/bivshiyat-predsedatel-na-npss-i-nastoyasht-alumni-lider-daniel-parushev-vliza-v-listite-na-radev-news381777.html
2026-06-11 23:48:05 | INFO | mediapool_bg_2026-06-11_23-32-36 | Expanding comments | url=https://www.mediapool.bg/bivshiyat-predsedatel-na-npss-i-nastoyasht-alumni-lider-daniel-parushev-vliza-v-listite-na-radev-news381777.html | total_comments=27
2026-06-11 23:48:15 | INFO | mediapool_bg_2026-06-11_23-32-36 | Comments written | url=https://www.mediapool.bg/bivshiyat-predsedatel-na-npss-i-nastoyasht-alumni-lider-daniel-parushev-vliza-v-listite-na-radev-news381777.html | parsed=9 | expected=27
2026-06-11 23:48:15 | INFO | mediapool_bg_2026-06-11_23-32-36 | Processing article | url=https://www.mediapool.bg/stefka-kostadinova-ima-dva-mesetsa-i-dve-vazmozhnosti-da-napusne-bok-news381762.html
2026-06-11 23:48:16 | INFO | mediapool_bg_2026-06-11_23-32-36 | Expanding comments | url=https://www.mediapool.bg/stefka-kostadinova-ima-dva-mesetsa-i-dve-vazmozhnosti-da-napusne-bok-news381762.html | total_comments=14
2026-06-11 23:48:26 | INFO | mediapool_bg_2026-06-11_23-32-36 | Comments written | url=https://www.mediapool.bg/stefka-kostadinova-ima-dva-mesetsa-i-dve-vazmozhnosti-da-napusne-bok-news381762.html | parsed=9 | expected=14
2026-06-11 23:48:26 | INFO | mediapool_bg_2026-06-11_23-32-36 | Processing article | url=https://www.mediapool.bg/30-evro-za-glas-arestuvani-sa-selski-kmet-i-zhena-s-rusko-grazhdanstvo-za-izborna-targoviya-news381785.html
2026-06-11 23:48:26 | INFO | mediapool_bg_2026-06-11_23-32-36 | Expanding comments | url=https://www.mediapool.bg/30-evro-za-glas-arestuvani-sa-selski-kmet-i-zhena-s-rusko-grazhdanstvo-za-izborna-targoviya-news381785.html | total_comments=21
2026-06-11 23:48:36 | INFO | mediapool_bg_2026-06-11_23-32-36 | Comments written | url=https://www.mediapool.bg/30-evro-za-glas-arestuvani-sa-selski-kmet-i-zhena-s-rusko-grazhdanstvo-za-izborna-targoviya-news381785.html | parsed=8 | expected=21
2026-06-11 23:48:37 | INFO | mediapool_bg_2026-06-11_23-32-36 | Parsed category page | url=https://www.mediapool.bg/izbori-2026-cat130.html?page=7 | articles_found=20
2026-06-11 23:48:37 | INFO | mediapool_bg_2026-06-11_23-32-36 | Processing article | url=https://www.mediapool.bg/asen-vasilev-obyavi-rumen-radev-za-strahliv-litsemer-toi-otgovori-s-vapros-dali-mafiyata-se-e-promenila-kam-dobro-news381781.html
2026-06-11 23:48:37 | INFO | mediapool_bg_2026-06-11_23-32-36 | Expanding comments | url=https://www.mediapool.bg/asen-vasilev-obyavi-rumen-radev-za-strahliv-litsemer-toi-otgovori-s-vapros-dali-mafiyata-se-e-promenila-kam-dobro-news381781.html | total_comments=139
2026-06-11 23:48:48 | INFO | mediapool_bg_2026-06-11_23-32-36 | Comments written | url=https://www.mediapool.bg/asen-vasilev-obyavi-rumen-radev-za-strahliv-litsemer-toi-otgovori-s-vapros-dali-mafiyata-se-e-promenila-kam-dobro-news381781.html | parsed=9 | expected=139
2026-06-11 23:48:48 | INFO | mediapool_bg_2026-06-11_23-32-36 | Processing article | url=https://www.mediapool.bg/tsik-razkriva-493-sektsii-v-55-darzhavi-kade-shte-se-glasuva-vav-velikobritaniya-sasht-i-turtsiya-news381771.html
2026-06-11 23:48:48 | INFO | mediapool_bg_2026-06-11_23-32-36 | Expanding comments | url=https://www.mediapool.bg/tsik-razkriva-493-sektsii-v-55-darzhavi-kade-shte-se-glasuva-vav-velikobritaniya-sasht-i-turtsiya-news381771.html | total_comments=7
2026-06-11 23:48:48 | INFO | mediapool_bg_2026-06-11_23-32-36 | Comments written | url=https://www.mediapool.bg/tsik-razkriva-493-sektsii-v-55-darzhavi-kade-shte-se-glasuva-vav-velikobritaniya-sasht-i-turtsiya-news381771.html | parsed=6 | expected=7
2026-06-11 23:48:48 | INFO | mediapool_bg_2026-06-11_23-32-36 | Processing article | url=https://www.mediapool.bg/predizborno-borisov-zahranva-tsyala-evropa-s-gaz-vdiga-debat-i-za-uranodobiva-news381705.html
2026-06-11 23:48:49 | INFO | mediapool_bg_2026-06-11_23-32-36 | Expanding comments | url=https://www.mediapool.bg/predizborno-borisov-zahranva-tsyala-evropa-s-gaz-vdiga-debat-i-za-uranodobiva-news381705.html | total_comments=50
2026-06-11 23:48:59 | INFO | mediapool_bg_2026-06-11_23-32-36 | Comments written | url=https://www.mediapool.bg/predizborno-borisov-zahranva-tsyala-evropa-s-gaz-vdiga-debat-i-za-uranodobiva-news381705.html | parsed=8 | expected=50
2026-06-11 23:48:59 | INFO | mediapool_bg_2026-06-11_23-32-36 | Processing article | url=https://www.mediapool.bg/tsik-pokaza-kak-shte-izglezhda-byuletinata-za-predstoyashtite-izbori-news381694.html
2026-06-11 23:49:00 | INFO | mediapool_bg_2026-06-11_23-32-36 | Expanding comments | url=https://www.mediapool.bg/tsik-pokaza-kak-shte-izglezhda-byuletinata-za-predstoyashtite-izbori-news381694.html | total_comments=2
2026-06-11 23:49:00 | INFO | mediapool_bg_2026-06-11_23-32-36 | Comments written | url=https://www.mediapool.bg/tsik-pokaza-kak-shte-izglezhda-byuletinata-za-predstoyashtite-izbori-news381694.html | parsed=1 | expected=2
2026-06-11 23:49:00 | INFO | mediapool_bg_2026-06-11_23-32-36 | Processing article | url=https://www.mediapool.bg/ai-asistent-sakrati-predizborna-programa-do-dve-dumi-zakonnost-i-modernizatsiya-news381685.html
2026-06-11 23:49:00 | INFO | mediapool_bg_2026-06-11_23-32-36 | Skipping article with zero comments | url=https://www.mediapool.bg/ai-asistent-sakrati-predizborna-programa-do-dve-dumi-zakonnost-i-modernizatsiya-news381685.html
2026-06-11 23:49:00 | INFO | mediapool_bg_2026-06-11_23-32-36 | Processing article | url=https://www.mediapool.bg/kmetat-na-kardzhali-opital-da-vleze-v-mestnoto-mvr-sled-zadarzhan-za-kupen-vot-news381664.html
2026-06-11 23:49:01 | INFO | mediapool_bg_2026-06-11_23-32-36 | Expanding comments | url=https://www.mediapool.bg/kmetat-na-kardzhali-opital-da-vleze-v-mestnoto-mvr-sled-zadarzhan-za-kupen-vot-news381664.html | total_comments=36
2026-06-11 23:49:11 | INFO | mediapool_bg_2026-06-11_23-32-36 | Comments written | url=https://www.mediapool.bg/kmetat-na-kardzhali-opital-da-vleze-v-mestnoto-mvr-sled-zadarzhan-za-kupen-vot-news381664.html | parsed=8 | expected=36
2026-06-11 23:49:11 | INFO | mediapool_bg_2026-06-11_23-32-36 | Processing article | url=https://www.mediapool.bg/spad-na-zayavleniyata-za-glasuvane-v-turtsiya-ochakva-se-kervan-ot-avtobusi-kam-bulgaria-news381621.html
2026-06-11 23:49:12 | INFO | mediapool_bg_2026-06-11_23-32-36 | Expanding comments | url=https://www.mediapool.bg/spad-na-zayavleniyata-za-glasuvane-v-turtsiya-ochakva-se-kervan-ot-avtobusi-kam-bulgaria-news381621.html | total_comments=1
2026-06-11 23:49:12 | INFO | mediapool_bg_2026-06-11_23-32-36 | Comments written | url=https://www.mediapool.bg/spad-na-zayavleniyata-za-glasuvane-v-turtsiya-ochakva-se-kervan-ot-avtobusi-kam-bulgaria-news381621.html | parsed=1 | expected=1
2026-06-11 23:49:12 | INFO | mediapool_bg_2026-06-11_23-32-36 | Processing article | url=https://www.mediapool.bg/sblasakat-za-parite-koi-e-lyav-i-koi-e-desen-na-izborite-news381612.html
2026-06-11 23:49:12 | INFO | mediapool_bg_2026-06-11_23-32-36 | Expanding comments | url=https://www.mediapool.bg/sblasakat-za-parite-koi-e-lyav-i-koi-e-desen-na-izborite-news381612.html | total_comments=12
2026-06-11 23:49:22 | INFO | mediapool_bg_2026-06-11_23-32-36 | Comments written | url=https://www.mediapool.bg/sblasakat-za-parite-koi-e-lyav-i-koi-e-desen-na-izborite-news381612.html | parsed=10 | expected=12
2026-06-11 23:49:22 | INFO | mediapool_bg_2026-06-11_23-32-36 | Processing article | url=https://www.mediapool.bg/bitkata-za-pravova-darzhava---priliki-i-razliki-vav-viziite-na-radev-i-pp-db-news381605.html
2026-06-11 23:49:23 | INFO | mediapool_bg_2026-06-11_23-32-36 | Expanding comments | url=https://www.mediapool.bg/bitkata-za-pravova-darzhava---priliki-i-razliki-vav-viziite-na-radev-i-pp-db-news381605.html | total_comments=28
2026-06-11 23:49:33 | INFO | mediapool_bg_2026-06-11_23-32-36 | Comments written | url=https://www.mediapool.bg/bitkata-za-pravova-darzhava---priliki-i-razliki-vav-viziite-na-radev-i-pp-db-news381605.html | parsed=7 | expected=28
2026-06-11 23:49:33 | INFO | mediapool_bg_2026-06-11_23-32-36 | Processing article | url=https://www.mediapool.bg/shansovete-za-antikoruptsionen-front-na-radev-s-pp-db-chisloto-160-i-smetkite-na-borisov-news381602.html
2026-06-11 23:49:34 | INFO | mediapool_bg_2026-06-11_23-32-36 | Expanding comments | url=https://www.mediapool.bg/shansovete-za-antikoruptsionen-front-na-radev-s-pp-db-chisloto-160-i-smetkite-na-borisov-news381602.html | total_comments=112
2026-06-11 23:49:44 | INFO | mediapool_bg_2026-06-11_23-32-36 | Comments written | url=https://www.mediapool.bg/shansovete-za-antikoruptsionen-front-na-radev-s-pp-db-chisloto-160-i-smetkite-na-borisov-news381602.html | parsed=7 | expected=112
2026-06-11 23:49:44 | INFO | mediapool_bg_2026-06-11_23-32-36 | Processing article | url=https://www.mediapool.bg/vlado-nikolov-obyavi-che-reklamata-s-nego-spira-sled-kato-sem-vidya-narusheniya-news381593.html
2026-06-11 23:49:45 | INFO | mediapool_bg_2026-06-11_23-32-36 | Expanding comments | url=https://www.mediapool.bg/vlado-nikolov-obyavi-che-reklamata-s-nego-spira-sled-kato-sem-vidya-narusheniya-news381593.html | total_comments=22
2026-06-11 23:49:55 | INFO | mediapool_bg_2026-06-11_23-32-36 | Comments written | url=https://www.mediapool.bg/vlado-nikolov-obyavi-che-reklamata-s-nego-spira-sled-kato-sem-vidya-narusheniya-news381593.html | parsed=9 | expected=22
2026-06-11 23:49:55 | INFO | mediapool_bg_2026-06-11_23-32-36 | Processing article | url=https://www.mediapool.bg/ek-aktivira-sistemata-sreshtu-dezinformatsiya-za-izborite-v-bulgaria-news381584.html
2026-06-11 23:49:55 | INFO | mediapool_bg_2026-06-11_23-32-36 | Expanding comments | url=https://www.mediapool.bg/ek-aktivira-sistemata-sreshtu-dezinformatsiya-za-izborite-v-bulgaria-news381584.html | total_comments=10
2026-06-11 23:49:56 | INFO | mediapool_bg_2026-06-11_23-32-36 | Comments written | url=https://www.mediapool.bg/ek-aktivira-sistemata-sreshtu-dezinformatsiya-za-izborite-v-bulgaria-news381584.html | parsed=7 | expected=10
2026-06-11 23:49:56 | INFO | mediapool_bg_2026-06-11_23-32-36 | Processing article | url=https://www.mediapool.bg/bulgaria-poiska-pomosht-ot-ek-sreshtu-chuzhda-namesa-okolo-izborite-i-zadeistva-spetsialen-mehanizam-news381564.html
2026-06-11 23:49:56 | INFO | mediapool_bg_2026-06-11_23-32-36 | Expanding comments | url=https://www.mediapool.bg/bulgaria-poiska-pomosht-ot-ek-sreshtu-chuzhda-namesa-okolo-izborite-i-zadeistva-spetsialen-mehanizam-news381564.html | total_comments=36
2026-06-11 23:50:06 | INFO | mediapool_bg_2026-06-11_23-32-36 | Comments written | url=https://www.mediapool.bg/bulgaria-poiska-pomosht-ot-ek-sreshtu-chuzhda-namesa-okolo-izborite-i-zadeistva-spetsialen-mehanizam-news381564.html | parsed=9 | expected=36
2026-06-11 23:50:06 | INFO | mediapool_bg_2026-06-11_23-32-36 | Processing article | url=https://www.mediapool.bg/koi-sa-kandidatite-za-deputati-v-yambol-news381548.html
2026-06-11 23:50:07 | INFO | mediapool_bg_2026-06-11_23-32-36 | Skipping article with zero comments | url=https://www.mediapool.bg/koi-sa-kandidatite-za-deputati-v-yambol-news381548.html
2026-06-11 23:50:07 | INFO | mediapool_bg_2026-06-11_23-32-36 | Processing article | url=https://www.mediapool.bg/predi-vota-mvr-otchita-poveche-signali-za-narusheniya-mvnr---poveche-zhelaeshti-da-glasuvat-v-chuzhbina-news381547.html
2026-06-11 23:50:07 | INFO | mediapool_bg_2026-06-11_23-32-36 | Expanding comments | url=https://www.mediapool.bg/predi-vota-mvr-otchita-poveche-signali-za-narusheniya-mvnr---poveche-zhelaeshti-da-glasuvat-v-chuzhbina-news381547.html | total_comments=3
2026-06-11 23:50:08 | INFO | mediapool_bg_2026-06-11_23-32-36 | Comments written | url=https://www.mediapool.bg/predi-vota-mvr-otchita-poveche-signali-za-narusheniya-mvnr---poveche-zhelaeshti-da-glasuvat-v-chuzhbina-news381547.html | parsed=3 | expected=3
2026-06-11 23:50:08 | INFO | mediapool_bg_2026-06-11_23-32-36 | Processing article | url=https://www.mediapool.bg/koi-sa-kandidatite-za-deputati-v-shumen-news381542.html
2026-06-11 23:50:08 | INFO | mediapool_bg_2026-06-11_23-32-36 | Skipping article with zero comments | url=https://www.mediapool.bg/koi-sa-kandidatite-za-deputati-v-shumen-news381542.html
2026-06-11 23:50:08 | INFO | mediapool_bg_2026-06-11_23-32-36 | Processing article | url=https://www.mediapool.bg/koi-sa-kandidatite-za-deputati-v-haskovo-news381541.html
2026-06-11 23:50:09 | INFO | mediapool_bg_2026-06-11_23-32-36 | Skipping article with zero comments | url=https://www.mediapool.bg/koi-sa-kandidatite-za-deputati-v-haskovo-news381541.html
2026-06-11 23:50:09 | INFO | mediapool_bg_2026-06-11_23-32-36 | Processing article | url=https://www.mediapool.bg/koi-sa-kandidatite-za-deputati-v-targovishte-news381539.html
2026-06-11 23:50:09 | INFO | mediapool_bg_2026-06-11_23-32-36 | Skipping article with zero comments | url=https://www.mediapool.bg/koi-sa-kandidatite-za-deputati-v-targovishte-news381539.html
2026-06-11 23:50:09 | INFO | mediapool_bg_2026-06-11_23-32-36 | Processing article | url=https://www.mediapool.bg/koi-sa-kandidatite-za-deputati-v-stara-zagora-news381538.html
2026-06-11 23:50:10 | INFO | mediapool_bg_2026-06-11_23-32-36 | Skipping article with zero comments | url=https://www.mediapool.bg/koi-sa-kandidatite-za-deputati-v-stara-zagora-news381538.html
2026-06-11 23:50:10 | INFO | mediapool_bg_2026-06-11_23-32-36 | Processing article | url=https://www.mediapool.bg/koi-sa-kandidatite-za-deputati-v-26-mir-sofiya-oblast-news381534.html
2026-06-11 23:50:10 | INFO | mediapool_bg_2026-06-11_23-32-36 | Skipping article with zero comments | url=https://www.mediapool.bg/koi-sa-kandidatite-za-deputati-v-26-mir-sofiya-oblast-news381534.html
2026-06-11 23:50:11 | INFO | mediapool_bg_2026-06-11_23-32-36 | Parsed category page | url=https://www.mediapool.bg/izbori-2026-cat130.html?page=8 | articles_found=20
2026-06-11 23:50:11 | INFO | mediapool_bg_2026-06-11_23-32-36 | Processing article | url=https://www.mediapool.bg/koi-sa-kandidatite-za-deputati-v-25-mir-sofiya-news381532.html
2026-06-11 23:50:12 | INFO | mediapool_bg_2026-06-11_23-32-36 | Skipping article with zero comments | url=https://www.mediapool.bg/koi-sa-kandidatite-za-deputati-v-25-mir-sofiya-news381532.html
2026-06-11 23:50:12 | INFO | mediapool_bg_2026-06-11_23-32-36 | Processing article | url=https://www.mediapool.bg/koi-sa-kandidatite-za-deputati-v-24-mir-sofiya-news381530.html
2026-06-11 23:50:12 | INFO | mediapool_bg_2026-06-11_23-32-36 | Skipping article with zero comments | url=https://www.mediapool.bg/koi-sa-kandidatite-za-deputati-v-24-mir-sofiya-news381530.html
2026-06-11 23:50:12 | INFO | mediapool_bg_2026-06-11_23-32-36 | Processing article | url=https://www.mediapool.bg/koi-sa-kandidatite-za-deputati-v-23-mir-sofiya-news381528.html
2026-06-11 23:50:13 | INFO | mediapool_bg_2026-06-11_23-32-36 | Skipping article with zero comments | url=https://www.mediapool.bg/koi-sa-kandidatite-za-deputati-v-23-mir-sofiya-news381528.html
2026-06-11 23:50:13 | INFO | mediapool_bg_2026-06-11_23-32-36 | Processing article | url=https://www.mediapool.bg/trend-progresivna-bulgaria-vodi-s-11-pred-gerb-bsp-na-raba-news381523.html
2026-06-11 23:50:13 | INFO | mediapool_bg_2026-06-11_23-32-36 | Expanding comments | url=https://www.mediapool.bg/trend-progresivna-bulgaria-vodi-s-11-pred-gerb-bsp-na-raba-news381523.html | total_comments=122
2026-06-11 23:50:24 | INFO | mediapool_bg_2026-06-11_23-32-36 | Comments written | url=https://www.mediapool.bg/trend-progresivna-bulgaria-vodi-s-11-pred-gerb-bsp-na-raba-news381523.html | parsed=7 | expected=122
2026-06-11 23:50:24 | INFO | mediapool_bg_2026-06-11_23-32-36 | Processing article | url=https://www.mediapool.bg/nad-42-000-dushi-sa-podali-zayavleniya-za-glasuvane-v-chuzhbina-nai-mnogo-sa-v-turtsiya-news381520.html
2026-06-11 23:50:24 | INFO | mediapool_bg_2026-06-11_23-32-36 | Expanding comments | url=https://www.mediapool.bg/nad-42-000-dushi-sa-podali-zayavleniya-za-glasuvane-v-chuzhbina-nai-mnogo-sa-v-turtsiya-news381520.html | total_comments=3
2026-06-11 23:50:24 | INFO | mediapool_bg_2026-06-11_23-32-36 | Comments written | url=https://www.mediapool.bg/nad-42-000-dushi-sa-podali-zayavleniya-za-glasuvane-v-chuzhbina-nai-mnogo-sa-v-turtsiya-news381520.html | parsed=2 | expected=3
2026-06-11 23:50:24 | INFO | mediapool_bg_2026-06-11_23-32-36 | Processing article | url=https://www.mediapool.bg/prodalzhavame-promyanata-demokratichna-bulgaria-otkri-predizbornata-si-kampaniya-news381514.html
2026-06-11 23:50:25 | INFO | mediapool_bg_2026-06-11_23-32-36 | Expanding comments | url=https://www.mediapool.bg/prodalzhavame-promyanata-demokratichna-bulgaria-otkri-predizbornata-si-kampaniya-news381514.html | total_comments=69
2026-06-11 23:50:35 | INFO | mediapool_bg_2026-06-11_23-32-36 | Comments written | url=https://www.mediapool.bg/prodalzhavame-promyanata-demokratichna-bulgaria-otkri-predizbornata-si-kampaniya-news381514.html | parsed=8 | expected=69
2026-06-11 23:50:35 | INFO | mediapool_bg_2026-06-11_23-32-36 | Processing article | url=https://www.mediapool.bg/borisov-beshe-preizbran-za-lider-na-gerb-news381506.html
2026-06-11 23:50:35 | INFO | mediapool_bg_2026-06-11_23-32-36 | Expanding comments | url=https://www.mediapool.bg/borisov-beshe-preizbran-za-lider-na-gerb-news381506.html | total_comments=34
2026-06-11 23:50:46 | INFO | mediapool_bg_2026-06-11_23-32-36 | Comments written | url=https://www.mediapool.bg/borisov-beshe-preizbran-za-lider-na-gerb-news381506.html | parsed=10 | expected=34
2026-06-11 23:50:46 | INFO | mediapool_bg_2026-06-11_23-32-36 | Processing article | url=https://www.mediapool.bg/borisov-peevski-prekali-s-darzhavata-s-glavno-d-no-mu-blagodarih-za-evrozona-i-shengen-news381504.html
2026-06-11 23:50:46 | INFO | mediapool_bg_2026-06-11_23-32-36 | Expanding comments | url=https://www.mediapool.bg/borisov-peevski-prekali-s-darzhavata-s-glavno-d-no-mu-blagodarih-za-evrozona-i-shengen-news381504.html | total_comments=36
2026-06-11 23:50:56 | INFO | mediapool_bg_2026-06-11_23-32-36 | Comments written | url=https://www.mediapool.bg/borisov-peevski-prekali-s-darzhavata-s-glavno-d-no-mu-blagodarih-za-evrozona-i-shengen-news381504.html | parsed=10 | expected=36
2026-06-11 23:50:56 | INFO | mediapool_bg_2026-06-11_23-32-36 | Processing article | url=https://www.mediapool.bg/izbiratelite-mogat-da-podavat-zayavleniya-za-glasuvane-po-nastoyasht-adres-do-4-april-news381500.html
2026-06-11 23:50:57 | INFO | mediapool_bg_2026-06-11_23-32-36 | Expanding comments | url=https://www.mediapool.bg/izbiratelite-mogat-da-podavat-zayavleniya-za-glasuvane-po-nastoyasht-adres-do-4-april-news381500.html | total_comments=1
2026-06-11 23:50:57 | INFO | mediapool_bg_2026-06-11_23-32-36 | Comments written | url=https://www.mediapool.bg/izbiratelite-mogat-da-podavat-zayavleniya-za-glasuvane-po-nastoyasht-adres-do-4-april-news381500.html | parsed=1 | expected=1
2026-06-11 23:50:57 | INFO | mediapool_bg_2026-06-11_23-32-36 | Processing article | url=https://www.mediapool.bg/izborni-mrezhi-kak-rumen-radev-pecheli-simpatizanti-v-sotsialnite-medii-news381464.html
2026-06-11 23:50:58 | INFO | mediapool_bg_2026-06-11_23-32-36 | Expanding comments | url=https://www.mediapool.bg/izborni-mrezhi-kak-rumen-radev-pecheli-simpatizanti-v-sotsialnite-medii-news381464.html | total_comments=94
2026-06-11 23:51:08 | INFO | mediapool_bg_2026-06-11_23-32-36 | Comments written | url=https://www.mediapool.bg/izborni-mrezhi-kak-rumen-radev-pecheli-simpatizanti-v-sotsialnite-medii-news381464.html | parsed=7 | expected=94
2026-06-11 23:51:08 | INFO | mediapool_bg_2026-06-11_23-32-36 | Processing article | url=https://www.mediapool.bg/horata-zad-radev-partiyni-nomadi-kadri-na-prezidentstvoto-mestni-biznesmeni-i-sportisti-news381473.html
2026-06-11 23:51:08 | INFO | mediapool_bg_2026-06-11_23-32-36 | Expanding comments | url=https://www.mediapool.bg/horata-zad-radev-partiyni-nomadi-kadri-na-prezidentstvoto-mestni-biznesmeni-i-sportisti-news381473.html | total_comments=122
2026-06-11 23:51:19 | INFO | mediapool_bg_2026-06-11_23-32-36 | Comments written | url=https://www.mediapool.bg/horata-zad-radev-partiyni-nomadi-kadri-na-prezidentstvoto-mestni-biznesmeni-i-sportisti-news381473.html | parsed=10 | expected=122
2026-06-11 23:51:19 | INFO | mediapool_bg_2026-06-11_23-32-36 | Processing article | url=https://www.mediapool.bg/koi-sa-kandidatite-za-deputati-v-smolyan-news381478.html
2026-06-11 23:51:19 | INFO | mediapool_bg_2026-06-11_23-32-36 | Skipping article with zero comments | url=https://www.mediapool.bg/koi-sa-kandidatite-za-deputati-v-smolyan-news381478.html
2026-06-11 23:51:19 | INFO | mediapool_bg_2026-06-11_23-32-36 | Processing article | url=https://www.mediapool.bg/koi-sa-kandidatite-za-deputati-v-sliven-news381476.html
2026-06-11 23:51:20 | INFO | mediapool_bg_2026-06-11_23-32-36 | Skipping article with zero comments | url=https://www.mediapool.bg/koi-sa-kandidatite-za-deputati-v-sliven-news381476.html
2026-06-11 23:51:20 | INFO | mediapool_bg_2026-06-11_23-32-36 | Processing article | url=https://www.mediapool.bg/koi-sa-kandidatite-za-deputati-v-silistra-news381475.html
2026-06-11 23:51:20 | INFO | mediapool_bg_2026-06-11_23-32-36 | Skipping article with zero comments | url=https://www.mediapool.bg/koi-sa-kandidatite-za-deputati-v-silistra-news381475.html
2026-06-11 23:51:20 | INFO | mediapool_bg_2026-06-11_23-32-36 | Processing article | url=https://www.mediapool.bg/koi-sa-kandidatite-za-deputati-v-ruse-news381472.html
2026-06-11 23:51:21 | INFO | mediapool_bg_2026-06-11_23-32-36 | Expanding comments | url=https://www.mediapool.bg/koi-sa-kandidatite-za-deputati-v-ruse-news381472.html | total_comments=1
2026-06-11 23:51:21 | INFO | mediapool_bg_2026-06-11_23-32-36 | Comments written | url=https://www.mediapool.bg/koi-sa-kandidatite-za-deputati-v-ruse-news381472.html | parsed=1 | expected=1
2026-06-11 23:51:21 | INFO | mediapool_bg_2026-06-11_23-32-36 | Processing article | url=https://www.mediapool.bg/koi-sa-kandidatite-za-deputati-v-razgrad-news381470.html
2026-06-11 23:51:22 | INFO | mediapool_bg_2026-06-11_23-32-36 | Skipping article with zero comments | url=https://www.mediapool.bg/koi-sa-kandidatite-za-deputati-v-razgrad-news381470.html
2026-06-11 23:51:22 | INFO | mediapool_bg_2026-06-11_23-32-36 | Processing article | url=https://www.mediapool.bg/koi-sa-kandidatite-za-deputati-v-17-mir-plovdiv-oblast-news381469.html
2026-06-11 23:51:22 | INFO | mediapool_bg_2026-06-11_23-32-36 | Skipping article with zero comments | url=https://www.mediapool.bg/koi-sa-kandidatite-za-deputati-v-17-mir-plovdiv-oblast-news381469.html
2026-06-11 23:51:22 | INFO | mediapool_bg_2026-06-11_23-32-36 | Processing article | url=https://www.mediapool.bg/mz-predlaga-dostap-na-obshtinite-do-telk-registara-za-da-vizhdat-koi-ima-pravo-da-glasuva-s-podvizhna-sektsiya-news381468.html
2026-06-11 23:51:23 | INFO | mediapool_bg_2026-06-11_23-32-36 | Skipping article with zero comments | url=https://www.mediapool.bg/mz-predlaga-dostap-na-obshtinite-do-telk-registara-za-da-vizhdat-koi-ima-pravo-da-glasuva-s-podvizhna-sektsiya-news381468.html
2026-06-11 23:51:23 | INFO | mediapool_bg_2026-06-11_23-32-36 | Processing article | url=https://www.mediapool.bg/koi-sa-kandidatite-za-deputati-v-16-mir-plovdiv-grad-news381467.html
2026-06-11 23:51:23 | INFO | mediapool_bg_2026-06-11_23-32-36 | Skipping article with zero comments | url=https://www.mediapool.bg/koi-sa-kandidatite-za-deputati-v-16-mir-plovdiv-grad-news381467.html
2026-06-11 23:51:23 | INFO | mediapool_bg_2026-06-11_23-32-36 | Processing article | url=https://www.mediapool.bg/koi-sa-kandidatite-za-deputati-v-pleven-news381458.html
2026-06-11 23:51:24 | INFO | mediapool_bg_2026-06-11_23-32-36 | Skipping article with zero comments | url=https://www.mediapool.bg/koi-sa-kandidatite-za-deputati-v-pleven-news381458.html
2026-06-11 23:51:25 | INFO | mediapool_bg_2026-06-11_23-32-36 | Parsed category page | url=https://www.mediapool.bg/izbori-2026-cat130.html?page=9 | articles_found=20
2026-06-11 23:51:25 | INFO | mediapool_bg_2026-06-11_23-32-36 | Processing article | url=https://www.mediapool.bg/koi-sa-kandidatite-za-deputati-v-pernik-news381454.html
2026-06-11 23:51:26 | INFO | mediapool_bg_2026-06-11_23-32-36 | Skipping article with zero comments | url=https://www.mediapool.bg/koi-sa-kandidatite-za-deputati-v-pernik-news381454.html
2026-06-11 23:51:26 | INFO | mediapool_bg_2026-06-11_23-32-36 | Processing article | url=https://www.mediapool.bg/koi-sa-kandidatite-za-deputati-v-pazardzhik-news381451.html
2026-06-11 23:51:26 | INFO | mediapool_bg_2026-06-11_23-32-36 | Skipping article with zero comments | url=https://www.mediapool.bg/koi-sa-kandidatite-za-deputati-v-pazardzhik-news381451.html
2026-06-11 23:51:26 | INFO | mediapool_bg_2026-06-11_23-32-36 | Processing article | url=https://www.mediapool.bg/myara-predninata-na-rumen-radev-pred-gerb-namalyava-no-oshte-e-nad-10-punkta-news381449.html
2026-06-11 23:51:27 | INFO | mediapool_bg_2026-06-11_23-32-36 | Expanding comments | url=https://www.mediapool.bg/myara-predninata-na-rumen-radev-pred-gerb-namalyava-no-oshte-e-nad-10-punkta-news381449.html | total_comments=36
2026-06-11 23:51:37 | INFO | mediapool_bg_2026-06-11_23-32-36 | Comments written | url=https://www.mediapool.bg/myara-predninata-na-rumen-radev-pred-gerb-namalyava-no-oshte-e-nad-10-punkta-news381449.html | parsed=7 | expected=36
2026-06-11 23:51:37 | INFO | mediapool_bg_2026-06-11_23-32-36 | Processing article | url=https://www.mediapool.bg/koi-sa-kandidatite-za-deputati-v-montana-news381441.html
2026-06-11 23:51:39 | INFO | mediapool_bg_2026-06-11_23-32-36 | Skipping article with zero comments | url=https://www.mediapool.bg/koi-sa-kandidatite-za-deputati-v-montana-news381441.html
2026-06-11 23:51:39 | INFO | mediapool_bg_2026-06-11_23-32-36 | Processing article | url=https://www.mediapool.bg/koi-sa-kandidatite-za-deputati-v-lovech-news381440.html
2026-06-11 23:51:39 | INFO | mediapool_bg_2026-06-11_23-32-36 | Skipping article with zero comments | url=https://www.mediapool.bg/koi-sa-kandidatite-za-deputati-v-lovech-news381440.html
2026-06-11 23:51:39 | INFO | mediapool_bg_2026-06-11_23-32-36 | Processing article | url=https://www.mediapool.bg/koi-sa-kandidatite-za-deputati-v-kyustendil-news381438.html
2026-06-11 23:51:40 | INFO | mediapool_bg_2026-06-11_23-32-36 | Skipping article with zero comments | url=https://www.mediapool.bg/koi-sa-kandidatite-za-deputati-v-kyustendil-news381438.html
2026-06-11 23:51:40 | INFO | mediapool_bg_2026-06-11_23-32-36 | Processing article | url=https://www.mediapool.bg/dechev-sarafov-i-denev-se-podpisaha-za-borba-sreshtu-kupuvaneto-na-glasove-news381432.html
2026-06-11 23:51:40 | INFO | mediapool_bg_2026-06-11_23-32-36 | Expanding comments | url=https://www.mediapool.bg/dechev-sarafov-i-denev-se-podpisaha-za-borba-sreshtu-kupuvaneto-na-glasove-news381432.html | total_comments=21
2026-06-11 23:51:50 | INFO | mediapool_bg_2026-06-11_23-32-36 | Comments written | url=https://www.mediapool.bg/dechev-sarafov-i-denev-se-podpisaha-za-borba-sreshtu-kupuvaneto-na-glasove-news381432.html | parsed=9 | expected=21
2026-06-11 23:51:50 | INFO | mediapool_bg_2026-06-11_23-32-36 | Processing article | url=https://www.mediapool.bg/zapochna-predizbornata-kampaniya-news381429.html
2026-06-11 23:51:51 | INFO | mediapool_bg_2026-06-11_23-32-36 | Expanding comments | url=https://www.mediapool.bg/zapochna-predizbornata-kampaniya-news381429.html | total_comments=2
2026-06-11 23:51:51 | INFO | mediapool_bg_2026-06-11_23-32-36 | Comments written | url=https://www.mediapool.bg/zapochna-predizbornata-kampaniya-news381429.html | parsed=2 | expected=2
2026-06-11 23:51:51 | INFO | mediapool_bg_2026-06-11_23-32-36 | Processing article | url=https://www.mediapool.bg/koi-sa-kandidatite-za-deputati-v-kardzhali-news381419.html
2026-06-11 23:51:52 | INFO | mediapool_bg_2026-06-11_23-32-36 | Skipping article with zero comments | url=https://www.mediapool.bg/koi-sa-kandidatite-za-deputati-v-kardzhali-news381419.html
2026-06-11 23:51:52 | INFO | mediapool_bg_2026-06-11_23-32-36 | Processing article | url=https://www.mediapool.bg/radev-sas-zayavka-za-nov-legitimen-glaven-prokuror-demontazh-na-oligarhiyata-i-svobodni-medii-obnovena-news381417.html
2026-06-11 23:51:53 | INFO | mediapool_bg_2026-06-11_23-32-36 | Expanding comments | url=https://www.mediapool.bg/radev-sas-zayavka-za-nov-legitimen-glaven-prokuror-demontazh-na-oligarhiyata-i-svobodni-medii-obnovena-news381417.html | total_comments=98
2026-06-11 23:52:03 | INFO | mediapool_bg_2026-06-11_23-32-36 | Comments written | url=https://www.mediapool.bg/radev-sas-zayavka-za-nov-legitimen-glaven-prokuror-demontazh-na-oligarhiyata-i-svobodni-medii-obnovena-news381417.html | parsed=8 | expected=98
2026-06-11 23:52:03 | INFO | mediapool_bg_2026-06-11_23-32-36 | Processing article | url=https://www.mediapool.bg/koi-sa-kandidatite-za-deputati-v-dobrich-news381416.html
2026-06-11 23:52:04 | INFO | mediapool_bg_2026-06-11_23-32-36 | Skipping article with zero comments | url=https://www.mediapool.bg/koi-sa-kandidatite-za-deputati-v-dobrich-news381416.html
2026-06-11 23:52:04 | INFO | mediapool_bg_2026-06-11_23-32-36 | Processing article | url=https://www.mediapool.bg/koi-sa-kandidatite-za-deputati-v-gabrovo-news381412.html
2026-06-11 23:52:04 | INFO | mediapool_bg_2026-06-11_23-32-36 | Skipping article with zero comments | url=https://www.mediapool.bg/koi-sa-kandidatite-za-deputati-v-gabrovo-news381412.html
2026-06-11 23:52:04 | INFO | mediapool_bg_2026-06-11_23-32-36 | Processing article | url=https://www.mediapool.bg/koi-sa-kandidatite-za-deputati-vav-vratsa-news381411.html
2026-06-11 23:52:05 | INFO | mediapool_bg_2026-06-11_23-32-36 | Skipping article with zero comments | url=https://www.mediapool.bg/koi-sa-kandidatite-za-deputati-vav-vratsa-news381411.html
2026-06-11 23:52:05 | INFO | mediapool_bg_2026-06-11_23-32-36 | Processing article | url=https://www.mediapool.bg/koi-sa-kandidatite-za-deputati-vav-vidin-news381407.html
2026-06-11 23:52:06 | INFO | mediapool_bg_2026-06-11_23-32-36 | Skipping article with zero comments | url=https://www.mediapool.bg/koi-sa-kandidatite-za-deputati-vav-vidin-news381407.html
2026-06-11 23:52:06 | INFO | mediapool_bg_2026-06-11_23-32-36 | Processing article | url=https://www.mediapool.bg/koi-sa-kandidatite-za-deputati-vav-veliko-tarnovo-news381403.html
2026-06-11 23:52:06 | INFO | mediapool_bg_2026-06-11_23-32-36 | Skipping article with zero comments | url=https://www.mediapool.bg/koi-sa-kandidatite-za-deputati-vav-veliko-tarnovo-news381403.html
2026-06-11 23:52:06 | INFO | mediapool_bg_2026-06-11_23-32-36 | Processing article | url=https://www.mediapool.bg/koi-sa-kandidatite-za-deputati-vav-varna-news381400.html
2026-06-11 23:52:07 | INFO | mediapool_bg_2026-06-11_23-32-36 | Skipping article with zero comments | url=https://www.mediapool.bg/koi-sa-kandidatite-za-deputati-vav-varna-news381400.html
2026-06-11 23:52:07 | INFO | mediapool_bg_2026-06-11_23-32-36 | Processing article | url=https://www.mediapool.bg/koi-sa-kandidatite-za-deputati-v-bugras-news381398.html
2026-06-11 23:52:07 | INFO | mediapool_bg_2026-06-11_23-32-36 | Skipping article with zero comments | url=https://www.mediapool.bg/koi-sa-kandidatite-za-deputati-v-bugras-news381398.html
2026-06-11 23:52:07 | INFO | mediapool_bg_2026-06-11_23-32-36 | Processing article | url=https://www.mediapool.bg/koi-sa-kandidatite-za-deputati-v-blagoevgrad-news381393.html
2026-06-11 23:52:08 | INFO | mediapool_bg_2026-06-11_23-32-36 | Skipping article with zero comments | url=https://www.mediapool.bg/koi-sa-kandidatite-za-deputati-v-blagoevgrad-news381393.html
2026-06-11 23:52:08 | INFO | mediapool_bg_2026-06-11_23-32-36 | Processing article | url=https://www.mediapool.bg/zasechka-targovskiyat-registar-ne-prie-ostavkata-na-stefka-kostadinova-ot-bok-news381376.html
2026-06-11 23:52:09 | INFO | mediapool_bg_2026-06-11_23-32-36 | Expanding comments | url=https://www.mediapool.bg/zasechka-targovskiyat-registar-ne-prie-ostavkata-na-stefka-kostadinova-ot-bok-news381376.html | total_comments=4
2026-06-11 23:52:09 | INFO | mediapool_bg_2026-06-11_23-32-36 | Comments written | url=https://www.mediapool.bg/zasechka-targovskiyat-registar-ne-prie-ostavkata-na-stefka-kostadinova-ot-bok-news381376.html | parsed=4 | expected=4
2026-06-11 23:52:09 | INFO | mediapool_bg_2026-06-11_23-32-36 | Processing article | url=https://www.mediapool.bg/radev-s-21-vi-nomer-na-izborite-pp-db-sas-7-gerb---15-news381370.html
2026-06-11 23:52:09 | INFO | mediapool_bg_2026-06-11_23-32-36 | Expanding comments | url=https://www.mediapool.bg/radev-s-21-vi-nomer-na-izborite-pp-db-sas-7-gerb---15-news381370.html | total_comments=18
2026-06-11 23:52:19 | INFO | mediapool_bg_2026-06-11_23-32-36 | Comments written | url=https://www.mediapool.bg/radev-s-21-vi-nomer-na-izborite-pp-db-sas-7-gerb---15-news381370.html | parsed=7 | expected=18
2026-06-11 23:52:20 | INFO | mediapool_bg_2026-06-11_23-32-36 | Parsed category page | url=https://www.mediapool.bg/izbori-2026-cat130.html?page=10 | articles_found=20
2026-06-11 23:52:20 | INFO | mediapool_bg_2026-06-11_23-32-36 | Processing article | url=https://www.mediapool.bg/darzhavata-shte-proveri-vhodyashtiya-kod-na-vsyaka-mashina-za-izborite-a-ne-na-30-kakto-e-bilo-dosega-news381353.html
2026-06-11 23:52:21 | INFO | mediapool_bg_2026-06-11_23-32-36 | Expanding comments | url=https://www.mediapool.bg/darzhavata-shte-proveri-vhodyashtiya-kod-na-vsyaka-mashina-za-izborite-a-ne-na-30-kakto-e-bilo-dosega-news381353.html | total_comments=19
2026-06-11 23:52:31 | INFO | mediapool_bg_2026-06-11_23-32-36 | Comments written | url=https://www.mediapool.bg/darzhavata-shte-proveri-vhodyashtiya-kod-na-vsyaka-mashina-za-izborite-a-ne-na-30-kakto-e-bilo-dosega-news381353.html | parsed=9 | expected=19
2026-06-11 23:52:31 | INFO | mediapool_bg_2026-06-11_23-32-36 | Processing article | url=https://www.mediapool.bg/mirchev-i-bozhanov-otstapihme-pred-pp-bozhankov-da-ne-e-kandidat-inache-mozheshe-da-ne-registrirame-lista-news381346.html
2026-06-11 23:52:31 | INFO | mediapool_bg_2026-06-11_23-32-36 | Expanding comments | url=https://www.mediapool.bg/mirchev-i-bozhanov-otstapihme-pred-pp-bozhankov-da-ne-e-kandidat-inache-mozheshe-da-ne-registrirame-lista-news381346.html | total_comments=15
2026-06-11 23:52:42 | INFO | mediapool_bg_2026-06-11_23-32-36 | Comments written | url=https://www.mediapool.bg/mirchev-i-bozhanov-otstapihme-pred-pp-bozhankov-da-ne-e-kandidat-inache-mozheshe-da-ne-registrirame-lista-news381346.html | parsed=10 | expected=15
2026-06-11 23:52:42 | INFO | mediapool_bg_2026-06-11_23-32-36 | Processing article | url=https://www.mediapool.bg/predi-izbori-sram-nyama-itn-iska-i-vsichki-detsa-da-poluchavat-velikdenski-i-koledni-nadbavki-news381339.html
2026-06-11 23:52:42 | INFO | mediapool_bg_2026-06-11_23-32-36 | Expanding comments | url=https://www.mediapool.bg/predi-izbori-sram-nyama-itn-iska-i-vsichki-detsa-da-poluchavat-velikdenski-i-koledni-nadbavki-news381339.html | total_comments=32
2026-06-11 23:52:53 | INFO | mediapool_bg_2026-06-11_23-32-36 | Comments written | url=https://www.mediapool.bg/predi-izbori-sram-nyama-itn-iska-i-vsichki-detsa-da-poluchavat-velikdenski-i-koledni-nadbavki-news381339.html | parsed=10 | expected=32
2026-06-11 23:52:53 | INFO | mediapool_bg_2026-06-11_23-32-36 | Processing article | url=https://www.mediapool.bg/market-links-radev-i-gerb-s-izravneni-pozitsii-mesets-predi-izborite-news381334.html
2026-06-11 23:52:53 | INFO | mediapool_bg_2026-06-11_23-32-36 | Expanding comments | url=https://www.mediapool.bg/market-links-radev-i-gerb-s-izravneni-pozitsii-mesets-predi-izborite-news381334.html | total_comments=97
2026-06-11 23:53:03 | INFO | mediapool_bg_2026-06-11_23-32-36 | Comments written | url=https://www.mediapool.bg/market-links-radev-i-gerb-s-izravneni-pozitsii-mesets-predi-izborite-news381334.html | parsed=9 | expected=97
2026-06-11 23:53:03 | INFO | mediapool_bg_2026-06-11_23-32-36 | Processing article | url=https://www.mediapool.bg/trima-arestuvani-pri-aktsiya-sreshtu-kupuvaneto-na-glasove-vav-varnensko-news381333.html
2026-06-11 23:53:04 | INFO | mediapool_bg_2026-06-11_23-32-36 | Expanding comments | url=https://www.mediapool.bg/trima-arestuvani-pri-aktsiya-sreshtu-kupuvaneto-na-glasove-vav-varnensko-news381333.html | total_comments=1
2026-06-11 23:53:04 | INFO | mediapool_bg_2026-06-11_23-32-36 | Comments written | url=https://www.mediapool.bg/trima-arestuvani-pri-aktsiya-sreshtu-kupuvaneto-na-glasove-vav-varnensko-news381333.html | parsed=1 | expected=1
2026-06-11 23:53:04 | INFO | mediapool_bg_2026-06-11_23-32-36 | Processing article | url=https://www.mediapool.bg/izteche-srokat-za-registratsiya-na-listi-za-izborite-news381283.html
2026-06-11 23:53:05 | INFO | mediapool_bg_2026-06-11_23-32-36 | Expanding comments | url=https://www.mediapool.bg/izteche-srokat-za-registratsiya-na-listi-za-izborite-news381283.html | total_comments=2
2026-06-11 23:53:05 | INFO | mediapool_bg_2026-06-11_23-32-36 | Comments written | url=https://www.mediapool.bg/izteche-srokat-za-registratsiya-na-listi-za-izborite-news381283.html | parsed=2 | expected=2
2026-06-11 23:53:05 | INFO | mediapool_bg_2026-06-11_23-32-36 | Processing article | url=https://www.mediapool.bg/pp-db-zalaga-na-poznati-litsa-chetirima-ot-pp-vodyat-po-dve-listi-news381324.html
2026-06-11 23:53:05 | INFO | mediapool_bg_2026-06-11_23-32-36 | Expanding comments | url=https://www.mediapool.bg/pp-db-zalaga-na-poznati-litsa-chetirima-ot-pp-vodyat-po-dve-listi-news381324.html | total_comments=10
2026-06-11 23:53:05 | INFO | mediapool_bg_2026-06-11_23-32-36 | Comments written | url=https://www.mediapool.bg/pp-db-zalaga-na-poznati-litsa-chetirima-ot-pp-vodyat-po-dve-listi-news381324.html | parsed=10 | expected=10
2026-06-11 23:53:05 | INFO | mediapool_bg_2026-06-11_23-32-36 | Processing article | url=https://www.mediapool.bg/shest-elektronni-uslugi-za-izborite-veche-sa-aktivni-na-egovbg-news381316.html
2026-06-11 23:53:06 | INFO | mediapool_bg_2026-06-11_23-32-36 | Skipping article with zero comments | url=https://www.mediapool.bg/shest-elektronni-uslugi-za-izborite-veche-sa-aktivni-na-egovbg-news381316.html
2026-06-11 23:53:06 | INFO | mediapool_bg_2026-06-11_23-32-36 | Processing article | url=https://www.mediapool.bg/borisov-podava-raka-na-radev-ne-sme-v-politikata-da-se-mrazim-news381305.html
2026-06-11 23:53:07 | INFO | mediapool_bg_2026-06-11_23-32-36 | Expanding comments | url=https://www.mediapool.bg/borisov-podava-raka-na-radev-ne-sme-v-politikata-da-se-mrazim-news381305.html | total_comments=33
2026-06-11 23:53:17 | INFO | mediapool_bg_2026-06-11_23-32-36 | Comments written | url=https://www.mediapool.bg/borisov-podava-raka-na-radev-ne-sme-v-politikata-da-se-mrazim-news381305.html | parsed=10 | expected=33
2026-06-11 23:53:17 | INFO | mediapool_bg_2026-06-11_23-32-36 | Processing article | url=https://www.mediapool.bg/borisov-radev-i-rashkov-se-izpravyat-edin-sreshtu-drug-v-25-mir-sofiya-news381258.html
2026-06-11 23:53:17 | INFO | mediapool_bg_2026-06-11_23-32-36 | Expanding comments | url=https://www.mediapool.bg/borisov-radev-i-rashkov-se-izpravyat-edin-sreshtu-drug-v-25-mir-sofiya-news381258.html | total_comments=6
2026-06-11 23:53:18 | INFO | mediapool_bg_2026-06-11_23-32-36 | Comments written | url=https://www.mediapool.bg/borisov-radev-i-rashkov-se-izpravyat-edin-sreshtu-drug-v-25-mir-sofiya-news381258.html | parsed=6 | expected=6
2026-06-11 23:53:18 | INFO | mediapool_bg_2026-06-11_23-32-36 | Processing article | url=https://www.mediapool.bg/listite-na-progresivna-bulgaria-radev-sportisti-i-bivshi-sluzhebni-ministri-news381256.html
2026-06-11 23:53:18 | INFO | mediapool_bg_2026-06-11_23-32-36 | Expanding comments | url=https://www.mediapool.bg/listite-na-progresivna-bulgaria-radev-sportisti-i-bivshi-sluzhebni-ministri-news381256.html | total_comments=97
2026-06-11 23:53:28 | INFO | mediapool_bg_2026-06-11_23-32-36 | Comments written | url=https://www.mediapool.bg/listite-na-progresivna-bulgaria-radev-sportisti-i-bivshi-sluzhebni-ministri-news381256.html | parsed=7 | expected=97
2026-06-11 23:53:28 | INFO | mediapool_bg_2026-06-11_23-32-36 | Processing article | url=https://www.mediapool.bg/stefka-kostadinova-skochi-v-listite-na-peevski-obnovena-news381254.html
2026-06-11 23:53:29 | INFO | mediapool_bg_2026-06-11_23-32-36 | Expanding comments | url=https://www.mediapool.bg/stefka-kostadinova-skochi-v-listite-na-peevski-obnovena-news381254.html | total_comments=51
2026-06-11 23:53:39 | INFO | mediapool_bg_2026-06-11_23-32-36 | Comments written | url=https://www.mediapool.bg/stefka-kostadinova-skochi-v-listite-na-peevski-obnovena-news381254.html | parsed=10 | expected=51
2026-06-11 23:53:39 | INFO | mediapool_bg_2026-06-11_23-32-36 | Processing article | url=https://www.mediapool.bg/vladimir-nikolov-oglavyava-lista-na-radev-v-plovdiv-news381233.html
2026-06-11 23:53:40 | INFO | mediapool_bg_2026-06-11_23-32-36 | Expanding comments | url=https://www.mediapool.bg/vladimir-nikolov-oglavyava-lista-na-radev-v-plovdiv-news381233.html | total_comments=50
2026-06-11 23:53:50 | INFO | mediapool_bg_2026-06-11_23-32-36 | Comments written | url=https://www.mediapool.bg/vladimir-nikolov-oglavyava-lista-na-radev-v-plovdiv-news381233.html | parsed=10 | expected=50
2026-06-11 23:53:50 | INFO | mediapool_bg_2026-06-11_23-32-36 | Processing article | url=https://www.mediapool.bg/peevski-i-chakarov---parvi-i-vtori-v-listata-na-dps-za-blagoevgrad-news381232.html
2026-06-11 23:53:50 | INFO | mediapool_bg_2026-06-11_23-32-36 | Expanding comments | url=https://www.mediapool.bg/peevski-i-chakarov---parvi-i-vtori-v-listata-na-dps-za-blagoevgrad-news381232.html | total_comments=10
2026-06-11 23:53:50 | INFO | mediapool_bg_2026-06-11_23-32-36 | Comments written | url=https://www.mediapool.bg/peevski-i-chakarov---parvi-i-vtori-v-listata-na-dps-za-blagoevgrad-news381232.html | parsed=9 | expected=10
2026-06-11 23:53:50 | INFO | mediapool_bg_2026-06-11_23-32-36 | Processing article | url=https://www.mediapool.bg/veche-ima-7-dosadebni-proizvodstva-za-narushenie-na-izborniya-kodeks-news381231.html
2026-06-11 23:53:51 | INFO | mediapool_bg_2026-06-11_23-32-36 | Expanding comments | url=https://www.mediapool.bg/veche-ima-7-dosadebni-proizvodstva-za-narushenie-na-izborniya-kodeks-news381231.html | total_comments=1
2026-06-11 23:53:51 | INFO | mediapool_bg_2026-06-11_23-32-36 | Comments written | url=https://www.mediapool.bg/veche-ima-7-dosadebni-proizvodstva-za-narushenie-na-izborniya-kodeks-news381231.html | parsed=1 | expected=1
2026-06-11 23:53:51 | INFO | mediapool_bg_2026-06-11_23-32-36 | Processing article | url=https://www.mediapool.bg/vladislav-goranov-v-listite-na-gerb-za-izborite-delyan-dobrev-shte-vodi-v-haskovo-krasimir-valchev-v-razgrad-news381224.html
2026-06-11 23:53:52 | INFO | mediapool_bg_2026-06-11_23-32-36 | Expanding comments | url=https://www.mediapool.bg/vladislav-goranov-v-listite-na-gerb-za-izborite-delyan-dobrev-shte-vodi-v-haskovo-krasimir-valchev-v-razgrad-news381224.html | total_comments=49
2026-06-11 23:54:02 | INFO | mediapool_bg_2026-06-11_23-32-36 | Comments written | url=https://www.mediapool.bg/vladislav-goranov-v-listite-na-gerb-za-izborite-delyan-dobrev-shte-vodi-v-haskovo-krasimir-valchev-v-razgrad-news381224.html | parsed=9 | expected=49
2026-06-11 23:54:02 | INFO | mediapool_bg_2026-06-11_23-32-36 | Processing article | url=https://www.mediapool.bg/borisov-obleche-kozhenata-tuzhurka-i-obyasni-che-sarafov-nyama-da-bade-smenen-news381217.html
2026-06-11 23:54:03 | INFO | mediapool_bg_2026-06-11_23-32-36 | Expanding comments | url=https://www.mediapool.bg/borisov-obleche-kozhenata-tuzhurka-i-obyasni-che-sarafov-nyama-da-bade-smenen-news381217.html | total_comments=58
2026-06-11 23:54:13 | INFO | mediapool_bg_2026-06-11_23-32-36 | Comments written | url=https://www.mediapool.bg/borisov-obleche-kozhenata-tuzhurka-i-obyasni-che-sarafov-nyama-da-bade-smenen-news381217.html | parsed=7 | expected=58
2026-06-11 23:54:13 | INFO | mediapool_bg_2026-06-11_23-32-36 | Processing article | url=https://www.mediapool.bg/borisov-pri-patrashkova-s-poslaniya-kam-gen-z-kani-se-da-stoi-dalgo-v-politikata-kato-putin-i-si-news381154.html
2026-06-11 23:54:14 | INFO | mediapool_bg_2026-06-11_23-32-36 | Expanding comments | url=https://www.mediapool.bg/borisov-pri-patrashkova-s-poslaniya-kam-gen-z-kani-se-da-stoi-dalgo-v-politikata-kato-putin-i-si-news381154.html | total_comments=18
2026-06-11 23:54:24 | INFO | mediapool_bg_2026-06-11_23-32-36 | Comments written | url=https://www.mediapool.bg/borisov-pri-patrashkova-s-poslaniya-kam-gen-z-kani-se-da-stoi-dalgo-v-politikata-kato-putin-i-si-news381154.html | parsed=10 | expected=18
2026-06-11 23:54:24 | INFO | mediapool_bg_2026-06-11_23-32-36 | Processing article | url=https://www.mediapool.bg/prodalzhavame-promyanata-blokira-vklyuchvaneto-na-yavor-bozhankov-v-listite-na-pp-db-news381140.html
2026-06-11 23:54:24 | INFO | mediapool_bg_2026-06-11_23-32-36 | Expanding comments | url=https://www.mediapool.bg/prodalzhavame-promyanata-blokira-vklyuchvaneto-na-yavor-bozhankov-v-listite-na-pp-db-news381140.html | total_comments=21
2026-06-11 23:54:35 | INFO | mediapool_bg_2026-06-11_23-32-36 | Comments written | url=https://www.mediapool.bg/prodalzhavame-promyanata-blokira-vklyuchvaneto-na-yavor-bozhankov-v-listite-na-pp-db-news381140.html | parsed=8 | expected=21
2026-06-11 23:54:35 | INFO | mediapool_bg_2026-06-11_23-32-36 | Processing article | url=https://www.mediapool.bg/shveitsarets-i-mladezh-vlizat-v-listite-na-pp-db-ot-grazhdanskata-kvota-news381132.html
2026-06-11 23:54:35 | INFO | mediapool_bg_2026-06-11_23-32-36 | Expanding comments | url=https://www.mediapool.bg/shveitsarets-i-mladezh-vlizat-v-listite-na-pp-db-ot-grazhdanskata-kvota-news381132.html | total_comments=34
2026-06-11 23:54:45 | INFO | mediapool_bg_2026-06-11_23-32-36 | Comments written | url=https://www.mediapool.bg/shveitsarets-i-mladezh-vlizat-v-listite-na-pp-db-ot-grazhdanskata-kvota-news381132.html | parsed=9 | expected=34
2026-06-11 23:54:46 | INFO | mediapool_bg_2026-06-11_23-32-36 | Parsed category page | url=https://www.mediapool.bg/izbori-2026-cat130.html?page=11 | articles_found=20
2026-06-11 23:54:46 | INFO | mediapool_bg_2026-06-11_23-32-36 | Processing article | url=https://www.mediapool.bg/kak-da-proverim-kade-da-glasuvame-na-predstoyashtite-izbori-news381099.html
2026-06-11 23:54:46 | INFO | mediapool_bg_2026-06-11_23-32-36 | Skipping article with zero comments | url=https://www.mediapool.bg/kak-da-proverim-kade-da-glasuvame-na-predstoyashtite-izbori-news381099.html
2026-06-11 23:54:46 | INFO | mediapool_bg_2026-06-11_23-32-36 | Processing article | url=https://www.mediapool.bg/kmetat-na-stara-zagora-otkaza-da-e-vodach-na-listata-na-gerb-news381125.html
2026-06-11 23:54:47 | INFO | mediapool_bg_2026-06-11_23-32-36 | Expanding comments | url=https://www.mediapool.bg/kmetat-na-stara-zagora-otkaza-da-e-vodach-na-listata-na-gerb-news381125.html | total_comments=13
2026-06-11 23:54:57 | INFO | mediapool_bg_2026-06-11_23-32-36 | Comments written | url=https://www.mediapool.bg/kmetat-na-stara-zagora-otkaza-da-e-vodach-na-listata-na-gerb-news381125.html | parsed=10 | expected=13
2026-06-11 23:54:57 | INFO | mediapool_bg_2026-06-11_23-32-36 | Processing article | url=https://www.mediapool.bg/da-zagarbim-tsennostnite-si-razlichiya-virtualnata-politizatsiya-na-gen-z-news381112.html
2026-06-11 23:54:58 | INFO | mediapool_bg_2026-06-11_23-32-36 | Expanding comments | url=https://www.mediapool.bg/da-zagarbim-tsennostnite-si-razlichiya-virtualnata-politizatsiya-na-gen-z-news381112.html | total_comments=18
2026-06-11 23:55:08 | INFO | mediapool_bg_2026-06-11_23-32-36 | Comments written | url=https://www.mediapool.bg/da-zagarbim-tsennostnite-si-razlichiya-virtualnata-politizatsiya-na-gen-z-news381112.html | parsed=10 | expected=18
2026-06-11 23:55:08 | INFO | mediapool_bg_2026-06-11_23-32-36 | Processing article | url=https://www.mediapool.bg/predizborna-ataka-sreshtu-mashinniya-vot-gerb-dps-novo-nachalo-i-itn-v-obsht-front-sreshtu-sluzhebniya-kabinet-news381113.html
2026-06-11 23:55:09 | INFO | mediapool_bg_2026-06-11_23-32-36 | Expanding comments | url=https://www.mediapool.bg/predizborna-ataka-sreshtu-mashinniya-vot-gerb-dps-novo-nachalo-i-itn-v-obsht-front-sreshtu-sluzhebniya-kabinet-news381113.html | total_comments=19
2026-06-11 23:55:19 | INFO | mediapool_bg_2026-06-11_23-32-36 | Comments written | url=https://www.mediapool.bg/predizborna-ataka-sreshtu-mashinniya-vot-gerb-dps-novo-nachalo-i-itn-v-obsht-front-sreshtu-sluzhebniya-kabinet-news381113.html | parsed=10 | expected=19
2026-06-11 23:55:19 | INFO | mediapool_bg_2026-06-11_23-32-36 | Processing article | url=https://www.mediapool.bg/radev-shte-bada-v-parlamenta-a-ne-ot-divana-news381051.html
2026-06-11 23:55:19 | INFO | mediapool_bg_2026-06-11_23-32-36 | Expanding comments | url=https://www.mediapool.bg/radev-shte-bada-v-parlamenta-a-ne-ot-divana-news381051.html | total_comments=32
2026-06-11 23:55:30 | INFO | mediapool_bg_2026-06-11_23-32-36 | Comments written | url=https://www.mediapool.bg/radev-shte-bada-v-parlamenta-a-ne-ot-divana-news381051.html | parsed=9 | expected=32
2026-06-11 23:55:30 | INFO | mediapool_bg_2026-06-11_23-32-36 | Processing article | url=https://www.mediapool.bg/bsp-izbra-vsichki-vodachi-na-listite-si-i-poiska-doverieto-na-levite-hora-news380980.html
2026-06-11 23:55:30 | INFO | mediapool_bg_2026-06-11_23-32-36 | Expanding comments | url=https://www.mediapool.bg/bsp-izbra-vsichki-vodachi-na-listite-si-i-poiska-doverieto-na-levite-hora-news380980.html | total_comments=1
2026-06-11 23:55:30 | INFO | mediapool_bg_2026-06-11_23-32-36 | Comments written | url=https://www.mediapool.bg/bsp-izbra-vsichki-vodachi-na-listite-si-i-poiska-doverieto-na-levite-hora-news380980.html | parsed=1 | expected=1
2026-06-11 23:55:30 | INFO | mediapool_bg_2026-06-11_23-32-36 | Processing article | url=https://www.mediapool.bg/borisov-za-satrudnichestvo-s-radev-neka-vidim-formatsiyata-i-listite-news380976.html
2026-06-11 23:55:31 | INFO | mediapool_bg_2026-06-11_23-32-36 | Expanding comments | url=https://www.mediapool.bg/borisov-za-satrudnichestvo-s-radev-neka-vidim-formatsiyata-i-listite-news380976.html | total_comments=26
2026-06-11 23:55:41 | INFO | mediapool_bg_2026-06-11_23-32-36 | Comments written | url=https://www.mediapool.bg/borisov-za-satrudnichestvo-s-radev-neka-vidim-formatsiyata-i-listite-news380976.html | parsed=10 | expected=26
2026-06-11 23:55:41 | INFO | mediapool_bg_2026-06-11_23-32-36 | Processing article | url=https://www.mediapool.bg/balgarite-v-chuzhbina-veche-mogat-da-podavat-zayavleniya-za-glasuvane-news380936.html
2026-06-11 23:55:42 | INFO | mediapool_bg_2026-06-11_23-32-36 | Expanding comments | url=https://www.mediapool.bg/balgarite-v-chuzhbina-veche-mogat-da-podavat-zayavleniya-za-glasuvane-news380936.html | total_comments=1
2026-06-11 23:55:42 | INFO | mediapool_bg_2026-06-11_23-32-36 | Comments written | url=https://www.mediapool.bg/balgarite-v-chuzhbina-veche-mogat-da-podavat-zayavleniya-za-glasuvane-news380936.html | parsed=1 | expected=1
2026-06-11 23:55:42 | INFO | mediapool_bg_2026-06-11_23-32-36 | Processing article | url=https://www.mediapool.bg/radev-malchi-kakvo-govoryat-horata-i-partiite-v-koalitsiyata-mu-news380927.html
2026-06-11 23:55:42 | INFO | mediapool_bg_2026-06-11_23-32-36 | Expanding comments | url=https://www.mediapool.bg/radev-malchi-kakvo-govoryat-horata-i-partiite-v-koalitsiyata-mu-news380927.html | total_comments=52
2026-06-11 23:55:52 | INFO | mediapool_bg_2026-06-11_23-32-36 | Comments written | url=https://www.mediapool.bg/radev-malchi-kakvo-govoryat-horata-i-partiite-v-koalitsiyata-mu-news380927.html | parsed=10 | expected=52
2026-06-11 23:55:52 | INFO | mediapool_bg_2026-06-11_23-32-36 | Processing article | url=https://www.mediapool.bg/alfa-risarch-proektat-na-rumen-radev-s-prednina-ot-13-pred-gerb-news380888.html
2026-06-11 23:55:53 | INFO | mediapool_bg_2026-06-11_23-32-36 | Expanding comments | url=https://www.mediapool.bg/alfa-risarch-proektat-na-rumen-radev-s-prednina-ot-13-pred-gerb-news380888.html | total_comments=62
2026-06-11 23:56:03 | INFO | mediapool_bg_2026-06-11_23-32-36 | Comments written | url=https://www.mediapool.bg/alfa-risarch-proektat-na-rumen-radev-s-prednina-ot-13-pred-gerb-news380888.html | parsed=8 | expected=62
2026-06-11 23:56:03 | INFO | mediapool_bg_2026-06-11_23-32-36 | Processing article | url=https://www.mediapool.bg/27-partii-i-koalitsii-se-registriraha-za-izborite-news380847.html
2026-06-11 23:56:04 | INFO | mediapool_bg_2026-06-11_23-32-36 | Expanding comments | url=https://www.mediapool.bg/27-partii-i-koalitsii-se-registriraha-za-izborite-news380847.html | total_comments=4
2026-06-11 23:56:04 | INFO | mediapool_bg_2026-06-11_23-32-36 | Comments written | url=https://www.mediapool.bg/27-partii-i-koalitsii-se-registriraha-za-izborite-news380847.html | parsed=3 | expected=4
2026-06-11 23:56:04 | INFO | mediapool_bg_2026-06-11_23-32-36 | Processing article | url=https://www.mediapool.bg/politolog-vazmozhna-e-poreditsa-ot-izbori-za-da-ukrepne-proektat-na-radev-news380861.html
2026-06-11 23:56:05 | INFO | mediapool_bg_2026-06-11_23-32-36 | Expanding comments | url=https://www.mediapool.bg/politolog-vazmozhna-e-poreditsa-ot-izbori-za-da-ukrepne-proektat-na-radev-news380861.html | total_comments=10
2026-06-11 23:56:05 | INFO | mediapool_bg_2026-06-11_23-32-36 | Comments written | url=https://www.mediapool.bg/politolog-vazmozhna-e-poreditsa-ot-izbori-za-da-ukrepne-proektat-na-radev-news380861.html | parsed=9 | expected=10
2026-06-11 23:56:05 | INFO | mediapool_bg_2026-06-11_23-32-36 | Processing article | url=https://www.mediapool.bg/mene-me-nema-v-tselata-shema-desislava-radeva-se-razgranichi-ot-noviya-proekt-na-sapruga-si-news380851.html
2026-06-11 23:56:05 | INFO | mediapool_bg_2026-06-11_23-32-36 | Expanding comments | url=https://www.mediapool.bg/mene-me-nema-v-tselata-shema-desislava-radeva-se-razgranichi-ot-noviya-proekt-na-sapruga-si-news380851.html | total_comments=22
2026-06-11 23:56:15 | INFO | mediapool_bg_2026-06-11_23-32-36 | Comments written | url=https://www.mediapool.bg/mene-me-nema-v-tselata-shema-desislava-radeva-se-razgranichi-ot-noviya-proekt-na-sapruga-si-news380851.html | parsed=10 | expected=22
2026-06-11 23:56:15 | INFO | mediapool_bg_2026-06-11_23-32-36 | Processing article | url=https://www.mediapool.bg/radev-tragvame-na-pohod-za-badeshteto-na-bulgaria-news380830.html
2026-06-11 23:56:16 | INFO | mediapool_bg_2026-06-11_23-32-36 | Expanding comments | url=https://www.mediapool.bg/radev-tragvame-na-pohod-za-badeshteto-na-bulgaria-news380830.html | total_comments=68
2026-06-11 23:56:26 | INFO | mediapool_bg_2026-06-11_23-32-36 | Comments written | url=https://www.mediapool.bg/radev-tragvame-na-pohod-za-badeshteto-na-bulgaria-news380830.html | parsed=10 | expected=68
2026-06-11 23:56:26 | INFO | mediapool_bg_2026-06-11_23-32-36 | Processing article | url=https://www.mediapool.bg/politicheskite-chestitki-za-3-mart-ot-izborite-do-osvobozhdenie-ot-mafiyata-obnovena-news380825.html
2026-06-11 23:56:27 | INFO | mediapool_bg_2026-06-11_23-32-36 | Expanding comments | url=https://www.mediapool.bg/politicheskite-chestitki-za-3-mart-ot-izborite-do-osvobozhdenie-ot-mafiyata-obnovena-news380825.html | total_comments=8
2026-06-11 23:56:27 | INFO | mediapool_bg_2026-06-11_23-32-36 | Comments written | url=https://www.mediapool.bg/politicheskite-chestitki-za-3-mart-ot-izborite-do-osvobozhdenie-ot-mafiyata-obnovena-news380825.html | parsed=8 | expected=8
2026-06-11 23:56:27 | INFO | mediapool_bg_2026-06-11_23-32-36 | Processing article | url=https://www.mediapool.bg/prodalzhavame-promyanata-vklyuchva-oshte-novi-litsa-v-listite-news380819.html
2026-06-11 23:56:28 | INFO | mediapool_bg_2026-06-11_23-32-36 | Expanding comments | url=https://www.mediapool.bg/prodalzhavame-promyanata-vklyuchva-oshte-novi-litsa-v-listite-news380819.html | total_comments=24
2026-06-11 23:56:38 | INFO | mediapool_bg_2026-06-11_23-32-36 | Comments written | url=https://www.mediapool.bg/prodalzhavame-promyanata-vklyuchva-oshte-novi-litsa-v-listite-news380819.html | parsed=9 | expected=24
2026-06-11 23:56:38 | INFO | mediapool_bg_2026-06-11_23-32-36 | Processing article | url=https://www.mediapool.bg/rumen-radev-otiva-na-izbori-s-progresivna-bulgaria-news380815.html
2026-06-11 23:56:38 | INFO | mediapool_bg_2026-06-11_23-32-36 | Expanding comments | url=https://www.mediapool.bg/rumen-radev-otiva-na-izbori-s-progresivna-bulgaria-news380815.html | total_comments=123
2026-06-11 23:56:48 | INFO | mediapool_bg_2026-06-11_23-32-36 | Comments written | url=https://www.mediapool.bg/rumen-radev-otiva-na-izbori-s-progresivna-bulgaria-news380815.html | parsed=8 | expected=123
2026-06-11 23:56:48 | INFO | mediapool_bg_2026-06-11_23-32-36 | Processing article | url=https://www.mediapool.bg/bashtata-na-ubitata-na-patya-siyana-se-yavyava-na-izbori-s-koalitsiya-siyanie-news380804.html
2026-06-11 23:56:49 | INFO | mediapool_bg_2026-06-11_23-32-36 | Expanding comments | url=https://www.mediapool.bg/bashtata-na-ubitata-na-patya-siyana-se-yavyava-na-izbori-s-koalitsiya-siyanie-news380804.html | total_comments=21
2026-06-11 23:56:59 | INFO | mediapool_bg_2026-06-11_23-32-36 | Comments written | url=https://www.mediapool.bg/bashtata-na-ubitata-na-patya-siyana-se-yavyava-na-izbori-s-koalitsiya-siyanie-news380804.html | parsed=7 | expected=21
2026-06-11 23:56:59 | INFO | mediapool_bg_2026-06-11_23-32-36 | Processing article | url=https://www.mediapool.bg/tsik-ne-e-imala-iskane-za-otteglyaneto-na-tsitselkov-ot-obshtestveniya-savet-news380619.html
2026-06-11 23:57:00 | INFO | mediapool_bg_2026-06-11_23-32-36 | Expanding comments | url=https://www.mediapool.bg/tsik-ne-e-imala-iskane-za-otteglyaneto-na-tsitselkov-ot-obshtestveniya-savet-news380619.html | total_comments=7
2026-06-11 23:57:00 | INFO | mediapool_bg_2026-06-11_23-32-36 | Comments written | url=https://www.mediapool.bg/tsik-ne-e-imala-iskane-za-otteglyaneto-na-tsitselkov-ot-obshtestveniya-savet-news380619.html | parsed=6 | expected=7
2026-06-11 23:57:00 | INFO | mediapool_bg_2026-06-11_23-32-36 | Processing article | url=https://www.mediapool.bg/zapochva-registratsiyata-na-partii-i-koalitsii-za-izborite-news380585.html
2026-06-11 23:57:01 | INFO | mediapool_bg_2026-06-11_23-32-36 | Expanding comments | url=https://www.mediapool.bg/zapochva-registratsiyata-na-partii-i-koalitsii-za-izborite-news380585.html | total_comments=3
2026-06-11 23:57:01 | INFO | mediapool_bg_2026-06-11_23-32-36 | Comments written | url=https://www.mediapool.bg/zapochva-registratsiyata-na-partii-i-koalitsii-za-izborite-news380585.html | parsed=3 | expected=3
2026-06-11 23:57:01 | INFO | mediapool_bg_2026-06-11_23-32-36 | Parsed category page | url=https://www.mediapool.bg/izbori-2026-cat130.html?page=12 | articles_found=20
2026-06-11 23:57:01 | INFO | mediapool_bg_2026-06-11_23-32-36 | Processing article | url=https://www.mediapool.bg/izborite-na-19-april-shte-struvat-blizo-80-mln-evro-news380577.html
2026-06-11 23:57:02 | INFO | mediapool_bg_2026-06-11_23-32-36 | Expanding comments | url=https://www.mediapool.bg/izborite-na-19-april-shte-struvat-blizo-80-mln-evro-news380577.html | total_comments=10
2026-06-11 23:57:02 | INFO | mediapool_bg_2026-06-11_23-32-36 | Comments written | url=https://www.mediapool.bg/izborite-na-19-april-shte-struvat-blizo-80-mln-evro-news380577.html | parsed=7 | expected=10
2026-06-11 23:57:02 | INFO | mediapool_bg_2026-06-11_23-32-36 | Processing article | url=https://www.mediapool.bg/formatsiyata-na-peevski-reshila-da-se-yavyava-samostoyatelno-na-izborite-news380559.html
2026-06-11 23:57:03 | INFO | mediapool_bg_2026-06-11_23-32-36 | Expanding comments | url=https://www.mediapool.bg/formatsiyata-na-peevski-reshila-da-se-yavyava-samostoyatelno-na-izborite-news380559.html | total_comments=3
2026-06-11 23:57:03 | INFO | mediapool_bg_2026-06-11_23-32-36 | Comments written | url=https://www.mediapool.bg/formatsiyata-na-peevski-reshila-da-se-yavyava-samostoyatelno-na-izborite-news380559.html | parsed=3 | expected=3
2026-06-11 23:57:03 | INFO | mediapool_bg_2026-06-11_23-32-36 | Processing article | url=https://www.mediapool.bg/trend-radev-s-12-pred-gerb-bsp-i-mech-na-raba-news380541.html
2026-06-11 23:57:04 | INFO | mediapool_bg_2026-06-11_23-32-36 | Expanding comments | url=https://www.mediapool.bg/trend-radev-s-12-pred-gerb-bsp-i-mech-na-raba-news380541.html | total_comments=93
2026-06-11 23:57:14 | INFO | mediapool_bg_2026-06-11_23-32-36 | Comments written | url=https://www.mediapool.bg/trend-radev-s-12-pred-gerb-bsp-i-mech-na-raba-news380541.html | parsed=10 | expected=93
2026-06-11 23:57:14 | INFO | mediapool_bg_2026-06-11_23-32-36 | Processing article | url=https://www.mediapool.bg/raznoglasiya-za-rakovodstvata-na-rik-v-povecheto-gradove-news380531.html
2026-06-11 23:57:14 | INFO | mediapool_bg_2026-06-11_23-32-36 | Expanding comments | url=https://www.mediapool.bg/raznoglasiya-za-rakovodstvata-na-rik-v-povecheto-gradove-news380531.html | total_comments=7
2026-06-11 23:57:15 | INFO | mediapool_bg_2026-06-11_23-32-36 | Comments written | url=https://www.mediapool.bg/raznoglasiya-za-rakovodstvata-na-rik-v-povecheto-gradove-news380531.html | parsed=7 | expected=7
2026-06-11 23:57:15 | INFO | mediapool_bg_2026-06-11_23-32-36 | Processing article | url=https://www.mediapool.bg/ekaterina-mihailova-ne-e-dobro-reshenie-da-imame-rabotesht-parlament-po-vreme-na-predizborna-kampaniya-news380523.html
2026-06-11 23:57:15 | INFO | mediapool_bg_2026-06-11_23-32-36 | Expanding comments | url=https://www.mediapool.bg/ekaterina-mihailova-ne-e-dobro-reshenie-da-imame-rabotesht-parlament-po-vreme-na-predizborna-kampaniya-news380523.html | total_comments=61
2026-06-11 23:57:25 | INFO | mediapool_bg_2026-06-11_23-32-36 | Comments written | url=https://www.mediapool.bg/ekaterina-mihailova-ne-e-dobro-reshenie-da-imame-rabotesht-parlament-po-vreme-na-predizborna-kampaniya-news380523.html | parsed=8 | expected=61
2026-06-11 23:57:25 | INFO | mediapool_bg_2026-06-11_23-32-36 | Processing article | url=https://www.mediapool.bg/tsik-vdigna-parite-za-chlenovete-na-izbiratelni-komisii-na-predstoyashtiya-vot-news380520.html
2026-06-11 23:57:26 | INFO | mediapool_bg_2026-06-11_23-32-36 | Expanding comments | url=https://www.mediapool.bg/tsik-vdigna-parite-za-chlenovete-na-izbiratelni-komisii-na-predstoyashtiya-vot-news380520.html | total_comments=6
2026-06-11 23:57:26 | INFO | mediapool_bg_2026-06-11_23-32-36 | Comments written | url=https://www.mediapool.bg/tsik-vdigna-parite-za-chlenovete-na-izbiratelni-komisii-na-predstoyashtiya-vot-news380520.html | parsed=6 | expected=6
2026-06-11 23:57:26 | INFO | mediapool_bg_2026-06-11_23-32-36 | Processing article | url=https://www.mediapool.bg/hasan-ademov-se-zakani-da-ne-dopuska-kupuvane-na-glasove-sas-sotsialni-pomoshti-news380449.html
2026-06-11 23:57:26 | INFO | mediapool_bg_2026-06-11_23-32-36 | Expanding comments | url=https://www.mediapool.bg/hasan-ademov-se-zakani-da-ne-dopuska-kupuvane-na-glasove-sas-sotsialni-pomoshti-news380449.html | total_comments=6
2026-06-11 23:57:26 | INFO | mediapool_bg_2026-06-11_23-32-36 | Comments written | url=https://www.mediapool.bg/hasan-ademov-se-zakani-da-ne-dopuska-kupuvane-na-glasove-sas-sotsialni-pomoshti-news380449.html | parsed=6 | expected=6
2026-06-11 23:57:26 | INFO | mediapool_bg_2026-06-11_23-32-36 | Processing article | url=https://www.mediapool.bg/prioritetite-na-neinski-yarka-pozitsiya-za-ukraina-oisr-i-izborite-v-chuzhbina-news380443.html
2026-06-11 23:57:27 | INFO | mediapool_bg_2026-06-11_23-32-36 | Expanding comments | url=https://www.mediapool.bg/prioritetite-na-neinski-yarka-pozitsiya-za-ukraina-oisr-i-izborite-v-chuzhbina-news380443.html | total_comments=18
2026-06-11 23:57:37 | INFO | mediapool_bg_2026-06-11_23-32-36 | Comments written | url=https://www.mediapool.bg/prioritetite-na-neinski-yarka-pozitsiya-za-ukraina-oisr-i-izborite-v-chuzhbina-news380443.html | parsed=10 | expected=18
2026-06-11 23:57:37 | INFO | mediapool_bg_2026-06-11_23-32-36 | Processing article | url=https://www.mediapool.bg/prezidentat-podpisa-ukazite-za-sluzheben-kabinet-i-izbori-na-19-april-news380432.html
2026-06-11 23:57:38 | INFO | mediapool_bg_2026-06-11_23-32-36 | Expanding comments | url=https://www.mediapool.bg/prezidentat-podpisa-ukazite-za-sluzheben-kabinet-i-izbori-na-19-april-news380432.html | total_comments=2
2026-06-11 23:57:38 | INFO | mediapool_bg_2026-06-11_23-32-36 | Comments written | url=https://www.mediapool.bg/prezidentat-podpisa-ukazite-za-sluzheben-kabinet-i-izbori-na-19-april-news380432.html | parsed=2 | expected=2
2026-06-11 23:57:38 | INFO | mediapool_bg_2026-06-11_23-32-36 | Processing article | url=https://www.mediapool.bg/andrei-gyurov-obyavi-pravitelstvo-s-vitsepremier-za-chestni-izbori-news380370.html
2026-06-11 23:57:39 | INFO | mediapool_bg_2026-06-11_23-32-36 | Expanding comments | url=https://www.mediapool.bg/andrei-gyurov-obyavi-pravitelstvo-s-vitsepremier-za-chestni-izbori-news380370.html | total_comments=130
2026-06-11 23:57:49 | INFO | mediapool_bg_2026-06-11_23-32-36 | Comments written | url=https://www.mediapool.bg/andrei-gyurov-obyavi-pravitelstvo-s-vitsepremier-za-chestni-izbori-news380370.html | parsed=10 | expected=130
2026-06-11 23:57:49 | INFO | mediapool_bg_2026-06-11_23-32-36 | Processing article | url=https://www.mediapool.bg/razmestvane-12-ot-dosegashnite-ministri-se-vrashtat-kato-deputati-news380356.html
2026-06-11 23:57:49 | INFO | mediapool_bg_2026-06-11_23-32-36 | Skipping article with zero comments | url=https://www.mediapool.bg/razmestvane-12-ot-dosegashnite-ministri-se-vrashtat-kato-deputati-news380356.html
2026-06-11 23:57:49 | INFO | mediapool_bg_2026-06-11_23-32-36 | Processing article | url=https://www.mediapool.bg/spored-myara-radev-vodi-s-14-punkta-pred-gerb-news380340.html
2026-06-11 23:57:50 | INFO | mediapool_bg_2026-06-11_23-32-36 | Expanding comments | url=https://www.mediapool.bg/spored-myara-radev-vodi-s-14-punkta-pred-gerb-news380340.html | total_comments=79
2026-06-11 23:58:00 | INFO | mediapool_bg_2026-06-11_23-32-36 | Comments written | url=https://www.mediapool.bg/spored-myara-radev-vodi-s-14-punkta-pred-gerb-news380340.html | parsed=10 | expected=79
2026-06-11 23:58:00 | INFO | mediapool_bg_2026-06-11_23-32-36 | Processing article | url=https://www.mediapool.bg/market-links-nyama-valna-no-koalitsiya-okolo-radev-vodi-s-10-na-gerb-news380295.html
2026-06-11 23:58:00 | INFO | mediapool_bg_2026-06-11_23-32-36 | Expanding comments | url=https://www.mediapool.bg/market-links-nyama-valna-no-koalitsiya-okolo-radev-vodi-s-10-na-gerb-news380295.html | total_comments=140
2026-06-11 23:58:11 | INFO | mediapool_bg_2026-06-11_23-32-36 | Comments written | url=https://www.mediapool.bg/market-links-nyama-valna-no-koalitsiya-okolo-radev-vodi-s-10-na-gerb-news380295.html | parsed=10 | expected=140
2026-06-11 23:58:11 | INFO | mediapool_bg_2026-06-11_23-32-36 | Processing article | url=https://www.mediapool.bg/trifon-panchev-ochakvam-konflikt-v-grupata-na-bsp-pri-glasuvaneto-na-vetoto-na-prezidenta-news380282.html
2026-06-11 23:58:11 | INFO | mediapool_bg_2026-06-11_23-32-36 | Expanding comments | url=https://www.mediapool.bg/trifon-panchev-ochakvam-konflikt-v-grupata-na-bsp-pri-glasuvaneto-na-vetoto-na-prezidenta-news380282.html | total_comments=9
2026-06-11 23:58:11 | INFO | mediapool_bg_2026-06-11_23-32-36 | Comments written | url=https://www.mediapool.bg/trifon-panchev-ochakvam-konflikt-v-grupata-na-bsp-pri-glasuvaneto-na-vetoto-na-prezidenta-news380282.html | parsed=5 | expected=9
2026-06-11 23:58:11 | INFO | mediapool_bg_2026-06-11_23-32-36 | Processing article | url=https://www.mediapool.bg/delyan-dobrev-ne-e-vyarno-che-napuskam-gerb-news380281.html
2026-06-11 23:58:12 | INFO | mediapool_bg_2026-06-11_23-32-36 | Expanding comments | url=https://www.mediapool.bg/delyan-dobrev-ne-e-vyarno-che-napuskam-gerb-news380281.html | total_comments=31
2026-06-11 23:58:22 | INFO | mediapool_bg_2026-06-11_23-32-36 | Comments written | url=https://www.mediapool.bg/delyan-dobrev-ne-e-vyarno-che-napuskam-gerb-news380281.html | parsed=9 | expected=31
2026-06-11 23:58:22 | INFO | mediapool_bg_2026-06-11_23-32-36 | Processing article | url=https://www.mediapool.bg/radev-vnasya-za-registratsiya-koalitsiya-s-yasno-ime-do-4-mart-news380280.html
2026-06-11 23:58:23 | INFO | mediapool_bg_2026-06-11_23-32-36 | Expanding comments | url=https://www.mediapool.bg/radev-vnasya-za-registratsiya-koalitsiya-s-yasno-ime-do-4-mart-news380280.html | total_comments=69
2026-06-11 23:58:33 | INFO | mediapool_bg_2026-06-11_23-32-36 | Comments written | url=https://www.mediapool.bg/radev-vnasya-za-registratsiya-koalitsiya-s-yasno-ime-do-4-mart-news380280.html | parsed=10 | expected=69
2026-06-11 23:58:33 | INFO | mediapool_bg_2026-06-11_23-32-36 | Processing article | url=https://www.mediapool.bg/koprinkov-ne-e-chast-ot-ekipa-na-yotova-administratsiyata-shte-e-s-nova-struktura-news380187.html
2026-06-11 23:58:33 | INFO | mediapool_bg_2026-06-11_23-32-36 | Expanding comments | url=https://www.mediapool.bg/koprinkov-ne-e-chast-ot-ekipa-na-yotova-administratsiyata-shte-e-s-nova-struktura-news380187.html | total_comments=8
2026-06-11 23:58:34 | INFO | mediapool_bg_2026-06-11_23-32-36 | Comments written | url=https://www.mediapool.bg/koprinkov-ne-e-chast-ot-ekipa-na-yotova-administratsiyata-shte-e-s-nova-struktura-news380187.html | parsed=5 | expected=8
2026-06-11 23:58:34 | INFO | mediapool_bg_2026-06-11_23-32-36 | Processing article | url=https://www.mediapool.bg/prezidentat-nalozhi-veto-varhu-oryazvaneto-na-izbornite-sektsii-izvan-es-news380161.html
2026-06-11 23:58:34 | INFO | mediapool_bg_2026-06-11_23-32-36 | Expanding comments | url=https://www.mediapool.bg/prezidentat-nalozhi-veto-varhu-oryazvaneto-na-izbornite-sektsii-izvan-es-news380161.html | total_comments=29
2026-06-11 23:58:44 | INFO | mediapool_bg_2026-06-11_23-32-36 | Comments written | url=https://www.mediapool.bg/prezidentat-nalozhi-veto-varhu-oryazvaneto-na-izbornite-sektsii-izvan-es-news380161.html | parsed=5 | expected=29
2026-06-11 23:58:44 | INFO | mediapool_bg_2026-06-11_23-32-36 | Processing article | url=https://www.mediapool.bg/prezidentat-shte-obyavi-sluzheben-premier-bukvalno-v-sledvashtite-dni-news380122.html
2026-06-11 23:58:45 | INFO | mediapool_bg_2026-06-11_23-32-36 | Expanding comments | url=https://www.mediapool.bg/prezidentat-shte-obyavi-sluzheben-premier-bukvalno-v-sledvashtite-dni-news380122.html | total_comments=7
2026-06-11 23:58:45 | INFO | mediapool_bg_2026-06-11_23-32-36 | Comments written | url=https://www.mediapool.bg/prezidentat-shte-obyavi-sluzheben-premier-bukvalno-v-sledvashtite-dni-news380122.html | parsed=6 | expected=7
2026-06-11 23:58:45 | INFO | mediapool_bg_2026-06-11_23-32-36 | Processing article | url=https://www.mediapool.bg/boryana-dimitrova-borisov-tarsi-distantsirane-ot-peevski-news380062.html
2026-06-11 23:58:45 | INFO | mediapool_bg_2026-06-11_23-32-36 | Expanding comments | url=https://www.mediapool.bg/boryana-dimitrova-borisov-tarsi-distantsirane-ot-peevski-news380062.html | total_comments=19
2026-06-11 23:58:56 | INFO | mediapool_bg_2026-06-11_23-32-36 | Comments written | url=https://www.mediapool.bg/boryana-dimitrova-borisov-tarsi-distantsirane-ot-peevski-news380062.html | parsed=9 | expected=19
2026-06-11 23:58:58 | INFO | mediapool_bg_2026-06-11_23-32-36 | Parsed category page | url=https://www.mediapool.bg/izbori-2026-cat130.html?page=13 | articles_found=12
2026-06-11 23:58:58 | INFO | mediapool_bg_2026-06-11_23-32-36 | Processing article | url=https://www.mediapool.bg/partii-prizovavat-yotova-da-nalozhi-veto-na-oryazvaneto-na-sektsiite-izvan-es-news380001.html
2026-06-11 23:58:58 | INFO | mediapool_bg_2026-06-11_23-32-36 | Expanding comments | url=https://www.mediapool.bg/partii-prizovavat-yotova-da-nalozhi-veto-na-oryazvaneto-na-sektsiite-izvan-es-news380001.html | total_comments=21
2026-06-11 23:59:08 | INFO | mediapool_bg_2026-06-11_23-32-36 | Comments written | url=https://www.mediapool.bg/partii-prizovavat-yotova-da-nalozhi-veto-na-oryazvaneto-na-sektsiite-izvan-es-news380001.html | parsed=6 | expected=21
2026-06-11 23:59:08 | INFO | mediapool_bg_2026-06-11_23-32-36 | Processing article | url=https://www.mediapool.bg/okonchatelno-mnozinstvoto-v-parlamenta-ogranichi-sektsiite-izvan-es-news379931.html
2026-06-11 23:59:09 | INFO | mediapool_bg_2026-06-11_23-32-36 | Expanding comments | url=https://www.mediapool.bg/okonchatelno-mnozinstvoto-v-parlamenta-ogranichi-sektsiite-izvan-es-news379931.html | total_comments=20
2026-06-11 23:59:19 | INFO | mediapool_bg_2026-06-11_23-32-36 | Comments written | url=https://www.mediapool.bg/okonchatelno-mnozinstvoto-v-parlamenta-ogranichi-sektsiite-izvan-es-news379931.html | parsed=7 | expected=20
2026-06-11 23:59:19 | INFO | mediapool_bg_2026-06-11_23-32-36 | Processing article | url=https://www.mediapool.bg/sektsiya-po-sektsiya-80-minutniyat-protest-na-asen-vasilev-sreshtu-oryazvaneto-na-vota-izvan-es-news379967.html
2026-06-11 23:59:20 | INFO | mediapool_bg_2026-06-11_23-32-36 | Expanding comments | url=https://www.mediapool.bg/sektsiya-po-sektsiya-80-minutniyat-protest-na-asen-vasilev-sreshtu-oryazvaneto-na-vota-izvan-es-news379967.html | total_comments=33
2026-06-11 23:59:30 | INFO | mediapool_bg_2026-06-11_23-32-36 | Comments written | url=https://www.mediapool.bg/sektsiya-po-sektsiya-80-minutniyat-protest-na-asen-vasilev-sreshtu-oryazvaneto-na-vota-izvan-es-news379967.html | parsed=9 | expected=33
2026-06-11 23:59:30 | INFO | mediapool_bg_2026-06-11_23-32-36 | Processing article | url=https://www.mediapool.bg/izborite-shte-sa-na-19-april-dps-novo-nachalo-i-itn-preduprediha-yotova-za-gyurov-obnovena-news379902.html
2026-06-11 23:59:31 | INFO | mediapool_bg_2026-06-11_23-32-36 | Expanding comments | url=https://www.mediapool.bg/izborite-shte-sa-na-19-april-dps-novo-nachalo-i-itn-preduprediha-yotova-za-gyurov-obnovena-news379902.html | total_comments=23
2026-06-11 23:59:41 | INFO | mediapool_bg_2026-06-11_23-32-36 | Comments written | url=https://www.mediapool.bg/izborite-shte-sa-na-19-april-dps-novo-nachalo-i-itn-preduprediha-yotova-za-gyurov-obnovena-news379902.html | parsed=9 | expected=23
2026-06-11 23:59:41 | INFO | mediapool_bg_2026-06-11_23-32-36 | Processing article | url=https://www.mediapool.bg/zashto-se-rezhat-sektsiite-izvan-es-borisov-bil-obeshtal-na-vazrazhdane-news379894.html
2026-06-11 23:59:41 | INFO | mediapool_bg_2026-06-11_23-32-36 | Expanding comments | url=https://www.mediapool.bg/zashto-se-rezhat-sektsiite-izvan-es-borisov-bil-obeshtal-na-vazrazhdane-news379894.html | total_comments=39
2026-06-11 23:59:51 | INFO | mediapool_bg_2026-06-11_23-32-36 | Comments written | url=https://www.mediapool.bg/zashto-se-rezhat-sektsiite-izvan-es-borisov-bil-obeshtal-na-vazrazhdane-news379894.html | parsed=9 | expected=39
2026-06-11 23:59:51 | INFO | mediapool_bg_2026-06-11_23-32-36 | Processing article | url=https://www.mediapool.bg/kiril-petkov-sashto-nyama-da-e-v-listite-na-pp-i-toi-imal-nov-proekt-news379584.html
2026-06-11 23:59:52 | INFO | mediapool_bg_2026-06-11_23-32-36 | Expanding comments | url=https://www.mediapool.bg/kiril-petkov-sashto-nyama-da-e-v-listite-na-pp-i-toi-imal-nov-proekt-news379584.html | total_comments=71
2026-06-12 00:00:02 | INFO | mediapool_bg_2026-06-11_23-32-36 | Comments written | url=https://www.mediapool.bg/kiril-petkov-sashto-nyama-da-e-v-listite-na-pp-i-toi-imal-nov-proekt-news379584.html | parsed=7 | expected=71
2026-06-12 00:00:02 | INFO | mediapool_bg_2026-06-11_23-32-36 | Processing article | url=https://www.mediapool.bg/kakvo-mozhe-da-se-ochakva-ot-listite-na-radev-news379456.html
2026-06-12 00:00:03 | INFO | mediapool_bg_2026-06-11_23-32-36 | Expanding comments | url=https://www.mediapool.bg/kakvo-mozhe-da-se-ochakva-ot-listite-na-radev-news379456.html | total_comments=43
2026-06-12 00:00:13 | INFO | mediapool_bg_2026-06-11_23-32-36 | Comments written | url=https://www.mediapool.bg/kakvo-mozhe-da-se-ochakva-ot-listite-na-radev-news379456.html | parsed=10 | expected=43
2026-06-12 00:00:13 | INFO | mediapool_bg_2026-06-11_23-32-36 | Processing article | url=https://www.mediapool.bg/lena-borislavova-nyama-da-e-v-listite-na-pp-db-za-izborite-obnovena-news379427.html
2026-06-12 00:00:14 | INFO | mediapool_bg_2026-06-11_23-32-36 | Expanding comments | url=https://www.mediapool.bg/lena-borislavova-nyama-da-e-v-listite-na-pp-db-za-izborite-obnovena-news379427.html | total_comments=23
2026-06-12 00:00:24 | INFO | mediapool_bg_2026-06-11_23-32-36 | Comments written | url=https://www.mediapool.bg/lena-borislavova-nyama-da-e-v-listite-na-pp-db-za-izborite-obnovena-news379427.html | parsed=9 | expected=23
2026-06-12 00:00:24 | INFO | mediapool_bg_2026-06-11_23-32-36 | Processing article | url=https://www.mediapool.bg/predi-izborite-radev-parvo-tryabva-da-mine-prez-konstitutsionniya-sad-news379360.html
2026-06-12 00:00:24 | INFO | mediapool_bg_2026-06-11_23-32-36 | Expanding comments | url=https://www.mediapool.bg/predi-izborite-radev-parvo-tryabva-da-mine-prez-konstitutsionniya-sad-news379360.html | total_comments=10
2026-06-12 00:00:24 | INFO | mediapool_bg_2026-06-11_23-32-36 | Comments written | url=https://www.mediapool.bg/predi-izborite-radev-parvo-tryabva-da-mine-prez-konstitutsionniya-sad-news379360.html | parsed=9 | expected=10
2026-06-12 00:00:24 | INFO | mediapool_bg_2026-06-11_23-32-36 | Processing article | url=https://www.mediapool.bg/mozhem-i-shte-uspeem-rumen-radev-podava-ostavka-kato-prezident-pred-ks-iliyana-yotova-shte-go-zamesti-news379330.html
2026-06-12 00:00:25 | INFO | mediapool_bg_2026-06-11_23-32-36 | Expanding comments | url=https://www.mediapool.bg/mozhem-i-shte-uspeem-rumen-radev-podava-ostavka-kato-prezident-pred-ks-iliyana-yotova-shte-go-zamesti-news379330.html | total_comments=243
2026-06-12 00:00:35 | INFO | mediapool_bg_2026-06-11_23-32-36 | Comments written | url=https://www.mediapool.bg/mozhem-i-shte-uspeem-rumen-radev-podava-ostavka-kato-prezident-pred-ks-iliyana-yotova-shte-go-zamesti-news379330.html | parsed=5 | expected=243
2026-06-12 00:00:35 | INFO | mediapool_bg_2026-06-11_23-32-36 | Processing article | url=https://www.mediapool.bg/rosen-zhelyazkov-vednaga-varna-neizpalnen-parviya-mandat-news379110.html
2026-06-12 00:00:36 | INFO | mediapool_bg_2026-06-11_23-32-36 | Expanding comments | url=https://www.mediapool.bg/rosen-zhelyazkov-vednaga-varna-neizpalnen-parviya-mandat-news379110.html | total_comments=27
2026-06-12 00:00:46 | INFO | mediapool_bg_2026-06-11_23-32-36 | Comments written | url=https://www.mediapool.bg/rosen-zhelyazkov-vednaga-varna-neizpalnen-parviya-mandat-news379110.html | parsed=9 | expected=27
2026-06-12 00:00:46 | INFO | mediapool_bg_2026-06-11_23-32-36 | Processing article | url=https://www.mediapool.bg/pravitelstvoto-podade-ostavka-obobshtenie-news378166.html
2026-06-12 00:00:47 | INFO | mediapool_bg_2026-06-11_23-32-36 | Expanding comments | url=https://www.mediapool.bg/pravitelstvoto-podade-ostavka-obobshtenie-news378166.html | total_comments=169
2026-06-12 00:00:57 | INFO | mediapool_bg_2026-06-11_23-32-36 | Comments written | url=https://www.mediapool.bg/pravitelstvoto-podade-ostavka-obobshtenie-news378166.html | parsed=8 | expected=169
2026-06-12 00:00:57 | INFO | mediapool_bg_2026-06-11_23-32-36 | mediapool.bg scraper finished | category_pages_processed=13 | articles_discovered=252 | articles_skipped_zero_comments=38 | articles_processed=212 | articles_failed=2 | comments_written=1569
2026-06-12 00:00:57 | INFO | mediapool_bg_2026-06-11_23-32-36 | Scrape mode finished successfully | source=mediapool_bg | session=2026-06-11_23-32-36
