comment_text,article_url,article_title,comment_sentiment,comment_confidence,comment_dominant_emotion,article_title_sentiment,article_title_confidence,article_title_dominant_emotion,article_sentiment,article_confidence,article_dominant_emotion
"И къде се видя положителното на това правителство. Минаха повече от 40 дни от управлението. Това, което направиха е, да не си замразят заплатите и да слушаме прайма, колко е пропуски настроен. Скоро ще дойдат 100те дни. Тогава оправданията ще продължат и, най-вече, ще разберат, че изпълнителната власт не е, като президентство!",https://dnes.dir.bg/obshtestvo/trend-za-prav-pat-ot-2009-g-pravitelstvoto-e-s-pozitiven-reyting,"""Тренд"": За пръв път от 2009 г. правителството е с позитивен рейтинг",Негативен,0.92,разочарование,Позитивен,0.9,оптимизъм,Позитивен,0.85,оптимизъм
"Няма нито една дясна и не русофилистична партия у нас, няколко са маскирани като проевропейски за заблуда и усвояване на евросредства: ГЕРБ, ПП, ДБ, ДПС, но са клонинги на БКП/ДС",https://dnes.dir.bg/obshtestvo/trend-za-prav-pat-ot-2009-g-pravitelstvoto-e-s-pozitiven-reyting,"""Тренд"": За пръв път от 2009 г. правителството е с позитивен рейтинг",Негативен,0.92,гняв,Позитивен,0.9,оптимизъм,Позитивен,0.85,оптимизъм
"Според статистиката, 80 процента от популациите във някой страни са дебилни, това доказаха изборите у нас, в русия и Америка. Дебилите избират държавници по свой образ и подобие.",https://dnes.dir.bg/obshtestvo/trend-za-prav-pat-ot-2009-g-pravitelstvoto-e-s-pozitiven-reyting,"""Тренд"": За пръв път от 2009 г. правителството е с позитивен рейтинг",Негативен,0.95,презрение,Позитивен,0.9,оптимизъм,Позитивен,0.85,оптимизъм
"Много си прав! Дебилството се подхранва от две поколения ниско образовани хора и дезинформация, която е имало пътеводител. Следващото е, да им се намери пастир, тн вожд! Всичко това е налице в България!",https://dnes.dir.bg/obshtestvo/trend-za-prav-pat-ot-2009-g-pravitelstvoto-e-s-pozitiven-reyting,"""Тренд"": За пръв път от 2009 г. правителството е с позитивен рейтинг",Негативен,0.95,гняв,Позитивен,0.9,оптимизъм,Позитивен,0.85,оптимизъм
"А, КАКВО КАЗВА, ПИТА, АНАЛИЗА на г-н Григор Лилов за преминалите ""избори""???? Какво????",https://dnes.dir.bg/obshtestvo/trend-za-prav-pat-ot-2009-g-pravitelstvoto-e-s-pozitiven-reyting,"""Тренд"": За пръв път от 2009 г. правителството е с позитивен рейтинг",Негативен,0.78,раздразнение,Позитивен,0.9,оптимизъм,Позитивен,0.85,оптимизъм
Българинът НЕ Е ЕВРОПЕЕЦ А ГАСТАРБАЙДЪР. Огромна разлика е в начина на мислене и действие. Българистанца си остава русороб крепостен руски селяндур,https://dnes.dir.bg/obshtestvo/trend-za-prav-pat-ot-2009-g-pravitelstvoto-e-s-pozitiven-reyting,"""Тренд"": За пръв път от 2009 г. правителството е с позитивен рейтинг",Негативен,0.98,гняв,Позитивен,0.9,оптимизъм,Позитивен,0.85,оптимизъм
"2009 започва ТИКВАТА с мазните си селски врътки за крадене и тъпкане на ЧЕКМЕДЖЕТАТА с Евра и от тогава до ""вчера"" такива дебили като теб му се дупеха да ги ПРАСКА с 200 в дупарата ...да ти Е.П.М....тъпа !! хахаха",https://dnes.dir.bg/obshtestvo/trend-za-prav-pat-ot-2009-g-pravitelstvoto-e-s-pozitiven-reyting,"""Тренд"": За пръв път от 2009 г. правителството е с позитивен рейтинг",Негативен,0.98,гняв,Позитивен,0.9,оптимизъм,Позитивен,0.85,оптимизъм
ТИ СИ ДОКАЗАТЕЛСТВО ЗА ТОВА КОЕТО СЪМ НАПИСАЛ,https://dnes.dir.bg/obshtestvo/trend-za-prav-pat-ot-2009-g-pravitelstvoto-e-s-pozitiven-reyting,"""Тренд"": За пръв път от 2009 г. правителството е с позитивен рейтинг",Негативен,0.58,раздразнение,Позитивен,0.9,оптимизъм,Позитивен,0.85,оптимизъм
От 2009година до сега само врътки и схеми ти на мен аз на теб и мизерия за хората,https://dnes.dir.bg/obshtestvo/trend-za-prav-pat-ot-2009-g-pravitelstvoto-e-s-pozitiven-reyting,"""Тренд"": За пръв път от 2009 г. правителството е с позитивен рейтинг",Негативен,0.95,разочарование,Позитивен,0.9,оптимизъм,Позитивен,0.85,оптимизъм
"Е,чЕкаме ги... С това навеждане на Баба европа скоро правителството ще има едноцифрено число подкрепа...",https://dnes.dir.bg/obshtestvo/trend-za-prav-pat-ot-2009-g-pravitelstvoto-e-s-pozitiven-reyting,"""Тренд"": За пръв път от 2009 г. правителството е с позитивен рейтинг",Негативен,0.92,разочарование,Позитивен,0.9,оптимизъм,Позитивен,0.85,оптимизъм
"Мутропитешкия трол се изсипал да брани дезинформацията.Не сте нужни, мутропитеци.Чао",https://dnes.dir.bg/obshtestvo/trend-za-prav-pat-ot-2009-g-pravitelstvoto-e-s-pozitiven-reyting,"""Тренд"": За пръв път от 2009 г. правителството е с позитивен рейтинг",Негативен,0.97,гняв,Позитивен,0.9,оптимизъм,Позитивен,0.85,оптимизъм
Жалки смешници !!!,https://dnes.dir.bg/obshtestvo/trend-za-prav-pat-ot-2009-g-pravitelstvoto-e-s-pozitiven-reyting,"""Тренд"": За пръв път от 2009 г. правителството е с позитивен рейтинг",Негативен,0.98,презрение,Позитивен,0.9,оптимизъм,Позитивен,0.85,оптимизъм
"Преходът на гнилата демокрация "" побългарена"" завърши!! Започва доизграждането наРАЗВИТОТО СОЦИАЛИСТИЧЕСКО ОБЩЕСТВОпод вещото ръководство на нашия пръв партиен и държавен ръководителДругарят Тодор Живков ,пардонРумен Радев !!!Ураааа",https://dnes.dir.bg/obshtestvo/trend-za-prav-pat-ot-2009-g-pravitelstvoto-e-s-pozitiven-reyting,"""Тренд"": За пръв път от 2009 г. правителството е с позитивен рейтинг",Негативен,0.88,сарказъм,Позитивен,0.9,оптимизъм,Позитивен,0.85,оптимизъм
"И кво излиза според Тренд, че Радев следва Станишев в любовта народна. То и без това Станишев му завеща куп социалисти - Кутев, Витанов, Христов и т.н.",https://dnes.dir.bg/obshtestvo/trend-za-prav-pat-ot-2009-g-pravitelstvoto-e-s-pozitiven-reyting,"""Тренд"": За пръв път от 2009 г. правителството е с позитивен рейтинг",Негативен,0.72,ирония,Позитивен,0.9,оптимизъм,Позитивен,0.85,оптимизъм
Ха-ха-ха-ха.,https://dnes.dir.bg/obshtestvo/trend-za-prav-pat-ot-2009-g-pravitelstvoto-e-s-pozitiven-reyting,"""Тренд"": За пръв път от 2009 г. правителството е с позитивен рейтинг",Позитивен,0.78,радост,Позитивен,0.9,оптимизъм,Позитивен,0.85,оптимизъм
пОсмали малко и свали наколенките!,https://dnes.dir.bg/obshtestvo/trend-za-prav-pat-ot-2009-g-pravitelstvoto-e-s-pozitiven-reyting,"""Тренд"": За пръв път от 2009 г. правителството е с позитивен рейтинг",Негативен,0.92,раздразнение,Позитивен,0.9,оптимизъм,Позитивен,0.85,оптимизъм
Мунчо е негов тунингован клонинг. Сега ще ни управлява най-малко 10 години и после ще се чудите как да го изгоним.,https://dnes.dir.bg/obshtestvo/trend-za-prav-pat-ot-2009-g-pravitelstvoto-e-s-pozitiven-reyting,"""Тренд"": За пръв път от 2009 г. правителството е с позитивен рейтинг",Негативен,0.94,тревога,Позитивен,0.9,оптимизъм,Позитивен,0.85,оптимизъм
Поредните циркаджии.,https://dnes.dir.bg/obshtestvo/trend-za-prav-pat-ot-2009-g-pravitelstvoto-e-s-pozitiven-reyting,"""Тренд"": За пръв път от 2009 г. правителството е с позитивен рейтинг",Негативен,0.92,презрение,Позитивен,0.9,оптимизъм,Позитивен,0.85,оптимизъм
Искам да попитам след раделението на ПП (педи Петрпханци) и дб (джендьрите на Байдън) сега за кого работят троловете ?коя оартия бранят повече ?,https://dnes.dir.bg/obshtestvo/trend-za-prav-pat-ot-2009-g-pravitelstvoto-e-s-pozitiven-reyting,"""Тренд"": За пръв път от 2009 г. правителството е с позитивен рейтинг",Негативен,0.86,презрение,Позитивен,0.9,оптимизъм,Позитивен,0.85,оптимизъм
Аз не съм гласувал за радев ама щом ППетрохан е извън властта съм щастлив.Е не се съмнявам че прокопиев ще успее да пробута свои хора на радев по втприя начин. Имало е периоди в които 1/3 от ГЕРБ са били хора на ДБ. ся пак ще пробият.Няма пълно щастие ама поне официално ППедофилите Джендьри няма свои министри.,https://dnes.dir.bg/obshtestvo/trend-za-prav-pat-ot-2009-g-pravitelstvoto-e-s-pozitiven-reyting,"""Тренд"": За пръв път от 2009 г. правителството е с позитивен рейтинг",Позитивен,0.72,удовлетворение,Позитивен,0.9,оптимизъм,Позитивен,0.85,оптимизъм
"Защо удобно забравяте, че най-високият рейтинг от много години досега има последното служебно правителство, на Гюров, което само за 2 месеца и в тотално враждебна среда на институциите направи много за страната ни.",https://dnes.dir.bg/obshtestvo/trend-za-prav-pat-ot-2009-g-pravitelstvoto-e-s-pozitiven-reyting,"""Тренд"": За пръв път от 2009 г. правителството е с позитивен рейтинг",Негативен,0.62,възмущение,Позитивен,0.9,оптимизъм,Позитивен,0.85,оптимизъм
Тихо че щенщ ти се отвори Фонтанелата.,https://dnes.dir.bg/obshtestvo/trend-za-prav-pat-ot-2009-g-pravitelstvoto-e-s-pozitiven-reyting,"""Тренд"": За пръв път от 2009 г. правителството е с позитивен рейтинг",Негативен,0.78,гняв,Позитивен,0.9,оптимизъм,Позитивен,0.85,оптимизъм
"Ма толко ли беше трудно на предишните правителства да започнат мерки срещу цените (по скъпи сме от гърците вече) и да си замразят заплатите, без почивка за депутатите август също ужким дребни неща, но никой не ги правеше до сега ЗАЩО! Защо ГЕРБ не ги направи! Сарафов падна, на украинците незаконния град излезна това са все нещата, които се виждат.....",https://dnes.dir.bg/obshtestvo/trend-za-prav-pat-ot-2009-g-pravitelstvoto-e-s-pozitiven-reyting,"""Тренд"": За пръв път от 2009 г. правителството е с позитивен рейтинг",Негативен,0.86,гняв,Позитивен,0.9,оптимизъм,Позитивен,0.85,оптимизъм
"Украинската мафия лъсна, защото само ВЪЗРАЖДАНЕ има/ше/ смелостта да ги разкрие. Радев няма нищо общо, досега управляващите нищо не са направили срещу КУБ...",https://dnes.dir.bg/obshtestvo/trend-za-prav-pat-ot-2009-g-pravitelstvoto-e-s-pozitiven-reyting,"""Тренд"": За пръв път от 2009 г. правителството е с позитивен рейтинг",Негативен,0.86,гняв,Позитивен,0.9,оптимизъм,Позитивен,0.85,оптимизъм
"и аз вярвам, че Наско патри5арха не е циганин и с9ин ДС мангал, обрязан мангал, който работил против племето си от мангали - рязани. Ирод 21:1",https://dnes.dir.bg/obshtestvo/trend-za-prav-pat-ot-2009-g-pravitelstvoto-e-s-pozitiven-reyting,"""Тренд"": За пръв път от 2009 г. правителството е с позитивен рейтинг",Негативен,0.98,омраза,Позитивен,0.9,оптимизъм,Позитивен,0.85,оптимизъм
"Вече и децата от детските градини знаят, че тия агенции са корумпирани и вадят манипулирани резултати в полза на този, който плаща. Все пак тия агенции се издържат с пари, нали, не с въздух.. и откъде идват тия пари а?",https://dnes.dir.bg/obshtestvo/trend-za-prav-pat-ot-2009-g-pravitelstvoto-e-s-pozitiven-reyting,"""Тренд"": За пръв път от 2009 г. правителството е с позитивен рейтинг",Негативен,0.95,гняв,Позитивен,0.9,оптимизъм,Позитивен,0.85,оптимизъм
"И да го помпате, и да не го помпате, тоя балон скоро ще се спука.",https://dnes.dir.bg/obshtestvo/trend-za-prav-pat-ot-2009-g-pravitelstvoto-e-s-pozitiven-reyting,"""Тренд"": За пръв път от 2009 г. правителството е с позитивен рейтинг",Негативен,0.86,песимизъм,Позитивен,0.9,оптимизъм,Позитивен,0.85,оптимизъм
не съм много сигурен ...кат гледам министърчета къ обикалят държавата ... не съм сигурен кво работят и кво одобрение имат ....пак ще повторя .....човек който иска да работи ... работи това което трябва ... не обикаля ...разпорежда ...дава срок на поставената работа ...след това се докладва за извършената работа ...как е свършена и т.н. ако не е свършена има нарушения ...наказания -уволнения .................... резултатите излизат наяве и без показност и обиколки -разходки .,https://dnes.dir.bg/obshtestvo/trend-za-prav-pat-ot-2009-g-pravitelstvoto-e-s-pozitiven-reyting,"""Тренд"": За пръв път от 2009 г. правителството е с позитивен рейтинг",Негативен,0.86,недоволство,Позитивен,0.9,оптимизъм,Позитивен,0.85,оптимизъм
"ми направи добро фпичатление плешият замеделски измамник, такъв изказ все едно е бил 10 години всред мазни комунияги у Сибир при Путин.",https://dnes.dir.bg/obshtestvo/trend-za-prav-pat-ot-2009-g-pravitelstvoto-e-s-pozitiven-reyting,"""Тренд"": За пръв път от 2009 г. правителството е с позитивен рейтинг",Негативен,0.87,презрение,Позитивен,0.9,оптимизъм,Позитивен,0.85,оптимизъм
По важно е с какъв рейтинг ще завърши.,https://dnes.dir.bg/obshtestvo/trend-za-prav-pat-ot-2009-g-pravitelstvoto-e-s-pozitiven-reyting,"""Тренд"": За пръв път от 2009 г. правителството е с позитивен рейтинг",Неутрален,0.86,очакване,Позитивен,0.9,оптимизъм,Позитивен,0.85,оптимизъм
"За лумпените , Не е важно дали паницата е Пълна ,Важното е да вярват че е така !",https://dnes.dir.bg/obshtestvo/trend-za-prav-pat-ot-2009-g-pravitelstvoto-e-s-pozitiven-reyting,"""Тренд"": За пръв път от 2009 г. правителството е с позитивен рейтинг",Негативен,0.86,презрение,Позитивен,0.9,оптимизъм,Позитивен,0.85,оптимизъм
На последните избори социолозите подцениха само ПБ.,https://dnes.dir.bg/obshtestvo/trend-za-prav-pat-ot-2009-g-pravitelstvoto-e-s-pozitiven-reyting,"""Тренд"": За пръв път от 2009 г. правителството е с позитивен рейтинг",Неутрален,0.92,неутралност,Позитивен,0.9,оптимизъм,Позитивен,0.85,оптимизъм
На последните избори социолозите подцениха овчето стадо!!!,https://dnes.dir.bg/obshtestvo/trend-za-prav-pat-ot-2009-g-pravitelstvoto-e-s-pozitiven-reyting,"""Тренд"": За пръв път от 2009 г. правителството е с позитивен рейтинг",Негативен,0.92,гняв,Позитивен,0.9,оптимизъм,Позитивен,0.85,оптимизъм
"Резултатите от последните избори бяха ""масажирани"" както и на всички предишни. Към настоящия момент такъв вариант устройва господарите. А нас дали ни устройва е без значение - повечето са вече сготвени.",https://dnes.dir.bg/obshtestvo/trend-za-prav-pat-ot-2009-g-pravitelstvoto-e-s-pozitiven-reyting,"""Тренд"": За пръв път от 2009 г. правителството е с позитивен рейтинг",Негативен,0.94,разочарование,Позитивен,0.9,оптимизъм,Позитивен,0.85,оптимизъм
"Беше до вчера. Вчера стана ясно, че това не е български кабинет. Това е руска колониална власт. Губернатор Рубльов.....Въобще не се мисли за проблемите на българите. За инфлация, за заплати, за бюджета нищо. Ама видите ли ги било страх от хиперзвукови ракети, които са 10 броя в цяла Русия и са предназначени за скъпи цели, каквито в България няма нито една!!! Няма какво в България да оправдае ракета за 50-100 милиона долара. Просто нямаме цели стрували толкова, колкото ракетата....Ама пак наводнения, сеч на гори, беднотия, липса на инвестиции, слабо образование... въобще не вълнуват льотчика.Мега зле са. Просто човек да ги гледа какво правят. Всеки ден се излагат повече....",https://dnes.dir.bg/obshtestvo/trend-za-prav-pat-ot-2009-g-pravitelstvoto-e-s-pozitiven-reyting,"""Тренд"": За пръв път от 2009 г. правителството е с позитивен рейтинг",Негативен,0.98,гняв,Позитивен,0.9,оптимизъм,Позитивен,0.85,оптимизъм
Най - накрая има правителство което работи що годе адекватно и хората го усещат. След тоталния идиотизъм и некомпетентност последните 10 на години най-накаря има причини за някакъв оптимизъм. Ха дано да профдължават в същия дух!,https://dnes.dir.bg/obshtestvo/trend-za-prav-pat-ot-2009-g-pravitelstvoto-e-s-pozitiven-reyting,"""Тренд"": За пръв път от 2009 г. правителството е с позитивен рейтинг",Позитивен,0.88,оптимизъм,Позитивен,0.9,оптимизъм,Позитивен,0.85,оптимизъм
И какво усети???,https://dnes.dir.bg/obshtestvo/trend-za-prav-pat-ot-2009-g-pravitelstvoto-e-s-pozitiven-reyting,"""Тренд"": За пръв път от 2009 г. правителството е с позитивен рейтинг",Неутрален,0.88,любопитство,Позитивен,0.9,оптимизъм,Позитивен,0.85,оптимизъм
"Усетих че прасето и тиквата са по ниски от тревата и без охрана, усетих че главния прокурор вече не е главен... усетих че взеха да хвърчат ДПС-арски кметове, взеха да се разплитат мафиотски строежи във Варна, приеха се закони които ако се приложат могат да ограничат повишването на цените, а дори (дай боже) и да ги понамалят. Усетих че се спря с идеите да се дават безвъмездно пари за украйна. Ти не го ли усети ?",https://dnes.dir.bg/obshtestvo/trend-za-prav-pat-ot-2009-g-pravitelstvoto-e-s-pozitiven-reyting,"""Тренд"": За пръв път от 2009 г. правителството е с позитивен рейтинг",Позитивен,0.82,удовлетворение,Позитивен,0.9,оптимизъм,Позитивен,0.85,оптимизъм
"Оптимизмът ти е като на лудия, който се радвал, че останалите луди се опитват да разбият нарисувана врата, а той седял и се хилел доволно, защото знаел, че като се изморят той ще отвори, защото ключът от нарисуваната врата бил в него.Иначе казано, няма никаква връзка с фактите, което обяснява и защо сме най-бедната държава в Европа.",https://dnes.dir.bg/obshtestvo/trend-za-prav-pat-ot-2009-g-pravitelstvoto-e-s-pozitiven-reyting,"""Тренд"": За пръв път от 2009 г. правителството е с позитивен рейтинг",Негативен,0.95,презрение,Позитивен,0.9,оптимизъм,Позитивен,0.85,оптимизъм
НАЙ - КУХИТЕ ЛЕЙКИ СА ОПОЗИЦИЯТАПОНЕЖЕВЯРВАТ В ЛЕТЯЩИ ПРАСЕТА:),https://dnes.dir.bg/obshtestvo/trend-za-prav-pat-ot-2009-g-pravitelstvoto-e-s-pozitiven-reyting,"""Тренд"": За пръв път от 2009 г. правителството е с позитивен рейтинг",Негативен,0.92,презрение,Позитивен,0.9,оптимизъм,Позитивен,0.85,оптимизъм
За първи път от 2009 чета толкова забавен виц.,https://dnes.dir.bg/obshtestvo/trend-za-prav-pat-ot-2009-g-pravitelstvoto-e-s-pozitiven-reyting,"""Тренд"": За пръв път от 2009 г. правителството е с позитивен рейтинг",Позитивен,0.95,веселие,Позитивен,0.9,оптимизъм,Позитивен,0.85,оптимизъм
"Поредната лъжа!Това правителство на яки комунисти/ ДС ченгета не е направило нищо.А МУНЧО/ льотчика върви из Европа, плещи глупости и ни излага.Скоро ще му хлопнат вратите от всякаде.",https://dnes.dir.bg/obshtestvo/trend-za-prav-pat-ot-2009-g-pravitelstvoto-e-s-pozitiven-reyting,"""Тренд"": За пръв път от 2009 г. правителството е с позитивен рейтинг",Негативен,0.98,гняв,Позитивен,0.9,оптимизъм,Позитивен,0.85,оптимизъм
на теб целия ти живот е лъжа ама за това са виновни майка ти и баща ти.,https://dnes.dir.bg/obshtestvo/trend-za-prav-pat-ot-2009-g-pravitelstvoto-e-s-pozitiven-reyting,"""Тренд"": За пръв път от 2009 г. правителството е с позитивен рейтинг",Негативен,0.96,презрение,Позитивен,0.9,оптимизъм,Позитивен,0.85,оптимизъм
"Руският троянски клоун Радев, който не умее да се усмихва от сърце ( посочете ми изключение с негова снимка!), се изяви като руски троянски клонинг в Париж, където поиска ревизия на европейската подкрепа за Украйна.",https://dnes.dir.bg/obshtestvo/trend-za-prav-pat-ot-2009-g-pravitelstvoto-e-s-pozitiven-reyting,"""Тренд"": За пръв път от 2009 г. правителството е с позитивен рейтинг",Негативен,0.96,гняв,Позитивен,0.9,оптимизъм,Позитивен,0.85,оптимизъм
"Болшинството от българите са неуки кухари с комплекс за малоценност. И когато премиера е малко по-учен от пожарникар или охранител те не се отъждествяват с него. Когато им говори за ЕВропа, Украйна, НАТо, те гледат като магарета. Но когато се появи тъп популист, който обещава явни лъжи и ти говори за българският език,че е щит срещу глобализма и как трябва да се помирим с Русия. тия русофили получават ерекция и свършват три пъти, защото им говори като на телета, а и защото самият той е блести с интелект. Много скъпо ще ви излезе популисткият Радев, дори след като си препатирм заради вас, пак няма да ви дойде акъла, който го нямате. Така,че тези проучвания за ташаци за тъпи копейки.",https://dnes.dir.bg/obshtestvo/trend-za-prav-pat-ot-2009-g-pravitelstvoto-e-s-pozitiven-reyting,"""Тренд"": За пръв път от 2009 г. правителството е с позитивен рейтинг",Негативен,0.98,гняв,Позитивен,0.9,оптимизъм,Позитивен,0.85,оптимизъм
"малоко ""по учен"" ?!Смях в залата.",https://dnes.dir.bg/obshtestvo/trend-za-prav-pat-ot-2009-g-pravitelstvoto-e-s-pozitiven-reyting,"""Тренд"": За пръв път от 2009 г. правителството е с позитивен рейтинг",Негативен,0.68,ирония,Позитивен,0.9,оптимизъм,Позитивен,0.85,оптимизъм
и ми се навира на лили ивановав канала.Не искам биволицата Йотова.,https://dnes.dir.bg/obshtestvo/trend-za-prav-pat-ot-2009-g-pravitelstvoto-e-s-pozitiven-reyting,"""Тренд"": За пръв път от 2009 г. правителството е с позитивен рейтинг",Негативен,0.94,раздразнение,Позитивен,0.9,оптимизъм,Позитивен,0.85,оптимизъм
парите вършат чудеса!,https://dnes.dir.bg/obshtestvo/trend-za-prav-pat-ot-2009-g-pravitelstvoto-e-s-pozitiven-reyting,"""Тренд"": За пръв път от 2009 г. правителството е с позитивен рейтинг",Позитивен,0.92,възхищение,Позитивен,0.9,оптимизъм,Позитивен,0.85,оптимизъм
Стъкмистиката работи,https://dnes.dir.bg/obshtestvo/trend-za-prav-pat-ot-2009-g-pravitelstvoto-e-s-pozitiven-reyting,"""Тренд"": За пръв път от 2009 г. правителството е с позитивен рейтинг",Позитивен,0.78,удовлетворение,Позитивен,0.9,оптимизъм,Позитивен,0.85,оптимизъм
"Отдавна не сме имали избран премиер който да не е пряко наложен отвън пъпет.В същото време Премиерът се радва и на добър прием в чужбуна.Това е много рядко съвпадение в модертната ни история. Може би, голям шанс за България да проведе нужните й политики без вънпен и вътрешен саботаж.За момента основният проблем е че 90% от изпълнителите в администрацията са същите и действат по същия онзи начин, заради който предишните управляващи се провалиха тоално. Това е армия от десеткихиляди бюрократи, пуснали пипала наясякъде.ПБ трябва много да внимава с тази лепкава сган от нагаждачи. Ще пробват по всякакъв начин да се адаптират, да се пребоядисат, да запазят контрола и да продължат по старому. А успеят ли - ще забият нож в гърба на Премиера и ще свалят управлението....Битката не е приключила. Всяка смяна на подобен индивид ще бъде повод за искри.Успех!",https://dnes.dir.bg/obshtestvo/trend-za-prav-pat-ot-2009-g-pravitelstvoto-e-s-pozitiven-reyting,"""Тренд"": За пръв път от 2009 г. правителството е с позитивен рейтинг",Негативен,0.68,тревога,Позитивен,0.9,оптимизъм,Позитивен,0.85,оптимизъм
"КРЕМЪЛЧО РАДЕВ , ДРУГ ЩЕ МУ Е ВИНОВЕН . ТОЙ СИ Е ЧИСТА ПРОБА НЕ КАДЪРЕН .",https://dnes.dir.bg/obshtestvo/trend-za-prav-pat-ot-2009-g-pravitelstvoto-e-s-pozitiven-reyting,"""Тренд"": За пръв път от 2009 г. правителството е с позитивен рейтинг",Негативен,0.98,гняв,Позитивен,0.9,оптимизъм,Позитивен,0.85,оптимизъм
"Помежду уригванията ли успя да го сътвориш?26 години силен зоб, крадене и келепир.",https://dnes.dir.bg/obshtestvo/trend-za-prav-pat-ot-2009-g-pravitelstvoto-e-s-pozitiven-reyting,"""Тренд"": За пръв път от 2009 г. правителството е с позитивен рейтинг",Негативен,0.96,презрение,Позитивен,0.9,оптимизъм,Позитивен,0.85,оптимизъм
го прибрали в лудницата.,https://dnes.dir.bg/obshtestvo/trend-za-prav-pat-ot-2009-g-pravitelstvoto-e-s-pozitiven-reyting,"""Тренд"": За пръв път от 2009 г. правителството е с позитивен рейтинг",Негативен,0.82,презрение,Позитивен,0.9,оптимизъм,Позитивен,0.85,оптимизъм
"Рибата е много, но нека, все пак и рибарите трябва да ядат :) хахахахаххахахаха Кълвете каракудки мои на гола кукична :) ахахахахахаха",https://dnes.dir.bg/obshtestvo/trend-za-prav-pat-ot-2009-g-pravitelstvoto-e-s-pozitiven-reyting,"""Тренд"": За пръв път от 2009 г. правителството е с позитивен рейтинг",Позитивен,0.92,веселие,Позитивен,0.9,оптимизъм,Позитивен,0.85,оптимизъм
"пак много ги изтърпяхме... дано тази мутризация най-сетне да изчезне. не може да управляваш с бухалки и репресии, да грабиш и да тъпчеш и да приемаш цяла държава като бащиния!",https://dnes.dir.bg/obshtestvo/trend-za-prav-pat-ot-2009-g-pravitelstvoto-e-s-pozitiven-reyting,"""Тренд"": За пръв път от 2009 г. правителството е с позитивен рейтинг",Негативен,0.96,гняв,Позитивен,0.9,оптимизъм,Позитивен,0.85,оптимизъм
"Още нищо не са направили а такова доверие, доста се съмнявам в тази стъкмистика. Има някакъм лъч, но ще наблюдаваме. Имат с много проблеми да се справят.Важното е да има осъдени и вкарани в затвора доказано коромпирани хора и престъпници. Само тогава хората ще повярват и ще се успокоят.",https://dnes.dir.bg/obshtestvo/trend-za-prav-pat-ot-2009-g-pravitelstvoto-e-s-pozitiven-reyting,"""Тренд"": За пръв път от 2009 г. правителството е с позитивен рейтинг",Негативен,0.78,съмнение,Позитивен,0.9,оптимизъм,Позитивен,0.85,оптимизъм
Рибата е много :),https://dnes.dir.bg/obshtestvo/trend-za-prav-pat-ot-2009-g-pravitelstvoto-e-s-pozitiven-reyting,"""Тренд"": За пръв път от 2009 г. правителството е с позитивен рейтинг",Позитивен,0.78,радост,Позитивен,0.9,оптимизъм,Позитивен,0.85,оптимизъм
"За кое по-точно е с позитивен рейтинг? За назначенията, за новия дълг, за хвърчащите нагоре цени, за замразяването на заплати, за инфлацията, за неадекватната външна политика, за неадекватната вътрешна политика, за коригирането на заплатите им, за кое по-точно, че не разбрах?",https://dnes.dir.bg/obshtestvo/trend-za-prav-pat-ot-2009-g-pravitelstvoto-e-s-pozitiven-reyting,"""Тренд"": За пръв път от 2009 г. правителството е с позитивен рейтинг",Негативен,0.96,гняв,Позитивен,0.9,оптимизъм,Позитивен,0.85,оптимизъм
"Взехте от народа пари,като вдигнахте осигуровките,а вашите заплати си вдигнахте,няма как такова правителство и парламент да бъдат одобрени! На всичкото отгоре правят по лесен вноса на работници от третия свят и подписаха меморандом за пълненето на държавата с мигранти,такива продажници не е имало и по турско робство!",https://dnes.dir.bg/obshtestvo/trend-za-prav-pat-ot-2009-g-pravitelstvoto-e-s-pozitiven-reyting,"""Тренд"": За пръв път от 2009 г. правителството е с позитивен рейтинг",Негативен,0.98,гняв,Позитивен,0.9,оптимизъм,Позитивен,0.85,оптимизъм
"Тава са глупости- обществото ни е толкова нетърпимо към несвършена работа, че скоро ще изббухне пак камо ли да расте одобрението...........ми нали и тия правят същото-вдигат пенсии, толерират МВР и всички шапкари, едно голямо нищо с цените, още по-голямо нищо със съкращаването на д.администрация, а сиви сектор се шири в държавата яко се краде-от телкове, от неиздадени касови бележки, от клатене на крака в администрацията. Те започнаха с това кай ще защитят от съкращиния и на кой ще вдигнат доходите.................абсурдно е одобрението",https://dnes.dir.bg/obshtestvo/trend-za-prav-pat-ot-2009-g-pravitelstvoto-e-s-pozitiven-reyting,"""Тренд"": За пръв път от 2009 г. правителството е с позитивен рейтинг",Негативен,0.98,гняв,Позитивен,0.9,оптимизъм,Позитивен,0.85,оптимизъм
"Платена агенция и статия,недоволството е масово след вдигането на осигуровките! Следващите избори са близо и шамарът ще е звучен..",https://dnes.dir.bg/obshtestvo/trend-za-prav-pat-ot-2009-g-pravitelstvoto-e-s-pozitiven-reyting,"""Тренд"": За пръв път от 2009 г. правителството е с позитивен рейтинг",Негативен,0.94,гняв,Позитивен,0.9,оптимизъм,Позитивен,0.85,оптимизъм
"Просто набраната инерция от началото постепенно свършва. Ако се вършеше нещо за хората, такива статии, тип ""платена публикация"" щяха да са напълно ненужни, и нямаше да съществуват.",https://dnes.dir.bg/obshtestvo/trend-za-prav-pat-ot-2009-g-pravitelstvoto-e-s-pozitiven-reyting,"""Тренд"": За пръв път от 2009 г. правителството е с позитивен рейтинг",Негативен,0.88,разочарование,Позитивен,0.9,оптимизъм,Позитивен,0.85,оптимизъм
"Заливате ли ни дира с платени проучвания как вид ли ние си харесваме чорапа, заливате ли ни шибаняци? Нищо, наесен с песен ще го махнем",https://dnes.dir.bg/obshtestvo/trend-za-prav-pat-ot-2009-g-pravitelstvoto-e-s-pozitiven-reyting,"""Тренд"": За пръв път от 2009 г. правителството е с позитивен рейтинг",Негативен,0.97,гняв,Позитивен,0.9,оптимизъм,Позитивен,0.85,оптимизъм
Цъкнах плюс и излезнаха десет минуса.,https://dnes.dir.bg/obshtestvo/trend-za-prav-pat-ot-2009-g-pravitelstvoto-e-s-pozitiven-reyting,"""Тренд"": За пръв път от 2009 г. правителството е с позитивен рейтинг",Негативен,0.86,разочарование,Позитивен,0.9,оптимизъм,Позитивен,0.85,оптимизъм
"Разбира се, как да няма одобрение?! Стана ясно, че никакви реформи няма да направят. МВР, военни, данс, разузнаване, съдебна система, нап, кфн и т.н. заплати ще си взимат месечно между 5000 евро и 15000 евро заплата на човек... ще си раздават щедро годишни бонуси и ДМС, 13та и 14та заплата....В държавната администрация за близо милион на държавна хранилка, как да няма одобрение?!Радев няма смелост да извади прокуратурата и следствието от съдебната система. Радев няма смелост да уволни пенсионерите в администрацията и да съкрати числеността на администрацията значително.... всичко това са гърла носещи гласове нали?! Жалко....Всичко си продължава по стария начин, само се смениха лицата и имената....Да му мислим всички останали в частния сектор, жална ни майка.",https://dnes.dir.bg/obshtestvo/trend-za-prav-pat-ot-2009-g-pravitelstvoto-e-s-pozitiven-reyting,"""Тренд"": За пръв път от 2009 г. правителството е с позитивен рейтинг",Негативен,0.96,разочарование,Позитивен,0.9,оптимизъм,Позитивен,0.85,оптимизъм
"Не забравяй, че при пенсиониране държавните служители, МВР, военни, съдебната система взимат и по сладки 20 заплати т.е. това са пари за два апартамента....Отделно никой от тези чантаджии не заплаща осигуровките си, ние им ги плащаме....Защо тези блага не им ги отнеме Радев най-сетне?!?!??!",https://dnes.dir.bg/obshtestvo/trend-za-prav-pat-ot-2009-g-pravitelstvoto-e-s-pozitiven-reyting,"""Тренд"": За пръв път от 2009 г. правителството е с позитивен рейтинг",Негативен,0.95,гняв,Позитивен,0.9,оптимизъм,Позитивен,0.85,оптимизъм
затваряме фирмите и всички на борсата.ще чакаме и ние на държавата.,https://dnes.dir.bg/obshtestvo/trend-za-prav-pat-ot-2009-g-pravitelstvoto-e-s-pozitiven-reyting,"""Тренд"": За пръв път от 2009 г. правителството е с позитивен рейтинг",Негативен,0.88,разочарование,Позитивен,0.9,оптимизъм,Позитивен,0.85,оптимизъм
"Българинът проявява някаква много извратена форма на мазохизъм. Гласува пълно доверие на човек, станал генерал, главнокомандващ, Президент - два пъти, по време на ""овладяната от мафията държава"" да се бори с нея!!! Че има ли изобщо човек в тая страна, който да се е облагодетелствал повече от овладяната от мафията държава от Радев? А сега си го избрахте и за Министър Председател, за да ви изолира от Европа, да върне комунизма и да ви направи руски роби. Досега други заявки от управлунието му няма.",https://dnes.dir.bg/obshtestvo/trend-za-prav-pat-ot-2009-g-pravitelstvoto-e-s-pozitiven-reyting,"""Тренд"": За пръв път от 2009 г. правителството е с позитивен рейтинг",Негативен,0.98,гняв,Позитивен,0.9,оптимизъм,Позитивен,0.85,оптимизъм
"Човече, Бангарангата ти е дошла в повече",https://dnes.dir.bg/obshtestvo/trend-za-prav-pat-ot-2009-g-pravitelstvoto-e-s-pozitiven-reyting,"""Тренд"": За пръв път от 2009 г. правителството е с позитивен рейтинг",Негативен,0.72,ирония,Позитивен,0.9,оптимизъм,Позитивен,0.85,оптимизъм
"Човече, кое не е така???",https://dnes.dir.bg/obshtestvo/trend-za-prav-pat-ot-2009-g-pravitelstvoto-e-s-pozitiven-reyting,"""Тренд"": За пръв път от 2009 г. правителството е с позитивен рейтинг",Негативен,0.58,недоумение,Позитивен,0.9,оптимизъм,Позитивен,0.85,оптимизъм
Сигурно си някой много глупав жълтопаветник,https://dnes.dir.bg/obshtestvo/trend-za-prav-pat-ot-2009-g-pravitelstvoto-e-s-pozitiven-reyting,"""Тренд"": За пръв път от 2009 г. правителството е с позитивен рейтинг",Негативен,0.98,презрение,Позитивен,0.9,оптимизъм,Позитивен,0.85,оптимизъм
"Когато излизаш на жълтите павета за да защита свободата на семейството си и държавата, я която живееш...това е чест. Чест, че си над тези маймуни , които гласуваха за този, които ще ни върне с 50 години назад....Чест, че си свободен да изразиш волята си и да не ти пука от опорки и т.н. Но ти не можеш да го разбереш маймуно първобитна. За жалост тук сте много...но лека полека ще ви нулираме.",https://dnes.dir.bg/obshtestvo/trend-za-prav-pat-ot-2009-g-pravitelstvoto-e-s-pozitiven-reyting,"""Тренд"": За пръв път от 2009 г. правителството е с позитивен рейтинг",Негативен,0.93,гняв,Позитивен,0.9,оптимизъм,Позитивен,0.85,оптимизъм
Че той и Хитлер се е издигнал от ефрейтор до канцлер...,https://dnes.dir.bg/obshtestvo/trend-za-prav-pat-ot-2009-g-pravitelstvoto-e-s-pozitiven-reyting,"""Тренд"": За пръв път от 2009 г. правителството е с позитивен рейтинг",Негативен,0.72,презрение,Позитивен,0.9,оптимизъм,Позитивен,0.85,оптимизъм
Е щом плюеш значи сме гласували за правилният човек !,https://dnes.dir.bg/obshtestvo/trend-za-prav-pat-ot-2009-g-pravitelstvoto-e-s-pozitiven-reyting,"""Тренд"": За пръв път от 2009 г. правителството е с позитивен рейтинг",Позитивен,0.78,удовлетворение,Позитивен,0.9,оптимизъм,Позитивен,0.85,оптимизъм
"И за кое точно на Радев гласувахте??? Няма партия, няма програма, събран екип от отцепници от други партии, нищо не казва!!!",https://dnes.dir.bg/obshtestvo/trend-za-prav-pat-ot-2009-g-pravitelstvoto-e-s-pozitiven-reyting,"""Тренд"": За пръв път от 2009 г. правителството е с позитивен рейтинг",Негативен,0.95,гняв,Позитивен,0.9,оптимизъм,Позитивен,0.85,оптимизъм
"Никой от ""новите месии"" не разбра явно, че докато не навкара една сериозна част от ""старите месии"" в специализирани заведения за превъзпитание, няма да се получи нищо в тази държава, в която от памтивека е царял единствено и само айдоклук. Керванът си върви, кучетата си лаят...",https://dnes.dir.bg/obshtestvo/trend-za-prav-pat-ot-2009-g-pravitelstvoto-e-s-pozitiven-reyting,"""Тренд"": За пръв път от 2009 г. правителството е с позитивен рейтинг",Негативен,0.92,гняв,Позитивен,0.9,оптимизъм,Позитивен,0.85,оптимизъм
Всички партийки са едно и с един господар зад океана.Просто играят по сценарий с различни роли,https://dnes.dir.bg/obshtestvo/trend-za-prav-pat-ot-2009-g-pravitelstvoto-e-s-pozitiven-reyting,"""Тренд"": За пръв път от 2009 г. правителството е с позитивен рейтинг",Негативен,0.88,недоверие,Позитивен,0.9,оптимизъм,Позитивен,0.85,оптимизъм
нова власт нови лизачишарлатаните въвъ възход..дебилите също...,https://dnes.dir.bg/obshtestvo/trend-za-prav-pat-ot-2009-g-pravitelstvoto-e-s-pozitiven-reyting,"""Тренд"": За пръв път от 2009 г. правителството е с позитивен рейтинг",Негативен,0.95,гняв,Позитивен,0.9,оптимизъм,Позитивен,0.85,оптимизъм
Доверие на базата на какво ? Същите като другите... теглят заеми... приказват как предните са крали без един да има подведен под отговорност за кражбите! Дайте и аз да открадна 100-200 милиона пък след това ме плюйте и ме уволнете за 'наказание'! Даже може да ме пишете и по вестниците как нищо не става от мен и какъв съм бил измамник! Боли ме патката за вашите 'мерки' като няма един вкаран в панделата!,https://dnes.dir.bg/obshtestvo/trend-za-prav-pat-ot-2009-g-pravitelstvoto-e-s-pozitiven-reyting,"""Тренд"": За пръв път от 2009 г. правителството е с позитивен рейтинг",Негативен,0.96,гняв,Позитивен,0.9,оптимизъм,Позитивен,0.85,оптимизъм
"Само да попитам кога бяха изборите? На 29 април ли беше? Гледам тук вече плюят колко малко било свършило правителството за толкова много време, удобно забравяйки, че последното редовно правителство само председател на парламата е избирало 109 дни ли беше рекорда? Сигурно боли да си фен на Боко и Шиши в такъв момент?",https://dnes.dir.bg/obshtestvo/trend-za-prav-pat-ot-2009-g-pravitelstvoto-e-s-pozitiven-reyting,"""Тренд"": За пръв път от 2009 г. правителството е с позитивен рейтинг",Негативен,0.87,раздразнение,Позитивен,0.9,оптимизъм,Позитивен,0.85,оптимизъм
"на 19 април. И да, хората очакваха радикални промени. Досега вижаме още от предишното",https://dnes.dir.bg/obshtestvo/trend-za-prav-pat-ot-2009-g-pravitelstvoto-e-s-pozitiven-reyting,"""Тренд"": За пръв път от 2009 г. правителството е с позитивен рейтинг",Негативен,0.78,разочарование,Позитивен,0.9,оптимизъм,Позитивен,0.85,оптимизъм
"Ами иди при предишното да ти оправи положението, без това втория им ешалон се е окопал и мълчи да не го изчегъртат",https://dnes.dir.bg/obshtestvo/trend-za-prav-pat-ot-2009-g-pravitelstvoto-e-s-pozitiven-reyting,"""Тренд"": За пръв път от 2009 г. правителството е с позитивен рейтинг",Негативен,0.88,гняв,Позитивен,0.9,оптимизъм,Позитивен,0.85,оптимизъм
"роската, предните бяха тотална щета, това е ясно. Ама не ми защитавай и сегашните, които засега са същите, и опасявам се, отново излъгаха българския народ. Първо да видя резултати, тогава ще ги хваля",https://dnes.dir.bg/obshtestvo/trend-za-prav-pat-ot-2009-g-pravitelstvoto-e-s-pozitiven-reyting,"""Тренд"": За пръв път от 2009 г. правителството е с позитивен рейтинг",Негативен,0.93,разочарование,Позитивен,0.9,оптимизъм,Позитивен,0.85,оптимизъм
Не бъркай обективизъм с политически пристрастия. Много молим. Коренно различни неща са.,https://dnes.dir.bg/obshtestvo/trend-za-prav-pat-ot-2009-g-pravitelstvoto-e-s-pozitiven-reyting,"""Тренд"": За пръв път от 2009 г. правителството е с позитивен рейтинг",Негативен,0.78,раздразнение,Позитивен,0.9,оптимизъм,Позитивен,0.85,оптимизъм
"За какъв обективизъм може да ми говориш, когато всички знаем за калинките, за батко и братко и родите на всичките гербери? Аз не съм активист на никоя партия и писах, че гласувам на избори само с наказателен вот и съвсем обективно заявявам, че няма как да изтръгнеш всички подводни камъни на Боко и Шиши само за месец от цялата държава! Няма как да го направиш само от силовите институции, какво да говорим за всички други места, където са си сложили такива.",https://dnes.dir.bg/obshtestvo/trend-za-prav-pat-ot-2009-g-pravitelstvoto-e-s-pozitiven-reyting,"""Тренд"": За пръв път от 2009 г. правителството е с позитивен рейтинг",Негативен,0.92,гняв,Позитивен,0.9,оптимизъм,Позитивен,0.85,оптимизъм
кой пречеше всячески да се избере председател на Парламента?,https://dnes.dir.bg/obshtestvo/trend-za-prav-pat-ot-2009-g-pravitelstvoto-e-s-pozitiven-reyting,"""Тренд"": За пръв път от 2009 г. правителството е с позитивен рейтинг",Негативен,0.82,недоволство,Позитивен,0.9,оптимизъм,Позитивен,0.85,оптимизъм
"Ако Гълъба е финансист, то аз съм астронавт! Същото важи и за Нужка - пътната карта, Георг-външния и т.н. А наш Гани само чака спасителя и се надява да се оправи! Кое бре Джони да се оправи! Щетите са направени и е непоправимо!",https://dnes.dir.bg/obshtestvo/trend-za-prav-pat-ot-2009-g-pravitelstvoto-e-s-pozitiven-reyting,"""Тренд"": За пръв път от 2009 г. правителството е с позитивен рейтинг",Негативен,0.96,разочарование,Позитивен,0.9,оптимизъм,Позитивен,0.85,оптимизъм
"Здравей, астронавте!",https://dnes.dir.bg/obshtestvo/trend-za-prav-pat-ot-2009-g-pravitelstvoto-e-s-pozitiven-reyting,"""Тренд"": За пръв път от 2009 г. правителството е с позитивен рейтинг",Позитивен,0.72,дружелюбност,Позитивен,0.9,оптимизъм,Позитивен,0.85,оптимизъм
"Щом вкараха социологическата пропаганда на месец първи, май нещата не са добре.",https://dnes.dir.bg/obshtestvo/trend-za-prav-pat-ot-2009-g-pravitelstvoto-e-s-pozitiven-reyting,"""Тренд"": За пръв път от 2009 г. правителството е с позитивен рейтинг",Негативен,0.88,тревога,Позитивен,0.9,оптимизъм,Позитивен,0.85,оптимизъм
"Към момента правителството на Радев, освен водене на хиперактивна кадрова политики с назначения на индивиди без капка експертиза, чакали своя звезден миг чрез лизане и подлагане с години, не парави АБСОЛЮТНО нищо съществено, ама НИЩИЧКО. Маханаха на Джипко и Наднормения охраната и лицето Сарафов оваканти поста, който и без това заемаше незаконно или както вчера сутринта по сутрешния блок на една национална телевизия казаха, че ""........се представял в продължение на повече от година за главен прокурор...."". Иначе, назначенията на техните калинки си вървят с бясна сила, цените си се вдигат по същия начин, раята си обеднява, общо взето старата песен на нов глас, само дето ""усвояващите"" се смениха. Ще излезе поредният балон а ла 800-те дни, вЕрвайте ми.",https://dnes.dir.bg/obshtestvo/trend-za-prav-pat-ot-2009-g-pravitelstvoto-e-s-pozitiven-reyting,"""Тренд"": За пръв път от 2009 г. правителството е с позитивен рейтинг",Негативен,0.98,гняв,Позитивен,0.9,оптимизъм,Позитивен,0.85,оптимизъм
"Че си вдигнаха заплатите, пенсиите и дръпнаха няколко милиарда нов дълг. Съмняваме да изкарат до президентските избори.",https://dnes.dir.bg/obshtestvo/trend-za-prav-pat-ot-2009-g-pravitelstvoto-e-s-pozitiven-reyting,"""Тренд"": За пръв път от 2009 г. правителството е с позитивен рейтинг",Негативен,0.82,скептицизъм,Позитивен,0.9,оптимизъм,Позитивен,0.85,оптимизъм
"Тея тренд и подобни няма ли да ги забраняват вече,видяхме им познаваческите способности на изборите! Само облъчват хората",https://dnes.dir.bg/obshtestvo/trend-za-prav-pat-ot-2009-g-pravitelstvoto-e-s-pozitiven-reyting,"""Тренд"": За пръв път от 2009 г. правителството е с позитивен рейтинг",Негативен,0.92,гняв,Позитивен,0.9,оптимизъм,Позитивен,0.85,оптимизъм
Адмирации!,https://dnes.dir.bg/obshtestvo/trend-za-prav-pat-ot-2009-g-pravitelstvoto-e-s-pozitiven-reyting,"""Тренд"": За пръв път от 2009 г. правителството е с позитивен рейтинг",Позитивен,0.98,възхищение,Позитивен,0.9,оптимизъм,Позитивен,0.85,оптимизъм
"Така е защото всички които чупеха държавата и пречеха на работата на предишните управляващи, днес са на власт.",https://dnes.dir.bg/obshtestvo/trend-za-prav-pat-ot-2009-g-pravitelstvoto-e-s-pozitiven-reyting,"""Тренд"": За пръв път от 2009 г. правителството е с позитивен рейтинг",Негативен,0.92,гняв,Позитивен,0.9,оптимизъм,Позитивен,0.85,оптимизъм
На Лойко и Шиши ли?,https://dnes.dir.bg/obshtestvo/trend-za-prav-pat-ot-2009-g-pravitelstvoto-e-s-pozitiven-reyting,"""Тренд"": За пръв път от 2009 г. правителството е с позитивен рейтинг",Негативен,0.62,презрение,Позитивен,0.9,оптимизъм,Позитивен,0.85,оптимизъм
Лом не случва на кмет!! А беше хубав град преди!!!,https://dnes.dir.bg/politika/naprezhenie-v-lom-iskat-ostavka-na-kmeta-sled-skandalen-zapis,"Напрежение в Лом, искат оставка на кмета след скандален запис",Негативен,0.95,разочарование,Негативен,0.95,недоволство,Негативен,0.95,разочарование
"е, те затова е казано : таралеж за възгравница и милиционер за приятел нестават!",https://dnes.dir.bg/politika/naprezhenie-v-lom-iskat-ostavka-na-kmeta-sled-skandalen-zapis,"Напрежение в Лом, искат оставка на кмета след скандален запис",Негативен,0.88,пренебрежение,Негативен,0.95,недоволство,Негативен,0.95,разочарование
мале какъв типичен герберски тулуп е излязъл на снимката,https://dnes.dir.bg/politika/naprezhenie-v-lom-iskat-ostavka-na-kmeta-sled-skandalen-zapis,"Напрежение в Лом, искат оставка на кмета след скандален запис",Негативен,0.97,презрение,Негативен,0.95,недоволство,Негативен,0.95,разочарование
"Директно виновните в затвора, заедно с шефа на партията.",https://dnes.dir.bg/politika/naprezhenie-v-lom-iskat-ostavka-na-kmeta-sled-skandalen-zapis,"Напрежение в Лом, искат оставка на кмета след скандален запис",Негативен,0.88,гняв,Негативен,0.95,недоволство,Негативен,0.95,разочарование
"Кметът е пионка. Силната фигура е заместник-кметицата Ирена Димова. Макар и бивш депутат от ГЕРБ, пристана на ДПС и фамозния Димитър Аврамов. По този начин огромни потоци от финансиране се насочиха към общината и сега пада голямо усвояване.",https://dnes.dir.bg/politika/naprezhenie-v-lom-iskat-ostavka-na-kmeta-sled-skandalen-zapis,"Напрежение в Лом, искат оставка на кмета след скандален запис",Негативен,0.87,възмущение,Негативен,0.95,недоволство,Негативен,0.95,разочарование
"Атакувате кмета!Къде бяхте до вчера бе ""будни граждани""?Има правило:""Не ритай падналия"",макар,че още не е в такава ситуация.",https://dnes.dir.bg/politika/naprezhenie-v-lom-iskat-ostavka-na-kmeta-sled-skandalen-zapis,"Напрежение в Лом, искат оставка на кмета след скандален запис",Негативен,0.86,гняв,Негативен,0.95,недоволство,Негативен,0.95,разочарование
"Бати Бойко, как е?",https://dnes.dir.bg/politika/naprezhenie-v-lom-iskat-ostavka-na-kmeta-sled-skandalen-zapis,"Напрежение в Лом, искат оставка на кмета след скандален запис",Неутрален,0.88,любопитство,Негативен,0.95,недоволство,Негативен,0.95,разочарование
"Оня от Банкя заедно със хасковския нали беше там преди изборите и обеща всички в Северозапада да са богати! Най-долното съсловие в тази територия гласува за ГЕПИ и НН! Корупция и опростачаване на цията, мутри и боклуци! А тоя псевдо генерал направен с последния указ на Коня е най-простия в територията!",https://dnes.dir.bg/politika/naprezhenie-v-lom-iskat-ostavka-na-kmeta-sled-skandalen-zapis,"Напрежение в Лом, искат оставка на кмета след скандален запис",Негативен,0.98,гняв,Негативен,0.95,недоволство,Негативен,0.95,разочарование
"Който вярва на банкяският боклук,трябва да е малоумен!И тоя който си мисли че ще вкарат селяндура в затвора също е малоумен.Управия в тая държава няма да има!",https://dnes.dir.bg/politika/naprezhenie-v-lom-iskat-ostavka-na-kmeta-sled-skandalen-zapis,"Напрежение в Лом, искат оставка на кмета след скандален запис",Негативен,0.98,гняв,Негативен,0.95,недоволство,Негативен,0.95,разочарование
Ако е извършил престъпление-съд.тая флашка откъде се е взела?Изглежда реално.Все пак да ги викнеш в кметството да им предлагаш пари е крайно непредпазливо.Да си следва реда това разследване и всекиму неговото.,https://dnes.dir.bg/politika/naprezhenie-v-lom-iskat-ostavka-na-kmeta-sled-skandalen-zapis,"Напрежение в Лом, искат оставка на кмета след скандален запис",Негативен,0.74,недоверие,Негативен,0.95,недоволство,Негативен,0.95,разочарование
Видими резултати!,https://dnes.dir.bg/politika/naprezhenie-v-lom-iskat-ostavka-na-kmeta-sled-skandalen-zapis,"Напрежение в Лом, искат оставка на кмета след скандален запис",Позитивен,0.86,удовлетворение,Негативен,0.95,недоволство,Негативен,0.95,разочарование
"Уж от ГЕРБ, ама работи за ДПС. Заляха ги с проекти и Митко Галата здраво усвоява.",https://dnes.dir.bg/politika/naprezhenie-v-lom-iskat-ostavka-na-kmeta-sled-skandalen-zapis,"Напрежение в Лом, искат оставка на кмета след скандален запис",Негативен,0.88,възмущение,Негативен,0.95,недоволство,Негативен,0.95,разочарование
"Голямо чегъртане трябва.Това по администрация, общини, агенции, съд, прокуратура, полицияПълно с калинки, с изроди като тоя, мишоци, червеи, змии, гущери, прасета, порове...Трябва чегъртане с голямата фадрома.Изнасяне с големите самосвали.Дезинфекция, дератизация, изгаряне, рекултивация.",https://dnes.dir.bg/politika/naprezhenie-v-lom-iskat-ostavka-na-kmeta-sled-skandalen-zapis,"Напрежение в Лом, искат оставка на кмета след скандален запис",Негативен,0.98,гняв,Негативен,0.95,недоволство,Негативен,0.95,разочарование
"Кмет на ГЕРБ, предлагал пари да гласуват за ГЕРБ! НАПИШЕТЕ ГО, ИСТИНА Е!",https://dnes.dir.bg/politika/naprezhenie-v-lom-iskat-ostavka-na-kmeta-sled-skandalen-zapis,"Напрежение в Лом, искат оставка на кмета след скандален запис",Негативен,0.92,възмущение,Негативен,0.95,недоволство,Негативен,0.95,разочарование
Ако си бяха свършили блещящо работата тоя щеше да е в пандиза!,https://dnes.dir.bg/politika/naprezhenie-v-lom-iskat-ostavka-na-kmeta-sled-skandalen-zapis,"Напрежение в Лом, искат оставка на кмета след скандален запис",Негативен,0.92,гняв,Негативен,0.95,недоволство,Негативен,0.95,разочарование
Да не забравите да го питате кой му дава парите.Другото са шменти капели....,https://dnes.dir.bg/politika/naprezhenie-v-lom-iskat-ostavka-na-kmeta-sled-skandalen-zapis,"Напрежение в Лом, искат оставка на кмета след скандален запис",Негативен,0.84,недоверие,Негативен,0.95,недоволство,Негативен,0.95,разочарование
"Тоз може да бъде лице на герб.Да го отпечатат на календара си.Удрая и Баце и Шиши в земята, чак.",https://dnes.dir.bg/politika/naprezhenie-v-lom-iskat-ostavka-na-kmeta-sled-skandalen-zapis,"Напрежение в Лом, искат оставка на кмета след скандален запис",Негативен,0.72,ирония,Негативен,0.95,недоволство,Негативен,0.95,разочарование
"Има три града в Европа, с наименования от по три букви:Рим, Бон и Лом.",https://dnes.dir.bg/politika/naprezhenie-v-lom-iskat-ostavka-na-kmeta-sled-skandalen-zapis,"Напрежение в Лом, искат оставка на кмета след скандален запис",Неутрален,0.98,спокойствие,Негативен,0.95,недоволство,Негативен,0.95,разочарование
"Кан, Франция",https://dnes.dir.bg/politika/naprezhenie-v-lom-iskat-ostavka-na-kmeta-sled-skandalen-zapis,"Напрежение в Лом, искат оставка на кмета след скандален запис",Неутрален,0.98,спокойствие,Негативен,0.95,недоволство,Негативен,0.95,разочарование
Човекът очевидно е от Лом и се шегува има хиляди трибуквени градове. Оста Рим- Бон - Лом е създадена тайно на връх Ком от американските близнаци Том и Дон и е насочена да възпре болшевишките злодеи от североизток.,https://dnes.dir.bg/politika/naprezhenie-v-lom-iskat-ostavka-na-kmeta-sled-skandalen-zapis,"Напрежение в Лом, искат оставка на кмета след скандален запис",Неутрален,0.78,ирония,Негативен,0.95,недоволство,Негативен,0.95,разочарование
"Лил, Мец",https://dnes.dir.bg/politika/naprezhenie-v-lom-iskat-ostavka-na-kmeta-sled-skandalen-zapis,"Напрежение в Лом, искат оставка на кмета след скандален запис",Неутрален,0.98,спокойствие,Негативен,0.95,недоволство,Негативен,0.95,разочарование
И Улм в Германия.,https://dnes.dir.bg/politika/naprezhenie-v-lom-iskat-ostavka-na-kmeta-sled-skandalen-zapis,"Напрежение в Лом, искат оставка на кмета след скандален запис",Неутрален,0.95,спокойствие,Негативен,0.95,недоволство,Негативен,0.95,разочарование
"Ако имената на градовете се изписват на езика на държавата в която се намират списъкът не е дълъг. Сещам се за Бар, Кос, Лом, Ниш, Пау, Туи, Улм, Цуг",https://dnes.dir.bg/politika/naprezhenie-v-lom-iskat-ostavka-na-kmeta-sled-skandalen-zapis,"Напрежение в Лом, искат оставка на кмета след скандален запис",Неутрален,0.95,спокойствие,Негативен,0.95,недоволство,Негативен,0.95,разочарование
"Оставката се иска от двама ""бизнесмена"" и от един милиционер който получил флашката.",https://dnes.dir.bg/politika/naprezhenie-v-lom-iskat-ostavka-na-kmeta-sled-skandalen-zapis,"Напрежение в Лом, искат оставка на кмета след скандален запис",Негативен,0.78,недоверие,Негативен,0.95,недоволство,Негативен,0.95,разочарование
"Докосне ли се Герб до нещо, то започва да вони. Само поразпитайте какво става в опера-Русе, ама като запазите анонимност. Някаква пиарка гербаджийка коли и беси. И това е опера.",https://dnes.dir.bg/politika/naprezhenie-v-lom-iskat-ostavka-na-kmeta-sled-skandalen-zapis,"Напрежение в Лом, искат оставка на кмета след скандален запис",Негативен,0.96,гняв,Негативен,0.95,недоволство,Негативен,0.95,разочарование
Наложи ми се миналата година да отида до този град.. след като минах по улиците осъзнах от къде идва името на градът.. всичко е лом.. и колата ти става лом..,https://dnes.dir.bg/politika/naprezhenie-v-lom-iskat-ostavka-na-kmeta-sled-skandalen-zapis,"Напрежение в Лом, искат оставка на кмета след скандален запис",Негативен,0.94,разочарование,Негативен,0.95,недоволство,Негативен,0.95,разочарование
Този само по снимка е за затвора по обвинение в корупция.,https://dnes.dir.bg/politika/naprezhenie-v-lom-iskat-ostavka-na-kmeta-sled-skandalen-zapis,"Напрежение в Лом, искат оставка на кмета след скандален запис",Негативен,0.95,гняв,Негативен,0.95,недоволство,Негативен,0.95,разочарование
Получил флашка от Неизвестното Лице !?,https://dnes.dir.bg/politika/naprezhenie-v-lom-iskat-ostavka-na-kmeta-sled-skandalen-zapis,"Напрежение в Лом, искат оставка на кмета след скандален запис",Неутрален,0.72,изненада,Негативен,0.95,недоволство,Негативен,0.95,разочарование
"Е няма да каже, че той го е записал. Нали дупетатите си гласуваха това да е подсъдно, т.е. вместо да е подсъдна корупцията да е са подсъдни тези, които се опитват да я изсветляват.Оттам се нароиха множество флашки дошли от нищото.",https://dnes.dir.bg/politika/naprezhenie-v-lom-iskat-ostavka-na-kmeta-sled-skandalen-zapis,"Напрежение в Лом, искат оставка на кмета след скандален запис",Негативен,0.91,възмущение,Негативен,0.95,недоволство,Негативен,0.95,разочарование
типично за гробарски боклук от мафията на престъпната мутра,https://dnes.dir.bg/politika/naprezhenie-v-lom-iskat-ostavka-na-kmeta-sled-skandalen-zapis,"Напрежение в Лом, искат оставка на кмета след скандален запис",Негативен,0.98,гняв,Негативен,0.95,недоволство,Негативен,0.95,разочарование
"Да, ние купуваме гласове по друг начин, не толкова тъпо.",https://dnes.dir.bg/politika/naprezhenie-v-lom-iskat-ostavka-na-kmeta-sled-skandalen-zapis,"Напрежение в Лом, искат оставка на кмета след скандален запис",Негативен,0.86,цинизъм,Негативен,0.95,недоволство,Негативен,0.95,разочарование
Че си ЛГБТ стана ясно. За втората част по-скоро си ГЕРБ НН.,https://dnes.dir.bg/politika/naprezhenie-v-lom-iskat-ostavka-na-kmeta-sled-skandalen-zapis,"Напрежение в Лом, искат оставка на кмета след скандален запис",Негативен,0.82,презрение,Негативен,0.95,недоволство,Негативен,0.95,разочарование
"Да, също така съм и Путинист, защото само така знаете да се борите с фактите - като лепите етикети.",https://dnes.dir.bg/politika/naprezhenie-v-lom-iskat-ostavka-na-kmeta-sled-skandalen-zapis,"Напрежение в Лом, искат оставка на кмета след скандален запис",Негативен,0.88,раздразнение,Негативен,0.95,недоволство,Негативен,0.95,разочарование
Демек сменя напусналите,https://dnes.dir.bg/politika/gerb-smenya-rakovodstva-na-mestni-strukturi-sled-mesets,ГЕРБ сменя ръководства на местни структури след месец,Неутрален,0.88,спокойствие,Неутрален,0.95,спокойствие,Неутрален,0.9,спокойствие
"Когото и да сменяте Бойко в партията ти,свободното падане на ГЕРБ ще продължи и ще стигнете нивото на СДС с един човек партия .Историчеките 17 годишни управленски ,политически и финансиво икономически грешки на ГЕРБ и лично твои Бойко са незабравими.",https://dnes.dir.bg/politika/gerb-smenya-rakovodstva-na-mestni-strukturi-sled-mesets,ГЕРБ сменя ръководства на местни структури след месец,Негативен,0.95,разочарование,Неутрален,0.95,спокойствие,Неутрален,0.9,спокойствие
"Кого ще сменя Бойко, те всички гербави за една нощ осъмнаха радеви, заради държавния кокал. ПКП -то и то избяга в Пловдив и стана ППП, честито на пловдивчани. Е, те си са едно с Новото начало, та региона си е пак частично техен, ама официално останаха само разни мишки членове....",https://dnes.dir.bg/politika/gerb-smenya-rakovodstva-na-mestni-strukturi-sled-mesets,ГЕРБ сменя ръководства на местни структури след месец,Негативен,0.95,презрение,Неутрален,0.95,спокойствие,Неутрален,0.9,спокойствие
"ЗАЩО, КАКВО им е на сегашните???? Ще има ли РЕВИЗИЯ, ОДИТ????!!!",https://dnes.dir.bg/politika/gerb-smenya-rakovodstva-na-mestni-strukturi-sled-mesets,ГЕРБ сменя ръководства на местни структури след месец,Негативен,0.86,гняв,Неутрален,0.95,спокойствие,Неутрален,0.9,спокойствие
"Първо трябва да се смени „великия вожд“Борисов,който е главната причина за провала.Вече е омръзнал на цяла България със своите глупости.",https://dnes.dir.bg/politika/gerb-smenya-rakovodstva-na-mestni-strukturi-sled-mesets,ГЕРБ сменя ръководства на местни структури след месец,Негативен,0.96,гняв,Неутрален,0.95,спокойствие,Неутрален,0.9,спокойствие
Никога вече Борисов,https://dnes.dir.bg/politika/gerb-smenya-rakovodstva-na-mestni-strukturi-sled-mesets,ГЕРБ сменя ръководства на местни структури след месец,Негативен,0.92,гняв,Неутрален,0.95,спокойствие,Неутрален,0.9,спокойствие
Време е да разкараме некадърника кмет на Ст. Загора !!!Съсипа града !!,https://dnes.dir.bg/politika/gerb-smenya-rakovodstva-na-mestni-strukturi-sled-mesets,ГЕРБ сменя ръководства на местни структури след месец,Негативен,0.98,гняв,Неутрален,0.95,спокойствие,Неутрален,0.9,спокойствие
Едни крадци ще се сменят със хора със същият профил. В тази партия честни и морални хора няма.,https://dnes.dir.bg/politika/gerb-smenya-rakovodstva-na-mestni-strukturi-sled-mesets,ГЕРБ сменя ръководства на местни структури след месец,Негативен,0.98,гняв,Неутрален,0.95,спокойствие,Неутрален,0.9,спокойствие
"Докога ще го преизбират този малоумник Бойко Простия? Май ще излезе прав, че и електоратът му е прост колкото него.",https://dnes.dir.bg/politika/gerb-smenya-rakovodstva-na-mestni-strukturi-sled-mesets,ГЕРБ сменя ръководства на местни структури след месец,Негативен,0.97,гняв,Неутрален,0.95,спокойствие,Неутрален,0.9,спокойствие
защото отиват по затворите начело с гаулайтера Винету.,https://dnes.dir.bg/politika/gerb-smenya-rakovodstva-na-mestni-strukturi-sled-mesets,ГЕРБ сменя ръководства на местни структури след месец,Негативен,0.92,гняв,Неутрален,0.95,спокойствие,Неутрален,0.9,спокойствие
Бойко да си подаде оставката като вожд и да се скрие някъде.. Достатъчно е открадгал и натрупал.. Стига!,https://dnes.dir.bg/politika/gerb-smenya-rakovodstva-na-mestni-strukturi-sled-mesets,ГЕРБ сменя ръководства на местни структури след месец,Негативен,0.96,гняв,Неутрален,0.95,спокойствие,Неутрален,0.9,спокойствие
Те останаха ли местни структури? Мишките напускат потъналия кораб.,https://dnes.dir.bg/politika/gerb-smenya-rakovodstva-na-mestni-strukturi-sled-mesets,ГЕРБ сменя ръководства на местни структури след месец,Негативен,0.92,презрение,Неутрален,0.95,спокойствие,Неутрален,0.9,спокойствие
Преди да се изберете си махнете грабливите престъпни ГЕРБЕРчета от държавните Мини Марица.Тоше и Чолака заедно с някакъв от Медина Мед си купуват стари ГТЛ на цената на нови защото финансиралиместните структури,https://dnes.dir.bg/politika/gerb-smenya-rakovodstva-na-mestni-strukturi-sled-mesets,ГЕРБ сменя ръководства на местни структури след месец,Негативен,0.95,гняв,Неутрален,0.95,спокойствие,Неутрален,0.9,спокойствие
"Чолака е в миманса сега, той плаче за Илза. Не ще ТодАр, затова и агитира за Зеления чорап. Щото там има негов човек. А що се отнася до кадровата политика на Минито, там сега има двама мушмурока с наднормено тегло: Стамен - пенсионера и Стойко - крадливия, които трябва да бъдат изметени с 200. Ама, докато Тоше е там и те ще са там. Абе с една дума - ЗАКРИВАЙ!",https://dnes.dir.bg/politika/gerb-smenya-rakovodstva-na-mestni-strukturi-sled-mesets,ГЕРБ сменя ръководства на местни структури след месец,Негативен,0.96,гняв,Неутрален,0.95,спокойствие,Неутрален,0.9,спокойствие
"А пък що се отнася за Медина Мед, погледнете инвестиционната програма на губещото Мини. Никога, ама никога, фирма за гуми не е доставяла транспортна лента в най-голямото въгледобивно предприятие и то на стойност четвърт милиард еврака!!!",https://dnes.dir.bg/politika/gerb-smenya-rakovodstva-na-mestni-strukturi-sled-mesets,ГЕРБ сменя ръководства на местни структури след месец,Негативен,0.88,възмущение,Неутрален,0.95,спокойствие,Неутрален,0.9,спокойствие
гладна пепейска кокошка съдебна реформа сънува.,https://dnes.dir.bg/politika/gerb-smenya-rakovodstva-na-mestni-strukturi-sled-mesets,ГЕРБ сменя ръководства на местни структури след месец,Неутрален,0.74,неутралност,Неутрален,0.95,спокойствие,Неутрален,0.9,спокойствие
"Айдеее, време е вече, заедно с Пеевски, да отидете там при ИТН и БСП...Сгааанн мрръъссссна..!",https://dnes.dir.bg/politika/gerb-smenya-rakovodstva-na-mestni-strukturi-sled-mesets,ГЕРБ сменя ръководства на местни структури след месец,Негативен,0.98,гняв,Неутрален,0.95,спокойствие,Неутрален,0.9,спокойствие
"ГЕРБ - тъждество с ПП/ДБ, с Новия бардак, а вече и с ПБ... Демкрацията е Злото.",https://dnes.dir.bg/temida/prokuraturata-obvini-kmeta-na-lom-za-kupuvane-na-glasove,Прокуратурата обвини кмета на Лом за купуване на гласове,Негативен,0.95,гняв,Неутрален,0.9,спокойствие,Негативен,0.85,разочарование
"безчовечен престъпник. Гадната му шайка в общината големи кървища е проливала на кастрирани бездомни кучета. Викат го в Ада заедно с убийците, каква ти прокуратура тук.",https://dnes.dir.bg/temida/prokuraturata-obvini-kmeta-na-lom-za-kupuvane-na-glasove,Прокуратурата обвини кмета на Лом за купуване на гласове,Негативен,0.98,гняв,Неутрален,0.9,спокойствие,Негативен,0.85,разочарование
ГЕРБ-авите НЕ СИ НАУЧИХА УРОКА след записа на Пловдивския кмет Тотев за КУПУВАНЕ на ГЛАСОВЕ.,https://dnes.dir.bg/temida/prokuraturata-obvini-kmeta-na-lom-za-kupuvane-na-glasove,Прокуратурата обвини кмета на Лом за купуване на гласове,Негативен,0.92,гняв,Неутрален,0.9,спокойствие,Негативен,0.85,разочарование
"който ще ги изпитва, ще ги научи.",https://dnes.dir.bg/temida/prokuraturata-obvini-kmeta-na-lom-za-kupuvane-na-glasove,Прокуратурата обвини кмета на Лом за купуване на гласове,Неутрален,0.92,спокойствие,Неутрален,0.9,спокойствие,Негативен,0.85,разочарование
"Ni moga dani upumina 4i izla4vanetu mo na kmeta na Lom e ubaiatelno,no visoka intiligentnos strui ot pogledad mu",https://dnes.dir.bg/temida/prokuraturata-obvini-kmeta-na-lom-za-kupuvane-na-glasove,Прокуратурата обвини кмета на Лом за купуване на гласове,Позитивен,0.82,възхищение,Неутрален,0.9,спокойствие,Негативен,0.85,разочарование
"Не знаех че в Лом има и българи!!!! Там са основно цигани като най- известния от тях е проф.д-р Александър Чирков,светла му памет!!! А иначе кметът е не само за съд ,но и за затвор!!!! Ама да видим!!!!",https://dnes.dir.bg/temida/prokuraturata-obvini-kmeta-na-lom-za-kupuvane-na-glasove,Прокуратурата обвини кмета на Лом за купуване на гласове,Негативен,0.93,гняв,Неутрален,0.9,спокойствие,Негативен,0.85,разочарование
az tebe bih moga data iznasilvam !,https://dnes.dir.bg/temida/prokuraturata-obvini-kmeta-na-lom-za-kupuvane-na-glasove,Прокуратурата обвини кмета на Лом за купуване на гласове,Негативен,0.98,агресия,Неутрален,0.9,спокойствие,Негативен,0.85,разочарование
"Гербаджиите не стига че са корумпирани, но са и доста тъпи!",https://dnes.dir.bg/temida/prokuraturata-obvini-kmeta-na-lom-za-kupuvane-na-glasove,Прокуратурата обвини кмета на Лом за купуване на гласове,Негативен,0.98,гняв,Неутрален,0.9,спокойствие,Негативен,0.85,разочарование
Хайде сега на площада и показен разстрел на мангала гербаджийски,https://dnes.dir.bg/temida/prokuraturata-obvini-kmeta-na-lom-za-kupuvane-na-glasove,Прокуратурата обвини кмета на Лом за купуване на гласове,Негативен,0.98,гняв,Неутрален,0.9,спокойствие,Негативен,0.85,разочарование
изби кастрирани бездомни кучета с марка на ушите. Добре ще е да погълне същата отрова.,https://dnes.dir.bg/temida/prokuraturata-obvini-kmeta-na-lom-za-kupuvane-na-glasove,Прокуратурата обвини кмета на Лом за купуване на гласове,Негативен,0.98,гняв,Неутрален,0.9,спокойствие,Негативен,0.85,разочарование
"Ами нека от ЦИК да изнесат данни колко пари ни струват последните няколко избори в чужбина.И за колко гласа става дума? Щом при толкова инициативи и помощ за връщане на българите зад граница , те си остават там , означава, че са се устроили и нямат намерение да си дойдат. Айде , стига сме ги калесвали , важни са тези, които не избягаха и останаха да работят тук, макари за малко пари. Грижете се за народа си тук и сега.Да рониш сълзи зад граница, когато чуеш "" Я кажи ми облаче ле бяло"" вече не е достатъчно.",https://dnes.dir.bg/politika/dps-predlaga-otpadane-na-ogranichenieto-za-izbiratelni-sektsii-izvan-es,ДПС предлага отпадане на ограничението за избирателни секции извън ЕС,Негативен,0.88,недоволство,Неутрален,0.95,спокойствие,Неутрален,0.9,спокойствие
стягат се за следващите избори ... явно очакват скоро,https://dnes.dir.bg/politika/dps-predlaga-otpadane-na-ogranichenieto-za-izbiratelni-sektsii-izvan-es,ДПС предлага отпадане на ограничението за избирателни секции извън ЕС,Неутрален,0.82,очакване,Неутрален,0.95,спокойствие,Неутрален,0.9,спокойствие
1. Да сменят ВСС и и.д. главен послушко на големия магнит.2. Да свалят имунитета на големия магнит.3. Новия главен да го прибере на топло поне за 20 години.,https://dnes.dir.bg/politika/dps-predlaga-otpadane-na-ogranichenieto-za-izbiratelni-sektsii-izvan-es,ДПС предлага отпадане на ограничението за избирателни секции извън ЕС,Негативен,0.95,гняв,Неутрален,0.95,спокойствие,Неутрален,0.9,спокойствие
"Идеята на двете мутри беше да прецакат Доган и да го извадят изцяло от играта, което и стана. Иначе малкото б надали голямото Д щеше да му разреши да гласува за това ограничение.Въпроса е, че не разбраха на време, че Радев ще ги надиграе и че реалния им проблем всъщност не е Доган.",https://dnes.dir.bg/politika/dps-predlaga-otpadane-na-ogranichenieto-za-izbiratelni-sektsii-izvan-es,ДПС предлага отпадане на ограничението за избирателни секции извън ЕС,Негативен,0.88,гняв,Неутрален,0.95,спокойствие,Неутрален,0.9,спокойствие
"Каква работа имат тия ""български граждани"" да определят кой да управлява нас, а не тях?",https://dnes.dir.bg/politika/dps-predlaga-otpadane-na-ogranichenieto-za-izbiratelni-sektsii-izvan-es,ДПС предлага отпадане на ограничението за избирателни секции извън ЕС,Негативен,0.86,гняв,Неутрален,0.95,спокойствие,Неутрален,0.9,спокойствие
Ха ха,https://dnes.dir.bg/politika/dps-predlaga-otpadane-na-ogranichenieto-za-izbiratelni-sektsii-izvan-es,ДПС предлага отпадане на ограничението за избирателни секции извън ЕС,Позитивен,0.72,веселие,Неутрален,0.95,спокойствие,Неутрален,0.9,спокойствие
В Турция няма българи а български граждани забравили да си върнат паспортите и личните карти след изселване. Не трябва чужденци да гласуват за управлението на България.,https://dnes.dir.bg/politika/dps-predlaga-otpadane-na-ogranichenieto-za-izbiratelni-sektsii-izvan-es,ДПС предлага отпадане на ограничението за избирателни секции извън ЕС,Негативен,0.86,гняв,Неутрален,0.95,спокойствие,Неутрален,0.9,спокойствие
Тези в Търция не знаят да говорят и пишат български-повечето.,https://dnes.dir.bg/politika/dps-predlaga-otpadane-na-ogranichenieto-za-izbiratelni-sektsii-izvan-es,ДПС предлага отпадане на ограничението за избирателни секции извън ЕС,Негативен,0.82,критичност,Неутрален,0.95,спокойствие,Неутрален,0.9,спокойствие
"Трябва да се гласува САМО в България...Не ни трябват разни турци или китайци да гласвуат на български избори !!!А посланиците на България в чужбина може да се ВРЪЩАТ в България, 2-3 дни ПРЕДИ избори за да гласуват по лична карта.Това което направиха на последните избори, за ограничаване на секциите в чужбина, беше в ПРАВИЛНАТА посока. Но за да бъде ИСТИНСКО гласуването и в ПОЛЗА на нас, българите, трябва да се ЗАБРАНИ гласуване в чужбина...В чужбнина , гласовете са КУПЕНИ от турците !! И затова в продължение на 6 или 7 пъти гласуване на ИЗБОРИ не можеше да изберем правителство.. Турците са турски МАФИОТИ...",https://dnes.dir.bg/politika/dps-predlaga-otpadane-na-ogranichenieto-za-izbiratelni-sektsii-izvan-es,ДПС предлага отпадане на ограничението за избирателни секции извън ЕС,Негативен,0.98,гняв,Неутрален,0.95,спокойствие,Неутрален,0.9,спокойствие
НИКАКВО ГЛАСУВАНЕ В ЧУЖБИНА !!!!!!!!!,https://dnes.dir.bg/politika/dps-predlaga-otpadane-na-ogranichenieto-za-izbiratelni-sektsii-izvan-es,ДПС предлага отпадане на ограничението за избирателни секции извън ЕС,Негативен,0.95,гняв,Неутрален,0.95,спокойствие,Неутрален,0.9,спокойствие
Кои бяха тези Ааа да,https://dnes.dir.bg/politika/dps-predlaga-otpadane-na-ogranichenieto-za-izbiratelni-sektsii-izvan-es,ДПС предлага отпадане на ограничението за избирателни секции извън ЕС,Неутрален,0.78,замисленост,Неутрален,0.95,спокойствие,Неутрален,0.9,спокойствие
Да Да ама Не,https://dnes.dir.bg/politika/dps-predlaga-otpadane-na-ogranichenieto-za-izbiratelni-sektsii-izvan-es,ДПС предлага отпадане на ограничението за избирателни секции извън ЕС,Негативен,0.72,несъгласие,Неутрален,0.95,спокойствие,Неутрален,0.9,спокойствие
"Тоя иска така - на всеки ъгъл - избирателна секция, особено в Турция.",https://dnes.dir.bg/politika/dps-predlaga-otpadane-na-ogranichenieto-za-izbiratelni-sektsii-izvan-es,ДПС предлага отпадане на ограничението за избирателни секции извън ЕС,Негативен,0.72,раздразнение,Неутрален,0.95,спокойствие,Неутрален,0.9,спокойствие
"Няма такава наглост, грух грух!След като влезе с помоща на орязаните секции, сега да се премахне ограничението.. Грух грух св*ньо дебела",https://dnes.dir.bg/politika/dps-predlaga-otpadane-na-ogranichenieto-za-izbiratelni-sektsii-izvan-es,ДПС предлага отпадане на ограничението за избирателни секции извън ЕС,Негативен,0.98,гняв,Неутрален,0.95,спокойствие,Неутрален,0.9,спокойствие
"Росатом только что сообщил о запуске первого энергоблока АЭС ""Руппур"" в Бангладеш,при котором проводится ""зарядка"" реактора, и теперь запланирован финальный пуск уже с отдачей электричества в энергосеть страны.",https://dnes.dir.bg/politika/dps-predlaga-otpadane-na-ogranichenieto-za-izbiratelni-sektsii-izvan-es,ДПС предлага отпадане на ограничението за избирателни секции извън ЕС,Неутрален,0.86,спокойствие,Неутрален,0.95,спокойствие,Неутрален,0.9,спокойствие
"Крачка напред, две назад... Ние сме луди, че им плащаме заплатите.",https://dnes.dir.bg/politika/dps-predlaga-otpadane-na-ogranichenieto-za-izbiratelni-sektsii-izvan-es,ДПС предлага отпадане на ограничението за избирателни секции извън ЕС,Негативен,0.94,разочарование,Неутрален,0.95,спокойствие,Неутрален,0.9,спокойствие
"А ПБ ще предложат тест по български език и образователен ценз,за да докажат гласоподавателите,че разбират за какво гласуват:)))))))",https://dnes.dir.bg/politika/dps-predlaga-otpadane-na-ogranichenieto-za-izbiratelni-sektsii-izvan-es,ДПС предлага отпадане на ограничението за избирателни секции извън ЕС,Негативен,0.72,сарказъм,Неутрален,0.95,спокойствие,Неутрален,0.9,спокойствие
"Това няма да мине, макар че е много правилно. Еничарина ще отсече, че по- важно е гражданството, а не познания по български. И неграмотните ще продължат да гласуват, някои дори без да знаят, кого избират. Пък ако въобще няма секции в чужбина, проблема ще отпадне. Не живееш тук, не плащаш данъци, не допринасяш с нищо - не гласуваш.",https://dnes.dir.bg/politika/dps-predlaga-otpadane-na-ogranichenieto-za-izbiratelni-sektsii-izvan-es,ДПС предлага отпадане на ограничението за избирателни секции извън ЕС,Негативен,0.89,гняв,Неутрален,0.95,спокойствие,Неутрален,0.9,спокойствие
"Най-големият терорист е паразитната ДС-арска мафиотска ченгесарскапсевдодържава, поддържана от ЕС и УСА, която краде от банковивлогове, от природа, от съдби, от здраве, от бъдеще, отсправедливост, лъжеща и мизерна като народа си робски.",https://dnes.dir.bg/politika/dps-predlaga-otpadane-na-ogranichenieto-za-izbiratelni-sektsii-izvan-es,ДПС предлага отпадане на ограничението за избирателни секции извън ЕС,Негативен,0.98,гняв,Неутрален,0.95,спокойствие,Неутрален,0.9,спокойствие
"Ау! Парламата още не е започнала работа, а те вече мислят как да оправят орязаните им фалшификации!",https://dnes.dir.bg/politika/dps-predlaga-otpadane-na-ogranichenieto-za-izbiratelni-sektsii-izvan-es,ДПС предлага отпадане на ограничението за избирателни секции извън ЕС,Негативен,0.92,възмущение,Неутрален,0.95,спокойствие,Неутрален,0.9,спокойствие
"Огладня кокошката и за просо засънува... , че видиш ли на следващите избори и зрънце може да няма. Избирателната активност в България заедно с партииния отлив и спрените купени гласове ги съсипа! Няма го бащата Петел да ги котка и държи. Д Пада Страшно! !!",https://dnes.dir.bg/politika/dps-predlaga-otpadane-na-ogranichenieto-za-izbiratelni-sektsii-izvan-es,ДПС предлага отпадане на ограничението за избирателни секции извън ЕС,Негативен,0.86,злорадство,Неутрален,0.95,спокойствие,Неутрален,0.9,спокойствие
Тия за проден път излъгаха.Предадох доверието на избиратели си ... отново,https://dnes.dir.bg/politika/sledizborno-roene-vota-specheliha-pet-no-v-noviya-parlament-vlyazoha-shest-formatsii,"Следизборно роене: Вота спечелиха пет, но в новия парламент ще бъдат шест формации",Негативен,0.96,разочарование,Неутрален,0.9,спокойствие,Негативен,0.85,разочарование
"Идеята е да имат двойно повече членове в парламентарните комисии. И ако от всяка формация се излъчи по един зам.председател на парламента, да имат два.Дано не съм прав и да има лостове за спиране на тази далавера.",https://dnes.dir.bg/politika/sledizborno-roene-vota-specheliha-pet-no-v-noviya-parlament-vlyazoha-shest-formatsii,"Следизборно роене: Вота спечелиха пет, но в новия парламент ще бъдат шест формации",Негативен,0.86,възмущение,Неутрален,0.9,спокойствие,Негативен,0.85,разочарование
Новата парапетка е виновна,https://dnes.dir.bg/politika/sledizborno-roene-vota-specheliha-pet-no-v-noviya-parlament-vlyazoha-shest-formatsii,"Следизборно роене: Вота спечелиха пет, но в новия парламент ще бъдат шест формации",Негативен,0.82,недоволство,Неутрален,0.9,спокойствие,Негативен,0.85,разочарование
Кой разпореди това безобразие. Аз гласувах за тях и сега незнам за кой всъщност съм гласувал?,https://dnes.dir.bg/politika/sledizborno-roene-vota-specheliha-pet-no-v-noviya-parlament-vlyazoha-shest-formatsii,"Следизборно роене: Вота спечелиха пет, но в новия парламент ще бъдат шест формации",Негативен,0.91,разочарование,Неутрален,0.9,спокойствие,Негативен,0.85,разочарование
запитай се ти от кои си от страната на младоженеца или на булката-мъж. гейските караници са на високо ниво,https://dnes.dir.bg/politika/sledizborno-roene-vota-specheliha-pet-no-v-noviya-parlament-vlyazoha-shest-formatsii,"Следизборно роене: Вота спечелиха пет, но в новия парламент ще бъдат шест формации",Негативен,0.82,презрение,Неутрален,0.9,спокойствие,Негативен,0.85,разочарование
"разделят се на пеперасти и пепофили, вместо да направят коалиция содомистка българия",https://dnes.dir.bg/politika/sledizborno-roene-vota-specheliha-pet-no-v-noviya-parlament-vlyazoha-shest-formatsii,"Следизборно роене: Вота спечелиха пет, но в новия парламент ще бъдат шест формации",Негативен,0.93,гняв,Неутрален,0.9,спокойствие,Негативен,0.85,разочарование
сър!,https://dnes.dir.bg/politika/sledizborno-roene-vota-specheliha-pet-no-v-noviya-parlament-vlyazoha-shest-formatsii,"Следизборно роене: Вота спечелиха пет, но в новия парламент ще бъдат шест формации",Неутрален,0.68,уважение,Неутрален,0.9,спокойствие,Негативен,0.85,разочарование
"Не ме интересуват ни ПП, ни ДБ. Важното е, че се прецакаха взаимно, а и тримата г...и Лорер, Манол Пейков и Яврочо с папионката са извън парламента...",https://dnes.dir.bg/politika/sledizborno-roene-vota-specheliha-pet-no-v-noviya-parlament-vlyazoha-shest-formatsii,"Следизборно роене: Вота спечелиха пет, но в новия парламент ще бъдат шест формации",Негативен,0.92,презрение,Неутрален,0.9,спокойствие,Негативен,0.85,разочарование
"Това е злоупотреба с изборния процес. Я си представете случай за коалиция Другите с 10-на партии и коалиция направена с цел да влязат, и после се разпадат на 10 партиики с по 2 до 0.5 процента гласове, но влезли в парламента и гласуващи проектозакони как им дойде.",https://dnes.dir.bg/politika/sledizborno-roene-vota-specheliha-pet-no-v-noviya-parlament-vlyazoha-shest-formatsii,"Следизборно роене: Вота спечелиха пет, но в новия парламент ще бъдат шест формации",Негативен,0.93,възмущение,Неутрален,0.9,спокойствие,Негативен,0.85,разочарование
"Това стана:БКП се трансформира с годините от БСП в Прогресивна България.Преходът за комунистите приключи. Конфискуваха часната собственност след 9 септември 1944 г. Унищожиха опозицията. Баталясаха държавата . Приватизираха всичко в България след 10 ноември 1989 г. и ето ги - пак са първи в парламента, но под ново име, и пак заедно с Масква, но вече са ""капиталисти"".След 80 години всичко е тяхно. Преходът приключи.",https://dnes.dir.bg/politika/sledizborno-roene-vota-specheliha-pet-no-v-noviya-parlament-vlyazoha-shest-formatsii,"Следизборно роене: Вота спечелиха пет, но в новия парламент ще бъдат шест формации",Негативен,0.94,гняв,Неутрален,0.9,спокойствие,Негативен,0.85,разочарование
"Тия като застрахователите и гаранционните условия на уредите. Пише едно, а като стане събитието четат договора както им отърва.",https://dnes.dir.bg/politika/sledizborno-roene-vota-specheliha-pet-no-v-noviya-parlament-vlyazoha-shest-formatsii,"Следизборно роене: Вота спечелиха пет, но в новия парламент ще бъдат шест формации",Негативен,0.92,разочарование,Неутрален,0.9,спокойствие,Негативен,0.85,разочарование
Абе този генерал Атанас Атанасов толкова ли е нисък или нарочно го правите такъв? Ако наистина е толкова смален дайте да дадем пари да му удължат краката поне.,https://dnes.dir.bg/politika/sledizborno-roene-vota-specheliha-pet-no-v-noviya-parlament-vlyazoha-shest-formatsii,"Следизборно роене: Вота спечелиха пет, но в новия парламент ще бъдат шест формации",Негативен,0.92,подигравка,Неутрален,0.9,спокойствие,Негативен,0.85,разочарование
затова ''генерала'' драпа толкова години да стане председател на НС 1.да стой нависоко 2.да събере кинти да се удължи малко:-),https://dnes.dir.bg/politika/sledizborno-roene-vota-specheliha-pet-no-v-noviya-parlament-vlyazoha-shest-formatsii,"Следизборно роене: Вота спечелиха пет, но в новия парламент ще бъдат шест формации",Негативен,0.78,сарказъм,Неутрален,0.9,спокойствие,Негативен,0.85,разочарование
Дреме им на ПП и ДБ!Нали влязоха в парламентаЩе търкат седалките 4години и ще взимат тлъсти депутатски заплати! Да забравих за евтините кюфтета в стола!После и без това отиват в историята!Нищо вече не зависи от тях!,https://dnes.dir.bg/politika/sledizborno-roene-vota-specheliha-pet-no-v-noviya-parlament-vlyazoha-shest-formatsii,"Следизборно роене: Вота спечелиха пет, но в новия парламент ще бъдат шест формации",Негативен,0.96,гняв,Неутрален,0.9,спокойствие,Негативен,0.85,разочарование
Аз за кого глувах тогава?,https://dnes.dir.bg/politika/sledizborno-roene-vota-specheliha-pet-no-v-noviya-parlament-vlyazoha-shest-formatsii,"Следизборно роене: Вота спечелиха пет, но в новия парламент ще бъдат шест формации",Неутрален,0.72,недоумение,Неутрален,0.9,спокойствие,Негативен,0.85,разочарование
Добре дошъл!Този въпрос май много хора си го задават!Гласуваш за един а получаваш друг или нищо!,https://dnes.dir.bg/politika/sledizborno-roene-vota-specheliha-pet-no-v-noviya-parlament-vlyazoha-shest-formatsii,"Следизборно роене: Вота спечелиха пет, но в новия парламент ще бъдат шест формации",Негативен,0.86,разочарование,Неутрален,0.9,спокойствие,Негативен,0.85,разочарование
"Аз затова не ходя да гласувам вече над 10 години. Именно защото ти гласуваш за едно, после се окаже друго - те си правят каквото си знаят, или някой ти променя вота с манипулация/надписаване и т.н. Сега е редно всичките тези 37 депутата да се откажат и други от други партии да влезнат. Преди години имах някаква надежда за ПП (още като бяха служебни министри), но само след няколко месеца видях какви неможачи са всъщност. Кирето Петков е в историята, сега Сенси Васлев отива натам бързо бързо.",https://dnes.dir.bg/politika/sledizborno-roene-vota-specheliha-pet-no-v-noviya-parlament-vlyazoha-shest-formatsii,"Следизборно роене: Вота спечелиха пет, но в новия парламент ще бъдат шест формации",Негативен,0.94,разочарование,Неутрален,0.9,спокойствие,Негативен,0.85,разочарование
"Вероятно Сенсито просто иска повече кити, защото ако са отделни групи, може би ще имат отделно допълнително за председател, за групи, не знам. Долнопробна сган !!! Ако си мислят, че нещо зависи от техните 16 депутата...",https://dnes.dir.bg/politika/sledizborno-roene-vota-specheliha-pet-no-v-noviya-parlament-vlyazoha-shest-formatsii,"Следизборно роене: Вота спечелиха пет, но в новия парламент ще бъдат шест формации",Негативен,0.96,гняв,Неутрален,0.9,спокойствие,Негативен,0.85,разочарование
И сега ще имаме две секти всяка със своята специфика ли?,https://dnes.dir.bg/politika/sledizborno-roene-vota-specheliha-pet-no-v-noviya-parlament-vlyazoha-shest-formatsii,"Следизборно роене: Вота спечелиха пет, но в новия парламент ще бъдат шест формации",Негативен,0.82,недоволство,Неутрален,0.9,спокойствие,Негативен,0.85,разочарование
По кой закон ПП-ДБ може да се раздели на отделни групи?,https://dnes.dir.bg/politika/sledizborno-roene-vota-specheliha-pet-no-v-noviya-parlament-vlyazoha-shest-formatsii,"Следизборно роене: Вота спечелиха пет, но в новия парламент ще бъдат шест формации",Неутрален,0.92,любопитство,Неутрален,0.9,спокойствие,Негативен,0.85,разочарование
"по закона на джунглата, естествено.",https://dnes.dir.bg/politika/sledizborno-roene-vota-specheliha-pet-no-v-noviya-parlament-vlyazoha-shest-formatsii,"Следизборно роене: Вота спечелиха пет, но в новия парламент ще бъдат шест формации",Негативен,0.72,цинизъм,Неутрален,0.9,спокойствие,Негативен,0.85,разочарование
Решението е да ги изхвърли от парламента новият председател със мотиви грубо нарошените на изборите коалиционни предизборни свадби със молба за развод преди да е обявен брака за официален.Вън от парламента измамници.,https://dnes.dir.bg/politika/sledizborno-roene-vota-specheliha-pet-no-v-noviya-parlament-vlyazoha-shest-formatsii,"Следизборно роене: Вота спечелиха пет, но в новия парламент ще бъдат шест формации",Негативен,0.95,гняв,Неутрален,0.9,спокойствие,Негативен,0.85,разочарование
"няма правомощия да изхвърля никого от парламента, понеже не ги е избирал той.",https://dnes.dir.bg/politika/sledizborno-roene-vota-specheliha-pet-no-v-noviya-parlament-vlyazoha-shest-formatsii,"Следизборно роене: Вота спечелиха пет, но в новия парламент ще бъдат шест формации",Неутрален,0.82,спокойствие,Неутрален,0.9,спокойствие,Негативен,0.85,разочарование
А при едни следващи избори групичката на Асенчо с хубавите очички ще отиде при СлаФчУ и ТошкУ,https://dnes.dir.bg/politika/sledizborno-roene-vota-specheliha-pet-no-v-noviya-parlament-vlyazoha-shest-formatsii,"Следизборно роене: Вота спечелиха пет, но в новия парламент ще бъдат шест формации",Негативен,0.78,пренебрежение,Неутрален,0.9,спокойствие,Негативен,0.85,разочарование
"С новия Правилник за работата на НС, трябва да се промени начина за определяне на заплатите на депутатите, съответно възнагражденията на председателите и членовете на комисиите.",https://dnes.dir.bg/politika/sledizborno-roene-vota-specheliha-pet-no-v-noviya-parlament-vlyazoha-shest-formatsii,"Следизборно роене: Вота спечелиха пет, но в новия парламент ще бъдат шест формации",Неутрален,0.92,спокойствие,Неутрален,0.9,спокойствие,Негативен,0.85,разочарование
"Стига с тези коалиции, увеличете прага за влизане в парламента, направете избирателния закон, както в Унгария и да не гледаме повече 30 години муцуни в парламента! Пример ген. Атанасов!",https://dnes.dir.bg/politika/sledizborno-roene-vota-specheliha-pet-no-v-noviya-parlament-vlyazoha-shest-formatsii,"Следизборно роене: Вота спечелиха пет, но в новия парламент ще бъдат шест формации",Негативен,0.93,гняв,Неутрален,0.9,спокойствие,Негативен,0.85,разочарование
"Ще се изтрепят да оберат трохите, които Радев им остави! Показаха истинската си същност защо са в парламента- да си правят далаверите и да папкат от еврофондовете. Вече като няма далавера - развод",https://dnes.dir.bg/politika/sledizborno-roene-vota-specheliha-pet-no-v-noviya-parlament-vlyazoha-shest-formatsii,"Следизборно роене: Вота спечелиха пет, но в новия парламент ще бъдат шест формации",Негативен,0.97,гняв,Неутрален,0.9,спокойствие,Негативен,0.85,разочарование
"Това си е 100% изборна измама. Жълтопаважната шайка знаеше че ако са отделно преди изборите, вероятно част от тях щяха да гледат Парламент отвън. Затова го играха приятели докато влязат групово а сега ще се делят и ще искат повече места в комисиите.",https://dnes.dir.bg/politika/sledizborno-roene-vota-specheliha-pet-no-v-noviya-parlament-vlyazoha-shest-formatsii,"Следизборно роене: Вота спечелиха пет, но в новия парламент ще бъдат шест формации",Негативен,0.96,гняв,Неутрален,0.9,спокойствие,Негативен,0.85,разочарование
"Тези опции за влизане в парламента на формации, които при равни други условия няма да минат и 1%, визирам ДБ, трябва законово да се преустановят. Това е съвсем съзнателно преиначаване на изборния резултат, използвайки ракета-носител.",https://dnes.dir.bg/politika/sledizborno-roene-vota-specheliha-pet-no-v-noviya-parlament-vlyazoha-shest-formatsii,"Следизборно роене: Вота спечелиха пет, но в новия парламент ще бъдат шест формации",Негативен,0.86,недоволство,Неутрален,0.9,спокойствие,Негативен,0.85,разочарование
"Да им ЕП,М проста. Да бяха го направили преди изборите. Боклуци с боклуци долни.",https://dnes.dir.bg/politika/sledizborno-roene-vota-specheliha-pet-no-v-noviya-parlament-vlyazoha-shest-formatsii,"Следизборно роене: Вота спечелиха пет, но в новия парламент ще бъдат шест формации",Негативен,0.98,гняв,Неутрален,0.9,спокойствие,Негативен,0.85,разочарование
В тая кочина са само безродни отрепки и алчни боклуци!!!,https://dnes.dir.bg/politika/sledizborno-roene-vota-specheliha-pet-no-v-noviya-parlament-vlyazoha-shest-formatsii,"Следизборно роене: Вота спечелиха пет, но в новия парламент ще бъдат шест формации",Негативен,0.99,гняв,Неутрален,0.9,спокойствие,Негативен,0.85,разочарование
Това сговор на педеразите ли е някакъв?,https://dnes.dir.bg/politika/sledizborno-roene-vota-specheliha-pet-no-v-noviya-parlament-vlyazoha-shest-formatsii,"Следизборно роене: Вота спечелиха пет, но в новия парламент ще бъдат шест формации",Негативен,0.95,гняв,Неутрален,0.9,спокойствие,Негативен,0.85,разочарование
"Гледайте последния коментар на ВоленМного е правСега Тази част от ГЕРБ ПП-ДБ се опитва как Радев да не може да ги детронира тоталноЗле са , пълни балъци , порцийката намаля за всичкиНаправо ми е кеф да гледам , днес ще гледам всичко с интерес",https://dnes.dir.bg/politika/sledizborno-roene-vota-specheliha-pet-no-v-noviya-parlament-vlyazoha-shest-formatsii,"Следизборно роене: Вота спечелиха пет, но в новия парламент ще бъдат шест формации",Позитивен,0.72,злорадство,Неутрален,0.9,спокойствие,Негативен,0.85,разочарование
"както и да именуват, със или без интервал си остават ниско станасов, божо некъпания, кокорчо розовия и как му беше името на ония с кривата хлава не се сещам",https://dnes.dir.bg/politika/sledizborno-roene-vota-specheliha-pet-no-v-noviya-parlament-vlyazoha-shest-formatsii,"Следизборно роене: Вота спечелиха пет, но в новия парламент ще бъдат шест формации",Негативен,0.95,презрение,Неутрален,0.9,спокойствие,Негативен,0.85,разочарование
"Радев ги свитна здраво с пълното си мнозинство и ПП-та и ДБ-та са в шок. Получава се ситуация в която няма полза за тях защото практически не могат да правят далаверки със сглобки, олигархичен слугинаж и продажба на национални интереси с врътките покрай войната в Укриа. И сега ще има роене, люспене и подобни такива.",https://dnes.dir.bg/politika/sledizborno-roene-vota-specheliha-pet-no-v-noviya-parlament-vlyazoha-shest-formatsii,"Следизборно роене: Вота спечелиха пет, но в новия парламент ще бъдат шест формации",Негативен,0.92,гняв,Неутрален,0.9,спокойствие,Негативен,0.85,разочарование
ППДБ пак ще се съберат заедно на София прайд предвождани от лама Терзиев и Асен пеньоара,https://dnes.dir.bg/politika/sledizborno-roene-vota-specheliha-pet-no-v-noviya-parlament-vlyazoha-shest-formatsii,"Следизборно роене: Вота спечелиха пет, но в новия парламент ще бъдат шест формации",Негативен,0.86,презрение,Неутрален,0.9,спокойствие,Негативен,0.85,разочарование
"Овладяха и София.Васил Терзиев е български политик, предприемач, инвеститор и филантроп, петроханчик. Роден на 9 юни 1978 г. Баща му Александър Терзиев е офицер от Първо главно управление на Държавна сигурност. Бил е щатен служител в Управление „Научно-техническо разузнаване“ с чин капитан. Дядо му, на когото е кръстен, е Васил Терзиев, който е комунистически партизанин, генерал от Държавна сигурност и дългогодишен началник на нейното Трето управление (военно контраразузнаване). Майка му – Иглика Цекова-Терзиева е офицер в Шести отдел на Първо главно управление на ДС.",https://dnes.dir.bg/politika/sledizborno-roene-vota-specheliha-pet-no-v-noviya-parlament-vlyazoha-shest-formatsii,"Следизборно роене: Вота спечелиха пет, но в новия парламент ще бъдат шест формации",Негативен,0.78,недоволство,Неутрален,0.9,спокойствие,Негативен,0.85,разочарование
"то това не е политически развод , а обикновена гейска свада",https://dnes.dir.bg/politika/sledizborno-roene-vota-specheliha-pet-no-v-noviya-parlament-vlyazoha-shest-formatsii,"Следизборно роене: Вота спечелиха пет, но в новия парламент ще бъдат шест формации",Негативен,0.92,презрение,Неутрален,0.9,спокойствие,Негативен,0.85,разочарование
"дб винаги са играли подло с преференциите и са агитирали само за себе си, не и за коалицията, така че асен василев правилно им би шута, а сега ще може спокойно да продава присъствието си на ра радев за подкрепа и власт, без дб да му висят на врата.",https://dnes.dir.bg/politika/sledizborno-roene-vota-specheliha-pet-no-v-noviya-parlament-vlyazoha-shest-formatsii,"Следизборно роене: Вота спечелиха пет, но в новия парламент ще бъдат шест формации",Негативен,0.92,гняв,Неутрален,0.9,спокойствие,Негативен,0.85,разочарование
"Денкогпу пак на първа страница с идиотите!Ей, академико недоклатен, пълнолетен стана и умът ти пак не дойде!",https://dnes.dir.bg/politika/sledizborno-roene-vota-specheliha-pet-no-v-noviya-parlament-vlyazoha-shest-formatsii,"Следизборно роене: Вота спечелиха пет, но в новия парламент ще бъдат шест формации",Негативен,0.98,гняв,Неутрален,0.9,спокойствие,Негативен,0.85,разочарование
"На тези зомбита им се полага един зам председател на парламента, който да си го въртят през 9 месеца.",https://dnes.dir.bg/politika/sledizborno-roene-vota-specheliha-pet-no-v-noviya-parlament-vlyazoha-shest-formatsii,"Следизборно роене: Вота спечелиха пет, но в новия парламент ще бъдат шест формации",Негативен,0.92,презрение,Неутрален,0.9,спокойствие,Негативен,0.85,разочарование
ГЕЙ-ДРАМА,https://dnes.dir.bg/politika/sledizborno-roene-vota-specheliha-pet-no-v-noviya-parlament-vlyazoha-shest-formatsii,"Следизборно роене: Вота спечелиха пет, но в новия парламент ще бъдат шест формации",Неутрален,0.68,неутралност,Неутрален,0.9,спокойствие,Негативен,0.85,разочарование
Гей драма ама за пари,https://dnes.dir.bg/politika/sledizborno-roene-vota-specheliha-pet-no-v-noviya-parlament-vlyazoha-shest-formatsii,"Следизборно роене: Вота спечелиха пет, но в новия парламент ще бъдат шест формации",Негативен,0.62,пренебрежение,Неутрален,0.9,спокойствие,Негативен,0.85,разочарование
"То друго утешение не остана на зомбираните тролове в умираща в разпадещия се евроГЕЙски съюз Бълария, освен да ронят крокодилски сълзи в продажните медии. За успокоение - като ви вкарат дигиталното евро и сълзи няма да им останат. Добре е, че са изчезващ вид.",https://dnes.dir.bg/politika/pp-predlaga-na-db-da-se-razdelyat-na-dve-grupi-v-obsht-parlamentaren-sayuz,ПП и ДБ се разделят на две групи в общ парламентарен съюз,Негативен,0.98,гняв,Неутрален,0.95,спокойствие,Неутрален,0.9,спокойствие
"Най-накрая се уверих, че Румен Радев е евреин, но сега вече го знам.",https://dnes.dir.bg/politika/sledizborno-roene-vota-specheliha-pet-no-v-noviya-parlament-vlyazoha-shest-formatsii,"Следизборно роене: Вота спечелиха пет, но в новия парламент ще бъдат шест формации",Неутрален,0.78,увереност,Неутрален,0.9,спокойствие,Негативен,0.85,разочарование
"Не знаят как да си разделят субсидията,ПП алчнеят ,ДБ нищо не стават.",https://dnes.dir.bg/politika/sledizborno-roene-vota-specheliha-pet-no-v-noviya-parlament-vlyazoha-shest-formatsii,"Следизборно роене: Вота спечелиха пет, но в новия парламент ще бъдат шест формации",Негативен,0.95,гняв,Неутрален,0.9,спокойствие,Негативен,0.85,разочарование
Гейовете се разведоха. Каква трагедия. Утре нека да обявим национален траур.,https://dnes.dir.bg/politika/sledizborno-roene-vota-specheliha-pet-no-v-noviya-parlament-vlyazoha-shest-formatsii,"Следизборно роене: Вота спечелиха пет, но в новия парламент ще бъдат шест формации",Негативен,0.92,презрение,Неутрален,0.9,спокойствие,Негативен,0.85,разочарование
"Много вожд на снимката, много идиоти, ама малко индианци!",https://dnes.dir.bg/politika/sledizborno-roene-vota-specheliha-pet-no-v-noviya-parlament-vlyazoha-shest-formatsii,"Следизборно роене: Вота спечелиха пет, но в новия парламент ще бъдат шест формации",Негативен,0.95,презрение,Неутрален,0.9,спокойствие,Негативен,0.85,разочарование
",,,,едали, сър",https://dnes.dir.bg/politika/sledizborno-roene-vota-specheliha-pet-no-v-noviya-parlament-vlyazoha-shest-formatsii,"Следизборно роене: Вота спечелиха пет, но в новия парламент ще бъдат шест формации",Неутрален,0.82,спокойствие,Неутрален,0.9,спокойствие,Негативен,0.85,разочарование
"Много вожд, малко индианец! Смешни и жалки са. Снимката направо кърти мивки. Много са им мрачни физиономиите на тези от ДСБ и ДБ. Защо ли!? А т. нар. ""генерал"" едвам се вижда зад микрофоните.",https://dnes.dir.bg/politika/sledizborno-roene-vota-specheliha-pet-no-v-noviya-parlament-vlyazoha-shest-formatsii,"Следизборно роене: Вота спечелиха пет, но в новия парламент ще бъдат шест формации",Негативен,0.96,презрение,Неутрален,0.9,спокойствие,Негативен,0.85,разочарование
"Мръсните номера на ПП се целят в партията на Радев. Искат с шепичка депутати да определят политиката на България. Помним как изработиха Мария Габриел, помним и как клатят и събарят властта, когато не са в нея. Радев, пази се от отрочето си!",https://dnes.dir.bg/politika/sledizborno-roene-vota-specheliha-pet-no-v-noviya-parlament-vlyazoha-shest-formatsii,"Следизборно роене: Вота спечелиха пет, но в новия парламент ще бъдат шест формации",Негативен,0.94,гняв,Неутрален,0.9,спокойствие,Негативен,0.85,разочарование
"Нищо не могат да направят. Малко са. Остава им само интриги и скандали да въртят, но кой ли ще им обръща внимание на тези кресльовци!?",https://dnes.dir.bg/politika/sledizborno-roene-vota-specheliha-pet-no-v-noviya-parlament-vlyazoha-shest-formatsii,"Следизборно роене: Вота спечелиха пет, но в новия парламент ще бъдат шест формации",Негативен,0.94,презрение,Неутрален,0.9,спокойствие,Негативен,0.85,разочарование
"ШУМКАРИТЕ РАЗЦЕПИХА УНУКИТЕ СИ ...ЗА ДА МОЖЕ ПЕПЕ-ТКИТЕ ДА ДУХАТ ЗДРАВО НА МУНЧО, А ДЕБЕ-ЙКИТЕ - ДА ИГРАЯТ ""ДЕМОКРАТИЧНА ОПОЗИЦИЯ""",https://dnes.dir.bg/politika/sledizborno-roene-vota-specheliha-pet-no-v-noviya-parlament-vlyazoha-shest-formatsii,"Следизборно роене: Вота спечелиха пет, но в новия парламент ще бъдат шест формации",Негативен,0.95,гняв,Неутрален,0.9,спокойствие,Негативен,0.85,разочарование
"Можеше и на три да се роят, та всички вождове да са зам. председатели на НС и участие в комисии, но дали гласовете на ПБ ще им дадат тази възможност, все пак са влезли като коалиция на Шар.атаните.",https://dnes.dir.bg/politika/sledizborno-roene-vota-specheliha-pet-no-v-noviya-parlament-vlyazoha-shest-formatsii,"Следизборно роене: Вота спечелиха пет, но в новия парламент ще бъдат шест формации",Негативен,0.82,сарказъм,Неутрален,0.9,спокойствие,Негативен,0.85,разочарование
Какви гниди!,https://dnes.dir.bg/politika/sledizborno-roene-vota-specheliha-pet-no-v-noviya-parlament-vlyazoha-shest-formatsii,"Следизборно роене: Вота спечелиха пет, но в новия парламент ще бъдат шест формации",Негативен,0.98,гняв,Неутрален,0.9,спокойствие,Негативен,0.85,разочарование
Ниско Атанасов е истински гигант с новата табуретка. Вече се забелязва на кадрото.,https://dnes.dir.bg/politika/sledizborno-roene-vota-specheliha-pet-no-v-noviya-parlament-vlyazoha-shest-formatsii,"Следизборно роене: Вота спечелиха пет, но в новия парламент ще бъдат шест формации",Негативен,0.78,насмешка,Неутрален,0.9,спокойствие,Негативен,0.85,разочарование
"И ПП както и ДБ са б оклуци. Някакви си проекти на чужди държави, целящи унищожението на България. Що не се разцепиха преди изборите? Щяха да са с по 2% и да правят компания на БСП. Много скоро ще разберем коя от двете крила е целунала пръстена на Новия Спасител, чакайки да и се подхвърли трошица...",https://dnes.dir.bg/politika/sledizborno-roene-vota-specheliha-pet-no-v-noviya-parlament-vlyazoha-shest-formatsii,"Следизборно роене: Вота спечелиха пет, но в новия парламент ще бъдат шест формации",Негативен,0.98,гняв,Неутрален,0.9,спокойствие,Негативен,0.85,разочарование
А бе направо го закриваите тоя цирк шебеци !,https://dnes.dir.bg/politika/sledizborno-roene-vota-specheliha-pet-no-v-noviya-parlament-vlyazoha-shest-formatsii,"Следизборно роене: Вота спечелиха пет, но в новия парламент ще бъдат шест формации",Негативен,0.97,гняв,Неутрален,0.9,спокойствие,Негативен,0.85,разочарование
Петрохански чалга.,https://dnes.dir.bg/politika/sledizborno-roene-vota-specheliha-pet-no-v-noviya-parlament-vlyazoha-shest-formatsii,"Следизборно роене: Вота спечелиха пет, но в новия парламент ще бъдат шест формации",Негативен,0.62,пренебрежение,Неутрален,0.9,спокойствие,Негативен,0.85,разочарование
"Кокорко с наранено самолюбие, преференции щели да ползват, ай си ... Ама на следващите избори ""йок"" парламент",https://dnes.dir.bg/politika/sledizborno-roene-vota-specheliha-pet-no-v-noviya-parlament-vlyazoha-shest-formatsii,"Следизборно роене: Вота спечелиха пет, но в новия парламент ще бъдат шест формации",Негативен,0.92,презрение,Неутрален,0.9,спокойствие,Негативен,0.85,разочарование
"До следващите избори, толкова пакости могат да направят тези, че ум да ти зайде .....",https://dnes.dir.bg/politika/sledizborno-roene-vota-specheliha-pet-no-v-noviya-parlament-vlyazoha-shest-formatsii,"Следизборно роене: Вота спечелиха пет, но в новия парламент ще бъдат шест формации",Негативен,0.92,възмущение,Неутрален,0.9,спокойствие,Негативен,0.85,разочарование
"Българите вместо да бяха гласували за петроханските педофили и техните партньори, по-добре да бяха дали гласовете си за Възраждане, 1000 пъти щеше да е по-добре.",https://dnes.dir.bg/politika/sledizborno-roene-vota-specheliha-pet-no-v-noviya-parlament-vlyazoha-shest-formatsii,"Следизборно роене: Вота спечелиха пет, но в новия парламент ще бъдат шест формации",Негативен,0.96,гняв,Неутрален,0.9,спокойствие,Негативен,0.85,разочарование
"Всички джендъри гласуваха за ПП, тоест това са обратните гласоподаватели в България, тези с меките китки.",https://dnes.dir.bg/politika/sledizborno-roene-vota-specheliha-pet-no-v-noviya-parlament-vlyazoha-shest-formatsii,"Следизборно роене: Вота спечелиха пет, но в новия парламент ще бъдат шест формации",Негативен,0.95,презрение,Неутрален,0.9,спокойствие,Негативен,0.85,разочарование
"Роенето на педерастите не е много желателно, и без това са много, но в случая е поносимо.Това дава възможност реална да изчезнат окончателно.",https://dnes.dir.bg/politika/sledizborno-roene-vota-specheliha-pet-no-v-noviya-parlament-vlyazoha-shest-formatsii,"Следизборно роене: Вота спечелиха пет, но в новия парламент ще бъдат шест формации",Негативен,0.98,омраза,Неутрален,0.9,спокойствие,Негативен,0.85,разочарование
"На снимката съм най-мъничкият,Нооо и най-умен,опитен,мъдър и прозорлив! Ей Кокорчо- фукльо такъв! Шило гаден! Отделихте се ПП в отделна група,но сте само 17, а ние Демократична България сме 20 отбор юнаци!! Ха ха ха...Но да не вземем и Ник пък да се разцепим..че от ДСБ Костовистити шъ остани сал 6 душички...и Азия нема да мога да си вземам сладка паричния добавка кат Зам- Председатель на Парламента...тюх тюх тюх Одрахме се яката..",https://dnes.dir.bg/politika/sledizborno-roene-vota-specheliha-pet-no-v-noviya-parlament-vlyazoha-shest-formatsii,"Следизборно роене: Вота спечелиха пет, но в новия парламент ще бъдат шест формации",Негативен,0.91,презрение,Неутрален,0.9,спокойствие,Негативен,0.85,разочарование
"Орел и рак, и щука,не зная по каква сполука,такваз им работа дошлада теглят наедно кола.И ето те са впрягат,напъват са, напрягат,ей тъй, че ще са пукнат чак,а пустите кола не мръдват пак.Те можаха покаранай-лесничко товара,но на, орелът кат крилатвсе теглял нависоко,кир Рачо — теглял наназад,а щуката — в дълбоко.Кой крив, кой прав — не знам,Товарът и до нине там.Несговорна дружина— не могат си почина.",https://dnes.dir.bg/politika/sledizborno-roene-vota-specheliha-pet-no-v-noviya-parlament-vlyazoha-shest-formatsii,"Следизборно роене: Вота спечелиха пет, но в новия парламент ще бъдат шест формации",Негативен,0.92,разочарование,Неутрален,0.9,спокойствие,Негативен,0.85,разочарование
"А тъй като се класираха за събранието като коалиция..След като се делят на крилце и кълка , перце и перушина.. ( Познато за бивши изтърсаци от СДС роене и цепене).ЩЕ СЕ ОТКАЖАТ ЛИ ОТ СУБСИДИЯТА?По правилата за коалициите получили от 1 до 4%...ЩОТО ЗА ПАРЛАМЕНТАРНА ГРУПА ""ПуПУ"" и за ПАРЛАМЕНТАРНА ГРУПА ""ДъБъ"" на изборите НИКОЙ НЕ Е ГЛАСУВАЛ.",https://dnes.dir.bg/politika/sledizborno-roene-vota-specheliha-pet-no-v-noviya-parlament-vlyazoha-shest-formatsii,"Следизборно роене: Вота спечелиха пет, но в новия парламент ще бъдат шест формации",Негативен,0.92,гняв,Неутрален,0.9,спокойствие,Негативен,0.85,разочарование
"Много вожд, малко индианец.",https://dnes.dir.bg/politika/sledizborno-roene-vota-specheliha-pet-no-v-noviya-parlament-vlyazoha-shest-formatsii,"Следизборно роене: Вота спечелиха пет, но в новия парламент ще бъдат шест формации",Негативен,0.82,разочарование,Неутрален,0.9,спокойствие,Негативен,0.85,разочарование
То са учакваши от тия Гало ши туй. Прекалено умнокрасиви. Народът ще си отдъхни да ги скива. Амин.,https://dnes.dir.bg/politika/sledizborno-roene-vota-specheliha-pet-no-v-noviya-parlament-vlyazoha-shest-formatsii,"Следизборно роене: Вота спечелиха пет, но в новия парламент ще бъдат шест формации",Негативен,0.86,презрение,Неутрален,0.9,спокойствие,Негативен,0.85,разочарование
"Си 2те кифтета ,едно за да гласувам другото за протеста",https://dnes.dir.bg/politika/sledizborno-roene-vota-specheliha-pet-no-v-noviya-parlament-vlyazoha-shest-formatsii,"Следизборно роене: Вота спечелиха пет, но в новия парламент ще бъдат шест формации",Негативен,0.55,ирония,Неутрален,0.9,спокойствие,Негативен,0.85,разочарование
Каква чудесна новина. Да им пожелаем попътен вятър към небитието. На следващите избори без петроханската шайка.,https://dnes.dir.bg/politika/sledizborno-roene-vota-specheliha-pet-no-v-noviya-parlament-vlyazoha-shest-formatsii,"Следизборно роене: Вота спечелиха пет, но в новия парламент ще бъдат шест формации",Негативен,0.86,презрение,Неутрален,0.9,спокойствие,Негативен,0.85,разочарование
ПП ДБ са развъдник на гейове и педофили,https://dnes.dir.bg/politika/sledizborno-roene-vota-specheliha-pet-no-v-noviya-parlament-vlyazoha-shest-formatsii,"Следизборно роене: Вота спечелиха пет, но в новия парламент ще бъдат шест формации",Негативен,0.98,омраза,Неутрален,0.9,спокойствие,Негативен,0.85,разочарование
"За мое огромно съжаление това представляват в момента партиите с европейска насоченост. Това обяснява донякъде и резултата на ПБ. Не съм сигурен следващия път , че тези ""демократични"" хора ще достигнат 4% .Друг е въпроса за тоталната неблагодарност на 2 милиона български пенсионери, чийто пенсии бяха удвоени точно от ППДБ ! Всъщност през последните 4 години ми стана ясно, че България винаги е била 16-та република на СССР , а българинът винаги е бил повече руснак, отколкото българин ...",https://dnes.dir.bg/politika/sledizborno-roene-vota-specheliha-pet-no-v-noviya-parlament-vlyazoha-shest-formatsii,"Следизборно роене: Вота спечелиха пет, но в новия парламент ще бъдат шест формации",Негативен,0.95,разочарование,Неутрален,0.9,спокойствие,Негативен,0.85,разочарование
"Глупости плещиш!Кажи удвояването на пенсиите за чия сметка стана? Не теглиха ли заем да раздават наляво и надясно за увеличение на всякакви плащания, които са като вода в пясък, вместо да инвестират в неща с някаква добавена стойност?М?А ПБ недей да бързаш да ги пращаш в сесесере-то! Нека видим какво ще направят, щото ми се чини, че ще сърбаме и там попара.",https://dnes.dir.bg/politika/sledizborno-roene-vota-specheliha-pet-no-v-noviya-parlament-vlyazoha-shest-formatsii,"Следизборно роене: Вота спечелиха пет, но в новия парламент ще бъдат шест формации",Негативен,0.94,гняв,Неутрален,0.9,спокойствие,Негативен,0.85,разочарование
"Как само другарят Радев използва тези, които създаде, за да му проправят пътя към властта.Хитрец си ти....",https://dnes.dir.bg/politika/sledizborno-roene-vota-specheliha-pet-no-v-noviya-parlament-vlyazoha-shest-formatsii,"Следизборно роене: Вота спечелиха пет, но в новия парламент ще бъдат шест формации",Негативен,0.88,презрение,Неутрален,0.9,спокойствие,Негативен,0.85,разочарование
"Тия само като ги гледам с Ентелигентните си мутри и ме сбира срам че представляват голяма част от сънародниците ни .....Ба си амебите мазни родени от хидрата- Политика,гняс.",https://dnes.dir.bg/politika/sledizborno-roene-vota-specheliha-pet-no-v-noviya-parlament-vlyazoha-shest-formatsii,"Следизборно роене: Вота спечелиха пет, но в новия парламент ще бъдат шест формации",Негативен,0.98,гняв,Неутрален,0.9,спокойствие,Негативен,0.85,разочарование
Типични болни отрепани педали.,https://dnes.dir.bg/politika/sledizborno-roene-vota-specheliha-pet-no-v-noviya-parlament-vlyazoha-shest-formatsii,"Следизборно роене: Вота спечелиха пет, но в новия парламент ще бъдат шест формации",Негативен,0.98,отвращение,Неутрален,0.9,спокойствие,Негативен,0.85,разочарование
Докараха Радев и сега са в състояние на свободно падане.,https://dnes.dir.bg/politika/sledizborno-roene-vota-specheliha-pet-no-v-noviya-parlament-vlyazoha-shest-formatsii,"Следизборно роене: Вота спечелиха пет, но в новия парламент ще бъдат шест формации",Негативен,0.86,разочарование,Неутрален,0.9,спокойствие,Негативен,0.85,разочарование
"Не е необходимо Народно Събрание, цялата власт е в регресивните русофилистици, те ще решават всичко, а андрешковците ще изпълняват. Очаква се руска телепиздия по петъците, възстановяване на МОЧА, задължителен руски в училищата, съботници, възстановяване на член Първи в нова Конституция за водещата роля на мунчовата клика, преследване на всички не симпатизанти на новата номенклатура, дирижиран референдум за ЕС и НАТО, вдигане паметници на лилиПуткин и още ред изненади за овчето стадо.",https://dnes.dir.bg/politika/sledizborno-roene-vota-specheliha-pet-no-v-noviya-parlament-vlyazoha-shest-formatsii,"Следизборно роене: Вота спечелиха пет, но в новия парламент ще бъдат шест формации",Негативен,0.97,гняв,Неутрален,0.9,спокойствие,Негативен,0.85,разочарование
"Големи глупости си написал, но от съботници има на лежаща нужда, че като гледам колко боклуци има навред, особено е мръсно в столицата, няма да е лошо да се чисти всяка събота.",https://dnes.dir.bg/politika/sledizborno-roene-vota-specheliha-pet-no-v-noviya-parlament-vlyazoha-shest-formatsii,"Следизборно роене: Вота спечелиха пет, но в новия парламент ще бъдат шест формации",Негативен,0.86,раздразнение,Неутрален,0.9,спокойствие,Негативен,0.85,разочарование
"Ако те са русофилистични, незнам какво да кажа за другите....По твоята логика сигурно израждане най-малко са такива?!?",https://dnes.dir.bg/politika/sledizborno-roene-vota-specheliha-pet-no-v-noviya-parlament-vlyazoha-shest-formatsii,"Следизборно роене: Вота спечелиха пет, но в новия парламент ще бъдат шест формации",Негативен,0.78,раздразнение,Неутрален,0.9,спокойствие,Негативен,0.85,разочарование
"Нито са леви, нито са десни, най са русофилистични, сборище на изтърсаци на комунистическата номенклатура, надянали европейски маски",https://dnes.dir.bg/politika/sledizborno-roene-vota-specheliha-pet-no-v-noviya-parlament-vlyazoha-shest-formatsii,"Следизборно роене: Вота спечелиха пет, но в новия парламент ще бъдат шест формации",Негативен,0.96,презрение,Неутрален,0.9,спокойствие,Негативен,0.85,разочарование
"Когато властта беше в ръцете им, се занимаваха с щуротии - нарязване на паметници, разваляне на договори, правеха се на атомни енергетици, показни арести, гонене на дипломати, ... После запяха песента за равноотдалечени политици - от какво отдалечени - явно от обещанията си.Ако ги вълнуваше съдебната реформа истински, можеха да я осъществят, можеха да съберат плаващо мнозинство, но май само за вдигане на заплатите си бяха съгласни на такъв ""компромис"".Мошенници, гласувах за вас поотделно по веднъж,нагледах се на севро-сеир, сега изчезвайте, барабар с прайда си, сектите си, украинските си кокошки с брошки и всичките си ""ценности""",https://dnes.dir.bg/politika/sledizborno-roene-vota-specheliha-pet-no-v-noviya-parlament-vlyazoha-shest-formatsii,"Следизборно роене: Вота спечелиха пет, но в новия парламент ще бъдат шест формации",Негативен,0.98,гняв,Неутрален,0.9,спокойствие,Негативен,0.85,разочарование
"Циркаджии, които се изпокараха за места в парламента и позции.",https://dnes.dir.bg/politika/sledizborno-roene-vota-specheliha-pet-no-v-noviya-parlament-vlyazoha-shest-formatsii,"Следизборно роене: Вота спечелиха пет, но в новия парламент ще бъдат шест формации",Негативен,0.92,презрение,Неутрален,0.9,спокойствие,Негативен,0.85,разочарование
"Ще се разделим на две парламентарни групи, ама да направим парламентарен съюз. Асене, надрусан ли си, що ли?!? Какъв е смисъла от едното, като другото е точно обратното. Айде бегай при баща си радев и спри с цирковете, то отдавна е ясно, че ти е мило за него. То не случайно още преди години бойко рече, че за разлика от ДБ, с вас е невъзможно да се разговаря, щото вие сте просто някакви бесновати истерични наглеци.",https://dnes.dir.bg/politika/sledizborno-roene-vota-specheliha-pet-no-v-noviya-parlament-vlyazoha-shest-formatsii,"Следизборно роене: Вота спечелиха пет, но в новия парламент ще бъдат шест формации",Негативен,0.98,гняв,Неутрален,0.9,спокойствие,Негативен,0.85,разочарование
"Прокситата на Шиши и Боко се раздвижиха. За съжаление на Радев ще му е трудно за съдебната реформа.В новия парламент има 131 нови депутати, а всички останали са проксита на прасето и тиквата.",https://dnes.dir.bg/politika/sledizborno-roene-vota-specheliha-pet-no-v-noviya-parlament-vlyazoha-shest-formatsii,"Следизборно роене: Вота спечелиха пет, но в новия парламент ще бъдат шест формации",Негативен,0.94,гняв,Неутрален,0.9,спокойствие,Негативен,0.85,разочарование
"Клеясъл, тая мантра вече не върви. Няма вече ""моделът Борисов и Пеевски"". Нямам идея с какво ще облъчвате кретенското население на България. Територия населена на почти 100% от лоботомирани олигофрени. Но вече не върви. Кретените избраха кретен. Кретенокрация. Ай оди у лево, да ти ....майката.",https://dnes.dir.bg/politika/sledizborno-roene-vota-specheliha-pet-no-v-noviya-parlament-vlyazoha-shest-formatsii,"Следизборно роене: Вота спечелиха пет, но в новия парламент ще бъдат шест формации",Негативен,0.98,гняв,Неутрален,0.9,спокойствие,Негативен,0.85,разочарование
Тия двете вън от парламента за измама,https://dnes.dir.bg/politika/sledizborno-roene-vota-specheliha-pet-no-v-noviya-parlament-vlyazoha-shest-formatsii,"Следизборно роене: Вота спечелиха пет, но в новия парламент ще бъдат шест формации",Негативен,0.9,гняв,Неутрален,0.9,спокойствие,Негативен,0.85,разочарование
"Аз мислех, че Възраждане са жалки, но тези ги биха...",https://dnes.dir.bg/politika/sledizborno-roene-vota-specheliha-pet-no-v-noviya-parlament-vlyazoha-shest-formatsii,"Следизборно роене: Вота спечелиха пет, но в новия парламент ще бъдат шест формации",Негативен,0.92,презрение,Неутрален,0.9,спокойствие,Негативен,0.85,разочарование
Снимката кърти - сбирка на олигофрени.,https://dnes.dir.bg/politika/sledizborno-roene-vota-specheliha-pet-no-v-noviya-parlament-vlyazoha-shest-formatsii,"Следизборно роене: Вота спечелиха пет, но в новия парламент ще бъдат шест формации",Негативен,0.88,презрение,Неутрален,0.9,спокойствие,Негативен,0.85,разочарование
Особено четвъртия от ляво на дясно. Кърти мивки...,https://dnes.dir.bg/politika/sledizborno-roene-vota-specheliha-pet-no-v-noviya-parlament-vlyazoha-shest-formatsii,"Следизборно роене: Вота спечелиха пет, но в новия парламент ще бъдат шест формации",Позитивен,0.86,възхищение,Неутрален,0.9,спокойствие,Негативен,0.85,разочарование
Този високият демократичен субект натрупа по-голям стаж като председател на партия от Тодор Живков.,https://dnes.dir.bg/politika/sledizborno-roene-vota-specheliha-pet-no-v-noviya-parlament-vlyazoha-shest-formatsii,"Следизборно роене: Вота спечелиха пет, но в новия парламент ще бъдат шест формации",Негативен,0.82,сарказъм,Неутрален,0.9,спокойствие,Негативен,0.85,разочарование
Разпадайте се продажници!,https://dnes.dir.bg/politika/db-sa-protiv-razvod-s-pp-razdelenieto-e-seriozna-politicheska-greshka,ДБ са против развод с ПП: Разделението е сериозна политическа грешка,Негативен,0.98,гняв,Негативен,0.85,загриженост,Негативен,0.85,разочарование
от конкурса за най-противен и грозен ПеП-ДеПраст (просто Европедал) е Божанов особено след тези снимки. Това че е най-грозен се компенсира от това че е най-тъпият ( след еднокнижника Буда с неговата единствена прочетена книга Винету ). Да си направи изводи и да изчезне от политиката заедно с останалите Пе(П)Де(П)раси.,https://dnes.dir.bg/politika/db-sa-protiv-razvod-s-pp-razdelenieto-e-seriozna-politicheska-greshka,ДБ са против развод с ПП: Разделението е сериозна политическа грешка,Негативен,0.98,гняв,Негативен,0.85,загриженост,Негативен,0.85,разочарование
"Този развод най-после ще ми открие възможност да гласувам за ДБ.Въпреки, че съвсем не одобрявам Мирчев.Съюзът им с пп беше неестествен и противен.",https://dnes.dir.bg/politika/db-sa-protiv-razvod-s-pp-razdelenieto-e-seriozna-politicheska-greshka,ДБ са против развод с ПП: Разделението е сериозна политическа грешка,Негативен,0.78,разочарование,Негативен,0.85,загриженост,Негативен,0.85,разочарование
"От друга страна ДБ/ДСБ могат да си върнат част от избирателите, които не са чак толкоз широко скроени като ПП. Да не говорим, че при разумно говорене част от нормалните гербаджии могат да се присъедият към тях.",https://dnes.dir.bg/politika/db-sa-protiv-razvod-s-pp-razdelenieto-e-seriozna-politicheska-greshka,ДБ са против развод с ПП: Разделението е сериозна политическа грешка,Позитивен,0.62,оптимизъм,Негативен,0.85,загриженост,Негативен,0.85,разочарование
"Като видяха, че нищо не направиха, по добре да се разведат.",https://dnes.dir.bg/politika/db-sa-protiv-razvod-s-pp-razdelenieto-e-seriozna-politicheska-greshka,ДБ са против развод с ПП: Разделението е сериозна политическа грешка,Негативен,0.84,разочарование,Негативен,0.85,загриженост,Негативен,0.85,разочарование
Развод ми дай сбогом любими седесари,https://dnes.dir.bg/politika/db-sa-protiv-razvod-s-pp-razdelenieto-e-seriozna-politicheska-greshka,ДБ са против развод с ПП: Разделението е сериозна политическа грешка,Негативен,0.78,тъга,Негативен,0.85,загриженост,Негативен,0.85,разочарование
Асен не е гей.,https://dnes.dir.bg/politika/db-sa-protiv-razvod-s-pp-razdelenieto-e-seriozna-politicheska-greshka,ДБ са против развод с ПП: Разделението е сериозна политическа грешка,Неутрален,0.95,спокойствие,Негативен,0.85,загриженост,Негативен,0.85,разочарование
Не е точно гей - те поне пое..бават само 1 партньор като Божанов. Той е ЕВРОгей който прецаква всички с които работи даже и да ги е пое..бавал. Готов е и баща си да оправи ако ще има полза от това.,https://dnes.dir.bg/politika/db-sa-protiv-razvod-s-pp-razdelenieto-e-seriozna-politicheska-greshka,ДБ са против развод с ПП: Разделението е сериозна политическа грешка,Негативен,0.98,гняв,Негативен,0.85,загриженост,Негативен,0.85,разочарование
"От самото начало, още преди да направят партия, ПП бяха съмнителни и такива си останаха през всичките години. Мунчо ги роди и сега мунчо си ги прибра, ей това стана. Всички простотии, които се случиха в коалицията, бяха направени от ПП. Те бяха с изтеклите записи, те натискаха за подкрепа на радев на президентските, те натиснаха за сглобка с герб, те се натискаха на шиши, парапети, пици с кристали, фалшиви подписи, погазване на конституцията, пачки с пудели и какво ли още не беше, все от тях дойде. Нещастни мижитурки, толкова жадни за власт, че предадоха всичките си партньори. Абсолютна парлама е този ""парламентарен съюз"", който правят сега, никакъв смисъл ДБ да се занимават повече с тях.",https://dnes.dir.bg/politika/db-sa-protiv-razvod-s-pp-razdelenieto-e-seriozna-politicheska-greshka,ДБ са против развод с ПП: Разделението е сериозна политическа грешка,Негативен,0.98,гняв,Негативен,0.85,загриженост,Негативен,0.85,разочарование
"Добър ход на Василев. Има много смисъл в решението му и разбира от рискови ходове. ДБ и особено ДСБ нямат толкова широко мислене, а си кютат каквото си знаят.",https://dnes.dir.bg/politika/db-sa-protiv-razvod-s-pp-razdelenieto-e-seriozna-politicheska-greshka,ДБ са против развод с ПП: Разделението е сериозна политическа грешка,Позитивен,0.78,одобрение,Негативен,0.85,загриженост,Негативен,0.85,разочарование
Асеня иска отворена връзка. Като Лена и Миро,https://dnes.dir.bg/politika/db-sa-protiv-razvod-s-pp-razdelenieto-e-seriozna-politicheska-greshka,ДБ са против развод с ПП: Разделението е сериозна политическа грешка,Неутрален,0.86,неутралност,Негативен,0.85,загриженост,Негативен,0.85,разочарование
Време им е на тези двамата да сключат брак.,https://dnes.dir.bg/politika/db-sa-protiv-razvod-s-pp-razdelenieto-e-seriozna-politicheska-greshka,ДБ са против развод с ПП: Разделението е сериозна политическа грешка,Неутрален,0.78,очакване,Негативен,0.85,загриженост,Негативен,0.85,разочарование
"Изиграха за пореден път хората,които гласуваха за тях.Цялата идея на разделението е да имат двама зам.председатели на НС.",https://dnes.dir.bg/politika/db-sa-protiv-razvod-s-pp-razdelenieto-e-seriozna-politicheska-greshka,ДБ са против развод с ПП: Разделението е сериозна политическа грешка,Негативен,0.91,разочарование,Негативен,0.85,загриженост,Негативен,0.85,разочарование
"И два пъти повече време за изказване , два пъти повече членове в комисии. Селски тарикатлък , що не вземат да го патентоват.",https://dnes.dir.bg/politika/db-sa-protiv-razvod-s-pp-razdelenieto-e-seriozna-politicheska-greshka,ДБ са против развод с ПП: Разделението е сериозна политическа грешка,Негативен,0.95,презрение,Негативен,0.85,загриженост,Негативен,0.85,разочарование
"Гарант за демокрацията били, видиш ли.....Какъв гарант, бе? такъв дето с тъпотитиите от последните години ни докарахте Радев и сега се разцепвате, ама го правели за силна България. ПЪЛНИ НЕЩАСТНИЦИ. Мразя ви, защото заради вас сме в безмремие от 5 години, а отсега нататък още повече не е ясно какво ще става в страната.",https://dnes.dir.bg/politika/db-sa-protiv-razvod-s-pp-razdelenieto-e-seriozna-politicheska-greshka,ДБ са против развод с ПП: Разделението е сериозна политическа грешка,Негативен,0.98,гняв,Негативен,0.85,загриженост,Негативен,0.85,разочарование
Пет човека и куче са гарант за демокрацията в България?,https://dnes.dir.bg/politika/db-sa-protiv-razvod-s-pp-razdelenieto-e-seriozna-politicheska-greshka,ДБ са против развод с ПП: Разделението е сериозна политическа грешка,Негативен,0.72,скептицизъм,Негативен,0.85,загриженост,Негативен,0.85,разочарование
Разкарайте Тулупа и се сливайте с герб.,https://dnes.dir.bg/politika/db-sa-protiv-razvod-s-pp-razdelenieto-e-seriozna-politicheska-greshka,ДБ са против развод с ПП: Разделението е сериозна политическа грешка,Негативен,0.92,гняв,Негативен,0.85,загриженост,Негативен,0.85,разочарование
"И за какво са им на ГЕРБ? Тия нито експертиза имат, нито идеи за каквото и да било.",https://dnes.dir.bg/politika/db-sa-protiv-razvod-s-pp-razdelenieto-e-seriozna-politicheska-greshka,ДБ са против развод с ПП: Разделението е сериозна политическа грешка,Негативен,0.95,презрение,Негативен,0.85,загриженост,Негативен,0.85,разочарование
"Ха ха, асенчо как подготви пп да пристане на радев - разкара всички кирчовци и ленки, после се отърва от седящите в скута на пеевси и сега той е чист като сълза :)))) Хитран голям.",https://dnes.dir.bg/politika/db-sa-protiv-razvod-s-pp-razdelenieto-e-seriozna-politicheska-greshka,ДБ са против развод с ПП: Разделението е сериозна политическа грешка,Негативен,0.72,насмешка,Негативен,0.85,загриженост,Негативен,0.85,разочарование
"Тези немогат да се гледат , а щели да управляват дърцавата. Апсолютни шарлаатани. Не трябва да им дават 2 зам. председателски места, независимо, че ще се разделят в 2 парламентарни групи. По същата логика партията на Радев може да направи 13 парламентарн групи по 10 човека, това гарантира ли 13 зам председателя на парламента",https://dnes.dir.bg/politika/db-sa-protiv-razvod-s-pp-razdelenieto-e-seriozna-politicheska-greshka,ДБ са против развод с ПП: Разделението е сериозна политическа грешка,Негативен,0.96,гняв,Негативен,0.85,загриженост,Негативен,0.85,разочарование
"ментета, нямате полезен ход както и да се прегрупирате. Айде със здраве",https://dnes.dir.bg/politika/db-sa-protiv-razvod-s-pp-razdelenieto-e-seriozna-politicheska-greshka,ДБ са против развод с ПП: Разделението е сериозна политическа грешка,Негативен,0.92,презрение,Негативен,0.85,загриженост,Негативен,0.85,разочарование
Васил Велев: Финансовият водовъртеж - България на ръба на гръцки сценарий,https://dnes.dir.bg/politika/db-sa-protiv-razvod-s-pp-razdelenieto-e-seriozna-politicheska-greshka,ДБ са против развод с ПП: Разделението е сериозна политическа грешка,Негативен,0.92,тревога,Негативен,0.85,загриженост,Негативен,0.85,разочарование
А какво ще стане с еврото?,https://dnes.dir.bg/politika/db-sa-protiv-razvod-s-pp-razdelenieto-e-seriozna-politicheska-greshka,ДБ са против развод с ПП: Разделението е сериозна политическа грешка,Неутрален,0.82,несигурност,Негативен,0.85,загриженост,Негативен,0.85,разочарование
Тоалетна хартия и салфетки.,https://dnes.dir.bg/politika/db-sa-protiv-razvod-s-pp-razdelenieto-e-seriozna-politicheska-greshka,ДБ са против развод с ПП: Разделението е сериозна политическа грешка,Неутрален,0.98,спокойствие,Негативен,0.85,загриженост,Негативен,0.85,разочарование
"Нещо се готвехте да управлявате, вие сте повече от нежелани. Трайчо Трайков беше министър на Борисов който той уволни, негов министър беше и Денков, ""далече"" ще стигнете така...",https://dnes.dir.bg/politika/db-sa-protiv-razvod-s-pp-razdelenieto-e-seriozna-politicheska-greshka,ДБ са против развод с ПП: Разделението е сериозна политическа грешка,Негативен,0.88,презрение,Негативен,0.85,загриженост,Негативен,0.85,разочарование
"Паразитираха около ПП. Много хора за това и не гласуваха за тях. ПП са партия с визия. Политиките им са обърнати и към обикновения човек, ДБ са откровени популисти.",https://dnes.dir.bg/politika/db-sa-protiv-razvod-s-pp-razdelenieto-e-seriozna-politicheska-greshka,ДБ са против развод с ПП: Разделението е сериозна политическа грешка,Негативен,0.78,недоволство,Негативен,0.85,загриженост,Негативен,0.85,разочарование
"ДБ са последователи на дясната идея на СДС,а ПП са пълна измишльотина ""без цел и посока""!",https://dnes.dir.bg/politika/db-sa-protiv-razvod-s-pp-razdelenieto-e-seriozna-politicheska-greshka,ДБ са против развод с ПП: Разделението е сериозна политическа грешка,Негативен,0.88,разочарование,Негативен,0.85,загриженост,Негативен,0.85,разочарование
"Мерзавци! Излъгаха всичките си избиратели. Уж се разделят, пък всички решения ще вземат заедно. За пари и власт ще продадат и собствените си майки. СРАМ. Радев трябваше и вас да приключи. С какви очи искат хората да гласуват за тях.",https://dnes.dir.bg/politika/db-sa-protiv-razvod-s-pp-razdelenieto-e-seriozna-politicheska-greshka,ДБ са против развод с ПП: Разделението е сериозна политическа грешка,Негативен,0.98,гняв,Негативен,0.85,загриженост,Негативен,0.85,разочарование
"Всичко е за пари и благинки в комисиите. Ако са коалиция, ще имат тук таме председател или по един заместник в комисиите и ще се изпокарат от коя квота да е. Ако са две партии в парламента, ще имат на теория два пъти повече участници в комисиите. Отделно това иглежда че може да са четири години парламент и парите са много важни за тях.",https://dnes.dir.bg/politika/db-sa-protiv-razvod-s-pp-razdelenieto-e-seriozna-politicheska-greshka,ДБ са против развод с ПП: Разделението е сериозна политическа грешка,Негативен,0.88,възмущение,Негативен,0.85,загриженост,Негативен,0.85,разочарование
Няма по лицемерна сган от петроханското НПО !!!,https://dnes.dir.bg/politika/db-sa-protiv-razvod-s-pp-razdelenieto-e-seriozna-politicheska-greshka,ДБ са против развод с ПП: Разделението е сериозна политическа грешка,Негативен,0.98,гняв,Негативен,0.85,загриженост,Негативен,0.85,разочарование
"Някой се притеснява, че могат да се съберат 160 гласа за квотатата на ВСС.Някой се притеснява, че ПП-ДБ ще издигне Гюров за президент и ще го засенчи.Гнома казва, че не трябва да има разделение, а го предизвиква по линия на притеснения?Айде бе гном, подпиши Гюров да е кандидат за президент ...",https://dnes.dir.bg/politika/db-sa-protiv-razvod-s-pp-razdelenieto-e-seriozna-politicheska-greshka,ДБ са против развод с ПП: Разделението е сериозна политическа грешка,Негативен,0.88,раздразнение,Негативен,0.85,загриженост,Негативен,0.85,разочарование
"Гнома Гюров никога няма да бъде президент , защото е пълен некадърник и гнусна бременна хлебарка.",https://dnes.dir.bg/politika/db-sa-protiv-razvod-s-pp-razdelenieto-e-seriozna-politicheska-greshka,ДБ са против развод с ПП: Разделението е сериозна политическа грешка,Негативен,0.98,отвращение,Негативен,0.85,загриженост,Негативен,0.85,разочарование
"Мръсните номера на ПП се целят в партията на Радев. Искат с шепичка депутати да определят политиката на България. Помним как изработиха Мария Габриел, помним и как клатят и събарят властта, когато не им е удобна.",https://dnes.dir.bg/politika/pp-predlaga-na-db-da-se-razdelyat-na-dve-grupi-v-obsht-parlamentaren-sayuz,ПП и ДБ се разделят на две групи в общ парламентарен съюз,Негативен,0.95,гняв,Неутрален,0.95,спокойствие,Неутрален,0.9,спокойствие
"АКО НЕ СА ПП , ДБ НИКОГА НЯМА ДА ВЛЕЗЕ В ПАРЛАМЕНТА И ОЗИ ПЕДЯ ЧОВЕК НЯМАШЕ ДА ГО ИМА В НС И НЯМАШЕ ВСЯКА ВЕЧЕР ДА ПИЕ 16 ГОДИШНО УИСКИ С ЧАМ ФАСТЪК ?",https://dnes.dir.bg/politika/db-sa-protiv-razvod-s-pp-razdelenieto-e-seriozna-politicheska-greshka,ДБ са против развод с ПП: Разделението е сериозна политическа грешка,Негативен,0.94,гняв,Негативен,0.85,загриженост,Негативен,0.85,разочарование
"МНОГО ДЕБЕЛИ ТЕЗИ ДВЕТЕ КОТЕТА ! ЕТО КАКВО ПРАВИ ПАРАТА В ПАРЛАМЕНТА -ДЕБЕЛИ ! ЕВТИНИ КЮФТАЦИ И БЯЛО МУСКАТОВО ВИНО , ЗА ДЕСЕРТ ,,САХЕР "" ! А ПЛЕБЕИТЕ КУЧЕТА ГИ ЯЛИ ! ДА ЖИВЕЙ ТРУДА !",https://dnes.dir.bg/politika/db-sa-protiv-razvod-s-pp-razdelenieto-e-seriozna-politicheska-greshka,ДБ са против развод с ПП: Разделението е сериозна политическа грешка,Негативен,0.95,гняв,Негативен,0.85,загриженост,Негативен,0.85,разочарование
"Кокорчо и като андропология досущ прилича на Шиши и Тиквата,Сладур!",https://dnes.dir.bg/politika/db-sa-protiv-razvod-s-pp-razdelenieto-e-seriozna-politicheska-greshka,ДБ са против развод с ПП: Разделението е сериозна политическа грешка,Негативен,0.78,подигравка,Негативен,0.85,загриженост,Негативен,0.85,разочарование
Мосю женераль Атанасов щял да става президент.,https://dnes.dir.bg/politika/db-sa-protiv-razvod-s-pp-razdelenieto-e-seriozna-politicheska-greshka,ДБ са против развод с ПП: Разделението е сериозна политическа грешка,Негативен,0.68,ирония,Негативен,0.85,загриженост,Негативен,0.85,разочарование
И тяхната не е лесна: брак между педофили и лица от третия пол.,https://dnes.dir.bg/politika/db-sa-protiv-razvod-s-pp-razdelenieto-e-seriozna-politicheska-greshka,ДБ са против развод с ПП: Разделението е сериозна политическа грешка,Негативен,0.82,неодобрение,Негативен,0.85,загриженост,Негативен,0.85,разочарование
Перманентният дърт атанасов да се пенсионира.Абе този комп.... на колко години е?Няма ли за него закони?,https://dnes.dir.bg/politika/db-sa-protiv-razvod-s-pp-razdelenieto-e-seriozna-politicheska-greshka,ДБ са против развод с ПП: Разделението е сериозна политическа грешка,Негативен,0.96,гняв,Негативен,0.85,загриженост,Негативен,0.85,разочарование
Не може пп да има 16 депутати а ниските и грозните да вкарват с преференции и схеми 30. Това са паразити които само търсят някоя ракета носител.,https://dnes.dir.bg/politika/db-sa-protiv-razvod-s-pp-razdelenieto-e-seriozna-politicheska-greshka,ДБ са против развод с ПП: Разделението е сериозна политическа грешка,Негативен,0.95,гняв,Негативен,0.85,загриженост,Негативен,0.85,разочарование
"хахаха, тези шарлатани копаят под дъното... много бързо направиха сметка как да изцедят по-добре българите -данъкоплатци. Искат да им се плаща двойно - за зам. председатели на НС, шефове на парламентарни групи, шефове и членове на комисии, за сътрудници...Мислят се за големи тарикати!",https://dnes.dir.bg/politika/db-sa-protiv-razvod-s-pp-razdelenieto-e-seriozna-politicheska-greshka,ДБ са против развод с ПП: Разделението е сериозна политическа грешка,Негативен,0.97,гняв,Негативен,0.85,загриженост,Негативен,0.85,разочарование
Помнете ми думата - РОДИ СЕ НОВИЯТ ШИШИ - Асеншиши!,https://dnes.dir.bg/politika/db-sa-protiv-razvod-s-pp-razdelenieto-e-seriozna-politicheska-greshka,ДБ са против развод с ПП: Разделението е сериозна политическа грешка,Негативен,0.82,презрение,Негативен,0.85,загриженост,Негативен,0.85,разочарование
МЛого увиснали!И двете дами и тандемът Иво/Божо...само Зайо ухилен!,https://dnes.dir.bg/politika/db-sa-protiv-razvod-s-pp-razdelenieto-e-seriozna-politicheska-greshka,ДБ са против развод с ПП: Разделението е сериозна политическа грешка,Негативен,0.78,разочарование,Негативен,0.85,загриженост,Негативен,0.85,разочарование
"Вие сте гнусна, безродна измет и мястото ви е в трудови лагери, не в парламента!",https://dnes.dir.bg/politika/db-sa-protiv-razvod-s-pp-razdelenieto-e-seriozna-politicheska-greshka,ДБ са против развод с ПП: Разделението е сериозна политическа грешка,Негативен,0.99,гняв,Негативен,0.85,загриженост,Негативен,0.85,разочарование
"Съобщение от Секретариата на Н.В. Цар Симеон IIНа 19 април 2026 г. Негово Величество гласува на изборите за Народно събрание в българското посолство в Мадрид. Царят е в Испания по повод 65 години от сватбата на близки роднини на Техни Величества.Поради множеството запитвания, информираме, че Царят и Царицата няма да присъстват на тържествата в Стокхолм по повод 80-тата годишнина на шведския крал Карл VI Густав. Въпреки личната покана, която се получи, Царското семейство реши, че на тяхната възраст подобни официални церемонии са им в тежест.",https://dnes.dir.bg/politika/db-sa-protiv-razvod-s-pp-razdelenieto-e-seriozna-politicheska-greshka,ДБ са против развод с ПП: Разделението е сериозна политическа грешка,Неутрален,0.92,спокойствие,Негативен,0.85,загриженост,Негативен,0.85,разочарование
"И на кой му пука за крадлив дедо ? той проигра своя шанс със същите глупости като ИТН - за 800 дни ще се оправим - ВЕРВАЙТЕ ! После гепи хектари гори - даже по два пъти.... Направи безпринципна тройна кокалиция. Поредното зомби от бунището на историята ! Кой плаща за ""Прес службата на негово величество"" ?и какво общо има неадекватния ""цар"" с развода на между ПП и ДБ ?",https://dnes.dir.bg/politika/db-sa-protiv-razvod-s-pp-razdelenieto-e-seriozna-politicheska-greshka,ДБ са против развод с ПП: Разделението е сериозна политическа грешка,Негативен,0.98,гняв,Негативен,0.85,загриженост,Негативен,0.85,разочарование
Лю пюти жинирал не мое да не е прецедател на демократите и народен представител. Нещо като пожизнен хамстер.,https://dnes.dir.bg/politika/db-sa-protiv-razvod-s-pp-razdelenieto-e-seriozna-politicheska-greshka,ДБ са против развод с ПП: Разделението е сериозна политическа грешка,Негативен,0.86,презрение,Негативен,0.85,загриженост,Негативен,0.85,разочарование
"Каква невероятна футболна драма, драги зрители! ""Демократите"" се хванаха гуша за гуша... изпуснаха кокала и сега борбата е за оцеляване. Ама то в България евроатлантик до евроатлантика, мила моя майно льо... то не са ДБ, ДСБ, ПП, СДС... да не забравяме, че Герб и ДПС също са евроатлантици. Кирчо от ПП си говори интимно с баба Урсула, а пък тя се прегръща с Бойко. Евроатлантик Гюро пък ходи да се кланя в Украйната и да им обещава милиарди, с едничката мисъл да се хареса и той на баба Урсула и компания. Трагедия.Българинът обаче е реалист. Радев тепърва ще го видим що за стока е (аз лично нямам големи очаквания), но поне показа, че е стъпил здраво на земята. Цънцарова с тоя въпрос ""чий е Крим"" голям автогол вкара на пепедебетата.",https://dnes.dir.bg/politika/db-sa-protiv-razvod-s-pp-razdelenieto-e-seriozna-politicheska-greshka,ДБ са против развод с ПП: Разделението е сериозна политическа грешка,Негативен,0.92,разочарование,Негативен,0.85,загриженост,Негативен,0.85,разочарование
"Да идва ""възраждане"", че ми омръзнаха вече тия политически циркове.",https://dnes.dir.bg/politika/db-sa-protiv-razvod-s-pp-razdelenieto-e-seriozna-politicheska-greshka,ДБ са против развод с ПП: Разделението е сериозна политическа грешка,Негативен,0.86,раздразнение,Негативен,0.85,загриженост,Негативен,0.85,разочарование
"всъщност, в парламента може да има 24 парламентарни групи. 10 депутати стигат. И от това следва, че трябва да имаме 24 председатели на нс, и във всяка една комисия да има 24 члена. Може да имаме и 23 парламентарни групи и 10 независими депутати. И всички вие, господа избиратели, виждате ли, колко сбъркана, колко идоотска, и абсурдна е българската политическа система. Партията на Радеф има 131 депутати който дори не си знаят имената, и още утре, може да се разделят на 13 парламентарни групи и един независим. И няма закон, който да попречи на това, дано поне малко разбрахте, какво е безумието, наречено българска държава",https://dnes.dir.bg/politika/db-sa-protiv-razvod-s-pp-razdelenieto-e-seriozna-politicheska-greshka,ДБ са против развод с ПП: Разделението е сериозна политическа грешка,Негативен,0.96,гняв,Негативен,0.85,загриженост,Негативен,0.85,разочарование
"Съдът на ЕС заповяда Унгария да разреши на децата достъп до съдържание за хомосексуализъм и смяна на пола! Унгария е нарушила законодателството на ЕС, като е забранила на деца достъп до ЛГБТ съдържание, постанови Съдът на Европейския съюз, като разпореди на Будапеща да отмени законодателството. Законодателните мерки на Унгария срещу ЛГБТ общността са в нарушение на редица закони на ЕС, заяви Съдът в прессъобщение. Магистратите отсъдиха в полза Европейската комисия, която инициира делото срещу Унгария. Унгарският законопроект е срам, заяви председателят на Комисията Урсула фон дер Лайен през 2021 г. обещавайки да използва всички правомощия на Комисията. Въпреки натискът на Брюксел унгарското правителство миналата година забрани събитията за т.нар. Европрайд (демонстрации на ЛГБТ общността в Европа) и разреши на полицията да използва биометрични камери за идентифициране на организаторите и участниците, задълбочавайки противопоставянето си с Еврокомисията. Изпълнителният орган на ЕС вече може да предприеме допълнителни действия и да поиска финансови санкции, ако Унгария не изпълни решението. Тоест, ЕС иска да забрани на тийнейджърите да използват социалните мрежи с изключение на ЛГБТ съдържанието. Какъв нюансиран начин за „защита на децата“ онлайн...",https://dnes.dir.bg/politika/db-sa-protiv-razvod-s-pp-razdelenieto-e-seriozna-politicheska-greshka,ДБ са против развод с ПП: Разделението е сериозна политическа грешка,Негативен,0.92,възмущение,Негативен,0.85,загриженост,Негативен,0.85,разочарование
"Не понасям Асен Василев, но откакто Мирчев Тъпото инсталира Христанов лудото в правителството се радвам на всичко , което ще изпрати Мирчев обратно в КрушариХристо Иванов се усети и се оттегли, но Ивайло Мирчев е толкова алчен и тъп , че трябва да се скрие в миша дупка",https://dnes.dir.bg/politika/db-sa-protiv-razvod-s-pp-razdelenieto-e-seriozna-politicheska-greshka,ДБ са против развод с ПП: Разделението е сериозна политическа грешка,Негативен,0.95,гняв,Негативен,0.85,загриженост,Негативен,0.85,разочарование
Не подценявайте ефекта на оземпика.,https://dnes.dir.bg/politika/db-sa-protiv-razvod-s-pp-razdelenieto-e-seriozna-politicheska-greshka,ДБ са против развод с ПП: Разделението е сериозна политическа грешка,Неутрален,0.82,предпазливост,Негативен,0.85,загриженост,Негативен,0.85,разочарование
"Още една голяма стъпка към 121-те депутати, хихи. Невероятно малоумни същества. Смех.",https://dnes.dir.bg/politika/db-sa-protiv-razvod-s-pp-razdelenieto-e-seriozna-politicheska-greshka,ДБ са против развод с ПП: Разделението е сериозна политическа грешка,Негативен,0.95,презрение,Негативен,0.85,загриженост,Негативен,0.85,разочарование
Путин е виновен! Той ги раздели! ХаХаХа!!!,https://dnes.dir.bg/politika/db-sa-protiv-razvod-s-pp-razdelenieto-e-seriozna-politicheska-greshka,ДБ са против развод с ПП: Разделението е сериозна политическа грешка,Негативен,0.82,гняв,Негативен,0.85,загриженост,Негативен,0.85,разочарование
"Вие си продължавайте ""абсолютно"" , заедно, каквато и лъжа да е това,Но за всички вече е ясно че се интересувате само с колко ще си захраните сметките.Мен ме отвратихте.",https://dnes.dir.bg/politika/db-sa-protiv-razvod-s-pp-razdelenieto-e-seriozna-politicheska-greshka,ДБ са против развод с ПП: Разделението е сериозна политическа грешка,Негативен,0.98,отвращение,Негативен,0.85,загриженост,Негативен,0.85,разочарование
"Развод ни дай,развод ни дай,и повече не ни мъчи......Десният евроатлантически слугинажостана без никаква цел,поради което Българският народ го уволни позорно!ПП и да България са в същата позиция,но ...Откраднатите от БСП-Нинова социални и политически Идеи все още държат тези предатели на България на повърхността!Не за дълго.На абсолютно никого няма да липсват!!!Освен Иво Инджев и файтона му почитатели...",https://dnes.dir.bg/politika/db-sa-protiv-razvod-s-pp-razdelenieto-e-seriozna-politicheska-greshka,ДБ са против развод с ПП: Разделението е сериозна политическа грешка,Негативен,0.96,гняв,Негативен,0.85,загриженост,Негативен,0.85,разочарование
"""Отлюспването"" и роенето е стара седесарска умно-красива традиция. Нищо ново под слънцето.",https://dnes.dir.bg/politika/db-sa-protiv-razvod-s-pp-razdelenieto-e-seriozna-politicheska-greshka,ДБ са против развод с ПП: Разделението е сериозна политическа грешка,Негативен,0.78,сарказъм,Негативен,0.85,загриженост,Негативен,0.85,разочарование
"Разпаднаха се е преди конституирането на новия парламент. Кокорчи ги накокорчи. Ама то жълтопаважниците нито са умни, нито са красиви.",https://dnes.dir.bg/politika/db-sa-protiv-razvod-s-pp-razdelenieto-e-seriozna-politicheska-greshka,ДБ са против развод с ПП: Разделението е сериозна политическа грешка,Негативен,0.92,презрение,Негативен,0.85,загриженост,Негативен,0.85,разочарование
На Кокорчо май много не му пука какво мислите :),https://dnes.dir.bg/politika/db-sa-protiv-razvod-s-pp-razdelenieto-e-seriozna-politicheska-greshka,ДБ са против развод с ПП: Разделението е сериозна политическа грешка,Негативен,0.62,безразличие,Негативен,0.85,загриженост,Негативен,0.85,разочарование
Парата е гУлема работа ! Разделя и събира идиотите .,https://dnes.dir.bg/politika/db-sa-protiv-razvod-s-pp-razdelenieto-e-seriozna-politicheska-greshka,ДБ са против развод с ПП: Разделението е сериозна политическа грешка,Негативен,0.86,презрение,Негативен,0.85,загриженост,Негативен,0.85,разочарование
Петрохан става Петро Хан,https://dnes.dir.bg/politika/db-sa-protiv-razvod-s-pp-razdelenieto-e-seriozna-politicheska-greshka,ДБ са против развод с ПП: Разделението е сериозна политическа грешка,Неутрален,0.92,спокойствие,Негативен,0.85,загриженост,Негативен,0.85,разочарование
Еее супер. Вече няма да сте и трети,https://dnes.dir.bg/politika/db-sa-protiv-razvod-s-pp-razdelenieto-e-seriozna-politicheska-greshka,ДБ са против развод с ПП: Разделението е сериозна политическа грешка,Негативен,0.78,ирония,Негативен,0.85,загриженост,Негативен,0.85,разочарование
"Дебилна България са тотал щета олигофрени и нямат никакъв шанс да се докопат до каквито и да е постове и власт за крадене. Обаче, то и Педофили Петрохан са същата гняс. Дебилния капацитет на България общо взето е някаква константа и тя е 400 хил.. олигофрена малоумника. Ако се разделят на по 200К ще са мега зле. Не, че сега не са малоумни, но ще са още по-зле. Но те са толкова елементарни, че очаквам всякакви дебилщини от тези тотални олигофрени.",https://dnes.dir.bg/politika/db-sa-protiv-razvod-s-pp-razdelenieto-e-seriozna-politicheska-greshka,ДБ са против развод с ПП: Разделението е сериозна политическа грешка,Негативен,0.99,гняв,Негативен,0.85,загриженост,Негативен,0.85,разочарование
"Дженерала гледаше като пропусната крава от бик, ох, ох, мъка, мъка",https://dnes.dir.bg/politika/db-sa-protiv-razvod-s-pp-razdelenieto-e-seriozna-politicheska-greshka,ДБ са против развод с ПП: Разделението е сериозна политическа грешка,Негативен,0.92,присмех,Негативен,0.85,загриженост,Негативен,0.85,разочарование
Пропуснатата крава от бика е в основата на безумието.Да се пенсионира и да сппи да ни отвращава предимно с позициите си.За визията му няма да говорим.,https://dnes.dir.bg/politika/db-sa-protiv-razvod-s-pp-razdelenieto-e-seriozna-politicheska-greshka,ДБ са против развод с ПП: Разделението е сериозна политическа грешка,Негативен,0.96,отвращение,Негативен,0.85,загриженост,Негативен,0.85,разочарование
"Знаеш ли, дребния генерал има една цел - малко парички за пенсия, докато Ивайло Мирчев е малодушно, дребно човече, което е адски алчно и нагло . Асенка иска да се споразумее с президента, ама Мирчев иска твърде много и ето ти резултат",https://dnes.dir.bg/politika/db-sa-protiv-razvod-s-pp-razdelenieto-e-seriozna-politicheska-greshka,ДБ са против развод с ПП: Разделението е сериозна политическа грешка,Негативен,0.96,гняв,Негативен,0.85,загриженост,Негативен,0.85,разочарование
"каква поредна футболна драма!ай, стига ни занимавахте с глупостите си, дори не сте втори...",https://dnes.dir.bg/politika/db-sa-protiv-razvod-s-pp-razdelenieto-e-seriozna-politicheska-greshka,ДБ са против развод с ПП: Разделението е сериозна политическа грешка,Негативен,0.92,раздразнение,Негативен,0.85,загриженост,Негативен,0.85,разочарование
"Каква трагедия ! Сега цяла нощ ще плача,",https://dnes.dir.bg/politika/db-sa-protiv-razvod-s-pp-razdelenieto-e-seriozna-politicheska-greshka,ДБ са против развод с ПП: Разделението е сериозна политическа грешка,Негативен,0.92,тъга,Негативен,0.85,загриженост,Негативен,0.85,разочарование
"Е ясно е че ПП са леви, ама и те си го казват…",https://dnes.dir.bg/politika/db-sa-protiv-razvod-s-pp-razdelenieto-e-seriozna-politicheska-greshka,ДБ са против развод с ПП: Разделението е сериозна политическа грешка,Неутрален,0.78,спокойствие,Негативен,0.85,загриженост,Негативен,0.85,разочарование
"Палавата Кристина и бутиковият Дженерал Атанасов - каква драма и трагикомедия, дженерале, дженерале",https://dnes.dir.bg/politika/db-sa-protiv-razvod-s-pp-razdelenieto-e-seriozna-politicheska-greshka,ДБ са против развод с ПП: Разделението е сериозна политическа грешка,Негативен,0.86,подигравка,Негативен,0.85,загриженост,Негативен,0.85,разочарование
"""От ДБ продължаваме да бъдем гарант за демокрацията на страната"" - ха ха ха",https://dnes.dir.bg/politika/db-sa-protiv-razvod-s-pp-razdelenieto-e-seriozna-politicheska-greshka,ДБ са против развод с ПП: Разделението е сериозна политическа грешка,Негативен,0.86,сарказъм,Негативен,0.85,загриженост,Негативен,0.85,разочарование
"-Дай си ми бойлера!-Нье,нье мой йе.Фак оф.",https://dnes.dir.bg/politika/db-sa-protiv-razvod-s-pp-razdelenieto-e-seriozna-politicheska-greshka,ДБ са против развод с ПП: Разделението е сериозна политическа грешка,Негативен,0.95,гняв,Негативен,0.85,загриженост,Негативен,0.85,разочарование
"Радев ги закопа тея. Те виждат че в таа работа сега кактоэсе очертава, да висят в парламента вече нема далавера. Не са потребни никому за коалицийка, за врътки с бизнес и олигарси, за продажба на държавни и народни интереси, понеже Радев има пълно мнозинство.И сега ще се хванат един друг за гушите. Това чаках от много време.",https://dnes.dir.bg/politika/db-sa-protiv-razvod-s-pp-razdelenieto-e-seriozna-politicheska-greshka,ДБ са против развод с ПП: Разделението е сериозна политическа грешка,Позитивен,0.78,злорадство,Негативен,0.85,загриженост,Негативен,0.85,разочарование
"-Дай си ми бойлера!-Нье,нье май йе.Фак оф.",https://dnes.dir.bg/politika/db-sa-protiv-razvod-s-pp-razdelenieto-e-seriozna-politicheska-greshka,ДБ са против развод с ПП: Разделението е сериозна политическа грешка,Негативен,0.88,гняв,Негативен,0.85,загриженост,Негативен,0.85,разочарование
"Тези се усещат, че са пътници и се ловат като удавници за сламка. Кокорчо може да е всякакъв, но е класи над Божо Пърхута и онзи примат в двусантиметровото чело.",https://dnes.dir.bg/politika/db-sa-protiv-razvod-s-pp-razdelenieto-e-seriozna-politicheska-greshka,ДБ са против развод с ПП: Разделението е сериозна политическа грешка,Негативен,0.97,презрение,Негативен,0.85,загриженост,Негативен,0.85,разочарование
"Психодесните се чудят каква схема да измислят, само да могат да седнат на политическата трапеза с лакомства.Отврат.",https://dnes.dir.bg/politika/db-sa-protiv-razvod-s-pp-razdelenieto-e-seriozna-politicheska-greshka,ДБ са против развод с ПП: Разделението е сериозна политическа грешка,Негативен,0.96,отвращение,Негативен,0.85,загриженост,Негативен,0.85,разочарование
"Хасенчо гай, гай, ма ги ева! Какви физиономии имат и тримата, като след колоноскопия с телевизионна камера. Започват да се усещат как ги извозиха в името на възхода на Радев. Умни и красиви, ама от Тему. Нито красиви, за умно да не говорим",https://dnes.dir.bg/politika/db-sa-protiv-razvod-s-pp-razdelenieto-e-seriozna-politicheska-greshka,ДБ са против развод с ПП: Разделението е сериозна политическа грешка,Негативен,0.98,презрение,Негативен,0.85,загриженост,Негативен,0.85,разочарование
Е как Просто Просите да се разделят с ДеБилите те са СОП отвсякъде.,https://dnes.dir.bg/politika/db-sa-protiv-razvod-s-pp-razdelenieto-e-seriozna-politicheska-greshka,ДБ са против развод с ПП: Разделението е сериозна политическа грешка,Негативен,0.95,гняв,Негативен,0.85,загриженост,Негативен,0.85,разочарование
беше да се внесе яснота по въпроса - кой е ляв педал и кой десен?,https://dnes.dir.bg/politika/db-sa-protiv-razvod-s-pp-razdelenieto-e-seriozna-politicheska-greshka,ДБ са против развод с ПП: Разделението е сериозна политическа грешка,Неутрален,0.82,любопитство,Негативен,0.85,загриженост,Негативен,0.85,разочарование
"Ахаахахаххх, тези са тотални идиоти, не мога повече:)))) Рене и Мистър Бийн ряпа да ядат:)))) Убеден съм че Радев, Борисов и Пеевски се заливат от смях, Костадин вероятно е в лудницата от смях:))) Това са хора с диагноза:)))",https://dnes.dir.bg/politika/db-sa-protiv-razvod-s-pp-razdelenieto-e-seriozna-politicheska-greshka,ДБ са против развод с ПП: Разделението е сериозна политическа грешка,Негативен,0.88,подигравка,Негативен,0.85,загриженост,Негативен,0.85,разочарование
"ДБ искат, да извиват ръце, за да превземат съдебната система с малкия си вот.",https://dnes.dir.bg/politika/db-sa-protiv-razvod-s-pp-razdelenieto-e-seriozna-politicheska-greshka,ДБ са против развод с ПП: Разделението е сериозна политическа грешка,Негативен,0.92,гняв,Негативен,0.85,загриженост,Негативен,0.85,разочарование
"Генералчето не можа да уреди любовницата си Кристина Петкова да влезе в парламента от Перник и лиши цялата коалиция от депутат там. Егати боклука!""Палавата Кристина и генерал Атанасов – ЛЮБОВНА АФЕРА РАЗТЪРСИ ДСБ! ГРЪМНА ПОЛИТИЧЕСКА БУРЯ В СОФИЯ ЗАРАДИ СТРАСТИ!""",https://dnes.dir.bg/politika/db-sa-protiv-razvod-s-pp-razdelenieto-e-seriozna-politicheska-greshka,ДБ са против развод с ПП: Разделението е сериозна политическа грешка,Негативен,0.97,гняв,Негативен,0.85,загриженост,Негативен,0.85,разочарование
"Дональда Трампа о готовности объявить перемирие ко Дню Победы, сообщил помощник президента Юрий Ушаков.",https://dnes.dir.bg/politika/pp-predlaga-na-db-da-se-razdelyat-na-dve-grupi-v-obsht-parlamentaren-sayuz,ПП и ДБ се разделят на две групи в общ парламентарен съюз,Неутрален,0.86,спокойствие,Неутрален,0.95,спокойствие,Неутрален,0.9,спокойствие
"кво ме сърби твоя Путин, пък и ти самия. Дебил.",https://dnes.dir.bg/politika/db-sa-protiv-razvod-s-pp-razdelenieto-e-seriozna-politicheska-greshka,ДБ са против развод с ПП: Разделението е сериозна политическа грешка,Негативен,0.98,гняв,Негативен,0.85,загриженост,Негативен,0.85,разочарование
"Хайде вече престанете и вие да се излагате като напомняте, че мразите Русия.",https://dnes.dir.bg/politika/db-sa-protiv-razvod-s-pp-razdelenieto-e-seriozna-politicheska-greshka,ДБ са против развод с ПП: Разделението е сериозна политическа грешка,Негативен,0.93,раздразнение,Негативен,0.85,загриженост,Негативен,0.85,разочарование
"На 7 февруари 2024 г. българската делегация, водена от председателя на Народното събрание Росен Желязков и депутата Ивайло Мирчев, е принудена да се укрие в бомбоубежище в Киев поради въздушна тревога и ракетни атаки от Русия.",https://dnes.dir.bg/politika/pp-predlaga-na-db-da-se-razdelyat-na-dve-grupi-v-obsht-parlamentaren-sayuz,ПП и ДБ се разделят на две групи в общ парламентарен съюз,Негативен,0.86,тревога,Неутрален,0.95,спокойствие,Неутрален,0.9,спокойствие
"Май пак някаква шарлатания от социопатите насектата пп/дб.""Петрохан""Със две парламентарни групи тлябва да имат и двама зам.председатели на Народното събрание.А за председатели и зам.председатели на комисии сигурно ще отворят големи усти тезисоциопати,които продължават по медиите да надуват балона,сякаш те саспечелили изборите.Социопатията за власт,постове,привилегии енеизличима и от медицинска гледна точка.",https://dnes.dir.bg/politika/pp-predlaga-na-db-da-se-razdelyat-na-dve-grupi-v-obsht-parlamentaren-sayuz,ПП и ДБ се разделят на две групи в общ парламентарен съюз,Негативен,0.96,гняв,Неутрален,0.95,спокойствие,Неутрален,0.9,спокойствие
За пореден път подвеждат избирателите си!,https://dnes.dir.bg/politika/pp-predlaga-na-db-da-se-razdelyat-na-dve-grupi-v-obsht-parlamentaren-sayuz,ПП и ДБ се разделят на две групи в общ парламентарен съюз,Негативен,0.95,гняв,Неутрален,0.95,спокойствие,Неутрален,0.9,спокойствие
"Зомбии,зомби,розови,червени сънища ихимери.НЕма лЕво,нЕма дЕсно.Има над 35 год.откраднати милиарди левове,евро от тези коитозащитаваш с умопомрачително затъмнение.""Икономиката,глупако"",комунистическата,социологическатаидеология/на книга/ се отече отдавна в канала.На какво лаеш? На всекиденевното нарастване набогатствата на олигарси,милиардери,в повечето счервено БКП потекло.",https://dnes.dir.bg/politika/pp-predlaga-na-db-da-se-razdelyat-na-dve-grupi-v-obsht-parlamentaren-sayuz,ПП и ДБ се разделят на две групи в общ парламентарен съюз,Негативен,0.95,гняв,Неутрален,0.95,спокойствие,Неутрален,0.9,спокойствие
"Мръсните номера на ПП се целят в партията на Радев. Искат с шепичка депутати да определят политиката на България. Помним как изработиха Мария Габриел, помним и как клатят и събарят властта, когато не са в нея.",https://dnes.dir.bg/politika/pp-predlaga-na-db-da-se-razdelyat-na-dve-grupi-v-obsht-parlamentaren-sayuz,ПП и ДБ се разделят на две групи в общ парламентарен съюз,Негативен,0.94,гняв,Неутрален,0.95,спокойствие,Неутрален,0.9,спокойствие
'начи сега са Горен Петрохан и Долен Петрохан,https://dnes.dir.bg/politika/pp-predlaga-na-db-da-se-razdelyat-na-dve-grupi-v-obsht-parlamentaren-sayuz,ПП и ДБ се разделят на две групи в общ парламентарен съюз,Неутрален,0.92,спокойствие,Неутрален,0.95,спокойствие,Неутрален,0.9,спокойствие
"пълен абсурд, че все още има кой да глсува за пп или дб, или герботношението на хората би трябвало да е аналогично на това, което е към итн и бсп в момента - като към измамници на довериепп и дб излъгаха брутално и за пеевски, и за герби се чу какво говорят едно към едно в ""онзи запис"" - за схеми, далавери с лайнените от брксел и пр. измами с цел набутването ни в т.нар. ""еврозона"", т.е. за отнемане на държавен суверенитет,отделно е пълната гавра с Конституцията и тоталната некадърност и невежество навсякъде при тях (извращенията по педераска линия и по ядене на детски главички под формата на торти няма какво дори да се коментират);герб прави същото в сглобката като тия по-горе, но после - като паднали от небето - били едва ли не ""жертви"", че са подкрепяли ""лошите"", а самите те - целите в бялобсп - с чичаците си пред пенсия, с неприятните муцуни, дето нямат нищо общо нито със социалното, нито с идеите за него - също не заслужават коментаркато се замислиш, то бсп се оказаха най-големите измамници: заради тях сме набутани и в нато, и в ес БЕЗ РЕФЕРЕНДУМИ, а след това - и в т.нар.""еврозона""толкова жалки предатели в толкова малка държава... не е за вярванеоще по не е за вярване, че ""народът"" изобщо допуска такива и сега ""да го представляват""готов е да подкрепи всеки, за когото нищо не знае, вместо някой, който се е борил пред очите му за идеите си и досега не е излъгал за нищо",https://dnes.dir.bg/politika/pp-predlaga-na-db-da-se-razdelyat-na-dve-grupi-v-obsht-parlamentaren-sayuz,ПП и ДБ се разделят на две групи в общ парламентарен съюз,Негативен,0.98,гняв,Неутрален,0.95,спокойствие,Неутрален,0.9,спокойствие
Още се чудят дали Борисов или Пеевски им е виновен да си разтурят седянката,https://dnes.dir.bg/politika/pp-predlaga-na-db-da-se-razdelyat-na-dve-grupi-v-obsht-parlamentaren-sayuz,ПП и ДБ се разделят на две групи в общ парламентарен съюз,Негативен,0.78,ирония,Неутрален,0.95,спокойствие,Неутрален,0.9,спокойствие
"ПъПчивите се гласят да са патерица на Радев за конституционно мнозинство, а от там могат и келипирец да закачат. Така ще се получи щур парадокс, хем с техни гласове се прие ""домовата книга"" хем пак с тях и ще се премахне.",https://dnes.dir.bg/politika/pp-predlaga-na-db-da-se-razdelyat-na-dve-grupi-v-obsht-parlamentaren-sayuz,ПП и ДБ се разделят на две групи в общ парламентарен съюз,Негативен,0.88,презрение,Неутрален,0.95,спокойствие,Неутрален,0.9,спокойствие
Те ако не са едно цяло нямаше да влязат даже,https://dnes.dir.bg/politika/pp-predlaga-na-db-da-se-razdelyat-na-dve-grupi-v-obsht-parlamentaren-sayuz,ПП и ДБ се разделят на две групи в общ парламентарен съюз,Неутрален,0.62,спокойствие,Неутрален,0.95,спокойствие,Неутрален,0.9,спокойствие
"На жълъопаветниците ще им е виновен пак Путин, Възраждане или тоя път е Сорос?",https://dnes.dir.bg/politika/pp-predlaga-na-db-da-se-razdelyat-na-dve-grupi-v-obsht-parlamentaren-sayuz,ПП и ДБ се разделят на две групи в общ парламентарен съюз,Негативен,0.78,сарказъм,Неутрален,0.95,спокойствие,Неутрален,0.9,спокойствие
"То беше ясно, преди изборите са едно, за да не губят избиратели, сега се разделят, за да се надупи ПП на ПБ, а ДБ уж се дистанцират, да пазят избирателите, че не са се дали на ПБ и Русия. Изолират ГЕРБ и ДПС, а Възраждане у канала. Те това се нарича продажна политика и ако очаквате промяна към по-добро с такива продажници, които имат всичката власт, но искат още, е ще бъдете разочаровани след поне една година!",https://dnes.dir.bg/politika/pp-predlaga-na-db-da-se-razdelyat-na-dve-grupi-v-obsht-parlamentaren-sayuz,ПП и ДБ се разделят на две групи в общ парламентарен съюз,Негативен,0.96,гняв,Неутрален,0.95,спокойствие,Неутрален,0.9,спокойствие
"Обещаха им, че ще им дадат по една комисия на всяка група и тия се роят.Колко им е акъла.Като нищо баджо Миро Ленин да се уреди с комисия да изкара някой лев отгоре да покрие непосилните харчове и претенции на Лена.",https://dnes.dir.bg/politika/pp-predlaga-na-db-da-se-razdelyat-na-dve-grupi-v-obsht-parlamentaren-sayuz,ПП и ДБ се разделят на две групи в общ парламентарен съюз,Негативен,0.92,презрение,Неутрален,0.95,спокойствие,Неутрален,0.9,спокойствие
Да го видим Кокорчо сега как ще се справя без чадъра на медийните бухалки на Прокопиев.Без мисирките на Бтв и Нова.защото медийните бухалки са верни на с0р0с и прокопиев. А истинските деца на с0р0с и Прокопиев са ДБ и ДСБ.Кокорчо май си повярва като Б Б.Че може да е свободен играч. Ама Гръга Капитал не ги плзволява тея работи брат.,https://dnes.dir.bg/politika/pp-predlaga-na-db-da-se-razdelyat-na-dve-grupi-v-obsht-parlamentaren-sayuz,ПП и ДБ се разделят на две групи в общ парламентарен съюз,Негативен,0.92,гняв,Неутрален,0.95,спокойствие,Неутрален,0.9,спокойствие
"с петроханската шайка на Първо Главно ДС.ДБ са доказани шестаци (Шесто ДС) още от времето на Костов.В тия избори шестаците пак надцакаха и то с много.След кончината на Любен Гоцев, първаците са яко надолу и са в нокдаун.Шестаците (или Билиотекарите) допуснаха грешка, като се опитаха да пенсионират Боко и го заменят с Шиши, но последния се оказа абсолютно куку без грам мозък и затова се наложи спешно да вземат мерки и го заменят с Фатмака, който не е кой знае кво, но е свикнал на дисцпилина и козирува и изпълнява каквото му нареди Началството.",https://dnes.dir.bg/politika/pp-predlaga-na-db-da-se-razdelyat-na-dve-grupi-v-obsht-parlamentaren-sayuz,ПП и ДБ се разделят на две групи в общ парламентарен съюз,Негативен,0.93,презрение,Неутрален,0.95,спокойствие,Неутрален,0.9,спокойствие
Файда.Одриската държавата.късно се разпаднаха,https://dnes.dir.bg/politika/pp-predlaga-na-db-da-se-razdelyat-na-dve-grupi-v-obsht-parlamentaren-sayuz,ПП и ДБ се разделят на две групи в общ парламентарен съюз,Негативен,0.62,разочарование,Неутрален,0.95,спокойствие,Неутрален,0.9,спокойствие
ДБ са някакви необолшевики.Това е крайна и радикална партия.Неслучайно най-кресливите Божанков и Пейков са желани от ДБ като незаменими парламентаристи.,https://dnes.dir.bg/politika/pp-predlaga-na-db-da-se-razdelyat-na-dve-grupi-v-obsht-parlamentaren-sayuz,ПП и ДБ се разделят на две групи в общ парламентарен съюз,Негативен,0.95,гняв,Неутрален,0.95,спокойствие,Неутрален,0.9,спокойствие
"Асенчо изчисти пп от негативните личности, разкара седящите в скута на пеевски - дб, и сега е готов да се продава на радев - власти парички срещу подкрепа :)))) Хиър е хасковският Андрешко.",https://dnes.dir.bg/politika/pp-predlaga-na-db-da-se-razdelyat-na-dve-grupi-v-obsht-parlamentaren-sayuz,ПП и ДБ се разделят на две групи в общ парламентарен съюз,Негативен,0.88,презрение,Неутрален,0.95,спокойствие,Неутрален,0.9,спокойствие
На Мирчев още повече ще му се изкриви главата,https://dnes.dir.bg/politika/pp-predlaga-na-db-da-se-razdelyat-na-dve-grupi-v-obsht-parlamentaren-sayuz,ПП и ДБ се разделят на две групи в общ парламентарен съюз,Негативен,0.88,презрение,Неутрален,0.95,спокойствие,Неутрален,0.9,спокойствие
"Аз само да попитам - някое топло, ущтно местенце за Лорер няма ли да се намери? А също и за женичката му? Председател по коалиционните въпроси, главен съветник на файтоните в коалицията?",https://dnes.dir.bg/politika/pp-predlaga-na-db-da-se-razdelyat-na-dve-grupi-v-obsht-parlamentaren-sayuz,ПП и ДБ се разделят на две групи в общ парламентарен съюз,Негативен,0.86,недоволство,Неутрален,0.95,спокойствие,Неутрален,0.9,спокойствие
"В България само мафиотите се обединяват успешно. От всички простотии, които сътвориха ПП, тази категорично е най- епичната. Явно Асен наистина си е повярвал, че ще спечелят изборите с пълно мнозинство - не мога да си представя, колко трябва да си зле, за да се заблуждаваш толкова наивно.Впрочем възможността на изборите да се явявате коалиция, а след изборите да се цепите на отделни парламентарни групи, е правен нонсенс.",https://dnes.dir.bg/politika/pp-predlaga-na-db-da-se-razdelyat-na-dve-grupi-v-obsht-parlamentaren-sayuz,ПП и ДБ се разделят на две групи в общ парламентарен съюз,Негативен,0.96,гняв,Неутрален,0.95,спокойствие,Неутрален,0.9,спокойствие
"ПП са либерална партия, дб дясна как да са заедно. Освен това Радев ги използва и насра. Кофти. Трябва ребрандиране",https://dnes.dir.bg/politika/pp-predlaga-na-db-da-se-razdelyat-na-dve-grupi-v-obsht-parlamentaren-sayuz,ПП и ДБ се разделят на две групи в общ парламентарен съюз,Негативен,0.88,разочарование,Неутрален,0.95,спокойствие,Неутрален,0.9,спокойствие
Г-Л–У–П–А–Ц–И.,https://dnes.dir.bg/politika/pp-predlaga-na-db-da-se-razdelyat-na-dve-grupi-v-obsht-parlamentaren-sayuz,ПП и ДБ се разделят на две групи в общ парламентарен съюз,Негативен,0.98,гняв,Неутрален,0.95,спокойствие,Неутрален,0.9,спокойствие
"Помислете малко. Просто Кокорчо така намига исе надупва на Радев,щото с ДБ-то трудно ще сеспорязумяват със СПАСИТЕЛЯ. Може и такива да сауказанията от задкулисието. Сега вече ще се видиистинската същност на шарлатаните от ПП..",https://dnes.dir.bg/politika/pp-predlaga-na-db-da-se-razdelyat-na-dve-grupi-v-obsht-parlamentaren-sayuz,ПП и ДБ се разделят на две групи в общ парламентарен съюз,Негативен,0.94,гняв,Неутрален,0.95,спокойствие,Неутрален,0.9,спокойствие
"Да не свършиха парите от Америка за България? Не се карайте, за всеки ще има отделна килия, но с общ санитарен възел! Венсеремос!",https://dnes.dir.bg/politika/pp-predlaga-na-db-da-se-razdelyat-na-dve-grupi-v-obsht-parlamentaren-sayuz,ПП и ДБ се разделят на две групи в общ парламентарен съюз,Негативен,0.86,презрение,Неутрален,0.95,спокойствие,Неутрален,0.9,спокойствие
"Отдавна искам да гласувам за ДБ, но ПП ми пречи",https://dnes.dir.bg/politika/pp-predlaga-na-db-da-se-razdelyat-na-dve-grupi-v-obsht-parlamentaren-sayuz,ПП и ДБ се разделят на две групи в общ парламентарен съюз,Негативен,0.72,разочарование,Неутрален,0.95,спокойствие,Неутрален,0.9,спокойствие
Да си намерят някой площад с павета и да се въргалят там дрогирани. И едните и другите са тотално дъно.,https://dnes.dir.bg/politika/pp-predlaga-na-db-da-se-razdelyat-na-dve-grupi-v-obsht-parlamentaren-sayuz,ПП и ДБ се разделят на две групи в общ парламентарен съюз,Негативен,0.98,презрение,Неутрален,0.95,спокойствие,Неутрален,0.9,спокойствие
"ИДИОТИ! И ако някой не е разбрал, ИФИОТИ!!!! Поредната победа на червените ченгета и поредна демонстрация, че демократичните сили в Бъллгария са по-наивни от новородено и разделянето им е едно от най-лесните неща на света. ИДИОТИИИИИИ!!!!!!",https://dnes.dir.bg/politika/pp-predlaga-na-db-da-se-razdelyat-na-dve-grupi-v-obsht-parlamentaren-sayuz,ПП и ДБ се разделят на две групи в общ парламентарен съюз,Негативен,0.98,гняв,Неутрален,0.95,спокойствие,Неутрален,0.9,спокойствие
"Те се явяват на изборите като коалиция. С обща листа, с общ изборен резултат и общи депутати. В влизат в парламента като едно цяло. И не би трябвало да могат да се делят в нс, след като на изборите са били заедно. Просто защото, по най тъпата логика, ако и на изборите бяха разделени, можеше нито една от партиите, да не прескочи 4 процента. Ако зависише от мен, щях да изгоня и две парламентарни групи, защо разделени, те нямат място там. И това знаете бе е прецедент, много пъти се е случвало, и прецакани са отново избирателите, без значение на коя партия",https://dnes.dir.bg/politika/pp-predlaga-na-db-da-se-razdelyat-na-dve-grupi-v-obsht-parlamentaren-sayuz,ПП и ДБ се разделят на две групи в общ парламентарен съюз,Негативен,0.92,разочарование,Неутрален,0.95,спокойствие,Неутрален,0.9,спокойствие
"да не им е първия педалски номер? Да казаха преди избороте тогава, че ще раздават България на укрите?!После се видя кви са отрепки",https://dnes.dir.bg/politika/pp-predlaga-na-db-da-se-razdelyat-na-dve-grupi-v-obsht-parlamentaren-sayuz,ПП и ДБ се разделят на две групи в общ парламентарен съюз,Негативен,0.98,гняв,Неутрален,0.95,спокойствие,Неутрален,0.9,спокойствие
"Добре е да се разделят сега. Имат 4 години напред - да се захващат за работа и да тичат из страната. Че като гледам, освен да седят пред смартфоните - друго не пипват. Мирно и тихо всеки да си заеме нишата и лека полека да я разширява. Като гледам и Денков колко е ""харизматичен"", пък за Асен да не говорим - такава национална партия ще изградят, че не се знае само на коя ""нация"" ще да е!!!",https://dnes.dir.bg/politika/pp-predlaga-na-db-da-se-razdelyat-na-dve-grupi-v-obsht-parlamentaren-sayuz,ПП и ДБ се разделят на две групи в общ парламентарен съюз,Негативен,0.92,разочарование,Неутрален,0.95,спокойствие,Неутрален,0.9,спокойствие
"момчета, че активно спомогнахте за изпълнението на план ''Голгота"".Чао сте.",https://dnes.dir.bg/politika/pp-predlaga-na-db-da-se-razdelyat-na-dve-grupi-v-obsht-parlamentaren-sayuz,ПП и ДБ се разделят на две групи в общ парламентарен съюз,Негативен,0.72,гняв,Неутрален,0.95,спокойствие,Неутрален,0.9,спокойствие
"Вървите по пътя на сДС........Честито на ""вярващите"" в дясното........",https://dnes.dir.bg/politika/pp-predlaga-na-db-da-se-razdelyat-na-dve-grupi-v-obsht-parlamentaren-sayuz,ПП и ДБ се разделят на две групи в общ парламентарен съюз,Негативен,0.82,сарказъм,Неутрален,0.95,спокойствие,Неутрален,0.9,спокойствие
"Освен, че следват пътя на СДС, нищо дясно няма в тия розови чеда на БКП фунционери.",https://dnes.dir.bg/politika/pp-predlaga-na-db-da-se-razdelyat-na-dve-grupi-v-obsht-parlamentaren-sayuz,ПП и ДБ се разделят на две групи в общ парламентарен съюз,Негативен,0.92,презрение,Неутрален,0.95,спокойствие,Неутрален,0.9,спокойствие
Огромна грешка,https://dnes.dir.bg/politika/pp-predlaga-na-db-da-se-razdelyat-na-dve-grupi-v-obsht-parlamentaren-sayuz,ПП и ДБ се разделят на две групи в общ парламентарен съюз,Негативен,0.95,разочарование,Неутрален,0.95,спокойствие,Неутрален,0.9,спокойствие
"Не ни занимавайте с глупости, циркаджии!",https://dnes.dir.bg/politika/pp-predlaga-na-db-da-se-razdelyat-na-dve-grupi-v-obsht-parlamentaren-sayuz,ПП и ДБ се разделят на две групи в общ парламентарен съюз,Негативен,0.98,гняв,Неутрален,0.95,спокойствие,Неутрален,0.9,спокойствие
Циреят се спука.Жълтата гной изтече в канала.Аз съм щастлив и доволен.,https://dnes.dir.bg/politika/pp-predlaga-na-db-da-se-razdelyat-na-dve-grupi-v-obsht-parlamentaren-sayuz,ПП и ДБ се разделят на две групи в общ парламентарен съюз,Позитивен,0.93,радост,Неутрален,0.95,спокойствие,Неутрален,0.9,спокойствие
"Абе,в случай че ПБ се реорганизира на10 групи по 13 апостоли, плюс един необвързан,колко зам-председателски места ще имат ?!А иначе могат да се обединят в САЩ-Съединени Алтернативни Щастливци.",https://dnes.dir.bg/politika/pp-predlaga-na-db-da-se-razdelyat-na-dve-grupi-v-obsht-parlamentaren-sayuz,ПП и ДБ се разделят на две групи в общ парламентарен съюз,Негативен,0.72,ирония,Неутрален,0.95,спокойствие,Неутрален,0.9,спокойствие
Все едно сме 2001.,https://dnes.dir.bg/politika/pp-predlaga-na-db-da-se-razdelyat-na-dve-grupi-v-obsht-parlamentaren-sayuz,ПП и ДБ се разделят на две групи в общ парламентарен съюз,Негативен,0.72,разочарование,Неутрален,0.95,спокойствие,Неутрален,0.9,спокойствие
Не ни занимавайте със семейните си скандали.,https://dnes.dir.bg/politika/pp-predlaga-na-db-da-se-razdelyat-na-dve-grupi-v-obsht-parlamentaren-sayuz,ПП и ДБ се разделят на две групи в общ парламентарен съюз,Негативен,0.92,раздразнение,Неутрален,0.95,спокойствие,Неутрален,0.9,спокойствие
"По други сайтове вече пише, че сцепването е факт. И то жълтопаветни сайтове.Да им е честито.",https://dnes.dir.bg/politika/pp-predlaga-na-db-da-se-razdelyat-na-dve-grupi-v-obsht-parlamentaren-sayuz,ПП и ДБ се разделят на две групи в общ парламентарен съюз,Негативен,0.78,злорадство,Неутрален,0.95,спокойствие,Неутрален,0.9,спокойствие
"В България - дясното е 2-3 процента, това е истината, никога не е имало силно дясно",https://dnes.dir.bg/politika/pp-predlaga-na-db-da-se-razdelyat-na-dve-grupi-v-obsht-parlamentaren-sayuz,ПП и ДБ се разделят на две групи в общ парламентарен съюз,Негативен,0.72,разочарование,Неутрален,0.95,спокойствие,Неутрален,0.9,спокойствие
Питам - колко трябва да си тъ* за да гласуваш за тези воден от маймунясали инфлуенсъри ?,https://dnes.dir.bg/politika/pp-predlaga-na-db-da-se-razdelyat-na-dve-grupi-v-obsht-parlamentaren-sayuz,ПП и ДБ се разделят на две групи в общ парламентарен съюз,Негативен,0.96,гняв,Неутрален,0.95,спокойствие,Неутрален,0.9,спокойствие
"И сега какво: Битият и пребит Пеевски трета парламентарна сила? После ПП и тримата вождове на ДБ! Копейкин и той има повече мандати от Иво, Божо и Танас! Хахаха",https://dnes.dir.bg/politika/pp-predlaga-na-db-da-se-razdelyat-na-dve-grupi-v-obsht-parlamentaren-sayuz,ПП и ДБ се разделят на две групи в общ парламентарен съюз,Негативен,0.82,насмешка,Неутрален,0.95,спокойствие,Неутрален,0.9,спокойствие
"Поредните циркове за пред хората.Цялата работа е,че с две групи ще имат двама зам. председатели на НС,защото и за този пост щяха да се избият.Иначе пак ще си гласуват заедно за тяхните си далавери.Иначе не мога да разбера как ДБ има очи да обявява на избирателите си,че ПП е сродна до тях партия след като и Денков официално обяви,че те нямат допирни точки в идеология,т.е. директно си каза,че те не могат да бъдат една партия,защото ПП е центристка,но ляво центристка,а в дясно били само 5-6 % от хората,които всъщност подкрепят ДБ.Е,как тогава Божанов и Мирчев ще обяснят как ДБ,ако са десни се съюзяват с ляво центристи и какво общо имат те за да бъдат заедно на избори.При тези хора винаги има нещо много объркано,много сбъркано.",https://dnes.dir.bg/politika/pp-predlaga-na-db-da-se-razdelyat-na-dve-grupi-v-obsht-parlamentaren-sayuz,ПП и ДБ се разделят на две групи в общ парламентарен съюз,Негативен,0.95,гняв,Неутрален,0.95,спокойствие,Неутрален,0.9,спокойствие
"Е динственото, което не е сбъркано при тях е КЕЛЕПИРА........Заплтки депутатски и други благинки, пък ""избирателите"" кучета ги яли.......Аз не съм гласувал за ДВЕ парламентарни групи, а за една. Това не е ли вид ИЗМАМА???",https://dnes.dir.bg/politika/pp-predlaga-na-db-da-se-razdelyat-na-dve-grupi-v-obsht-parlamentaren-sayuz,ПП и ДБ се разделят на две групи в общ парламентарен съюз,Негативен,0.96,гняв,Неутрален,0.95,спокойствие,Неутрален,0.9,спокойствие
"Тоест, ти си гласувал за тях?!?!?!...",https://dnes.dir.bg/politika/pp-predlaga-na-db-da-se-razdelyat-na-dve-grupi-v-obsht-parlamentaren-sayuz,ПП и ДБ се разделят на две групи в общ парламентарен съюз,Негативен,0.72,възмущение,Неутрален,0.95,спокойствие,Неутрален,0.9,спокойствие
"Кокорчо е човек на Пеевски, затова разцепи коалицията ППДБ.",https://dnes.dir.bg/politika/pp-predlaga-na-db-da-se-razdelyat-na-dve-grupi-v-obsht-parlamentaren-sayuz,ПП и ДБ се разделят на две групи в общ парламентарен съюз,Негативен,0.87,гняв,Неутрален,0.95,спокойствие,Неутрален,0.9,спокойствие
"Пак ли Пеевски ви е виновен бе жълтопаветна сволач , а ?А Путин не е ли замесен ?",https://dnes.dir.bg/politika/pp-predlaga-na-db-da-se-razdelyat-na-dve-grupi-v-obsht-parlamentaren-sayuz,ПП и ДБ се разделят на две групи в общ парламентарен съюз,Негативен,0.94,гняв,Неутрален,0.95,спокойствие,Неутрален,0.9,спокойствие
ПедофилПенделяците и ДеБилите искат колкото може повече да се налапат по комисии и ръководни постове из парламента. Дано им приседнат народните пари на тия измекяри,https://dnes.dir.bg/politika/pp-predlaga-na-db-da-se-razdelyat-na-dve-grupi-v-obsht-parlamentaren-sayuz,ПП и ДБ се разделят на две групи в общ парламентарен съюз,Негативен,0.98,гняв,Неутрален,0.95,спокойствие,Неутрален,0.9,спокойствие
"Какво значи, че в момента текат дебати? Асен им е казал, че не ги иска, ДеБъ се унижават и му се молят ли? Левият Асен си свърши работата - докара путинист да управлява еднилично! Използва ДеБъ за постигане на целта, и сега вече не му трябват! През цялото време, докато са в коалиция, Асен не е спирал да ги мачка и унижава, и те все му се предлагаха ….. После що нямали избиратели …",https://dnes.dir.bg/politika/pp-predlaga-na-db-da-se-razdelyat-na-dve-grupi-v-obsht-parlamentaren-sayuz,ПП и ДБ се разделят на две групи в общ парламентарен съюз,Негативен,0.96,гняв,Неутрален,0.95,спокойствие,Неутрален,0.9,спокойствие
ПП само ги използват другите. Ако не са другите ПП умират прави.,https://dnes.dir.bg/politika/pp-predlaga-na-db-da-se-razdelyat-na-dve-grupi-v-obsht-parlamentaren-sayuz,ПП и ДБ се разделят на две групи в общ парламентарен съюз,Негативен,0.88,презрение,Неутрален,0.95,спокойствие,Неутрален,0.9,спокойствие
А във всяка група да се разделят на по няколко подгрупи,https://dnes.dir.bg/politika/pp-predlaga-na-db-da-se-razdelyat-na-dve-grupi-v-obsht-parlamentaren-sayuz,ПП и ДБ се разделят на две групи в общ парламентарен съюз,Неутрален,0.92,спокойствие,Неутрален,0.95,спокойствие,Неутрален,0.9,спокойствие
"Като деца се шегувахме, ""ха наляво, ха на дясно, право във лааайното прясно"". И тези отиват натам, и всички идиоти, гласували за тях",https://dnes.dir.bg/politika/pp-predlaga-na-db-da-se-razdelyat-na-dve-grupi-v-obsht-parlamentaren-sayuz,ПП и ДБ се разделят на две групи в общ парламентарен съюз,Негативен,0.95,гняв,Неутрален,0.95,спокойствие,Неутрален,0.9,спокойствие
"Откакто ПП бе овладяна еднолично от Двойногушието Василев (известен още като Розовото Прасенце или Необратното А), цялата им партия върви стремглаво надолу.ПП е новото БСП, Двойногушието е новата Нинова.Всичко в името на държавната хранилка, нищо в името на народа!",https://dnes.dir.bg/politika/pp-predlaga-na-db-da-se-razdelyat-na-dve-grupi-v-obsht-parlamentaren-sayuz,ПП и ДБ се разделят на две групи в общ парламентарен съюз,Негативен,0.97,гняв,Неутрален,0.95,спокойствие,Неутрален,0.9,спокойствие
"Ех, няма да ми стигнат пуканките...",https://dnes.dir.bg/politika/pp-predlaga-na-db-da-se-razdelyat-na-dve-grupi-v-obsht-parlamentaren-sayuz,ПП и ДБ се разделят на две групи в общ парламентарен съюз,Позитивен,0.72,забавление,Неутрален,0.95,спокойствие,Неутрален,0.9,спокойствие
"предлагам да отчетем и положителното в тази драма на драгкуинс и драгкингс :)щото име и нещо много позитивно - скоро ще сме с два сащисани политически проекта по-малко !или поне няма да заразяват пространството вътре в НС с ценностите си :)и още нещо нещо много положително - без да се налага Ние да си цапаме ръцете !наслука , не0либерасто-джендури, ПеПерасто-ДеБили :)",https://dnes.dir.bg/politika/pp-predlaga-na-db-da-se-razdelyat-na-dve-grupi-v-obsht-parlamentaren-sayuz,ПП и ДБ се разделят на две групи в общ парламентарен съюз,Негативен,0.92,презрение,Неутрален,0.95,спокойствие,Неутрален,0.9,спокойствие
"Тез ако продължават така, на следващите избори ще са под чертата. И малкото останали интелигентни хора, които ги подкрепят ще се разочароват. Какви са тия простотии бе.... Ще са разделят пък после ще са събират в пбщ съюз.... Не мога да им фана логиката. Няма го вече дясното. Не могат да направят едно силно дясно обединение. Останаха само русофили и корумпирана сган.",https://dnes.dir.bg/politika/pp-predlaga-na-db-da-se-razdelyat-na-dve-grupi-v-obsht-parlamentaren-sayuz,ПП и ДБ се разделят на две групи в общ парламентарен съюз,Негативен,0.97,разочарование,Неутрален,0.95,спокойствие,Неутрален,0.9,спокойствие
"Не бих нарелъл хората, които ги подкрепят интелигентни, но айде мо е само леко да се позаблудили. За съжаление повечето са мега тъпи нефелници с голямо его и ниско осъзнаване. Тези клоуни ги работят както си искат.",https://dnes.dir.bg/politika/pp-predlaga-na-db-da-se-razdelyat-na-dve-grupi-v-obsht-parlamentaren-sayuz,ПП и ДБ се разделят на две групи в общ парламентарен съюз,Негативен,0.98,презрение,Неутрален,0.95,спокойствие,Неутрален,0.9,спокойствие
"Имало едно време един велик български драматур-Станислав Стратиев.В пиесата му „Балкански синдром“ (1987) великолепно са описаниопитите да се запази заработеното с тежък, непосилен труди евентуално да се преумножи.Та и тези се опитват да имат два пъти повече места в парламентарнатахранилка.Отделно дето действа закона за множенето на безмислената бюрокрацияи дебелото подчертаване на нейната незаменимост, уникалност и полезност",https://dnes.dir.bg/politika/pp-predlaga-na-db-da-se-razdelyat-na-dve-grupi-v-obsht-parlamentaren-sayuz,ПП и ДБ се разделят на две групи в общ парламентарен съюз,Негативен,0.88,възмущение,Неутрален,0.95,спокойствие,Неутрален,0.9,спокойствие
"""Документът предвижда, макар и разделени в две групи, партньорите от доскорошната коалиция да сформират парламентарен съюз.""Пак сглобка, този път между ПП и ДБ.",https://dnes.dir.bg/politika/pp-predlaga-na-db-da-se-razdelyat-na-dve-grupi-v-obsht-parlamentaren-sayuz,ПП и ДБ се разделят на две групи в общ парламентарен съюз,Негативен,0.72,разочарование,Неутрален,0.95,спокойствие,Неутрален,0.9,спокойствие
А по шия. Много яко...,https://dnes.dir.bg/politika/pp-predlaga-na-db-da-se-razdelyat-na-dve-grupi-v-obsht-parlamentaren-sayuz,ПП и ДБ се разделят на две групи в общ парламентарен съюз,Позитивен,0.82,възхищение,Неутрален,0.95,спокойствие,Неутрален,0.9,спокойствие
Разделението прави силата! Или май беше обратното?,https://dnes.dir.bg/politika/pp-predlaga-na-db-da-se-razdelyat-na-dve-grupi-v-obsht-parlamentaren-sayuz,ПП и ДБ се разделят на две групи в общ парламентарен съюз,Негативен,0.72,ирония,Неутрален,0.95,спокойствие,Неутрален,0.9,спокойствие
"След като катастрофират тежко на президентските избори наесен и още по-тежко на местните догодина, се надявам да изчезнат от политическата сцена. Аз съм твърдо десен човек, но след като медиите нарекоха тези леви палячовци ""демократична общност"", не искам да се отъждествявам с тях.",https://dnes.dir.bg/politika/pp-predlaga-na-db-da-se-razdelyat-na-dve-grupi-v-obsht-parlamentaren-sayuz,ПП и ДБ се разделят на две групи в общ парламентарен съюз,Негативен,0.97,гняв,Неутрален,0.95,спокойствие,Неутрален,0.9,спокойствие
Да им се разделят процентите и да оттичат в канала където им е мястото,https://dnes.dir.bg/politika/pp-predlaga-na-db-da-se-razdelyat-na-dve-grupi-v-obsht-parlamentaren-sayuz,ПП и ДБ се разделят на две групи в общ парламентарен съюз,Негативен,0.92,презрение,Неутрален,0.95,спокойствие,Неутрален,0.9,спокойствие
"Знам че се повтарям, но мисля че трябва да се разделят на 37 отделни партии и всеки депутат да е партия:))) Така може всеки ден да има много новини за това дребно малцинство, всеки ден някой ще предлага нещо на друг депутат и ще крачи гордо с костюм насам натам:)))",https://dnes.dir.bg/politika/pp-predlaga-na-db-da-se-razdelyat-na-dve-grupi-v-obsht-parlamentaren-sayuz,ПП и ДБ се разделят на две групи в общ парламентарен съюз,Негативен,0.82,ирония,Неутрален,0.95,спокойствие,Неутрален,0.9,спокойствие
Разсглобка?!?,https://dnes.dir.bg/politika/pp-predlaga-na-db-da-se-razdelyat-na-dve-grupi-v-obsht-parlamentaren-sayuz,ПП и ДБ се разделят на две групи в общ парламентарен съюз,Неутрален,0.62,изненада,Неутрален,0.95,спокойствие,Неутрален,0.9,спокойствие
"КРЕТЕНИ! Вместо да си загърбят ЛИЧНИТЕ амбиции за сметка на общото благо те се карат вътре, помежду си! А Лойко и сФинкята хрупат пуканки и се забавляват с тях....КРЕТЕНИ!!",https://dnes.dir.bg/politika/pp-predlaga-na-db-da-se-razdelyat-na-dve-grupi-v-obsht-parlamentaren-sayuz,ПП и ДБ се разделят на две групи в общ парламентарен съюз,Негативен,0.98,гняв,Неутрален,0.95,спокойствие,Неутрален,0.9,спокойствие
"Преди много години комунистите имаха лозунг: Два конгреса - една цел. Сега възникна подобен лозунг: Две партии - една цел. Както преди, така и сега към този лозунг се показваше (се показва) едно красиво изпълнение с пръсти - средният нагоре, а съседните свити. Абе, както комунистите утекоха в канала, така и пепетата, дебетата и вся остальная сволъч ще отиде, та няма да се води повече.",https://dnes.dir.bg/politika/pp-predlaga-na-db-da-se-razdelyat-na-dve-grupi-v-obsht-parlamentaren-sayuz,ПП и ДБ се разделят на две групи в общ парламентарен съюз,Негативен,0.96,гняв,Неутрален,0.95,спокойствие,Неутрален,0.9,спокойствие
Поредната измишльотина на умнокрасивитеголоктическибезподобни!На другите избори при МЕЧ и Величие!,https://dnes.dir.bg/politika/pp-predlaga-na-db-da-se-razdelyat-na-dve-grupi-v-obsht-parlamentaren-sayuz,ПП и ДБ се разделят на две групи в общ парламентарен съюз,Негативен,0.88,гняв,Неутрален,0.95,спокойствие,Неутрален,0.9,спокойствие
Шефовете зимат по голема заплата.ИЗДРЕБНЯХА МНОГО ТИЯ НЕЩАСТНИЦИ,https://dnes.dir.bg/politika/pp-predlaga-na-db-da-se-razdelyat-na-dve-grupi-v-obsht-parlamentaren-sayuz,ПП и ДБ се разделят на две групи в общ парламентарен съюз,Негативен,0.96,гняв,Неутрален,0.95,спокойствие,Неутрален,0.9,спокойствие
"Ако някой ме чете изобщо, за тези амбулантни търговци на политика, грешка нямам:))) Разделиха се, но малко, за да може Радев да бъде подпиран и подкрепян, а планктона да си мисли че са опозиция:))) Това са продавачи на бързи електорални кредити:))) Леви, които ще са десни:))) Това е типична НПО политика, която обърква и държи електората в лъжа. Никога власт за тези измамници.",https://dnes.dir.bg/politika/pp-predlaga-na-db-da-se-razdelyat-na-dve-grupi-v-obsht-parlamentaren-sayuz,ПП и ДБ се разделят на две групи в общ парламентарен съюз,Негативен,0.96,гняв,Неутрален,0.95,спокойствие,Неутрален,0.9,спокойствие
"Четем те, къци бареков",https://dnes.dir.bg/politika/pp-predlaga-na-db-da-se-razdelyat-na-dve-grupi-v-obsht-parlamentaren-sayuz,ПП и ДБ се разделят на две групи в общ парламентарен съюз,Негативен,0.62,ирония,Неутрален,0.95,спокойствие,Неутрален,0.9,спокойствие
"А синовете и внуците на агентите от ДС, към коя половина да минем? А педофилите от Петрохан? А рогоносеца?",https://dnes.dir.bg/politika/pp-predlaga-na-db-da-se-razdelyat-na-dve-grupi-v-obsht-parlamentaren-sayuz,ПП и ДБ се разделят на две групи в общ парламентарен съюз,Негативен,0.92,презрение,Неутрален,0.95,спокойствие,Неутрален,0.9,спокойствие
"Карай си таксито, не го мисли.",https://dnes.dir.bg/politika/pp-predlaga-na-db-da-se-razdelyat-na-dve-grupi-v-obsht-parlamentaren-sayuz,ПП и ДБ се разделят на две групи в общ парламентарен съюз,Неутрален,0.82,спокойствие,Неутрален,0.95,спокойствие,Неутрален,0.9,спокойствие
"И така : колко джендура се побират на върха на една игла :) ?!Оскубете си перуките, келеши !И си подливайте вода един другиму пред Онези посолства :)",https://dnes.dir.bg/politika/pp-predlaga-na-db-da-se-razdelyat-na-dve-grupi-v-obsht-parlamentaren-sayuz,ПП и ДБ се разделят на две групи в общ парламентарен съюз,Негативен,0.96,презрение,Неутрален,0.95,спокойствие,Неутрален,0.9,спокойствие
доносничеството е особено престижен не0либерастко-джендурски спорт ;)и много доходоносен занаят !сега ще цъфне и ще върже ;)в 52 НС,https://dnes.dir.bg/politika/pp-predlaga-na-db-da-se-razdelyat-na-dve-grupi-v-obsht-parlamentaren-sayuz,ПП и ДБ се разделят на две групи в общ парламентарен съюз,Негативен,0.92,презрение,Неутрален,0.95,спокойствие,Неутрален,0.9,спокойствие
Карай си таксито не го мисли,https://dnes.dir.bg/politika/pp-predlaga-na-db-da-se-razdelyat-na-dve-grupi-v-obsht-parlamentaren-sayuz,ПП и ДБ се разделят на две групи в общ парламентарен съюз,Неутрален,0.72,спокойствие,Неутрален,0.95,спокойствие,Неутрален,0.9,спокойствие
"Важно е кой ще води прайда, кой ще носи знамето с дъгата и кой кофата с вазелина и баданарката...И като викне некой ""Вазелин!"", тичаш и мажеш обилно....",https://dnes.dir.bg/politika/pp-predlaga-na-db-da-se-razdelyat-na-dve-grupi-v-obsht-parlamentaren-sayuz,ПП и ДБ се разделят на две групи в общ парламентарен съюз,Негативен,0.86,презрение,Неутрален,0.95,спокойствие,Неутрален,0.9,спокойствие
"ПП са доказани политически лицемери, начело с онова финансово недоразвито недоразумение А.Василев. С неоправданото си его окончателно ще заличи ДСБ-ДБ! Жалко.",https://dnes.dir.bg/politika/pp-predlaga-na-db-da-se-razdelyat-na-dve-grupi-v-obsht-parlamentaren-sayuz,ПП и ДБ се разделят на две групи в общ парламентарен съюз,Негативен,0.98,гняв,Неутрален,0.95,спокойствие,Неутрален,0.9,спокойствие
ако го постигне - може и паметник да му издигнем :)или поне няма да го споменаваме ;)до девето коляно :),https://dnes.dir.bg/politika/pp-predlaga-na-db-da-se-razdelyat-na-dve-grupi-v-obsht-parlamentaren-sayuz,ПП и ДБ се разделят на две групи в общ парламентарен съюз,Позитивен,0.72,закачливост,Неутрален,0.95,спокойствие,Неутрален,0.9,спокойствие
Ду.давците за слаба България е наистина крайно време да бъдат заличени,https://dnes.dir.bg/politika/pp-predlaga-na-db-da-se-razdelyat-na-dve-grupi-v-obsht-parlamentaren-sayuz,ПП и ДБ се разделят на две групи в общ парламентарен съюз,Негативен,0.92,гняв,Неутрален,0.95,спокойствие,Неутрален,0.9,спокойствие
Така ще имат по двама във всяка комисия и двойни хонорари. Ще унищожат корупцията до корен,https://dnes.dir.bg/politika/pp-predlaga-na-db-da-se-razdelyat-na-dve-grupi-v-obsht-parlamentaren-sayuz,ПП и ДБ се разделят на две групи в общ парламентарен съюз,Негативен,0.88,възмущение,Неутрален,0.95,спокойствие,Неутрален,0.9,спокойствие
"Ще унищожат дедовия:))) накрая с два депутата пак ще носите от девет кладенеца вода, за да разкажете за големия успех:))) Дебили:)))",https://dnes.dir.bg/politika/pp-predlaga-na-db-da-se-razdelyat-na-dve-grupi-v-obsht-parlamentaren-sayuz,ПП и ДБ се разделят на две групи в общ парламентарен съюз,Негативен,0.96,презрение,Неутрален,0.95,спокойствие,Неутрален,0.9,спокойствие
пеноара е разгонен до полуда.......,https://dnes.dir.bg/politika/pp-predlaga-na-db-da-se-razdelyat-na-dve-grupi-v-obsht-parlamentaren-sayuz,ПП и ДБ се разделят на две групи в общ парламентарен съюз,Неутрален,0.68,възбуда,Неутрален,0.95,спокойствие,Неутрален,0.9,спокойствие
Повече няма да гласувам за вас. Пълни нещастници...,https://dnes.dir.bg/politika/pp-predlaga-na-db-da-se-razdelyat-na-dve-grupi-v-obsht-parlamentaren-sayuz,ПП и ДБ се разделят на две групи в общ парламентарен съюз,Негативен,0.98,гняв,Неутрален,0.95,спокойствие,Неутрален,0.9,спокойствие
Наистина си идиот че въобще си гласивал за тях,https://dnes.dir.bg/politika/pp-predlaga-na-db-da-se-razdelyat-na-dve-grupi-v-obsht-parlamentaren-sayuz,ПП и ДБ се разделят на две групи в общ парламентарен съюз,Негативен,0.98,гняв,Неутрален,0.95,спокойствие,Неутрален,0.9,спокойствие
"Мен марксистите соросоиди само веднъж успяха да ме излъжат да гласувам за тях, Беше когато бяха Реформаторски Блок. Още тогава ги прозрях какви са и приключих с тях. Пълни мошеници. Десни били. Ала, бала. Истински леви другари. Нагли и безочливи до безобразие.",https://dnes.dir.bg/politika/pp-predlaga-na-db-da-se-razdelyat-na-dve-grupi-v-obsht-parlamentaren-sayuz,ПП и ДБ се разделят на две групи в общ парламентарен съюз,Негативен,0.98,гняв,Неутрален,0.95,спокойствие,Неутрален,0.9,спокойствие
Че изобщо някога си гласувал за тях. То се знаеше че са мошеници още от жълтите павета,https://dnes.dir.bg/politika/pp-predlaga-na-db-da-se-razdelyat-na-dve-grupi-v-obsht-parlamentaren-sayuz,ПП и ДБ се разделят на две групи в общ парламентарен съюз,Негативен,0.92,презрение,Неутрален,0.95,спокойствие,Неутрален,0.9,спокойствие
"ПП не са центриска, ТЕ СА ЛЯВА ПАРТИЯ с АСЕН вожд!",https://dnes.dir.bg/politika/pp-predlaga-na-db-da-se-razdelyat-na-dve-grupi-v-obsht-parlamentaren-sayuz,ПП и ДБ се разделят на две групи в общ парламентарен съюз,Негативен,0.72,гняв,Неутрален,0.95,спокойствие,Неутрален,0.9,спокойствие
ша и вкара да гласуват бюджет СИЛНО ОРЕЗАН на здравната касаи ша пъкнат тези които ша са роят от ПБтогива да фръли КРЪПАТА като баче БО Эко банкянскио шЭбек,https://dnes.dir.bg/politika/pp-predlaga-na-db-da-se-razdelyat-na-dve-grupi-v-obsht-parlamentaren-sayuz,ПП и ДБ се разделят на две групи в общ парламентарен съюз,Негативен,0.94,гняв,Неутрален,0.95,спокойствие,Неутрален,0.9,спокойствие
Внимавайте кой ще бъде на цепката между двете. Да не се стигне пак до парапета,https://dnes.dir.bg/politika/pp-predlaga-na-db-da-se-razdelyat-na-dve-grupi-v-obsht-parlamentaren-sayuz,ПП и ДБ се разделят на две групи в общ парламентарен съюз,Негативен,0.78,тревога,Неутрален,0.95,спокойствие,Неутрален,0.9,спокойствие
"""дясното е затворено в едни 5-6% от избирателите, и то само в големите градове"" Градските марксисти били десни веее. Ти да видиш! Те вярно се мислят за десни завалийките. Толкова умствено изостанали, че не осъзнават че са леви макрсистки другари. ДБ по едно време даже беше вкоалиция със залените комунисти. Десни били. хахаах ПП пък били център. Ти да видиш. Лява патия била център.",https://dnes.dir.bg/politika/pp-predlaga-na-db-da-se-razdelyat-na-dve-grupi-v-obsht-parlamentaren-sayuz,ПП и ДБ се разделят на две групи в общ парламентарен съюз,Негативен,0.96,презрение,Неутрален,0.95,спокойствие,Неутрален,0.9,спокойствие
"че не са десни - не са !вйлючително и заради факта ,че патроните им в сащско - дИмУкратите , не са :)но дали са лява партия ?съмнително !по-скоро са Леваци!както и продажни, полукомпетентни , социопати и психопати, сексуално дезориентирани и въпбще Паплач, изповядваща евроатлантически ценности , нали ?",https://dnes.dir.bg/politika/pp-predlaga-na-db-da-se-razdelyat-na-dve-grupi-v-obsht-parlamentaren-sayuz,ПП и ДБ се разделят на две групи в общ парламентарен съюз,Негативен,0.97,гняв,Неутрален,0.95,спокойствие,Неутрален,0.9,спокойствие
"Европедалите са леви, без значение от коя група се предсатвят, че са. Всички са едно соросидно болшевишко котило.",https://dnes.dir.bg/politika/pp-predlaga-na-db-da-se-razdelyat-na-dve-grupi-v-obsht-parlamentaren-sayuz,ПП и ДБ се разделят на две групи в общ парламентарен съюз,Негативен,0.96,гняв,Неутрален,0.95,спокойствие,Неутрален,0.9,спокойствие
"Стига с глупостите - десни, леви, център. Тия определения вече са толкова архаични. Ще се избият за кокала. ДБ са никой без ПП. ПП ги е страх, че ДБ ще им вземе топлите местенца из страната и местата в комисиите в НС.",https://dnes.dir.bg/politika/pp-predlaga-na-db-da-se-razdelyat-na-dve-grupi-v-obsht-parlamentaren-sayuz,ПП и ДБ се разделят на две групи в общ парламентарен съюз,Негативен,0.92,раздразнение,Неутрален,0.95,спокойствие,Неутрален,0.9,спокойствие
"Кой са ПП за да предлагат, имаха възможност насраха се, другите също.",https://dnes.dir.bg/politika/pp-predlaga-na-db-da-se-razdelyat-na-dve-grupi-v-obsht-parlamentaren-sayuz,ПП и ДБ се разделят на две групи в общ парламентарен съюз,Негативен,0.95,гняв,Неутрален,0.95,спокойствие,Неутрален,0.9,спокойствие
Разединението прави силата!,https://dnes.dir.bg/politika/pp-predlaga-na-db-da-se-razdelyat-na-dve-grupi-v-obsht-parlamentaren-sayuz,ПП и ДБ се разделят на две групи в общ парламентарен съюз,Негативен,0.72,ирония,Неутрален,0.95,спокойствие,Неутрален,0.9,спокойствие
"ПП изпълниха това за което бяха създадени - пълно мнозинство на кРадев и окончателното разбиване на демократичната общност в България! Хубаво се смеете с БСП, но освен, че вече няма социалистическа партия, няма и автентична десница. Останаха само някакви розови зомбита да гласуват за някаква тему версия на дясна партия. Не знам как още може да има хора да им се вързват на тия клоуни",https://dnes.dir.bg/politika/pp-predlaga-na-db-da-se-razdelyat-na-dve-grupi-v-obsht-parlamentaren-sayuz,ПП и ДБ се разделят на две групи в общ парламентарен съюз,Негативен,0.98,гняв,Неутрален,0.95,спокойствие,Неутрален,0.9,спокойствие
Партия Петрохан и Дее Бойко,https://dnes.dir.bg/politika/pp-predlaga-na-db-da-se-razdelyat-na-dve-grupi-v-obsht-parlamentaren-sayuz,ПП и ДБ се разделят на две групи в общ парламентарен съюз,Неутрален,0.9,неутралност,Неутрален,0.95,спокойствие,Неутрален,0.9,спокойствие
"2 групи ?Хайде, хаирлия да е!",https://dnes.dir.bg/politika/pp-predlaga-na-db-da-se-razdelyat-na-dve-grupi-v-obsht-parlamentaren-sayuz,ПП и ДБ се разделят на две групи в общ парламентарен съюз,Позитивен,0.78,надежда,Неутрален,0.95,спокойствие,Неутрален,0.9,спокойствие
"а после и три фракции, нали :) ?!",https://dnes.dir.bg/politika/pp-predlaga-na-db-da-se-razdelyat-na-dve-grupi-v-obsht-parlamentaren-sayuz,ПП и ДБ се разделят на две групи в общ парламентарен съюз,Позитивен,0.62,закачливост,Неутрален,0.95,спокойствие,Неутрален,0.9,спокойствие
"Времето, за разлика от парите, НЕ се НАТРУПВА. Ако се чувствате добре, НЕ се безпокойте, ще го ПРЕОДОЛЕЕТЕ. Никой НЕ бива да бъде ИЗКЛЮЧЕНИЕ. Ако се живее сред луди хора, ТРЯБВА да се научи КАКВО е лудост.Маймуната си остава маймуна, ДОРИ и да е ОБЛЕЧЕНА с костюм и вратовръзка. Учените глупаци са най-лошите ГЛУПАЦИ. Нищо на този свят НЕ може да се извърши без грешки, ЗАЩОТО глупаците са така изобретателни. С отстраняване на причината ИЗЧЕЗВА и следствието.Приятно ще бъде ТОЗИ миг, който НЕ ОЧАКВАШ. Хората повече ВЯРВАТ на очите си, отколкото на ушите си. Необходимостта НЕ ЗНАЕ закон. Брадата РАСТЕ, а главата нищо НЕ ЗНАЕ. Чест е не да попаднеш в рая, а да те ИЗГОНЯТ от ада.Там където има двоен стандарт, господар и роб - лидер и останалите, там ВИНАГИ има робство или фашизъм, а НЕ демокрация и свобода.",https://dnes.dir.bg/politika/pp-predlaga-na-db-da-se-razdelyat-na-dve-grupi-v-obsht-parlamentaren-sayuz,ПП и ДБ се разделят на две групи в общ парламентарен съюз,Негативен,0.82,разочарование,Неутрален,0.95,спокойствие,Неутрален,0.9,спокойствие
в канала бе...при ПростоБаце и МаминШиши,https://dnes.dir.bg/politika/pp-predlaga-na-db-da-se-razdelyat-na-dve-grupi-v-obsht-parlamentaren-sayuz,ПП и ДБ се разделят на две групи в общ парламентарен съюз,Неутрален,0.72,неутралност,Неутрален,0.95,спокойствие,Неутрален,0.9,спокойствие
"да прекарат Възраждане в сглобка с РадевнЭЭЭЭЭ ставаБачо Румен оди у синагоги и пали свещи на МЕН ОРАТА"" България осъжда остро терористичния акт на ""Хамас"" и застава категорично зад Израел. Това послание отправиха президента Румен Радев, председателя на НС Росен Желязков, вицепремиера Мария Габриел и и.ф. главен прокурор Борислав Сарафов, които се включиха в Молитва за мир в Софийската синагога. """,https://dnes.dir.bg/politika/pp-predlaga-na-db-da-se-razdelyat-na-dve-grupi-v-obsht-parlamentaren-sayuz,ПП и ДБ се разделят на две групи в общ парламентарен съюз,Негативен,0.72,възмущение,Неутрален,0.95,спокойствие,Неутрален,0.9,спокойствие
Кокора знае ползите да има дупки за вход..,https://dnes.dir.bg/politika/pp-predlaga-na-db-da-se-razdelyat-na-dve-grupi-v-obsht-parlamentaren-sayuz,ПП и ДБ се разделят на две групи в общ парламентарен съюз,Неутрален,0.72,спокойствие,Неутрален,0.95,спокойствие,Неутрален,0.9,спокойствие
"тази не е ли от снимките с пистолета, чекмеджето и пачките?смрад..",https://dnes.dir.bg/politika/piarkata-na-razdora-v-gerb-vanina-koleva-ne-kadruvam-v-partiyata,"""Пиарката на раздора"" в ГЕРБ Ванина Колева: Не кадрувам в партията",Негативен,0.92,отвращение,Неутрален,0.8,напрежение,Негативен,0.85,напрежение
"Вкарване народа насила в еврозоната, без референдум, замяна на лева с евро с последващ скок на всички цени изядоха боковата кратуна и смачкаха гербавата му клика с наказателен вот за регресивните полезни идиоти на мунчо. Боко тиквата се самозабрави, реши че народа му е длъжен и държавата му е бащиния за което получи ритник. Същото ще сполети и мунчо ако ни тласка към руската кочина.",https://dnes.dir.bg/politika/piarkata-na-razdora-v-gerb-vanina-koleva-ne-kadruvam-v-partiyata,"""Пиарката на раздора"" в ГЕРБ Ванина Колева: Не кадрувам в партията",Негативен,0.98,гняв,Неутрален,0.8,напрежение,Негативен,0.85,напрежение
"Как, и е точно името ...ВАГИНА ли ??Ами, в устата ми прилича на нещо такова? xaxa",https://dnes.dir.bg/politika/piarkata-na-razdora-v-gerb-vanina-koleva-ne-kadruvam-v-partiyata,"""Пиарката на раздора"" в ГЕРБ Ванина Колева: Не кадрувам в партията",Позитивен,0.68,забавление,Неутрален,0.8,напрежение,Негативен,0.85,напрежение
"Баси отговора....той искал нещо ,ама той не му дал и сега си го връща.....клюкарките пред блока са вече с по-изискан стил на сплетните. СМЕтай кви кадри са в ГРОБ.",https://dnes.dir.bg/politika/piarkata-na-razdora-v-gerb-vanina-koleva-ne-kadruvam-v-partiyata,"""Пиарката на раздора"" в ГЕРБ Ванина Колева: Не кадрувам в партията",Негативен,0.95,възмущение,Неутрален,0.8,напрежение,Негативен,0.85,напрежение
"таа винаги и е влажно влАкното,Кой се дореди...... бие шапка в луната.",https://dnes.dir.bg/politika/piarkata-na-razdora-v-gerb-vanina-koleva-ne-kadruvam-v-partiyata,"""Пиарката на раздора"" в ГЕРБ Ванина Колева: Не кадрувам в партията",Негативен,0.78,подигравка,Неутрален,0.8,напрежение,Негативен,0.85,напрежение
Ох на батко,https://dnes.dir.bg/politika/piarkata-na-razdora-v-gerb-vanina-koleva-ne-kadruvam-v-partiyata,"""Пиарката на раздора"" в ГЕРБ Ванина Колева: Не кадрувам в партията",Позитивен,0.62,умиление,Неутрален,0.8,напрежение,Негативен,0.85,напрежение
"Ох на батко мъжкараната, грозничка",https://dnes.dir.bg/politika/piarkata-na-razdora-v-gerb-vanina-koleva-ne-kadruvam-v-partiyata,"""Пиарката на раздора"" в ГЕРБ Ванина Колева: Не кадрувам в партията",Негативен,0.78,пренебрежение,Неутрален,0.8,напрежение,Негативен,0.85,напрежение
"Много готина и певезна пиарка,заслужава доста уважение,по всички етажи,но какво общо има тя с Арсов та Веждичката да я фули,сигурно всички са я клатили,а Веждичката отдавна е приключил въпроса със секса и сега фулу",https://dnes.dir.bg/politika/piarkata-na-razdora-v-gerb-vanina-koleva-ne-kadruvam-v-partiyata,"""Пиарката на раздора"" в ГЕРБ Ванина Колева: Не кадрувам в партията",Негативен,0.78,презрение,Неутрален,0.8,напрежение,Негативен,0.85,напрежение
Поредната джукеса дето е заприличала на сменил пола си мъж (сори) ама е истина,https://dnes.dir.bg/politika/piarkata-na-razdora-v-gerb-vanina-koleva-ne-kadruvam-v-partiyata,"""Пиарката на раздора"" в ГЕРБ Ванина Колева: Не кадрувам в партията",Негативен,0.98,презрение,Неутрален,0.8,напрежение,Негативен,0.85,напрежение
При толкова коментари нито един положителен - смятай за какъв човек става въпрос,https://dnes.dir.bg/politika/piarkata-na-razdora-v-gerb-vanina-koleva-ne-kadruvam-v-partiyata,"""Пиарката на раздора"" в ГЕРБ Ванина Колева: Не кадрувам в партията",Негативен,0.95,презрение,Неутрален,0.8,напрежение,Негативен,0.85,напрежение
Тиквун Педофилиев си е избрал малка пиарка....!,https://dnes.dir.bg/politika/piarkata-na-razdora-v-gerb-vanina-koleva-ne-kadruvam-v-partiyata,"""Пиарката на раздора"" в ГЕРБ Ванина Колева: Не кадрувам в партията",Негативен,0.95,гняв,Неутрален,0.8,напрежение,Негативен,0.85,напрежение
Нещо пиарлъка не и върви. Най тъпата професия,https://dnes.dir.bg/politika/piarkata-na-razdora-v-gerb-vanina-koleva-ne-kadruvam-v-partiyata,"""Пиарката на раздора"" в ГЕРБ Ванина Колева: Не кадрувам в партията",Негативен,0.96,презрение,Неутрален,0.8,напрежение,Негативен,0.85,напрежение
"Пак добре ,че в ГРОБ кур... са от женски род, щото в ПП са от мъжки. Справка бившия шеф на НАП.",https://dnes.dir.bg/politika/piarkata-na-razdora-v-gerb-vanina-koleva-ne-kadruvam-v-partiyata,"""Пиарката на раздора"" в ГЕРБ Ванина Колева: Не кадрувам в партията",Негативен,0.96,презрение,Неутрален,0.8,напрежение,Негативен,0.85,напрежение
Тя участва в една по топла връзка.....,https://dnes.dir.bg/politika/piarkata-na-razdora-v-gerb-vanina-koleva-ne-kadruvam-v-partiyata,"""Пиарката на раздора"" в ГЕРБ Ванина Колева: Не кадрувам в партията",Позитивен,0.72,нежност,Неутрален,0.8,напрежение,Негативен,0.85,напрежение
"Тази колко са я вършали м""ладежи ГЕРБ"", като беше студентка...Сега я плющят ""стари ГЕРБ""!",https://dnes.dir.bg/politika/piarkata-na-razdora-v-gerb-vanina-koleva-ne-kadruvam-v-partiyata,"""Пиарката на раздора"" в ГЕРБ Ванина Колева: Не кадрувам в партията",Негативен,0.95,презрение,Неутрален,0.8,напрежение,Негативен,0.85,напрежение
"Колкото по-бързо се спихне партия ГРОБ толкова по-убаво за РБ!Май забравихте Калина която бе шеф на едно министерство или агенция която раздаваше бая пари на земеделците.Та тая Калина е дъщеря на бившия шеф на софийската пожарна и личен приятел на Бойко.Тая същата бе завършила какво ли не , а се оказа без образование.Та кво се чудите цялата шайка гробари е такава.",https://dnes.dir.bg/politika/piarkata-na-razdora-v-gerb-vanina-koleva-ne-kadruvam-v-partiyata,"""Пиарката на раздора"" в ГЕРБ Ванина Колева: Не кадрувам в партията",Негативен,0.96,гняв,Неутрален,0.8,напрежение,Негативен,0.85,напрежение
Да живеят Джуките дето проституират за пари и кариера не само при гробарите...До това диридже ги докара правещия се отдавна на мачо банкенски мутрагеньо. Дано ги разсипе час по-скоро!,https://dnes.dir.bg/politika/piarkata-na-razdora-v-gerb-vanina-koleva-ne-kadruvam-v-partiyata,"""Пиарката на раздора"" в ГЕРБ Ванина Колева: Не кадрувам в партията",Негативен,0.98,гняв,Неутрален,0.8,напрежение,Негативен,0.85,напрежение
ВАГИНА КОЛЕВА,https://dnes.dir.bg/politika/piarkata-na-razdora-v-gerb-vanina-koleva-ne-kadruvam-v-partiyata,"""Пиарката на раздора"" в ГЕРБ Ванина Колева: Не кадрувам в партията",Неутрален,0.62,неутралност,Неутрален,0.8,напрежение,Негативен,0.85,напрежение
"Силиконовата джука да отговаря за себе си, не за Рашидов. Тя е напълно излишна в ГЕРБ. Мрадежите не бива да се делят на столични и на останалите в страната. Това е глупаво.Кой заповяда тази глупост?Тя твърди че Борисов заповядва. Какво иска да каже, че той я е поставил да дублира пиарите на ГЕРБ?",https://dnes.dir.bg/politika/piarkata-na-razdora-v-gerb-vanina-koleva-ne-kadruvam-v-partiyata,"""Пиарката на раздора"" в ГЕРБ Ванина Колева: Не кадрувам в партията",Негативен,0.95,гняв,Неутрален,0.8,напрежение,Негативен,0.85,напрежение
Красавица е! Браво на ГЕРБ- тук са номер едно!,https://dnes.dir.bg/politika/piarkata-na-razdora-v-gerb-vanina-koleva-ne-kadruvam-v-partiyata,"""Пиарката на раздора"" в ГЕРБ Ванина Колева: Не кадрувам в партията",Позитивен,0.98,възхищение,Неутрален,0.8,напрежение,Негативен,0.85,напрежение
"Хубаво ги е навързала силиконката дипломите, но е по-добре да се реаризира дпугаде, ГЕРБ си имат ПиАр. Не бива да се дели този и друг ПиАр в столицата. Младежите и без нея щлще ги има, стига ГЕРБ да се очисти от силиконови джуки и надменни кипри.",https://dnes.dir.bg/politika/piarkata-na-razdora-v-gerb-vanina-koleva-ne-kadruvam-v-partiyata,"""Пиарката на раздора"" в ГЕРБ Ванина Колева: Не кадрувам в партията",Негативен,0.92,презрение,Неутрален,0.8,напрежение,Негативен,0.85,напрежение
"Бибитко ебеше бабичките от Брюксел с 200. Това по негови признания. Което означава , че е подкарал това на снимката поне с 300. СИК-аджийса му работа.",https://dnes.dir.bg/politika/piarkata-na-razdora-v-gerb-vanina-koleva-ne-kadruvam-v-partiyata,"""Пиарката на раздора"" в ГЕРБ Ванина Колева: Не кадрувам в партията",Негативен,0.92,гняв,Неутрален,0.8,напрежение,Негативен,0.85,напрежение
Повърнах!,https://dnes.dir.bg/politika/piarkata-na-razdora-v-gerb-vanina-koleva-ne-kadruvam-v-partiyata,"""Пиарката на раздора"" в ГЕРБ Ванина Колева: Не кадрувам в партията",Негативен,0.92,отвращение,Неутрален,0.8,напрежение,Негативен,0.85,напрежение
Доктор по кои науки ще става туй моме?,https://dnes.dir.bg/politika/piarkata-na-razdora-v-gerb-vanina-koleva-ne-kadruvam-v-partiyata,"""Пиарката на раздора"" в ГЕРБ Ванина Колева: Не кадрувам в партията",Неутрален,0.72,любопитство,Неутрален,0.8,напрежение,Негативен,0.85,напрежение
тая с тия устнички сигурно много благи биби прави! тя затова и се е издигнала! от университета и хоп... при бокуууу...,https://dnes.dir.bg/politika/piarkata-na-razdora-v-gerb-vanina-koleva-ne-kadruvam-v-partiyata,"""Пиарката на раздора"" в ГЕРБ Ванина Колева: Не кадрувам в партията",Негативен,0.92,презрение,Неутрален,0.8,напрежение,Негативен,0.85,напрежение
"И не искам да я знам, но това същество Веждито, колко имота прибра на драгалевчани, симеоновци и по Студентски град и Малинова долина.Всъщност в СОС всички крадяха и прибираха имоти на поразия. Същия като него е и едно друго същество на име Жельо Бойчев. Кадър на БСП. Сега видиш ли член на антикорупционната комисия. Демек той ще бори корупция и картели. Божеее, Боже, да се смееш ли, да плачеш ли!",https://dnes.dir.bg/politika/piarkata-na-razdora-v-gerb-vanina-koleva-ne-kadruvam-v-partiyata,"""Пиарката на раздора"" в ГЕРБ Ванина Колева: Не кадрувам в партията",Негативен,0.96,възмущение,Неутрален,0.8,напрежение,Негативен,0.85,напрежение
"Шантонерки ено време им викахме, па са било пиарки. Тва моме прилича повече на банка за семенни течности.",https://dnes.dir.bg/politika/piarkata-na-razdora-v-gerb-vanina-koleva-ne-kadruvam-v-partiyata,"""Пиарката на раздора"" в ГЕРБ Ванина Колева: Не кадрувам в партията",Негативен,0.95,презрение,Неутрален,0.8,напрежение,Негативен,0.85,напрежение
"ПР ката на ГЕРБ която спи с бореца от ГЕРБ - Даниел Александров, дето го бяха обвинили в педофилия... абе малко ми е смешно с нейният интелектуален потенциял да кадрува...",https://dnes.dir.bg/politika/piarkata-na-razdora-v-gerb-vanina-koleva-ne-kadruvam-v-partiyata,"""Пиарката на раздора"" в ГЕРБ Ванина Колева: Не кадрувам в партията",Негативен,0.92,презрение,Неутрален,0.8,напрежение,Негативен,0.85,напрежение
"На тебе ти е смешно, ама я попитай сега вожда какво му е..... Да си съсипеш партията защото за да ти пуснат на тебе или на ортака трябва да обещаваш и раздаваш постове иначе няма да те огрее.... тъжна работа.",https://dnes.dir.bg/politika/piarkata-na-razdora-v-gerb-vanina-koleva-ne-kadruvam-v-partiyata,"""Пиарката на раздора"" в ГЕРБ Ванина Колева: Не кадрувам в партията",Негативен,0.94,разочарование,Неутрален,0.8,напрежение,Негативен,0.85,напрежение
Пиарката много прилича на онзи силует от снимките на Мата Хари край държавните чаршафи.,https://dnes.dir.bg/politika/piarkata-na-razdora-v-gerb-vanina-koleva-ne-kadruvam-v-partiyata,"""Пиарката на раздора"" в ГЕРБ Ванина Колева: Не кадрувам в партията",Негативен,0.72,сарказъм,Неутрален,0.8,напрежение,Негативен,0.85,напрежение
"Съгласен съм с Петър Берон, който навремето по адрес на Ренета Инджова каза ""С една жена може да се правят много малко неща!"" Тази е точно от тези жени ... !!!",https://dnes.dir.bg/politika/piarkata-na-razdora-v-gerb-vanina-koleva-ne-kadruvam-v-partiyata,"""Пиарката на раздора"" в ГЕРБ Ванина Колева: Не кадрувам в партията",Негативен,0.92,презрение,Неутрален,0.8,напрежение,Негативен,0.85,напрежение
"явно е с висока експертиза, по точно с широка.",https://dnes.dir.bg/politika/piarkata-na-razdora-v-gerb-vanina-koleva-ne-kadruvam-v-partiyata,"""Пиарката на раздора"" в ГЕРБ Ванина Колева: Не кадрувам в партията",Позитивен,0.82,одобрение,Неутрален,0.8,напрежение,Негативен,0.85,напрежение
"""-Абе, моме проста, кой ти даде поста?-Даде ми го вожда, дето ме оножда!""Радой Ралин",https://dnes.dir.bg/politika/piarkata-na-razdora-v-gerb-vanina-koleva-ne-kadruvam-v-partiyata,"""Пиарката на раздора"" в ГЕРБ Ванина Колева: Не кадрувам в партията",Негативен,0.93,презрение,Неутрален,0.8,напрежение,Негативен,0.85,напрежение
"Прочетох ѝ ""биографията"" ... още след завършването на магистратурата си става ""експерт"" по връзки с обществеността в ГЕРБ. Сама споменава, че това е през 2013-та година. Трябвали са ѝ поне 4.5 години, за да стане бакалавър и после магистър. Т.е. влязла е в университета през 2008-ма, най-рано. Да кажем, че в университета е влязла на 17 години, т.е трябва да е родена през 1990-1991 година. И сега да е на 35-36, най-малко ... Ясно е, че със съвременната козметика и пластична хирургия е трудно да се определи точната възраст, ама това кифле не ми изглежда на толкоз. По-скоро ми се струва, че след училище е станала ""експерт"", а университетът е бил между другото и колкото да не изглежда проста пред подчинените си. За докторантурата ѝ ... нямам думи.",https://dnes.dir.bg/politika/piarkata-na-razdora-v-gerb-vanina-koleva-ne-kadruvam-v-partiyata,"""Пиарката на раздора"" в ГЕРБ Ванина Колева: Не кадрувам в партията",Негативен,0.96,презрение,Неутрален,0.8,напрежение,Негативен,0.85,напрежение
Партията на мутрите спихва като спукан кондом.. Не може да бъде другояче след като тутуруткаджийки с пластмасови джуки определят кадровата политика.,https://dnes.dir.bg/politika/piarkata-na-razdora-v-gerb-vanina-koleva-ne-kadruvam-v-partiyata,"""Пиарката на раздора"" в ГЕРБ Ванина Колева: Не кадрувам в партията",Негативен,0.96,презрение,Неутрален,0.8,напрежение,Негативен,0.85,напрежение
