comment,sentiment,confidence,dominant_emotion,article_url
И за коя партия копуват,Негативен,0.8,подозрение,https://www.dnes.bg/a/6-krimi/717533-za-kupuvane-na-glasove-obshtinski-savetnik-i-chlen-na-sik-sa-arestuvani
Дали това дело е внесено в съда,Неутрален,0.95,любопитство,https://www.dnes.bg/a/6-krimi/717533-za-kupuvane-na-glasove-obshtinski-savetnik-i-chlen-na-sik-sa-arestuvani
"на зашпад такива ги вкарват в затвора, вие да сте чули някой в БГ затвор? няма и да чуете",Негативен,0.95,разочарование,https://www.dnes.bg/a/6-krimi/717533-za-kupuvane-na-glasove-obshtinski-savetnik-i-chlen-na-sik-sa-arestuvani
"пари като шума, ама така е като искат да си запазят власта защото от там ще паднат още повече. Бедната душа се продава за 50 евро",Негативен,0.95,възмущение,https://www.dnes.bg/a/6-krimi/717533-za-kupuvane-na-glasove-obshtinski-savetnik-i-chlen-na-sik-sa-arestuvani
"Забравихте да с споменете вчерашната сводка на служебния министър на МВР: в село .Долни Цибър Монтанско в списъците на гласуващите са включени 187 починали хора. В Пловдив двама души изтеглили от банка 87 хил. евро и ги напъхали в раниците си. Учудените чиновници от банката уведомили органите на МВР. Оказало се, че парите са предназначени за закупуване на гласове. С тези пари може да се закупят 1740-1800 гласа.",Негативен,0.95,възмущение,https://www.dnes.bg/a/6-krimi/717533-za-kupuvane-na-glasove-obshtinski-savetnik-i-chlen-na-sik-sa-arestuvani
"До до възмутен. Хе-хе-хе, глyпак, че то точно това са кошаревските свидетели - явяват се пред СЪДА с фалшивите си показания. И как МВР доказват пък? Дума срещу дума - нито белязани банкноти, нито отпечатъци от пръсти, нито СРС-та - разговори или видео.",Негативен,0.95,възмущение,https://www.dnes.bg/a/6-krimi/717533-za-kupuvane-na-glasove-obshtinski-savetnik-i-chlen-na-sik-sa-arestuvani
"До 17. Много си скаран с истината. Ще намерят начин да им платят - или в деня на изборите, или след това. А някои на инат ще гласуват за Шиши и без пари. Но те само турците му стигат.",Негативен,0.95,раздразнение,https://www.dnes.bg/a/6-krimi/717533-za-kupuvane-na-glasove-obshtinski-savetnik-i-chlen-na-sik-sa-arestuvani
"А бе Канев като заявявашразни неща ,що не заявиш за коя партия става въпрос ,а не разни интриганти да дрънкат каквото им падне и да набеждават невинни щото ги мразят?",Негативен,0.95,гняв,https://www.dnes.bg/a/6-krimi/717533-za-kupuvane-na-glasove-obshtinski-savetnik-i-chlen-na-sik-sa-arestuvani
"До: ВинетуЕ толкова жалък слуга на Пеевски,че буди само съжаление.",Негативен,0.95,презрение,https://www.dnes.bg/a/6-krimi/717533-za-kupuvane-na-glasove-obshtinski-savetnik-i-chlen-na-sik-sa-arestuvani
"До: ВъзмутенДали са показания пред съдия.Шиши да докаже,че не им е плащал и да ги съди за лъжесвидетелство.Ама надали.",Негативен,0.85,скептицизъм,https://www.dnes.bg/a/6-krimi/717533-za-kupuvane-na-glasove-obshtinski-savetnik-i-chlen-na-sik-sa-arestuvani
"До: Гледна точкаЕ,ще постигнат.Най-малкото е,че тези като не си вземат 50евро,просто не гласуват.Не помниш.ли Пазарджик?Шишо изкупи всичко и ГЕРБ останаха с 6%.",Негативен,0.85,разочарование,https://www.dnes.bg/a/6-krimi/717533-za-kupuvane-na-glasove-obshtinski-savetnik-i-chlen-na-sik-sa-arestuvani
"До дървения шоп. И точно ТИ пък как го разбра това бе, оххлюв невзрачен? Или и ти си от тези, които дишат единствено благодарение на омразата си към Борисов? А, и не си сменяй ника, много ти отива.",Негативен,0.98,гняв,https://www.dnes.bg/a/6-krimi/717533-za-kupuvane-na-glasove-obshtinski-savetnik-i-chlen-na-sik-sa-arestuvani
"До 13. Кое е да е можело ве, глyпак наивен? Нито нещо съществено ще постигнат, нито това е нещо ново. И преди е имало такива акции, просто преди не се шумеше, а тези сега за всяко измислено задържане тръбят по всички медии.",Негативен,0.95,гняв,https://www.dnes.bg/a/6-krimi/717533-za-kupuvane-na-glasove-obshtinski-savetnik-i-chlen-na-sik-sa-arestuvani
"А откъде са сигурни, че тези 11 000 евро за купуване на гласове, а не са за заеми? И че тримата кошаревски свидетели не клепат с фалшиви изявления?",Негативен,0.9,възмущение,https://www.dnes.bg/a/6-krimi/717533-za-kupuvane-na-glasove-obshtinski-savetnik-i-chlen-na-sik-sa-arestuvani
Можело значи се оказва,Позитивен,0.8,изненада,https://www.dnes.bg/a/6-krimi/717533-za-kupuvane-na-glasove-obshtinski-savetnik-i-chlen-na-sik-sa-arestuvani
Дпс е.... А вие не гласувайте че да не вземе да се промени нещо,Негативен,0.9,разочарование,https://www.dnes.bg/a/6-krimi/717533-za-kupuvane-na-glasove-obshtinski-savetnik-i-chlen-na-sik-sa-arestuvani
"Купуват продават, ама ти да видиш! 6.5 мил. имали право да гласуват!!! Ей там ви цакат най отзад!!!",Негативен,0.95,гняв,https://www.dnes.bg/a/6-krimi/717533-za-kupuvane-na-glasove-obshtinski-savetnik-i-chlen-na-sik-sa-arestuvani
"Браво, добре ги подбраха дилърите на шonapa!!!",Позитивен,0.85,удовлетворение,https://www.dnes.bg/a/6-krimi/717533-za-kupuvane-na-glasove-obshtinski-savetnik-i-chlen-na-sik-sa-arestuvani
А тези предизборни ремонти на пътища ще ги проверите ли финансират ли някой?,Негативен,0.85,подозрение,https://www.dnes.bg/a/6-krimi/717533-za-kupuvane-na-glasove-obshtinski-savetnik-i-chlen-na-sik-sa-arestuvani
"Поне при купуването и продаването инфлацията не е толкова голяма. Как не са почнали и по сметка да ги превеждат, че да не ги хващат от полицията?",Негативен,0.85,разочарование,https://www.dnes.bg/a/6-krimi/717533-za-kupuvane-na-glasove-obshtinski-savetnik-i-chlen-na-sik-sa-arestuvani
"добре де, що не казват че толкоз кинти дават само ППДБДЕБИЛИТЕ от Петpoxaн. Щот умник гюро, емо узото и голямото ухо са ппдебедебили?",Негативен,0.95,гняв,https://www.dnes.bg/a/6-krimi/717533-za-kupuvane-na-glasove-obshtinski-savetnik-i-chlen-na-sik-sa-arestuvani
"Гн Министър Дечев,гн *** Секретар на МВР,защо гн Деректор на ОД МВР гр Смолян гн Пачеджиев не размести полицаите от гр Доспат,те са послушковците на общ кмет гн Елин Радев.Те помагат за копуване на гласове и прикриване на всички далавери.Това трябваше даго направите в началото.Сега е разгара на всички далавери.",Негативен,0.95,възмущение,https://www.dnes.bg/a/6-krimi/717533-za-kupuvane-na-glasove-obshtinski-savetnik-i-chlen-na-sik-sa-arestuvani
Сега разбрахте ли защо Тиквата и Сви н та не искат да се гласува с машини!,Негативен,0.95,гняв,https://www.dnes.bg/a/6-krimi/717491-mashtabna-aktsiya-sreshtu-kupeniya-vot-v-montansko-izzeha-dokumenti-na-pochinali
"До 7. Кметът на Монтана, Златко Живков, НЕ Е от ГЕРБ!",Неутрален,0.85,раздразнение,https://www.dnes.bg/a/6-krimi/717491-mashtabna-aktsiya-sreshtu-kupeniya-vot-v-montansko-izzeha-dokumenti-na-pochinali
До 21. Точно ТИ пък откъде го знаеш това? А и нали новият министър с поглед на пациент от психиатрична клиника смени всички директори на ОДМВР?,Негативен,0.95,гняв,https://www.dnes.bg/a/6-krimi/717491-mashtabna-aktsiya-sreshtu-kupeniya-vot-v-montansko-izzeha-dokumenti-na-pochinali
"До 20. Не, нищо няма да направи радеф. А и няма за какво.",Негативен,0.85,скептицизъм,https://www.dnes.bg/a/6-krimi/717491-mashtabna-aktsiya-sreshtu-kupeniya-vot-v-montansko-izzeha-dokumenti-na-pochinali
МВР е замесено.Те трябва да издирят личните карти на починалите в определен от закона срок.Цялата полиция в монтанско е обвързана с ГЕРБ.,Негативен,0.95,гняв,https://www.dnes.bg/a/6-krimi/717491-mashtabna-aktsiya-sreshtu-kupeniya-vot-v-montansko-izzeha-dokumenti-na-pochinali
"Тиквата и *** правеха това 20 години, ама нямаше кой да ги спре. Бяха завладяли цялата Държава. Дано Радев сложи край на това.",Негативен,0.9,гняв,https://www.dnes.bg/a/6-krimi/717491-mashtabna-aktsiya-sreshtu-kupeniya-vot-v-montansko-izzeha-dokumenti-na-pochinali
"До: 1у северозападнал татарстан осемдесе процента от колите над 10 000 лева се водат на умрели инвалиди, тихо ся",Негативен,0.95,раздразнение,https://www.dnes.bg/a/6-krimi/717491-mashtabna-aktsiya-sreshtu-kupeniya-vot-v-montansko-izzeha-dokumenti-na-pochinali
"А защо продължават да се водят имоти, коли, сметки за парно, ток и вода на името на ПОЧИНАЛИ хора???",Негативен,0.95,възмущение,https://www.dnes.bg/a/6-krimi/717491-mashtabna-aktsiya-sreshtu-kupeniya-vot-v-montansko-izzeha-dokumenti-na-pochinali
"вчера филолог, днеска спортното в монтана, люлинския шебек е всестранно развита личност. междувременно за един следобед полицейското управление в сарасота е хванало квотата на българските милиционери за изтеклата седмица.",Негативен,0.95,презрение,https://www.dnes.bg/a/6-krimi/717491-mashtabna-aktsiya-sreshtu-kupeniya-vot-v-montansko-izzeha-dokumenti-na-pochinali
"До: анонименчичангелес, ти си педесе годишен люлински морук, нема как човека с мустаците да ти е предавал в спортното. тънко отадминистрирай З да не е е абаротнае че направа падладявамь",Негативен,0.95,гняв,https://www.dnes.bg/a/6-krimi/717491-mashtabna-aktsiya-sreshtu-kupeniya-vot-v-montansko-izzeha-dokumenti-na-pochinali
"До: анонимен....13 ...Ти колко поэнаваш кмета на Монтана? Щото аэ го поэнавам горе долу. Беше ми учител по история 4 г. и 2 г. директор, в спортното. И не съм на твоето мнение",Неутрален,0.85,несъгласие,https://www.dnes.bg/a/6-krimi/717491-mashtabna-aktsiya-sreshtu-kupeniya-vot-v-montansko-izzeha-dokumenti-na-pochinali
"ППДБ яко ги е подсирило, че пеевски ше им вземе северозапада и думкат сензации и с двете цеви. последния път заради тех станахме клиенти на росатом, да видиме след следващата окъкана показна акция дали нема да станеме клиенти и на тюрк телеком",Негативен,0.95,гняв,https://www.dnes.bg/a/6-krimi/717491-mashtabna-aktsiya-sreshtu-kupeniya-vot-v-montansko-izzeha-dokumenti-na-pochinali
"До: анонимен7 кметовете на враца и монтана са от ДСи са от кой им кажат, че са.",Негативен,0.85,недоволство,https://www.dnes.bg/a/6-krimi/717491-mashtabna-aktsiya-sreshtu-kupeniya-vot-v-montansko-izzeha-dokumenti-na-pochinali
"До: анонимен10 прибират рецетата от махалите , съветват ги и го отчитат като борба с купените гласове. там къде са намирали пищаци и ганджа намират пищаци и ганджа. нашия пише 60% рейтинг и успешни мисии, като се едно играе на света на танкувити, и пъчи, щото иначе хората ше почнат да питат кво стана със знаковите разследвания и къде е пепи еврото.",Негативен,0.95,възмущение,https://www.dnes.bg/a/6-krimi/717491-mashtabna-aktsiya-sreshtu-kupeniya-vot-v-montansko-izzeha-dokumenti-na-pochinali
"Този МВР шеф вече просто кърти *** с показните си изпълнения. След фризьорките, магазинерките и лихварите сега е редът на починалите. Как да разбере милиционерската му кратуна, че картата на починал автоматично става невалидна след смъртта му и няма как да се използва за каквото и да било. Въпрос на елементарна проверка е.",Негативен,0.95,гняв,https://www.dnes.bg/a/6-krimi/717491-mashtabna-aktsiya-sreshtu-kupeniya-vot-v-montansko-izzeha-dokumenti-na-pochinali
Значи много добре са ги знаели преди това...,Негативен,0.85,подозрение,https://www.dnes.bg/a/6-krimi/717491-mashtabna-aktsiya-sreshtu-kupeniya-vot-v-montansko-izzeha-dokumenti-na-pochinali
кметовете на враца и монтана са от герб,Неутрален,0.95,спокойствие,https://www.dnes.bg/a/6-krimi/717491-mashtabna-aktsiya-sreshtu-kupeniya-vot-v-montansko-izzeha-dokumenti-na-pochinali
Поръчителя е важно да се хване не само посредника. Те тия са като бушони и ги сменят.,Негативен,0.85,разочарование,https://www.dnes.bg/a/6-krimi/717491-mashtabna-aktsiya-sreshtu-kupeniya-vot-v-montansko-izzeha-dokumenti-na-pochinali
До 1 Какво против читалищата имаш?,Неутрален,0.8,недоумение,https://www.dnes.bg/a/6-krimi/717491-mashtabna-aktsiya-sreshtu-kupeniya-vot-v-montansko-izzeha-dokumenti-na-pochinali
И тримата ли са шведи?,Неутрален,0.95,любопитство,https://www.dnes.bg/a/6-krimi/717491-mashtabna-aktsiya-sreshtu-kupeniya-vot-v-montansko-izzeha-dokumenti-na-pochinali
"абе много акции станаха , дано не объркат да арестуват некой от наще",Негативен,0.85,безпокойство,https://www.dnes.bg/a/6-krimi/717491-mashtabna-aktsiya-sreshtu-kupeniya-vot-v-montansko-izzeha-dokumenti-na-pochinali
": , , ; . кой разбрал разбрал",Неутрален,0.85,равнодушие,https://www.dnes.bg/a/6-krimi/717491-mashtabna-aktsiya-sreshtu-kupeniya-vot-v-montansko-izzeha-dokumenti-na-pochinali
"къде, от кой, колко, какво ... тиеа читалищната журналистика. ""един човек каза че евентуално ако може защото би трябвало може би окончателно ...",Негативен,0.85,раздразнение,https://www.dnes.bg/a/6-krimi/717491-mashtabna-aktsiya-sreshtu-kupeniya-vot-v-montansko-izzeha-dokumenti-na-pochinali
;)))) elektronno pravitelstvo...,Негативен,0.9,разочарование,https://www.dnes.bg/a/1-bulgaria/717461-srokat-za-otstranyavaneto-na-greshki-v-izbiratelnite-spisatsi-izticha-na-11-april
"К'ви грешки баце? Вчера по новините казаха, че 6.5 мил. имали право да гласуват!!! Смятай к'во се случва? Докато не се въведе активна регистрация ниц оправия!",Негативен,0.95,възмущение,https://www.dnes.bg/a/1-bulgaria/717461-srokat-za-otstranyavaneto-na-greshki-v-izbiratelnite-spisatsi-izticha-na-11-april
"а може ли още да се гласува с лична карта, снимана на телефона?",Неутрален,0.95,любопитство,https://www.dnes.bg/a/1-bulgaria/717461-srokat-za-otstranyavaneto-na-greshki-v-izbiratelnite-spisatsi-izticha-na-11-april
отстранете най голямата грешка - прогресиста румен,Негативен,0.95,гняв,https://www.dnes.bg/a/1-bulgaria/717461-srokat-za-otstranyavaneto-na-greshki-v-izbiratelnite-spisatsi-izticha-na-11-april
"Този ЦИК не може да бъде гарант за честни избори, там са кукли на конци, а кой дърпа конците на всички е ясно.",Негативен,0.95,гняв,https://www.dnes.bg/a/1-bulgaria/717461-srokat-za-otstranyavaneto-na-greshki-v-izbiratelnite-spisatsi-izticha-na-11-april
Радев е еманация на презрението и подигравката на олигархията ни към нас останалите.,Негативен,0.95,гняв,https://www.dnes.bg/a/1-bulgaria/717450-rumen-radev-balgariya-ne-e-bedna-a-losho-upravlyavana-strana
"tasi izvratena razvratna bg sadebna systema likvidirame totalno, vsichkiat personal uvolnenie i publichna zabrana za zaemane na vsiakakav vid deinost v darjavna bg administracia. snimkite i imenata im v black lista! ili ste ima masovi strelbi!",Негативен,1.0,гняв,https://www.dnes.bg/a/1-bulgaria/717450-rumen-radev-balgariya-ne-e-bedna-a-losho-upravlyavana-strana
Баце продължи тяхното крадливо дело...,Негативен,0.95,гняв,https://www.dnes.bg/a/1-bulgaria/717450-rumen-radev-balgariya-ne-e-bedna-a-losho-upravlyavana-strana
Боташ.,Неутрален,0.95,спокойствие,https://www.dnes.bg/a/1-bulgaria/717450-rumen-radev-balgariya-ne-e-bedna-a-losho-upravlyavana-strana
parvata dama na upravitela iztarvala konia v riakata...,Негативен,0.8,ирония,https://www.dnes.bg/a/1-bulgaria/717450-rumen-radev-balgariya-ne-e-bedna-a-losho-upravlyavana-strana
"Толкова обичам бедните, че като дойда ще създам още повече такива!",Негативен,0.9,сарказъм,https://www.dnes.bg/a/1-bulgaria/717450-rumen-radev-balgariya-ne-e-bedna-a-losho-upravlyavana-strana
rradevi sa obiknoveni christianski teroristi.,Негативен,0.95,гняв,https://www.dnes.bg/a/1-bulgaria/717450-rumen-radev-balgariya-ne-e-bedna-a-losho-upravlyavana-strana
"Точно Радев ли ще направи държавата богата? Тази мантра, че ""държавата не е бедна, но много се краде"" сме го чували и от царя, и от Тодор Живков - все нарочени за месии. И нито един от двамата не успя да спре обезлюдяването и кражбите . Защото бяха част от крадците.",Негативен,0.95,разочарование,https://www.dnes.bg/a/1-bulgaria/717450-rumen-radev-balgariya-ne-e-bedna-a-losho-upravlyavana-strana
Na 19.4 za rradev tekme i out v oboriste pri ahmed dogan ;)))) pochiten prestapnik na rbg... a moje i pri aleksei po barzata pista...,Негативен,0.95,гняв,https://www.dnes.bg/a/1-bulgaria/717450-rumen-radev-balgariya-ne-e-bedna-a-losho-upravlyavana-strana
"България е не лошо управлявана,а абсолютно неграмотно управлявана защото:на избори ходят изплюскалите тройка кюфтета аборигени,""спечелили"" по стотачка скръндзи и,купените с държавни службици калинки-като изборен резултат е избран селяндурски дембелин,с някакво ""образование"",*** по възпитание,абсолютно ограничен и тесногръд индивид!Е какво очаквате като резултат?",Негативен,0.98,гняв,https://www.dnes.bg/a/1-bulgaria/717450-rumen-radev-balgariya-ne-e-bedna-a-losho-upravlyavana-strana
"Внимание! Прогресивни измамници на хоризинта! Този, като че не е бил от управляващите, а е гледал отстрани. И сега какво: Олигарсите ми са по-добри от олигарсите ти :) България не била бедна страна, а лошо управлявана, и този чак сега ли го разбра? Сигурно не е чак толкова умен :) Какво стана с Български възход, да не го преименуваха на Българско падение? Дали ще участва на изборите генерал Янев :)",Негативен,0.95,ирония,https://www.dnes.bg/a/1-bulgaria/717450-rumen-radev-balgariya-ne-e-bedna-a-losho-upravlyavana-strana
To тaka cu e! Harлegeн npuмep зa лoшo ynpaвлeнue e goroвopa c Бoтaш!,Негативен,0.95,разочарование,https://www.dnes.bg/a/1-bulgaria/717450-rumen-radev-balgariya-ne-e-bedna-a-losho-upravlyavana-strana
Румбата Бойчето Дидо Дебелия. Все наши ребята.,Позитивен,0.85,приятелство,https://www.dnes.bg/a/1-bulgaria/717450-rumen-radev-balgariya-ne-e-bedna-a-losho-upravlyavana-strana
"Хора, Не се вълнувайте толкова, ще има още от същото. Явно, като народ, не можем да излъчим и изберем можеши и мислещи за хората политици. Комунистическата номенклатура и агентура си ни управляваи ще продължат. Ако не е Радев, ще е Бойко, ако не е Бойко ще е Делян, ако не е Делян ще е друг подобен. Царе, Станищевци, Костовци и т.н. Просто не се смени номенклатурата. Прибраха парите и си държат властта и стават все по-брутални за обикновените хора и унищожават България, бавно и устойчиво.",Негативен,0.95,разочарование,https://www.dnes.bg/a/1-bulgaria/717450-rumen-radev-balgariya-ne-e-bedna-a-losho-upravlyavana-strana
"Да Радев, и ти носиш персонална вина за кражбите през последните 9 години! Предсрочни избори на килограм и служебни правителства! Назначи шарлатаните от ПП-ДБ, Киро простото - незаконно, погази Конституцията! Твое служебно правителство подписа Боташ и всеки ден плащаме на Турция по 1 милион евро! Ти Радев, виждаш ли ВИНАТА си, или ти е удобно само да критикуваш останалите?!",Негативен,0.98,гняв,https://www.dnes.bg/a/1-bulgaria/717450-rumen-radev-balgariya-ne-e-bedna-a-losho-upravlyavana-strana
"Народа като чуе Президент иси мисли ,че има правата на Тръмп, Макрон или Ердоган, само, че това са президентски републики, а ние сме парламентарна, в българия президента е само един чиновник, който преставлява България в разни незначими мероприятия и няма никаква сьила...",Негативен,0.85,разочарование,https://www.dnes.bg/a/1-bulgaria/717450-rumen-radev-balgariya-ne-e-bedna-a-losho-upravlyavana-strana
"Девет години като беше президент къде спа и не спря корупцията, с ядеше и пиеше на една маса с олигарсите. Съсипаха и плодородната земя на юг и всички мълчат. Страоят се блокчета по 4 етажа и се застрояват зелени площи, което е кощунство. Блокове под 9 етажа за големите градове не бива да се разрешават.",Негативен,0.95,гняв,https://www.dnes.bg/a/1-bulgaria/717450-rumen-radev-balgariya-ne-e-bedna-a-losho-upravlyavana-strana
Все едни и същи слагате начело на държавата. Няма кяк да се оправите.,Негативен,0.95,разочарование,https://www.dnes.bg/a/1-bulgaria/717450-rumen-radev-balgariya-ne-e-bedna-a-losho-upravlyavana-strana
"Радев е ""олигархията"" в България! Божков , Гергов , Бобокови , Копринков , Доган .Цветан Василев,...всичките стоят зад него !",Негативен,0.95,гняв,https://www.dnes.bg/a/1-bulgaria/717450-rumen-radev-balgariya-ne-e-bedna-a-losho-upravlyavana-strana
кифлю,Негативен,0.65,насмешка,https://www.dnes.bg/a/1-bulgaria/717450-rumen-radev-balgariya-ne-e-bedna-a-losho-upravlyavana-strana
"Интересен факт - колкото повече платените писачи на олигархията оплюват Радев, толкова повече хора решават да гласуват за него. Никой не иска да е в един кюп с такива писачи или да остави господарите им да ни управляват",Негативен,0.85,възмущение,https://www.dnes.bg/a/1-bulgaria/717450-rumen-radev-balgariya-ne-e-bedna-a-losho-upravlyavana-strana
поне най накрая ще погребем бсп едиственото свясно нещо от целия тоя фарс,Негативен,0.9,презрение,https://www.dnes.bg/a/1-bulgaria/717450-rumen-radev-balgariya-ne-e-bedna-a-losho-upravlyavana-strana
"Цитат: Румен Радев каза, че Прогресивна България си поставя за цел изхвърляне на олигархията от политическата власт, разграждане на модела Борисов-Пеевски и спиране на достъпа му до публичен ресурс. +++ Това не е достатъчно. ГЕРБ, СДС и ДПС-НН откраднаха стотици милиарди. Трябва да се върне на България поне част от тези милиарди",Негативен,0.95,гняв,https://www.dnes.bg/a/1-bulgaria/717450-rumen-radev-balgariya-ne-e-bedna-a-losho-upravlyavana-strana
най обикновенолайно си рундю,Негативен,0.95,гняв,https://www.dnes.bg/a/1-bulgaria/717450-rumen-radev-balgariya-ne-e-bedna-a-losho-upravlyavana-strana
300 00 пълни *** ще го направят първи нищо няма да постигне естествено там гълаби мълаби служебни му ги знаем дори няма да му стигнат за правителство и 6 месежа после цирк до новите избори където ще замине в канафката,Негативен,0.95,гняв,https://www.dnes.bg/a/1-bulgaria/717450-rumen-radev-balgariya-ne-e-bedna-a-losho-upravlyavana-strana
"До Архивите са живиСамо за това, че е заявил такова нещо публично, трябва да бъде изхвърлен от политиката и съдебната власт да се заеме с него! Тази ""Панорама"" не съм я гледал! Това е толкова скандално изявление!",Негативен,0.95,гняв,https://www.dnes.bg/a/1-bulgaria/717450-rumen-radev-balgariya-ne-e-bedna-a-losho-upravlyavana-strana
"Не можех да си спомня името на каратистката... Сега го намерих в нета - не Нора, а Ивет Горанова. И тя иска да става депутатка. Така де, не се живее само с реклама на болкоуспокояващия препарат Алгасан акут долор...",Негативен,0.85,разочарование,https://www.dnes.bg/a/1-bulgaria/717450-rumen-radev-balgariya-ne-e-bedna-a-losho-upravlyavana-strana
"Олигархията се изхвърля от политическата власт като се поставят в листите на прогресивна България синовете на олигарсите! Гергов, Бобокови, Ковачки, Вълканов, Василев ну да олигарси а ПРОГРЕСИВНИ ИНДУСТРИАЛЦИ!!!! М у н ч о нагло се гаври с избирателите си!",Негативен,0.95,възмущение,https://www.dnes.bg/a/1-bulgaria/717450-rumen-radev-balgariya-ne-e-bedna-a-losho-upravlyavana-strana
"Ако хората смятат, че спортисти ще оправят положението - много са елементарни. Вижте само как са му подредени листите - спортист, военен, спортист, военен. Както едно време - роднина, милиционер. Енчо Кирязов, Владо Николов, Нора Милева... Парламент ли ще избираме, или председател на БСФС?",Негативен,0.95,възмущение,https://www.dnes.bg/a/1-bulgaria/717450-rumen-radev-balgariya-ne-e-bedna-a-losho-upravlyavana-strana
"Добре ли я управляваха бедна България, твоите служебни правителства? Колко на брой Радев?!",Негативен,0.95,гняв,https://www.dnes.bg/a/1-bulgaria/717450-rumen-radev-balgariya-ne-e-bedna-a-losho-upravlyavana-strana
"Да Радев, и ти сош персонална вина за последните 9 години! Предсрочни избори на килограм и служебни правителства! Назначи шарлатаните от ПП-ДБ, Киро простото - незаконно, погази Конституцията! Твое служебно правителство подписа Боташ и всеки ден плащаме на Турция по 1 милион евро! Ти Радев, виждаш ли ВИНАТА си, или ти е удобно само да критикуваш останалите?!",Негативен,0.95,гняв,https://www.dnes.bg/a/1-bulgaria/717450-rumen-radev-balgariya-ne-e-bedna-a-losho-upravlyavana-strana
"До: анонимен92. Само в главата ти има линчуване, самоуправство и т.н... Но няма да седна да ти обяснявам как се случват нещата в цивилизовано и грамотно общество, след като си вещ... Има - да, население, които не живее в даден район, местност, община, област дори и не знае за това, какво се случва и трябва да се направи в друга община. Ти ако си от Сусурлево например, знаеш ли в Горно *** какви са им проблемите? Илитерат",Негативен,0.95,раздразнение,https://www.dnes.bg/a/1-bulgaria/717450-rumen-radev-balgariya-ne-e-bedna-a-losho-upravlyavana-strana
"Прогресивните индустриалци, които са зад това същество не разбраха ли, че то и за ХАСКОВСКИ ПЪДАРИН не става? Поне да бяха наели някой по умен да му пише изказванията.",Негативен,0.95,гняв,https://www.dnes.bg/a/1-bulgaria/717450-rumen-radev-balgariya-ne-e-bedna-a-losho-upravlyavana-strana
"До: случаен минувач""ЗА ДОГОВОРА С БОТАШ "" Румен Радев - Как и на какво основание смятате, че договора е неизгоден?Б. В. -ЗАГУБИ ОТ МИЛИОН на ден, успешни ли са?Румен Радев - А вие на това казвате ЗАГУБИ?Радев пред ""Панорама"" 30.01.2026",Негативен,0.85,възмущение,https://www.dnes.bg/a/1-bulgaria/717450-rumen-radev-balgariya-ne-e-bedna-a-losho-upravlyavana-strana
"Сякаш не е бил девет години президент с право да назначава ръководителите тя службите е с право на вето на решенията на парламента. Назначените от него служебни кабинети са управлявали близо две години и сътвориха сделки като тази с Боташ, при която близо 550 000 евро отиват всеки ден в Турция, без да ползваме и една капка газ. Негов кабинет обяви без да има право та това Грипен да победител в конкурса за бойна авиация, с което нейното обновяване бе спряно с две години и половина!",Негативен,0.95,разочарование,https://www.dnes.bg/a/1-bulgaria/717450-rumen-radev-balgariya-ne-e-bedna-a-losho-upravlyavana-strana
"И аз се учудих в началото ,защото пустеещи земи около Монтана няма! Гледах клипчета от строежа на магистралата Видин -макреш -бела-ружинци , еми всичко наоколо е засято и се обработва.",Позитивен,0.85,изненада,https://www.dnes.bg/a/1-bulgaria/717450-rumen-radev-balgariya-ne-e-bedna-a-losho-upravlyavana-strana
А за Боташ - турците си ги прибират паричките ежедневно и ни се подсмихват... Казват - като има балъци за стрижене...,Негативен,0.95,възмущение,https://www.dnes.bg/a/1-bulgaria/717450-rumen-radev-balgariya-ne-e-bedna-a-losho-upravlyavana-strana
До: случаен минувачE да това е проблемът - лупавите хора и онези от изток го знаят.А за пустеещи плодородни земи в северозапада-просто отдавна няма такива.Отдана са изкупени от ДПС турски граждани и се обработват.,Негативен,0.9,гняв,https://www.dnes.bg/a/1-bulgaria/717450-rumen-radev-balgariya-ne-e-bedna-a-losho-upravlyavana-strana
"Радев пропиля два президентски мандата в обслужването на чужди за България интереси. Руски интереси! А имаше възможност да се превърне в лидер на българската нация. Да я води напред и нагоре. Вместо това от 2016 г. сее в българското общество разделение и хаос, всява страхове от несъществуващи заплахи! Договорът му с Боташ налива всеки ден по 550 000 евро на турците. А с искането си за референдум за еврото за пореден път саботира интеграцията на страната в ЕС. Вреден и опасен за България!",Негативен,0.95,гняв,https://www.dnes.bg/a/1-bulgaria/717450-rumen-radev-balgariya-ne-e-bedna-a-losho-upravlyavana-strana
"Още докато беше президент, показа, че може да нарушава Конституцията. Юмрукът му я наруши. Какво ще му попречи да продължава да си нарушава законите? Само погледнете с какви хора се е обградил. И как ги е подредил - спортист, военен, спортист, овенен. Както се правеше едно време - роднина, милицинер.",Негативен,0.95,възмущение,https://www.dnes.bg/a/1-bulgaria/717450-rumen-radev-balgariya-ne-e-bedna-a-losho-upravlyavana-strana
"Разчита се на гласовете на откровено глупавите хора, които явно са мнозинство в България. Ако дойде на власт, най-вероятно ще потърси договор с Русия за внос на евтин петрол и газ. Да, може би цената на горивата ще спадне. И ще потрие ръце: Ето, нали ви казах! Ама това, че цивилизованият свят ще ни обърне гръб - какво го интересува? Важното е той и хората около него да са добре. И разбира се, да имат възможности да продължават да сключват разни нови договори като Боташ... Ето така ни грабят...",Негативен,0.95,гняв,https://www.dnes.bg/a/1-bulgaria/717450-rumen-radev-balgariya-ne-e-bedna-a-losho-upravlyavana-strana
"До: анонимен90 деребеи*, местното общество е добре да не се праи на бабичката със забележките, щото самоуправството е наказуемо. прочие, филолог, не-местно общество има ли?",Негативен,0.85,раздразнение,https://www.dnes.bg/a/1-bulgaria/717450-rumen-radev-balgariya-ne-e-bedna-a-losho-upravlyavana-strana
"заради закритите от ал бънди поделения, американските самолети кацнаха на летище софия. а нашия в типично негов стил 10 дена преди изборите вместо да предложи решения бърчи вежди и каканиже че така не се правело.",Негативен,0.95,раздразнение,https://www.dnes.bg/a/1-bulgaria/717450-rumen-radev-balgariya-ne-e-bedna-a-losho-upravlyavana-strana
"Този колко ниско започна да слиза... Страх, социални помощи, дърва за огрев... Банички с извара... Колкото до дерибеите... Това е работа на РУП, на МВР, на вътрешен министър.... На местното общество дори.",Негативен,0.95,възмущение,https://www.dnes.bg/a/1-bulgaria/717450-rumen-radev-balgariya-ne-e-bedna-a-losho-upravlyavana-strana
"Видяхме те и тебе колко ""добре"" се справяш като президент. Ходеше и излагаше България и българите пред света. Ще те запомнят с фразата ""да свалим санкциите на Русия"" и отговора на въпроса ""Чий е Крим?"", заради което спряха да те канят на екскурзии по света. Караше си я както в казармата ден да мине. Няма как от човек който си е клатил краката цял живот да очакваме добро управление. Пълен провал беше като началник на ВВС, пълен провал беше като президент, пълен пловал ще си и като премиер.",Негативен,0.98,разочарование,https://www.dnes.bg/a/1-bulgaria/717450-rumen-radev-balgariya-ne-e-bedna-a-losho-upravlyavana-strana
Аз открих топлата вода....CтадотоОвцe трябва да ме следва...,Негативен,0.9,презрение,https://www.dnes.bg/a/1-bulgaria/717450-rumen-radev-balgariya-ne-e-bedna-a-losho-upravlyavana-strana
Кой ще плаща дълговете към Боташ?,Негативен,0.85,безпокойство,https://www.dnes.bg/a/1-bulgaria/717450-rumen-radev-balgariya-ne-e-bedna-a-losho-upravlyavana-strana
"Може би Радев не олигарх и мафиот като другите политици, но при всички положения има голяма вероятност да стане втори Виктор Орбан...",Негативен,0.8,скептицизъм,https://www.dnes.bg/a/1-bulgaria/717450-rumen-radev-balgariya-ne-e-bedna-a-losho-upravlyavana-strana
"Такъв Прогрес на зелените чорапи ще настане, че ще плачем още 30 години.",Негативен,0.95,разочарование,https://www.dnes.bg/a/1-bulgaria/717450-rumen-radev-balgariya-ne-e-bedna-a-losho-upravlyavana-strana
Po-skoro e nedooglozgana spored Radev.,Негативен,0.85,скептицизъм,https://www.dnes.bg/a/1-bulgaria/717450-rumen-radev-balgariya-ne-e-bedna-a-losho-upravlyavana-strana
"БГНЕС припомня, че на 7 април в свой мониторингов доклад BFMI заяви, че Румен Радев е натрупал 90 милиона гледания в TikTok чрез мрежи, чието поведение трудно може да се обясни с органична активност. ..........това трябва да ви казва всичко за ""честния спасител"" радев който щял да се бори с олигарси и да оправи България",Негативен,0.95,разочарование,https://www.dnes.bg/a/1-bulgaria/717450-rumen-radev-balgariya-ne-e-bedna-a-losho-upravlyavana-strana
"И всеки път след изборите. Излезте на улиците, за да стачкуваме и да ги премахнем. Тази секта във България е свързана със сектата в чужбина. Това са урсулите, които прокарват своята сатанинска политика през хора като Цве@%телина, Па@%шата, Бой#^ко, ***@%евски",Негативен,0.95,гняв,https://www.dnes.bg/a/1-bulgaria/717450-rumen-radev-balgariya-ne-e-bedna-a-losho-upravlyavana-strana
я българите да му сложат едно голямо вето на румен ветото,Негативен,0.9,гняв,https://www.dnes.bg/a/1-bulgaria/717450-rumen-radev-balgariya-ne-e-bedna-a-losho-upravlyavana-strana
тоя колко по говори толко хората разбират че това са лозунги лъжливи като на 09.09.44г.,Негативен,0.95,възмущение,https://www.dnes.bg/a/1-bulgaria/717450-rumen-radev-balgariya-ne-e-bedna-a-losho-upravlyavana-strana
"Бог иска от Вас да се приборите със сектата на Държавна Сигурност. Бог иска, ние българите да се борим с злото в лицето на Туту, Шиши, Цветелина, Пашата, техните бащи, техните чичовци. Ние трябва да се борим срещу партиите, които медиите ни представят. Гласувайте за малките партии. Гласувайте за слабите кандидати. Не гласувайте на изборите за ГЕРБ, НН, ППДП, РАДЕВ,БОЙКО,ПЕЕВСКИ, ВЪЗРАЖДАНЕ,ВЕЛИЧИЕ. Гласувайте, за който искате само не гласувате за партиите на ДС. И всеки път след изборите.",Негативен,0.95,гняв,https://www.dnes.bg/a/1-bulgaria/717450-rumen-radev-balgariya-ne-e-bedna-a-losho-upravlyavana-strana
"Същата банка, която погълна на Цветелина банката. Там Туту има безлимитен кредит. Може да харчи, колкото си иска. Няма лимит. Тези ""хора"" са могъща секта, която се управлява от Сатаната. Туту, Шиши и техните шефове от ДС са секта, която убива и краде от времето на бай Тошо. Това са хората, които убиха Людмила Живкова, сина и Тодор Славков младши, жертвите от Петрохан.",Негативен,0.95,гняв,https://www.dnes.bg/a/1-bulgaria/717450-rumen-radev-balgariya-ne-e-bedna-a-losho-upravlyavana-strana
"Човекът , който подари 3 милиарда евро на турците от Боташ, твърди , че другите управлявали лошо ? Толкова брутална наглост , че обикновеният българин и през ум не му минава , с какъв подлец и двуличник си има работа ! Доказан родоотстъпник!",Негативен,0.98,гняв,https://www.dnes.bg/a/1-bulgaria/717450-rumen-radev-balgariya-ne-e-bedna-a-losho-upravlyavana-strana
"Само дурак може да си мисли, че Шиши, Туту, хората зад тях от бившата ДС и роднини от типа на Пашата с чичовци с високи постове в Държава ще се предадат без да се пролее кръв. Едно време пашата спука Туту от бой, който му беше охрана. Тук говорим за ДС, която е завладява съд, прокуратура, политика. Всичко. Радев говори глупости. Знаете ли, че блокират парите във банки с платени данъци без адвокат и съд. И това е голяма банка. Същата банка, която погълна на Цветелина банката. Там Туту има безлим",Негативен,0.95,гняв,https://www.dnes.bg/a/1-bulgaria/717450-rumen-radev-balgariya-ne-e-bedna-a-losho-upravlyavana-strana
ше превърнеш северозапада в рай чрез фирми на твоите олигарси спонсори . много си прозрачен бе прогресист,Негативен,0.95,разочарование,https://www.dnes.bg/a/1-bulgaria/717450-rumen-radev-balgariya-ne-e-bedna-a-losho-upravlyavana-strana
НЕ НА РАДЕВ,Негативен,0.95,недоволство,https://www.dnes.bg/a/1-bulgaria/717450-rumen-radev-balgariya-ne-e-bedna-a-losho-upravlyavana-strana
и ти ше я управляваш правилно и ше засадиш северозападна България с какво??? бегай бе празнодумец !,Негативен,0.95,гняв,https://www.dnes.bg/a/1-bulgaria/717450-rumen-radev-balgariya-ne-e-bedna-a-losho-upravlyavana-strana
Фес с петолъчка,Негативен,0.9,презрение,https://www.dnes.bg/a/1-bulgaria/717450-rumen-radev-balgariya-ne-e-bedna-a-losho-upravlyavana-strana
"Това жалко недоразумение нахендрено ни от Москва ни струва по над 500 000 Eвро на ден, над 15 000 000 Eвро на месец и над 180 000 000 Eвро на година. .. И така до 2035 година !!!!!",Негативен,0.98,гняв,https://www.dnes.bg/a/1-bulgaria/717450-rumen-radev-balgariya-ne-e-bedna-a-losho-upravlyavana-strana
"Другарю Радев, обичам ви !Ще направя всичко което поискате от мен.Винаги съм готов !",Позитивен,0.95,преданост,https://www.dnes.bg/a/1-bulgaria/717450-rumen-radev-balgariya-ne-e-bedna-a-losho-upravlyavana-strana
"Боя се, че ти самият нямаш управленски опит. Ще се довери на подкрепящият те бекграунд.До къде ще те докарат, не се знае. Битката ти е по-скоро лична - да унищожиш ББ и ДП.",Негативен,0.9,безпокойство,https://www.dnes.bg/a/1-bulgaria/717450-rumen-radev-balgariya-ne-e-bedna-a-losho-upravlyavana-strana
На Радев задачата е да свали онези двамата.,Негативен,0.8,напрежение,https://www.dnes.bg/a/1-bulgaria/717450-rumen-radev-balgariya-ne-e-bedna-a-losho-upravlyavana-strana
"Точно така е, България не е бедна, но много се краде. Вижте по времето на соца какво чудо се е построила и как е електрифицирано и най отдалеченото селце, безплатно обучение, лекари, зъболекари, гр.транспорт с билет 4 Ст. и после става 6 ст., безплатни спортни школи а бе, много нещо. За 36 г няма направено на четвърт от това. Днешните 1000 лв са по-малко от тогавашните 100 лв. Двамата крадци летят с фалкона, а хората изнемогват. 95% живеят зле. Магнитски да си прибира намагнитени.",Негативен,0.95,възмущение,https://www.dnes.bg/a/1-bulgaria/717450-rumen-radev-balgariya-ne-e-bedna-a-losho-upravlyavana-strana
"Крим е Украйна - завинаги - А България е Европа, другарю зелен чорап! И това не е шаблон или кух лизинг, а осъзната реалност! Просто си нямаш представа какво е да натириш 500000 млади българи обратно в пещерния сталинизъм на другаря ви Путин! Какъв отпор ще има!",Негативен,0.95,гняв,https://www.dnes.bg/a/1-bulgaria/717450-rumen-radev-balgariya-ne-e-bedna-a-losho-upravlyavana-strana
"Именно ти вече осем (8) години управляваш, понеси отговорност като истински мъж ,а не руска наведена жена със разюздено поведение",Негативен,0.98,гняв,https://www.dnes.bg/a/1-bulgaria/717450-rumen-radev-balgariya-ne-e-bedna-a-losho-upravlyavana-strana
До: анонименВсички военни пенсионери с пищови ще гласуват за кадър от армията Всички се нагледахме на полицейските номера борисОФ,Негативен,0.9,недоволство,https://www.dnes.bg/a/1-bulgaria/717450-rumen-radev-balgariya-ne-e-bedna-a-losho-upravlyavana-strana
Радев идва и ще ви измете!,Негативен,0.9,гняв,https://www.dnes.bg/a/1-bulgaria/717450-rumen-radev-balgariya-ne-e-bedna-a-losho-upravlyavana-strana
Треперите нали? Има защо да треперите! ТРЕПЕРЕТЕ.,Негативен,0.95,гняв,https://www.dnes.bg/a/1-bulgaria/717450-rumen-radev-balgariya-ne-e-bedna-a-losho-upravlyavana-strana
Както самолетите на летците всичко е вносно и лоша селекция на българите още от училището и ни управлява комунистическата номенклатура,Негативен,0.95,разочарование,https://www.dnes.bg/a/1-bulgaria/717450-rumen-radev-balgariya-ne-e-bedna-a-losho-upravlyavana-strana
"Именно , Чорапе ! Именно с ""Боташ"" показа колко лошо се управлява страната !!!! Що за наглост и тдиотизъм е точно ти, Зелен чорапе, ти да ломотиш такива простотии !!!??? Няма ли кой да му тегли оловото на тоя нагълпърч ?",Негативен,0.99,гняв,https://www.dnes.bg/a/1-bulgaria/717450-rumen-radev-balgariya-ne-e-bedna-a-losho-upravlyavana-strana
Ами как да е иначе след като винаги в Бг се намират неадеквантици готови да сключат някоя сделка тип Боташ.,Негативен,0.95,възмущение,https://www.dnes.bg/a/1-bulgaria/717450-rumen-radev-balgariya-ne-e-bedna-a-losho-upravlyavana-strana
"Боташ, представям си как ще я управлявате с Гергов, Tимaджиитe.и Копринката! Гледката ще е трагикомична!!!",Негативен,0.95,ирония,https://www.dnes.bg/a/1-bulgaria/717450-rumen-radev-balgariya-ne-e-bedna-a-losho-upravlyavana-strana
"Щом военен ще ни управлява като в Куба, преди в Аржентина, Мордор, Венецуела....мани-мани. Пък се сетете сами кога военна хунта е знаела да управлява добре някоя държава",Негативен,0.95,възмущение,https://www.dnes.bg/a/1-bulgaria/717450-rumen-radev-balgariya-ne-e-bedna-a-losho-upravlyavana-strana
НИВАТА НЕ ИСКА УПРАВЛЕНИЕ.. НИВАТА ИСКА МОТИКА.... МЪРЗЕЛЛВОЕНЕН,Негативен,0.9,гняв,https://www.dnes.bg/a/1-bulgaria/717450-rumen-radev-balgariya-ne-e-bedna-a-losho-upravlyavana-strana
Парясник от глава на семейство за глава на държава не става. Видяхте ли му офиса с джакузито и работната маса пред него с компаньонките.,Негативен,0.95,гняв,https://www.dnes.bg/a/1-bulgaria/717450-rumen-radev-balgariya-ne-e-bedna-a-losho-upravlyavana-strana
"kaзва ни, че небето е синьо?...прогресивен популист",Негативен,0.8,ирония,https://www.dnes.bg/a/1-bulgaria/717450-rumen-radev-balgariya-ne-e-bedna-a-losho-upravlyavana-strana
Вярно е.,Неутрален,0.9,спокойствие,https://www.dnes.bg/a/1-bulgaria/717450-rumen-radev-balgariya-ne-e-bedna-a-losho-upravlyavana-strana
"Приказки от пауланер гартен. Не била бедна. И на какво е богата? Газ ли има, нефт ли? Каква плодородна земя има на северозапад? Има в Добруджа и в Тракия малко и това е. На северозапад има земя трета категория - полупланинска. Стига сте лъгали народа, че сме богати и с вас на власт ще цъфнем и вържем. Ти със служебните защо не започна поне? Успя да забиеш един байрак в Родопите само. С булгаар булгаар не става тази работа, зелен кауун.",Негативен,0.95,гняв,https://www.dnes.bg/a/1-bulgaria/717450-rumen-radev-balgariya-ne-e-bedna-a-losho-upravlyavana-strana
"И този оххлюв се е заразил с мантрата Борисов и Пеевски и ляга и става с тях. А някой най-после ще вземе ли да обясни какво аджеба представлява този модел, защото всички го дрънкат, ама май само дотам.",Негативен,0.95,раздразнение,https://www.dnes.bg/a/1-bulgaria/717450-rumen-radev-balgariya-ne-e-bedna-a-losho-upravlyavana-strana
"А ти къде беше девет години бе, хасковски кayнь? Ай сик тир.",Негативен,0.98,гняв,https://www.dnes.bg/a/1-bulgaria/717450-rumen-radev-balgariya-ne-e-bedna-a-losho-upravlyavana-strana
Долу ЕС и САЩ,Негативен,0.95,гняв,https://www.dnes.bg/a/1-bulgaria/717450-rumen-radev-balgariya-ne-e-bedna-a-losho-upravlyavana-strana
ЕС и САЩ я управляват 37 г. и значи те са лошо управлявали. Това казва.,Негативен,0.9,разочарование,https://www.dnes.bg/a/1-bulgaria/717450-rumen-radev-balgariya-ne-e-bedna-a-losho-upravlyavana-strana
За два мандата президент не го чух да казва такова нещо. Но виж да глашатаи русофилската пропаганда - всеки ден!,Негативен,0.95,възмущение,https://www.dnes.bg/a/1-bulgaria/717450-rumen-radev-balgariya-ne-e-bedna-a-losho-upravlyavana-strana
"ПРЕМАХНАХ ВИ И НЕЖЕЛАЯ ДА ИМАМ НИЩО ОБЩО С ХОРА НА КОИТО ДРУГИ ДЪРПАТ КОНЦИТЕ.ОСТАНЕТЕ СИ ПОДВЛАСТНИ ,НО СКОРО ЩЕ ИЗТРЕЗНЕЕТЕ И ЖИВОТА ПРОДЪЛЖАВА. АЗ ЖИВЕЯ НАИСТИНА В СВОДНА ДЪРЖАВА И НЕ СЕ СТРАХУВАМ ДА ИЗКАЖА ГЛАСНО МНЕНИЕТО СИ.",Негативен,0.95,гняв,https://www.dnes.bg/a/1-bulgaria/717450-rumen-radev-balgariya-ne-e-bedna-a-losho-upravlyavana-strana
"България не е бедна а много крадена - Асен Василев. Притопля манджата на протежето си, от което се отрече Радев. Управляваи БОТАШ бе! - Окрадени!!!",Негативен,0.95,гняв,https://www.dnes.bg/a/1-bulgaria/717450-rumen-radev-balgariya-ne-e-bedna-a-losho-upravlyavana-strana
"КЪДЕ Е КОМЕНТАРЪТ МИ? КОЙ ВИ ДИРИЖИРА? В БЪЛГАРИЯ ИМА ЛИ ИСТИНСКА ДЕМОКРАЦИЯ ИЛИ Е НЕЩО ПО ПОДОБИЕ? ЖАЛКО ЗА ВАС, ДРУГО МНЕНИЕ ИМАХ.",Негативен,0.98,гняв,https://www.dnes.bg/a/1-bulgaria/717450-rumen-radev-balgariya-ne-e-bedna-a-losho-upravlyavana-strana
"Някой разбра ли тоя Фелдфебел, какво ще направи за да се развие Северозападът? Че той нищо не каза ? Разбра се само , че ще спира някакви финансови потоци, към някакъв ""модел""? И че всички пари трябва да минат по ...Пътят на Копринката!",Негативен,0.95,разочарование,https://www.dnes.bg/a/1-bulgaria/717450-rumen-radev-balgariya-ne-e-bedna-a-losho-upravlyavana-strana
До: Резидент разединител ГЕРП що закри южен поток. Загуби 100 милярда $ с Белене. Бг требва да излезне ЕС и нАТО сички сте престъпници след 1989.,Негативен,0.95,гняв,https://www.dnes.bg/a/1-bulgaria/717450-rumen-radev-balgariya-ne-e-bedna-a-losho-upravlyavana-strana
До: Дядо от село Повече е 20 г. биле е генерал при ГЕРП и СДС. Съсипал е и армията след СИВ.,Негативен,0.95,разочарование,https://www.dnes.bg/a/1-bulgaria/717450-rumen-radev-balgariya-ne-e-bedna-a-losho-upravlyavana-strana
Туй екс секретарката и настоящата съпруга - да те изгони ...в собственото си семейство да е нищо - за държава се натиска,Негативен,0.95,презрение,https://www.dnes.bg/a/1-bulgaria/717450-rumen-radev-balgariya-ne-e-bedna-a-losho-upravlyavana-strana
Зеления чорап отказа всякакви предложения за дебати. Без сценаристи кръгла нула четящия некролози.,Негативен,0.95,презрение,https://www.dnes.bg/a/1-bulgaria/717450-rumen-radev-balgariya-ne-e-bedna-a-losho-upravlyavana-strana
"И това го казва човек, който 10 години е бил в управлението на страната.. Кво е дремал? Няма такъв наглец...",Негативен,0.95,гняв,https://www.dnes.bg/a/1-bulgaria/717450-rumen-radev-balgariya-ne-e-bedna-a-losho-upravlyavana-strana
"И себестойността на потока със всички допълнителни станции, за да върви газта не само в една посока е 3млрд лева. Значи този проект ще се избие за 6-7 години. Е нищо де благодарение на теб ще изплащаме Боташ още 13. Колко по-добре ще управляваш, като за 9 години освен омраза и разделение нищо друго не постигна. Само разгради и се опозори. СРАМ",Негативен,0.98,гняв,https://www.dnes.bg/a/1-bulgaria/717450-rumen-radev-balgariya-ne-e-bedna-a-losho-upravlyavana-strana
"До: анонимен 19... Никой не иска нито ЕС, нито пък ОТАН. Нбутаха ни без да питат народа. Продадоха ни, разграбиха нашите ресурси. Дори и пуснаха предателите соломонови сълзи от радост и кефа, че са забаламосали бa лъ *** те.",Негативен,0.98,гняв,https://www.dnes.bg/a/1-bulgaria/717450-rumen-radev-balgariya-ne-e-bedna-a-losho-upravlyavana-strana
"Гумен гадев да бъде избран, ще ни върне и лева и ТКЗС. Да напуснем ЕС да затворим границите. Без интернет, за да не могат жените да гледат къде тревата е по зелена и да не ходят да се женят на запад. Да седят тука приковани за пералнята и печката и да раждат от 15 годишни. Ще станем 90 милиона и ще бъдем еничарски корпус и плацдарм за бъдеща експанзия на фашистка Русия в Европа, но затова пък С евтин руски газ и нефт. Парното ще е безплатно. Снимките черно бели за носталгията.",Негативен,0.95,гняв,https://www.dnes.bg/a/1-bulgaria/717450-rumen-radev-balgariya-ne-e-bedna-a-losho-upravlyavana-strana
"Обещавам, че ако ме изберете ще подаря половин България на турците.",Негативен,0.9,гняв,https://www.dnes.bg/a/1-bulgaria/717450-rumen-radev-balgariya-ne-e-bedna-a-losho-upravlyavana-strana
"Стига глупости, където и да пътуваш из северозапада всичко е засято. Колко лошо управлявана, преди 2020 да вдигнеш юмрука се построи така омразния на ППДБ и явно и на теб балкански/турски поток, който за 2025 е направил 560млн печалба, от които 490млн лева са дългосрочни договори направени още с пускането на проекта, 70млн са от свободния капацитет, а ти като дойде освен шарлатаните ни доведе и договора с Боташ, който е 1млн на ден разход. И как ще управляваш ти тогава като ти се видя капацитета",Негативен,0.95,гняв,https://www.dnes.bg/a/1-bulgaria/717450-rumen-radev-balgariya-ne-e-bedna-a-losho-upravlyavana-strana
"Само един голям стратег като Радев парсцала може да подпише един уникален договор за пренос на въздух, за 600 000 евро на ден за 13 години..",Негативен,0.95,гняв,https://www.dnes.bg/a/1-bulgaria/717450-rumen-radev-balgariya-ne-e-bedna-a-losho-upravlyavana-strana
До: Тракийски бачкатор Искате ЕС и НАТО и затова се обезлюди. Там ще са по-високи заплати и сички бегат.,Негативен,0.85,разочарование,https://www.dnes.bg/a/1-bulgaria/717450-rumen-radev-balgariya-ne-e-bedna-a-losho-upravlyavana-strana
"Радев е много голям стратег, също като Тръмп и Пътинг. Такъв стратег че бабите не знаят къде се мамират като ги видят, от стратегията която излъчват. Абе и тримата са хвани единия, удари другия..",Негативен,0.95,ирония,https://www.dnes.bg/a/1-bulgaria/717450-rumen-radev-balgariya-ne-e-bedna-a-losho-upravlyavana-strana
"А, да подпишеш договор за въздух под налагане - какво управление е това бе, терикат селски от хасковска околия?",Негативен,0.95,гняв,https://www.dnes.bg/a/1-bulgaria/717450-rumen-radev-balgariya-ne-e-bedna-a-losho-upravlyavana-strana
"Резидента Крадеф - изведнъж откри топлата вода...Ам ти къде беше през последните години - за лимонада ли ?Колко служебни правителства назначи бре ?А службите - на кого са подчинени..?Кой назначава шефовете ?Аман от добре подплатени ""спасители""...с джакузи и телячки до леглото...",Негативен,0.95,гняв,https://www.dnes.bg/a/1-bulgaria/717450-rumen-radev-balgariya-ne-e-bedna-a-losho-upravlyavana-strana
"По голяма излагация от тая чорапена кукла на конци няма! Боташ и шарлатаните, които ни натресе ни направиха по бедни. Ти си основна част от проблема.",Негативен,0.98,гняв,https://www.dnes.bg/a/1-bulgaria/717450-rumen-radev-balgariya-ne-e-bedna-a-losho-upravlyavana-strana
А нещо за Боташ каза ли тоя парсцал..,Негативен,0.95,гняв,https://www.dnes.bg/a/1-bulgaria/717450-rumen-radev-balgariya-ne-e-bedna-a-losho-upravlyavana-strana
"Че тоя какво е съградил през живота си че ще ""разгражда""? Цял живот е бил на държавната ясла ! Северозападът винаги е бил бастион на комунистите , и затова са най-бедни ! И какво значи , хем е лошо управлявана , хем не е ""бедна""? Тоя наясно ли е ,какви богатии хора земевладелци има в този край ? И той какво ще направи, ще върне ТКЗС-тата ли ? А как ще отреже от някакъв ресурс партии , за които са гласували стотици хиляди българи ? Чного сбъркана личност!",Негативен,0.95,гняв,https://www.dnes.bg/a/1-bulgaria/717450-rumen-radev-balgariya-ne-e-bedna-a-losho-upravlyavana-strana
"мистър Боташ управлява 4 година България със служебни министерства. Овладя всички служби, 4 броя конституционни съдии са негови, Сега иска да стане премиер и чрез парламентарната квота да вкара още 2 конституционни съдии, след това е лесно да смени конституцията и да стане като путин пожизнен диктаатор. Народът е *** , ако гласува за ффаттмак",Негативен,0.98,гняв,https://www.dnes.bg/a/1-bulgaria/717450-rumen-radev-balgariya-ne-e-bedna-a-losho-upravlyavana-strana
"България не плаща за войни, а печели от продажбата на боеприпаси. А войната я почна фашистка имперска Русия, защото не и стига територията и не е бедна, а лошо управлявана. И никой не иска да копае картофи, всички искат гражданчета айти на 200 бона. това няма как да промените, освен да ги принудят да доят крави и да копаят царевица.",Негативен,0.9,гняв,https://www.dnes.bg/a/1-bulgaria/717450-rumen-radev-balgariya-ne-e-bedna-a-losho-upravlyavana-strana
некадърен президент и 9 правителства назначени от него е равно на лошо управление.,Негативен,0.95,гняв,https://www.dnes.bg/a/1-bulgaria/717450-rumen-radev-balgariya-ne-e-bedna-a-losho-upravlyavana-strana
ТЕ МОГАТ ДА УПРАВЛЯВАТ САМО С РЕПРЕСИИ....... ВИЖДАМЕ КАКВО ПРАВИ СЕГА МИЛИЦИЯТА,Негативен,0.95,гняв,https://www.dnes.bg/a/1-bulgaria/717450-rumen-radev-balgariya-ne-e-bedna-a-losho-upravlyavana-strana
"Преди 10 години и китайци се пробваха да развиват земеделие в северозападна България. И те се провалиха. Имаха всичко и капитали, и техника, и работници, и ноухау. Не стана.",Негативен,0.95,разочарование,https://www.dnes.bg/a/1-bulgaria/717450-rumen-radev-balgariya-ne-e-bedna-a-losho-upravlyavana-strana
Полит Бюро на Продадена България.,Негативен,0.95,гняв,https://www.dnes.bg/a/1-bulgaria/717450-rumen-radev-balgariya-ne-e-bedna-a-losho-upravlyavana-strana
Тоя управляваше 4 от последните 5 години и пак недоволен. Намусено мрънкало.,Негативен,0.95,раздразнение,https://www.dnes.bg/a/1-bulgaria/717450-rumen-radev-balgariya-ne-e-bedna-a-losho-upravlyavana-strana
До къде го докара - да повтаря думите на Асен Василев?!,Негативен,0.95,възмущение,https://www.dnes.bg/a/1-bulgaria/717450-rumen-radev-balgariya-ne-e-bedna-a-losho-upravlyavana-strana
"OT 6 ГОДИШЕН МЕЧТАЕ ДА УПРАВЛЯВА..ДЕТСКАТА МУ МЕЧТА, ДРУГА РАБОТА НЕ БАРВА.....ПУТИН ВТОРИ НА БАЛКАНИТЕ...",Негативен,0.9,раздразнение,https://www.dnes.bg/a/1-bulgaria/717450-rumen-radev-balgariya-ne-e-bedna-a-losho-upravlyavana-strana
"Не желая на власт да е индивида, чието служебно правителство принуждаваше хората да се инжектират с ковид отровите за да им издаде зелен сертификат, който да им позволи да се забавляват. Фашисти нямат място във властта.",Негативен,0.98,гняв,https://www.dnes.bg/a/1-bulgaria/717450-rumen-radev-balgariya-ne-e-bedna-a-losho-upravlyavana-strana
"Ония от ДПС на Шиши, като купат от Раковица, та през Кошарник и Младеново до Нов път и Чичо Румен има да се чуди: Кво стана!",Негативен,0.9,възмущение,https://www.dnes.bg/a/1-bulgaria/717450-rumen-radev-balgariya-ne-e-bedna-a-losho-upravlyavana-strana
"Б.Борисов: Нито една социология не съм платил, а другите плащат. Какво е това изказване бре, пожарникар? Личи си, че си завършил Магнаурската школа в Симеоново",Негативен,0.95,сарказъм,https://www.dnes.bg/a/1-bulgaria/717444-borisov-nito-edna-sotsiologiya-ne-sam-platil-a-drugite-plashtat
"Ти въобще някога нещо плащал ли си или,само прибираш в чекмеджето с кюлчетата?",Негативен,0.95,гняв,https://www.dnes.bg/a/1-bulgaria/717444-borisov-nito-edna-sotsiologiya-ne-sam-platil-a-drugite-plashtat
Що да плащаш като са твоя собственост? На лъжливото пвчарче никой не вярва.,Негативен,0.95,възмущение,https://www.dnes.bg/a/1-bulgaria/717444-borisov-nito-edna-sotsiologiya-ne-sam-platil-a-drugite-plashtat
Вече тикво!,Негативен,0.9,гняв,https://www.dnes.bg/a/1-bulgaria/717444-borisov-nito-edna-sotsiologiya-ne-sam-platil-a-drugite-plashtat
На този не може да се вярва и 1%.,Негативен,0.95,недоверие,https://www.dnes.bg/a/1-bulgaria/717444-borisov-nito-edna-sotsiologiya-ne-sam-platil-a-drugite-plashtat
Колко десетилетия ходи по грсдове и села бе джитко бибитков да раздаваш пари на ръка?,Негативен,0.95,възмущение,https://www.dnes.bg/a/1-bulgaria/717444-borisov-nito-edna-sotsiologiya-ne-sam-platil-a-drugite-plashtat
"Не направихте и един път нормално. И една велоалея. Тези по времето на Фандъкова до последната са кофа жълта боя, сложена някъде си. Много повече се очакваше от вас, бидейки архитекти на бъдещето ни. *** сте, до последния, и за всяка кофа боя за велоалея сте присвоили по милион. И ще ги върнете тия пари.",Негативен,0.98,гняв,https://www.dnes.bg/a/1-bulgaria/717444-borisov-nito-edna-sotsiologiya-ne-sam-platil-a-drugite-plashtat
"Не си платил социологията, бащице. Но гласува цялата администрация за вас, заедно със семействата им. На фамилен принцип, както е при мафията.",Негативен,0.95,възмущение,https://www.dnes.bg/a/1-bulgaria/717444-borisov-nito-edna-sotsiologiya-ne-sam-platil-a-drugite-plashtat
Гузен негонен бяга!,Негативен,0.85,безпокойство,https://www.dnes.bg/a/1-bulgaria/717444-borisov-nito-edna-sotsiologiya-ne-sam-platil-a-drugite-plashtat
Шиши наби канчето на Тиквата и той даде заден. Винаги е бил зависим страхливец.,Негативен,0.98,презрение,https://www.dnes.bg/a/1-bulgaria/717444-borisov-nito-edna-sotsiologiya-ne-sam-platil-a-drugite-plashtat
"Мачкай Радев крадците и продажниците на България. На изборите най-малко с 40% , провицията ще разкаже играта на двете прасета.",Негативен,0.95,гняв,https://www.dnes.bg/a/1-bulgaria/717444-borisov-nito-edna-sotsiologiya-ne-sam-platil-a-drugite-plashtat
"Пеевски държи Борисов с видео ,на което Борисов лana дуgyka на Пеевски. Пеевски си поиска ""услугата"" за да не започне неговият човек Сарафов делото по случая Барселона (прокуратурата още не е превела на български испанският доклад). В средите на ГЕРБ знаят за видеото (който не вярва да пита и да проследи реакцията им). В ДПС доста хора са го гледали. В ГЕРБ са ужасени и предпочитат дело за корупция пред това видеото да излезе на яве (въпреки ,че е доста кратко - под минута е).",Негативен,0.95,възмущение,https://www.dnes.bg/a/1-bulgaria/717444-borisov-nito-edna-sotsiologiya-ne-sam-platil-a-drugite-plashtat
"Арестът на Бойко беше чудесна новина и можем само да съжаляваме, че т.нар. правосъдна система на България не намери смелост и доблест да го настани там, където му е мястото.",Негативен,0.9,разочарование,https://www.dnes.bg/a/1-bulgaria/717444-borisov-nito-edna-sotsiologiya-ne-sam-platil-a-drugite-plashtat
"Прокуратурата е толкова смотана, че не може да извади никакви състоятелни аргументи за пред съда. Но некадърниците в тази институция получават тлъсти заплати, само и само да служат като бухалки на Буци и Гуци",Негативен,1.0,гняв,https://www.dnes.bg/a/1-bulgaria/717444-borisov-nito-edna-sotsiologiya-ne-sam-platil-a-drugite-plashtat
"Кое е верно и Кое не? Борисов има ли имот зад границата ни? Има. Има ли дете? Има. Горанов взимал ли е ежемесечно пари от Божков? Взимал е. Арнаудова била ли е посредник между Горанов и Божков, била е. И кое не верно. ТОВА Е предизборна атака. Гледай те повторението по Нова телевизия и ще разберете, защо едни и същи са на първа линия в ""Социологията""? Кольо Колев каза, как се ""печелят"" избори. Който даде най много пари отива първи. Е, къде е истината? Избори ли?",Негативен,0.95,разочарование,https://www.dnes.bg/a/1-bulgaria/717444-borisov-nito-edna-sotsiologiya-ne-sam-platil-a-drugite-plashtat
"""Ало, Ваньо?""""Ти си го Избра"";Резерва на НЗОК;Хазартния бизнес на Божков;""Хемусгейт"";""Кюлчета и пачки"".......Бойчо струва МИЛИАРДИ на държавата....Саздов, аверчето на Бойчо; Саздов, създателят на тенис клуб ""Банкя""; Саздов, шефът на инициативния комитет, издигнал Бойчо за кмет на София;Саздов ПРЕКРАТИ ТИХОМЪЛКОМ широко РЕКЛАМИРАНОТО дело срещу Елена Йончева за 1 МЛН. лв.Йончева изнесе данни за ""Барселонагейт"" за ПРАНЕ на 3.7 МЛН. ЕВРО.ОТКАЗЪТ на Саздов ДА СЪДИ Й ...",Негативен,0.95,възмущение,https://www.dnes.bg/a/1-bulgaria/717444-borisov-nito-edna-sotsiologiya-ne-sam-platil-a-drugite-plashtat
Герберастките крадци осигуриха и правнуците си. Толкова милиарди откраднаха от ЕС.,Негативен,0.95,гняв,https://www.dnes.bg/a/1-bulgaria/717444-borisov-nito-edna-sotsiologiya-ne-sam-platil-a-drugite-plashtat
"Борисов е поне 3 стъпала по-ниско от Румен Радев по интелект, морал и политически ценности. От тук произтичат агресивните атаки на Борисов към всеки опонент, който го превъзхожда.Това агресивно популистко поведение е типично за представителите на ГЕРБ/ СДС, които са изнервени, че властта им се изплъзва и заедно с това завладяната държава.",Негативен,0.95,възмущение,https://www.dnes.bg/a/1-bulgaria/717444-borisov-nito-edna-sotsiologiya-ne-sam-platil-a-drugite-plashtat
"Тиквата беше тесняк едно време, но като всеки ром миришеше на пушек, дори след баня.",Негативен,0.95,презрение,https://www.dnes.bg/a/1-bulgaria/717444-borisov-nito-edna-sotsiologiya-ne-sam-platil-a-drugite-plashtat
"Всеки знае кои да крадците на милиарди и заради които България е бедна. Това са първи СДС начело с Иван Костов, а след това ГЕРБ начело с Бойко Борисов. И за да са още по-ясно нещата - накрая се обединиха и сега са ГЕРБ-СДС.",Негативен,0.95,гняв,https://www.dnes.bg/a/1-bulgaria/717444-borisov-nito-edna-sotsiologiya-ne-sam-platil-a-drugite-plashtat
"И на никой вече не му прави впечатление израза: ""а купиш социолигия"" /което е абсолютна глупост/, който беше наложен от неграмотния милиционер БОЙКО БОРИСОВ.",Негативен,0.95,гняв,https://www.dnes.bg/a/1-bulgaria/717444-borisov-nito-edna-sotsiologiya-ne-sam-platil-a-drugite-plashtat
"До: ПловдивНе си от Пловдив,а от село,нали?",Негативен,0.85,презрение,https://www.dnes.bg/a/1-bulgaria/717444-borisov-nito-edna-sotsiologiya-ne-sam-platil-a-drugite-plashtat
"За какво да ви е благодарен който и да било ! Какво сте направили което е трайно и не сте го поправяли ! Строите едни пътища преди избори който пътища поправяте веднага след избори ! Усвояване едни милиярди със магнитни престъпници , куче влачи рейс диря няма ! За 15 - 20 години на власт така сте се впили в държавния механизъм че благодарение на вас държавност в България няма ! Корупция на всякъде в България и със най голямата си наглост искате награда !",Негативен,0.98,гняв,https://www.dnes.bg/a/1-bulgaria/717444-borisov-nito-edna-sotsiologiya-ne-sam-platil-a-drugite-plashtat
"Е да видим резултатите от изборите,да не се окаже,че избирателите на Борисов са гласували за другия Генерал.Представям си физиономията на Бибитков",Негативен,0.85,ирония,https://www.dnes.bg/a/1-bulgaria/717444-borisov-nito-edna-sotsiologiya-ne-sam-platil-a-drugite-plashtat
"Каквито и да ги дрънкате за Борисов( а те са все едни и същи простотии) оставате си малки ,посредствени,незначителни",Негативен,0.95,гняв,https://www.dnes.bg/a/1-bulgaria/717444-borisov-nito-edna-sotsiologiya-ne-sam-platil-a-drugite-plashtat
"Само абсолютен наглец може да каже,че младите трябвало да се радват на Герб-синоним на корупция и мизерия.Същите тези,които ги изгониха,протестирайки на площадите,сега трябвало да се радват?1 500 000 бяха на площада,забрави ли ,бе,мутр0 ,корумпирана?",Негативен,0.98,гняв,https://www.dnes.bg/a/1-bulgaria/717444-borisov-nito-edna-sotsiologiya-ne-sam-platil-a-drugite-plashtat
Стотици милиарди откраднаха ГЕРБ и СДС. Дали не плащат на социолозите?!,Негативен,0.95,гняв,https://www.dnes.bg/a/1-bulgaria/717444-borisov-nito-edna-sotsiologiya-ne-sam-platil-a-drugite-plashtat
"Ха,ха, ха, плювачите пак започнаха да пипат и да дрънкат старите небивалици.Каквото и да правите не можете да стъпките на малкия пръст на Борисов.",Негативен,0.9,гняв,https://www.dnes.bg/a/1-bulgaria/717444-borisov-nito-edna-sotsiologiya-ne-sam-platil-a-drugite-plashtat
"ББ не плаща за социология.Той сипва в коритото,а т.нар. социолози наоколо щастливо грууххтят и повдигат дзурли за още.",Негативен,0.95,презрение,https://www.dnes.bg/a/1-bulgaria/717444-borisov-nito-edna-sotsiologiya-ne-sam-platil-a-drugite-plashtat
"Така си е. Е наивници се връзват на лъжите и опорките на престъпниците от подмяната.. тяхното МВР хващало уж купувачи на гласове, а подмяната си купуват наистина гласове и никой не ги пипа..",Негативен,0.95,гняв,https://www.dnes.bg/a/1-bulgaria/717444-borisov-nito-edna-sotsiologiya-ne-sam-platil-a-drugite-plashtat
Селянин от класа.,Негативен,0.85,презрение,https://www.dnes.bg/a/1-bulgaria/717444-borisov-nito-edna-sotsiologiya-ne-sam-platil-a-drugite-plashtat
"Знаем, че ГЕРБ и СДС винаги нагло лъжат.",Негативен,0.98,гняв,https://www.dnes.bg/a/1-bulgaria/717444-borisov-nito-edna-sotsiologiya-ne-sam-platil-a-drugite-plashtat
"Тиквата е в Будна Кома..........Халюцинира, Бълнува и Умира от Страх............Абе Мутра........",Негативен,0.98,гняв,https://www.dnes.bg/a/1-bulgaria/717444-borisov-nito-edna-sotsiologiya-ne-sam-platil-a-drugite-plashtat
Кой крадва толкоз години..кой е в схемите- още от фабриката за цигари в Крайморие.. И направи от цяла държава - селска ***..,Негативен,0.95,гняв,https://www.dnes.bg/a/1-bulgaria/717444-borisov-nito-edna-sotsiologiya-ne-sam-platil-a-drugite-plashtat
Той строи..той..дава...той прави..ТОЙ..ТОЙ..ТОЙ...ТОЙ...Без БАЦЕ - дори и слънцето не изгрява..,Негативен,0.85,насмешка,https://www.dnes.bg/a/1-bulgaria/717444-borisov-nito-edna-sotsiologiya-ne-sam-platil-a-drugite-plashtat
"Да лъже колкото си иска,всички знаят,че е лъжец,измамник и алчен,корумпиран индивид....Но ,само,са не се съблича пак по лански,защотоэе наистина отвратително и противно....Може и господарят му да реши да се съблече по бански или по гашти,а това ще е страшно...",Негативен,0.98,отвращение,https://www.dnes.bg/a/1-bulgaria/717444-borisov-nito-edna-sotsiologiya-ne-sam-platil-a-drugite-plashtat
Кога ли ще гледа кат Бай Тошо на 10 ноември...,Негативен,0.85,ирония,https://www.dnes.bg/a/1-bulgaria/717444-borisov-nito-edna-sotsiologiya-ne-sam-platil-a-drugite-plashtat
Лакърдиите на Чекмеджан втръснаха отдавна..,Негативен,0.95,досада,https://www.dnes.bg/a/1-bulgaria/717444-borisov-nito-edna-sotsiologiya-ne-sam-platil-a-drugite-plashtat
Е как да плати чорбаджията ....кат е свикнал само да взема ..,Негативен,0.95,възмущение,https://www.dnes.bg/a/1-bulgaria/717444-borisov-nito-edna-sotsiologiya-ne-sam-platil-a-drugite-plashtat
"Трябва обикаляте България издокарана,костюмиран като Радев.Вижте го него колко е наперено,официален като за парад Ха,ха,ха, голям майтап е с това парвеню",Негативен,0.9,насмешка,https://www.dnes.bg/a/1-bulgaria/717444-borisov-nito-edna-sotsiologiya-ne-sam-platil-a-drugite-plashtat
"Номер 11-ет, ако съдя по твоя личен капацитет,то веднага виждам един субект,който е на герберската ясла и му се иска да остане там.Борисов преди гадини казваше:""Ако партията която оглавявам загуби избори,на другия ден си тръгвам за Банкя"" На 19.04.26-година,около 21 часА,той ще види голямото си сгромолясване,нещо което ще го смъкне на земята и ще отрезвее завинаги.",Негативен,0.95,гняв,https://www.dnes.bg/a/1-bulgaria/717444-borisov-nito-edna-sotsiologiya-ne-sam-platil-a-drugite-plashtat
"Е затова г- н Борисов ви мразят,защото имате принципи от които не отстъпвате.Всичко останало е виж и колчо да те лажем",Позитивен,0.85,уважение,https://www.dnes.bg/a/1-bulgaria/717444-borisov-nito-edna-sotsiologiya-ne-sam-platil-a-drugite-plashtat
"За да има Радев мандат, трябва да бие поне двойно-тройно, няколко процента разлика не му дават нищо. ГЕРБ 2009 би 40 на 15, Царя 2001 би също толкова, така че левичарчета НЕ се надявайте, НЯМА да я бъде!",Негативен,0.95,гняв,https://www.dnes.bg/a/1-bulgaria/717444-borisov-nito-edna-sotsiologiya-ne-sam-platil-a-drugite-plashtat
"*** вие действително ли мислите, че левите на Радев и ПП ДБ ще управляват???? Нещо с мозъка???",Негативен,0.95,раздразнение,https://www.dnes.bg/a/1-bulgaria/717444-borisov-nito-edna-sotsiologiya-ne-sam-platil-a-drugite-plashtat
Да ви е социологията. ПЛАТЕНИ ***.,Негативен,0.95,гняв,https://www.dnes.bg/a/1-bulgaria/717444-borisov-nito-edna-sotsiologiya-ne-sam-platil-a-drugite-plashtat
"ГЕРБ води с МНОГО. И в САЩ даваха Камала Харис да води с 10 процента, пък то Тръмп би с 5. Хората ви разбраха какви сте, не казват за кого ще гласуват, огромна част просто не отговарят или отпращат социолозите, тъй като в момента са под голямо напрежение, и това са ВСЕ хора на ГЕРБ. Тъй че очаквайте голяма изненада.",Негативен,0.9,възмущение,https://www.dnes.bg/a/1-bulgaria/717444-borisov-nito-edna-sotsiologiya-ne-sam-platil-a-drugite-plashtat
"Знаем, знаем, не сме вчерашни.",Неутрален,0.8,скептицизъм,https://www.dnes.bg/a/1-bulgaria/717444-borisov-nito-edna-sotsiologiya-ne-sam-platil-a-drugite-plashtat
"Съдейки по капацитета на залите, Борисов трябва да бие Радев 3 към 2. По-точна социалогия няма.",Неутрален,0.85,ирония,https://www.dnes.bg/a/1-bulgaria/717444-borisov-nito-edna-sotsiologiya-ne-sam-platil-a-drugite-plashtat
"До: анонименАааа,питайте Киро-5 тунела,Дунав мост,завод за коли.....Те много обещаха !",Негативен,0.95,разочарование,https://www.dnes.bg/a/1-bulgaria/717444-borisov-nito-edna-sotsiologiya-ne-sam-platil-a-drugite-plashtat
Прав е!,Позитивен,0.9,одобрение,https://www.dnes.bg/a/1-bulgaria/717444-borisov-nito-edna-sotsiologiya-ne-sam-platil-a-drugite-plashtat
"До: цгфуйблшш-Има магистрали,рушат се,А какво направиха Продажниците,за да казваме че се руши!??",Негативен,0.95,гняв,https://www.dnes.bg/a/1-bulgaria/717444-borisov-nito-edna-sotsiologiya-ne-sam-platil-a-drugite-plashtat
"Го закъса за еликторат та даже обикаля из маалите такова видео видях в тубата.Аз помня как казваше на ПП-ДБ,че се е съгласил с тях да се дава оръжие на Украйна,за да има сглобка и правителство.Що сега не излезе и смело да каже аз ви нагласих в клуба на багатите.Нещо не смее а?",Негативен,0.9,гняв,https://www.dnes.bg/a/1-bulgaria/717444-borisov-nito-edna-sotsiologiya-ne-sam-platil-a-drugite-plashtat
До: Cec-Е не е като Петроханската Партия да се гаври с деца! А младите ни имат мноого да учат полезни и положителни неща от ББ!!!,Негативен,0.85,сарказъм,https://www.dnes.bg/a/1-bulgaria/717444-borisov-nito-edna-sotsiologiya-ne-sam-platil-a-drugite-plashtat
"да бе ,ти си светия . колко окраде с тезмагистралки дет се рушат за година две",Негативен,0.95,гняв,https://www.dnes.bg/a/1-bulgaria/717444-borisov-nito-edna-sotsiologiya-ne-sam-platil-a-drugite-plashtat
От теб ли да са благодарни бе я недей закача децата само с тях не се заигравай,Негативен,0.95,гняв,https://www.dnes.bg/a/1-bulgaria/717444-borisov-nito-edna-sotsiologiya-ne-sam-platil-a-drugite-plashtat
"Така си е,Бойко! ППейците не могат място да си намерят след като се оплетоха в собствени лъжи!",Негативен,0.95,злорадство,https://www.dnes.bg/a/1-bulgaria/717444-borisov-nito-edna-sotsiologiya-ne-sam-platil-a-drugite-plashtat
ТИ ЛИ БЕ?,Негативен,0.85,гняв,https://www.dnes.bg/a/1-bulgaria/717444-borisov-nito-edna-sotsiologiya-ne-sam-platil-a-drugite-plashtat
продавам *** евтино а журналист е като ефтинапроститутка само дето по гнусен,Негативен,0.95,отвращение,https://www.dnes.bg/a/1-bulgaria/717444-borisov-nito-edna-sotsiologiya-ne-sam-platil-a-drugite-plashtat
Тик Ток Так,Неутрален,0.9,спокойствие,https://www.dnes.bg/a/604-izbori-2026/717443-tiktok-zakri-34-falshivi-akaunta-agitirali-za-peevski
"на петроханските лами , дали ще свалят акаунти , за един приятел питам",Неутрален,0.85,ирония,https://www.dnes.bg/a/604-izbori-2026/717443-tiktok-zakri-34-falshivi-akaunta-agitirali-za-peevski
и като как си представяте че радев има 90 000 000 гледания ? щото и тик току се чуди,Негативен,0.85,скептицизъм,https://www.dnes.bg/a/604-izbori-2026/717443-tiktok-zakri-34-falshivi-akaunta-agitirali-za-peevski
Сега и на рублен ако му спрат бот фермата цена няма да имат. 90% от трафика му е фейк. Като него.,Негативен,0.95,гняв,https://www.dnes.bg/a/604-izbori-2026/717443-tiktok-zakri-34-falshivi-akaunta-agitirali-za-peevski
"Аналогично ще се действа и в агитирането за партията на Радев, агенциите му дават над 30% прогнозни резултати, представете си колко фалшиви акаунта са създадени за тази цел...Руските хакери са задействани, а ЕС ще следи за пропаганда и манипулации в социалните мрежи, което вместо да зарадва Радев, го вбеси. Сам се издаде , и то още преди да е дошъл на власт, за какво и за кого се бори!",Негативен,0.95,възмущение,https://www.dnes.bg/a/604-izbori-2026/717443-tiktok-zakri-34-falshivi-akaunta-agitirali-za-peevski
"Чакай да схвана, тоест КИТАЙ твърди, че Пеевски мрами. К-и-т-а-й. Ко-мунистите.",Негативен,0.9,сарказъм,https://www.dnes.bg/a/604-izbori-2026/717443-tiktok-zakri-34-falshivi-akaunta-agitirali-za-peevski
"Dneska bege много смели, щом пишат така, срещу пеевски. Дано нямат деца меца родители мродители да се грижът че ....",Негативен,0.9,заплаха,https://www.dnes.bg/a/604-izbori-2026/717443-tiktok-zakri-34-falshivi-akaunta-agitirali-za-peevski
"А фалшивите акаунти на петрохаските педофили, елфи, акф и мирчев кога?",Негативен,0.95,гняв,https://www.dnes.bg/a/604-izbori-2026/717443-tiktok-zakri-34-falshivi-akaunta-agitirali-za-peevski
"Всичко му е такова на Говновоза. Лъжи, измами,кражби, далавери и заплахи, най-много обича заплахите. Добре че американците го приключиха,ама май не са му казали и то затова вири нос. Къде ще е почивните дни,в САЩ или Великобритания? Или ще ги гледа само на картинка?",Негативен,0.98,гняв,https://www.dnes.bg/a/604-izbori-2026/717443-tiktok-zakri-34-falshivi-akaunta-agitirali-za-peevski
"Оскар за роля ""купувач на гласове"", трябва да получат ""заловените"" от полицията на алкохолика и поклонник на спорни прокурорки, на яхти и узо Дечев, и другият тройкаджия, секретарят на МВР. Всичко е постановка, фалшификации и подметнати пари.",Негативен,0.95,гняв,https://www.dnes.bg/a/1-bulgaria/717442-emil-dechev-kmetove-se-opitvat-da-vazdeystvat-varhu-izborniya-protses
"Кметовете с малки изключения са кадри на ГЕРБ, същото важи и за прокурорите, МВР, следствието. Само напоследък ГЕРБ, разбирай ББ, вкара двама съдии от ГЕРБ и в КС, така че служебният министър на МВР има основания да прави забележки и да се ядосва. А ББ по същото време оповестява Аз социология не съм учил От 2009 г. ГЕРБ , т.е. ББ, е управлявал 3 мандата - до 2020 г. и от 2023 досега още три пъти и през цялото това време е въвеждал свои хора навсякъде в държавната и общинска администрация.",Негативен,0.95,недоволство,https://www.dnes.bg/a/1-bulgaria/717442-emil-dechev-kmetove-se-opitvat-da-vazdeystvat-varhu-izborniya-protses
;)))) mvr proizvejda falshivi dokumenti i posle gi hvasta...maliii goliam vic,Негативен,0.9,ирония,https://www.dnes.bg/a/1-bulgaria/717442-emil-dechev-kmetove-se-opitvat-da-vazdeystvat-varhu-izborniya-protses
"В ход е хулиганството на алкохолика и любител на яхти, спящият по пейки пиян, Дечев, също и на неговия копой с когото в училище едва са закърпвали среден 3.",Негативен,0.95,гняв,https://www.dnes.bg/a/1-bulgaria/717442-emil-dechev-kmetove-se-opitvat-da-vazdeystvat-varhu-izborniya-protses
Отлично г-н Дечев добра работа ! Статистики не следя гледам реакции !,Позитивен,0.95,одобрение,https://www.dnes.bg/a/1-bulgaria/717442-emil-dechev-kmetove-se-opitvat-da-vazdeystvat-varhu-izborniya-protses
"Тези петроханци насрочили Прайда на 13 юни, кагато Гойко Митич и Бойко Борисов имат раожден ден, както и Мина Тодорова (любимата на Яворов)",Неутрален,0.85,спокойствие,https://www.dnes.bg/a/1-bulgaria/717442-emil-dechev-kmetove-se-opitvat-da-vazdeystvat-varhu-izborniya-protses
"Пелтечев, от узото ти се е размътила главата, а погледа ти е разтроен, така че ти се привижда, баби.",Негативен,0.85,насмешка,https://www.dnes.bg/a/1-bulgaria/717442-emil-dechev-kmetove-se-opitvat-da-vazdeystvat-varhu-izborniya-protses
"Внимавай, че сме уведомили Тръмп.",Негативен,0.85,враждебност,https://www.dnes.bg/a/1-bulgaria/717442-emil-dechev-kmetove-se-opitvat-da-vazdeystvat-varhu-izborniya-protses
"Ухаа, кво квиченье пада...... квииииик, квиииик.... кеф...",Позитивен,0.9,злорадство,https://www.dnes.bg/a/1-bulgaria/717442-emil-dechev-kmetove-se-opitvat-da-vazdeystvat-varhu-izborniya-protses
"И КОЙ е лидера по купуване на гласове? Борисеевски ли? Навсякъде ЛЕВИТЕ купуват гласове, бе, тоест ВИЕ, наследниците на Държавна сигурност.",Негативен,0.95,гняв,https://www.dnes.bg/a/1-bulgaria/717442-emil-dechev-kmetove-se-opitvat-da-vazdeystvat-varhu-izborniya-protses
"Ако ППДБ е в управлението ще има Прайд всяка година.Ако тиквата и прасйето са в управлението Прайд няма да има така,че гласувайте хора за ППДБ!",Позитивен,0.8,ентусиазъм,https://www.dnes.bg/a/1-bulgaria/717442-emil-dechev-kmetove-se-opitvat-da-vazdeystvat-varhu-izborniya-protses
"Вашите кметове, пиянде пепейско?",Негативен,0.95,гняв,https://www.dnes.bg/a/1-bulgaria/717442-emil-dechev-kmetove-se-opitvat-da-vazdeystvat-varhu-izborniya-protses
Ако Чекмеджан и Дебелян останат под 80 дупетата - ще стане интересно. Ама с толкоз пара - доста трудно...А дано - ама надали..Само МАСОВО гласуване ги спира тия...,Негативен,0.9,разочарование,https://www.dnes.bg/a/1-bulgaria/717442-emil-dechev-kmetove-se-opitvat-da-vazdeystvat-varhu-izborniya-protses
"Дечев да си каже с ръка на сърцето АКО В ПЛИКОВЕТЕ ИМА ЕДНО ЛИСТЧЕ,НАКОЕТО Е ИЗПИСАНО ""ПП"" КАКВО ЩЕ НАПРАВИ! Ако изобщо има такива пликове,обаче! Смятам,че това е поредната лъжа на Шарлатаните!",Негативен,0.95,гняв,https://www.dnes.bg/a/1-bulgaria/717442-emil-dechev-kmetove-se-opitvat-da-vazdeystvat-varhu-izborniya-protses
Представят ли си кмет на НН или ГРОБ да си седи мирно и да не организира купуване на гласове ?,Негативен,0.95,възмущение,https://www.dnes.bg/a/1-bulgaria/717442-emil-dechev-kmetove-se-opitvat-da-vazdeystvat-varhu-izborniya-protses
"Ние всички членове на ЛГБТ обществото отново ще подкрепим ППДБ и на тези избори,защото те подкрепят еднополовите бракове.",Позитивен,0.95,надежда,https://www.dnes.bg/a/1-bulgaria/717442-emil-dechev-kmetove-se-opitvat-da-vazdeystvat-varhu-izborniya-protses
Ако Чекмеджан и Дебелян останат под 80 дупетата - ще стане интереснооАм с толкоз пара - доста трудно...А дано- ам надали..Само МАСОВО гласуване ги спира тия...При ексРезидента Крадеф играят гоуеми кинти и манипулации,Негативен,0.95,разочарование,https://www.dnes.bg/a/1-bulgaria/717442-emil-dechev-kmetove-se-opitvat-da-vazdeystvat-varhu-izborniya-protses
Яхтичката с Теди,Позитивен,0.75,радост,https://www.dnes.bg/a/1-bulgaria/717442-emil-dechev-kmetove-se-opitvat-da-vazdeystvat-varhu-izborniya-protses
"Този от небето ли пада. Лойко и Шиши за това са ги поставили там, ако не гласуваш правилно няма да си в списъка за дърва, няма социален патронаж ...",Негативен,0.95,гняв,https://www.dnes.bg/a/1-bulgaria/717442-emil-dechev-kmetove-se-opitvat-da-vazdeystvat-varhu-izborniya-protses
"Дебелян им е поставил норматив. Ако не го изпълнят, вече не са кметове. Те се занимават с този спорт отдавна, но чак сега някой дръзна да ги подгони.",Негативен,0.9,възмущение,https://www.dnes.bg/a/1-bulgaria/717442-emil-dechev-kmetove-se-opitvat-da-vazdeystvat-varhu-izborniya-protses
"Всеки нормален човек над 10-годишна възраст знае кой купува гласове. И това не са нито ПП-ДБ, нито Радев. Това са Борисов и ортакът му в краденето Пеевски.",Негативен,0.95,възмущение,https://www.dnes.bg/a/1-bulgaria/717442-emil-dechev-kmetove-se-opitvat-da-vazdeystvat-varhu-izborniya-protses
"Емил Дечев да не си мисли, че хората не обсъждат помежду си изборите. Говорим, спорим и после стигаме до консенсус и решаваме наше село за кой ще гласува. Дечев ще ни каже какво да правим. Ай, сектир!",Негативен,0.95,раздразнение,https://www.dnes.bg/a/1-bulgaria/717442-emil-dechev-kmetove-se-opitvat-da-vazdeystvat-varhu-izborniya-protses
Я как можело да работи МВР когато има свестни хора начело,Позитивен,0.9,одобрение,https://www.dnes.bg/a/1-bulgaria/717442-emil-dechev-kmetove-se-opitvat-da-vazdeystvat-varhu-izborniya-protses
Лидерите при купуването са двама - Тиквата и Сви ня та,Негативен,0.95,гняв,https://www.dnes.bg/a/1-bulgaria/717442-emil-dechev-kmetove-se-opitvat-da-vazdeystvat-varhu-izborniya-protses
"Да кметовете на София, Варна и Благоев град масово купуват роомите. Трябва да се сменят.",Негативен,0.95,възмущение,https://www.dnes.bg/a/1-bulgaria/717442-emil-dechev-kmetove-se-opitvat-da-vazdeystvat-varhu-izborniya-protses
Премиерът Гюров трябва незабавно да смени всички кметове! Както направи с областите управители!,Негативен,0.85,гняв,https://www.dnes.bg/a/1-bulgaria/717442-emil-dechev-kmetove-se-opitvat-da-vazdeystvat-varhu-izborniya-protses
"Поредната маниполация на ЕМо узото. Ако умник Гюро обяви война, главнокомандващата Йотова последна ще научи. Шарлатанчета от Петроханската сеекта.",Негативен,0.95,гняв,https://www.dnes.bg/a/1-bulgaria/717442-emil-dechev-kmetove-se-opitvat-da-vazdeystvat-varhu-izborniya-protses
В Бургас например ППДБ са един файтон хора с файтонджия Дървото.Крепост на ГЕРБ!,Негативен,0.9,насмешка,https://www.dnes.bg/a/1-bulgaria/717442-emil-dechev-kmetove-se-opitvat-da-vazdeystvat-varhu-izborniya-protses
"Кажи имената и населените места ,защото иначе е само внушения",Негативен,0.8,недоверие,https://www.dnes.bg/a/1-bulgaria/717442-emil-dechev-kmetove-se-opitvat-da-vazdeystvat-varhu-izborniya-protses
"АМИ СЕГА АРЕСТУВАЙТЕ И ВСИЧКИ КМЕТОВЕ НА БЪЛГАРИЯ, ЗА ДА Е ЗА ДОВОЛЕН РЕШЕТНИКОВ..... КАКВО ПАДЕНИЕ И КАТАСТРОФА НА ПППУТИНСКИТЕ ПАРТИИ....",Негативен,0.95,гняв,https://www.dnes.bg/a/1-bulgaria/717442-emil-dechev-kmetove-se-opitvat-da-vazdeystvat-varhu-izborniya-protses
"До: жжт Припомни ми ЕДНО законно нещо да сте направили, жълтопаважни едноклетъчни неможачи.",Негативен,0.98,гняв,https://www.dnes.bg/a/1-bulgaria/717442-emil-dechev-kmetove-se-opitvat-da-vazdeystvat-varhu-izborniya-protses
"Кметовете са политически лица - избират се на избори, а не се назначават като вас. А вие, служебните и уж равноотдалечените от партии, не се опитвате, а направо си купувате изборите. Факт!",Негативен,0.95,гняв,https://www.dnes.bg/a/1-bulgaria/717442-emil-dechev-kmetove-se-opitvat-da-vazdeystvat-varhu-izborniya-protses
"А, областните управители, които Вие назначихте?",Негативен,0.75,скептицизъм,https://www.dnes.bg/a/1-bulgaria/717442-emil-dechev-kmetove-se-opitvat-da-vazdeystvat-varhu-izborniya-protses
"Ало Дечев , ясно си личи с колко си завършил , та да не знаеш че съдът определя дали даден човек е купувал гласове или не! Но фактите говорят неумолимо , колкото и да се хвалиш с увеличените проценти , няма нито едно решение на съда , което да потвърждава думите ти! А стана ясно че НПО на Сорос , в частност ПП/ДБ, ССБ , АКФ и ред други установяват цялата власт в страната , стс свое МВР и свои началник служби! Така честни избори не се правят от нелегитимен кабинет , преследващ само политическите",Негативен,0.95,гняв,https://www.dnes.bg/a/1-bulgaria/717442-emil-dechev-kmetove-se-opitvat-da-vazdeystvat-varhu-izborniya-protses
"Наздраве министър Узо! Вашето МВР, още 9 дни! Шарлатани гнили!",Негативен,0.95,гняв,https://www.dnes.bg/a/1-bulgaria/717442-emil-dechev-kmetove-se-opitvat-da-vazdeystvat-varhu-izborniya-protses
"ППДБ: Най ни е кеф с наше МВР, че да си правим ала-бала. После сглобка с Радев. Нашите избиратели ПАК ще ни простят",Негативен,0.95,презрение,https://www.dnes.bg/a/1-bulgaria/717442-emil-dechev-kmetove-se-opitvat-da-vazdeystvat-varhu-izborniya-protses
"МИЛИЦИОНЕРА, ЗАЩО НЕ КАЗВАШ ЧЕ РЕШЕТНИКОВ ВЛИЯЕ НА ИЗБОРИТЕ, МНОГО ПОВЕЧЕ ОТ НЕКАКЪВ КМЕТ НА СЕЛО С 5 ЖИТЕЛИ",Негативен,0.95,възмущение,https://www.dnes.bg/a/1-bulgaria/717442-emil-dechev-kmetove-se-opitvat-da-vazdeystvat-varhu-izborniya-protses
кметовете от герб ли са,Неутрален,0.95,любопитство,https://www.dnes.bg/a/1-bulgaria/717442-emil-dechev-kmetove-se-opitvat-da-vazdeystvat-varhu-izborniya-protses
хамаляха грух грух,Негативен,0.85,презрение,https://www.dnes.bg/a/1-bulgaria/717441-dps-sezira-evropeyski-institutsii-i-kongresa-na-sasht-za-gruba-namesa-na-mvr-v-izborniya-protses
Почти парадоксално е престъпник санкциониран по закона Магнитски да сезира Конгреса на САЩ и да иска помощ от скъпите ни американски приятели ! Като в поговорката .,Негативен,0.95,възмущение,https://www.dnes.bg/a/1-bulgaria/717441-dps-sezira-evropeyski-institutsii-i-kongresa-na-sasht-za-gruba-namesa-na-mvr-v-izborniya-protses
Защо трябва да бъде информиран конгресът на САЩ и то от човек в списъка Магнитски?,Негативен,0.9,възмущение,https://www.dnes.bg/a/1-bulgaria/717441-dps-sezira-evropeyski-institutsii-i-kongresa-na-sasht-za-gruba-namesa-na-mvr-v-izborniya-protses
"Явно са здраво са ударени мутрите дпс,щом квичът толкова.",Негативен,0.95,гняв,https://www.dnes.bg/a/1-bulgaria/717441-dps-sezira-evropeyski-institutsii-i-kongresa-na-sasht-za-gruba-namesa-na-mvr-v-izborniya-protses
Крадеца вика дръжте крадеца.,Негативен,0.85,възмущение,https://www.dnes.bg/a/1-bulgaria/717441-dps-sezira-evropeyski-institutsii-i-kongresa-na-sasht-za-gruba-namesa-na-mvr-v-izborniya-protses
Абе Свинекомплекс Родопа няма ли да сезират.,Негативен,0.85,раздразнение,https://www.dnes.bg/a/1-bulgaria/717441-dps-sezira-evropeyski-institutsii-i-kongresa-na-sasht-za-gruba-namesa-na-mvr-v-izborniya-protses
Колко трябва да си нагъл за да предприемеш това!,Негативен,0.95,възмущение,https://www.dnes.bg/a/1-bulgaria/717441-dps-sezira-evropeyski-institutsii-i-kongresa-na-sasht-za-gruba-namesa-na-mvr-v-izborniya-protses
"До: анонимен 29 По принцип бих се съгласил с теб, но само ако беше споменал и напъните на ППДБ по всички възможни линии по света и у нас. Така ще бъде честно, нали?",Негативен,0.85,раздразнение,https://www.dnes.bg/a/1-bulgaria/717441-dps-sezira-evropeyski-institutsii-i-kongresa-na-sasht-za-gruba-namesa-na-mvr-v-izborniya-protses
Няма такива нагляри като ДПС,Негативен,0.98,гняв,https://www.dnes.bg/a/1-bulgaria/717441-dps-sezira-evropeyski-institutsii-i-kongresa-na-sasht-za-gruba-namesa-na-mvr-v-izborniya-protses
"Не конгреса а Магнитски,да сезира шиши.",Негативен,0.9,гняв,https://www.dnes.bg/a/1-bulgaria/717441-dps-sezira-evropeyski-institutsii-i-kongresa-na-sasht-za-gruba-namesa-na-mvr-v-izborniya-protses
"Това не е сериозно .Поставят държавата България в много неловко положение пред света . В крайан сметка , ако сме общество изобщо не трябва думичка да има за купуване на избори , а министъра е редно да говори с имена .Трябва цялото общество да знае виновниците , да бъдат заклеймени и ако трябва да не се допускат до избори . Няма нужда целия свят да се занимава кирливите ризи на някой местен бабаит",Негативен,0.95,възмущение,https://www.dnes.bg/a/1-bulgaria/717441-dps-sezira-evropeyski-institutsii-i-kongresa-na-sasht-za-gruba-namesa-na-mvr-v-izborniya-protses
"Какво общо има Конгреса на САЩ с нашите ***!? Дебелян *** защото му хващат купувачите на гласове и му развалят рахатлъка и бройката в НС, която си е заплюл. Пък и кинтите му прибират, та е много на минус.",Негативен,0.95,гняв,https://www.dnes.bg/a/1-bulgaria/717441-dps-sezira-evropeyski-institutsii-i-kongresa-na-sasht-za-gruba-namesa-na-mvr-v-izborniya-protses
"Самнкционирания от САЩ се оплаква на САЩ . Той банкова сметка няма право да ползва съобразно санкциите , тръгнал да се навира . Хич няма хабер ,че го приключиха ,ама не знам дали му казаха .",Негативен,0.95,злорадство,https://www.dnes.bg/a/1-bulgaria/717441-dps-sezira-evropeyski-institutsii-i-kongresa-na-sasht-za-gruba-namesa-na-mvr-v-izborniya-protses
Мачкайте МВР. Нормалните хора са с вас,Негативен,0.9,гняв,https://www.dnes.bg/a/1-bulgaria/717441-dps-sezira-evropeyski-institutsii-i-kongresa-na-sasht-za-gruba-namesa-na-mvr-v-izborniya-protses
"Воят на намагнитената говновозка ***,е симфония за сетивата на аудиторията. Префугажда си краят и ***.",Негативен,0.9,отвращение,https://www.dnes.bg/a/1-bulgaria/717441-dps-sezira-evropeyski-institutsii-i-kongresa-na-sasht-za-gruba-namesa-na-mvr-v-izborniya-protses
Той Радев като беше при Карбовски каза : Пеевски беше до тук .Приключи . Това му бяха думите .,Неутрален,0.85,спокойствие,https://www.dnes.bg/a/1-bulgaria/717441-dps-sezira-evropeyski-institutsii-i-kongresa-na-sasht-za-gruba-namesa-na-mvr-v-izborniya-protses
Приемат се сигнали на POP_ Armenia. com,Неутрален,0.95,спокойствие,https://www.dnes.bg/a/1-bulgaria/717441-dps-sezira-evropeyski-institutsii-i-kongresa-na-sasht-za-gruba-namesa-na-mvr-v-izborniya-protses
"Прасчо усети,че му точат ножа и почна да ***. Трябваше по-рано за Коледа да го заколим,че направи много мръсотии.",Негативен,0.95,гняв,https://www.dnes.bg/a/1-bulgaria/717441-dps-sezira-evropeyski-institutsii-i-kongresa-na-sasht-za-gruba-namesa-na-mvr-v-izborniya-protses
"пеевски се жалва пред целия свят, че не може да пазарува гласове ли?...",Негативен,0.95,възмущение,https://www.dnes.bg/a/1-bulgaria/717441-dps-sezira-evropeyski-institutsii-i-kongresa-na-sasht-za-gruba-namesa-na-mvr-v-izborniya-protses
"Ха ха ха господин ""магнитски"" се оплаквал от МВР и то на кой? На тези които го намагнитизираха за корупция. То цялата му тъй наречена партия,е една криминална структура. А 200 000 евро за купуване на гласове оплакал ли се е,че са му ги конфискували?",Негативен,0.95,възмущение,https://www.dnes.bg/a/1-bulgaria/717441-dps-sezira-evropeyski-institutsii-i-kongresa-na-sasht-za-gruba-namesa-na-mvr-v-izborniya-protses
"До: *** Този изтъркан от месеци уж лаф, с който се гордеете, а всъщност е едно голяма нищо, показва единствено тоталната ви ментална недостатъчност. Факт.",Негативен,0.98,гняв,https://www.dnes.bg/a/1-bulgaria/717441-dps-sezira-evropeyski-institutsii-i-kongresa-na-sasht-za-gruba-namesa-na-mvr-v-izborniya-protses
И да си купят криви макарони!,Негативен,0.9,злорадство,https://www.dnes.bg/a/1-bulgaria/717441-dps-sezira-evropeyski-institutsii-i-kongresa-na-sasht-za-gruba-namesa-na-mvr-v-izborniya-protses
"Моля,другарко,не ми дават да купувам изборите",Негативен,0.9,ирония,https://www.dnes.bg/a/1-bulgaria/717441-dps-sezira-evropeyski-institutsii-i-kongresa-na-sasht-za-gruba-namesa-na-mvr-v-izborniya-protses
"Да сезират още папата, вселенският патриарх, мюфтията на Мека, арменският поп и далай-лама. Без тяхното съдействие няма да стане!",Негативен,0.9,насмешка,https://www.dnes.bg/a/1-bulgaria/717441-dps-sezira-evropeyski-institutsii-i-kongresa-na-sasht-za-gruba-namesa-na-mvr-v-izborniya-protses
Е АНТИБЪЛГАРСКА ПАРТИЯ,Негативен,0.95,гняв,https://www.dnes.bg/a/1-bulgaria/717372-sova-haris-pri-izbori-dnes-335-podkrepyat-radev-19-gerb-pp-db-112
Що бе ? Страхуват ли ви ?,Негативен,0.8,провокация,https://www.dnes.bg/a/1-bulgaria/717441-dps-sezira-evropeyski-institutsii-i-kongresa-na-sasht-za-gruba-namesa-na-mvr-v-izborniya-protses
Щом прасето квииичи значи всичко е наред- идва му реда на пангара.,Негативен,0.85,злорадство,https://www.dnes.bg/a/1-bulgaria/717441-dps-sezira-evropeyski-institutsii-i-kongresa-na-sasht-za-gruba-namesa-na-mvr-v-izborniya-protses
кажи за кои да гласуваме и се мотивираи,Неутрален,0.9,любопитство,https://www.dnes.bg/a/1-bulgaria/717441-dps-sezira-evropeyski-institutsii-i-kongresa-na-sasht-za-gruba-namesa-na-mvr-v-izborniya-protses
Щом прасето *** значи всичко е наред- идва му реда на пангара.,Неутрален,0.8,задоволство,https://www.dnes.bg/a/1-bulgaria/717441-dps-sezira-evropeyski-institutsii-i-kongresa-na-sasht-za-gruba-namesa-na-mvr-v-izborniya-protses
При висока избирателна активност Тиквата и Пра се то умират. Затова всички излезте и гласувайте на 19-ти.,Негативен,0.9,гняв,https://www.dnes.bg/a/1-bulgaria/717441-dps-sezira-evropeyski-institutsii-i-kongresa-na-sasht-za-gruba-namesa-na-mvr-v-izborniya-protses
няма да те извадят от списъка магнитски не се обаждаи повече и се скрии някъдети си позор за българия,Негативен,0.98,гняв,https://www.dnes.bg/a/1-bulgaria/717441-dps-sezira-evropeyski-institutsii-i-kongresa-na-sasht-za-gruba-namesa-na-mvr-v-izborniya-protses
"...така се правят избори с ""наше МВР ""! Педроханци надминава по наглост и бруталност , даже и комунистите ! Изпълняват поръчка , затова и ги натресоха във властта!",Негативен,0.95,гняв,https://www.dnes.bg/a/1-bulgaria/717441-dps-sezira-evropeyski-institutsii-i-kongresa-na-sasht-za-gruba-namesa-na-mvr-v-izborniya-protses
Говори Пиг Брадър! Обявяваме пълна победа за прасетата над хората! Прасета Победа! Това е Новият Световен Свински Ред! Грух Хайл Тортелини!,Позитивен,0.9,триумф,https://www.dnes.bg/a/1-bulgaria/717441-dps-sezira-evropeyski-institutsii-i-kongresa-na-sasht-za-gruba-namesa-na-mvr-v-izborniya-protses
"Не знаех, че изборите у нас са в правомощията на американския конгрес.",Негативен,0.9,възмущение,https://www.dnes.bg/a/1-bulgaria/717441-dps-sezira-evropeyski-institutsii-i-kongresa-na-sasht-za-gruba-namesa-na-mvr-v-izborniya-protses
"Дебелия, ако вземе по-малко от 10% ще бъде ликвидиран намомента.",Негативен,0.95,гняв,https://www.dnes.bg/a/1-bulgaria/717441-dps-sezira-evropeyski-institutsii-i-kongresa-na-sasht-za-gruba-namesa-na-mvr-v-izborniya-protses
"Брех и на ерменския поп да се обадят и на Ким Чен, крадеца вика хванете крадеца..",Негативен,0.9,възмущение,https://www.dnes.bg/a/1-bulgaria/717441-dps-sezira-evropeyski-institutsii-i-kongresa-na-sasht-za-gruba-namesa-na-mvr-v-izborniya-protses
ДПС Е АНТИКОНСТИТУЦИОННА ПАРТИЯ,Негативен,0.95,възмущение,https://www.dnes.bg/a/1-bulgaria/717441-dps-sezira-evropeyski-institutsii-i-kongresa-na-sasht-za-gruba-namesa-na-mvr-v-izborniya-protses
Хелзинкски комплекс.,Неутрален,0.9,спокойствие,https://www.dnes.bg/a/1-bulgaria/717441-dps-sezira-evropeyski-institutsii-i-kongresa-na-sasht-za-gruba-namesa-na-mvr-v-izborniya-protses
"А, арменският поп сезирахте ли?",Негативен,0.85,ирония,https://www.dnes.bg/a/1-bulgaria/717441-dps-sezira-evropeyski-institutsii-i-kongresa-na-sasht-za-gruba-namesa-na-mvr-v-izborniya-protses
Да живее Боташ! Сега малко ала-бала с машините и взимам властта!,Негативен,0.85,ирония,https://www.dnes.bg/a/1-bulgaria/717372-sova-haris-pri-izbori-dnes-335-podkrepyat-radev-19-gerb-pp-db-112
"За съжаление Румен Радев вече е ""хванат"" от Шиши! В следващия парламент двамата ""хванати"" послушници, Радев и Борисов, ще бъдят принудени да управляват в коалиция и ще изпълняват всичко което им каже Шиши! Запомнете този пост!",Негативен,0.95,гняв,https://www.dnes.bg/a/1-bulgaria/717372-sova-haris-pri-izbori-dnes-335-podkrepyat-radev-19-gerb-pp-db-112
"Някой някога бил ли е спиран на улицата за да го попитат нещо тези соросоидниРисърчъри? Някой бил ли е допитван по телефон, имейл или по какъвто и да е друг начин? Мен лично никога никой не ме е питал, нито съм вижал да питат някого нещо или познавам някой който е питан. Моля ако има някой, нека пише тук. Иначе сеИЗСИРАМ в дзурлята на нелаФъшкията за поредната гнусна пропаганда на тоя демон.",Негативен,0.98,гняв,https://www.dnes.bg/a/1-bulgaria/717372-sova-haris-pri-izbori-dnes-335-podkrepyat-radev-19-gerb-pp-db-112
"фараоня 0.2, гело 0.8, тошка 0.99, тъкмо да няма субсидия, както и мумията не искаше!",Негативен,0.85,раздразнение,https://www.dnes.bg/a/1-bulgaria/717372-sova-haris-pri-izbori-dnes-335-podkrepyat-radev-19-gerb-pp-db-112
"еххх, де късмет шиши да е втори, пеперунгелите на 4,1%, копеейката 3,99%...",Неутрален,0.85,ирония,https://www.dnes.bg/a/1-bulgaria/717372-sova-haris-pri-izbori-dnes-335-podkrepyat-radev-19-gerb-pp-db-112
"Другаре, построивме за 50 години половин магистрала, ммм, Хемус значи. За следващите 50 години ще построим цяла магистрала.",Негативен,0.9,разочарование,https://www.dnes.bg/a/1-bulgaria/717372-sova-haris-pri-izbori-dnes-335-podkrepyat-radev-19-gerb-pp-db-112
"Фалшива агенция, фалшиви прогнози",Негативен,0.95,разочарование,https://www.dnes.bg/a/1-bulgaria/717372-sova-haris-pri-izbori-dnes-335-podkrepyat-radev-19-gerb-pp-db-112
"Който гласува за Румен Радев, значи е съгласен с договора Боташ и България да плаща всеки ден по милион на Турция! Толкова ли сме богати? Заслужава ли човек, който ни натресе този срамен договор, да бъде избран за депутат?! Абсурдно е!",Негативен,0.98,гняв,https://www.dnes.bg/a/1-bulgaria/717372-sova-haris-pri-izbori-dnes-335-podkrepyat-radev-19-gerb-pp-db-112
"Совите не са това, което са! 33% за ***!?! Вероятно е платил на совите, лошо е ако се е добрал до машините с опълченците на Петрохан и умник Гюро!",Негативен,0.95,възмущение,https://www.dnes.bg/a/1-bulgaria/717372-sova-haris-pri-izbori-dnes-335-podkrepyat-radev-19-gerb-pp-db-112
До: БанкеръВеличие няма да ги огрее парламента!,Негативен,0.85,скептицизъм,https://www.dnes.bg/a/1-bulgaria/717372-sova-haris-pri-izbori-dnes-335-podkrepyat-radev-19-gerb-pp-db-112
"Колкото и да лъжете, няма да промените нагласите на българите! Когато Волен Сидеров навремето влезе с 12% в парламента, същите тия му даваха 2,8%. Който киха парички на социолозите него го слагат на челните места! Със закон трябва да се забранят тези проучвания! Вредни са колкото и хазарта и едва ли някой им вярва.",Негативен,0.95,гняв,https://www.dnes.bg/a/1-bulgaria/717372-sova-haris-pri-izbori-dnes-335-podkrepyat-radev-19-gerb-pp-db-112
"Моите прогнози са Радев 20,Герб19,ПП 15,ДПС12,Възраждане8,Виличие7,Меч4,5,БСП3,ИТН3,АПС2,Сияние 1 и т.н.Все пак активиста на ГЕРБ ще вземе субсидийка.",Негативен,0.8,ирония,https://www.dnes.bg/a/1-bulgaria/717372-sova-haris-pri-izbori-dnes-335-podkrepyat-radev-19-gerb-pp-db-112
"Що се излагате ,бре ?! Поне 333 пурцента ще спечели другаря на другарите :))) Машалла!",Негативен,0.95,сарказъм,https://www.dnes.bg/a/1-bulgaria/717372-sova-haris-pri-izbori-dnes-335-podkrepyat-radev-19-gerb-pp-db-112
"Аз мисля, че Румен Боташев ще има 99,9% от всички гласували. Най-хубавото тепърва предстои.",Позитивен,0.95,оптимизъм,https://www.dnes.bg/a/1-bulgaria/717372-sova-haris-pri-izbori-dnes-335-podkrepyat-radev-19-gerb-pp-db-112
Къде е Величие бе платени мекерета????? Кво сияние бе хахахаха,Негативен,0.95,гняв,https://www.dnes.bg/a/1-bulgaria/717372-sova-haris-pri-izbori-dnes-335-podkrepyat-radev-19-gerb-pp-db-112
"Не 33,5 %, а НАД 99,5 % е подкрепата за другаря Радев !",Негативен,0.9,ирония,https://www.dnes.bg/a/1-bulgaria/717372-sova-haris-pri-izbori-dnes-335-podkrepyat-radev-19-gerb-pp-db-112
"Тази прогноза е по-вярна - с 2% е завишен рейтинга на ПБ, с 2,5-3% този на ГЕРБ, останалите са близки до истината. ИТН и БСП ще отпаднат - ИТН заради честите непремерени изказвания на Тошко Африкански в НС, а БСП - заради продажността на Зафиров и компания.",Негативен,0.85,разочарование,https://www.dnes.bg/a/1-bulgaria/717372-sova-haris-pri-izbori-dnes-335-podkrepyat-radev-19-gerb-pp-db-112
Язе ще гласувам за другаря Петроханов.,Неутрален,0.9,спокойствие,https://www.dnes.bg/a/1-bulgaria/717372-sova-haris-pri-izbori-dnes-335-podkrepyat-radev-19-gerb-pp-db-112
С Боташ напред!,Позитивен,0.7,ентусиазъм,https://www.dnes.bg/a/1-bulgaria/717372-sova-haris-pri-izbori-dnes-335-podkrepyat-radev-19-gerb-pp-db-112
Старите комунисти с помощта на саксийните си комсомолци се опитват да направят рестарт *** кръглата маса и да раздадат пак виртуално куфарчетата на избраните си роднини.,Негативен,0.95,гняв,https://www.dnes.bg/a/1-bulgaria/717372-sova-haris-pri-izbori-dnes-335-podkrepyat-radev-19-gerb-pp-db-112
"Стига сте се карали, има нареждане от Съвета на Европа държавната администрация да се намали драстично. Няма значение кой е на власт. Който и да е на власт, ще ги намали ""чантаджиите"". Това е европейска заповед. Трябва да бъдат намалени най-малко два пъти. Това е политика на икономии.",Неутрален,0.85,раздразнение,https://www.dnes.bg/a/1-bulgaria/717372-sova-haris-pri-izbori-dnes-335-podkrepyat-radev-19-gerb-pp-db-112
"Аз съм чел Законите на Паркинсън. Той, моля ви се, се оплаква, че във Великобритания имало 600 000 чантаджии. Е да де, ама населението е 60 милиона. 1 човек на 100... А у нас - един на 10 работещи.",Негативен,0.9,разочарование,https://www.dnes.bg/a/1-bulgaria/717372-sova-haris-pri-izbori-dnes-335-podkrepyat-radev-19-gerb-pp-db-112
"Така е, за 12 годишното си царуване Еднокнижника напълни цялата държавна администрация с негови хора. Няма значение, че са некомпетентни. Сега са му твърд електорат. И със семействата си правят поне 600 хиляди гласа за него.",Негативен,0.95,възмущение,https://www.dnes.bg/a/1-bulgaria/717372-sova-haris-pri-izbori-dnes-335-podkrepyat-radev-19-gerb-pp-db-112
Това предвиждане ли е.....или Пожелание ???,Неутрален,0.85,съмнение,https://www.dnes.bg/a/1-bulgaria/717372-sova-haris-pri-izbori-dnes-335-podkrepyat-radev-19-gerb-pp-db-112
"(продължение) Ох, само чантата му не се опитвай да вземеш! Ще изреве като мълния през юли и ще изчезне, ще се разтвори в пространството. Той без чантата е нищо. Чантата - тя му осигурява заплата от 2-3 к месечно плюс бонуси, плюс възможност за уреждане на роднини... Осигурява му и стабилен трудов стаж за пенсия, което не се постига в частните фирми.",Негативен,0.85,ирония,https://www.dnes.bg/a/1-bulgaria/717372-sova-haris-pri-izbori-dnes-335-podkrepyat-radev-19-gerb-pp-db-112
"За Герб гласуват чантаджиите, хората с чанти. Около 300 000 са в цяла България. А уж от ППДБ щяха да намаляват държавните чиновници... Нищо не намалиха, герберските калинки са по местата си. На какво не е способен човекът с чанта, за да запази чантата си! Накарай го да коментира международното положение - ще говори с часове! Кажи му, че трябва да яде варени моркови - ще ги яде с килограми! Плесни му шамар - ще се ухили! Ами ако се опиташ да му вземеш чантата? (продължение)",Негативен,0.95,възмущение,https://www.dnes.bg/a/1-bulgaria/717372-sova-haris-pri-izbori-dnes-335-podkrepyat-radev-19-gerb-pp-db-112
".....Е,.... ДРУГИТЕ ПАРТИИ , КЪДЕ СА, БЕ.....",Негативен,0.85,раздразнение,https://www.dnes.bg/a/1-bulgaria/717372-sova-haris-pri-izbori-dnes-335-podkrepyat-radev-19-gerb-pp-db-112
"как пък едно изследване не показа пеедофилите под 10%? 11-12 редовно... те са 7, демек 7%... ШИШИ премиер!",Негативен,0.95,възмущение,https://www.dnes.bg/a/1-bulgaria/717372-sova-haris-pri-izbori-dnes-335-podkrepyat-radev-19-gerb-pp-db-112
До: анонименИ мен не са ме питали! Не са питали и никой от моите роднини и приятели!Странно!,Негативен,0.9,възмущение,https://www.dnes.bg/a/1-bulgaria/717372-sova-haris-pri-izbori-dnes-335-podkrepyat-radev-19-gerb-pp-db-112
Сова Харис- агенцията на БСП!,Негативен,0.85,възмущение,https://www.dnes.bg/a/1-bulgaria/717372-sova-haris-pri-izbori-dnes-335-podkrepyat-radev-19-gerb-pp-db-112
мда весник Труп пасквила на крадците от кръга на бсп спонсорите,Негативен,0.95,гняв,https://www.dnes.bg/a/1-bulgaria/717372-sova-haris-pri-izbori-dnes-335-podkrepyat-radev-19-gerb-pp-db-112
Като президент Радев беше една съвсем безлична фигура представяща се за натовски генерал на служба в Кремъл. Като евентуален премиер ще бъде още по-зле от това коетэ ни показа като президент защото ще трябва да поеме реална отговорност за действията си нещо което не направи за 10 години служба в президентството.,Негативен,0.95,разочарование,https://www.dnes.bg/a/1-bulgaria/717372-sova-haris-pri-izbori-dnes-335-podkrepyat-radev-19-gerb-pp-db-112
"Българите пак скочиха върху мотиката ""спасителя"" на нацията.",Негативен,0.95,разочарование,https://www.dnes.bg/a/1-bulgaria/717372-sova-haris-pri-izbori-dnes-335-podkrepyat-radev-19-gerb-pp-db-112
Какъв оптимизъм да има след като в новата формация се настаниха стари муцунки.Държавността е срината и става все по труден живота на тази поробена територия на Балканите.Заради кефана 200 хиляди останалите мизерстват с пенсии и ниски заплати.,Негативен,0.95,разочарование,https://www.dnes.bg/a/1-bulgaria/717372-sova-haris-pri-izbori-dnes-335-podkrepyat-radev-19-gerb-pp-db-112
Тази агенция е най-фалшивата от всички,Негативен,0.95,разочарование,https://www.dnes.bg/a/1-bulgaria/717372-sova-haris-pri-izbori-dnes-335-podkrepyat-radev-19-gerb-pp-db-112
"Ако такива са и реалните резултати следващата Неделя, стягам си багажа и се махам в посока запад. ЛЪЖА и измама е, че тази държава някога ще се оправи .",Негативен,0.95,разочарование,https://www.dnes.bg/a/1-bulgaria/717372-sova-haris-pri-izbori-dnes-335-podkrepyat-radev-19-gerb-pp-db-112
продавам рускитрол на шиш с зелен4уци,Негативен,0.9,гняв,https://www.dnes.bg/a/1-bulgaria/717372-sova-haris-pri-izbori-dnes-335-podkrepyat-radev-19-gerb-pp-db-112
реалните резултати ще са рундю 23 герб 19 пеевски 10 пп дб 10 + - 1-2 процента за всеки друг невлиза а бсп итн и възраждане на сметището,Негативен,0.85,пренебрежение,https://www.dnes.bg/a/1-bulgaria/717372-sova-haris-pri-izbori-dnes-335-podkrepyat-radev-19-gerb-pp-db-112
сова или кастриран бухал русофил .. но положението е такова рундю обира двата файтоналумпени гласуващи за възраждане и бсп костя максудовски и там който савет трупове оправлява бсп няма как да влезат и рундю да има висок процент електората им е един и същ,Негативен,0.95,презрение,https://www.dnes.bg/a/1-bulgaria/717372-sova-haris-pri-izbori-dnes-335-podkrepyat-radev-19-gerb-pp-db-112
"Сова ли е ? Знаем , че совите не са това , което са ! А тази сова е изплезила език като килим и ближе ли ближе миризливите чорапи на зеления потник. Еееех , Сова Харис, безсрамници сте ! И добре са ви платили !",Негативен,0.95,гняв,https://www.dnes.bg/a/1-bulgaria/717372-sova-haris-pri-izbori-dnes-335-podkrepyat-radev-19-gerb-pp-db-112
Зельонъй чорапенко ще се хване с рома Кoпейкин и с БСП. Слушайте какво ви пее Кидика :)))))))))))))))))))))))))))))),Негативен,0.9,презрение,https://www.dnes.bg/a/1-bulgaria/717372-sova-haris-pri-izbori-dnes-335-podkrepyat-radev-19-gerb-pp-db-112
Тралала. Доматите са по 10.87 Евро кг. Днес 09.04.2026. Увеличение с 33.5 процента.,Негативен,0.8,разочарование,https://www.dnes.bg/a/1-bulgaria/717372-sova-haris-pri-izbori-dnes-335-podkrepyat-radev-19-gerb-pp-db-112
"33,5%.Удри,Президенте.С теб сме.",Позитивен,0.95,възторг,https://www.dnes.bg/a/1-bulgaria/717372-sova-haris-pri-izbori-dnes-335-podkrepyat-radev-19-gerb-pp-db-112
"Някои пак си правят експерименти и на техния и на гърба на останалите ?! На какво се надяват и ге не знаят,на някакви техни фантазии и лъжите на летеца и обкръжението му - ченгета,олигарси ,пропаднали посредствени политици.Щом за 10 години не сте разбрали какъв е Радев ,вие сте не спасяеми .Пак ще горните Мисля,пак ще плюете това което сте избрали,пак ще търсите измисления ви ,, Спасител""",Негативен,0.95,гняв,https://www.dnes.bg/a/1-bulgaria/717372-sova-haris-pri-izbori-dnes-335-podkrepyat-radev-19-gerb-pp-db-112
"Какво стана със СЪЗДАТЕЛЯ на промяната кирил петков ?шАРЛАТАНИ , забравихте го и неговата половинка.май само печалбата ви блазни",Негативен,0.95,гняв,https://www.dnes.bg/a/1-bulgaria/717372-sova-haris-pri-izbori-dnes-335-podkrepyat-radev-19-gerb-pp-db-112
До: УМЕН. Миналата седмица агенцията на самия червен колю даде далеч по реални резултати съ около 4% за радев.А всеки знае къде гравитира червения колю,Негативен,0.9,раздразнение,https://www.dnes.bg/a/1-bulgaria/717372-sova-haris-pri-izbori-dnes-335-podkrepyat-radev-19-gerb-pp-db-112
Тралала. Плод и зеленчук магазина е.,Неутрален,0.9,спокойствие,https://www.dnes.bg/a/1-bulgaria/717372-sova-haris-pri-izbori-dnes-335-podkrepyat-radev-19-gerb-pp-db-112
До: анонимен Ами то май между русофилския фанатизъм и ислямския няма разлика.Поне да бяха прочели нашете нсевдо патриоти ресофилите какво са писали нашите най видни р.еволюционери какво са писали за руснаците и защо от русофили в началото стават русофоби.Последно време нашите путинисти станаха и ислямисти.А да червения комунист няма родина той е интернационалист,Негативен,0.95,възмущение,https://www.dnes.bg/a/1-bulgaria/717372-sova-haris-pri-izbori-dnes-335-podkrepyat-radev-19-gerb-pp-db-112
"Аз съм за Радев, нека съм ***, дето не гласува за досегашните айдуци. Айде със здраве, гледай да напечелиш малко стотинки че това ще ти е.",Негативен,0.85,раздразнение,https://www.dnes.bg/a/1-bulgaria/717372-sova-haris-pri-izbori-dnes-335-podkrepyat-radev-19-gerb-pp-db-112
"A днеса кой ще го закрие - като гледам от пишещите едно 80% са против Радев, демек политически ***/агитатори",Негативен,0.85,раздразнение,https://www.dnes.bg/a/1-bulgaria/717372-sova-haris-pri-izbori-dnes-335-podkrepyat-radev-19-gerb-pp-db-112
"хора всякакви, но масата са глупави и точно тях цели льотчика като електорат",Негативен,0.95,презрение,https://www.dnes.bg/a/1-bulgaria/717372-sova-haris-pri-izbori-dnes-335-podkrepyat-radev-19-gerb-pp-db-112
До: анонимен Образ ненагледен не ти ли прави впечатление че почти всички парти се опитват да се качат на власт със изчъгъртване и спихват или със обичам да плюя и мразя бойко.Ами тоя номер се изтърка и се обръща срещу тези които го ползват,Негативен,0.9,раздразнение,https://www.dnes.bg/a/1-bulgaria/717372-sova-haris-pri-izbori-dnes-335-podkrepyat-radev-19-gerb-pp-db-112
"До: Ха-ха трябва да знаеш че мнозинствота е за проевропейска ориентация и ако се наложи ще хвърчи перушина , но няма да ни завлечете пак там от където всички избягаха ох..л...юв",Негативен,0.95,гняв,https://www.dnes.bg/a/1-bulgaria/717372-sova-haris-pri-izbori-dnes-335-podkrepyat-radev-19-gerb-pp-db-112
До: АстонВ.труд е рупор на кремълската пропаганда това и децата го знаят вече,Негативен,0.95,възмущение,https://www.dnes.bg/a/1-bulgaria/717372-sova-haris-pri-izbori-dnes-335-podkrepyat-radev-19-gerb-pp-db-112
До: Анонимко за съжаление колкото и да не ти харесва борбата и то много оспорвана за третото място ще е между ппдб и дпс пък ти си фантазирай измислените коефициенти на совата,Негативен,0.85,раздразнение,https://www.dnes.bg/a/1-bulgaria/717372-sova-haris-pri-izbori-dnes-335-podkrepyat-radev-19-gerb-pp-db-112
До: анонимен предполагам визираш генЛеонид Решетников който случайно минавал от тук да пие чай при първия избор за президент и горката корнелия Нинова му издигна кандидатурата тогава.Но най интересното е че скоро я гледах в едно интервю по дарик радио в ютуб където тя каза че Радев не носи промяна а подмяна.То отдавна го знаехме като виждаме червения кръжок около радев със червените олигарси които щели да борят другите олигарси.Все пак си мисля че номерът с мекиите се изтърка колкото и да е зат,Негативен,0.9,разочарование,https://www.dnes.bg/a/1-bulgaria/717372-sova-haris-pri-izbori-dnes-335-podkrepyat-radev-19-gerb-pp-db-112
До: анонимен вашият копейкин ще вземе власта ама на албанския празник с тия изкривени от совата коефициенти,Негативен,0.9,пренебрежение,https://www.dnes.bg/a/1-bulgaria/717372-sova-haris-pri-izbori-dnes-335-podkrepyat-radev-19-gerb-pp-db-112
"До: анонименАми има .и някой да не знае че в.труд е с прокремъ.ска ориентация и как ще изкара моментите нагласи на избирателите.Миналата седмица агенцията на червения колю даде даже по реални резултати.Радев бе със 27% герб със 23.6, възраждане на копейкин около 6%.Борбата за първото место ще е между Герб и радев ,а жестока бо.ба за третото място е между дпс и ппдб",Негативен,0.85,раздразнение,https://www.dnes.bg/a/1-bulgaria/717372-sova-haris-pri-izbori-dnes-335-podkrepyat-radev-19-gerb-pp-db-112
"Центаджиите плачат, но Възраждане ще вземе властта",Позитивен,0.85,злорадство,https://www.dnes.bg/a/1-bulgaria/717372-sova-haris-pri-izbori-dnes-335-podkrepyat-radev-19-gerb-pp-db-112
"Радев втори, ППДБ четвърти - АМИН!",Позитивен,0.9,радост,https://www.dnes.bg/a/1-bulgaria/717372-sova-haris-pri-izbori-dnes-335-podkrepyat-radev-19-gerb-pp-db-112
"Прогнозните резултати на сова харис за изборите са на Митрофанова, която активно работи за мероприятието ""Радев"" на Москва. По точно Радев да ни върне страната в евразия под ботуша на москва, да сме им пета колона. ПП-ДБ нямат нищо общо с Радев. Той създаде групировка. За разлика от русофила,Радев, то ПП-ДБте са Евроатлантици за Европейски път на развитие на страната.",Негативен,0.9,гняв,https://www.dnes.bg/a/1-bulgaria/717372-sova-haris-pri-izbori-dnes-335-podkrepyat-radev-19-gerb-pp-db-112
"Посоченият от руските разузнавателни служби за президент Радев показва грубо политическо суеверно русофилство, умишлено го култивирано сред народните маси; политически юмрук, вървенето и воюването под което неизбежно води към предателство и национална катастрофа. С русофилството си Радев с безогледно дипломанстване с руската дипломация (с Митрофанофа ) неизбежно и фатално прави от България едно сляпо и послушно оръдие в ръцете на руската завоевателна политика на Балканите.",Негативен,0.98,възмущение,https://www.dnes.bg/a/1-bulgaria/717372-sova-haris-pri-izbori-dnes-335-podkrepyat-radev-19-gerb-pp-db-112
"Само при ДПС- шиши,процентите са грешни,едва ли ще събере и 1 %",Негативен,0.95,презрение,https://www.dnes.bg/a/1-bulgaria/717372-sova-haris-pri-izbori-dnes-335-podkrepyat-radev-19-gerb-pp-db-112
"Щом дават 11% на Промяната , значи Радев, Бойко и Дилян имат 89%. Оставили са 11% за да има кого да бият в парламента.",Негативен,0.9,разочарование,https://www.dnes.bg/a/1-bulgaria/717372-sova-haris-pri-izbori-dnes-335-podkrepyat-radev-19-gerb-pp-db-112
"Като видиш кой им е поръчител на поучването,става ясно как са го натъкмили.",Негативен,0.95,недоверие,https://www.dnes.bg/a/1-bulgaria/717372-sova-haris-pri-izbori-dnes-335-podkrepyat-radev-19-gerb-pp-db-112
Щом дават 34 близо процента за Радев значи за около и над 40 . Пеперазите ще имат 7-8 процента .,Негативен,0.85,пренебрежение,https://www.dnes.bg/a/1-bulgaria/717372-sova-haris-pri-izbori-dnes-335-podkrepyat-radev-19-gerb-pp-db-112
Тази страна няма бъдеще с това племе.,Негативен,0.95,разочарование,https://www.dnes.bg/a/1-bulgaria/717372-sova-haris-pri-izbori-dnes-335-podkrepyat-radev-19-gerb-pp-db-112
"До: 287 И аз не познавам слабо-умни дето ще гласуват за ПП-растите, ама на - виж колко процента са си купили от Совите.",Негативен,0.95,гняв,https://www.dnes.bg/a/1-bulgaria/717372-sova-haris-pri-izbori-dnes-335-podkrepyat-radev-19-gerb-pp-db-112
Това като се отчита 3 гласа за всяка машинна бюлетина за Радев ли? Манипулирахте ли вече машините??,Негативен,0.95,подозрение,https://www.dnes.bg/a/1-bulgaria/717372-sova-haris-pri-izbori-dnes-335-podkrepyat-radev-19-gerb-pp-db-112
"Значи така, 8 годишно безразделно Радево ляво управление, народа се мъчи и плаче за нормално дясно управление, навсякъде по света избират ВСЕ десни, само в България обратното.... А бе, ЗАЩО не си го заврете от...",Негативен,0.95,гняв,https://www.dnes.bg/a/1-bulgaria/717372-sova-haris-pri-izbori-dnes-335-podkrepyat-radev-19-gerb-pp-db-112
А уж совата е мъдра птица,Негативен,0.85,разочарование,https://www.dnes.bg/a/1-bulgaria/717372-sova-haris-pri-izbori-dnes-335-podkrepyat-radev-19-gerb-pp-db-112
"До: 266 1) НИКОй не те е спрял да си купиш еднопосочен билет и да заминават при някой спонсор (примерно Сорос младши) или да направиш изследване за местоположението на руския кораб. 2) Това, че някой мисли с главата си, а не с опорките от разни новинарски емисии, означава само, че колкото по-бързо освободиш терена от присъствието си- толкова по добре.",Негативен,0.95,раздразнение,https://www.dnes.bg/a/1-bulgaria/717372-sova-haris-pri-izbori-dnes-335-podkrepyat-radev-19-gerb-pp-db-112
"Ох, как ще плачете на 19-ти, само потривам ръце.",Негативен,0.95,злорадство,https://www.dnes.bg/a/1-bulgaria/717372-sova-haris-pri-izbori-dnes-335-podkrepyat-radev-19-gerb-pp-db-112
Това сред електората на БСП ли е?,Неутрален,0.85,скептицизъм,https://www.dnes.bg/a/1-bulgaria/717372-sova-haris-pri-izbori-dnes-335-podkrepyat-radev-19-gerb-pp-db-112
"Колкото повече Радевци се излагат драматично, толкова повече рейтинга им се вдига.... Вие за балами ли ни вземате?",Негативен,0.95,възмущение,https://www.dnes.bg/a/1-bulgaria/717372-sova-haris-pri-izbori-dnes-335-podkrepyat-radev-19-gerb-pp-db-112
"Ама може ли, нали Труд взе ясна линия в посока Масква, може ли проекта на генерал Решетников да не спечели?",Негативен,0.85,ирония,https://www.dnes.bg/a/1-bulgaria/717372-sova-haris-pri-izbori-dnes-335-podkrepyat-radev-19-gerb-pp-db-112
"Агенцията се е ПРОДАЛА, а Труд и Блъсков са корупционери. Какво ли не правят за пари.",Негативен,0.95,гняв,https://www.dnes.bg/a/1-bulgaria/717372-sova-haris-pri-izbori-dnes-335-podkrepyat-radev-19-gerb-pp-db-112
"Ха тъкмо за празниците, да ни развали настроението, мрси.",Негативен,0.95,разочарование,https://www.dnes.bg/a/1-bulgaria/717372-sova-haris-pri-izbori-dnes-335-podkrepyat-radev-19-gerb-pp-db-112
Това някаква деветоаприлска шега ли е?,Негативен,0.85,скептицизъм,https://www.dnes.bg/a/1-bulgaria/717372-sova-haris-pri-izbori-dnes-335-podkrepyat-radev-19-gerb-pp-db-112
"Сменили сте местата на ГЕРБ и Прогресивна (Регресивна) България, нали?",Негативен,0.85,сарказъм,https://www.dnes.bg/a/1-bulgaria/717372-sova-haris-pri-izbori-dnes-335-podkrepyat-radev-19-gerb-pp-db-112
"Лъжливата сова я знаем, а кой е Харис?!",Негативен,0.9,раздразнение,https://www.dnes.bg/a/1-bulgaria/717372-sova-haris-pri-izbori-dnes-335-podkrepyat-radev-19-gerb-pp-db-112
"Лакмуса е БСП,щом пишат че влиза нещата са фалшиви.Кой ще гласува за БСП и защо?",Негативен,0.9,скептицизъм,https://www.dnes.bg/a/1-bulgaria/717372-sova-haris-pri-izbori-dnes-335-podkrepyat-radev-19-gerb-pp-db-112
"На тези социолози колко им плащат, за да намаляват процентите за Радев? Трима от четирима одобряват Радев, но не е ясно колко от тях ще гласуват. За ГЕРБ и СДС отдавна никой не гласува, освен техните членове и семействата им откраднали стотици милиарди след 1989 година.",Негативен,0.95,гняв,https://www.dnes.bg/a/1-bulgaria/717372-sova-haris-pri-izbori-dnes-335-podkrepyat-radev-19-gerb-pp-db-112
Мечтата на българският русофил е да стане руски крепостник!,Негативен,0.95,сарказъм,https://www.dnes.bg/a/1-bulgaria/717372-sova-haris-pri-izbori-dnes-335-podkrepyat-radev-19-gerb-pp-db-112
"Сава Харис е магистрална труженичка, за парип прави всякакви мошенгии!",Негативен,0.95,гняв,https://www.dnes.bg/a/1-bulgaria/717372-sova-haris-pri-izbori-dnes-335-podkrepyat-radev-19-gerb-pp-db-112
"Хахахааааа, ще се спукам от смях. :)))))))))) Сова харис - Червен Колю :)))))))))) Винаги предрича победа на БСП :))))) До сега нищо не е познал. Аре чао, че заминавам на тежка софра в Родопите.",Позитивен,0.85,радост,https://www.dnes.bg/a/1-bulgaria/717372-sova-haris-pri-izbori-dnes-335-podkrepyat-radev-19-gerb-pp-db-112
Дано Възраждане да е първа политическа сила,Позитивен,0.85,надежда,https://www.dnes.bg/a/1-bulgaria/717372-sova-haris-pri-izbori-dnes-335-podkrepyat-radev-19-gerb-pp-db-112
"Хм, това не може да е вярно.",Неутрален,0.85,съмнение,https://www.dnes.bg/a/1-bulgaria/717372-sova-haris-pri-izbori-dnes-335-podkrepyat-radev-19-gerb-pp-db-112
Совите не са това което са. Няма на всеки километър подкрепящ Радев. Защо ни будалкате? Аз работя с екип от 36 човека. Само един има където още се чуди дали да се довери на Радев и то заради Украйна.,Негативен,0.85,разочарование,https://www.dnes.bg/a/1-bulgaria/717372-sova-haris-pri-izbori-dnes-335-podkrepyat-radev-19-gerb-pp-db-112
"Казах, че ще гласувам за Радев и си го по Пам с платения социолог",Негативен,0.85,разочарование,https://www.dnes.bg/a/1-bulgaria/717372-sova-haris-pri-izbori-dnes-335-podkrepyat-radev-19-gerb-pp-db-112
"Още ще върви пропагандата.Със всеки ден вдигат процента за Радев за сметка на двамата престъпника от герб и нн ,които дръпнаха парите авансово за мантинели,магистрали,кетъринг за училища и градини и подобни,които ние реално плащаме с данъците си. а в момента с нашите пари те ще купуват ромски гласове",Негативен,0.95,гняв,https://www.dnes.bg/a/1-bulgaria/717372-sova-haris-pri-izbori-dnes-335-podkrepyat-radev-19-gerb-pp-db-112
Чудя им се на тая сова що дават толкова малко проценти на фърчилото като са лапнали толкова голяма сума ще им се скара. Поне можеше 50 процента да им дадат нищо на следващите през есента ще се поправят.,Негативен,0.85,разочарование,https://www.dnes.bg/a/1-bulgaria/717372-sova-haris-pri-izbori-dnes-335-podkrepyat-radev-19-gerb-pp-db-112
"Радев, ГЕРБ и ДПС заедно ще успеят да спрат кражбите.",Позитивен,0.85,надежда,https://www.dnes.bg/a/1-bulgaria/717372-sova-haris-pri-izbori-dnes-335-podkrepyat-radev-19-gerb-pp-db-112
"BG-русофилите прекарват ежедневието си в създадени от американски платформи като Ф/Б (както и самия интернет, впрочем), но иначе много обичат да русофилстват, гушнати от удобствата на западния свят. Един предмет нямат у дома създаден от колхозниците, камо ли дреха, книга или кола, но иначе пак русофилстваме активно и мечтаем за евразийския колхозен рай. Ама си предпочитаме лошата Европа.",Негативен,0.95,раздразнение,https://www.dnes.bg/a/1-bulgaria/717372-sova-haris-pri-izbori-dnes-335-podkrepyat-radev-19-gerb-pp-db-112
"Не 33,5 %, а НАД 99,5 % е подкрепата за другаря Радев.",Негативен,0.85,сарказъм,https://www.dnes.bg/a/1-bulgaria/717372-sova-haris-pri-izbori-dnes-335-podkrepyat-radev-19-gerb-pp-db-112
Над 500 милиона евро вече са събрани от купувачите на гласове.А нали знаем кои най-много винаги купуват?,Негативен,0.9,възмущение,https://www.dnes.bg/a/1-bulgaria/717372-sova-haris-pri-izbori-dnes-335-podkrepyat-radev-19-gerb-pp-db-112
"Супер, първите две сили да направят правителство и да почват да борят олигархията :-)",Позитивен,0.85,радост,https://www.dnes.bg/a/1-bulgaria/717372-sova-haris-pri-izbori-dnes-335-podkrepyat-radev-19-gerb-pp-db-112
ППДБ са антибългарска партия,Негативен,0.95,гняв,https://www.dnes.bg/a/1-bulgaria/717372-sova-haris-pri-izbori-dnes-335-podkrepyat-radev-19-gerb-pp-db-112
"Българският русофил винаги ми е бил интересен като психическо устройство. Що за чувство за самоунижение, подчинение, що за липса за идентичност, самоопределеност и свобода имат тези хора. Как стремглаво се втурват да защитават една очевидно тоталитарна, корумпирана, антидемократична империя, винаги работила против българския национален интерес, само и само да се почувстват значими, да покажат робска преданост.",Негативен,0.98,възмущение,https://www.dnes.bg/a/1-bulgaria/717372-sova-haris-pri-izbori-dnes-335-podkrepyat-radev-19-gerb-pp-db-112
"Рашаните пишат на нашата кирилица. Ние сме им дали букви да пишат и четат. Арогантни, агресивни и нагли. Ние сме ги направили хора. Но от сифилистика Ленин оскотяха. След втората световна война им се вдигна самочувствието на вечни ""пабедители"". ""Пабедители"" с помоща на Запада, а и всичките им главатари имат имоти в Европа и изучават децата си в скъпарски западни колежи, а 'пабедителите още живеят в комуналки и ходят във външни тоалетни. К.пейкин и русофилите да заминават за Масква. Кой ги спира?",Негативен,0.98,гняв,https://www.dnes.bg/a/1-bulgaria/717372-sova-haris-pri-izbori-dnes-335-podkrepyat-radev-19-gerb-pp-db-112
"До: инж. павел павлов Павле, отивай при приятеля си ****кин, но си вземи кофа с вазелин, че неговите солдати много са загоряли в землянките, не смеят да си покажат кратуните да не ги удари украински дрон.",Негативен,0.95,презрение,https://www.dnes.bg/a/1-bulgaria/717372-sova-haris-pri-izbori-dnes-335-podkrepyat-radev-19-gerb-pp-db-112
"До: До 254.... Не энам кво е эавършил yшaтия, ама като Бойко не може да фовори. Спокойна и народна реч, без отбягване на въпроси. Кога твоя отличник ще се яви на дебатите, на кръстосани въпроси да му чуем отличията",Негативен,0.85,раздразнение,https://www.dnes.bg/a/1-bulgaria/717372-sova-haris-pri-izbori-dnes-335-podkrepyat-radev-19-gerb-pp-db-112
Лъжа и измама са тия скалъппени данни,Негативен,0.98,гняв,https://www.dnes.bg/a/1-bulgaria/717372-sova-haris-pri-izbori-dnes-335-podkrepyat-radev-19-gerb-pp-db-112
"Совата лапнала 20 000 евра и снесла следния резултат.Толкова голямо количество прости ,обаче няма",Негативен,0.95,презрение,https://www.dnes.bg/a/1-bulgaria/717372-sova-haris-pri-izbori-dnes-335-podkrepyat-radev-19-gerb-pp-db-112
"За Росен Миленов ще гласуват мн хора,но не мъцват за това.Бюлетина 10,За партия Нация с 18 и Възраждане с 10 това са партиите",Позитивен,0.85,увереност,https://www.dnes.bg/a/1-bulgaria/717372-sova-haris-pri-izbori-dnes-335-podkrepyat-radev-19-gerb-pp-db-112
"До: До 261да не си му майка, че го защитаваш, има доста хора със средно образование, които са преуспяли милионери",Негативен,0.85,раздразнение,https://www.dnes.bg/a/1-bulgaria/717372-sova-haris-pri-izbori-dnes-335-podkrepyat-radev-19-gerb-pp-db-112
"Радев е завършил математическа гимназия с отличие.След това военна академия с инженерна специалност.После завърша американската школа ""Максуел""с отличие и има звезда на алеята на славата.Явно,според теб,да си пожарникар е по престижно(иначе с уважение към професията,ама който си я изпълнява).",Негативен,0.85,раздразнение,https://www.dnes.bg/a/1-bulgaria/717372-sova-haris-pri-izbori-dnes-335-podkrepyat-radev-19-gerb-pp-db-112
"забелязва се масово купуване на вазелин от хора поддържащи радев , след изборите ще си изберат позата",Негативен,0.95,презрение,https://www.dnes.bg/a/1-bulgaria/717372-sova-haris-pri-izbori-dnes-335-podkrepyat-radev-19-gerb-pp-db-112
"тези статистики целят да ни откажат да гласуваме ли като ни натрапват кой щял да спечели? искат да ни кажат, че както и да гласуваме, боташа ще е премиерин, а мафията мнозинството в НС?",Негативен,0.95,гняв,https://www.dnes.bg/a/1-bulgaria/717372-sova-haris-pri-izbori-dnes-335-podkrepyat-radev-19-gerb-pp-db-112
"Пак гласятнещо с патерица сияние то е ясно ама ,няма да го бъде",Негативен,0.85,скептицизъм,https://www.dnes.bg/a/1-bulgaria/717372-sova-haris-pri-izbori-dnes-335-podkrepyat-radev-19-gerb-pp-db-112
"Абе,папагал,престани да повтаряш едни и същи глупости,че вече ни втръсна.",Негативен,0.95,раздразнение,https://www.dnes.bg/a/1-bulgaria/717372-sova-haris-pri-izbori-dnes-335-podkrepyat-radev-19-gerb-pp-db-112
"Борисов е пpocт, ама Радев е 200ста пъти по пpocт...щото е военен",Негативен,0.95,гняв,https://www.dnes.bg/a/1-bulgaria/717372-sova-haris-pri-izbori-dnes-335-podkrepyat-radev-19-gerb-pp-db-112
"За Пълен Потрес ще гласуват само някакви напълно заблудени разносвачи на пица и офисен планктон, дето си мислят, че е много ""Куул"" да си лилав...Нормалните хора отдавна отписахме тези продажни от.па. дъци...",Негативен,1.0,гняв,https://www.dnes.bg/a/1-bulgaria/717372-sova-haris-pri-izbori-dnes-335-podkrepyat-radev-19-gerb-pp-db-112
"Боташ, шарлатани, Гюро- това са заслугите на радев за България",Негативен,0.95,гняв,https://www.dnes.bg/a/1-bulgaria/717372-sova-haris-pri-izbori-dnes-335-podkrepyat-radev-19-gerb-pp-db-112
"А пък ""приятелят""на Боко,Тръмп е на 78 и всички сме свидетели на лудостта му.",Негативен,0.95,възмущение,https://www.dnes.bg/a/1-bulgaria/717372-sova-haris-pri-izbori-dnes-335-podkrepyat-radev-19-gerb-pp-db-112
гласувайте за Радев щом искате да върнем обратно нулите на банкнотите само че в рубли,Негативен,0.95,възмущение,https://www.dnes.bg/a/1-bulgaria/717372-sova-haris-pri-izbori-dnes-335-podkrepyat-radev-19-gerb-pp-db-112
"гласувайте за ген. Радев да си оправим потъпканите отношения с братска Русия, това ще се почувства от народа! руснаците не искат от нас войници, те искат приятели!",Позитивен,0.9,надежда,https://www.dnes.bg/a/1-bulgaria/717372-sova-haris-pri-izbori-dnes-335-podkrepyat-radev-19-gerb-pp-db-112
Радев бил доста по млад?!? Той е с 3 години по млад от Борисов! Само че Борисов стана кмет на София още в началото на 40те си години а руския льотчок на 63 години се сетил да влиза в политиката,Негативен,0.95,раздразнение,https://www.dnes.bg/a/1-bulgaria/717372-sova-haris-pri-izbori-dnes-335-podkrepyat-radev-19-gerb-pp-db-112
"бе как 33,5% вчера бяха 49% вчера броих поддръжниците ни .",Негативен,0.85,разочарование,https://www.dnes.bg/a/1-bulgaria/717372-sova-haris-pri-izbori-dnes-335-podkrepyat-radev-19-gerb-pp-db-112
"Неудачниците, които чакат спасителя да се появи и да им напълни хладилника са много. Тарикатите, които ще ги яхнат и обяздят са олигарсите, които финансират радев. Бедния будала ще бъде пак беден, радев и неговата шайка отсега се наредиха на трапезата за голямото лапане.",Негативен,0.95,гняв,https://www.dnes.bg/a/1-bulgaria/717372-sova-haris-pri-izbori-dnes-335-podkrepyat-radev-19-gerb-pp-db-112
за ххлебват софите - като едни истински цоцо цциолози,Негативен,0.9,сарказъм,https://www.dnes.bg/a/1-bulgaria/717372-sova-haris-pri-izbori-dnes-335-podkrepyat-radev-19-gerb-pp-db-112
"Да,""Сияние"" е новата патерица.Ако влязат,де.",Негативен,0.9,скептицизъм,https://www.dnes.bg/a/1-bulgaria/717372-sova-haris-pri-izbori-dnes-335-podkrepyat-radev-19-gerb-pp-db-112
Всеки глас за ГЕРБ е глас за Пеевски във управлението на България.,Негативен,0.9,недоволство,https://www.dnes.bg/a/1-bulgaria/717372-sova-haris-pri-izbori-dnes-335-podkrepyat-radev-19-gerb-pp-db-112
гласувайте за Радев щом искате да ви пращат наборници пушечно месо в Украйна,Негативен,0.95,гняв,https://www.dnes.bg/a/1-bulgaria/717372-sova-haris-pri-izbori-dnes-335-podkrepyat-radev-19-gerb-pp-db-112
"Време е народа да подкрепи Радев. Така, че берачите за гъби да си дадат един ден почивка и да отидат да гласуват.",Позитивен,0.85,решителност,https://www.dnes.bg/a/1-bulgaria/717372-sova-haris-pri-izbori-dnes-335-podkrepyat-radev-19-gerb-pp-db-112
Още Боташи искат хората 100%,Негативен,0.85,разочарование,https://www.dnes.bg/a/1-bulgaria/717372-sova-haris-pri-izbori-dnes-335-podkrepyat-radev-19-gerb-pp-db-112
"Радев да даде десятък и на бързо ще се сдобие с още вот, като пасторите пророкуват, че той ще е чакания месия.",Негативен,0.85,сарказъм,https://www.dnes.bg/a/1-bulgaria/717372-sova-haris-pri-izbori-dnes-335-podkrepyat-radev-19-gerb-pp-db-112
25 години един и същ сериал чак се чудя как не му омръзва на народа. Преди изборите 33% след изборите оставка и пак наново пак борим мафии пак драми. Докато дойде следващия месия гладен и бос и таман се нахрани и следващия,Негативен,0.95,разочарование,https://www.dnes.bg/a/1-bulgaria/717372-sova-haris-pri-izbori-dnes-335-podkrepyat-radev-19-gerb-pp-db-112
Радев ще вземе поне едни 40 процента според мен.Партия Сияние е създадена с цел да се разпръсква вота и да се намалява вота за Прогресивна България-,Негативен,0.85,скептицизъм,https://www.dnes.bg/a/1-bulgaria/717372-sova-haris-pri-izbori-dnes-335-podkrepyat-radev-19-gerb-pp-db-112
"Така изглежда.С уважение към мъката на Николай Попов,но сам си каза,че не съжалява за участието си в ГЕРБ.Освен това плюе яростно по ПП ДБ,което потвърждава съмненията ми,че ГЕРБ си подготвиха патерица.",Негативен,0.9,възмущение,https://www.dnes.bg/a/1-bulgaria/717372-sova-haris-pri-izbori-dnes-335-podkrepyat-radev-19-gerb-pp-db-112
"След изборите Радев, копейкин и Крум зарков ще играят заедно. Те са от едно котило ( дс- бкп-кгб). И тогава постепенно забравете за ЕС и добре дошли в Съветски съюз. Няма да има бизнес и екскурзии в Италия, Испания, Франция......Няма да ходите на море в Гърция, няма евро. Ще ходите само в Масква на красная площадь да си правите селфи на мавзолея на сифилистика Ленин и на екскурзии в Сибир. Радев, копейкин и зарков ще продължат да си водят щурвите из Европа и да си трупат милионоте в евро.",Негативен,0.95,гняв,https://www.dnes.bg/a/1-bulgaria/717372-sova-haris-pri-izbori-dnes-335-podkrepyat-radev-19-gerb-pp-db-112
"И днес установявам, че пепедеберастите, заедно с нахраненините от ""равноотдалеченият"" от партиите гюров инфлуенсъри, са залели социалните мрежи и форумите с брутални лъжи и внушения. Е, няма да помогне нито това, нито ""нашето"" МВР на спихналата петроханска подкрепа. Иначе казано - около 7 - 7.5 процента на изборите.",Негативен,0.95,гняв,https://www.dnes.bg/a/1-bulgaria/717372-sova-haris-pri-izbori-dnes-335-podkrepyat-radev-19-gerb-pp-db-112
"Развалихте празниците на Борисов, сега ще вдигне кръвно.",Негативен,0.85,сарказъм,https://www.dnes.bg/a/1-bulgaria/717372-sova-haris-pri-izbori-dnes-335-podkrepyat-radev-19-gerb-pp-db-112
Борисов е дядка - на 67 години. Радев е доста по-млад.,Негативен,0.8,пренебрежение,https://www.dnes.bg/a/1-bulgaria/717372-sova-haris-pri-izbori-dnes-335-podkrepyat-radev-19-gerb-pp-db-112
"Гласувайте за Радев да разбием мафията ГЕРБ-НН, която 20 години изсмуква жизнените сокове на България и краде де-що има.",Негативен,0.95,гняв,https://www.dnes.bg/a/1-bulgaria/717372-sova-haris-pri-izbori-dnes-335-podkrepyat-radev-19-gerb-pp-db-112
"Гледам голямото Д никакво го няма,а тиквата сипе каламбури,демек,не ми пука.Пуснсли са аватарите да им вдигат....процентите.",Негативен,0.95,разочарование,https://www.dnes.bg/a/1-bulgaria/717372-sova-haris-pri-izbori-dnes-335-podkrepyat-radev-19-gerb-pp-db-112
СИЯНИЕ ли ще са новото ИТН (патерица) на Тиквата и Св ин ята ?,Негативен,0.95,презрение,https://www.dnes.bg/a/1-bulgaria/717372-sova-haris-pri-izbori-dnes-335-podkrepyat-radev-19-gerb-pp-db-112
134 депутата. точка,Неутрален,0.85,сигурност,https://www.dnes.bg/a/1-bulgaria/717372-sova-haris-pri-izbori-dnes-335-podkrepyat-radev-19-gerb-pp-db-112
"М-р Кеш Боташов разчита на турците, щото им осигури по милионче на ден.",Негативен,0.85,възмущение,https://www.dnes.bg/a/1-bulgaria/717372-sova-haris-pri-izbori-dnes-335-podkrepyat-radev-19-gerb-pp-db-112
"Интересно - совата дават 33+ процента, а другите само 22-3",Неутрален,0.85,скептицизъм,https://www.dnes.bg/a/1-bulgaria/717372-sova-haris-pri-izbori-dnes-335-podkrepyat-radev-19-gerb-pp-db-112
Тоя дядка Радев няма шанс. Борисов ще го разбие.,Негативен,0.95,гняв,https://www.dnes.bg/a/1-bulgaria/717372-sova-haris-pri-izbori-dnes-335-podkrepyat-radev-19-gerb-pp-db-112
Гербави,Негативен,0.95,гняв,https://www.dnes.bg/a/1-bulgaria/717372-sova-haris-pri-izbori-dnes-335-podkrepyat-radev-19-gerb-pp-db-112
"Баце ше ги утепа, Шиши ше ги изкърти.",Негативен,0.85,агресия,https://www.dnes.bg/a/1-bulgaria/717372-sova-haris-pri-izbori-dnes-335-podkrepyat-radev-19-gerb-pp-db-112
"Погледнато без емоции, разликата между Радев и Борисов няма да бъде повече от 8 процента, а тази между Борисов и Василев - по-малко от 12 процента. За щастие ще имаме възможност да коментираме и след изборите.",Неутрален,0.85,спокойствие,https://www.dnes.bg/a/1-bulgaria/717372-sova-haris-pri-izbori-dnes-335-podkrepyat-radev-19-gerb-pp-db-112
Тоя гнyceн чopбар ще го изметем от политическата сцена! Само Левски!,Негативен,0.95,гняв,https://www.dnes.bg/a/1-bulgaria/717372-sova-haris-pri-izbori-dnes-335-podkrepyat-radev-19-gerb-pp-db-112
Възмездие за грабителите на народа с бюлетина номер 14!,Негативен,0.9,гняв,https://www.dnes.bg/a/1-bulgaria/717372-sova-haris-pri-izbori-dnes-335-podkrepyat-radev-19-gerb-pp-db-112
Сега Бойко трябва да му прави мръcно няколко години и да имаме избори през 3 месеца докато гpoзноватия льoтчик не стане политически тpyn,Негативен,0.95,гняв,https://www.dnes.bg/a/1-bulgaria/717372-sova-haris-pri-izbori-dnes-335-podkrepyat-radev-19-gerb-pp-db-112
"Щом ""Сова Харис""дава такива резултати,значи за Радев са много повече.",Позитивен,0.8,увереност,https://www.dnes.bg/a/1-bulgaria/717372-sova-haris-pri-izbori-dnes-335-podkrepyat-radev-19-gerb-pp-db-112
"Радев с 93-94 депутата си е баят страшничко за всеички. Ако това Сияние влезе, и се коалират с БСП и Радев ... уоу.",Негативен,0.85,безпокойство,https://www.dnes.bg/a/1-bulgaria/717372-sova-haris-pri-izbori-dnes-335-podkrepyat-radev-19-gerb-pp-db-112
Щом,Неутрален,0.95,спокойствие,https://www.dnes.bg/a/1-bulgaria/717372-sova-haris-pri-izbori-dnes-335-podkrepyat-radev-19-gerb-pp-db-112
Бившия пилот...,Неутрален,0.9,спокойствие,https://www.dnes.bg/a/1-bulgaria/717372-sova-haris-pri-izbori-dnes-335-podkrepyat-radev-19-gerb-pp-db-112
"Какъв шамар го чака пилота, та чак ще мине на авто-пилот...",Негативен,0.9,злорадство,https://www.dnes.bg/a/1-bulgaria/717372-sova-haris-pri-izbori-dnes-335-podkrepyat-radev-19-gerb-pp-db-112
"Трябва да са много зле с рейтинга ППДБ, щом с ""наше МВР"", ""наше рравителство и наша ЦИК, им дават смо 11%.",Негативен,0.95,ирония,https://www.dnes.bg/a/1-bulgaria/717372-sova-haris-pri-izbori-dnes-335-podkrepyat-radev-19-gerb-pp-db-112
България за българите с бюлетина номер 14!,Позитивен,0.85,ентусиазъм,https://www.dnes.bg/a/1-bulgaria/717372-sova-haris-pri-izbori-dnes-335-podkrepyat-radev-19-gerb-pp-db-112
"До: Генерал Лебед Ще коментираме след изборите само фактите, а не червеникавите сънища на придворния социолог. Така че си приготви носни кърпички. Много!",Негативен,0.9,сарказъм,https://www.dnes.bg/a/1-bulgaria/717372-sova-haris-pri-izbori-dnes-335-podkrepyat-radev-19-gerb-pp-db-112
"тази нещо са се объркали, проценттите на Радев са 100",Негативен,0.8,раздразнение,https://www.dnes.bg/a/1-bulgaria/717372-sova-haris-pri-izbori-dnes-335-podkrepyat-radev-19-gerb-pp-db-112
Пп Дб бутнали правителството ! Пак процентите падат?!Дали е 30% или 60% едни и същи резултати вадят за някой партии!!Тва при грешка над определен процент да се взимат лицензите на тия агенции !!,Негативен,0.95,гняв,https://www.dnes.bg/a/1-bulgaria/717372-sova-haris-pri-izbori-dnes-335-podkrepyat-radev-19-gerb-pp-db-112
Добри пари правят за реклама соцолозите. Само избори да има.,Негативен,0.85,разочарование,https://www.dnes.bg/a/1-bulgaria/717372-sova-haris-pri-izbori-dnes-335-podkrepyat-radev-19-gerb-pp-db-112
"До 198 И нищо не знаеш за ТУРЦИТЕ, така че мълчи!",Негативен,0.95,гняв,https://www.dnes.bg/a/1-bulgaria/717372-sova-haris-pri-izbori-dnes-335-podkrepyat-radev-19-gerb-pp-db-112
"До 198 КАКВО Е БЕ! МЛАКНИ, БЕ!",Негативен,0.95,гняв,https://www.dnes.bg/a/1-bulgaria/717372-sova-haris-pri-izbori-dnes-335-podkrepyat-radev-19-gerb-pp-db-112
Рундьо със сигурност ще вкара Банкянския в Затвора.,Негативен,0.9,гняв,https://www.dnes.bg/a/1-bulgaria/717372-sova-haris-pri-izbori-dnes-335-podkrepyat-radev-19-gerb-pp-db-112
"Ако чета коментарите, направо се чудя, как Радев има повече от 2% ...",Негативен,0.85,недоумение,https://www.dnes.bg/a/1-bulgaria/717372-sova-haris-pri-izbori-dnes-335-podkrepyat-radev-19-gerb-pp-db-112
Сиание как ги слагате тия 3%Колко милиона души ще гласуват общо?Да сложиш име на коалиция на починалото ти дете е ..Турците ще си гласуват за ахмед доста със сиг няма да е 1%!,Негативен,0.85,възмущение,https://www.dnes.bg/a/1-bulgaria/717372-sova-haris-pri-izbori-dnes-335-podkrepyat-radev-19-gerb-pp-db-112
Чекмеджан е в несвяст.Зелените Чорапи го смаза.,Негативен,0.9,гняв,https://www.dnes.bg/a/1-bulgaria/717372-sova-haris-pri-izbori-dnes-335-podkrepyat-radev-19-gerb-pp-db-112
НАУЧИ БЪЛГАРСКИ!!!:))),Позитивен,0.85,радост,https://www.dnes.bg/a/1-bulgaria/717372-sova-haris-pri-izbori-dnes-335-podkrepyat-radev-19-gerb-pp-db-112
"тази нещо са се объркали, проценттите на Радев са 43",Негативен,0.8,раздразнение,https://www.dnes.bg/a/1-bulgaria/717372-sova-haris-pri-izbori-dnes-335-podkrepyat-radev-19-gerb-pp-db-112
Щом най корумпираните кадри на ПП-ДБ са още на постове в държавата ми е интересно кои ще гласува за тази пропаднала партия изградена от слугинаж на пеевски,Негативен,0.95,гняв,https://www.dnes.bg/a/1-bulgaria/717372-sova-haris-pri-izbori-dnes-335-podkrepyat-radev-19-gerb-pp-db-112
"Балонът Радев се надува, надува, надува....от оня, чието име не трябва да се споменава!!! А именно - ФСБ и дългата ръка на Решетников!",Негативен,0.95,гняв,https://www.dnes.bg/a/1-bulgaria/717372-sova-haris-pri-izbori-dnes-335-podkrepyat-radev-19-gerb-pp-db-112
РОЗОВИ ПРАСЕНЦА,Неутрален,0.8,спокойствие,https://www.dnes.bg/a/1-bulgaria/717372-sova-haris-pri-izbori-dnes-335-podkrepyat-radev-19-gerb-pp-db-112
Браво на Мистър КЕШ.И аз ще дам гласа си за Рундьо.,Негативен,0.9,презрение,https://www.dnes.bg/a/1-bulgaria/717372-sova-haris-pri-izbori-dnes-335-podkrepyat-radev-19-gerb-pp-db-112
"Регионализъм и подкрепа за местните производители, вместо глобализъм и ограбване! С бюлетина номер 14!",Негативен,0.85,възмущение,https://www.dnes.bg/a/1-bulgaria/717372-sova-haris-pri-izbori-dnes-335-podkrepyat-radev-19-gerb-pp-db-112
Успех на ГЕРБ на изборите ! Не на про-руската партия Боташ и петроханските и сателити !,Негативен,0.85,неприязън,https://www.dnes.bg/a/1-bulgaria/717372-sova-haris-pri-izbori-dnes-335-podkrepyat-radev-19-gerb-pp-db-112
"ЕВРОПА СЛЕД НЕГО, ШЕ СЕ ЗАНИМАВА С РАДЕВ.... ТОГАВА СОВАТА ДРУГА ПЕСЕН ШЕ ЗАПЕЕ.",Негативен,0.9,гняв,https://www.dnes.bg/a/1-bulgaria/717372-sova-haris-pri-izbori-dnes-335-podkrepyat-radev-19-gerb-pp-db-112
"Лъжете сови, орли и ястреби! Ама много лъжете! Не си мислете, че народът е ***! Радев ще има тези резуртати, само ако си ги купи! Възможно е, вече НЕГОВАТА ОРИГАРХИЯ: Бобокови, Копринков, Гергов, да са ги напазарували! Жалко ще е, този злобен човечец Радев, да продължава да въргти държавата на шиш?!",Негативен,0.95,гняв,https://www.dnes.bg/a/1-bulgaria/717372-sova-haris-pri-izbori-dnes-335-podkrepyat-radev-19-gerb-pp-db-112
този пилот вземе ли властта ще се опита да направи и президентска република и ептен ще пусне корени завинаги,Негативен,0.9,безпокойство,https://www.dnes.bg/a/1-bulgaria/717372-sova-haris-pri-izbori-dnes-335-podkrepyat-radev-19-gerb-pp-db-112
Давай Радев! Изрини кочинката!,Негативен,0.9,гняв,https://www.dnes.bg/a/1-bulgaria/717372-sova-haris-pri-izbori-dnes-335-podkrepyat-radev-19-gerb-pp-db-112
"До: Архивите са живиЩе си счупиш пръстите от зор,украински просещ архивар.",Негативен,0.95,гняв,https://www.dnes.bg/a/1-bulgaria/717372-sova-haris-pri-izbori-dnes-335-podkrepyat-radev-19-gerb-pp-db-112
"За Радев е по-важна Русия от България. Говори срещу ППДБ, а за Бирисов и Шиши се снишава. Те могат да купуват избори, но за Радев е проблем, че Гюров е поискал помощ ЕС за намесата на Русия в изборите, както правят руснаците и в Унгария за победа на Орбан.",Негативен,0.95,възмущение,https://www.dnes.bg/a/1-bulgaria/717372-sova-haris-pri-izbori-dnes-335-podkrepyat-radev-19-gerb-pp-db-112
"""Президентът Румен Радев има всички заслуги и напълно отговаря на условията да бъде удостоен със званието ПОЧЕТЕН ГРАЖДАНИН НА РУСКАТА ФЕДЕРАЦИЯ. Той ЯСНО РАЗБИРА ПОЛИТИКАТА, КОЯТО ВОДИ ВЛАДИМИР ПУТИН, а тя е да се установи нов световен ред и военната операция в Украйна да завърши с МИРНИ ПРЕГОВОРИ , като се изпълнят УСЛОВИЯТА НА МОСКВА.""Генерал Леонид Решетников17.02.2025",Позитивен,0.95,одобрение,https://www.dnes.bg/a/1-bulgaria/717372-sova-haris-pri-izbori-dnes-335-podkrepyat-radev-19-gerb-pp-db-112
