comment_text,article_url,article_title,comment_sentiment,comment_confidence,comment_dominant_emotion,article_title_sentiment,article_title_confidence,article_title_dominant_emotion,article_sentiment,article_confidence,article_dominant_emotion
И за коя партия копуват,https://www.dnes.bg/a/6-krimi/717533-za-kupuvane-na-glasove-obshtinski-savetnik-i-chlen-na-sik-sa-arestuvani,За купуване на гласове: Общински съветник и член на СИК са арестувани,Неутрален,0.72,любопитство,Негативен,0.78,тревога,Негативен,0.78,тревога
Дали това дело е внесено в съда,https://www.dnes.bg/a/6-krimi/717533-za-kupuvane-na-glasove-obshtinski-savetnik-i-chlen-na-sik-sa-arestuvani,За купуване на гласове: Общински съветник и член на СИК са арестувани,Неутрален,0.95,любопитство,Негативен,0.78,тревога,Негативен,0.78,тревога
"на зашпад такива ги вкарват в затвора, вие да сте чули някой в БГ затвор? няма и да чуете",https://www.dnes.bg/a/6-krimi/717533-za-kupuvane-na-glasove-obshtinski-savetnik-i-chlen-na-sik-sa-arestuvani,За купуване на гласове: Общински съветник и член на СИК са арестувани,Негативен,0.92,възмущение,Негативен,0.78,тревога,Негативен,0.78,тревога
"пари като шума, ама така е като искат да си запазят власта защото от там ще паднат още повече. Бедната душа се продава за 50 евро",https://www.dnes.bg/a/6-krimi/717533-za-kupuvane-na-glasove-obshtinski-savetnik-i-chlen-na-sik-sa-arestuvani,За купуване на гласове: Общински съветник и член на СИК са арестувани,Негативен,0.92,разочарование,Негативен,0.78,тревога,Негативен,0.78,тревога
"Забравихте да с споменете вчерашната сводка на служебния министър на МВР: в село .Долни Цибър Монтанско в списъците на гласуващите са включени 187 починали хора. В Пловдив двама души изтеглили от банка 87 хил. евро и ги напъхали в раниците си. Учудените чиновници от банката уведомили органите на МВР. Оказало се, че парите са предназначени за закупуване на гласове. С тези пари може да се закупят 1740-1800 гласа.",https://www.dnes.bg/a/6-krimi/717533-za-kupuvane-na-glasove-obshtinski-savetnik-i-chlen-na-sik-sa-arestuvani,За купуване на гласове: Общински съветник и член на СИК са арестувани,Негативен,0.88,възмущение,Негативен,0.78,тревога,Негативен,0.78,тревога
"До до възмутен. Хе-хе-хе, глyпак, че то точно това са кошаревските свидетели - явяват се пред СЪДА с фалшивите си показания. И как МВР доказват пък? Дума срещу дума - нито белязани банкноти, нито отпечатъци от пръсти, нито СРС-та - разговори или видео.",https://www.dnes.bg/a/6-krimi/717533-za-kupuvane-na-glasove-obshtinski-savetnik-i-chlen-na-sik-sa-arestuvani,За купуване на гласове: Общински съветник и член на СИК са арестувани,Негативен,0.92,гняв,Негативен,0.78,тревога,Негативен,0.78,тревога
"До 17. Много си скаран с истината. Ще намерят начин да им платят - или в деня на изборите, или след това. А някои на инат ще гласуват за Шиши и без пари. Но те само турците му стигат.",https://www.dnes.bg/a/6-krimi/717533-za-kupuvane-na-glasove-obshtinski-savetnik-i-chlen-na-sik-sa-arestuvani,За купуване на гласове: Общински съветник и член на СИК са арестувани,Негативен,0.86,гняв,Негативен,0.78,тревога,Негативен,0.78,тревога
"А бе Канев като заявявашразни неща ,що не заявиш за коя партия става въпрос ,а не разни интриганти да дрънкат каквото им падне и да набеждават невинни щото ги мразят?",https://www.dnes.bg/a/6-krimi/717533-za-kupuvane-na-glasove-obshtinski-savetnik-i-chlen-na-sik-sa-arestuvani,За купуване на гласове: Общински съветник и член на СИК са арестувани,Негативен,0.92,гняв,Негативен,0.78,тревога,Негативен,0.78,тревога
"До: ВинетуЕ толкова жалък слуга на Пеевски,че буди само съжаление.",https://www.dnes.bg/a/6-krimi/717533-za-kupuvane-na-glasove-obshtinski-savetnik-i-chlen-na-sik-sa-arestuvani,За купуване на гласове: Общински съветник и член на СИК са арестувани,Негативен,0.96,презрение,Негативен,0.78,тревога,Негативен,0.78,тревога
"До: ВъзмутенДали са показания пред съдия.Шиши да докаже,че не им е плащал и да ги съди за лъжесвидетелство.Ама надали.",https://www.dnes.bg/a/6-krimi/717533-za-kupuvane-na-glasove-obshtinski-savetnik-i-chlen-na-sik-sa-arestuvani,За купуване на гласове: Общински съветник и член на СИК са арестувани,Негативен,0.86,възмущение,Негативен,0.78,тревога,Негативен,0.78,тревога
"До: Гледна точкаЕ,ще постигнат.Най-малкото е,че тези като не си вземат 50евро,просто не гласуват.Не помниш.ли Пазарджик?Шишо изкупи всичко и ГЕРБ останаха с 6%.",https://www.dnes.bg/a/6-krimi/717533-za-kupuvane-na-glasove-obshtinski-savetnik-i-chlen-na-sik-sa-arestuvani,За купуване на гласове: Общински съветник и член на СИК са арестувани,Негативен,0.78,разочарование,Негативен,0.78,тревога,Негативен,0.78,тревога
"До дървения шоп. И точно ТИ пък как го разбра това бе, оххлюв невзрачен? Или и ти си от тези, които дишат единствено благодарение на омразата си към Борисов? А, и не си сменяй ника, много ти отива.",https://www.dnes.bg/a/6-krimi/717533-za-kupuvane-na-glasove-obshtinski-savetnik-i-chlen-na-sik-sa-arestuvani,За купуване на гласове: Общински съветник и член на СИК са арестувани,Негативен,0.98,гняв,Негативен,0.78,тревога,Негативен,0.78,тревога
"До 13. Кое е да е можело ве, глyпак наивен? Нито нещо съществено ще постигнат, нито това е нещо ново. И преди е имало такива акции, просто преди не се шумеше, а тези сега за всяко измислено задържане тръбят по всички медии.",https://www.dnes.bg/a/6-krimi/717533-za-kupuvane-na-glasove-obshtinski-savetnik-i-chlen-na-sik-sa-arestuvani,За купуване на гласове: Общински съветник и член на СИК са арестувани,Негативен,0.94,гняв,Негативен,0.78,тревога,Негативен,0.78,тревога
"А откъде са сигурни, че тези 11 000 евро за купуване на гласове, а не са за заеми? И че тримата кошаревски свидетели не клепат с фалшиви изявления?",https://www.dnes.bg/a/6-krimi/717533-za-kupuvane-na-glasove-obshtinski-savetnik-i-chlen-na-sik-sa-arestuvani,За купуване на гласове: Общински съветник и член на СИК са арестувани,Негативен,0.82,недоверие,Негативен,0.78,тревога,Негативен,0.78,тревога
Можело значи се оказва,https://www.dnes.bg/a/6-krimi/717533-za-kupuvane-na-glasove-obshtinski-savetnik-i-chlen-na-sik-sa-arestuvani,За купуване на гласове: Общински съветник и член на СИК са арестувани,Неутрален,0.62,изненада,Негативен,0.78,тревога,Негативен,0.78,тревога
Дпс е.... А вие не гласувайте че да не вземе да се промени нещо,https://www.dnes.bg/a/6-krimi/717533-za-kupuvane-na-glasove-obshtinski-savetnik-i-chlen-na-sik-sa-arestuvani,За купуване на гласове: Общински съветник и член на СИК са арестувани,Негативен,0.82,разочарование,Негативен,0.78,тревога,Негативен,0.78,тревога
"Купуват продават, ама ти да видиш! 6.5 мил. имали право да гласуват!!! Ей там ви цакат най отзад!!!",https://www.dnes.bg/a/6-krimi/717533-za-kupuvane-na-glasove-obshtinski-savetnik-i-chlen-na-sik-sa-arestuvani,За купуване на гласове: Общински съветник и член на СИК са арестувани,Негативен,0.93,гняв,Негативен,0.78,тревога,Негативен,0.78,тревога
"Браво, добре ги подбраха дилърите на шonapa!!!",https://www.dnes.bg/a/6-krimi/717533-za-kupuvane-na-glasove-obshtinski-savetnik-i-chlen-na-sik-sa-arestuvani,За купуване на гласове: Общински съветник и член на СИК са арестувани,Позитивен,0.72,одобрение,Негативен,0.78,тревога,Негативен,0.78,тревога
А тези предизборни ремонти на пътища ще ги проверите ли финансират ли някой?,https://www.dnes.bg/a/6-krimi/717533-za-kupuvane-na-glasove-obshtinski-savetnik-i-chlen-na-sik-sa-arestuvani,За купуване на гласове: Общински съветник и член на СИК са арестувани,Негативен,0.82,недоверие,Негативен,0.78,тревога,Негативен,0.78,тревога
"Поне при купуването и продаването инфлацията не е толкова голяма. Как не са почнали и по сметка да ги превеждат, че да не ги хващат от полицията?",https://www.dnes.bg/a/6-krimi/717533-za-kupuvane-na-glasove-obshtinski-savetnik-i-chlen-na-sik-sa-arestuvani,За купуване на гласове: Общински съветник и член на СИК са арестувани,Негативен,0.72,ирония,Негативен,0.78,тревога,Негативен,0.78,тревога
"добре де, що не казват че толкоз кинти дават само ППДБДЕБИЛИТЕ от Петpoxaн. Щот умник гюро, емо узото и голямото ухо са ппдебедебили?",https://www.dnes.bg/a/6-krimi/717533-za-kupuvane-na-glasove-obshtinski-savetnik-i-chlen-na-sik-sa-arestuvani,За купуване на гласове: Общински съветник и член на СИК са арестувани,Негативен,0.95,гняв,Негативен,0.78,тревога,Негативен,0.78,тревога
"Гн Министър Дечев,гн *** Секретар на МВР,защо гн Деректор на ОД МВР гр Смолян гн Пачеджиев не размести полицаите от гр Доспат,те са послушковците на общ кмет гн Елин Радев.Те помагат за копуване на гласове и прикриване на всички далавери.Това трябваше даго направите в началото.Сега е разгара на всички далавери.",https://www.dnes.bg/a/6-krimi/717533-za-kupuvane-na-glasove-obshtinski-savetnik-i-chlen-na-sik-sa-arestuvani,За купуване на гласове: Общински съветник и член на СИК са арестувани,Негативен,0.95,гняв,Негативен,0.78,тревога,Негативен,0.78,тревога
Сега разбрахте ли защо Тиквата и Сви н та не искат да се гласува с машини!,https://www.dnes.bg/a/6-krimi/717491-mashtabna-aktsiya-sreshtu-kupeniya-vot-v-montansko-izzeha-dokumenti-na-pochinali,Мащабна акция срещу купения вот в Монтанско: Иззеха документи на починали,Негативен,0.92,гняв,Негативен,0.92,тревога,Негативен,0.92,тревога
"До 7. Кметът на Монтана, Златко Живков, НЕ Е от ГЕРБ!",https://www.dnes.bg/a/6-krimi/717491-mashtabna-aktsiya-sreshtu-kupeniya-vot-v-montansko-izzeha-dokumenti-na-pochinali,Мащабна акция срещу купения вот в Монтанско: Иззеха документи на починали,Неутрален,0.74,раздразнение,Негативен,0.92,тревога,Негативен,0.92,тревога
До 21. Точно ТИ пък откъде го знаеш това? А и нали новият министър с поглед на пациент от психиатрична клиника смени всички директори на ОДМВР?,https://www.dnes.bg/a/6-krimi/717491-mashtabna-aktsiya-sreshtu-kupeniya-vot-v-montansko-izzeha-dokumenti-na-pochinali,Мащабна акция срещу купения вот в Монтанско: Иззеха документи на починали,Негативен,0.92,гняв,Негативен,0.92,тревога,Негативен,0.92,тревога
"До 20. Не, нищо няма да направи радеф. А и няма за какво.",https://www.dnes.bg/a/6-krimi/717491-mashtabna-aktsiya-sreshtu-kupeniya-vot-v-montansko-izzeha-dokumenti-na-pochinali,Мащабна акция срещу купения вот в Монтанско: Иззеха документи на починали,Негативен,0.62,скептицизъм,Негативен,0.92,тревога,Негативен,0.92,тревога
МВР е замесено.Те трябва да издирят личните карти на починалите в определен от закона срок.Цялата полиция в монтанско е обвързана с ГЕРБ.,https://www.dnes.bg/a/6-krimi/717491-mashtabna-aktsiya-sreshtu-kupeniya-vot-v-montansko-izzeha-dokumenti-na-pochinali,Мащабна акция срещу купения вот в Монтанско: Иззеха документи на починали,Негативен,0.92,гняв,Негативен,0.92,тревога,Негативен,0.92,тревога
"Тиквата и *** правеха това 20 години, ама нямаше кой да ги спре. Бяха завладяли цялата Държава. Дано Радев сложи край на това.",https://www.dnes.bg/a/6-krimi/717491-mashtabna-aktsiya-sreshtu-kupeniya-vot-v-montansko-izzeha-dokumenti-na-pochinali,Мащабна акция срещу купения вот в Монтанско: Иззеха документи на починали,Негативен,0.92,гняв,Негативен,0.92,тревога,Негативен,0.92,тревога
"До: 1у северозападнал татарстан осемдесе процента от колите над 10 000 лева се водат на умрели инвалиди, тихо ся",https://www.dnes.bg/a/6-krimi/717491-mashtabna-aktsiya-sreshtu-kupeniya-vot-v-montansko-izzeha-dokumenti-na-pochinali,Мащабна акция срещу купения вот в Монтанско: Иззеха документи на починали,Негативен,0.78,възмущение,Негативен,0.92,тревога,Негативен,0.92,тревога
"А защо продължават да се водят имоти, коли, сметки за парно, ток и вода на името на ПОЧИНАЛИ хора???",https://www.dnes.bg/a/6-krimi/717491-mashtabna-aktsiya-sreshtu-kupeniya-vot-v-montansko-izzeha-dokumenti-na-pochinali,Мащабна акция срещу купения вот в Монтанско: Иззеха документи на починали,Негативен,0.92,възмущение,Негативен,0.92,тревога,Негативен,0.92,тревога
"вчера филолог, днеска спортното в монтана, люлинския шебек е всестранно развита личност. междувременно за един следобед полицейското управление в сарасота е хванало квотата на българските милиционери за изтеклата седмица.",https://www.dnes.bg/a/6-krimi/717491-mashtabna-aktsiya-sreshtu-kupeniya-vot-v-montansko-izzeha-dokumenti-na-pochinali,Мащабна акция срещу купения вот в Монтанско: Иззеха документи на починали,Негативен,0.86,презрение,Негативен,0.92,тревога,Негативен,0.92,тревога
"До: анонименчичангелес, ти си педесе годишен люлински морук, нема как човека с мустаците да ти е предавал в спортното. тънко отадминистрирай З да не е е абаротнае че направа падладявамь",https://www.dnes.bg/a/6-krimi/717491-mashtabna-aktsiya-sreshtu-kupeniya-vot-v-montansko-izzeha-dokumenti-na-pochinali,Мащабна акция срещу купения вот в Монтанско: Иззеха документи на починали,Негативен,0.87,гняв,Негативен,0.92,тревога,Негативен,0.92,тревога
"До: анонимен....13 ...Ти колко поэнаваш кмета на Монтана? Щото аэ го поэнавам горе долу. Беше ми учител по история 4 г. и 2 г. директор, в спортното. И не съм на твоето мнение",https://www.dnes.bg/a/6-krimi/717491-mashtabna-aktsiya-sreshtu-kupeniya-vot-v-montansko-izzeha-dokumenti-na-pochinali,Мащабна акция срещу купения вот в Монтанско: Иззеха документи на починали,Неутрален,0.78,несъгласие,Негативен,0.92,тревога,Негативен,0.92,тревога
"ППДБ яко ги е подсирило, че пеевски ше им вземе северозапада и думкат сензации и с двете цеви. последния път заради тех станахме клиенти на росатом, да видиме след следващата окъкана показна акция дали нема да станеме клиенти и на тюрк телеком",https://www.dnes.bg/a/6-krimi/717491-mashtabna-aktsiya-sreshtu-kupeniya-vot-v-montansko-izzeha-dokumenti-na-pochinali,Мащабна акция срещу купения вот в Монтанско: Иззеха документи на починали,Негативен,0.88,гняв,Негативен,0.92,тревога,Негативен,0.92,тревога
"До: анонимен7 кметовете на враца и монтана са от ДСи са от кой им кажат, че са.",https://www.dnes.bg/a/6-krimi/717491-mashtabna-aktsiya-sreshtu-kupeniya-vot-v-montansko-izzeha-dokumenti-na-pochinali,Мащабна акция срещу купения вот в Монтанско: Иззеха документи на починали,Негативен,0.78,недоверие,Негативен,0.92,тревога,Негативен,0.92,тревога
"До: анонимен10 прибират рецетата от махалите , съветват ги и го отчитат като борба с купените гласове. там къде са намирали пищаци и ганджа намират пищаци и ганджа. нашия пише 60% рейтинг и успешни мисии, като се едно играе на света на танкувити, и пъчи, щото иначе хората ше почнат да питат кво стана със знаковите разследвания и къде е пепи еврото.",https://www.dnes.bg/a/6-krimi/717491-mashtabna-aktsiya-sreshtu-kupeniya-vot-v-montansko-izzeha-dokumenti-na-pochinali,Мащабна акция срещу купения вот в Монтанско: Иззеха документи на починали,Негативен,0.87,разочарование,Негативен,0.92,тревога,Негативен,0.92,тревога
"Този МВР шеф вече просто кърти *** с показните си изпълнения. След фризьорките, магазинерките и лихварите сега е редът на починалите. Как да разбере милиционерската му кратуна, че картата на починал автоматично става невалидна след смъртта му и няма как да се използва за каквото и да било. Въпрос на елементарна проверка е.",https://www.dnes.bg/a/6-krimi/717491-mashtabna-aktsiya-sreshtu-kupeniya-vot-v-montansko-izzeha-dokumenti-na-pochinali,Мащабна акция срещу купения вот в Монтанско: Иззеха документи на починали,Негативен,0.98,гняв,Негативен,0.92,тревога,Негативен,0.92,тревога
Значи много добре са ги знаели преди това...,https://www.dnes.bg/a/6-krimi/717491-mashtabna-aktsiya-sreshtu-kupeniya-vot-v-montansko-izzeha-dokumenti-na-pochinali,Мащабна акция срещу купения вот в Монтанско: Иззеха документи на починали,Негативен,0.68,подозрение,Негативен,0.92,тревога,Негативен,0.92,тревога
кметовете на враца и монтана са от герб,https://www.dnes.bg/a/6-krimi/717491-mashtabna-aktsiya-sreshtu-kupeniya-vot-v-montansko-izzeha-dokumenti-na-pochinali,Мащабна акция срещу купения вот в Монтанско: Иззеха документи на починали,Неутрален,0.95,неутралност,Негативен,0.92,тревога,Негативен,0.92,тревога
Поръчителя е важно да се хване не само посредника. Те тия са като бушони и ги сменят.,https://www.dnes.bg/a/6-krimi/717491-mashtabna-aktsiya-sreshtu-kupeniya-vot-v-montansko-izzeha-dokumenti-na-pochinali,Мащабна акция срещу купения вот в Монтанско: Иззеха документи на починали,Негативен,0.82,недоволство,Негативен,0.92,тревога,Негативен,0.92,тревога
До 1 Какво против читалищата имаш?,https://www.dnes.bg/a/6-krimi/717491-mashtabna-aktsiya-sreshtu-kupeniya-vot-v-montansko-izzeha-dokumenti-na-pochinali,Мащабна акция срещу купения вот в Монтанско: Иззеха документи на починали,Негативен,0.58,раздразнение,Негативен,0.92,тревога,Негативен,0.92,тревога
И тримата ли са шведи?,https://www.dnes.bg/a/6-krimi/717491-mashtabna-aktsiya-sreshtu-kupeniya-vot-v-montansko-izzeha-dokumenti-na-pochinali,Мащабна акция срещу купения вот в Монтанско: Иззеха документи на починали,Неутрален,0.95,любопитство,Негативен,0.92,тревога,Негативен,0.92,тревога
"абе много акции станаха , дано не объркат да арестуват некой от наще",https://www.dnes.bg/a/6-krimi/717491-mashtabna-aktsiya-sreshtu-kupeniya-vot-v-montansko-izzeha-dokumenti-na-pochinali,Мащабна акция срещу купения вот в Монтанско: Иззеха документи на починали,Негативен,0.78,тревога,Негативен,0.92,тревога,Негативен,0.92,тревога
": , , ; . кой разбрал разбрал",https://www.dnes.bg/a/6-krimi/717491-mashtabna-aktsiya-sreshtu-kupeniya-vot-v-montansko-izzeha-dokumenti-na-pochinali,Мащабна акция срещу купения вот в Монтанско: Иззеха документи на починали,Неутрален,0.72,безразличие,Негативен,0.92,тревога,Негативен,0.92,тревога
"къде, от кой, колко, какво ... тиеа читалищната журналистика. ""един човек каза че евентуално ако може защото би трябвало може би окончателно ...",https://www.dnes.bg/a/6-krimi/717491-mashtabna-aktsiya-sreshtu-kupeniya-vot-v-montansko-izzeha-dokumenti-na-pochinali,Мащабна акция срещу купения вот в Монтанско: Иззеха документи на починали,Негативен,0.78,раздразнение,Негативен,0.92,тревога,Негативен,0.92,тревога
;)))) elektronno pravitelstvo...,https://www.dnes.bg/a/1-bulgaria/717461-srokat-za-otstranyavaneto-na-greshki-v-izbiratelnite-spisatsi-izticha-na-11-april,Срокът за отстраняването на грешки в избирателните списъци изтича на 11 април,Позитивен,0.72,развеселеност,Неутрален,0.92,спокойствие,Неутрален,0.92,спокойствие
"К'ви грешки баце? Вчера по новините казаха, че 6.5 мил. имали право да гласуват!!! Смятай к'во се случва? Докато не се въведе активна регистрация ниц оправия!",https://www.dnes.bg/a/1-bulgaria/717461-srokat-za-otstranyavaneto-na-greshki-v-izbiratelnite-spisatsi-izticha-na-11-april,Срокът за отстраняването на грешки в избирателните списъци изтича на 11 април,Негативен,0.88,недоволство,Неутрален,0.92,спокойствие,Неутрален,0.92,спокойствие
"а може ли още да се гласува с лична карта, снимана на телефона?",https://www.dnes.bg/a/1-bulgaria/717461-srokat-za-otstranyavaneto-na-greshki-v-izbiratelnite-spisatsi-izticha-na-11-april,Срокът за отстраняването на грешки в избирателните списъци изтича на 11 април,Неутрален,0.95,любопитство,Неутрален,0.92,спокойствие,Неутрален,0.92,спокойствие
отстранете най голямата грешка - прогресиста румен,https://www.dnes.bg/a/1-bulgaria/717461-srokat-za-otstranyavaneto-na-greshki-v-izbiratelnite-spisatsi-izticha-na-11-april,Срокът за отстраняването на грешки в избирателните списъци изтича на 11 април,Негативен,0.88,гняв,Неутрален,0.92,спокойствие,Неутрален,0.92,спокойствие
"Този ЦИК не може да бъде гарант за честни избори, там са кукли на конци, а кой дърпа конците на всички е ясно.",https://www.dnes.bg/a/1-bulgaria/717461-srokat-za-otstranyavaneto-na-greshki-v-izbiratelnite-spisatsi-izticha-na-11-april,Срокът за отстраняването на грешки в избирателните списъци изтича на 11 април,Негативен,0.95,недоверие,Неутрален,0.92,спокойствие,Неутрален,0.92,спокойствие
Радев е еманация на презрението и подигравката на олигархията ни към нас останалите.,https://www.dnes.bg/a/1-bulgaria/717450-rumen-radev-balgariya-ne-e-bedna-a-losho-upravlyavana-strana,"Румен Радев: България не е бедна, а лошо управлявана страна",Негативен,0.95,презрение,Негативен,0.82,недоволство,Негативен,0.82,недоволство
"tasi izvratena razvratna bg sadebna systema likvidirame totalno, vsichkiat personal uvolnenie i publichna zabrana za zaemane na vsiakakav vid deinost v darjavna bg administracia. snimkite i imenata im v black lista! ili ste ima masovi strelbi!",https://www.dnes.bg/a/1-bulgaria/717450-rumen-radev-balgariya-ne-e-bedna-a-losho-upravlyavana-strana,"Румен Радев: България не е бедна, а лошо управлявана страна",Негативен,0.98,гняв,Негативен,0.82,недоволство,Негативен,0.82,недоволство
Баце продължи тяхното крадливо дело...,https://www.dnes.bg/a/1-bulgaria/717450-rumen-radev-balgariya-ne-e-bedna-a-losho-upravlyavana-strana,"Румен Радев: България не е бедна, а лошо управлявана страна",Негативен,0.92,гняв,Негативен,0.82,недоволство,Негативен,0.82,недоволство
Боташ.,https://www.dnes.bg/a/1-bulgaria/717450-rumen-radev-balgariya-ne-e-bedna-a-losho-upravlyavana-strana,"Румен Радев: България не е бедна, а лошо управлявана страна",Неутрален,0.95,неутралност,Негативен,0.82,недоволство,Негативен,0.82,недоволство
parvata dama na upravitela iztarvala konia v riakata...,https://www.dnes.bg/a/1-bulgaria/717450-rumen-radev-balgariya-ne-e-bedna-a-losho-upravlyavana-strana,"Румен Радев: България не е бедна, а лошо управлявана страна",Негативен,0.72,тревога,Негативен,0.82,недоволство,Негативен,0.82,недоволство
"Толкова обичам бедните, че като дойда ще създам още повече такива!",https://www.dnes.bg/a/1-bulgaria/717450-rumen-radev-balgariya-ne-e-bedna-a-losho-upravlyavana-strana,"Румен Радев: България не е бедна, а лошо управлявана страна",Негативен,0.95,сарказъм,Негативен,0.82,недоволство,Негативен,0.82,недоволство
rradevi sa obiknoveni christianski teroristi.,https://www.dnes.bg/a/1-bulgaria/717450-rumen-radev-balgariya-ne-e-bedna-a-losho-upravlyavana-strana,"Румен Радев: България не е бедна, а лошо управлявана страна",Негативен,0.93,гняв,Негативен,0.82,недоволство,Негативен,0.82,недоволство
"Точно Радев ли ще направи държавата богата? Тази мантра, че ""държавата не е бедна, но много се краде"" сме го чували и от царя, и от Тодор Живков - все нарочени за месии. И нито един от двамата не успя да спре обезлюдяването и кражбите . Защото бяха част от крадците.",https://www.dnes.bg/a/1-bulgaria/717450-rumen-radev-balgariya-ne-e-bedna-a-losho-upravlyavana-strana,"Румен Радев: България не е бедна, а лошо управлявана страна",Негативен,0.92,разочарование,Негативен,0.82,недоволство,Негативен,0.82,недоволство
Na 19.4 za rradev tekme i out v oboriste pri ahmed dogan ;)))) pochiten prestapnik na rbg... a moje i pri aleksei po barzata pista...,https://www.dnes.bg/a/1-bulgaria/717450-rumen-radev-balgariya-ne-e-bedna-a-losho-upravlyavana-strana,"Румен Радев: България не е бедна, а лошо управлявана страна",Негативен,0.82,презрение,Негативен,0.82,недоволство,Негативен,0.82,недоволство
"България е не лошо управлявана,а абсолютно неграмотно управлявана защото:на избори ходят изплюскалите тройка кюфтета аборигени,""спечелили"" по стотачка скръндзи и,купените с държавни службици калинки-като изборен резултат е избран селяндурски дембелин,с някакво ""образование"",*** по възпитание,абсолютно ограничен и тесногръд индивид!Е какво очаквате като резултат?",https://www.dnes.bg/a/1-bulgaria/717450-rumen-radev-balgariya-ne-e-bedna-a-losho-upravlyavana-strana,"Румен Радев: България не е бедна, а лошо управлявана страна",Негативен,0.98,гняв,Негативен,0.82,недоволство,Негативен,0.82,недоволство
"Внимание! Прогресивни измамници на хоризинта! Този, като че не е бил от управляващите, а е гледал отстрани. И сега какво: Олигарсите ми са по-добри от олигарсите ти :) България не била бедна страна, а лошо управлявана, и този чак сега ли го разбра? Сигурно не е чак толкова умен :) Какво стана с Български възход, да не го преименуваха на Българско падение? Дали ще участва на изборите генерал Янев :)",https://www.dnes.bg/a/1-bulgaria/717450-rumen-radev-balgariya-ne-e-bedna-a-losho-upravlyavana-strana,"Румен Радев: България не е бедна, а лошо управлявана страна",Негативен,0.94,сарказъм,Негативен,0.82,недоволство,Негативен,0.82,недоволство
To тaka cu e! Harлegeн npuмep зa лoшo ynpaвлeнue e goroвopa c Бoтaш!,https://www.dnes.bg/a/1-bulgaria/717450-rumen-radev-balgariya-ne-e-bedna-a-losho-upravlyavana-strana,"Румен Радев: България не е бедна, а лошо управлявана страна",Негативен,0.92,разочарование,Негативен,0.82,недоволство,Негативен,0.82,недоволство
Румбата Бойчето Дидо Дебелия. Все наши ребята.,https://www.dnes.bg/a/1-bulgaria/717450-rumen-radev-balgariya-ne-e-bedna-a-losho-upravlyavana-strana,"Румен Радев: България не е бедна, а лошо управлявана страна",Позитивен,0.72,дружелюбие,Негативен,0.82,недоволство,Негативен,0.82,недоволство
"Хора, Не се вълнувайте толкова, ще има още от същото. Явно, като народ, не можем да излъчим и изберем можеши и мислещи за хората политици. Комунистическата номенклатура и агентура си ни управляваи ще продължат. Ако не е Радев, ще е Бойко, ако не е Бойко ще е Делян, ако не е Делян ще е друг подобен. Царе, Станищевци, Костовци и т.н. Просто не се смени номенклатурата. Прибраха парите и си държат властта и стават все по-брутални за обикновените хора и унищожават България, бавно и устойчиво.",https://www.dnes.bg/a/1-bulgaria/717450-rumen-radev-balgariya-ne-e-bedna-a-losho-upravlyavana-strana,"Румен Радев: България не е бедна, а лошо управлявана страна",Негативен,0.96,разочарование,Негативен,0.82,недоволство,Негативен,0.82,недоволство
"Да Радев, и ти носиш персонална вина за кражбите през последните 9 години! Предсрочни избори на килограм и служебни правителства! Назначи шарлатаните от ПП-ДБ, Киро простото - незаконно, погази Конституцията! Твое служебно правителство подписа Боташ и всеки ден плащаме на Турция по 1 милион евро! Ти Радев, виждаш ли ВИНАТА си, или ти е удобно само да критикуваш останалите?!",https://www.dnes.bg/a/1-bulgaria/717450-rumen-radev-balgariya-ne-e-bedna-a-losho-upravlyavana-strana,"Румен Радев: България не е бедна, а лошо управлявана страна",Негативен,0.98,гняв,Негативен,0.82,недоволство,Негативен,0.82,недоволство
"Народа като чуе Президент иси мисли ,че има правата на Тръмп, Макрон или Ердоган, само, че това са президентски републики, а ние сме парламентарна, в българия президента е само един чиновник, който преставлява България в разни незначими мероприятия и няма никаква сьила...",https://www.dnes.bg/a/1-bulgaria/717450-rumen-radev-balgariya-ne-e-bedna-a-losho-upravlyavana-strana,"Румен Радев: България не е бедна, а лошо управлявана страна",Негативен,0.86,разочарование,Негативен,0.82,недоволство,Негативен,0.82,недоволство
"Девет години като беше президент къде спа и не спря корупцията, с ядеше и пиеше на една маса с олигарсите. Съсипаха и плодородната земя на юг и всички мълчат. Страоят се блокчета по 4 етажа и се застрояват зелени площи, което е кощунство. Блокове под 9 етажа за големите градове не бива да се разрешават.",https://www.dnes.bg/a/1-bulgaria/717450-rumen-radev-balgariya-ne-e-bedna-a-losho-upravlyavana-strana,"Румен Радев: България не е бедна, а лошо управлявана страна",Негативен,0.95,гняв,Негативен,0.82,недоволство,Негативен,0.82,недоволство
Все едни и същи слагате начело на държавата. Няма кяк да се оправите.,https://www.dnes.bg/a/1-bulgaria/717450-rumen-radev-balgariya-ne-e-bedna-a-losho-upravlyavana-strana,"Румен Радев: България не е бедна, а лошо управлявана страна",Негативен,0.92,разочарование,Негативен,0.82,недоволство,Негативен,0.82,недоволство
"Радев е ""олигархията"" в България! Божков , Гергов , Бобокови , Копринков , Доган .Цветан Василев,...всичките стоят зад него !",https://www.dnes.bg/a/1-bulgaria/717450-rumen-radev-balgariya-ne-e-bedna-a-losho-upravlyavana-strana,"Румен Радев: България не е бедна, а лошо управлявана страна",Негативен,0.92,гняв,Негативен,0.82,недоволство,Негативен,0.82,недоволство
кифлю,https://www.dnes.bg/a/1-bulgaria/717450-rumen-radev-balgariya-ne-e-bedna-a-losho-upravlyavana-strana,"Румен Радев: България не е бедна, а лошо управлявана страна",Негативен,0.72,презрение,Негативен,0.82,недоволство,Негативен,0.82,недоволство
"Интересен факт - колкото повече платените писачи на олигархията оплюват Радев, толкова повече хора решават да гласуват за него. Никой не иска да е в един кюп с такива писачи или да остави господарите им да ни управляват",https://www.dnes.bg/a/1-bulgaria/717450-rumen-radev-balgariya-ne-e-bedna-a-losho-upravlyavana-strana,"Румен Радев: България не е бедна, а лошо управлявана страна",Негативен,0.86,гняв,Негативен,0.82,недоволство,Негативен,0.82,недоволство
поне най накрая ще погребем бсп едиственото свясно нещо от целия тоя фарс,https://www.dnes.bg/a/1-bulgaria/717450-rumen-radev-balgariya-ne-e-bedna-a-losho-upravlyavana-strana,"Румен Радев: България не е бедна, а лошо управлявана страна",Негативен,0.86,злорадство,Негативен,0.82,недоволство,Негативен,0.82,недоволство
"Цитат: Румен Радев каза, че Прогресивна България си поставя за цел изхвърляне на олигархията от политическата власт, разграждане на модела Борисов-Пеевски и спиране на достъпа му до публичен ресурс. +++ Това не е достатъчно. ГЕРБ, СДС и ДПС-НН откраднаха стотици милиарди. Трябва да се върне на България поне част от тези милиарди",https://www.dnes.bg/a/1-bulgaria/717450-rumen-radev-balgariya-ne-e-bedna-a-losho-upravlyavana-strana,"Румен Радев: България не е бедна, а лошо управлявана страна",Негативен,0.88,гняв,Негативен,0.82,недоволство,Негативен,0.82,недоволство
най обикновенолайно си рундю,https://www.dnes.bg/a/1-bulgaria/717450-rumen-radev-balgariya-ne-e-bedna-a-losho-upravlyavana-strana,"Румен Радев: България не е бедна, а лошо управлявана страна",Негативен,0.98,презрение,Негативен,0.82,недоволство,Негативен,0.82,недоволство
300 00 пълни *** ще го направят първи нищо няма да постигне естествено там гълаби мълаби служебни му ги знаем дори няма да му стигнат за правителство и 6 месежа после цирк до новите избори където ще замине в канафката,https://www.dnes.bg/a/1-bulgaria/717450-rumen-radev-balgariya-ne-e-bedna-a-losho-upravlyavana-strana,"Румен Радев: България не е бедна, а лошо управлявана страна",Негативен,0.93,гняв,Негативен,0.82,недоволство,Негативен,0.82,недоволство
"До Архивите са живиСамо за това, че е заявил такова нещо публично, трябва да бъде изхвърлен от политиката и съдебната власт да се заеме с него! Тази ""Панорама"" не съм я гледал! Това е толкова скандално изявление!",https://www.dnes.bg/a/1-bulgaria/717450-rumen-radev-balgariya-ne-e-bedna-a-losho-upravlyavana-strana,"Румен Радев: България не е бедна, а лошо управлявана страна",Негативен,0.96,гняв,Негативен,0.82,недоволство,Негативен,0.82,недоволство
"Не можех да си спомня името на каратистката... Сега го намерих в нета - не Нора, а Ивет Горанова. И тя иска да става депутатка. Така де, не се живее само с реклама на болкоуспокояващия препарат Алгасан акут долор...",https://www.dnes.bg/a/1-bulgaria/717450-rumen-radev-balgariya-ne-e-bedna-a-losho-upravlyavana-strana,"Румен Радев: България не е бедна, а лошо управлявана страна",Негативен,0.72,ирония,Негативен,0.82,недоволство,Негативен,0.82,недоволство
"Олигархията се изхвърля от политическата власт като се поставят в листите на прогресивна България синовете на олигарсите! Гергов, Бобокови, Ковачки, Вълканов, Василев ну да олигарси а ПРОГРЕСИВНИ ИНДУСТРИАЛЦИ!!!! М у н ч о нагло се гаври с избирателите си!",https://www.dnes.bg/a/1-bulgaria/717450-rumen-radev-balgariya-ne-e-bedna-a-losho-upravlyavana-strana,"Румен Радев: България не е бедна, а лошо управлявана страна",Негативен,0.96,гняв,Негативен,0.82,недоволство,Негативен,0.82,недоволство
"Ако хората смятат, че спортисти ще оправят положението - много са елементарни. Вижте само как са му подредени листите - спортист, военен, спортист, военен. Както едно време - роднина, милиционер. Енчо Кирязов, Владо Николов, Нора Милева... Парламент ли ще избираме, или председател на БСФС?",https://www.dnes.bg/a/1-bulgaria/717450-rumen-radev-balgariya-ne-e-bedna-a-losho-upravlyavana-strana,"Румен Радев: България не е бедна, а лошо управлявана страна",Негативен,0.93,раздразнение,Негативен,0.82,недоволство,Негативен,0.82,недоволство
"Добре ли я управляваха бедна България, твоите служебни правителства? Колко на брой Радев?!",https://www.dnes.bg/a/1-bulgaria/717450-rumen-radev-balgariya-ne-e-bedna-a-losho-upravlyavana-strana,"Румен Радев: България не е бедна, а лошо управлявана страна",Негативен,0.92,гняв,Негативен,0.82,недоволство,Негативен,0.82,недоволство
"Да Радев, и ти сош персонална вина за последните 9 години! Предсрочни избори на килограм и служебни правителства! Назначи шарлатаните от ПП-ДБ, Киро простото - незаконно, погази Конституцията! Твое служебно правителство подписа Боташ и всеки ден плащаме на Турция по 1 милион евро! Ти Радев, виждаш ли ВИНАТА си, или ти е удобно само да критикуваш останалите?!",https://www.dnes.bg/a/1-bulgaria/717450-rumen-radev-balgariya-ne-e-bedna-a-losho-upravlyavana-strana,"Румен Радев: България не е бедна, а лошо управлявана страна",Негативен,0.98,гняв,Негативен,0.82,недоволство,Негативен,0.82,недоволство
"До: анонимен92. Само в главата ти има линчуване, самоуправство и т.н... Но няма да седна да ти обяснявам как се случват нещата в цивилизовано и грамотно общество, след като си вещ... Има - да, население, които не живее в даден район, местност, община, област дори и не знае за това, какво се случва и трябва да се направи в друга община. Ти ако си от Сусурлево например, знаеш ли в Горно *** какви са им проблемите? Илитерат",https://www.dnes.bg/a/1-bulgaria/717450-rumen-radev-balgariya-ne-e-bedna-a-losho-upravlyavana-strana,"Румен Радев: България не е бедна, а лошо управлявана страна",Негативен,0.95,гняв,Негативен,0.82,недоволство,Негативен,0.82,недоволство
"Прогресивните индустриалци, които са зад това същество не разбраха ли, че то и за ХАСКОВСКИ ПЪДАРИН не става? Поне да бяха наели някой по умен да му пише изказванията.",https://www.dnes.bg/a/1-bulgaria/717450-rumen-radev-balgariya-ne-e-bedna-a-losho-upravlyavana-strana,"Румен Радев: България не е бедна, а лошо управлявана страна",Негативен,0.97,презрение,Негативен,0.82,недоволство,Негативен,0.82,недоволство
"До: случаен минувач""ЗА ДОГОВОРА С БОТАШ "" Румен Радев - Как и на какво основание смятате, че договора е неизгоден?Б. В. -ЗАГУБИ ОТ МИЛИОН на ден, успешни ли са?Румен Радев - А вие на това казвате ЗАГУБИ?Радев пред ""Панорама"" 30.01.2026",https://www.dnes.bg/a/1-bulgaria/717450-rumen-radev-balgariya-ne-e-bedna-a-losho-upravlyavana-strana,"Румен Радев: България не е бедна, а лошо управлявана страна",Негативен,0.82,възмущение,Негативен,0.82,недоволство,Негативен,0.82,недоволство
"Сякаш не е бил девет години президент с право да назначава ръководителите тя службите е с право на вето на решенията на парламента. Назначените от него служебни кабинети са управлявали близо две години и сътвориха сделки като тази с Боташ, при която близо 550 000 евро отиват всеки ден в Турция, без да ползваме и една капка газ. Негов кабинет обяви без да има право та това Грипен да победител в конкурса за бойна авиация, с което нейното обновяване бе спряно с две години и половина!",https://www.dnes.bg/a/1-bulgaria/717450-rumen-radev-balgariya-ne-e-bedna-a-losho-upravlyavana-strana,"Румен Радев: България не е бедна, а лошо управлявана страна",Негативен,0.93,гняв,Негативен,0.82,недоволство,Негативен,0.82,недоволство
"И аз се учудих в началото ,защото пустеещи земи около Монтана няма! Гледах клипчета от строежа на магистралата Видин -макреш -бела-ружинци , еми всичко наоколо е засято и се обработва.",https://www.dnes.bg/a/1-bulgaria/717450-rumen-radev-balgariya-ne-e-bedna-a-losho-upravlyavana-strana,"Румен Радев: България не е бедна, а лошо управлявана страна",Неутрален,0.82,учудване,Негативен,0.82,недоволство,Негативен,0.82,недоволство
А за Боташ - турците си ги прибират паричките ежедневно и ни се подсмихват... Казват - като има балъци за стрижене...,https://www.dnes.bg/a/1-bulgaria/717450-rumen-radev-balgariya-ne-e-bedna-a-losho-upravlyavana-strana,"Румен Радев: България не е бедна, а лошо управлявана страна",Негативен,0.96,гняв,Негативен,0.82,недоволство,Негативен,0.82,недоволство
До: случаен минувачE да това е проблемът - лупавите хора и онези от изток го знаят.А за пустеещи плодородни земи в северозапада-просто отдавна няма такива.Отдана са изкупени от ДПС турски граждани и се обработват.,https://www.dnes.bg/a/1-bulgaria/717450-rumen-radev-balgariya-ne-e-bedna-a-losho-upravlyavana-strana,"Румен Радев: България не е бедна, а лошо управлявана страна",Негативен,0.86,гняв,Негативен,0.82,недоволство,Негативен,0.82,недоволство
"Радев пропиля два президентски мандата в обслужването на чужди за България интереси. Руски интереси! А имаше възможност да се превърне в лидер на българската нация. Да я води напред и нагоре. Вместо това от 2016 г. сее в българското общество разделение и хаос, всява страхове от несъществуващи заплахи! Договорът му с Боташ налива всеки ден по 550 000 евро на турците. А с искането си за референдум за еврото за пореден път саботира интеграцията на страната в ЕС. Вреден и опасен за България!",https://www.dnes.bg/a/1-bulgaria/717450-rumen-radev-balgariya-ne-e-bedna-a-losho-upravlyavana-strana,"Румен Радев: България не е бедна, а лошо управлявана страна",Негативен,0.98,гняв,Негативен,0.82,недоволство,Негативен,0.82,недоволство
"Още докато беше президент, показа, че може да нарушава Конституцията. Юмрукът му я наруши. Какво ще му попречи да продължава да си нарушава законите? Само погледнете с какви хора се е обградил. И как ги е подредил - спортист, военен, спортист, овенен. Както се правеше едно време - роднина, милицинер.",https://www.dnes.bg/a/1-bulgaria/717450-rumen-radev-balgariya-ne-e-bedna-a-losho-upravlyavana-strana,"Румен Радев: България не е бедна, а лошо управлявана страна",Негативен,0.96,гняв,Негативен,0.82,недоволство,Негативен,0.82,недоволство
"Разчита се на гласовете на откровено глупавите хора, които явно са мнозинство в България. Ако дойде на власт, най-вероятно ще потърси договор с Русия за внос на евтин петрол и газ. Да, може би цената на горивата ще спадне. И ще потрие ръце: Ето, нали ви казах! Ама това, че цивилизованият свят ще ни обърне гръб - какво го интересува? Важното е той и хората около него да са добре. И разбира се, да имат възможности да продължават да сключват разни нови договори като Боташ... Ето така ни грабят...",https://www.dnes.bg/a/1-bulgaria/717450-rumen-radev-balgariya-ne-e-bedna-a-losho-upravlyavana-strana,"Румен Радев: България не е бедна, а лошо управлявана страна",Негативен,0.96,гняв,Негативен,0.82,недоволство,Негативен,0.82,недоволство
"До: анонимен90 деребеи*, местното общество е добре да не се праи на бабичката със забележките, щото самоуправството е наказуемо. прочие, филолог, не-местно общество има ли?",https://www.dnes.bg/a/1-bulgaria/717450-rumen-radev-balgariya-ne-e-bedna-a-losho-upravlyavana-strana,"Румен Радев: България не е бедна, а лошо управлявана страна",Негативен,0.86,гняв,Негативен,0.82,недоволство,Негативен,0.82,недоволство
"заради закритите от ал бънди поделения, американските самолети кацнаха на летище софия. а нашия в типично негов стил 10 дена преди изборите вместо да предложи решения бърчи вежди и каканиже че така не се правело.",https://www.dnes.bg/a/1-bulgaria/717450-rumen-radev-balgariya-ne-e-bedna-a-losho-upravlyavana-strana,"Румен Радев: България не е бедна, а лошо управлявана страна",Негативен,0.9,недоволство,Негативен,0.82,недоволство,Негативен,0.82,недоволство
"Този колко ниско започна да слиза... Страх, социални помощи, дърва за огрев... Банички с извара... Колкото до дерибеите... Това е работа на РУП, на МВР, на вътрешен министър.... На местното общество дори.",https://www.dnes.bg/a/1-bulgaria/717450-rumen-radev-balgariya-ne-e-bedna-a-losho-upravlyavana-strana,"Румен Радев: България не е бедна, а лошо управлявана страна",Негативен,0.86,възмущение,Негативен,0.82,недоволство,Негативен,0.82,недоволство
"Видяхме те и тебе колко ""добре"" се справяш като президент. Ходеше и излагаше България и българите пред света. Ще те запомнят с фразата ""да свалим санкциите на Русия"" и отговора на въпроса ""Чий е Крим?"", заради което спряха да те канят на екскурзии по света. Караше си я както в казармата ден да мине. Няма как от човек който си е клатил краката цял живот да очакваме добро управление. Пълен провал беше като началник на ВВС, пълен провал беше като президент, пълен пловал ще си и като премиер.",https://www.dnes.bg/a/1-bulgaria/717450-rumen-radev-balgariya-ne-e-bedna-a-losho-upravlyavana-strana,"Румен Радев: България не е бедна, а лошо управлявана страна",Негативен,0.98,гняв,Негативен,0.82,недоволство,Негативен,0.82,недоволство
Аз открих топлата вода....CтадотоОвцe трябва да ме следва...,https://www.dnes.bg/a/1-bulgaria/717450-rumen-radev-balgariya-ne-e-bedna-a-losho-upravlyavana-strana,"Румен Радев: България не е бедна, а лошо управлявана страна",Негативен,0.82,презрение,Негативен,0.82,недоволство,Негативен,0.82,недоволство
Кой ще плаща дълговете към Боташ?,https://www.dnes.bg/a/1-bulgaria/717450-rumen-radev-balgariya-ne-e-bedna-a-losho-upravlyavana-strana,"Румен Радев: България не е бедна, а лошо управлявана страна",Негативен,0.72,тревога,Негативен,0.82,недоволство,Негативен,0.82,недоволство
"Може би Радев не олигарх и мафиот като другите политици, но при всички положения има голяма вероятност да стане втори Виктор Орбан...",https://www.dnes.bg/a/1-bulgaria/717450-rumen-radev-balgariya-ne-e-bedna-a-losho-upravlyavana-strana,"Румен Радев: България не е бедна, а лошо управлявана страна",Негативен,0.82,тревога,Негативен,0.82,недоволство,Негативен,0.82,недоволство
"Такъв Прогрес на зелените чорапи ще настане, че ще плачем още 30 години.",https://www.dnes.bg/a/1-bulgaria/717450-rumen-radev-balgariya-ne-e-bedna-a-losho-upravlyavana-strana,"Румен Радев: България не е бедна, а лошо управлявана страна",Негативен,0.9,разочарование,Негативен,0.82,недоволство,Негативен,0.82,недоволство
Po-skoro e nedooglozgana spored Radev.,https://www.dnes.bg/a/1-bulgaria/717450-rumen-radev-balgariya-ne-e-bedna-a-losho-upravlyavana-strana,"Румен Радев: България не е бедна, а лошо управлявана страна",Негативен,0.72,неодобрение,Негативен,0.82,недоволство,Негативен,0.82,недоволство
"БГНЕС припомня, че на 7 април в свой мониторингов доклад BFMI заяви, че Румен Радев е натрупал 90 милиона гледания в TikTok чрез мрежи, чието поведение трудно може да се обясни с органична активност. ..........това трябва да ви казва всичко за ""честния спасител"" радев който щял да се бори с олигарси и да оправи България",https://www.dnes.bg/a/1-bulgaria/717450-rumen-radev-balgariya-ne-e-bedna-a-losho-upravlyavana-strana,"Румен Радев: България не е бедна, а лошо управлявана страна",Негативен,0.9,сарказъм,Негативен,0.82,недоволство,Негативен,0.82,недоволство
"И всеки път след изборите. Излезте на улиците, за да стачкуваме и да ги премахнем. Тази секта във България е свързана със сектата в чужбина. Това са урсулите, които прокарват своята сатанинска политика през хора като Цве@%телина, Па@%шата, Бой#^ко, ***@%евски",https://www.dnes.bg/a/1-bulgaria/717450-rumen-radev-balgariya-ne-e-bedna-a-losho-upravlyavana-strana,"Румен Радев: България не е бедна, а лошо управлявана страна",Негативен,0.96,гняв,Негативен,0.82,недоволство,Негативен,0.82,недоволство
я българите да му сложат едно голямо вето на румен ветото,https://www.dnes.bg/a/1-bulgaria/717450-rumen-radev-balgariya-ne-e-bedna-a-losho-upravlyavana-strana,"Румен Радев: България не е бедна, а лошо управлявана страна",Негативен,0.82,недоволство,Негативен,0.82,недоволство,Негативен,0.82,недоволство
тоя колко по говори толко хората разбират че това са лозунги лъжливи като на 09.09.44г.,https://www.dnes.bg/a/1-bulgaria/717450-rumen-radev-balgariya-ne-e-bedna-a-losho-upravlyavana-strana,"Румен Радев: България не е бедна, а лошо управлявана страна",Негативен,0.92,недоверие,Негативен,0.82,недоволство,Негативен,0.82,недоволство
"Бог иска от Вас да се приборите със сектата на Държавна Сигурност. Бог иска, ние българите да се борим с злото в лицето на Туту, Шиши, Цветелина, Пашата, техните бащи, техните чичовци. Ние трябва да се борим срещу партиите, които медиите ни представят. Гласувайте за малките партии. Гласувайте за слабите кандидати. Не гласувайте на изборите за ГЕРБ, НН, ППДП, РАДЕВ,БОЙКО,ПЕЕВСКИ, ВЪЗРАЖДАНЕ,ВЕЛИЧИЕ. Гласувайте, за който искате само не гласувате за партиите на ДС. И всеки път след изборите.",https://www.dnes.bg/a/1-bulgaria/717450-rumen-radev-balgariya-ne-e-bedna-a-losho-upravlyavana-strana,"Румен Радев: България не е бедна, а лошо управлявана страна",Негативен,0.87,гняв,Негативен,0.82,недоволство,Негативен,0.82,недоволство
"Същата банка, която погълна на Цветелина банката. Там Туту има безлимитен кредит. Може да харчи, колкото си иска. Няма лимит. Тези ""хора"" са могъща секта, която се управлява от Сатаната. Туту, Шиши и техните шефове от ДС са секта, която убива и краде от времето на бай Тошо. Това са хората, които убиха Людмила Живкова, сина и Тодор Славков младши, жертвите от Петрохан.",https://www.dnes.bg/a/1-bulgaria/717450-rumen-radev-balgariya-ne-e-bedna-a-losho-upravlyavana-strana,"Румен Радев: България не е бедна, а лошо управлявана страна",Негативен,0.98,гняв,Негативен,0.82,недоволство,Негативен,0.82,недоволство
"Човекът , който подари 3 милиарда евро на турците от Боташ, твърди , че другите управлявали лошо ? Толкова брутална наглост , че обикновеният българин и през ум не му минава , с какъв подлец и двуличник си има работа ! Доказан родоотстъпник!",https://www.dnes.bg/a/1-bulgaria/717450-rumen-radev-balgariya-ne-e-bedna-a-losho-upravlyavana-strana,"Румен Радев: България не е бедна, а лошо управлявана страна",Негативен,0.99,гняв,Негативен,0.82,недоволство,Негативен,0.82,недоволство
"Само дурак може да си мисли, че Шиши, Туту, хората зад тях от бившата ДС и роднини от типа на Пашата с чичовци с високи постове в Държава ще се предадат без да се пролее кръв. Едно време пашата спука Туту от бой, който му беше охрана. Тук говорим за ДС, която е завладява съд, прокуратура, политика. Всичко. Радев говори глупости. Знаете ли, че блокират парите във банки с платени данъци без адвокат и съд. И това е голяма банка. Същата банка, която погълна на Цветелина банката. Там Туту има безлим",https://www.dnes.bg/a/1-bulgaria/717450-rumen-radev-balgariya-ne-e-bedna-a-losho-upravlyavana-strana,"Румен Радев: България не е бедна, а лошо управлявана страна",Негативен,0.96,гняв,Негативен,0.82,недоволство,Негативен,0.82,недоволство
ше превърнеш северозапада в рай чрез фирми на твоите олигарси спонсори . много си прозрачен бе прогресист,https://www.dnes.bg/a/1-bulgaria/717450-rumen-radev-balgariya-ne-e-bedna-a-losho-upravlyavana-strana,"Румен Радев: България не е бедна, а лошо управлявана страна",Негативен,0.92,презрение,Негативен,0.82,недоволство,Негативен,0.82,недоволство
НЕ НА РАДЕВ,https://www.dnes.bg/a/1-bulgaria/717450-rumen-radev-balgariya-ne-e-bedna-a-losho-upravlyavana-strana,"Румен Радев: България не е бедна, а лошо управлявана страна",Негативен,0.85,несъгласие,Негативен,0.82,недоволство,Негативен,0.82,недоволство
и ти ше я управляваш правилно и ше засадиш северозападна България с какво??? бегай бе празнодумец !,https://www.dnes.bg/a/1-bulgaria/717450-rumen-radev-balgariya-ne-e-bedna-a-losho-upravlyavana-strana,"Румен Радев: България не е бедна, а лошо управлявана страна",Негативен,0.93,гняв,Негативен,0.82,недоволство,Негативен,0.82,недоволство
Фес с петолъчка,https://www.dnes.bg/a/1-bulgaria/717450-rumen-radev-balgariya-ne-e-bedna-a-losho-upravlyavana-strana,"Румен Радев: България не е бедна, а лошо управлявана страна",Неутрален,0.85,неутралност,Негативен,0.82,недоволство,Негативен,0.82,недоволство
"Това жалко недоразумение нахендрено ни от Москва ни струва по над 500 000 Eвро на ден, над 15 000 000 Eвро на месец и над 180 000 000 Eвро на година. .. И така до 2035 година !!!!!",https://www.dnes.bg/a/1-bulgaria/717450-rumen-radev-balgariya-ne-e-bedna-a-losho-upravlyavana-strana,"Румен Радев: България не е бедна, а лошо управлявана страна",Негативен,0.98,гняв,Негативен,0.82,недоволство,Негативен,0.82,недоволство
"Другарю Радев, обичам ви !Ще направя всичко което поискате от мен.Винаги съм готов !",https://www.dnes.bg/a/1-bulgaria/717450-rumen-radev-balgariya-ne-e-bedna-a-losho-upravlyavana-strana,"Румен Радев: България не е бедна, а лошо управлявана страна",Позитивен,0.96,преданост,Негативен,0.82,недоволство,Негативен,0.82,недоволство
"Боя се, че ти самият нямаш управленски опит. Ще се довери на подкрепящият те бекграунд.До къде ще те докарат, не се знае. Битката ти е по-скоро лична - да унищожиш ББ и ДП.",https://www.dnes.bg/a/1-bulgaria/717450-rumen-radev-balgariya-ne-e-bedna-a-losho-upravlyavana-strana,"Румен Радев: България не е бедна, а лошо управлявана страна",Негативен,0.88,недоверие,Негативен,0.82,недоволство,Негативен,0.82,недоволство
На Радев задачата е да свали онези двамата.,https://www.dnes.bg/a/1-bulgaria/717450-rumen-radev-balgariya-ne-e-bedna-a-losho-upravlyavana-strana,"Румен Радев: България не е бедна, а лошо управлявана страна",Негативен,0.68,враждебност,Негативен,0.82,недоволство,Негативен,0.82,недоволство
"Точно така е, България не е бедна, но много се краде. Вижте по времето на соца какво чудо се е построила и как е електрифицирано и най отдалеченото селце, безплатно обучение, лекари, зъболекари, гр.транспорт с билет 4 Ст. и после става 6 ст., безплатни спортни школи а бе, много нещо. За 36 г няма направено на четвърт от това. Днешните 1000 лв са по-малко от тогавашните 100 лв. Двамата крадци летят с фалкона, а хората изнемогват. 95% живеят зле. Магнитски да си прибира намагнитени.",https://www.dnes.bg/a/1-bulgaria/717450-rumen-radev-balgariya-ne-e-bedna-a-losho-upravlyavana-strana,"Румен Радев: България не е бедна, а лошо управлявана страна",Негативен,0.95,гняв,Негативен,0.82,недоволство,Негативен,0.82,недоволство
"Крим е Украйна - завинаги - А България е Европа, другарю зелен чорап! И това не е шаблон или кух лизинг, а осъзната реалност! Просто си нямаш представа какво е да натириш 500000 млади българи обратно в пещерния сталинизъм на другаря ви Путин! Какъв отпор ще има!",https://www.dnes.bg/a/1-bulgaria/717450-rumen-radev-balgariya-ne-e-bedna-a-losho-upravlyavana-strana,"Румен Радев: България не е бедна, а лошо управлявана страна",Негативен,0.92,гняв,Негативен,0.82,недоволство,Негативен,0.82,недоволство
"Именно ти вече осем (8) години управляваш, понеси отговорност като истински мъж ,а не руска наведена жена със разюздено поведение",https://www.dnes.bg/a/1-bulgaria/717450-rumen-radev-balgariya-ne-e-bedna-a-losho-upravlyavana-strana,"Румен Радев: България не е бедна, а лошо управлявана страна",Негативен,0.97,гняв,Негативен,0.82,недоволство,Негативен,0.82,недоволство
До: анонименВсички военни пенсионери с пищови ще гласуват за кадър от армията Всички се нагледахме на полицейските номера борисОФ,https://www.dnes.bg/a/1-bulgaria/717450-rumen-radev-balgariya-ne-e-bedna-a-losho-upravlyavana-strana,"Румен Радев: България не е бедна, а лошо управлявана страна",Негативен,0.72,разочарование,Негативен,0.82,недоволство,Негативен,0.82,недоволство
Радев идва и ще ви измете!,https://www.dnes.bg/a/1-bulgaria/717450-rumen-radev-balgariya-ne-e-bedna-a-losho-upravlyavana-strana,"Румен Радев: България не е бедна, а лошо управлявана страна",Негативен,0.86,гняв,Негативен,0.82,недоволство,Негативен,0.82,недоволство
Треперите нали? Има защо да треперите! ТРЕПЕРЕТЕ.,https://www.dnes.bg/a/1-bulgaria/717450-rumen-radev-balgariya-ne-e-bedna-a-losho-upravlyavana-strana,"Румен Радев: България не е бедна, а лошо управлявана страна",Негативен,0.95,страх,Негативен,0.82,недоволство,Негативен,0.82,недоволство
Както самолетите на летците всичко е вносно и лоша селекция на българите още от училището и ни управлява комунистическата номенклатура,https://www.dnes.bg/a/1-bulgaria/717450-rumen-radev-balgariya-ne-e-bedna-a-losho-upravlyavana-strana,"Румен Радев: България не е бедна, а лошо управлявана страна",Негативен,0.92,недоволство,Негативен,0.82,недоволство,Негативен,0.82,недоволство
"Именно , Чорапе ! Именно с ""Боташ"" показа колко лошо се управлява страната !!!! Що за наглост и тдиотизъм е точно ти, Зелен чорапе, ти да ломотиш такива простотии !!!??? Няма ли кой да му тегли оловото на тоя нагълпърч ?",https://www.dnes.bg/a/1-bulgaria/717450-rumen-radev-balgariya-ne-e-bedna-a-losho-upravlyavana-strana,"Румен Радев: България не е бедна, а лошо управлявана страна",Негативен,0.98,гняв,Негативен,0.82,недоволство,Негативен,0.82,недоволство
Ами как да е иначе след като винаги в Бг се намират неадеквантици готови да сключат някоя сделка тип Боташ.,https://www.dnes.bg/a/1-bulgaria/717450-rumen-radev-balgariya-ne-e-bedna-a-losho-upravlyavana-strana,"Румен Радев: България не е бедна, а лошо управлявана страна",Негативен,0.93,възмущение,Негативен,0.82,недоволство,Негативен,0.82,недоволство
"Боташ, представям си как ще я управлявате с Гергов, Tимaджиитe.и Копринката! Гледката ще е трагикомична!!!",https://www.dnes.bg/a/1-bulgaria/717450-rumen-radev-balgariya-ne-e-bedna-a-losho-upravlyavana-strana,"Румен Радев: България не е бедна, а лошо управлявана страна",Негативен,0.92,сарказъм,Негативен,0.82,недоволство,Негативен,0.82,недоволство
"Щом военен ще ни управлява като в Куба, преди в Аржентина, Мордор, Венецуела....мани-мани. Пък се сетете сами кога военна хунта е знаела да управлява добре някоя държава",https://www.dnes.bg/a/1-bulgaria/717450-rumen-radev-balgariya-ne-e-bedna-a-losho-upravlyavana-strana,"Румен Радев: България не е бедна, а лошо управлявана страна",Негативен,0.95,възмущение,Негативен,0.82,недоволство,Негативен,0.82,недоволство
НИВАТА НЕ ИСКА УПРАВЛЕНИЕ.. НИВАТА ИСКА МОТИКА.... МЪРЗЕЛЛВОЕНЕН,https://www.dnes.bg/a/1-bulgaria/717450-rumen-radev-balgariya-ne-e-bedna-a-losho-upravlyavana-strana,"Румен Радев: България не е бедна, а лошо управлявана страна",Негативен,0.86,гняв,Негативен,0.82,недоволство,Негативен,0.82,недоволство
Парясник от глава на семейство за глава на държава не става. Видяхте ли му офиса с джакузито и работната маса пред него с компаньонките.,https://www.dnes.bg/a/1-bulgaria/717450-rumen-radev-balgariya-ne-e-bedna-a-losho-upravlyavana-strana,"Румен Радев: България не е бедна, а лошо управлявана страна",Негативен,0.97,презрение,Негативен,0.82,недоволство,Негативен,0.82,недоволство
"kaзва ни, че небето е синьо?...прогресивен популист",https://www.dnes.bg/a/1-bulgaria/717450-rumen-radev-balgariya-ne-e-bedna-a-losho-upravlyavana-strana,"Румен Радев: България не е бедна, а лошо управлявана страна",Негативен,0.78,презрение,Негативен,0.82,недоволство,Негативен,0.82,недоволство
Вярно е.,https://www.dnes.bg/a/1-bulgaria/717450-rumen-radev-balgariya-ne-e-bedna-a-losho-upravlyavana-strana,"Румен Радев: България не е бедна, а лошо управлявана страна",Неутрален,0.95,спокойствие,Негативен,0.82,недоволство,Негативен,0.82,недоволство
"Приказки от пауланер гартен. Не била бедна. И на какво е богата? Газ ли има, нефт ли? Каква плодородна земя има на северозапад? Има в Добруджа и в Тракия малко и това е. На северозапад има земя трета категория - полупланинска. Стига сте лъгали народа, че сме богати и с вас на власт ще цъфнем и вържем. Ти със служебните защо не започна поне? Успя да забиеш един байрак в Родопите само. С булгаар булгаар не става тази работа, зелен кауун.",https://www.dnes.bg/a/1-bulgaria/717450-rumen-radev-balgariya-ne-e-bedna-a-losho-upravlyavana-strana,"Румен Радев: България не е бедна, а лошо управлявана страна",Негативен,0.95,гняв,Негативен,0.82,недоволство,Негативен,0.82,недоволство
"И този оххлюв се е заразил с мантрата Борисов и Пеевски и ляга и става с тях. А някой най-после ще вземе ли да обясни какво аджеба представлява този модел, защото всички го дрънкат, ама май само дотам.",https://www.dnes.bg/a/1-bulgaria/717450-rumen-radev-balgariya-ne-e-bedna-a-losho-upravlyavana-strana,"Румен Радев: България не е бедна, а лошо управлявана страна",Негативен,0.92,раздразнение,Негативен,0.82,недоволство,Негативен,0.82,недоволство
"А ти къде беше девет години бе, хасковски кayнь? Ай сик тир.",https://www.dnes.bg/a/1-bulgaria/717450-rumen-radev-balgariya-ne-e-bedna-a-losho-upravlyavana-strana,"Румен Радев: България не е бедна, а лошо управлявана страна",Негативен,0.98,гняв,Негативен,0.82,недоволство,Негативен,0.82,недоволство
Долу ЕС и САЩ,https://www.dnes.bg/a/1-bulgaria/717450-rumen-radev-balgariya-ne-e-bedna-a-losho-upravlyavana-strana,"Румен Радев: България не е бедна, а лошо управлявана страна",Негативен,0.95,гняв,Негативен,0.82,недоволство,Негативен,0.82,недоволство
ЕС и САЩ я управляват 37 г. и значи те са лошо управлявали. Това казва.,https://www.dnes.bg/a/1-bulgaria/717450-rumen-radev-balgariya-ne-e-bedna-a-losho-upravlyavana-strana,"Румен Радев: България не е бедна, а лошо управлявана страна",Негативен,0.82,разочарование,Негативен,0.82,недоволство,Негативен,0.82,недоволство
За два мандата президент не го чух да казва такова нещо. Но виж да глашатаи русофилската пропаганда - всеки ден!,https://www.dnes.bg/a/1-bulgaria/717450-rumen-radev-balgariya-ne-e-bedna-a-losho-upravlyavana-strana,"Румен Радев: България не е бедна, а лошо управлявана страна",Негативен,0.86,раздразнение,Негативен,0.82,недоволство,Негативен,0.82,недоволство
"ПРЕМАХНАХ ВИ И НЕЖЕЛАЯ ДА ИМАМ НИЩО ОБЩО С ХОРА НА КОИТО ДРУГИ ДЪРПАТ КОНЦИТЕ.ОСТАНЕТЕ СИ ПОДВЛАСТНИ ,НО СКОРО ЩЕ ИЗТРЕЗНЕЕТЕ И ЖИВОТА ПРОДЪЛЖАВА. АЗ ЖИВЕЯ НАИСТИНА В СВОДНА ДЪРЖАВА И НЕ СЕ СТРАХУВАМ ДА ИЗКАЖА ГЛАСНО МНЕНИЕТО СИ.",https://www.dnes.bg/a/1-bulgaria/717450-rumen-radev-balgariya-ne-e-bedna-a-losho-upravlyavana-strana,"Румен Радев: България не е бедна, а лошо управлявана страна",Негативен,0.92,гняв,Негативен,0.82,недоволство,Негативен,0.82,недоволство
"България не е бедна а много крадена - Асен Василев. Притопля манджата на протежето си, от което се отрече Радев. Управляваи БОТАШ бе! - Окрадени!!!",https://www.dnes.bg/a/1-bulgaria/717450-rumen-radev-balgariya-ne-e-bedna-a-losho-upravlyavana-strana,"Румен Радев: България не е бедна, а лошо управлявана страна",Негативен,0.95,гняв,Негативен,0.82,недоволство,Негативен,0.82,недоволство
"КЪДЕ Е КОМЕНТАРЪТ МИ? КОЙ ВИ ДИРИЖИРА? В БЪЛГАРИЯ ИМА ЛИ ИСТИНСКА ДЕМОКРАЦИЯ ИЛИ Е НЕЩО ПО ПОДОБИЕ? ЖАЛКО ЗА ВАС, ДРУГО МНЕНИЕ ИМАХ.",https://www.dnes.bg/a/1-bulgaria/717450-rumen-radev-balgariya-ne-e-bedna-a-losho-upravlyavana-strana,"Румен Радев: България не е бедна, а лошо управлявана страна",Негативен,0.97,гняв,Негативен,0.82,недоволство,Негативен,0.82,недоволство
"Някой разбра ли тоя Фелдфебел, какво ще направи за да се развие Северозападът? Че той нищо не каза ? Разбра се само , че ще спира някакви финансови потоци, към някакъв ""модел""? И че всички пари трябва да минат по ...Пътят на Копринката!",https://www.dnes.bg/a/1-bulgaria/717450-rumen-radev-balgariya-ne-e-bedna-a-losho-upravlyavana-strana,"Румен Радев: България не е бедна, а лошо управлявана страна",Негативен,0.88,разочарование,Негативен,0.82,недоволство,Негативен,0.82,недоволство
До: Резидент разединител ГЕРП що закри южен поток. Загуби 100 милярда $ с Белене. Бг требва да излезне ЕС и нАТО сички сте престъпници след 1989.,https://www.dnes.bg/a/1-bulgaria/717450-rumen-radev-balgariya-ne-e-bedna-a-losho-upravlyavana-strana,"Румен Радев: България не е бедна, а лошо управлявана страна",Негативен,0.98,гняв,Негативен,0.82,недоволство,Негативен,0.82,недоволство
До: Дядо от село Повече е 20 г. биле е генерал при ГЕРП и СДС. Съсипал е и армията след СИВ.,https://www.dnes.bg/a/1-bulgaria/717450-rumen-radev-balgariya-ne-e-bedna-a-losho-upravlyavana-strana,"Румен Радев: България не е бедна, а лошо управлявана страна",Негативен,0.78,гняв,Негативен,0.82,недоволство,Негативен,0.82,недоволство
Туй екс секретарката и настоящата съпруга - да те изгони ...в собственото си семейство да е нищо - за държава се натиска,https://www.dnes.bg/a/1-bulgaria/717450-rumen-radev-balgariya-ne-e-bedna-a-losho-upravlyavana-strana,"Румен Радев: България не е бедна, а лошо управлявана страна",Негативен,0.88,презрение,Негативен,0.82,недоволство,Негативен,0.82,недоволство
Зеления чорап отказа всякакви предложения за дебати. Без сценаристи кръгла нула четящия некролози.,https://www.dnes.bg/a/1-bulgaria/717450-rumen-radev-balgariya-ne-e-bedna-a-losho-upravlyavana-strana,"Румен Радев: България не е бедна, а лошо управлявана страна",Негативен,0.93,презрение,Негативен,0.82,недоволство,Негативен,0.82,недоволство
"И това го казва човек, който 10 години е бил в управлението на страната.. Кво е дремал? Няма такъв наглец...",https://www.dnes.bg/a/1-bulgaria/717450-rumen-radev-balgariya-ne-e-bedna-a-losho-upravlyavana-strana,"Румен Радев: България не е бедна, а лошо управлявана страна",Негативен,0.97,гняв,Негативен,0.82,недоволство,Негативен,0.82,недоволство
"И себестойността на потока със всички допълнителни станции, за да върви газта не само в една посока е 3млрд лева. Значи този проект ще се избие за 6-7 години. Е нищо де благодарение на теб ще изплащаме Боташ още 13. Колко по-добре ще управляваш, като за 9 години освен омраза и разделение нищо друго не постигна. Само разгради и се опозори. СРАМ",https://www.dnes.bg/a/1-bulgaria/717450-rumen-radev-balgariya-ne-e-bedna-a-losho-upravlyavana-strana,"Румен Радев: България не е бедна, а лошо управлявана страна",Негативен,0.98,гняв,Негативен,0.82,недоволство,Негативен,0.82,недоволство
"До: анонимен 19... Никой не иска нито ЕС, нито пък ОТАН. Нбутаха ни без да питат народа. Продадоха ни, разграбиха нашите ресурси. Дори и пуснаха предателите соломонови сълзи от радост и кефа, че са забаламосали бa лъ *** те.",https://www.dnes.bg/a/1-bulgaria/717450-rumen-radev-balgariya-ne-e-bedna-a-losho-upravlyavana-strana,"Румен Радев: България не е бедна, а лошо управлявана страна",Негативен,0.97,гняв,Негативен,0.82,недоволство,Негативен,0.82,недоволство
"Гумен гадев да бъде избран, ще ни върне и лева и ТКЗС. Да напуснем ЕС да затворим границите. Без интернет, за да не могат жените да гледат къде тревата е по зелена и да не ходят да се женят на запад. Да седят тука приковани за пералнята и печката и да раждат от 15 годишни. Ще станем 90 милиона и ще бъдем еничарски корпус и плацдарм за бъдеща експанзия на фашистка Русия в Европа, но затова пък С евтин руски газ и нефт. Парното ще е безплатно. Снимките черно бели за носталгията.",https://www.dnes.bg/a/1-bulgaria/717450-rumen-radev-balgariya-ne-e-bedna-a-losho-upravlyavana-strana,"Румен Радев: България не е бедна, а лошо управлявана страна",Негативен,0.95,възмущение,Негативен,0.82,недоволство,Негативен,0.82,недоволство
"Обещавам, че ако ме изберете ще подаря половин България на турците.",https://www.dnes.bg/a/1-bulgaria/717450-rumen-radev-balgariya-ne-e-bedna-a-losho-upravlyavana-strana,"Румен Радев: България не е бедна, а лошо управлявана страна",Негативен,0.92,гняв,Негативен,0.82,недоволство,Негативен,0.82,недоволство
"Стига глупости, където и да пътуваш из северозапада всичко е засято. Колко лошо управлявана, преди 2020 да вдигнеш юмрука се построи така омразния на ППДБ и явно и на теб балкански/турски поток, който за 2025 е направил 560млн печалба, от които 490млн лева са дългосрочни договори направени още с пускането на проекта, 70млн са от свободния капацитет, а ти като дойде освен шарлатаните ни доведе и договора с Боташ, който е 1млн на ден разход. И как ще управляваш ти тогава като ти се видя капацитета",https://www.dnes.bg/a/1-bulgaria/717450-rumen-radev-balgariya-ne-e-bedna-a-losho-upravlyavana-strana,"Румен Радев: България не е бедна, а лошо управлявана страна",Негативен,0.95,гняв,Негативен,0.82,недоволство,Негативен,0.82,недоволство
"Само един голям стратег като Радев парсцала може да подпише един уникален договор за пренос на въздух, за 600 000 евро на ден за 13 години..",https://www.dnes.bg/a/1-bulgaria/717450-rumen-radev-balgariya-ne-e-bedna-a-losho-upravlyavana-strana,"Румен Радев: България не е бедна, а лошо управлявана страна",Негативен,0.95,гняв,Негативен,0.82,недоволство,Негативен,0.82,недоволство
До: Тракийски бачкатор Искате ЕС и НАТО и затова се обезлюди. Там ще са по-високи заплати и сички бегат.,https://www.dnes.bg/a/1-bulgaria/717450-rumen-radev-balgariya-ne-e-bedna-a-losho-upravlyavana-strana,"Румен Радев: България не е бедна, а лошо управлявана страна",Негативен,0.78,разочарование,Негативен,0.82,недоволство,Негативен,0.82,недоволство
"Радев е много голям стратег, също като Тръмп и Пътинг. Такъв стратег че бабите не знаят къде се мамират като ги видят, от стратегията която излъчват. Абе и тримата са хвани единия, удари другия..",https://www.dnes.bg/a/1-bulgaria/717450-rumen-radev-balgariya-ne-e-bedna-a-losho-upravlyavana-strana,"Румен Радев: България не е бедна, а лошо управлявана страна",Негативен,0.94,презрение,Негативен,0.82,недоволство,Негативен,0.82,недоволство
"А, да подпишеш договор за въздух под налагане - какво управление е това бе, терикат селски от хасковска околия?",https://www.dnes.bg/a/1-bulgaria/717450-rumen-radev-balgariya-ne-e-bedna-a-losho-upravlyavana-strana,"Румен Радев: България не е бедна, а лошо управлявана страна",Негативен,0.98,гняв,Негативен,0.82,недоволство,Негативен,0.82,недоволство
"Резидента Крадеф - изведнъж откри топлата вода...Ам ти къде беше през последните години - за лимонада ли ?Колко служебни правителства назначи бре ?А службите - на кого са подчинени..?Кой назначава шефовете ?Аман от добре подплатени ""спасители""...с джакузи и телячки до леглото...",https://www.dnes.bg/a/1-bulgaria/717450-rumen-radev-balgariya-ne-e-bedna-a-losho-upravlyavana-strana,"Румен Радев: България не е бедна, а лошо управлявана страна",Негативен,0.96,гняв,Негативен,0.82,недоволство,Негативен,0.82,недоволство
"По голяма излагация от тая чорапена кукла на конци няма! Боташ и шарлатаните, които ни натресе ни направиха по бедни. Ти си основна част от проблема.",https://www.dnes.bg/a/1-bulgaria/717450-rumen-radev-balgariya-ne-e-bedna-a-losho-upravlyavana-strana,"Румен Радев: България не е бедна, а лошо управлявана страна",Негативен,0.98,гняв,Негативен,0.82,недоволство,Негативен,0.82,недоволство
А нещо за Боташ каза ли тоя парсцал..,https://www.dnes.bg/a/1-bulgaria/717450-rumen-radev-balgariya-ne-e-bedna-a-losho-upravlyavana-strana,"Румен Радев: България не е бедна, а лошо управлявана страна",Негативен,0.92,презрение,Негативен,0.82,недоволство,Негативен,0.82,недоволство
"Че тоя какво е съградил през живота си че ще ""разгражда""? Цял живот е бил на държавната ясла ! Северозападът винаги е бил бастион на комунистите , и затова са най-бедни ! И какво значи , хем е лошо управлявана , хем не е ""бедна""? Тоя наясно ли е ,какви богатии хора земевладелци има в този край ? И той какво ще направи, ще върне ТКЗС-тата ли ? А как ще отреже от някакъв ресурс партии , за които са гласували стотици хиляди българи ? Чного сбъркана личност!",https://www.dnes.bg/a/1-bulgaria/717450-rumen-radev-balgariya-ne-e-bedna-a-losho-upravlyavana-strana,"Румен Радев: България не е бедна, а лошо управлявана страна",Негативен,0.95,гняв,Негативен,0.82,недоволство,Негативен,0.82,недоволство
"мистър Боташ управлява 4 година България със служебни министерства. Овладя всички служби, 4 броя конституционни съдии са негови, Сега иска да стане премиер и чрез парламентарната квота да вкара още 2 конституционни съдии, след това е лесно да смени конституцията и да стане като путин пожизнен диктаатор. Народът е *** , ако гласува за ффаттмак",https://www.dnes.bg/a/1-bulgaria/717450-rumen-radev-balgariya-ne-e-bedna-a-losho-upravlyavana-strana,"Румен Радев: България не е бедна, а лошо управлявана страна",Негативен,0.96,гняв,Негативен,0.82,недоволство,Негативен,0.82,недоволство
"България не плаща за войни, а печели от продажбата на боеприпаси. А войната я почна фашистка имперска Русия, защото не и стига територията и не е бедна, а лошо управлявана. И никой не иска да копае картофи, всички искат гражданчета айти на 200 бона. това няма как да промените, освен да ги принудят да доят крави и да копаят царевица.",https://www.dnes.bg/a/1-bulgaria/717450-rumen-radev-balgariya-ne-e-bedna-a-losho-upravlyavana-strana,"Румен Радев: България не е бедна, а лошо управлявана страна",Негативен,0.92,гняв,Негативен,0.82,недоволство,Негативен,0.82,недоволство
некадърен президент и 9 правителства назначени от него е равно на лошо управление.,https://www.dnes.bg/a/1-bulgaria/717450-rumen-radev-balgariya-ne-e-bedna-a-losho-upravlyavana-strana,"Румен Радев: България не е бедна, а лошо управлявана страна",Негативен,0.95,гняв,Негативен,0.82,недоволство,Негативен,0.82,недоволство
ТЕ МОГАТ ДА УПРАВЛЯВАТ САМО С РЕПРЕСИИ....... ВИЖДАМЕ КАКВО ПРАВИ СЕГА МИЛИЦИЯТА,https://www.dnes.bg/a/1-bulgaria/717450-rumen-radev-balgariya-ne-e-bedna-a-losho-upravlyavana-strana,"Румен Радев: България не е бедна, а лошо управлявана страна",Негативен,0.95,гняв,Негативен,0.82,недоволство,Негативен,0.82,недоволство
"Преди 10 години и китайци се пробваха да развиват земеделие в северозападна България. И те се провалиха. Имаха всичко и капитали, и техника, и работници, и ноухау. Не стана.",https://www.dnes.bg/a/1-bulgaria/717450-rumen-radev-balgariya-ne-e-bedna-a-losho-upravlyavana-strana,"Румен Радев: България не е бедна, а лошо управлявана страна",Негативен,0.92,разочарование,Негативен,0.82,недоволство,Негативен,0.82,недоволство
Полит Бюро на Продадена България.,https://www.dnes.bg/a/1-bulgaria/717450-rumen-radev-balgariya-ne-e-bedna-a-losho-upravlyavana-strana,"Румен Радев: България не е бедна, а лошо управлявана страна",Негативен,0.9,гняв,Негативен,0.82,недоволство,Негативен,0.82,недоволство
Тоя управляваше 4 от последните 5 години и пак недоволен. Намусено мрънкало.,https://www.dnes.bg/a/1-bulgaria/717450-rumen-radev-balgariya-ne-e-bedna-a-losho-upravlyavana-strana,"Румен Радев: България не е бедна, а лошо управлявана страна",Негативен,0.95,раздразнение,Негативен,0.82,недоволство,Негативен,0.82,недоволство
До къде го докара - да повтаря думите на Асен Василев?!,https://www.dnes.bg/a/1-bulgaria/717450-rumen-radev-balgariya-ne-e-bedna-a-losho-upravlyavana-strana,"Румен Радев: България не е бедна, а лошо управлявана страна",Негативен,0.86,възмущение,Негативен,0.82,недоволство,Негативен,0.82,недоволство
"OT 6 ГОДИШЕН МЕЧТАЕ ДА УПРАВЛЯВА..ДЕТСКАТА МУ МЕЧТА, ДРУГА РАБОТА НЕ БАРВА.....ПУТИН ВТОРИ НА БАЛКАНИТЕ...",https://www.dnes.bg/a/1-bulgaria/717450-rumen-radev-balgariya-ne-e-bedna-a-losho-upravlyavana-strana,"Румен Радев: България не е бедна, а лошо управлявана страна",Негативен,0.86,недоволство,Негативен,0.82,недоволство,Негативен,0.82,недоволство
"Не желая на власт да е индивида, чието служебно правителство принуждаваше хората да се инжектират с ковид отровите за да им издаде зелен сертификат, който да им позволи да се забавляват. Фашисти нямат място във властта.",https://www.dnes.bg/a/1-bulgaria/717450-rumen-radev-balgariya-ne-e-bedna-a-losho-upravlyavana-strana,"Румен Радев: България не е бедна, а лошо управлявана страна",Негативен,0.98,гняв,Негативен,0.82,недоволство,Негативен,0.82,недоволство
"Ония от ДПС на Шиши, като купат от Раковица, та през Кошарник и Младеново до Нов път и Чичо Румен има да се чуди: Кво стана!",https://www.dnes.bg/a/1-bulgaria/717450-rumen-radev-balgariya-ne-e-bedna-a-losho-upravlyavana-strana,"Румен Радев: България не е бедна, а лошо управлявана страна",Негативен,0.72,презрение,Негативен,0.82,недоволство,Негативен,0.82,недоволство
"Б.Борисов: Нито една социология не съм платил, а другите плащат. Какво е това изказване бре, пожарникар? Личи си, че си завършил Магнаурската школа в Симеоново",https://www.dnes.bg/a/1-bulgaria/717444-borisov-nito-edna-sotsiologiya-ne-sam-platil-a-drugite-plashtat,"Борисов: Нито една социология не съм платил, а другите плащат",Негативен,0.92,презрение,Негативен,0.74,недоволство,Негативен,0.74,недоволство
"Ти въобще някога нещо плащал ли си или,само прибираш в чекмеджето с кюлчетата?",https://www.dnes.bg/a/1-bulgaria/717444-borisov-nito-edna-sotsiologiya-ne-sam-platil-a-drugite-plashtat,"Борисов: Нито една социология не съм платил, а другите плащат",Негативен,0.95,гняв,Негативен,0.74,недоволство,Негативен,0.74,недоволство
Що да плащаш като са твоя собственост? На лъжливото пвчарче никой не вярва.,https://www.dnes.bg/a/1-bulgaria/717444-borisov-nito-edna-sotsiologiya-ne-sam-platil-a-drugite-plashtat,"Борисов: Нито една социология не съм платил, а другите плащат",Негативен,0.86,недоверие,Негативен,0.74,недоволство,Негативен,0.74,недоволство
Вече тикво!,https://www.dnes.bg/a/1-bulgaria/717444-borisov-nito-edna-sotsiologiya-ne-sam-platil-a-drugite-plashtat,"Борисов: Нито една социология не съм платил, а другите плащат",Негативен,0.82,гняв,Негативен,0.74,недоволство,Негативен,0.74,недоволство
На този не може да се вярва и 1%.,https://www.dnes.bg/a/1-bulgaria/717444-borisov-nito-edna-sotsiologiya-ne-sam-platil-a-drugite-plashtat,"Борисов: Нито една социология не съм платил, а другите плащат",Негативен,0.98,недоверие,Негативен,0.74,недоволство,Негативен,0.74,недоволство
Колко десетилетия ходи по грсдове и села бе джитко бибитков да раздаваш пари на ръка?,https://www.dnes.bg/a/1-bulgaria/717444-borisov-nito-edna-sotsiologiya-ne-sam-platil-a-drugite-plashtat,"Борисов: Нито една социология не съм платил, а другите плащат",Негативен,0.86,възмущение,Негативен,0.74,недоволство,Негативен,0.74,недоволство
"Не направихте и един път нормално. И една велоалея. Тези по времето на Фандъкова до последната са кофа жълта боя, сложена някъде си. Много повече се очакваше от вас, бидейки архитекти на бъдещето ни. *** сте, до последния, и за всяка кофа боя за велоалея сте присвоили по милион. И ще ги върнете тия пари.",https://www.dnes.bg/a/1-bulgaria/717444-borisov-nito-edna-sotsiologiya-ne-sam-platil-a-drugite-plashtat,"Борисов: Нито една социология не съм платил, а другите плащат",Негативен,0.98,гняв,Негативен,0.74,недоволство,Негативен,0.74,недоволство
"Не си платил социологията, бащице. Но гласува цялата администрация за вас, заедно със семействата им. На фамилен принцип, както е при мафията.",https://www.dnes.bg/a/1-bulgaria/717444-borisov-nito-edna-sotsiologiya-ne-sam-platil-a-drugite-plashtat,"Борисов: Нито една социология не съм платил, а другите плащат",Негативен,0.95,гняв,Негативен,0.74,недоволство,Негативен,0.74,недоволство
Гузен негонен бяга!,https://www.dnes.bg/a/1-bulgaria/717444-borisov-nito-edna-sotsiologiya-ne-sam-platil-a-drugite-plashtat,"Борисов: Нито една социология не съм платил, а другите плащат",Негативен,0.82,вина,Негативен,0.74,недоволство,Негативен,0.74,недоволство
Шиши наби канчето на Тиквата и той даде заден. Винаги е бил зависим страхливец.,https://www.dnes.bg/a/1-bulgaria/717444-borisov-nito-edna-sotsiologiya-ne-sam-platil-a-drugite-plashtat,"Борисов: Нито една социология не съм платил, а другите плащат",Негативен,0.95,презрение,Негативен,0.74,недоволство,Негативен,0.74,недоволство
"Мачкай Радев крадците и продажниците на България. На изборите най-малко с 40% , провицията ще разкаже играта на двете прасета.",https://www.dnes.bg/a/1-bulgaria/717444-borisov-nito-edna-sotsiologiya-ne-sam-platil-a-drugite-plashtat,"Борисов: Нито една социология не съм платил, а другите плащат",Негативен,0.86,гняв,Негативен,0.74,недоволство,Негативен,0.74,недоволство
"Пеевски държи Борисов с видео ,на което Борисов лana дуgyka на Пеевски. Пеевски си поиска ""услугата"" за да не започне неговият човек Сарафов делото по случая Барселона (прокуратурата още не е превела на български испанският доклад). В средите на ГЕРБ знаят за видеото (който не вярва да пита и да проследи реакцията им). В ДПС доста хора са го гледали. В ГЕРБ са ужасени и предпочитат дело за корупция пред това видеото да излезе на яве (въпреки ,че е доста кратко - под минута е).",https://www.dnes.bg/a/1-bulgaria/717444-borisov-nito-edna-sotsiologiya-ne-sam-platil-a-drugite-plashtat,"Борисов: Нито една социология не съм платил, а другите плащат",Негативен,0.95,възмущение,Негативен,0.74,недоволство,Негативен,0.74,недоволство
"Арестът на Бойко беше чудесна новина и можем само да съжаляваме, че т.нар. правосъдна система на България не намери смелост и доблест да го настани там, където му е мястото.",https://www.dnes.bg/a/1-bulgaria/717444-borisov-nito-edna-sotsiologiya-ne-sam-platil-a-drugite-plashtat,"Борисов: Нито една социология не съм платил, а другите плащат",Негативен,0.82,разочарование,Негативен,0.74,недоволство,Негативен,0.74,недоволство
"Прокуратурата е толкова смотана, че не може да извади никакви състоятелни аргументи за пред съда. Но некадърниците в тази институция получават тлъсти заплати, само и само да служат като бухалки на Буци и Гуци",https://www.dnes.bg/a/1-bulgaria/717444-borisov-nito-edna-sotsiologiya-ne-sam-platil-a-drugite-plashtat,"Борисов: Нито една социология не съм платил, а другите плащат",Негативен,0.98,гняв,Негативен,0.74,недоволство,Негативен,0.74,недоволство
"Кое е верно и Кое не? Борисов има ли имот зад границата ни? Има. Има ли дете? Има. Горанов взимал ли е ежемесечно пари от Божков? Взимал е. Арнаудова била ли е посредник между Горанов и Божков, била е. И кое не верно. ТОВА Е предизборна атака. Гледай те повторението по Нова телевизия и ще разберете, защо едни и същи са на първа линия в ""Социологията""? Кольо Колев каза, как се ""печелят"" избори. Който даде най много пари отива първи. Е, къде е истината? Избори ли?",https://www.dnes.bg/a/1-bulgaria/717444-borisov-nito-edna-sotsiologiya-ne-sam-platil-a-drugite-plashtat,"Борисов: Нито една социология не съм платил, а другите плащат",Негативен,0.86,възмущение,Негативен,0.74,недоволство,Негативен,0.74,недоволство
"""Ало, Ваньо?""""Ти си го Избра"";Резерва на НЗОК;Хазартния бизнес на Божков;""Хемусгейт"";""Кюлчета и пачки"".......Бойчо струва МИЛИАРДИ на държавата....Саздов, аверчето на Бойчо; Саздов, създателят на тенис клуб ""Банкя""; Саздов, шефът на инициативния комитет, издигнал Бойчо за кмет на София;Саздов ПРЕКРАТИ ТИХОМЪЛКОМ широко РЕКЛАМИРАНОТО дело срещу Елена Йончева за 1 МЛН. лв.Йончева изнесе данни за ""Барселонагейт"" за ПРАНЕ на 3.7 МЛН. ЕВРО.ОТКАЗЪТ на Саздов ДА СЪДИ Й ...",https://www.dnes.bg/a/1-bulgaria/717444-borisov-nito-edna-sotsiologiya-ne-sam-platil-a-drugite-plashtat,"Борисов: Нито една социология не съм платил, а другите плащат",Негативен,0.95,гняв,Негативен,0.74,недоволство,Негативен,0.74,недоволство
Герберастките крадци осигуриха и правнуците си. Толкова милиарди откраднаха от ЕС.,https://www.dnes.bg/a/1-bulgaria/717444-borisov-nito-edna-sotsiologiya-ne-sam-platil-a-drugite-plashtat,"Борисов: Нито една социология не съм платил, а другите плащат",Негативен,0.98,гняв,Негативен,0.74,недоволство,Негативен,0.74,недоволство
"Борисов е поне 3 стъпала по-ниско от Румен Радев по интелект, морал и политически ценности. От тук произтичат агресивните атаки на Борисов към всеки опонент, който го превъзхожда.Това агресивно популистко поведение е типично за представителите на ГЕРБ/ СДС, които са изнервени, че властта им се изплъзва и заедно с това завладяната държава.",https://www.dnes.bg/a/1-bulgaria/717444-borisov-nito-edna-sotsiologiya-ne-sam-platil-a-drugite-plashtat,"Борисов: Нито една социология не съм платил, а другите плащат",Негативен,0.96,гняв,Негативен,0.74,недоволство,Негативен,0.74,недоволство
"Тиквата беше тесняк едно време, но като всеки ром миришеше на пушек, дори след баня.",https://www.dnes.bg/a/1-bulgaria/717444-borisov-nito-edna-sotsiologiya-ne-sam-platil-a-drugite-plashtat,"Борисов: Нито една социология не съм платил, а другите плащат",Негативен,0.96,презрение,Негативен,0.74,недоволство,Негативен,0.74,недоволство
"Всеки знае кои да крадците на милиарди и заради които България е бедна. Това са първи СДС начело с Иван Костов, а след това ГЕРБ начело с Бойко Борисов. И за да са още по-ясно нещата - накрая се обединиха и сега са ГЕРБ-СДС.",https://www.dnes.bg/a/1-bulgaria/717444-borisov-nito-edna-sotsiologiya-ne-sam-platil-a-drugite-plashtat,"Борисов: Нито една социология не съм платил, а другите плащат",Негативен,0.95,гняв,Негативен,0.74,недоволство,Негативен,0.74,недоволство
"И на никой вече не му прави впечатление израза: ""а купиш социолигия"" /което е абсолютна глупост/, който беше наложен от неграмотния милиционер БОЙКО БОРИСОВ.",https://www.dnes.bg/a/1-bulgaria/717444-borisov-nito-edna-sotsiologiya-ne-sam-platil-a-drugite-plashtat,"Борисов: Нито една социология не съм платил, а другите плащат",Негативен,0.95,гняв,Негативен,0.74,недоволство,Негативен,0.74,недоволство
"До: ПловдивНе си от Пловдив,а от село,нали?",https://www.dnes.bg/a/1-bulgaria/717444-borisov-nito-edna-sotsiologiya-ne-sam-platil-a-drugite-plashtat,"Борисов: Нито една социология не съм платил, а другите плащат",Негативен,0.86,презрение,Негативен,0.74,недоволство,Негативен,0.74,недоволство
"За какво да ви е благодарен който и да било ! Какво сте направили което е трайно и не сте го поправяли ! Строите едни пътища преди избори който пътища поправяте веднага след избори ! Усвояване едни милиярди със магнитни престъпници , куче влачи рейс диря няма ! За 15 - 20 години на власт така сте се впили в държавния механизъм че благодарение на вас държавност в България няма ! Корупция на всякъде в България и със най голямата си наглост искате награда !",https://www.dnes.bg/a/1-bulgaria/717444-borisov-nito-edna-sotsiologiya-ne-sam-platil-a-drugite-plashtat,"Борисов: Нито една социология не съм платил, а другите плащат",Негативен,0.98,гняв,Негативен,0.74,недоволство,Негативен,0.74,недоволство
"Е да видим резултатите от изборите,да не се окаже,че избирателите на Борисов са гласували за другия Генерал.Представям си физиономията на Бибитков",https://www.dnes.bg/a/1-bulgaria/717444-borisov-nito-edna-sotsiologiya-ne-sam-platil-a-drugite-plashtat,"Борисов: Нито една социология не съм платил, а другите плащат",Негативен,0.72,злорадство,Негативен,0.74,недоволство,Негативен,0.74,недоволство
"Каквито и да ги дрънкате за Борисов( а те са все едни и същи простотии) оставате си малки ,посредствени,незначителни",https://www.dnes.bg/a/1-bulgaria/717444-borisov-nito-edna-sotsiologiya-ne-sam-platil-a-drugite-plashtat,"Борисов: Нито една социология не съм платил, а другите плащат",Негативен,0.96,презрение,Негативен,0.74,недоволство,Негативен,0.74,недоволство
"Само абсолютен наглец може да каже,че младите трябвало да се радват на Герб-синоним на корупция и мизерия.Същите тези,които ги изгониха,протестирайки на площадите,сега трябвало да се радват?1 500 000 бяха на площада,забрави ли ,бе,мутр0 ,корумпирана?",https://www.dnes.bg/a/1-bulgaria/717444-borisov-nito-edna-sotsiologiya-ne-sam-platil-a-drugite-plashtat,"Борисов: Нито една социология не съм платил, а другите плащат",Негативен,0.98,гняв,Негативен,0.74,недоволство,Негативен,0.74,недоволство
Стотици милиарди откраднаха ГЕРБ и СДС. Дали не плащат на социолозите?!,https://www.dnes.bg/a/1-bulgaria/717444-borisov-nito-edna-sotsiologiya-ne-sam-platil-a-drugite-plashtat,"Борисов: Нито една социология не съм платил, а другите плащат",Негативен,0.95,гняв,Негативен,0.74,недоволство,Негативен,0.74,недоволство
"Ха,ха, ха, плювачите пак започнаха да пипат и да дрънкат старите небивалици.Каквото и да правите не можете да стъпките на малкия пръст на Борисов.",https://www.dnes.bg/a/1-bulgaria/717444-borisov-nito-edna-sotsiologiya-ne-sam-platil-a-drugite-plashtat,"Борисов: Нито една социология не съм платил, а другите плащат",Негативен,0.86,презрение,Негативен,0.74,недоволство,Негативен,0.74,недоволство
"ББ не плаща за социология.Той сипва в коритото,а т.нар. социолози наоколо щастливо грууххтят и повдигат дзурли за още.",https://www.dnes.bg/a/1-bulgaria/717444-borisov-nito-edna-sotsiologiya-ne-sam-platil-a-drugite-plashtat,"Борисов: Нито една социология не съм платил, а другите плащат",Негативен,0.95,презрение,Негативен,0.74,недоволство,Негативен,0.74,недоволство
"Така си е. Е наивници се връзват на лъжите и опорките на престъпниците от подмяната.. тяхното МВР хващало уж купувачи на гласове, а подмяната си купуват наистина гласове и никой не ги пипа..",https://www.dnes.bg/a/1-bulgaria/717444-borisov-nito-edna-sotsiologiya-ne-sam-platil-a-drugite-plashtat,"Борисов: Нито една социология не съм платил, а другите плащат",Негативен,0.95,гняв,Негативен,0.74,недоволство,Негативен,0.74,недоволство
Селянин от класа.,https://www.dnes.bg/a/1-bulgaria/717444-borisov-nito-edna-sotsiologiya-ne-sam-platil-a-drugite-plashtat,"Борисов: Нито една социология не съм платил, а другите плащат",Негативен,0.74,презрение,Негативен,0.74,недоволство,Негативен,0.74,недоволство
"Знаем, че ГЕРБ и СДС винаги нагло лъжат.",https://www.dnes.bg/a/1-bulgaria/717444-borisov-nito-edna-sotsiologiya-ne-sam-platil-a-drugite-plashtat,"Борисов: Нито една социология не съм платил, а другите плащат",Негативен,0.96,гняв,Негативен,0.74,недоволство,Негативен,0.74,недоволство
"Тиквата е в Будна Кома..........Халюцинира, Бълнува и Умира от Страх............Абе Мутра........",https://www.dnes.bg/a/1-bulgaria/717444-borisov-nito-edna-sotsiologiya-ne-sam-platil-a-drugite-plashtat,"Борисов: Нито една социология не съм платил, а другите плащат",Негативен,0.98,гняв,Негативен,0.74,недоволство,Негативен,0.74,недоволство
Кой крадва толкоз години..кой е в схемите- още от фабриката за цигари в Крайморие.. И направи от цяла държава - селска ***..,https://www.dnes.bg/a/1-bulgaria/717444-borisov-nito-edna-sotsiologiya-ne-sam-platil-a-drugite-plashtat,"Борисов: Нито една социология не съм платил, а другите плащат",Негативен,0.95,гняв,Негативен,0.74,недоволство,Негативен,0.74,недоволство
Той строи..той..дава...той прави..ТОЙ..ТОЙ..ТОЙ...ТОЙ...Без БАЦЕ - дори и слънцето не изгрява..,https://www.dnes.bg/a/1-bulgaria/717444-borisov-nito-edna-sotsiologiya-ne-sam-platil-a-drugite-plashtat,"Борисов: Нито една социология не съм платил, а другите плащат",Негативен,0.78,ирония,Негативен,0.74,недоволство,Негативен,0.74,недоволство
"Да лъже колкото си иска,всички знаят,че е лъжец,измамник и алчен,корумпиран индивид....Но ,само,са не се съблича пак по лански,защотоэе наистина отвратително и противно....Може и господарят му да реши да се съблече по бански или по гашти,а това ще е страшно...",https://www.dnes.bg/a/1-bulgaria/717444-borisov-nito-edna-sotsiologiya-ne-sam-platil-a-drugite-plashtat,"Борисов: Нито една социология не съм платил, а другите плащат",Негативен,0.98,отвращение,Негативен,0.74,недоволство,Негативен,0.74,недоволство
Кога ли ще гледа кат Бай Тошо на 10 ноември...,https://www.dnes.bg/a/1-bulgaria/717444-borisov-nito-edna-sotsiologiya-ne-sam-platil-a-drugite-plashtat,"Борисов: Нито една социология не съм платил, а другите плащат",Негативен,0.72,сарказъм,Негативен,0.74,недоволство,Негативен,0.74,недоволство
Лакърдиите на Чекмеджан втръснаха отдавна..,https://www.dnes.bg/a/1-bulgaria/717444-borisov-nito-edna-sotsiologiya-ne-sam-platil-a-drugite-plashtat,"Борисов: Нито една социология не съм платил, а другите плащат",Негативен,0.92,досада,Негативен,0.74,недоволство,Негативен,0.74,недоволство
Е как да плати чорбаджията ....кат е свикнал само да взема ..,https://www.dnes.bg/a/1-bulgaria/717444-borisov-nito-edna-sotsiologiya-ne-sam-platil-a-drugite-plashtat,"Борисов: Нито една социология не съм платил, а другите плащат",Негативен,0.92,възмущение,Негативен,0.74,недоволство,Негативен,0.74,недоволство
"Трябва обикаляте България издокарана,костюмиран като Радев.Вижте го него колко е наперено,официален като за парад Ха,ха,ха, голям майтап е с това парвеню",https://www.dnes.bg/a/1-bulgaria/717444-borisov-nito-edna-sotsiologiya-ne-sam-platil-a-drugite-plashtat,"Борисов: Нито една социология не съм платил, а другите плащат",Негативен,0.92,презрение,Негативен,0.74,недоволство,Негативен,0.74,недоволство
"Номер 11-ет, ако съдя по твоя личен капацитет,то веднага виждам един субект,който е на герберската ясла и му се иска да остане там.Борисов преди гадини казваше:""Ако партията която оглавявам загуби избори,на другия ден си тръгвам за Банкя"" На 19.04.26-година,около 21 часА,той ще види голямото си сгромолясване,нещо което ще го смъкне на земята и ще отрезвее завинаги.",https://www.dnes.bg/a/1-bulgaria/717444-borisov-nito-edna-sotsiologiya-ne-sam-platil-a-drugite-plashtat,"Борисов: Нито една социология не съм платил, а другите плащат",Негативен,0.95,гняв,Негативен,0.74,недоволство,Негативен,0.74,недоволство
"Е затова г- н Борисов ви мразят,защото имате принципи от които не отстъпвате.Всичко останало е виж и колчо да те лажем",https://www.dnes.bg/a/1-bulgaria/717444-borisov-nito-edna-sotsiologiya-ne-sam-platil-a-drugite-plashtat,"Борисов: Нито една социология не съм платил, а другите плащат",Позитивен,0.72,одобрение,Негативен,0.74,недоволство,Негативен,0.74,недоволство
"За да има Радев мандат, трябва да бие поне двойно-тройно, няколко процента разлика не му дават нищо. ГЕРБ 2009 би 40 на 15, Царя 2001 би също толкова, така че левичарчета НЕ се надявайте, НЯМА да я бъде!",https://www.dnes.bg/a/1-bulgaria/717444-borisov-nito-edna-sotsiologiya-ne-sam-platil-a-drugite-plashtat,"Борисов: Нито една социология не съм платил, а другите плащат",Негативен,0.86,презрение,Негативен,0.74,недоволство,Негативен,0.74,недоволство
"*** вие действително ли мислите, че левите на Радев и ПП ДБ ще управляват???? Нещо с мозъка???",https://www.dnes.bg/a/1-bulgaria/717444-borisov-nito-edna-sotsiologiya-ne-sam-platil-a-drugite-plashtat,"Борисов: Нито една социология не съм платил, а другите плащат",Негативен,0.95,гняв,Негативен,0.74,недоволство,Негативен,0.74,недоволство
Да ви е социологията. ПЛАТЕНИ ***.,https://www.dnes.bg/a/1-bulgaria/717444-borisov-nito-edna-sotsiologiya-ne-sam-platil-a-drugite-plashtat,"Борисов: Нито една социология не съм платил, а другите плащат",Негативен,0.96,гняв,Негативен,0.74,недоволство,Негативен,0.74,недоволство
"ГЕРБ води с МНОГО. И в САЩ даваха Камала Харис да води с 10 процента, пък то Тръмп би с 5. Хората ви разбраха какви сте, не казват за кого ще гласуват, огромна част просто не отговарят или отпращат социолозите, тъй като в момента са под голямо напрежение, и това са ВСЕ хора на ГЕРБ. Тъй че очаквайте голяма изненада.",https://www.dnes.bg/a/1-bulgaria/717444-borisov-nito-edna-sotsiologiya-ne-sam-platil-a-drugite-plashtat,"Борисов: Нито една социология не съм платил, а другите плащат",Позитивен,0.72,увереност,Негативен,0.74,недоволство,Негативен,0.74,недоволство
"Знаем, знаем, не сме вчерашни.",https://www.dnes.bg/a/1-bulgaria/717444-borisov-nito-edna-sotsiologiya-ne-sam-platil-a-drugite-plashtat,"Борисов: Нито една социология не съм платил, а другите плащат",Неутрален,0.65,увереност,Негативен,0.74,недоволство,Негативен,0.74,недоволство
"Съдейки по капацитета на залите, Борисов трябва да бие Радев 3 към 2. По-точна социалогия няма.",https://www.dnes.bg/a/1-bulgaria/717444-borisov-nito-edna-sotsiologiya-ne-sam-platil-a-drugite-plashtat,"Борисов: Нито една социология не съм платил, а другите плащат",Неутрален,0.74,ирония,Негативен,0.74,недоволство,Негативен,0.74,недоволство
"До: анонименАааа,питайте Киро-5 тунела,Дунав мост,завод за коли.....Те много обещаха !",https://www.dnes.bg/a/1-bulgaria/717444-borisov-nito-edna-sotsiologiya-ne-sam-platil-a-drugite-plashtat,"Борисов: Нито една социология не съм платил, а другите плащат",Негативен,0.86,разочарование,Негативен,0.74,недоволство,Негативен,0.74,недоволство
Прав е!,https://www.dnes.bg/a/1-bulgaria/717444-borisov-nito-edna-sotsiologiya-ne-sam-platil-a-drugite-plashtat,"Борисов: Нито една социология не съм платил, а другите плащат",Позитивен,0.82,одобрение,Негативен,0.74,недоволство,Негативен,0.74,недоволство
"До: цгфуйблшш-Има магистрали,рушат се,А какво направиха Продажниците,за да казваме че се руши!??",https://www.dnes.bg/a/1-bulgaria/717444-borisov-nito-edna-sotsiologiya-ne-sam-platil-a-drugite-plashtat,"Борисов: Нито една социология не съм платил, а другите плащат",Негативен,0.86,гняв,Негативен,0.74,недоволство,Негативен,0.74,недоволство
"Го закъса за еликторат та даже обикаля из маалите такова видео видях в тубата.Аз помня как казваше на ПП-ДБ,че се е съгласил с тях да се дава оръжие на Украйна,за да има сглобка и правителство.Що сега не излезе и смело да каже аз ви нагласих в клуба на багатите.Нещо не смее а?",https://www.dnes.bg/a/1-bulgaria/717444-borisov-nito-edna-sotsiologiya-ne-sam-platil-a-drugite-plashtat,"Борисов: Нито една социология не съм платил, а другите плащат",Негативен,0.88,презрение,Негативен,0.74,недоволство,Негативен,0.74,недоволство
До: Cec-Е не е като Петроханската Партия да се гаври с деца! А младите ни имат мноого да учат полезни и положителни неща от ББ!!!,https://www.dnes.bg/a/1-bulgaria/717444-borisov-nito-edna-sotsiologiya-ne-sam-platil-a-drugite-plashtat,"Борисов: Нито една социология не съм платил, а другите плащат",Негативен,0.74,сарказъм,Негативен,0.74,недоволство,Негативен,0.74,недоволство
"да бе ,ти си светия . колко окраде с тезмагистралки дет се рушат за година две",https://www.dnes.bg/a/1-bulgaria/717444-borisov-nito-edna-sotsiologiya-ne-sam-platil-a-drugite-plashtat,"Борисов: Нито една социология не съм платил, а другите плащат",Негативен,0.96,гняв,Негативен,0.74,недоволство,Негативен,0.74,недоволство
От теб ли да са благодарни бе я недей закача децата само с тях не се заигравай,https://www.dnes.bg/a/1-bulgaria/717444-borisov-nito-edna-sotsiologiya-ne-sam-platil-a-drugite-plashtat,"Борисов: Нито една социология не съм платил, а другите плащат",Негативен,0.92,гняв,Негативен,0.74,недоволство,Негативен,0.74,недоволство
"Така си е,Бойко! ППейците не могат място да си намерят след като се оплетоха в собствени лъжи!",https://www.dnes.bg/a/1-bulgaria/717444-borisov-nito-edna-sotsiologiya-ne-sam-platil-a-drugite-plashtat,"Борисов: Нито една социология не съм платил, а другите плащат",Негативен,0.92,презрение,Негативен,0.74,недоволство,Негативен,0.74,недоволство
ТИ ЛИ БЕ?,https://www.dnes.bg/a/1-bulgaria/717444-borisov-nito-edna-sotsiologiya-ne-sam-platil-a-drugite-plashtat,"Борисов: Нито една социология не съм платил, а другите плащат",Негативен,0.62,изненада,Негативен,0.74,недоволство,Негативен,0.74,недоволство
продавам *** евтино а журналист е като ефтинапроститутка само дето по гнусен,https://www.dnes.bg/a/1-bulgaria/717444-borisov-nito-edna-sotsiologiya-ne-sam-platil-a-drugite-plashtat,"Борисов: Нито една социология не съм платил, а другите плащат",Негативен,0.98,отвращение,Негативен,0.74,недоволство,Негативен,0.74,недоволство
Тик Ток Так,https://www.dnes.bg/a/604-izbori-2026/717443-tiktok-zakri-34-falshivi-akaunta-agitirali-za-peevski,"TikTok закри 34 фалшиви акаунта, агитирали за Пеевски",Неутрален,0.95,неутралност,Негативен,0.86,тревога,Негативен,0.86,тревога
"на петроханските лами , дали ще свалят акаунти , за един приятел питам",https://www.dnes.bg/a/604-izbori-2026/717443-tiktok-zakri-34-falshivi-akaunta-agitirali-za-peevski,"TikTok закри 34 фалшиви акаунта, агитирали за Пеевски",Неутрален,0.68,любопитство,Негативен,0.86,тревога,Негативен,0.86,тревога
и като как си представяте че радев има 90 000 000 гледания ? щото и тик току се чуди,https://www.dnes.bg/a/604-izbori-2026/717443-tiktok-zakri-34-falshivi-akaunta-agitirali-za-peevski,"TikTok закри 34 фалшиви акаунта, агитирали за Пеевски",Негативен,0.78,недоверие,Негативен,0.86,тревога,Негативен,0.86,тревога
Сега и на рублен ако му спрат бот фермата цена няма да имат. 90% от трафика му е фейк. Като него.,https://www.dnes.bg/a/604-izbori-2026/717443-tiktok-zakri-34-falshivi-akaunta-agitirali-za-peevski,"TikTok закри 34 фалшиви акаунта, агитирали за Пеевски",Негативен,0.94,презрение,Негативен,0.86,тревога,Негативен,0.86,тревога
"Аналогично ще се действа и в агитирането за партията на Радев, агенциите му дават над 30% прогнозни резултати, представете си колко фалшиви акаунта са създадени за тази цел...Руските хакери са задействани, а ЕС ще следи за пропаганда и манипулации в социалните мрежи, което вместо да зарадва Радев, го вбеси. Сам се издаде , и то още преди да е дошъл на власт, за какво и за кого се бори!",https://www.dnes.bg/a/604-izbori-2026/717443-tiktok-zakri-34-falshivi-akaunta-agitirali-za-peevski,"TikTok закри 34 фалшиви акаунта, агитирали за Пеевски",Негативен,0.95,гняв,Негативен,0.86,тревога,Негативен,0.86,тревога
"Чакай да схвана, тоест КИТАЙ твърди, че Пеевски мрами. К-и-т-а-й. Ко-мунистите.",https://www.dnes.bg/a/604-izbori-2026/717443-tiktok-zakri-34-falshivi-akaunta-agitirali-za-peevski,"TikTok закри 34 фалшиви акаунта, агитирали за Пеевски",Негативен,0.82,възмущение,Негативен,0.86,тревога,Негативен,0.86,тревога
"Dneska bege много смели, щом пишат така, срещу пеевски. Дано нямат деца меца родители мродители да се грижът че ....",https://www.dnes.bg/a/604-izbori-2026/717443-tiktok-zakri-34-falshivi-akaunta-agitirali-za-peevski,"TikTok закри 34 фалшиви акаунта, агитирали за Пеевски",Негативен,0.86,тревога,Негативен,0.86,тревога,Негативен,0.86,тревога
"А фалшивите акаунти на петрохаските педофили, елфи, акф и мирчев кога?",https://www.dnes.bg/a/604-izbori-2026/717443-tiktok-zakri-34-falshivi-akaunta-agitirali-za-peevski,"TikTok закри 34 фалшиви акаунта, агитирали за Пеевски",Негативен,0.88,гняв,Негативен,0.86,тревога,Негативен,0.86,тревога
"Всичко му е такова на Говновоза. Лъжи, измами,кражби, далавери и заплахи, най-много обича заплахите. Добре че американците го приключиха,ама май не са му казали и то затова вири нос. Къде ще е почивните дни,в САЩ или Великобритания? Или ще ги гледа само на картинка?",https://www.dnes.bg/a/604-izbori-2026/717443-tiktok-zakri-34-falshivi-akaunta-agitirali-za-peevski,"TikTok закри 34 фалшиви акаунта, агитирали за Пеевски",Негативен,0.98,гняв,Негативен,0.86,тревога,Негативен,0.86,тревога
"Оскар за роля ""купувач на гласове"", трябва да получат ""заловените"" от полицията на алкохолика и поклонник на спорни прокурорки, на яхти и узо Дечев, и другият тройкаджия, секретарят на МВР. Всичко е постановка, фалшификации и подметнати пари.",https://www.dnes.bg/a/1-bulgaria/717442-emil-dechev-kmetove-se-opitvat-da-vazdeystvat-varhu-izborniya-protses,Емил Дечев: Кметове се опитват да въздействат върху изборния процес,Негативен,0.96,гняв,Негативен,0.86,възмущение,Негативен,0.86,възмущение
"Кметовете с малки изключения са кадри на ГЕРБ, същото важи и за прокурорите, МВР, следствието. Само напоследък ГЕРБ, разбирай ББ, вкара двама съдии от ГЕРБ и в КС, така че служебният министър на МВР има основания да прави забележки и да се ядосва. А ББ по същото време оповестява Аз социология не съм учил От 2009 г. ГЕРБ , т.е. ББ, е управлявал 3 мандата - до 2020 г. и от 2023 досега още три пъти и през цялото това време е въвеждал свои хора навсякъде в държавната и общинска администрация.",https://www.dnes.bg/a/1-bulgaria/717442-emil-dechev-kmetove-se-opitvat-da-vazdeystvat-varhu-izborniya-protses,Емил Дечев: Кметове се опитват да въздействат върху изборния процес,Негативен,0.86,възмущение,Негативен,0.86,възмущение,Негативен,0.86,възмущение
;)))) mvr proizvejda falshivi dokumenti i posle gi hvasta...maliii goliam vic,https://www.dnes.bg/a/1-bulgaria/717442-emil-dechev-kmetove-se-opitvat-da-vazdeystvat-varhu-izborniya-protses,Емил Дечев: Кметове се опитват да въздействат върху изборния процес,Негативен,0.86,насмешка,Негативен,0.86,възмущение,Негативен,0.86,възмущение
"В ход е хулиганството на алкохолика и любител на яхти, спящият по пейки пиян, Дечев, също и на неговия копой с когото в училище едва са закърпвали среден 3.",https://www.dnes.bg/a/1-bulgaria/717442-emil-dechev-kmetove-se-opitvat-da-vazdeystvat-varhu-izborniya-protses,Емил Дечев: Кметове се опитват да въздействат върху изборния процес,Негативен,0.96,гняв,Негативен,0.86,възмущение,Негативен,0.86,възмущение
Отлично г-н Дечев добра работа ! Статистики не следя гледам реакции !,https://www.dnes.bg/a/1-bulgaria/717442-emil-dechev-kmetove-se-opitvat-da-vazdeystvat-varhu-izborniya-protses,Емил Дечев: Кметове се опитват да въздействат върху изборния процес,Позитивен,0.94,удовлетворение,Негативен,0.86,възмущение,Негативен,0.86,възмущение
"Тези петроханци насрочили Прайда на 13 юни, кагато Гойко Митич и Бойко Борисов имат раожден ден, както и Мина Тодорова (любимата на Яворов)",https://www.dnes.bg/a/1-bulgaria/717442-emil-dechev-kmetove-se-opitvat-da-vazdeystvat-varhu-izborniya-protses,Емил Дечев: Кметове се опитват да въздействат върху изборния процес,Негативен,0.62,ирония,Негативен,0.86,възмущение,Негативен,0.86,възмущение
"Пелтечев, от узото ти се е размътила главата, а погледа ти е разтроен, така че ти се привижда, баби.",https://www.dnes.bg/a/1-bulgaria/717442-emil-dechev-kmetove-se-opitvat-da-vazdeystvat-varhu-izborniya-protses,Емил Дечев: Кметове се опитват да въздействат върху изборния процес,Негативен,0.92,презрение,Негативен,0.86,възмущение,Негативен,0.86,възмущение
"Внимавай, че сме уведомили Тръмп.",https://www.dnes.bg/a/1-bulgaria/717442-emil-dechev-kmetove-se-opitvat-da-vazdeystvat-varhu-izborniya-protses,Емил Дечев: Кметове се опитват да въздействат върху изборния процес,Негативен,0.78,предупреждение,Негативен,0.86,възмущение,Негативен,0.86,възмущение
"Ухаа, кво квиченье пада...... квииииик, квиииик.... кеф...",https://www.dnes.bg/a/1-bulgaria/717442-emil-dechev-kmetove-se-opitvat-da-vazdeystvat-varhu-izborniya-protses,Емил Дечев: Кметове се опитват да въздействат върху изборния процес,Позитивен,0.86,радост,Негативен,0.86,възмущение,Негативен,0.86,възмущение
"И КОЙ е лидера по купуване на гласове? Борисеевски ли? Навсякъде ЛЕВИТЕ купуват гласове, бе, тоест ВИЕ, наследниците на Държавна сигурност.",https://www.dnes.bg/a/1-bulgaria/717442-emil-dechev-kmetove-se-opitvat-da-vazdeystvat-varhu-izborniya-protses,Емил Дечев: Кметове се опитват да въздействат върху изборния процес,Негативен,0.94,гняв,Негативен,0.86,възмущение,Негативен,0.86,възмущение
"Ако ППДБ е в управлението ще има Прайд всяка година.Ако тиквата и прасйето са в управлението Прайд няма да има така,че гласувайте хора за ППДБ!",https://www.dnes.bg/a/1-bulgaria/717442-emil-dechev-kmetove-se-opitvat-da-vazdeystvat-varhu-izborniya-protses,Емил Дечев: Кметове се опитват да въздействат върху изборния процес,Позитивен,0.72,надежда,Негативен,0.86,възмущение,Негативен,0.86,възмущение
"Вашите кметове, пиянде пепейско?",https://www.dnes.bg/a/1-bulgaria/717442-emil-dechev-kmetove-se-opitvat-da-vazdeystvat-varhu-izborniya-protses,Емил Дечев: Кметове се опитват да въздействат върху изборния процес,Негативен,0.92,гняв,Негативен,0.86,възмущение,Негативен,0.86,възмущение
Ако Чекмеджан и Дебелян останат под 80 дупетата - ще стане интересно. Ама с толкоз пара - доста трудно...А дано - ама надали..Само МАСОВО гласуване ги спира тия...,https://www.dnes.bg/a/1-bulgaria/717442-emil-dechev-kmetove-se-opitvat-da-vazdeystvat-varhu-izborniya-protses,Емил Дечев: Кметове се опитват да въздействат върху изборния процес,Негативен,0.82,скептицизъм,Негативен,0.86,възмущение,Негативен,0.86,възмущение
"Дечев да си каже с ръка на сърцето АКО В ПЛИКОВЕТЕ ИМА ЕДНО ЛИСТЧЕ,НАКОЕТО Е ИЗПИСАНО ""ПП"" КАКВО ЩЕ НАПРАВИ! Ако изобщо има такива пликове,обаче! Смятам,че това е поредната лъжа на Шарлатаните!",https://www.dnes.bg/a/1-bulgaria/717442-emil-dechev-kmetove-se-opitvat-da-vazdeystvat-varhu-izborniya-protses,Емил Дечев: Кметове се опитват да въздействат върху изборния процес,Негативен,0.94,гняв,Негативен,0.86,възмущение,Негативен,0.86,възмущение
Представят ли си кмет на НН или ГРОБ да си седи мирно и да не организира купуване на гласове ?,https://www.dnes.bg/a/1-bulgaria/717442-emil-dechev-kmetove-se-opitvat-da-vazdeystvat-varhu-izborniya-protses,Емил Дечев: Кметове се опитват да въздействат върху изборния процес,Негативен,0.86,възмущение,Негативен,0.86,възмущение,Негативен,0.86,възмущение
"Ние всички членове на ЛГБТ обществото отново ще подкрепим ППДБ и на тези избори,защото те подкрепят еднополовите бракове.",https://www.dnes.bg/a/1-bulgaria/717442-emil-dechev-kmetove-se-opitvat-da-vazdeystvat-varhu-izborniya-protses,Емил Дечев: Кметове се опитват да въздействат върху изборния процес,Позитивен,0.86,одобрение,Негативен,0.86,възмущение,Негативен,0.86,възмущение
Ако Чекмеджан и Дебелян останат под 80 дупетата - ще стане интереснооАм с толкоз пара - доста трудно...А дано- ам надали..Само МАСОВО гласуване ги спира тия...При ексРезидента Крадеф играят гоуеми кинти и манипулации,https://www.dnes.bg/a/1-bulgaria/717442-emil-dechev-kmetove-se-opitvat-da-vazdeystvat-varhu-izborniya-protses,Емил Дечев: Кметове се опитват да въздействат върху изборния процес,Негативен,0.86,разочарование,Негативен,0.86,възмущение,Негативен,0.86,възмущение
Яхтичката с Теди,https://www.dnes.bg/a/1-bulgaria/717442-emil-dechev-kmetove-se-opitvat-da-vazdeystvat-varhu-izborniya-protses,Емил Дечев: Кметове се опитват да въздействат върху изборния процес,Неутрален,0.78,спокойствие,Негативен,0.86,възмущение,Негативен,0.86,възмущение
"Този от небето ли пада. Лойко и Шиши за това са ги поставили там, ако не гласуваш правилно няма да си в списъка за дърва, няма социален патронаж ...",https://www.dnes.bg/a/1-bulgaria/717442-emil-dechev-kmetove-se-opitvat-da-vazdeystvat-varhu-izborniya-protses,Емил Дечев: Кметове се опитват да въздействат върху изборния процес,Негативен,0.88,възмущение,Негативен,0.86,възмущение,Негативен,0.86,възмущение
"Дебелян им е поставил норматив. Ако не го изпълнят, вече не са кметове. Те се занимават с този спорт отдавна, но чак сега някой дръзна да ги подгони.",https://www.dnes.bg/a/1-bulgaria/717442-emil-dechev-kmetove-se-opitvat-da-vazdeystvat-varhu-izborniya-protses,Емил Дечев: Кметове се опитват да въздействат върху изборния процес,Негативен,0.78,недоволство,Негативен,0.86,възмущение,Негативен,0.86,възмущение
"Всеки нормален човек над 10-годишна възраст знае кой купува гласове. И това не са нито ПП-ДБ, нито Радев. Това са Борисов и ортакът му в краденето Пеевски.",https://www.dnes.bg/a/1-bulgaria/717442-emil-dechev-kmetove-se-opitvat-da-vazdeystvat-varhu-izborniya-protses,Емил Дечев: Кметове се опитват да въздействат върху изборния процес,Негативен,0.95,гняв,Негативен,0.86,възмущение,Негативен,0.86,възмущение
"Емил Дечев да не си мисли, че хората не обсъждат помежду си изборите. Говорим, спорим и после стигаме до консенсус и решаваме наше село за кой ще гласува. Дечев ще ни каже какво да правим. Ай, сектир!",https://www.dnes.bg/a/1-bulgaria/717442-emil-dechev-kmetove-se-opitvat-da-vazdeystvat-varhu-izborniya-protses,Емил Дечев: Кметове се опитват да въздействат върху изборния процес,Негативен,0.92,гняв,Негативен,0.86,възмущение,Негативен,0.86,възмущение
Я как можело да работи МВР когато има свестни хора начело,https://www.dnes.bg/a/1-bulgaria/717442-emil-dechev-kmetove-se-opitvat-da-vazdeystvat-varhu-izborniya-protses,Емил Дечев: Кметове се опитват да въздействат върху изборния процес,Позитивен,0.86,удовлетворение,Негативен,0.86,възмущение,Негативен,0.86,възмущение
Лидерите при купуването са двама - Тиквата и Сви ня та,https://www.dnes.bg/a/1-bulgaria/717442-emil-dechev-kmetove-se-opitvat-da-vazdeystvat-varhu-izborniya-protses,Емил Дечев: Кметове се опитват да въздействат върху изборния процес,Негативен,0.86,презрение,Негативен,0.86,възмущение,Негативен,0.86,възмущение
"Да кметовете на София, Варна и Благоев град масово купуват роомите. Трябва да се сменят.",https://www.dnes.bg/a/1-bulgaria/717442-emil-dechev-kmetove-se-opitvat-da-vazdeystvat-varhu-izborniya-protses,Емил Дечев: Кметове се опитват да въздействат върху изборния процес,Негативен,0.9,недоволство,Негативен,0.86,възмущение,Негативен,0.86,възмущение
Премиерът Гюров трябва незабавно да смени всички кметове! Както направи с областите управители!,https://www.dnes.bg/a/1-bulgaria/717442-emil-dechev-kmetove-se-opitvat-da-vazdeystvat-varhu-izborniya-protses,Емил Дечев: Кметове се опитват да въздействат върху изборния процес,Негативен,0.82,гняв,Негативен,0.86,възмущение,Негативен,0.86,възмущение
"Поредната маниполация на ЕМо узото. Ако умник Гюро обяви война, главнокомандващата Йотова последна ще научи. Шарлатанчета от Петроханската сеекта.",https://www.dnes.bg/a/1-bulgaria/717442-emil-dechev-kmetove-se-opitvat-da-vazdeystvat-varhu-izborniya-protses,Емил Дечев: Кметове се опитват да въздействат върху изборния процес,Негативен,0.96,гняв,Негативен,0.86,възмущение,Негативен,0.86,възмущение
В Бургас например ППДБ са един файтон хора с файтонджия Дървото.Крепост на ГЕРБ!,https://www.dnes.bg/a/1-bulgaria/717442-emil-dechev-kmetove-se-opitvat-da-vazdeystvat-varhu-izborniya-protses,Емил Дечев: Кметове се опитват да въздействат върху изборния процес,Негативен,0.82,презрение,Негативен,0.86,възмущение,Негативен,0.86,възмущение
"Кажи имената и населените места ,защото иначе е само внушения",https://www.dnes.bg/a/1-bulgaria/717442-emil-dechev-kmetove-se-opitvat-da-vazdeystvat-varhu-izborniya-protses,Емил Дечев: Кметове се опитват да въздействат върху изборния процес,Негативен,0.72,скептицизъм,Негативен,0.86,възмущение,Негативен,0.86,възмущение
"АМИ СЕГА АРЕСТУВАЙТЕ И ВСИЧКИ КМЕТОВЕ НА БЪЛГАРИЯ, ЗА ДА Е ЗА ДОВОЛЕН РЕШЕТНИКОВ..... КАКВО ПАДЕНИЕ И КАТАСТРОФА НА ПППУТИНСКИТЕ ПАРТИИ....",https://www.dnes.bg/a/1-bulgaria/717442-emil-dechev-kmetove-se-opitvat-da-vazdeystvat-varhu-izborniya-protses,Емил Дечев: Кметове се опитват да въздействат върху изборния процес,Негативен,0.95,гняв,Негативен,0.86,възмущение,Негативен,0.86,възмущение
"До: жжт Припомни ми ЕДНО законно нещо да сте направили, жълтопаважни едноклетъчни неможачи.",https://www.dnes.bg/a/1-bulgaria/717442-emil-dechev-kmetove-se-opitvat-da-vazdeystvat-varhu-izborniya-protses,Емил Дечев: Кметове се опитват да въздействат върху изборния процес,Негативен,0.98,гняв,Негативен,0.86,възмущение,Негативен,0.86,възмущение
"Кметовете са политически лица - избират се на избори, а не се назначават като вас. А вие, служебните и уж равноотдалечените от партии, не се опитвате, а направо си купувате изборите. Факт!",https://www.dnes.bg/a/1-bulgaria/717442-emil-dechev-kmetove-se-opitvat-da-vazdeystvat-varhu-izborniya-protses,Емил Дечев: Кметове се опитват да въздействат върху изборния процес,Негативен,0.95,гняв,Негативен,0.86,възмущение,Негативен,0.86,възмущение
"А, областните управители, които Вие назначихте?",https://www.dnes.bg/a/1-bulgaria/717442-emil-dechev-kmetove-se-opitvat-da-vazdeystvat-varhu-izborniya-protses,Емил Дечев: Кметове се опитват да въздействат върху изборния процес,Неутрален,0.78,скептицизъм,Негативен,0.86,възмущение,Негативен,0.86,възмущение
"Ало Дечев , ясно си личи с колко си завършил , та да не знаеш че съдът определя дали даден човек е купувал гласове или не! Но фактите говорят неумолимо , колкото и да се хвалиш с увеличените проценти , няма нито едно решение на съда , което да потвърждава думите ти! А стана ясно че НПО на Сорос , в частност ПП/ДБ, ССБ , АКФ и ред други установяват цялата власт в страната , стс свое МВР и свои началник служби! Така честни избори не се правят от нелегитимен кабинет , преследващ само политическите",https://www.dnes.bg/a/1-bulgaria/717442-emil-dechev-kmetove-se-opitvat-da-vazdeystvat-varhu-izborniya-protses,Емил Дечев: Кметове се опитват да въздействат върху изборния процес,Негативен,0.92,гняв,Негативен,0.86,възмущение,Негативен,0.86,възмущение
"Наздраве министър Узо! Вашето МВР, още 9 дни! Шарлатани гнили!",https://www.dnes.bg/a/1-bulgaria/717442-emil-dechev-kmetove-se-opitvat-da-vazdeystvat-varhu-izborniya-protses,Емил Дечев: Кметове се опитват да въздействат върху изборния процес,Негативен,0.96,гняв,Негативен,0.86,възмущение,Негативен,0.86,възмущение
"ППДБ: Най ни е кеф с наше МВР, че да си правим ала-бала. После сглобка с Радев. Нашите избиратели ПАК ще ни простят",https://www.dnes.bg/a/1-bulgaria/717442-emil-dechev-kmetove-se-opitvat-da-vazdeystvat-varhu-izborniya-protses,Емил Дечев: Кметове се опитват да въздействат върху изборния процес,Негативен,0.86,сарказъм,Негативен,0.86,възмущение,Негативен,0.86,възмущение
"МИЛИЦИОНЕРА, ЗАЩО НЕ КАЗВАШ ЧЕ РЕШЕТНИКОВ ВЛИЯЕ НА ИЗБОРИТЕ, МНОГО ПОВЕЧЕ ОТ НЕКАКЪВ КМЕТ НА СЕЛО С 5 ЖИТЕЛИ",https://www.dnes.bg/a/1-bulgaria/717442-emil-dechev-kmetove-se-opitvat-da-vazdeystvat-varhu-izborniya-protses,Емил Дечев: Кметове се опитват да въздействат върху изборния процес,Негативен,0.92,гняв,Негативен,0.86,възмущение,Негативен,0.86,възмущение
кметовете от герб ли са,https://www.dnes.bg/a/1-bulgaria/717442-emil-dechev-kmetove-se-opitvat-da-vazdeystvat-varhu-izborniya-protses,Емил Дечев: Кметове се опитват да въздействат върху изборния процес,Неутрален,0.95,любопитство,Негативен,0.86,възмущение,Негативен,0.86,възмущение
хамаляха грух грух,https://www.dnes.bg/a/1-bulgaria/717441-dps-sezira-evropeyski-institutsii-i-kongresa-na-sasht-za-gruba-namesa-na-mvr-v-izborniya-protses,ДПС сезира европейски институции и Конгреса на САЩ за груба намеса на МВР в изборния процес,Неутрален,0.82,неутралност,Негативен,0.86,тревога,Негативен,0.86,тревога
Почти парадоксално е престъпник санкциониран по закона Магнитски да сезира Конгреса на САЩ и да иска помощ от скъпите ни американски приятели ! Като в поговорката .,https://www.dnes.bg/a/1-bulgaria/717441-dps-sezira-evropeyski-institutsii-i-kongresa-na-sasht-za-gruba-namesa-na-mvr-v-izborniya-protses,ДПС сезира европейски институции и Конгреса на САЩ за груба намеса на МВР в изборния процес,Негативен,0.86,възмущение,Негативен,0.86,тревога,Негативен,0.86,тревога
Защо трябва да бъде информиран конгресът на САЩ и то от човек в списъка Магнитски?,https://www.dnes.bg/a/1-bulgaria/717441-dps-sezira-evropeyski-institutsii-i-kongresa-na-sasht-za-gruba-namesa-na-mvr-v-izborniya-protses,ДПС сезира европейски институции и Конгреса на САЩ за груба намеса на МВР в изборния процес,Негативен,0.78,недоверие,Негативен,0.86,тревога,Негативен,0.86,тревога
"Явно са здраво са ударени мутрите дпс,щом квичът толкова.",https://www.dnes.bg/a/1-bulgaria/717441-dps-sezira-evropeyski-institutsii-i-kongresa-na-sasht-za-gruba-namesa-na-mvr-v-izborniya-protses,ДПС сезира европейски институции и Конгреса на САЩ за груба намеса на МВР в изборния процес,Негативен,0.88,презрение,Негативен,0.86,тревога,Негативен,0.86,тревога
Крадеца вика дръжте крадеца.,https://www.dnes.bg/a/1-bulgaria/717441-dps-sezira-evropeyski-institutsii-i-kongresa-na-sasht-za-gruba-namesa-na-mvr-v-izborniya-protses,ДПС сезира европейски институции и Конгреса на САЩ за груба намеса на МВР в изборния процес,Негативен,0.82,възмущение,Негативен,0.86,тревога,Негативен,0.86,тревога
Абе Свинекомплекс Родопа няма ли да сезират.,https://www.dnes.bg/a/1-bulgaria/717441-dps-sezira-evropeyski-institutsii-i-kongresa-na-sasht-za-gruba-namesa-na-mvr-v-izborniya-protses,ДПС сезира европейски институции и Конгреса на САЩ за груба намеса на МВР в изборния процес,Негативен,0.72,недоволство,Негативен,0.86,тревога,Негативен,0.86,тревога
Колко трябва да си нагъл за да предприемеш това!,https://www.dnes.bg/a/1-bulgaria/717441-dps-sezira-evropeyski-institutsii-i-kongresa-na-sasht-za-gruba-namesa-na-mvr-v-izborniya-protses,ДПС сезира европейски институции и Конгреса на САЩ за груба намеса на МВР в изборния процес,Негативен,0.96,гняв,Негативен,0.86,тревога,Негативен,0.86,тревога
"До: анонимен 29 По принцип бих се съгласил с теб, но само ако беше споменал и напъните на ППДБ по всички възможни линии по света и у нас. Така ще бъде честно, нали?",https://www.dnes.bg/a/1-bulgaria/717441-dps-sezira-evropeyski-institutsii-i-kongresa-na-sasht-za-gruba-namesa-na-mvr-v-izborniya-protses,ДПС сезира европейски институции и Конгреса на САЩ за груба намеса на МВР в изборния процес,Негативен,0.72,раздразнение,Негативен,0.86,тревога,Негативен,0.86,тревога
Няма такива нагляри като ДПС,https://www.dnes.bg/a/1-bulgaria/717441-dps-sezira-evropeyski-institutsii-i-kongresa-na-sasht-za-gruba-namesa-na-mvr-v-izborniya-protses,ДПС сезира европейски институции и Конгреса на САЩ за груба намеса на МВР в изборния процес,Негативен,0.95,гняв,Негативен,0.86,тревога,Негативен,0.86,тревога
"Не конгреса а Магнитски,да сезира шиши.",https://www.dnes.bg/a/1-bulgaria/717441-dps-sezira-evropeyski-institutsii-i-kongresa-na-sasht-za-gruba-namesa-na-mvr-v-izborniya-protses,ДПС сезира европейски институции и Конгреса на САЩ за груба намеса на МВР в изборния процес,Негативен,0.72,гняв,Негативен,0.86,тревога,Негативен,0.86,тревога
"Това не е сериозно .Поставят държавата България в много неловко положение пред света . В крайан сметка , ако сме общество изобщо не трябва думичка да има за купуване на избори , а министъра е редно да говори с имена .Трябва цялото общество да знае виновниците , да бъдат заклеймени и ако трябва да не се допускат до избори . Няма нужда целия свят да се занимава кирливите ризи на някой местен бабаит",https://www.dnes.bg/a/1-bulgaria/717441-dps-sezira-evropeyski-institutsii-i-kongresa-na-sasht-za-gruba-namesa-na-mvr-v-izborniya-protses,ДПС сезира европейски институции и Конгреса на САЩ за груба намеса на МВР в изборния процес,Негативен,0.95,възмущение,Негативен,0.86,тревога,Негативен,0.86,тревога
"Какво общо има Конгреса на САЩ с нашите ***!? Дебелян *** защото му хващат купувачите на гласове и му развалят рахатлъка и бройката в НС, която си е заплюл. Пък и кинтите му прибират, та е много на минус.",https://www.dnes.bg/a/1-bulgaria/717441-dps-sezira-evropeyski-institutsii-i-kongresa-na-sasht-za-gruba-namesa-na-mvr-v-izborniya-protses,ДПС сезира европейски институции и Конгреса на САЩ за груба намеса на МВР в изборния процес,Негативен,0.96,гняв,Негативен,0.86,тревога,Негативен,0.86,тревога
"Самнкционирания от САЩ се оплаква на САЩ . Той банкова сметка няма право да ползва съобразно санкциите , тръгнал да се навира . Хич няма хабер ,че го приключиха ,ама не знам дали му казаха .",https://www.dnes.bg/a/1-bulgaria/717441-dps-sezira-evropeyski-institutsii-i-kongresa-na-sasht-za-gruba-namesa-na-mvr-v-izborniya-protses,ДПС сезира европейски институции и Конгреса на САЩ за груба намеса на МВР в изборния процес,Негативен,0.92,презрение,Негативен,0.86,тревога,Негативен,0.86,тревога
Мачкайте МВР. Нормалните хора са с вас,https://www.dnes.bg/a/1-bulgaria/717441-dps-sezira-evropeyski-institutsii-i-kongresa-na-sasht-za-gruba-namesa-na-mvr-v-izborniya-protses,ДПС сезира европейски институции и Конгреса на САЩ за груба намеса на МВР в изборния процес,Негативен,0.78,гняв,Негативен,0.86,тревога,Негативен,0.86,тревога
"Воят на намагнитената говновозка ***,е симфония за сетивата на аудиторията. Префугажда си краят и ***.",https://www.dnes.bg/a/1-bulgaria/717441-dps-sezira-evropeyski-institutsii-i-kongresa-na-sasht-za-gruba-namesa-na-mvr-v-izborniya-protses,ДПС сезира европейски институции и Конгреса на САЩ за груба намеса на МВР в изборния процес,Негативен,0.82,отвращение,Негативен,0.86,тревога,Негативен,0.86,тревога
Той Радев като беше при Карбовски каза : Пеевски беше до тук .Приключи . Това му бяха думите .,https://www.dnes.bg/a/1-bulgaria/717441-dps-sezira-evropeyski-institutsii-i-kongresa-na-sasht-za-gruba-namesa-na-mvr-v-izborniya-protses,ДПС сезира европейски институции и Конгреса на САЩ за груба намеса на МВР в изборния процес,Неутрален,0.72,решителност,Негативен,0.86,тревога,Негативен,0.86,тревога
Приемат се сигнали на POP_ Armenia. com,https://www.dnes.bg/a/1-bulgaria/717441-dps-sezira-evropeyski-institutsii-i-kongresa-na-sasht-za-gruba-namesa-na-mvr-v-izborniya-protses,ДПС сезира европейски институции и Конгреса на САЩ за груба намеса на МВР в изборния процес,Неутрален,0.95,неутралност,Негативен,0.86,тревога,Негативен,0.86,тревога
"Прасчо усети,че му точат ножа и почна да ***. Трябваше по-рано за Коледа да го заколим,че направи много мръсотии.",https://www.dnes.bg/a/1-bulgaria/717441-dps-sezira-evropeyski-institutsii-i-kongresa-na-sasht-za-gruba-namesa-na-mvr-v-izborniya-protses,ДПС сезира европейски институции и Конгреса на САЩ за груба намеса на МВР в изборния процес,Негативен,0.92,гняв,Негативен,0.86,тревога,Негативен,0.86,тревога
"пеевски се жалва пред целия свят, че не може да пазарува гласове ли?...",https://www.dnes.bg/a/1-bulgaria/717441-dps-sezira-evropeyski-institutsii-i-kongresa-na-sasht-za-gruba-namesa-na-mvr-v-izborniya-protses,ДПС сезира европейски институции и Конгреса на САЩ за груба намеса на МВР в изборния процес,Негативен,0.88,сарказъм,Негативен,0.86,тревога,Негативен,0.86,тревога
"Ха ха ха господин ""магнитски"" се оплаквал от МВР и то на кой? На тези които го намагнитизираха за корупция. То цялата му тъй наречена партия,е една криминална структура. А 200 000 евро за купуване на гласове оплакал ли се е,че са му ги конфискували?",https://www.dnes.bg/a/1-bulgaria/717441-dps-sezira-evropeyski-institutsii-i-kongresa-na-sasht-za-gruba-namesa-na-mvr-v-izborniya-protses,ДПС сезира европейски институции и Конгреса на САЩ за груба намеса на МВР в изборния процес,Негативен,0.95,презрение,Негативен,0.86,тревога,Негативен,0.86,тревога
"До: *** Този изтъркан от месеци уж лаф, с който се гордеете, а всъщност е едно голяма нищо, показва единствено тоталната ви ментална недостатъчност. Факт.",https://www.dnes.bg/a/1-bulgaria/717441-dps-sezira-evropeyski-institutsii-i-kongresa-na-sasht-za-gruba-namesa-na-mvr-v-izborniya-protses,ДПС сезира европейски институции и Конгреса на САЩ за груба намеса на МВР в изборния процес,Негативен,0.98,гняв,Негативен,0.86,тревога,Негативен,0.86,тревога
И да си купят криви макарони!,https://www.dnes.bg/a/1-bulgaria/717441-dps-sezira-evropeyski-institutsii-i-kongresa-na-sasht-za-gruba-namesa-na-mvr-v-izborniya-protses,ДПС сезира европейски институции и Конгреса на САЩ за груба намеса на МВР в изборния процес,Негативен,0.78,раздразнение,Негативен,0.86,тревога,Негативен,0.86,тревога
"Моля,другарко,не ми дават да купувам изборите",https://www.dnes.bg/a/1-bulgaria/717441-dps-sezira-evropeyski-institutsii-i-kongresa-na-sasht-za-gruba-namesa-na-mvr-v-izborniya-protses,ДПС сезира европейски институции и Конгреса на САЩ за груба намеса на МВР в изборния процес,Негативен,0.78,недоволство,Негативен,0.86,тревога,Негативен,0.86,тревога
"Да сезират още папата, вселенският патриарх, мюфтията на Мека, арменският поп и далай-лама. Без тяхното съдействие няма да стане!",https://www.dnes.bg/a/1-bulgaria/717441-dps-sezira-evropeyski-institutsii-i-kongresa-na-sasht-za-gruba-namesa-na-mvr-v-izborniya-protses,ДПС сезира европейски институции и Конгреса на САЩ за груба намеса на МВР в изборния процес,Негативен,0.82,раздразнение,Негативен,0.86,тревога,Негативен,0.86,тревога
Е АНТИБЪЛГАРСКА ПАРТИЯ,https://www.dnes.bg/a/1-bulgaria/717372-sova-haris-pri-izbori-dnes-335-podkrepyat-radev-19-gerb-pp-db-112,"""Сова Харис"" при избори днес: 33,5% подкрепят Радев, 19% ГЕРБ, ПП-ДБ - 11,2%",Негативен,0.9,гняв,Негативен,0.78,тревога,Негативен,0.78,тревога
Що бе ? Страхуват ли ви ?,https://www.dnes.bg/a/1-bulgaria/717441-dps-sezira-evropeyski-institutsii-i-kongresa-na-sasht-za-gruba-namesa-na-mvr-v-izborniya-protses,ДПС сезира европейски институции и Конгреса на САЩ за груба намеса на МВР в изборния процес,Негативен,0.72,провокация,Негативен,0.86,тревога,Негативен,0.86,тревога
Щом прасето квииичи значи всичко е наред- идва му реда на пангара.,https://www.dnes.bg/a/1-bulgaria/717441-dps-sezira-evropeyski-institutsii-i-kongresa-na-sasht-za-gruba-namesa-na-mvr-v-izborniya-protses,ДПС сезира европейски институции и Конгреса на САЩ за груба намеса на МВР в изборния процес,Негативен,0.78,злорадство,Негативен,0.86,тревога,Негативен,0.86,тревога
кажи за кои да гласуваме и се мотивираи,https://www.dnes.bg/a/1-bulgaria/717441-dps-sezira-evropeyski-institutsii-i-kongresa-na-sasht-za-gruba-namesa-na-mvr-v-izborniya-protses,ДПС сезира европейски институции и Конгреса на САЩ за груба намеса на МВР в изборния процес,Неутрален,0.92,неутралност,Негативен,0.86,тревога,Негативен,0.86,тревога
Щом прасето *** значи всичко е наред- идва му реда на пангара.,https://www.dnes.bg/a/1-bulgaria/717441-dps-sezira-evropeyski-institutsii-i-kongresa-na-sasht-za-gruba-namesa-na-mvr-v-izborniya-protses,ДПС сезира европейски институции и Конгреса на САЩ за груба намеса на МВР в изборния процес,Негативен,0.82,гняв,Негативен,0.86,тревога,Негативен,0.86,тревога
При висока избирателна активност Тиквата и Пра се то умират. Затова всички излезте и гласувайте на 19-ти.,https://www.dnes.bg/a/1-bulgaria/717441-dps-sezira-evropeyski-institutsii-i-kongresa-na-sasht-za-gruba-namesa-na-mvr-v-izborniya-protses,ДПС сезира европейски институции и Конгреса на САЩ за груба намеса на МВР в изборния процес,Негативен,0.72,гняв,Негативен,0.86,тревога,Негативен,0.86,тревога
няма да те извадят от списъка магнитски не се обаждаи повече и се скрии някъдети си позор за българия,https://www.dnes.bg/a/1-bulgaria/717441-dps-sezira-evropeyski-institutsii-i-kongresa-na-sasht-za-gruba-namesa-na-mvr-v-izborniya-protses,ДПС сезира европейски институции и Конгреса на САЩ за груба намеса на МВР в изборния процес,Негативен,0.98,гняв,Негативен,0.86,тревога,Негативен,0.86,тревога
"...така се правят избори с ""наше МВР ""! Педроханци надминава по наглост и бруталност , даже и комунистите ! Изпълняват поръчка , затова и ги натресоха във властта!",https://www.dnes.bg/a/1-bulgaria/717441-dps-sezira-evropeyski-institutsii-i-kongresa-na-sasht-za-gruba-namesa-na-mvr-v-izborniya-protses,ДПС сезира европейски институции и Конгреса на САЩ за груба намеса на МВР в изборния процес,Негативен,0.96,гняв,Негативен,0.86,тревога,Негативен,0.86,тревога
Говори Пиг Брадър! Обявяваме пълна победа за прасетата над хората! Прасета Победа! Това е Новият Световен Свински Ред! Грух Хайл Тортелини!,https://www.dnes.bg/a/1-bulgaria/717441-dps-sezira-evropeyski-institutsii-i-kongresa-na-sasht-za-gruba-namesa-na-mvr-v-izborniya-protses,ДПС сезира европейски институции и Конгреса на САЩ за груба намеса на МВР в изборния процес,Негативен,0.82,триумф,Негативен,0.86,тревога,Негативен,0.86,тревога
"Не знаех, че изборите у нас са в правомощията на американския конгрес.",https://www.dnes.bg/a/1-bulgaria/717441-dps-sezira-evropeyski-institutsii-i-kongresa-na-sasht-za-gruba-namesa-na-mvr-v-izborniya-protses,ДПС сезира европейски институции и Конгреса на САЩ за груба намеса на МВР в изборния процес,Негативен,0.76,раздразнение,Негативен,0.86,тревога,Негативен,0.86,тревога
"Дебелия, ако вземе по-малко от 10% ще бъде ликвидиран намомента.",https://www.dnes.bg/a/1-bulgaria/717441-dps-sezira-evropeyski-institutsii-i-kongresa-na-sasht-za-gruba-namesa-na-mvr-v-izborniya-protses,ДПС сезира европейски институции и Конгреса на САЩ за груба намеса на МВР в изборния процес,Негативен,0.96,гняв,Негативен,0.86,тревога,Негативен,0.86,тревога
"Брех и на ерменския поп да се обадят и на Ким Чен, крадеца вика хванете крадеца..",https://www.dnes.bg/a/1-bulgaria/717441-dps-sezira-evropeyski-institutsii-i-kongresa-na-sasht-za-gruba-namesa-na-mvr-v-izborniya-protses,ДПС сезира европейски институции и Конгреса на САЩ за груба намеса на МВР в изборния процес,Негативен,0.88,възмущение,Негативен,0.86,тревога,Негативен,0.86,тревога
ДПС Е АНТИКОНСТИТУЦИОННА ПАРТИЯ,https://www.dnes.bg/a/1-bulgaria/717441-dps-sezira-evropeyski-institutsii-i-kongresa-na-sasht-za-gruba-namesa-na-mvr-v-izborniya-protses,ДПС сезира европейски институции и Конгреса на САЩ за груба намеса на МВР в изборния процес,Негативен,0.92,гняв,Негативен,0.86,тревога,Негативен,0.86,тревога
Хелзинкски комплекс.,https://www.dnes.bg/a/1-bulgaria/717441-dps-sezira-evropeyski-institutsii-i-kongresa-na-sasht-za-gruba-namesa-na-mvr-v-izborniya-protses,ДПС сезира европейски институции и Конгреса на САЩ за груба намеса на МВР в изборния процес,Неутрален,0.92,неутралност,Негативен,0.86,тревога,Негативен,0.86,тревога
"А, арменският поп сезирахте ли?",https://www.dnes.bg/a/1-bulgaria/717441-dps-sezira-evropeyski-institutsii-i-kongresa-na-sasht-za-gruba-namesa-na-mvr-v-izborniya-protses,ДПС сезира европейски институции и Конгреса на САЩ за груба намеса на МВР в изборния процес,Негативен,0.65,ирония,Негативен,0.86,тревога,Негативен,0.86,тревога
Да живее Боташ! Сега малко ала-бала с машините и взимам властта!,https://www.dnes.bg/a/1-bulgaria/717372-sova-haris-pri-izbori-dnes-335-podkrepyat-radev-19-gerb-pp-db-112,"""Сова Харис"" при избори днес: 33,5% подкрепят Радев, 19% ГЕРБ, ПП-ДБ - 11,2%",Негативен,0.72,сарказъм,Негативен,0.78,тревога,Негативен,0.78,тревога
"За съжаление Румен Радев вече е ""хванат"" от Шиши! В следващия парламент двамата ""хванати"" послушници, Радев и Борисов, ще бъдят принудени да управляват в коалиция и ще изпълняват всичко което им каже Шиши! Запомнете този пост!",https://www.dnes.bg/a/1-bulgaria/717372-sova-haris-pri-izbori-dnes-335-podkrepyat-radev-19-gerb-pp-db-112,"""Сова Харис"" при избори днес: 33,5% подкрепят Радев, 19% ГЕРБ, ПП-ДБ - 11,2%",Негативен,0.95,гняв,Негативен,0.78,тревога,Негативен,0.78,тревога
"Някой някога бил ли е спиран на улицата за да го попитат нещо тези соросоидниРисърчъри? Някой бил ли е допитван по телефон, имейл или по какъвто и да е друг начин? Мен лично никога никой не ме е питал, нито съм вижал да питат някого нещо или познавам някой който е питан. Моля ако има някой, нека пише тук. Иначе сеИЗСИРАМ в дзурлята на нелаФъшкията за поредната гнусна пропаганда на тоя демон.",https://www.dnes.bg/a/1-bulgaria/717372-sova-haris-pri-izbori-dnes-335-podkrepyat-radev-19-gerb-pp-db-112,"""Сова Харис"" при избори днес: 33,5% подкрепят Радев, 19% ГЕРБ, ПП-ДБ - 11,2%",Негативен,0.98,гняв,Негативен,0.78,тревога,Негативен,0.78,тревога
"фараоня 0.2, гело 0.8, тошка 0.99, тъкмо да няма субсидия, както и мумията не искаше!",https://www.dnes.bg/a/1-bulgaria/717372-sova-haris-pri-izbori-dnes-335-podkrepyat-radev-19-gerb-pp-db-112,"""Сова Харис"" при избори днес: 33,5% подкрепят Радев, 19% ГЕРБ, ПП-ДБ - 11,2%",Негативен,0.68,раздразнение,Негативен,0.78,тревога,Негативен,0.78,тревога
"еххх, де късмет шиши да е втори, пеперунгелите на 4,1%, копеейката 3,99%...",https://www.dnes.bg/a/1-bulgaria/717372-sova-haris-pri-izbori-dnes-335-podkrepyat-radev-19-gerb-pp-db-112,"""Сова Харис"" при избори днес: 33,5% подкрепят Радев, 19% ГЕРБ, ПП-ДБ - 11,2%",Негативен,0.72,сарказъм,Негативен,0.78,тревога,Негативен,0.78,тревога
"Другаре, построивме за 50 години половин магистрала, ммм, Хемус значи. За следващите 50 години ще построим цяла магистрала.",https://www.dnes.bg/a/1-bulgaria/717372-sova-haris-pri-izbori-dnes-335-podkrepyat-radev-19-gerb-pp-db-112,"""Сова Харис"" при избори днес: 33,5% подкрепят Радев, 19% ГЕРБ, ПП-ДБ - 11,2%",Негативен,0.86,разочарование,Негативен,0.78,тревога,Негативен,0.78,тревога
"Фалшива агенция, фалшиви прогнози",https://www.dnes.bg/a/1-bulgaria/717372-sova-haris-pri-izbori-dnes-335-podkrepyat-radev-19-gerb-pp-db-112,"""Сова Харис"" при избори днес: 33,5% подкрепят Радев, 19% ГЕРБ, ПП-ДБ - 11,2%",Негативен,0.98,недоверие,Негативен,0.78,тревога,Негативен,0.78,тревога
"Който гласува за Румен Радев, значи е съгласен с договора Боташ и България да плаща всеки ден по милион на Турция! Толкова ли сме богати? Заслужава ли човек, който ни натресе този срамен договор, да бъде избран за депутат?! Абсурдно е!",https://www.dnes.bg/a/1-bulgaria/717372-sova-haris-pri-izbori-dnes-335-podkrepyat-radev-19-gerb-pp-db-112,"""Сова Харис"" при избори днес: 33,5% подкрепят Радев, 19% ГЕРБ, ПП-ДБ - 11,2%",Негативен,0.96,гняв,Негативен,0.78,тревога,Негативен,0.78,тревога
"Совите не са това, което са! 33% за ***!?! Вероятно е платил на совите, лошо е ако се е добрал до машините с опълченците на Петрохан и умник Гюро!",https://www.dnes.bg/a/1-bulgaria/717372-sova-haris-pri-izbori-dnes-335-podkrepyat-radev-19-gerb-pp-db-112,"""Сова Харис"" при избори днес: 33,5% подкрепят Радев, 19% ГЕРБ, ПП-ДБ - 11,2%",Негативен,0.86,възмущение,Негативен,0.78,тревога,Негативен,0.78,тревога
До: БанкеръВеличие няма да ги огрее парламента!,https://www.dnes.bg/a/1-bulgaria/717372-sova-haris-pri-izbori-dnes-335-podkrepyat-radev-19-gerb-pp-db-112,"""Сова Харис"" при избори днес: 33,5% подкрепят Радев, 19% ГЕРБ, ПП-ДБ - 11,2%",Негативен,0.78,злорадство,Негативен,0.78,тревога,Негативен,0.78,тревога
"Колкото и да лъжете, няма да промените нагласите на българите! Когато Волен Сидеров навремето влезе с 12% в парламента, същите тия му даваха 2,8%. Който киха парички на социолозите него го слагат на челните места! Със закон трябва да се забранят тези проучвания! Вредни са колкото и хазарта и едва ли някой им вярва.",https://www.dnes.bg/a/1-bulgaria/717372-sova-haris-pri-izbori-dnes-335-podkrepyat-radev-19-gerb-pp-db-112,"""Сова Харис"" при избори днес: 33,5% подкрепят Радев, 19% ГЕРБ, ПП-ДБ - 11,2%",Негативен,0.95,гняв,Негативен,0.78,тревога,Негативен,0.78,тревога
"Моите прогнози са Радев 20,Герб19,ПП 15,ДПС12,Възраждане8,Виличие7,Меч4,5,БСП3,ИТН3,АПС2,Сияние 1 и т.н.Все пак активиста на ГЕРБ ще вземе субсидийка.",https://www.dnes.bg/a/1-bulgaria/717372-sova-haris-pri-izbori-dnes-335-podkrepyat-radev-19-gerb-pp-db-112,"""Сова Харис"" при избори днес: 33,5% подкрепят Радев, 19% ГЕРБ, ПП-ДБ - 11,2%",Неутрален,0.62,ирония,Негативен,0.78,тревога,Негативен,0.78,тревога
"Що се излагате ,бре ?! Поне 333 пурцента ще спечели другаря на другарите :))) Машалла!",https://www.dnes.bg/a/1-bulgaria/717372-sova-haris-pri-izbori-dnes-335-podkrepyat-radev-19-gerb-pp-db-112,"""Сова Харис"" при избори днес: 33,5% подкрепят Радев, 19% ГЕРБ, ПП-ДБ - 11,2%",Негативен,0.86,подигравка,Негативен,0.78,тревога,Негативен,0.78,тревога
"Аз мисля, че Румен Боташев ще има 99,9% от всички гласували. Най-хубавото тепърва предстои.",https://www.dnes.bg/a/1-bulgaria/717372-sova-haris-pri-izbori-dnes-335-podkrepyat-radev-19-gerb-pp-db-112,"""Сова Харис"" при избори днес: 33,5% подкрепят Радев, 19% ГЕРБ, ПП-ДБ - 11,2%",Позитивен,0.96,оптимизъм,Негативен,0.78,тревога,Негативен,0.78,тревога
Къде е Величие бе платени мекерета????? Кво сияние бе хахахаха,https://www.dnes.bg/a/1-bulgaria/717372-sova-haris-pri-izbori-dnes-335-podkrepyat-radev-19-gerb-pp-db-112,"""Сова Харис"" при избори днес: 33,5% подкрепят Радев, 19% ГЕРБ, ПП-ДБ - 11,2%",Негативен,0.95,гняв,Негативен,0.78,тревога,Негативен,0.78,тревога
"Не 33,5 %, а НАД 99,5 % е подкрепата за другаря Радев !",https://www.dnes.bg/a/1-bulgaria/717372-sova-haris-pri-izbori-dnes-335-podkrepyat-radev-19-gerb-pp-db-112,"""Сова Харис"" при избори днес: 33,5% подкрепят Радев, 19% ГЕРБ, ПП-ДБ - 11,2%",Негативен,0.74,ирония,Негативен,0.78,тревога,Негативен,0.78,тревога
"Тази прогноза е по-вярна - с 2% е завишен рейтинга на ПБ, с 2,5-3% този на ГЕРБ, останалите са близки до истината. ИТН и БСП ще отпаднат - ИТН заради честите непремерени изказвания на Тошко Африкански в НС, а БСП - заради продажността на Зафиров и компания.",https://www.dnes.bg/a/1-bulgaria/717372-sova-haris-pri-izbori-dnes-335-podkrepyat-radev-19-gerb-pp-db-112,"""Сова Харис"" при избори днес: 33,5% подкрепят Радев, 19% ГЕРБ, ПП-ДБ - 11,2%",Негативен,0.82,разочарование,Негативен,0.78,тревога,Негативен,0.78,тревога
Язе ще гласувам за другаря Петроханов.,https://www.dnes.bg/a/1-bulgaria/717372-sova-haris-pri-izbori-dnes-335-podkrepyat-radev-19-gerb-pp-db-112,"""Сова Харис"" при избори днес: 33,5% подкрепят Радев, 19% ГЕРБ, ПП-ДБ - 11,2%",Позитивен,0.65,подкрепа,Негативен,0.78,тревога,Негативен,0.78,тревога
С Боташ напред!,https://www.dnes.bg/a/1-bulgaria/717372-sova-haris-pri-izbori-dnes-335-podkrepyat-radev-19-gerb-pp-db-112,"""Сова Харис"" при избори днес: 33,5% подкрепят Радев, 19% ГЕРБ, ПП-ДБ - 11,2%",Позитивен,0.86,ентусиазъм,Негативен,0.78,тревога,Негативен,0.78,тревога
Старите комунисти с помощта на саксийните си комсомолци се опитват да направят рестарт *** кръглата маса и да раздадат пак виртуално куфарчетата на избраните си роднини.,https://www.dnes.bg/a/1-bulgaria/717372-sova-haris-pri-izbori-dnes-335-podkrepyat-radev-19-gerb-pp-db-112,"""Сова Харис"" при избори днес: 33,5% подкрепят Радев, 19% ГЕРБ, ПП-ДБ - 11,2%",Негативен,0.92,гняв,Негативен,0.78,тревога,Негативен,0.78,тревога
"Стига сте се карали, има нареждане от Съвета на Европа държавната администрация да се намали драстично. Няма значение кой е на власт. Който и да е на власт, ще ги намали ""чантаджиите"". Това е европейска заповед. Трябва да бъдат намалени най-малко два пъти. Това е политика на икономии.",https://www.dnes.bg/a/1-bulgaria/717372-sova-haris-pri-izbori-dnes-335-podkrepyat-radev-19-gerb-pp-db-112,"""Сова Харис"" при избори днес: 33,5% подкрепят Радев, 19% ГЕРБ, ПП-ДБ - 11,2%",Негативен,0.78,раздразнение,Негативен,0.78,тревога,Негативен,0.78,тревога
"Аз съм чел Законите на Паркинсън. Той, моля ви се, се оплаква, че във Великобритания имало 600 000 чантаджии. Е да де, ама населението е 60 милиона. 1 човек на 100... А у нас - един на 10 работещи.",https://www.dnes.bg/a/1-bulgaria/717372-sova-haris-pri-izbori-dnes-335-podkrepyat-radev-19-gerb-pp-db-112,"""Сова Харис"" при избори днес: 33,5% подкрепят Радев, 19% ГЕРБ, ПП-ДБ - 11,2%",Негативен,0.82,недоволство,Негативен,0.78,тревога,Негативен,0.78,тревога
"Така е, за 12 годишното си царуване Еднокнижника напълни цялата държавна администрация с негови хора. Няма значение, че са некомпетентни. Сега са му твърд електорат. И със семействата си правят поне 600 хиляди гласа за него.",https://www.dnes.bg/a/1-bulgaria/717372-sova-haris-pri-izbori-dnes-335-podkrepyat-radev-19-gerb-pp-db-112,"""Сова Харис"" при избори днес: 33,5% подкрепят Радев, 19% ГЕРБ, ПП-ДБ - 11,2%",Негативен,0.94,възмущение,Негативен,0.78,тревога,Негативен,0.78,тревога
Това предвиждане ли е.....или Пожелание ???,https://www.dnes.bg/a/1-bulgaria/717372-sova-haris-pri-izbori-dnes-335-podkrepyat-radev-19-gerb-pp-db-112,"""Сова Харис"" при избори днес: 33,5% подкрепят Радев, 19% ГЕРБ, ПП-ДБ - 11,2%",Неутрален,0.82,съмнение,Негативен,0.78,тревога,Негативен,0.78,тревога
"(продължение) Ох, само чантата му не се опитвай да вземеш! Ще изреве като мълния през юли и ще изчезне, ще се разтвори в пространството. Той без чантата е нищо. Чантата - тя му осигурява заплата от 2-3 к месечно плюс бонуси, плюс възможност за уреждане на роднини... Осигурява му и стабилен трудов стаж за пенсия, което не се постига в частните фирми.",https://www.dnes.bg/a/1-bulgaria/717372-sova-haris-pri-izbori-dnes-335-podkrepyat-radev-19-gerb-pp-db-112,"""Сова Харис"" при избори днес: 33,5% подкрепят Радев, 19% ГЕРБ, ПП-ДБ - 11,2%",Негативен,0.86,ирония,Негативен,0.78,тревога,Негативен,0.78,тревога
"За Герб гласуват чантаджиите, хората с чанти. Около 300 000 са в цяла България. А уж от ППДБ щяха да намаляват държавните чиновници... Нищо не намалиха, герберските калинки са по местата си. На какво не е способен човекът с чанта, за да запази чантата си! Накарай го да коментира международното положение - ще говори с часове! Кажи му, че трябва да яде варени моркови - ще ги яде с килограми! Плесни му шамар - ще се ухили! Ами ако се опиташ да му вземеш чантата? (продължение)",https://www.dnes.bg/a/1-bulgaria/717372-sova-haris-pri-izbori-dnes-335-podkrepyat-radev-19-gerb-pp-db-112,"""Сова Харис"" при избори днес: 33,5% подкрепят Радев, 19% ГЕРБ, ПП-ДБ - 11,2%",Негативен,0.93,гняв,Негативен,0.78,тревога,Негативен,0.78,тревога
".....Е,.... ДРУГИТЕ ПАРТИИ , КЪДЕ СА, БЕ.....",https://www.dnes.bg/a/1-bulgaria/717372-sova-haris-pri-izbori-dnes-335-podkrepyat-radev-19-gerb-pp-db-112,"""Сова Харис"" при избори днес: 33,5% подкрепят Радев, 19% ГЕРБ, ПП-ДБ - 11,2%",Негативен,0.78,раздразнение,Негативен,0.78,тревога,Негативен,0.78,тревога
"как пък едно изследване не показа пеедофилите под 10%? 11-12 редовно... те са 7, демек 7%... ШИШИ премиер!",https://www.dnes.bg/a/1-bulgaria/717372-sova-haris-pri-izbori-dnes-335-podkrepyat-radev-19-gerb-pp-db-112,"""Сова Харис"" при избори днес: 33,5% подкрепят Радев, 19% ГЕРБ, ПП-ДБ - 11,2%",Негативен,0.92,гняв,Негативен,0.78,тревога,Негативен,0.78,тревога
До: анонименИ мен не са ме питали! Не са питали и никой от моите роднини и приятели!Странно!,https://www.dnes.bg/a/1-bulgaria/717372-sova-haris-pri-izbori-dnes-335-podkrepyat-radev-19-gerb-pp-db-112,"""Сова Харис"" при избори днес: 33,5% подкрепят Радев, 19% ГЕРБ, ПП-ДБ - 11,2%",Негативен,0.82,недоволство,Негативен,0.78,тревога,Негативен,0.78,тревога
Сова Харис- агенцията на БСП!,https://www.dnes.bg/a/1-bulgaria/717372-sova-haris-pri-izbori-dnes-335-podkrepyat-radev-19-gerb-pp-db-112,"""Сова Харис"" при избори днес: 33,5% подкрепят Радев, 19% ГЕРБ, ПП-ДБ - 11,2%",Негативен,0.72,недоверие,Негативен,0.78,тревога,Негативен,0.78,тревога
мда весник Труп пасквила на крадците от кръга на бсп спонсорите,https://www.dnes.bg/a/1-bulgaria/717372-sova-haris-pri-izbori-dnes-335-podkrepyat-radev-19-gerb-pp-db-112,"""Сова Харис"" при избори днес: 33,5% подкрепят Радев, 19% ГЕРБ, ПП-ДБ - 11,2%",Негативен,0.92,гняв,Негативен,0.78,тревога,Негативен,0.78,тревога
Като президент Радев беше една съвсем безлична фигура представяща се за натовски генерал на служба в Кремъл. Като евентуален премиер ще бъде още по-зле от това коетэ ни показа като президент защото ще трябва да поеме реална отговорност за действията си нещо което не направи за 10 години служба в президентството.,https://www.dnes.bg/a/1-bulgaria/717372-sova-haris-pri-izbori-dnes-335-podkrepyat-radev-19-gerb-pp-db-112,"""Сова Харис"" при избори днес: 33,5% подкрепят Радев, 19% ГЕРБ, ПП-ДБ - 11,2%",Негативен,0.97,гняв,Негативен,0.78,тревога,Негативен,0.78,тревога
"Българите пак скочиха върху мотиката ""спасителя"" на нацията.",https://www.dnes.bg/a/1-bulgaria/717372-sova-haris-pri-izbori-dnes-335-podkrepyat-radev-19-gerb-pp-db-112,"""Сова Харис"" при избори днес: 33,5% подкрепят Радев, 19% ГЕРБ, ПП-ДБ - 11,2%",Негативен,0.86,разочарование,Негативен,0.78,тревога,Негативен,0.78,тревога
Какъв оптимизъм да има след като в новата формация се настаниха стари муцунки.Държавността е срината и става все по труден живота на тази поробена територия на Балканите.Заради кефана 200 хиляди останалите мизерстват с пенсии и ниски заплати.,https://www.dnes.bg/a/1-bulgaria/717372-sova-haris-pri-izbori-dnes-335-podkrepyat-radev-19-gerb-pp-db-112,"""Сова Харис"" при избори днес: 33,5% подкрепят Радев, 19% ГЕРБ, ПП-ДБ - 11,2%",Негативен,0.96,разочарование,Негативен,0.78,тревога,Негативен,0.78,тревога
Тази агенция е най-фалшивата от всички,https://www.dnes.bg/a/1-bulgaria/717372-sova-haris-pri-izbori-dnes-335-podkrepyat-radev-19-gerb-pp-db-112,"""Сова Харис"" при избори днес: 33,5% подкрепят Радев, 19% ГЕРБ, ПП-ДБ - 11,2%",Негативен,0.96,гняв,Негативен,0.78,тревога,Негативен,0.78,тревога
"Ако такива са и реалните резултати следващата Неделя, стягам си багажа и се махам в посока запад. ЛЪЖА и измама е, че тази държава някога ще се оправи .",https://www.dnes.bg/a/1-bulgaria/717372-sova-haris-pri-izbori-dnes-335-podkrepyat-radev-19-gerb-pp-db-112,"""Сова Харис"" при избори днес: 33,5% подкрепят Радев, 19% ГЕРБ, ПП-ДБ - 11,2%",Негативен,0.98,разочарование,Негативен,0.78,тревога,Негативен,0.78,тревога
продавам рускитрол на шиш с зелен4уци,https://www.dnes.bg/a/1-bulgaria/717372-sova-haris-pri-izbori-dnes-335-podkrepyat-radev-19-gerb-pp-db-112,"""Сова Харис"" при избори днес: 33,5% подкрепят Радев, 19% ГЕРБ, ПП-ДБ - 11,2%",Неутрален,0.86,неутралност,Негативен,0.78,тревога,Негативен,0.78,тревога
реалните резултати ще са рундю 23 герб 19 пеевски 10 пп дб 10 + - 1-2 процента за всеки друг невлиза а бсп итн и възраждане на сметището,https://www.dnes.bg/a/1-bulgaria/717372-sova-haris-pri-izbori-dnes-335-podkrepyat-radev-19-gerb-pp-db-112,"""Сова Харис"" при избори днес: 33,5% подкрепят Радев, 19% ГЕРБ, ПП-ДБ - 11,2%",Негативен,0.82,презрение,Негативен,0.78,тревога,Негативен,0.78,тревога
сова или кастриран бухал русофил .. но положението е такова рундю обира двата файтоналумпени гласуващи за възраждане и бсп костя максудовски и там който савет трупове оправлява бсп няма как да влезат и рундю да има висок процент електората им е един и същ,https://www.dnes.bg/a/1-bulgaria/717372-sova-haris-pri-izbori-dnes-335-podkrepyat-radev-19-gerb-pp-db-112,"""Сова Харис"" при избори днес: 33,5% подкрепят Радев, 19% ГЕРБ, ПП-ДБ - 11,2%",Негативен,0.92,гняв,Негативен,0.78,тревога,Негативен,0.78,тревога
"Сова ли е ? Знаем , че совите не са това , което са ! А тази сова е изплезила език като килим и ближе ли ближе миризливите чорапи на зеления потник. Еееех , Сова Харис, безсрамници сте ! И добре са ви платили !",https://www.dnes.bg/a/1-bulgaria/717372-sova-haris-pri-izbori-dnes-335-podkrepyat-radev-19-gerb-pp-db-112,"""Сова Харис"" при избори днес: 33,5% подкрепят Радев, 19% ГЕРБ, ПП-ДБ - 11,2%",Негативен,0.96,отвращение,Негативен,0.78,тревога,Негативен,0.78,тревога
Зельонъй чорапенко ще се хване с рома Кoпейкин и с БСП. Слушайте какво ви пее Кидика :)))))))))))))))))))))))))))))),https://www.dnes.bg/a/1-bulgaria/717372-sova-haris-pri-izbori-dnes-335-podkrepyat-radev-19-gerb-pp-db-112,"""Сова Харис"" при избори днес: 33,5% подкрепят Радев, 19% ГЕРБ, ПП-ДБ - 11,2%",Негативен,0.72,подигравка,Негативен,0.78,тревога,Негативен,0.78,тревога
Тралала. Доматите са по 10.87 Евро кг. Днес 09.04.2026. Увеличение с 33.5 процента.,https://www.dnes.bg/a/1-bulgaria/717372-sova-haris-pri-izbori-dnes-335-podkrepyat-radev-19-gerb-pp-db-112,"""Сова Харис"" при избори днес: 33,5% подкрепят Радев, 19% ГЕРБ, ПП-ДБ - 11,2%",Негативен,0.78,недоволство,Негативен,0.78,тревога,Негативен,0.78,тревога
"33,5%.Удри,Президенте.С теб сме.",https://www.dnes.bg/a/1-bulgaria/717372-sova-haris-pri-izbori-dnes-335-podkrepyat-radev-19-gerb-pp-db-112,"""Сова Харис"" при избори днес: 33,5% подкрепят Радев, 19% ГЕРБ, ПП-ДБ - 11,2%",Позитивен,0.82,подкрепа,Негативен,0.78,тревога,Негативен,0.78,тревога
"Някои пак си правят експерименти и на техния и на гърба на останалите ?! На какво се надяват и ге не знаят,на някакви техни фантазии и лъжите на летеца и обкръжението му - ченгета,олигарси ,пропаднали посредствени политици.Щом за 10 години не сте разбрали какъв е Радев ,вие сте не спасяеми .Пак ще горните Мисля,пак ще плюете това което сте избрали,пак ще търсите измисления ви ,, Спасител""",https://www.dnes.bg/a/1-bulgaria/717372-sova-haris-pri-izbori-dnes-335-podkrepyat-radev-19-gerb-pp-db-112,"""Сова Харис"" при избори днес: 33,5% подкрепят Радев, 19% ГЕРБ, ПП-ДБ - 11,2%",Негативен,0.96,гняв,Негативен,0.78,тревога,Негативен,0.78,тревога
"Какво стана със СЪЗДАТЕЛЯ на промяната кирил петков ?шАРЛАТАНИ , забравихте го и неговата половинка.май само печалбата ви блазни",https://www.dnes.bg/a/1-bulgaria/717372-sova-haris-pri-izbori-dnes-335-podkrepyat-radev-19-gerb-pp-db-112,"""Сова Харис"" при избори днес: 33,5% подкрепят Радев, 19% ГЕРБ, ПП-ДБ - 11,2%",Негативен,0.95,гняв,Негативен,0.78,тревога,Негативен,0.78,тревога
До: УМЕН. Миналата седмица агенцията на самия червен колю даде далеч по реални резултати съ около 4% за радев.А всеки знае къде гравитира червения колю,https://www.dnes.bg/a/1-bulgaria/717372-sova-haris-pri-izbori-dnes-335-podkrepyat-radev-19-gerb-pp-db-112,"""Сова Харис"" при избори днес: 33,5% подкрепят Радев, 19% ГЕРБ, ПП-ДБ - 11,2%",Негативен,0.68,скептицизъм,Негативен,0.78,тревога,Негативен,0.78,тревога
Тралала. Плод и зеленчук магазина е.,https://www.dnes.bg/a/1-bulgaria/717372-sova-haris-pri-izbori-dnes-335-podkrepyat-radev-19-gerb-pp-db-112,"""Сова Харис"" при избори днес: 33,5% подкрепят Радев, 19% ГЕРБ, ПП-ДБ - 11,2%",Неутрален,0.9,спокойствие,Негативен,0.78,тревога,Негативен,0.78,тревога
До: анонимен Ами то май между русофилския фанатизъм и ислямския няма разлика.Поне да бяха прочели нашете нсевдо патриоти ресофилите какво са писали нашите най видни р.еволюционери какво са писали за руснаците и защо от русофили в началото стават русофоби.Последно време нашите путинисти станаха и ислямисти.А да червения комунист няма родина той е интернационалист,https://www.dnes.bg/a/1-bulgaria/717372-sova-haris-pri-izbori-dnes-335-podkrepyat-radev-19-gerb-pp-db-112,"""Сова Харис"" при избори днес: 33,5% подкрепят Радев, 19% ГЕРБ, ПП-ДБ - 11,2%",Негативен,0.94,гняв,Негативен,0.78,тревога,Негативен,0.78,тревога
"Аз съм за Радев, нека съм ***, дето не гласува за досегашните айдуци. Айде със здраве, гледай да напечелиш малко стотинки че това ще ти е.",https://www.dnes.bg/a/1-bulgaria/717372-sova-haris-pri-izbori-dnes-335-podkrepyat-radev-19-gerb-pp-db-112,"""Сова Харис"" при избори днес: 33,5% подкрепят Радев, 19% ГЕРБ, ПП-ДБ - 11,2%",Негативен,0.86,гняв,Негативен,0.78,тревога,Негативен,0.78,тревога
"A днеса кой ще го закрие - като гледам от пишещите едно 80% са против Радев, демек политически ***/агитатори",https://www.dnes.bg/a/1-bulgaria/717372-sova-haris-pri-izbori-dnes-335-podkrepyat-radev-19-gerb-pp-db-112,"""Сова Харис"" при избори днес: 33,5% подкрепят Радев, 19% ГЕРБ, ПП-ДБ - 11,2%",Негативен,0.78,раздразнение,Негативен,0.78,тревога,Негативен,0.78,тревога
"хора всякакви, но масата са глупави и точно тях цели льотчика като електорат",https://www.dnes.bg/a/1-bulgaria/717372-sova-haris-pri-izbori-dnes-335-podkrepyat-radev-19-gerb-pp-db-112,"""Сова Харис"" при избори днес: 33,5% подкрепят Радев, 19% ГЕРБ, ПП-ДБ - 11,2%",Негативен,0.95,презрение,Негативен,0.78,тревога,Негативен,0.78,тревога
До: анонимен Образ ненагледен не ти ли прави впечатление че почти всички парти се опитват да се качат на власт със изчъгъртване и спихват или със обичам да плюя и мразя бойко.Ами тоя номер се изтърка и се обръща срещу тези които го ползват,https://www.dnes.bg/a/1-bulgaria/717372-sova-haris-pri-izbori-dnes-335-podkrepyat-radev-19-gerb-pp-db-112,"""Сова Харис"" при избори днес: 33,5% подкрепят Радев, 19% ГЕРБ, ПП-ДБ - 11,2%",Негативен,0.86,раздразнение,Негативен,0.78,тревога,Негативен,0.78,тревога
"До: Ха-ха трябва да знаеш че мнозинствота е за проевропейска ориентация и ако се наложи ще хвърчи перушина , но няма да ни завлечете пак там от където всички избягаха ох..л...юв",https://www.dnes.bg/a/1-bulgaria/717372-sova-haris-pri-izbori-dnes-335-podkrepyat-radev-19-gerb-pp-db-112,"""Сова Харис"" при избори днес: 33,5% подкрепят Радев, 19% ГЕРБ, ПП-ДБ - 11,2%",Негативен,0.86,гняв,Негативен,0.78,тревога,Негативен,0.78,тревога
До: АстонВ.труд е рупор на кремълската пропаганда това и децата го знаят вече,https://www.dnes.bg/a/1-bulgaria/717372-sova-haris-pri-izbori-dnes-335-podkrepyat-radev-19-gerb-pp-db-112,"""Сова Харис"" при избори днес: 33,5% подкрепят Радев, 19% ГЕРБ, ПП-ДБ - 11,2%",Негативен,0.92,възмущение,Негативен,0.78,тревога,Негативен,0.78,тревога
До: Анонимко за съжаление колкото и да не ти харесва борбата и то много оспорвана за третото място ще е между ппдб и дпс пък ти си фантазирай измислените коефициенти на совата,https://www.dnes.bg/a/1-bulgaria/717372-sova-haris-pri-izbori-dnes-335-podkrepyat-radev-19-gerb-pp-db-112,"""Сова Харис"" при избори днес: 33,5% подкрепят Радев, 19% ГЕРБ, ПП-ДБ - 11,2%",Негативен,0.78,раздразнение,Негативен,0.78,тревога,Негативен,0.78,тревога
До: анонимен предполагам визираш генЛеонид Решетников който случайно минавал от тук да пие чай при първия избор за президент и горката корнелия Нинова му издигна кандидатурата тогава.Но най интересното е че скоро я гледах в едно интервю по дарик радио в ютуб където тя каза че Радев не носи промяна а подмяна.То отдавна го знаехме като виждаме червения кръжок около радев със червените олигарси които щели да борят другите олигарси.Все пак си мисля че номерът с мекиите се изтърка колкото и да е зат,https://www.dnes.bg/a/1-bulgaria/717372-sova-haris-pri-izbori-dnes-335-podkrepyat-radev-19-gerb-pp-db-112,"""Сова Харис"" при избори днес: 33,5% подкрепят Радев, 19% ГЕРБ, ПП-ДБ - 11,2%",Негативен,0.87,разочарование,Негативен,0.78,тревога,Негативен,0.78,тревога
До: анонимен вашият копейкин ще вземе власта ама на албанския празник с тия изкривени от совата коефициенти,https://www.dnes.bg/a/1-bulgaria/717372-sova-haris-pri-izbori-dnes-335-podkrepyat-radev-19-gerb-pp-db-112,"""Сова Харис"" при избори днес: 33,5% подкрепят Радев, 19% ГЕРБ, ПП-ДБ - 11,2%",Негативен,0.82,презрение,Негативен,0.78,тревога,Негативен,0.78,тревога
"До: анонименАми има .и някой да не знае че в.труд е с прокремъ.ска ориентация и как ще изкара моментите нагласи на избирателите.Миналата седмица агенцията на червения колю даде даже по реални резултати.Радев бе със 27% герб със 23.6, възраждане на копейкин около 6%.Борбата за първото место ще е между Герб и радев ,а жестока бо.ба за третото място е между дпс и ппдб",https://www.dnes.bg/a/1-bulgaria/717372-sova-haris-pri-izbori-dnes-335-podkrepyat-radev-19-gerb-pp-db-112,"""Сова Харис"" при избори днес: 33,5% подкрепят Радев, 19% ГЕРБ, ПП-ДБ - 11,2%",Негативен,0.62,скептицизъм,Негативен,0.78,тревога,Негативен,0.78,тревога
"Центаджиите плачат, но Възраждане ще вземе властта",https://www.dnes.bg/a/1-bulgaria/717372-sova-haris-pri-izbori-dnes-335-podkrepyat-radev-19-gerb-pp-db-112,"""Сова Харис"" при избори днес: 33,5% подкрепят Радев, 19% ГЕРБ, ПП-ДБ - 11,2%",Позитивен,0.78,увереност,Негативен,0.78,тревога,Негативен,0.78,тревога
"Радев втори, ППДБ четвърти - АМИН!",https://www.dnes.bg/a/1-bulgaria/717372-sova-haris-pri-izbori-dnes-335-podkrepyat-radev-19-gerb-pp-db-112,"""Сова Харис"" при избори днес: 33,5% подкрепят Радев, 19% ГЕРБ, ПП-ДБ - 11,2%",Позитивен,0.78,одобрение,Негативен,0.78,тревога,Негативен,0.78,тревога
"Прогнозните резултати на сова харис за изборите са на Митрофанова, която активно работи за мероприятието ""Радев"" на Москва. По точно Радев да ни върне страната в евразия под ботуша на москва, да сме им пета колона. ПП-ДБ нямат нищо общо с Радев. Той създаде групировка. За разлика от русофила,Радев, то ПП-ДБте са Евроатлантици за Европейски път на развитие на страната.",https://www.dnes.bg/a/1-bulgaria/717372-sova-haris-pri-izbori-dnes-335-podkrepyat-radev-19-gerb-pp-db-112,"""Сова Харис"" при избори днес: 33,5% подкрепят Радев, 19% ГЕРБ, ПП-ДБ - 11,2%",Негативен,0.92,гняв,Негативен,0.78,тревога,Негативен,0.78,тревога
"Посоченият от руските разузнавателни служби за президент Радев показва грубо политическо суеверно русофилство, умишлено го култивирано сред народните маси; политически юмрук, вървенето и воюването под което неизбежно води към предателство и национална катастрофа. С русофилството си Радев с безогледно дипломанстване с руската дипломация (с Митрофанофа ) неизбежно и фатално прави от България едно сляпо и послушно оръдие в ръцете на руската завоевателна политика на Балканите.",https://www.dnes.bg/a/1-bulgaria/717372-sova-haris-pri-izbori-dnes-335-podkrepyat-radev-19-gerb-pp-db-112,"""Сова Харис"" при избори днес: 33,5% подкрепят Радев, 19% ГЕРБ, ПП-ДБ - 11,2%",Негативен,0.97,гняв,Негативен,0.78,тревога,Негативен,0.78,тревога
"Само при ДПС- шиши,процентите са грешни,едва ли ще събере и 1 %",https://www.dnes.bg/a/1-bulgaria/717372-sova-haris-pri-izbori-dnes-335-podkrepyat-radev-19-gerb-pp-db-112,"""Сова Харис"" при избори днес: 33,5% подкрепят Радев, 19% ГЕРБ, ПП-ДБ - 11,2%",Негативен,0.86,скептицизъм,Негативен,0.78,тревога,Негативен,0.78,тревога
"Щом дават 11% на Промяната , значи Радев, Бойко и Дилян имат 89%. Оставили са 11% за да има кого да бият в парламента.",https://www.dnes.bg/a/1-bulgaria/717372-sova-haris-pri-izbori-dnes-335-podkrepyat-radev-19-gerb-pp-db-112,"""Сова Харис"" при избори днес: 33,5% подкрепят Радев, 19% ГЕРБ, ПП-ДБ - 11,2%",Негативен,0.86,разочарование,Негативен,0.78,тревога,Негативен,0.78,тревога
"Като видиш кой им е поръчител на поучването,става ясно как са го натъкмили.",https://www.dnes.bg/a/1-bulgaria/717372-sova-haris-pri-izbori-dnes-335-podkrepyat-radev-19-gerb-pp-db-112,"""Сова Харис"" при избори днес: 33,5% подкрепят Радев, 19% ГЕРБ, ПП-ДБ - 11,2%",Негативен,0.86,недоверие,Негативен,0.78,тревога,Негативен,0.78,тревога
Щом дават 34 близо процента за Радев значи за около и над 40 . Пеперазите ще имат 7-8 процента .,https://www.dnes.bg/a/1-bulgaria/717372-sova-haris-pri-izbori-dnes-335-podkrepyat-radev-19-gerb-pp-db-112,"""Сова Харис"" при избори днес: 33,5% подкрепят Радев, 19% ГЕРБ, ПП-ДБ - 11,2%",Негативен,0.72,презрение,Негативен,0.78,тревога,Негативен,0.78,тревога
Тази страна няма бъдеще с това племе.,https://www.dnes.bg/a/1-bulgaria/717372-sova-haris-pri-izbori-dnes-335-podkrepyat-radev-19-gerb-pp-db-112,"""Сова Харис"" при избори днес: 33,5% подкрепят Радев, 19% ГЕРБ, ПП-ДБ - 11,2%",Негативен,0.95,презрение,Негативен,0.78,тревога,Негативен,0.78,тревога
"До: 287 И аз не познавам слабо-умни дето ще гласуват за ПП-растите, ама на - виж колко процента са си купили от Совите.",https://www.dnes.bg/a/1-bulgaria/717372-sova-haris-pri-izbori-dnes-335-podkrepyat-radev-19-gerb-pp-db-112,"""Сова Харис"" при избори днес: 33,5% подкрепят Радев, 19% ГЕРБ, ПП-ДБ - 11,2%",Негативен,0.92,гняв,Негативен,0.78,тревога,Негативен,0.78,тревога
Това като се отчита 3 гласа за всяка машинна бюлетина за Радев ли? Манипулирахте ли вече машините??,https://www.dnes.bg/a/1-bulgaria/717372-sova-haris-pri-izbori-dnes-335-podkrepyat-radev-19-gerb-pp-db-112,"""Сова Харис"" при избори днес: 33,5% подкрепят Радев, 19% ГЕРБ, ПП-ДБ - 11,2%",Негативен,0.92,гняв,Негативен,0.78,тревога,Негативен,0.78,тревога
"Значи така, 8 годишно безразделно Радево ляво управление, народа се мъчи и плаче за нормално дясно управление, навсякъде по света избират ВСЕ десни, само в България обратното.... А бе, ЗАЩО не си го заврете от...",https://www.dnes.bg/a/1-bulgaria/717372-sova-haris-pri-izbori-dnes-335-podkrepyat-radev-19-gerb-pp-db-112,"""Сова Харис"" при избори днес: 33,5% подкрепят Радев, 19% ГЕРБ, ПП-ДБ - 11,2%",Негативен,0.95,гняв,Негативен,0.78,тревога,Негативен,0.78,тревога
А уж совата е мъдра птица,https://www.dnes.bg/a/1-bulgaria/717372-sova-haris-pri-izbori-dnes-335-podkrepyat-radev-19-gerb-pp-db-112,"""Сова Харис"" при избори днес: 33,5% подкрепят Радев, 19% ГЕРБ, ПП-ДБ - 11,2%",Негативен,0.62,ирония,Негативен,0.78,тревога,Негативен,0.78,тревога
"До: 266 1) НИКОй не те е спрял да си купиш еднопосочен билет и да заминават при някой спонсор (примерно Сорос младши) или да направиш изследване за местоположението на руския кораб. 2) Това, че някой мисли с главата си, а не с опорките от разни новинарски емисии, означава само, че колкото по-бързо освободиш терена от присъствието си- толкова по добре.",https://www.dnes.bg/a/1-bulgaria/717372-sova-haris-pri-izbori-dnes-335-podkrepyat-radev-19-gerb-pp-db-112,"""Сова Харис"" при избори днес: 33,5% подкрепят Радев, 19% ГЕРБ, ПП-ДБ - 11,2%",Негативен,0.92,гняв,Негативен,0.78,тревога,Негативен,0.78,тревога
"Ох, как ще плачете на 19-ти, само потривам ръце.",https://www.dnes.bg/a/1-bulgaria/717372-sova-haris-pri-izbori-dnes-335-podkrepyat-radev-19-gerb-pp-db-112,"""Сова Харис"" при избори днес: 33,5% подкрепят Радев, 19% ГЕРБ, ПП-ДБ - 11,2%",Негативен,0.95,злорадство,Негативен,0.78,тревога,Негативен,0.78,тревога
Това сред електората на БСП ли е?,https://www.dnes.bg/a/1-bulgaria/717372-sova-haris-pri-izbori-dnes-335-podkrepyat-radev-19-gerb-pp-db-112,"""Сова Харис"" при избори днес: 33,5% подкрепят Радев, 19% ГЕРБ, ПП-ДБ - 11,2%",Неутрален,0.86,любопитство,Негативен,0.78,тревога,Негативен,0.78,тревога
"Колкото повече Радевци се излагат драматично, толкова повече рейтинга им се вдига.... Вие за балами ли ни вземате?",https://www.dnes.bg/a/1-bulgaria/717372-sova-haris-pri-izbori-dnes-335-podkrepyat-radev-19-gerb-pp-db-112,"""Сова Харис"" при избори днес: 33,5% подкрепят Радев, 19% ГЕРБ, ПП-ДБ - 11,2%",Негативен,0.92,гняв,Негативен,0.78,тревога,Негативен,0.78,тревога
"Ама може ли, нали Труд взе ясна линия в посока Масква, може ли проекта на генерал Решетников да не спечели?",https://www.dnes.bg/a/1-bulgaria/717372-sova-haris-pri-izbori-dnes-335-podkrepyat-radev-19-gerb-pp-db-112,"""Сова Харис"" при избори днес: 33,5% подкрепят Радев, 19% ГЕРБ, ПП-ДБ - 11,2%",Негативен,0.82,възмущение,Негативен,0.78,тревога,Негативен,0.78,тревога
"Агенцията се е ПРОДАЛА, а Труд и Блъсков са корупционери. Какво ли не правят за пари.",https://www.dnes.bg/a/1-bulgaria/717372-sova-haris-pri-izbori-dnes-335-podkrepyat-radev-19-gerb-pp-db-112,"""Сова Харис"" при избори днес: 33,5% подкрепят Радев, 19% ГЕРБ, ПП-ДБ - 11,2%",Негативен,0.98,гняв,Негативен,0.78,тревога,Негативен,0.78,тревога
"Ха тъкмо за празниците, да ни развали настроението, мрси.",https://www.dnes.bg/a/1-bulgaria/717372-sova-haris-pri-izbori-dnes-335-podkrepyat-radev-19-gerb-pp-db-112,"""Сова Харис"" при избори днес: 33,5% подкрепят Радев, 19% ГЕРБ, ПП-ДБ - 11,2%",Негативен,0.92,раздразнение,Негативен,0.78,тревога,Негативен,0.78,тревога
Това някаква деветоаприлска шега ли е?,https://www.dnes.bg/a/1-bulgaria/717372-sova-haris-pri-izbori-dnes-335-podkrepyat-radev-19-gerb-pp-db-112,"""Сова Харис"" при избори днес: 33,5% подкрепят Радев, 19% ГЕРБ, ПП-ДБ - 11,2%",Негативен,0.78,раздразнение,Негативен,0.78,тревога,Негативен,0.78,тревога
"Сменили сте местата на ГЕРБ и Прогресивна (Регресивна) България, нали?",https://www.dnes.bg/a/1-bulgaria/717372-sova-haris-pri-izbori-dnes-335-podkrepyat-radev-19-gerb-pp-db-112,"""Сова Харис"" при избори днес: 33,5% подкрепят Радев, 19% ГЕРБ, ПП-ДБ - 11,2%",Негативен,0.76,раздразнение,Негативен,0.78,тревога,Негативен,0.78,тревога
"Лъжливата сова я знаем, а кой е Харис?!",https://www.dnes.bg/a/1-bulgaria/717372-sova-haris-pri-izbori-dnes-335-podkrepyat-radev-19-gerb-pp-db-112,"""Сова Харис"" при избори днес: 33,5% подкрепят Радев, 19% ГЕРБ, ПП-ДБ - 11,2%",Негативен,0.82,недоверие,Негативен,0.78,тревога,Негативен,0.78,тревога
"Лакмуса е БСП,щом пишат че влиза нещата са фалшиви.Кой ще гласува за БСП и защо?",https://www.dnes.bg/a/1-bulgaria/717372-sova-haris-pri-izbori-dnes-335-podkrepyat-radev-19-gerb-pp-db-112,"""Сова Харис"" при избори днес: 33,5% подкрепят Радев, 19% ГЕРБ, ПП-ДБ - 11,2%",Негативен,0.86,недоверие,Негативен,0.78,тревога,Негативен,0.78,тревога
"На тези социолози колко им плащат, за да намаляват процентите за Радев? Трима от четирима одобряват Радев, но не е ясно колко от тях ще гласуват. За ГЕРБ и СДС отдавна никой не гласува, освен техните членове и семействата им откраднали стотици милиарди след 1989 година.",https://www.dnes.bg/a/1-bulgaria/717372-sova-haris-pri-izbori-dnes-335-podkrepyat-radev-19-gerb-pp-db-112,"""Сова Харис"" при избори днес: 33,5% подкрепят Радев, 19% ГЕРБ, ПП-ДБ - 11,2%",Негативен,0.95,гняв,Негативен,0.78,тревога,Негативен,0.78,тревога
Мечтата на българският русофил е да стане руски крепостник!,https://www.dnes.bg/a/1-bulgaria/717372-sova-haris-pri-izbori-dnes-335-podkrepyat-radev-19-gerb-pp-db-112,"""Сова Харис"" при избори днес: 33,5% подкрепят Радев, 19% ГЕРБ, ПП-ДБ - 11,2%",Негативен,0.92,презрение,Негативен,0.78,тревога,Негативен,0.78,тревога
"Сава Харис е магистрална труженичка, за парип прави всякакви мошенгии!",https://www.dnes.bg/a/1-bulgaria/717372-sova-haris-pri-izbori-dnes-335-podkrepyat-radev-19-gerb-pp-db-112,"""Сова Харис"" при избори днес: 33,5% подкрепят Радев, 19% ГЕРБ, ПП-ДБ - 11,2%",Негативен,0.94,презрение,Негативен,0.78,тревога,Негативен,0.78,тревога
"Хахахааааа, ще се спукам от смях. :)))))))))) Сова харис - Червен Колю :)))))))))) Винаги предрича победа на БСП :))))) До сега нищо не е познал. Аре чао, че заминавам на тежка софра в Родопите.",https://www.dnes.bg/a/1-bulgaria/717372-sova-haris-pri-izbori-dnes-335-podkrepyat-radev-19-gerb-pp-db-112,"""Сова Харис"" при избори днес: 33,5% подкрепят Радев, 19% ГЕРБ, ПП-ДБ - 11,2%",Позитивен,0.92,веселие,Негативен,0.78,тревога,Негативен,0.78,тревога
Дано Възраждане да е първа политическа сила,https://www.dnes.bg/a/1-bulgaria/717372-sova-haris-pri-izbori-dnes-335-podkrepyat-radev-19-gerb-pp-db-112,"""Сова Харис"" при избори днес: 33,5% подкрепят Радев, 19% ГЕРБ, ПП-ДБ - 11,2%",Позитивен,0.78,надежда,Негативен,0.78,тревога,Негативен,0.78,тревога
"Хм, това не може да е вярно.",https://www.dnes.bg/a/1-bulgaria/717372-sova-haris-pri-izbori-dnes-335-podkrepyat-radev-19-gerb-pp-db-112,"""Сова Харис"" при избори днес: 33,5% подкрепят Радев, 19% ГЕРБ, ПП-ДБ - 11,2%",Негативен,0.78,недоверие,Негативен,0.78,тревога,Негативен,0.78,тревога
Совите не са това което са. Няма на всеки километър подкрепящ Радев. Защо ни будалкате? Аз работя с екип от 36 човека. Само един има където още се чуди дали да се довери на Радев и то заради Украйна.,https://www.dnes.bg/a/1-bulgaria/717372-sova-haris-pri-izbori-dnes-335-podkrepyat-radev-19-gerb-pp-db-112,"""Сова Харис"" при избори днес: 33,5% подкрепят Радев, 19% ГЕРБ, ПП-ДБ - 11,2%",Негативен,0.87,недоверие,Негативен,0.78,тревога,Негативен,0.78,тревога
"Казах, че ще гласувам за Радев и си го по Пам с платения социолог",https://www.dnes.bg/a/1-bulgaria/717372-sova-haris-pri-izbori-dnes-335-podkrepyat-radev-19-gerb-pp-db-112,"""Сова Харис"" при избори днес: 33,5% подкрепят Радев, 19% ГЕРБ, ПП-ДБ - 11,2%",Негативен,0.72,раздразнение,Негативен,0.78,тревога,Негативен,0.78,тревога
"Още ще върви пропагандата.Със всеки ден вдигат процента за Радев за сметка на двамата престъпника от герб и нн ,които дръпнаха парите авансово за мантинели,магистрали,кетъринг за училища и градини и подобни,които ние реално плащаме с данъците си. а в момента с нашите пари те ще купуват ромски гласове",https://www.dnes.bg/a/1-bulgaria/717372-sova-haris-pri-izbori-dnes-335-podkrepyat-radev-19-gerb-pp-db-112,"""Сова Харис"" при избори днес: 33,5% подкрепят Радев, 19% ГЕРБ, ПП-ДБ - 11,2%",Негативен,0.95,гняв,Негативен,0.78,тревога,Негативен,0.78,тревога
Чудя им се на тая сова що дават толкова малко проценти на фърчилото като са лапнали толкова голяма сума ще им се скара. Поне можеше 50 процента да им дадат нищо на следващите през есента ще се поправят.,https://www.dnes.bg/a/1-bulgaria/717372-sova-haris-pri-izbori-dnes-335-podkrepyat-radev-19-gerb-pp-db-112,"""Сова Харис"" при избори днес: 33,5% подкрепят Радев, 19% ГЕРБ, ПП-ДБ - 11,2%",Негативен,0.82,недоволство,Негативен,0.78,тревога,Негативен,0.78,тревога
"Радев, ГЕРБ и ДПС заедно ще успеят да спрат кражбите.",https://www.dnes.bg/a/1-bulgaria/717372-sova-haris-pri-izbori-dnes-335-podkrepyat-radev-19-gerb-pp-db-112,"""Сова Харис"" при избори днес: 33,5% подкрепят Радев, 19% ГЕРБ, ПП-ДБ - 11,2%",Позитивен,0.78,надежда,Негативен,0.78,тревога,Негативен,0.78,тревога
"BG-русофилите прекарват ежедневието си в създадени от американски платформи като Ф/Б (както и самия интернет, впрочем), но иначе много обичат да русофилстват, гушнати от удобствата на западния свят. Един предмет нямат у дома създаден от колхозниците, камо ли дреха, книга или кола, но иначе пак русофилстваме активно и мечтаем за евразийския колхозен рай. Ама си предпочитаме лошата Европа.",https://www.dnes.bg/a/1-bulgaria/717372-sova-haris-pri-izbori-dnes-335-podkrepyat-radev-19-gerb-pp-db-112,"""Сова Харис"" при избори днес: 33,5% подкрепят Радев, 19% ГЕРБ, ПП-ДБ - 11,2%",Негативен,0.93,презрение,Негативен,0.78,тревога,Негативен,0.78,тревога
"Не 33,5 %, а НАД 99,5 % е подкрепата за другаря Радев.",https://www.dnes.bg/a/1-bulgaria/717372-sova-haris-pri-izbori-dnes-335-podkrepyat-radev-19-gerb-pp-db-112,"""Сова Харис"" при избори днес: 33,5% подкрепят Радев, 19% ГЕРБ, ПП-ДБ - 11,2%",Негативен,0.72,сарказъм,Негативен,0.78,тревога,Негативен,0.78,тревога
Над 500 милиона евро вече са събрани от купувачите на гласове.А нали знаем кои най-много винаги купуват?,https://www.dnes.bg/a/1-bulgaria/717372-sova-haris-pri-izbori-dnes-335-podkrepyat-radev-19-gerb-pp-db-112,"""Сова Харис"" при избори днес: 33,5% подкрепят Радев, 19% ГЕРБ, ПП-ДБ - 11,2%",Негативен,0.86,възмущение,Негативен,0.78,тревога,Негативен,0.78,тревога
"Супер, първите две сили да направят правителство и да почват да борят олигархията :-)",https://www.dnes.bg/a/1-bulgaria/717372-sova-haris-pri-izbori-dnes-335-podkrepyat-radev-19-gerb-pp-db-112,"""Сова Харис"" при избори днес: 33,5% подкрепят Радев, 19% ГЕРБ, ПП-ДБ - 11,2%",Позитивен,0.87,оптимизъм,Негативен,0.78,тревога,Негативен,0.78,тревога
ППДБ са антибългарска партия,https://www.dnes.bg/a/1-bulgaria/717372-sova-haris-pri-izbori-dnes-335-podkrepyat-radev-19-gerb-pp-db-112,"""Сова Харис"" при избори днес: 33,5% подкрепят Радев, 19% ГЕРБ, ПП-ДБ - 11,2%",Негативен,0.94,гняв,Негативен,0.78,тревога,Негативен,0.78,тревога
"Българският русофил винаги ми е бил интересен като психическо устройство. Що за чувство за самоунижение, подчинение, що за липса за идентичност, самоопределеност и свобода имат тези хора. Как стремглаво се втурват да защитават една очевидно тоталитарна, корумпирана, антидемократична империя, винаги работила против българския национален интерес, само и само да се почувстват значими, да покажат робска преданост.",https://www.dnes.bg/a/1-bulgaria/717372-sova-haris-pri-izbori-dnes-335-podkrepyat-radev-19-gerb-pp-db-112,"""Сова Харис"" при избори днес: 33,5% подкрепят Радев, 19% ГЕРБ, ПП-ДБ - 11,2%",Негативен,0.97,презрение,Негативен,0.78,тревога,Негативен,0.78,тревога
"Рашаните пишат на нашата кирилица. Ние сме им дали букви да пишат и четат. Арогантни, агресивни и нагли. Ние сме ги направили хора. Но от сифилистика Ленин оскотяха. След втората световна война им се вдигна самочувствието на вечни ""пабедители"". ""Пабедители"" с помоща на Запада, а и всичките им главатари имат имоти в Европа и изучават децата си в скъпарски западни колежи, а 'пабедителите още живеят в комуналки и ходят във външни тоалетни. К.пейкин и русофилите да заминават за Масква. Кой ги спира?",https://www.dnes.bg/a/1-bulgaria/717372-sova-haris-pri-izbori-dnes-335-podkrepyat-radev-19-gerb-pp-db-112,"""Сова Харис"" при избори днес: 33,5% подкрепят Радев, 19% ГЕРБ, ПП-ДБ - 11,2%",Негативен,0.98,гняв,Негативен,0.78,тревога,Негативен,0.78,тревога
"До: инж. павел павлов Павле, отивай при приятеля си ****кин, но си вземи кофа с вазелин, че неговите солдати много са загоряли в землянките, не смеят да си покажат кратуните да не ги удари украински дрон.",https://www.dnes.bg/a/1-bulgaria/717372-sova-haris-pri-izbori-dnes-335-podkrepyat-radev-19-gerb-pp-db-112,"""Сова Харис"" при избори днес: 33,5% подкрепят Радев, 19% ГЕРБ, ПП-ДБ - 11,2%",Негативен,0.96,гняв,Негативен,0.78,тревога,Негативен,0.78,тревога
"До: До 254.... Не энам кво е эавършил yшaтия, ама като Бойко не може да фовори. Спокойна и народна реч, без отбягване на въпроси. Кога твоя отличник ще се яви на дебатите, на кръстосани въпроси да му чуем отличията",https://www.dnes.bg/a/1-bulgaria/717372-sova-haris-pri-izbori-dnes-335-podkrepyat-radev-19-gerb-pp-db-112,"""Сова Харис"" при избори днес: 33,5% подкрепят Радев, 19% ГЕРБ, ПП-ДБ - 11,2%",Негативен,0.78,раздразнение,Негативен,0.78,тревога,Негативен,0.78,тревога
Лъжа и измама са тия скалъппени данни,https://www.dnes.bg/a/1-bulgaria/717372-sova-haris-pri-izbori-dnes-335-podkrepyat-radev-19-gerb-pp-db-112,"""Сова Харис"" при избори днес: 33,5% подкрепят Радев, 19% ГЕРБ, ПП-ДБ - 11,2%",Негативен,0.95,гняв,Негативен,0.78,тревога,Негативен,0.78,тревога
"Совата лапнала 20 000 евра и снесла следния резултат.Толкова голямо количество прости ,обаче няма",https://www.dnes.bg/a/1-bulgaria/717372-sova-haris-pri-izbori-dnes-335-podkrepyat-radev-19-gerb-pp-db-112,"""Сова Харис"" при избори днес: 33,5% подкрепят Радев, 19% ГЕРБ, ПП-ДБ - 11,2%",Негативен,0.92,презрение,Негативен,0.78,тревога,Негативен,0.78,тревога
"За Росен Миленов ще гласуват мн хора,но не мъцват за това.Бюлетина 10,За партия Нация с 18 и Възраждане с 10 това са партиите",https://www.dnes.bg/a/1-bulgaria/717372-sova-haris-pri-izbori-dnes-335-podkrepyat-radev-19-gerb-pp-db-112,"""Сова Харис"" при избори днес: 33,5% подкрепят Радев, 19% ГЕРБ, ПП-ДБ - 11,2%",Неутрален,0.78,увереност,Негативен,0.78,тревога,Негативен,0.78,тревога
"До: До 261да не си му майка, че го защитаваш, има доста хора със средно образование, които са преуспяли милионери",https://www.dnes.bg/a/1-bulgaria/717372-sova-haris-pri-izbori-dnes-335-podkrepyat-radev-19-gerb-pp-db-112,"""Сова Харис"" при избори днес: 33,5% подкрепят Радев, 19% ГЕРБ, ПП-ДБ - 11,2%",Негативен,0.72,раздразнение,Негативен,0.78,тревога,Негативен,0.78,тревога
"Радев е завършил математическа гимназия с отличие.След това военна академия с инженерна специалност.После завърша американската школа ""Максуел""с отличие и има звезда на алеята на славата.Явно,според теб,да си пожарникар е по престижно(иначе с уважение към професията,ама който си я изпълнява).",https://www.dnes.bg/a/1-bulgaria/717372-sova-haris-pri-izbori-dnes-335-podkrepyat-radev-19-gerb-pp-db-112,"""Сова Харис"" при избори днес: 33,5% подкрепят Радев, 19% ГЕРБ, ПП-ДБ - 11,2%",Негативен,0.78,ирония,Негативен,0.78,тревога,Негативен,0.78,тревога
"забелязва се масово купуване на вазелин от хора поддържащи радев , след изборите ще си изберат позата",https://www.dnes.bg/a/1-bulgaria/717372-sova-haris-pri-izbori-dnes-335-podkrepyat-radev-19-gerb-pp-db-112,"""Сова Харис"" при избори днес: 33,5% подкрепят Радев, 19% ГЕРБ, ПП-ДБ - 11,2%",Негативен,0.92,презрение,Негативен,0.78,тревога,Негативен,0.78,тревога
"тези статистики целят да ни откажат да гласуваме ли като ни натрапват кой щял да спечели? искат да ни кажат, че както и да гласуваме, боташа ще е премиерин, а мафията мнозинството в НС?",https://www.dnes.bg/a/1-bulgaria/717372-sova-haris-pri-izbori-dnes-335-podkrepyat-radev-19-gerb-pp-db-112,"""Сова Харис"" при избори днес: 33,5% подкрепят Радев, 19% ГЕРБ, ПП-ДБ - 11,2%",Негативен,0.92,гняв,Негативен,0.78,тревога,Негативен,0.78,тревога
"Пак гласятнещо с патерица сияние то е ясно ама ,няма да го бъде",https://www.dnes.bg/a/1-bulgaria/717372-sova-haris-pri-izbori-dnes-335-podkrepyat-radev-19-gerb-pp-db-112,"""Сова Харис"" при избори днес: 33,5% подкрепят Радев, 19% ГЕРБ, ПП-ДБ - 11,2%",Негативен,0.78,разочарование,Негативен,0.78,тревога,Негативен,0.78,тревога
"Абе,папагал,престани да повтаряш едни и същи глупости,че вече ни втръсна.",https://www.dnes.bg/a/1-bulgaria/717372-sova-haris-pri-izbori-dnes-335-podkrepyat-radev-19-gerb-pp-db-112,"""Сова Харис"" при избори днес: 33,5% подкрепят Радев, 19% ГЕРБ, ПП-ДБ - 11,2%",Негативен,0.97,раздразнение,Негативен,0.78,тревога,Негативен,0.78,тревога
"Борисов е пpocт, ама Радев е 200ста пъти по пpocт...щото е военен",https://www.dnes.bg/a/1-bulgaria/717372-sova-haris-pri-izbori-dnes-335-podkrepyat-radev-19-gerb-pp-db-112,"""Сова Харис"" при избори днес: 33,5% подкрепят Радев, 19% ГЕРБ, ПП-ДБ - 11,2%",Негативен,0.95,презрение,Негативен,0.78,тревога,Негативен,0.78,тревога
"За Пълен Потрес ще гласуват само някакви напълно заблудени разносвачи на пица и офисен планктон, дето си мислят, че е много ""Куул"" да си лилав...Нормалните хора отдавна отписахме тези продажни от.па. дъци...",https://www.dnes.bg/a/1-bulgaria/717372-sova-haris-pri-izbori-dnes-335-podkrepyat-radev-19-gerb-pp-db-112,"""Сова Харис"" при избори днес: 33,5% подкрепят Радев, 19% ГЕРБ, ПП-ДБ - 11,2%",Негативен,0.98,гняв,Негативен,0.78,тревога,Негативен,0.78,тревога
"Боташ, шарлатани, Гюро- това са заслугите на радев за България",https://www.dnes.bg/a/1-bulgaria/717372-sova-haris-pri-izbori-dnes-335-podkrepyat-radev-19-gerb-pp-db-112,"""Сова Харис"" при избори днес: 33,5% подкрепят Радев, 19% ГЕРБ, ПП-ДБ - 11,2%",Негативен,0.92,гняв,Негативен,0.78,тревога,Негативен,0.78,тревога
"А пък ""приятелят""на Боко,Тръмп е на 78 и всички сме свидетели на лудостта му.",https://www.dnes.bg/a/1-bulgaria/717372-sova-haris-pri-izbori-dnes-335-podkrepyat-radev-19-gerb-pp-db-112,"""Сова Харис"" при избори днес: 33,5% подкрепят Радев, 19% ГЕРБ, ПП-ДБ - 11,2%",Негативен,0.9,презрение,Негативен,0.78,тревога,Негативен,0.78,тревога
гласувайте за Радев щом искате да върнем обратно нулите на банкнотите само че в рубли,https://www.dnes.bg/a/1-bulgaria/717372-sova-haris-pri-izbori-dnes-335-podkrepyat-radev-19-gerb-pp-db-112,"""Сова Харис"" при избори днес: 33,5% подкрепят Радев, 19% ГЕРБ, ПП-ДБ - 11,2%",Негативен,0.86,сарказъм,Негативен,0.78,тревога,Негативен,0.78,тревога
"гласувайте за ген. Радев да си оправим потъпканите отношения с братска Русия, това ще се почувства от народа! руснаците не искат от нас войници, те искат приятели!",https://www.dnes.bg/a/1-bulgaria/717372-sova-haris-pri-izbori-dnes-335-podkrepyat-radev-19-gerb-pp-db-112,"""Сова Харис"" при избори днес: 33,5% подкрепят Радев, 19% ГЕРБ, ПП-ДБ - 11,2%",Позитивен,0.82,надежда,Негативен,0.78,тревога,Негативен,0.78,тревога
Радев бил доста по млад?!? Той е с 3 години по млад от Борисов! Само че Борисов стана кмет на София още в началото на 40те си години а руския льотчок на 63 години се сетил да влиза в политиката,https://www.dnes.bg/a/1-bulgaria/717372-sova-haris-pri-izbori-dnes-335-podkrepyat-radev-19-gerb-pp-db-112,"""Сова Харис"" при избори днес: 33,5% подкрепят Радев, 19% ГЕРБ, ПП-ДБ - 11,2%",Негативен,0.93,презрение,Негативен,0.78,тревога,Негативен,0.78,тревога
"бе как 33,5% вчера бяха 49% вчера броих поддръжниците ни .",https://www.dnes.bg/a/1-bulgaria/717372-sova-haris-pri-izbori-dnes-335-podkrepyat-radev-19-gerb-pp-db-112,"""Сова Харис"" при избори днес: 33,5% подкрепят Радев, 19% ГЕРБ, ПП-ДБ - 11,2%",Негативен,0.62,недоумение,Негативен,0.78,тревога,Негативен,0.78,тревога
"Неудачниците, които чакат спасителя да се появи и да им напълни хладилника са много. Тарикатите, които ще ги яхнат и обяздят са олигарсите, които финансират радев. Бедния будала ще бъде пак беден, радев и неговата шайка отсега се наредиха на трапезата за голямото лапане.",https://www.dnes.bg/a/1-bulgaria/717372-sova-haris-pri-izbori-dnes-335-podkrepyat-radev-19-gerb-pp-db-112,"""Сова Харис"" при избори днес: 33,5% подкрепят Радев, 19% ГЕРБ, ПП-ДБ - 11,2%",Негативен,0.98,гняв,Негативен,0.78,тревога,Негативен,0.78,тревога
за ххлебват софите - като едни истински цоцо цциолози,https://www.dnes.bg/a/1-bulgaria/717372-sova-haris-pri-izbori-dnes-335-podkrepyat-radev-19-gerb-pp-db-112,"""Сова Харис"" при избори днес: 33,5% подкрепят Радев, 19% ГЕРБ, ПП-ДБ - 11,2%",Негативен,0.72,пренебрежение,Негативен,0.78,тревога,Негативен,0.78,тревога
"Да,""Сияние"" е новата патерица.Ако влязат,де.",https://www.dnes.bg/a/1-bulgaria/717372-sova-haris-pri-izbori-dnes-335-podkrepyat-radev-19-gerb-pp-db-112,"""Сова Харис"" при избори днес: 33,5% подкрепят Радев, 19% ГЕРБ, ПП-ДБ - 11,2%",Негативен,0.82,скептицизъм,Негативен,0.78,тревога,Негативен,0.78,тревога
Всеки глас за ГЕРБ е глас за Пеевски във управлението на България.,https://www.dnes.bg/a/1-bulgaria/717372-sova-haris-pri-izbori-dnes-335-podkrepyat-radev-19-gerb-pp-db-112,"""Сова Харис"" при избори днес: 33,5% подкрепят Радев, 19% ГЕРБ, ПП-ДБ - 11,2%",Негативен,0.82,тревога,Негативен,0.78,тревога,Негативен,0.78,тревога
гласувайте за Радев щом искате да ви пращат наборници пушечно месо в Украйна,https://www.dnes.bg/a/1-bulgaria/717372-sova-haris-pri-izbori-dnes-335-podkrepyat-radev-19-gerb-pp-db-112,"""Сова Харис"" при избори днес: 33,5% подкрепят Радев, 19% ГЕРБ, ПП-ДБ - 11,2%",Негативен,0.92,страх,Негативен,0.78,тревога,Негативен,0.78,тревога
"Време е народа да подкрепи Радев. Така, че берачите за гъби да си дадат един ден почивка и да отидат да гласуват.",https://www.dnes.bg/a/1-bulgaria/717372-sova-haris-pri-izbori-dnes-335-podkrepyat-radev-19-gerb-pp-db-112,"""Сова Харис"" при избори днес: 33,5% подкрепят Радев, 19% ГЕРБ, ПП-ДБ - 11,2%",Позитивен,0.72,подкрепа,Негативен,0.78,тревога,Негативен,0.78,тревога
Още Боташи искат хората 100%,https://www.dnes.bg/a/1-bulgaria/717372-sova-haris-pri-izbori-dnes-335-podkrepyat-radev-19-gerb-pp-db-112,"""Сова Харис"" при избори днес: 33,5% подкрепят Радев, 19% ГЕРБ, ПП-ДБ - 11,2%",Негативен,0.62,недоволство,Негативен,0.78,тревога,Негативен,0.78,тревога
"Радев да даде десятък и на бързо ще се сдобие с още вот, като пасторите пророкуват, че той ще е чакания месия.",https://www.dnes.bg/a/1-bulgaria/717372-sova-haris-pri-izbori-dnes-335-podkrepyat-radev-19-gerb-pp-db-112,"""Сова Харис"" при избори днес: 33,5% подкрепят Радев, 19% ГЕРБ, ПП-ДБ - 11,2%",Негативен,0.78,насмешка,Негативен,0.78,тревога,Негативен,0.78,тревога
25 години един и същ сериал чак се чудя как не му омръзва на народа. Преди изборите 33% след изборите оставка и пак наново пак борим мафии пак драми. Докато дойде следващия месия гладен и бос и таман се нахрани и следващия,https://www.dnes.bg/a/1-bulgaria/717372-sova-haris-pri-izbori-dnes-335-podkrepyat-radev-19-gerb-pp-db-112,"""Сова Харис"" при избори днес: 33,5% подкрепят Радев, 19% ГЕРБ, ПП-ДБ - 11,2%",Негативен,0.93,разочарование,Негативен,0.78,тревога,Негативен,0.78,тревога
Радев ще вземе поне едни 40 процента според мен.Партия Сияние е създадена с цел да се разпръсква вота и да се намалява вота за Прогресивна България-,https://www.dnes.bg/a/1-bulgaria/717372-sova-haris-pri-izbori-dnes-335-podkrepyat-radev-19-gerb-pp-db-112,"""Сова Харис"" при избори днес: 33,5% подкрепят Радев, 19% ГЕРБ, ПП-ДБ - 11,2%",Негативен,0.74,недоверие,Негативен,0.78,тревога,Негативен,0.78,тревога
"Така изглежда.С уважение към мъката на Николай Попов,но сам си каза,че не съжалява за участието си в ГЕРБ.Освен това плюе яростно по ПП ДБ,което потвърждава съмненията ми,че ГЕРБ си подготвиха патерица.",https://www.dnes.bg/a/1-bulgaria/717372-sova-haris-pri-izbori-dnes-335-podkrepyat-radev-19-gerb-pp-db-112,"""Сова Харис"" при избори днес: 33,5% подкрепят Радев, 19% ГЕРБ, ПП-ДБ - 11,2%",Негативен,0.86,недоверие,Негативен,0.78,тревога,Негативен,0.78,тревога
"След изборите Радев, копейкин и Крум зарков ще играят заедно. Те са от едно котило ( дс- бкп-кгб). И тогава постепенно забравете за ЕС и добре дошли в Съветски съюз. Няма да има бизнес и екскурзии в Италия, Испания, Франция......Няма да ходите на море в Гърция, няма евро. Ще ходите само в Масква на красная площадь да си правите селфи на мавзолея на сифилистика Ленин и на екскурзии в Сибир. Радев, копейкин и зарков ще продължат да си водят щурвите из Европа и да си трупат милионоте в евро.",https://www.dnes.bg/a/1-bulgaria/717372-sova-haris-pri-izbori-dnes-335-podkrepyat-radev-19-gerb-pp-db-112,"""Сова Харис"" при избори днес: 33,5% подкрепят Радев, 19% ГЕРБ, ПП-ДБ - 11,2%",Негативен,0.97,гняв,Негативен,0.78,тревога,Негативен,0.78,тревога
"И днес установявам, че пепедеберастите, заедно с нахраненините от ""равноотдалеченият"" от партиите гюров инфлуенсъри, са залели социалните мрежи и форумите с брутални лъжи и внушения. Е, няма да помогне нито това, нито ""нашето"" МВР на спихналата петроханска подкрепа. Иначе казано - около 7 - 7.5 процента на изборите.",https://www.dnes.bg/a/1-bulgaria/717372-sova-haris-pri-izbori-dnes-335-podkrepyat-radev-19-gerb-pp-db-112,"""Сова Харис"" при избори днес: 33,5% подкрепят Радев, 19% ГЕРБ, ПП-ДБ - 11,2%",Негативен,0.96,гняв,Негативен,0.78,тревога,Негативен,0.78,тревога
"Развалихте празниците на Борисов, сега ще вдигне кръвно.",https://www.dnes.bg/a/1-bulgaria/717372-sova-haris-pri-izbori-dnes-335-podkrepyat-radev-19-gerb-pp-db-112,"""Сова Харис"" при избори днес: 33,5% подкрепят Радев, 19% ГЕРБ, ПП-ДБ - 11,2%",Негативен,0.78,злорадство,Негативен,0.78,тревога,Негативен,0.78,тревога
Борисов е дядка - на 67 години. Радев е доста по-млад.,https://www.dnes.bg/a/1-bulgaria/717372-sova-haris-pri-izbori-dnes-335-podkrepyat-radev-19-gerb-pp-db-112,"""Сова Харис"" при избори днес: 33,5% подкрепят Радев, 19% ГЕРБ, ПП-ДБ - 11,2%",Негативен,0.72,пренебрежение,Негативен,0.78,тревога,Негативен,0.78,тревога
"Гласувайте за Радев да разбием мафията ГЕРБ-НН, която 20 години изсмуква жизнените сокове на България и краде де-що има.",https://www.dnes.bg/a/1-bulgaria/717372-sova-haris-pri-izbori-dnes-335-podkrepyat-radev-19-gerb-pp-db-112,"""Сова Харис"" при избори днес: 33,5% подкрепят Радев, 19% ГЕРБ, ПП-ДБ - 11,2%",Негативен,0.93,гняв,Негативен,0.78,тревога,Негативен,0.78,тревога
"Гледам голямото Д никакво го няма,а тиквата сипе каламбури,демек,не ми пука.Пуснсли са аватарите да им вдигат....процентите.",https://www.dnes.bg/a/1-bulgaria/717372-sova-haris-pri-izbori-dnes-335-podkrepyat-radev-19-gerb-pp-db-112,"""Сова Харис"" при избори днес: 33,5% подкрепят Радев, 19% ГЕРБ, ПП-ДБ - 11,2%",Негативен,0.88,презрение,Негативен,0.78,тревога,Негативен,0.78,тревога
СИЯНИЕ ли ще са новото ИТН (патерица) на Тиквата и Св ин ята ?,https://www.dnes.bg/a/1-bulgaria/717372-sova-haris-pri-izbori-dnes-335-podkrepyat-radev-19-gerb-pp-db-112,"""Сова Харис"" при избори днес: 33,5% подкрепят Радев, 19% ГЕРБ, ПП-ДБ - 11,2%",Негативен,0.92,гняв,Негативен,0.78,тревога,Негативен,0.78,тревога
134 депутата. точка,https://www.dnes.bg/a/1-bulgaria/717372-sova-haris-pri-izbori-dnes-335-podkrepyat-radev-19-gerb-pp-db-112,"""Сова Харис"" при избори днес: 33,5% подкрепят Радев, 19% ГЕРБ, ПП-ДБ - 11,2%",Неутрален,0.86,неутралност,Негативен,0.78,тревога,Негативен,0.78,тревога
"М-р Кеш Боташов разчита на турците, щото им осигури по милионче на ден.",https://www.dnes.bg/a/1-bulgaria/717372-sova-haris-pri-izbori-dnes-335-podkrepyat-radev-19-gerb-pp-db-112,"""Сова Харис"" при избори днес: 33,5% подкрепят Радев, 19% ГЕРБ, ПП-ДБ - 11,2%",Негативен,0.86,възмущение,Негативен,0.78,тревога,Негативен,0.78,тревога
"Интересно - совата дават 33+ процента, а другите само 22-3",https://www.dnes.bg/a/1-bulgaria/717372-sova-haris-pri-izbori-dnes-335-podkrepyat-radev-19-gerb-pp-db-112,"""Сова Харис"" при избори днес: 33,5% подкрепят Радев, 19% ГЕРБ, ПП-ДБ - 11,2%",Неутрален,0.86,любопитство,Негативен,0.78,тревога,Негативен,0.78,тревога
Тоя дядка Радев няма шанс. Борисов ще го разбие.,https://www.dnes.bg/a/1-bulgaria/717372-sova-haris-pri-izbori-dnes-335-podkrepyat-radev-19-gerb-pp-db-112,"""Сова Харис"" при избори днес: 33,5% подкрепят Радев, 19% ГЕРБ, ПП-ДБ - 11,2%",Негативен,0.88,презрение,Негативен,0.78,тревога,Негативен,0.78,тревога
Гербави,https://www.dnes.bg/a/1-bulgaria/717372-sova-haris-pri-izbori-dnes-335-podkrepyat-radev-19-gerb-pp-db-112,"""Сова Харис"" при избори днес: 33,5% подкрепят Радев, 19% ГЕРБ, ПП-ДБ - 11,2%",Негативен,0.78,презрение,Негативен,0.78,тревога,Негативен,0.78,тревога
"Баце ше ги утепа, Шиши ше ги изкърти.",https://www.dnes.bg/a/1-bulgaria/717372-sova-haris-pri-izbori-dnes-335-podkrepyat-radev-19-gerb-pp-db-112,"""Сова Харис"" при избори днес: 33,5% подкрепят Радев, 19% ГЕРБ, ПП-ДБ - 11,2%",Позитивен,0.78,ентусиазъм,Негативен,0.78,тревога,Негативен,0.78,тревога
"Погледнато без емоции, разликата между Радев и Борисов няма да бъде повече от 8 процента, а тази между Борисов и Василев - по-малко от 12 процента. За щастие ще имаме възможност да коментираме и след изборите.",https://www.dnes.bg/a/1-bulgaria/717372-sova-haris-pri-izbori-dnes-335-podkrepyat-radev-19-gerb-pp-db-112,"""Сова Харис"" при избори днес: 33,5% подкрепят Радев, 19% ГЕРБ, ПП-ДБ - 11,2%",Неутрален,0.82,спокойствие,Негативен,0.78,тревога,Негативен,0.78,тревога
Тоя гнyceн чopбар ще го изметем от политическата сцена! Само Левски!,https://www.dnes.bg/a/1-bulgaria/717372-sova-haris-pri-izbori-dnes-335-podkrepyat-radev-19-gerb-pp-db-112,"""Сова Харис"" при избори днес: 33,5% подкрепят Радев, 19% ГЕРБ, ПП-ДБ - 11,2%",Негативен,0.96,гняв,Негативен,0.78,тревога,Негативен,0.78,тревога
Възмездие за грабителите на народа с бюлетина номер 14!,https://www.dnes.bg/a/1-bulgaria/717372-sova-haris-pri-izbori-dnes-335-podkrepyat-radev-19-gerb-pp-db-112,"""Сова Харис"" при избори днес: 33,5% подкрепят Радев, 19% ГЕРБ, ПП-ДБ - 11,2%",Негативен,0.86,гняв,Негативен,0.78,тревога,Негативен,0.78,тревога
Сега Бойко трябва да му прави мръcно няколко години и да имаме избори през 3 месеца докато гpoзноватия льoтчик не стане политически тpyn,https://www.dnes.bg/a/1-bulgaria/717372-sova-haris-pri-izbori-dnes-335-podkrepyat-radev-19-gerb-pp-db-112,"""Сова Харис"" при избори днес: 33,5% подкрепят Радев, 19% ГЕРБ, ПП-ДБ - 11,2%",Негативен,0.95,гняв,Негативен,0.78,тревога,Негативен,0.78,тревога
"Щом ""Сова Харис""дава такива резултати,значи за Радев са много повече.",https://www.dnes.bg/a/1-bulgaria/717372-sova-haris-pri-izbori-dnes-335-podkrepyat-radev-19-gerb-pp-db-112,"""Сова Харис"" при избори днес: 33,5% подкрепят Радев, 19% ГЕРБ, ПП-ДБ - 11,2%",Позитивен,0.62,увереност,Негативен,0.78,тревога,Негативен,0.78,тревога
"Радев с 93-94 депутата си е баят страшничко за всеички. Ако това Сияние влезе, и се коалират с БСП и Радев ... уоу.",https://www.dnes.bg/a/1-bulgaria/717372-sova-haris-pri-izbori-dnes-335-podkrepyat-radev-19-gerb-pp-db-112,"""Сова Харис"" при избори днес: 33,5% подкрепят Радев, 19% ГЕРБ, ПП-ДБ - 11,2%",Негативен,0.86,страх,Негативен,0.78,тревога,Негативен,0.78,тревога
Щом,https://www.dnes.bg/a/1-bulgaria/717372-sova-haris-pri-izbori-dnes-335-podkrepyat-radev-19-gerb-pp-db-112,"""Сова Харис"" при избори днес: 33,5% подкрепят Радев, 19% ГЕРБ, ПП-ДБ - 11,2%",Неутрален,0.98,неутралност,Негативен,0.78,тревога,Негативен,0.78,тревога
Бившия пилот...,https://www.dnes.bg/a/1-bulgaria/717372-sova-haris-pri-izbori-dnes-335-podkrepyat-radev-19-gerb-pp-db-112,"""Сова Харис"" при избори днес: 33,5% подкрепят Радев, 19% ГЕРБ, ПП-ДБ - 11,2%",Неутрален,0.95,неутралност,Негативен,0.78,тревога,Негативен,0.78,тревога
"Какъв шамар го чака пилота, та чак ще мине на авто-пилот...",https://www.dnes.bg/a/1-bulgaria/717372-sova-haris-pri-izbori-dnes-335-podkrepyat-radev-19-gerb-pp-db-112,"""Сова Харис"" при избори днес: 33,5% подкрепят Радев, 19% ГЕРБ, ПП-ДБ - 11,2%",Негативен,0.88,злорадство,Негативен,0.78,тревога,Негативен,0.78,тревога
"Трябва да са много зле с рейтинга ППДБ, щом с ""наше МВР"", ""наше рравителство и наша ЦИК, им дават смо 11%.",https://www.dnes.bg/a/1-bulgaria/717372-sova-haris-pri-izbori-dnes-335-podkrepyat-radev-19-gerb-pp-db-112,"""Сова Харис"" при избори днес: 33,5% подкрепят Радев, 19% ГЕРБ, ПП-ДБ - 11,2%",Негативен,0.86,презрение,Негативен,0.78,тревога,Негативен,0.78,тревога
България за българите с бюлетина номер 14!,https://www.dnes.bg/a/1-bulgaria/717372-sova-haris-pri-izbori-dnes-335-podkrepyat-radev-19-gerb-pp-db-112,"""Сова Харис"" при избори днес: 33,5% подкрепят Радев, 19% ГЕРБ, ПП-ДБ - 11,2%",Позитивен,0.72,ентусиазъм,Негативен,0.78,тревога,Негативен,0.78,тревога
"До: Генерал Лебед Ще коментираме след изборите само фактите, а не червеникавите сънища на придворния социолог. Така че си приготви носни кърпички. Много!",https://www.dnes.bg/a/1-bulgaria/717372-sova-haris-pri-izbori-dnes-335-podkrepyat-radev-19-gerb-pp-db-112,"""Сова Харис"" при избори днес: 33,5% подкрепят Радев, 19% ГЕРБ, ПП-ДБ - 11,2%",Негативен,0.92,сарказъм,Негативен,0.78,тревога,Негативен,0.78,тревога
"тази нещо са се объркали, проценттите на Радев са 100",https://www.dnes.bg/a/1-bulgaria/717372-sova-haris-pri-izbori-dnes-335-podkrepyat-radev-19-gerb-pp-db-112,"""Сова Харис"" при избори днес: 33,5% подкрепят Радев, 19% ГЕРБ, ПП-ДБ - 11,2%",Негативен,0.78,объркване,Негативен,0.78,тревога,Негативен,0.78,тревога
Пп Дб бутнали правителството ! Пак процентите падат?!Дали е 30% или 60% едни и същи резултати вадят за някой партии!!Тва при грешка над определен процент да се взимат лицензите на тия агенции !!,https://www.dnes.bg/a/1-bulgaria/717372-sova-haris-pri-izbori-dnes-335-podkrepyat-radev-19-gerb-pp-db-112,"""Сова Харис"" при избори днес: 33,5% подкрепят Радев, 19% ГЕРБ, ПП-ДБ - 11,2%",Негативен,0.87,гняв,Негативен,0.78,тревога,Негативен,0.78,тревога
Добри пари правят за реклама соцолозите. Само избори да има.,https://www.dnes.bg/a/1-bulgaria/717372-sova-haris-pri-izbori-dnes-335-podkrepyat-radev-19-gerb-pp-db-112,"""Сова Харис"" при избори днес: 33,5% подкрепят Радев, 19% ГЕРБ, ПП-ДБ - 11,2%",Негативен,0.76,ирония,Негативен,0.78,тревога,Негативен,0.78,тревога
"До 198 И нищо не знаеш за ТУРЦИТЕ, така че мълчи!",https://www.dnes.bg/a/1-bulgaria/717372-sova-haris-pri-izbori-dnes-335-podkrepyat-radev-19-gerb-pp-db-112,"""Сова Харис"" при избори днес: 33,5% подкрепят Радев, 19% ГЕРБ, ПП-ДБ - 11,2%",Негативен,0.95,гняв,Негативен,0.78,тревога,Негативен,0.78,тревога
"До 198 КАКВО Е БЕ! МЛАКНИ, БЕ!",https://www.dnes.bg/a/1-bulgaria/717372-sova-haris-pri-izbori-dnes-335-podkrepyat-radev-19-gerb-pp-db-112,"""Сова Харис"" при избори днес: 33,5% подкрепят Радев, 19% ГЕРБ, ПП-ДБ - 11,2%",Негативен,0.98,гняв,Негативен,0.78,тревога,Негативен,0.78,тревога
Рундьо със сигурност ще вкара Банкянския в Затвора.,https://www.dnes.bg/a/1-bulgaria/717372-sova-haris-pri-izbori-dnes-335-podkrepyat-radev-19-gerb-pp-db-112,"""Сова Харис"" при избори днес: 33,5% подкрепят Радев, 19% ГЕРБ, ПП-ДБ - 11,2%",Негативен,0.78,враждебност,Негативен,0.78,тревога,Негативен,0.78,тревога
"Ако чета коментарите, направо се чудя, как Радев има повече от 2% ...",https://www.dnes.bg/a/1-bulgaria/717372-sova-haris-pri-izbori-dnes-335-podkrepyat-radev-19-gerb-pp-db-112,"""Сова Харис"" при избори днес: 33,5% подкрепят Радев, 19% ГЕРБ, ПП-ДБ - 11,2%",Негативен,0.82,недоумение,Негативен,0.78,тревога,Негативен,0.78,тревога
Сиание как ги слагате тия 3%Колко милиона души ще гласуват общо?Да сложиш име на коалиция на починалото ти дете е ..Турците ще си гласуват за ахмед доста със сиг няма да е 1%!,https://www.dnes.bg/a/1-bulgaria/717372-sova-haris-pri-izbori-dnes-335-podkrepyat-radev-19-gerb-pp-db-112,"""Сова Харис"" при избори днес: 33,5% подкрепят Радев, 19% ГЕРБ, ПП-ДБ - 11,2%",Негативен,0.86,възмущение,Негативен,0.78,тревога,Негативен,0.78,тревога
Чекмеджан е в несвяст.Зелените Чорапи го смаза.,https://www.dnes.bg/a/1-bulgaria/717372-sova-haris-pri-izbori-dnes-335-podkrepyat-radev-19-gerb-pp-db-112,"""Сова Харис"" при избори днес: 33,5% подкрепят Радев, 19% ГЕРБ, ПП-ДБ - 11,2%",Негативен,0.88,тревога,Негативен,0.78,тревога,Негативен,0.78,тревога
НАУЧИ БЪЛГАРСКИ!!!:))),https://www.dnes.bg/a/1-bulgaria/717372-sova-haris-pri-izbori-dnes-335-podkrepyat-radev-19-gerb-pp-db-112,"""Сова Харис"" при избори днес: 33,5% подкрепят Радев, 19% ГЕРБ, ПП-ДБ - 11,2%",Позитивен,0.88,ентусиазъм,Негативен,0.78,тревога,Негативен,0.78,тревога
"тази нещо са се объркали, проценттите на Радев са 43",https://www.dnes.bg/a/1-bulgaria/717372-sova-haris-pri-izbori-dnes-335-podkrepyat-radev-19-gerb-pp-db-112,"""Сова Харис"" при избори днес: 33,5% подкрепят Радев, 19% ГЕРБ, ПП-ДБ - 11,2%",Негативен,0.72,недоволство,Негативен,0.78,тревога,Негативен,0.78,тревога
Щом най корумпираните кадри на ПП-ДБ са още на постове в държавата ми е интересно кои ще гласува за тази пропаднала партия изградена от слугинаж на пеевски,https://www.dnes.bg/a/1-bulgaria/717372-sova-haris-pri-izbori-dnes-335-podkrepyat-radev-19-gerb-pp-db-112,"""Сова Харис"" при избори днес: 33,5% подкрепят Радев, 19% ГЕРБ, ПП-ДБ - 11,2%",Негативен,0.97,гняв,Негативен,0.78,тревога,Негативен,0.78,тревога
"Балонът Радев се надува, надува, надува....от оня, чието име не трябва да се споменава!!! А именно - ФСБ и дългата ръка на Решетников!",https://www.dnes.bg/a/1-bulgaria/717372-sova-haris-pri-izbori-dnes-335-podkrepyat-radev-19-gerb-pp-db-112,"""Сова Харис"" при избори днес: 33,5% подкрепят Радев, 19% ГЕРБ, ПП-ДБ - 11,2%",Негативен,0.92,възмущение,Негативен,0.78,тревога,Негативен,0.78,тревога
РОЗОВИ ПРАСЕНЦА,https://www.dnes.bg/a/1-bulgaria/717372-sova-haris-pri-izbori-dnes-335-podkrepyat-radev-19-gerb-pp-db-112,"""Сова Харис"" при избори днес: 33,5% подкрепят Радев, 19% ГЕРБ, ПП-ДБ - 11,2%",Неутрален,0.72,спокойствие,Негативен,0.78,тревога,Негативен,0.78,тревога
Браво на Мистър КЕШ.И аз ще дам гласа си за Рундьо.,https://www.dnes.bg/a/1-bulgaria/717372-sova-haris-pri-izbori-dnes-335-podkrepyat-radev-19-gerb-pp-db-112,"""Сова Харис"" при избори днес: 33,5% подкрепят Радев, 19% ГЕРБ, ПП-ДБ - 11,2%",Позитивен,0.86,одобрение,Негативен,0.78,тревога,Негативен,0.78,тревога
"Регионализъм и подкрепа за местните производители, вместо глобализъм и ограбване! С бюлетина номер 14!",https://www.dnes.bg/a/1-bulgaria/717372-sova-haris-pri-izbori-dnes-335-podkrepyat-radev-19-gerb-pp-db-112,"""Сова Харис"" при избори днес: 33,5% подкрепят Радев, 19% ГЕРБ, ПП-ДБ - 11,2%",Позитивен,0.68,решителност,Негативен,0.78,тревога,Негативен,0.78,тревога
Успех на ГЕРБ на изборите ! Не на про-руската партия Боташ и петроханските и сателити !,https://www.dnes.bg/a/1-bulgaria/717372-sova-haris-pri-izbori-dnes-335-podkrepyat-radev-19-gerb-pp-db-112,"""Сова Харис"" при избори днес: 33,5% подкрепят Радев, 19% ГЕРБ, ПП-ДБ - 11,2%",Позитивен,0.72,надежда,Негативен,0.78,тревога,Негативен,0.78,тревога
"ЕВРОПА СЛЕД НЕГО, ШЕ СЕ ЗАНИМАВА С РАДЕВ.... ТОГАВА СОВАТА ДРУГА ПЕСЕН ШЕ ЗАПЕЕ.",https://www.dnes.bg/a/1-bulgaria/717372-sova-haris-pri-izbori-dnes-335-podkrepyat-radev-19-gerb-pp-db-112,"""Сова Харис"" при избори днес: 33,5% подкрепят Радев, 19% ГЕРБ, ПП-ДБ - 11,2%",Негативен,0.72,гняв,Негативен,0.78,тревога,Негативен,0.78,тревога
"Лъжете сови, орли и ястреби! Ама много лъжете! Не си мислете, че народът е ***! Радев ще има тези резуртати, само ако си ги купи! Възможно е, вече НЕГОВАТА ОРИГАРХИЯ: Бобокови, Копринков, Гергов, да са ги напазарували! Жалко ще е, този злобен човечец Радев, да продължава да въргти държавата на шиш?!",https://www.dnes.bg/a/1-bulgaria/717372-sova-haris-pri-izbori-dnes-335-podkrepyat-radev-19-gerb-pp-db-112,"""Сова Харис"" при избори днес: 33,5% подкрепят Радев, 19% ГЕРБ, ПП-ДБ - 11,2%",Негативен,0.98,гняв,Негативен,0.78,тревога,Негативен,0.78,тревога
този пилот вземе ли властта ще се опита да направи и президентска република и ептен ще пусне корени завинаги,https://www.dnes.bg/a/1-bulgaria/717372-sova-haris-pri-izbori-dnes-335-podkrepyat-radev-19-gerb-pp-db-112,"""Сова Харис"" при избори днес: 33,5% подкрепят Радев, 19% ГЕРБ, ПП-ДБ - 11,2%",Негативен,0.86,тревога,Негативен,0.78,тревога,Негативен,0.78,тревога
Давай Радев! Изрини кочинката!,https://www.dnes.bg/a/1-bulgaria/717372-sova-haris-pri-izbori-dnes-335-podkrepyat-radev-19-gerb-pp-db-112,"""Сова Харис"" при избори днес: 33,5% подкрепят Радев, 19% ГЕРБ, ПП-ДБ - 11,2%",Негативен,0.72,гняв,Негативен,0.78,тревога,Негативен,0.78,тревога
"До: Архивите са живиЩе си счупиш пръстите от зор,украински просещ архивар.",https://www.dnes.bg/a/1-bulgaria/717372-sova-haris-pri-izbori-dnes-335-podkrepyat-radev-19-gerb-pp-db-112,"""Сова Харис"" при избори днес: 33,5% подкрепят Радев, 19% ГЕРБ, ПП-ДБ - 11,2%",Негативен,0.92,презрение,Негативен,0.78,тревога,Негативен,0.78,тревога
"За Радев е по-важна Русия от България. Говори срещу ППДБ, а за Бирисов и Шиши се снишава. Те могат да купуват избори, но за Радев е проблем, че Гюров е поискал помощ ЕС за намесата на Русия в изборите, както правят руснаците и в Унгария за победа на Орбан.",https://www.dnes.bg/a/1-bulgaria/717372-sova-haris-pri-izbori-dnes-335-podkrepyat-radev-19-gerb-pp-db-112,"""Сова Харис"" при избори днес: 33,5% подкрепят Радев, 19% ГЕРБ, ПП-ДБ - 11,2%",Негативен,0.93,възмущение,Негативен,0.78,тревога,Негативен,0.78,тревога
"""Президентът Румен Радев има всички заслуги и напълно отговаря на условията да бъде удостоен със званието ПОЧЕТЕН ГРАЖДАНИН НА РУСКАТА ФЕДЕРАЦИЯ. Той ЯСНО РАЗБИРА ПОЛИТИКАТА, КОЯТО ВОДИ ВЛАДИМИР ПУТИН, а тя е да се установи нов световен ред и военната операция в Украйна да завърши с МИРНИ ПРЕГОВОРИ , като се изпълнят УСЛОВИЯТА НА МОСКВА.""Генерал Леонид Решетников17.02.2025",https://www.dnes.bg/a/1-bulgaria/717372-sova-haris-pri-izbori-dnes-335-podkrepyat-radev-19-gerb-pp-db-112,"""Сова Харис"" при избори днес: 33,5% подкрепят Радев, 19% ГЕРБ, ПП-ДБ - 11,2%",Позитивен,0.86,одобрение,Негативен,0.78,тревога,Негативен,0.78,тревога
