comment,sentiment,confidence,dominant_emotion,article_url
"Това предложение означава още повече пари за изборите. Ние, обикновените избиратели предлагаме, да се увеличи срока за депутатите в НС, за президента и за правителството, за да се намалят броя избори, в които участваме. Вместо това предлагаме, служебните правителства да бъдат притеснени да харчат само 1/4 от бюджета на държавата, защото по закон управляват само 3 месеца. Това не е икономия, а икономика.",Негативен,0.78,разочарование,https://www.mediapool.bg/dps-predlaga-da-padne-ogranichenieto-za-sektsiite-v-chuzhbina-news382941.html
Свинята желае и финансиране оттам. Казвам само. ^^,Негативен,0.82,презрение,https://www.mediapool.bg/dps-predlaga-da-padne-ogranichenieto-za-sektsiite-v-chuzhbina-news382941.html
"Това са турци без грам българско, какво не ти е ясно ? Тия които са изселниците в Турция веят турски знамена, за тях Турция е тяхната родина ,и много от тях дори имат териториални претенции към България. Смениха им имената защото Турция твърдеше ,че в България живеят два милиона турци ,и се готвеше да ни нападне както направи с Гърците. Ние тука си извъртаме историята и пишем глупости ,че били прокудени ,а те правят филми ,че били сключили договор да се изселят ,предпочитам да вярвам на турската историография ,а не на нашите еничарски бастуни които поради някакъв криворазбран антикомунизъм фалшифицират миналото ни.",Негативен,0.95,гняв,https://www.mediapool.bg/dps-predlaga-da-padne-ogranichenieto-za-sektsiite-v-chuzhbina-news382941.html
"Шопaрът пеевски както обикновено лицемерничи. Ограничението беше въведено по две причини- да не би в Турция да гласуват за Доган и заради крайно ниската популярност на гербаджиите в чужбина. Естествено на думи голямото Д е бил против за пред електората, но на практика зависимите от него прокараха това безобразие.",Негативен,0.96,гняв,https://www.mediapool.bg/dps-predlaga-da-padne-ogranichenieto-za-sektsiite-v-chuzhbina-news382941.html
"... освен да въведеш графа ""Национално самосъзнание"" в личните документи...",Неутрален,0.78,неутралност,https://www.mediapool.bg/dps-predlaga-da-padne-ogranichenieto-za-sektsiite-v-chuzhbina-news382941.html
"Нищо няма да кяри тоя. дпс е със затихващи функции, ръководена все от ченгета. Каква специална мотивация може да има един мюсюлманин да храни ченгета, дето поддържаха местни паши?",Негативен,0.94,гняв,https://www.mediapool.bg/dps-predlaga-da-padne-ogranichenieto-za-sektsiite-v-chuzhbina-news382941.html
"Това лицемерие на пеевски и борисов не е даже и за коментар. Да видим дали ПБ ще отвори кодекса преди изборите, за да се въведе 100% машинното гласуване, за да се спре с тези хартиени манипулации на свинете и техните слуги!",Негативен,0.96,гняв,https://www.mediapool.bg/dps-predlaga-da-padne-ogranichenieto-za-sektsiite-v-chuzhbina-news382941.html
"Естествено ,че ще предлага ,фесовете вече залагат на него :/ Ако не бяха ограничени секциите щеше да получи повече гласове :/ На български избори трябва да имат право на глас само хора с българско национално самосъзнание, на изселниците в Турция не им е родина България и не го крият ,те са нещо като пета колона на Турция :/",Негативен,0.92,гняв,https://www.mediapool.bg/dps-predlaga-da-padne-ogranichenieto-za-sektsiite-v-chuzhbina-news382941.html
""" Полека изчезна, зад облака бял...."" / от шлагер на Йосиф Цанков/. Че е, ""брилянтен"", както сме го запомнили, няма две думи. Затова, въпросът ви е, и общонационален ! Боже, Пази България !",Позитивен,0.72,възхищение,https://www.mediapool.bg/mihaela-dotsova-ot-progresivna-bulgaria-stana-predsedatel-na-ns-s-podkrepata-na-gerb-i-dps-news382914.html
"Спокоен съм, че е ""бивш кадър на БСП"". Иначе, щеше да бъде невероятно!",Негативен,0.62,скептицизъм,https://www.mediapool.bg/mihaela-dotsova-ot-progresivna-bulgaria-stana-predsedatel-na-ns-s-podkrepata-na-gerb-i-dps-news382914.html
"Задава се нов политически сезон с висока влажност – от сълзите на тези, които до вчера се упражняваха в прякори, а днес трябва да свикват с дългото присъствие на ""Зеления чорап"". Ще трябва да проявите малко християнско смирение. Все пак търпението е добродетел, особено когато нямаш друг избор.",Негативен,0.82,сарказъм,https://www.mediapool.bg/mihaela-dotsova-ot-progresivna-bulgaria-stana-predsedatel-na-ns-s-podkrepata-na-gerb-i-dps-news382914.html
"Да, виждам набитите канчета на разтурената секта на шарлатаните и ДеБилите! ;)",Негативен,0.95,презрение,https://www.mediapool.bg/mihaela-dotsova-ot-progresivna-bulgaria-stana-predsedatel-na-ns-s-podkrepata-na-gerb-i-dps-news382914.html
"Загледах и не знам защо се сетих за Ива Митева. Дано на подсъзнателно ниво, тази асоциация не е била адекватна. Така ли ми се стори или наистина Демерджиев седеше до субект ""10"" и водеха непринуден, казуален разговор. Друго, което прави впечатление, е че на първи ред-център седят много генерали...",Негативен,0.62,тревога,https://www.mediapool.bg/mihaela-dotsova-ot-progresivna-bulgaria-stana-predsedatel-na-ns-s-podkrepata-na-gerb-i-dps-news382914.html
"Наистина, какво стана с Гълъб Донев? Говореше се, че той ще бъде председател на НС. А сега за какъв го спрятат?",Неутрален,0.72,недоумение,https://www.mediapool.bg/mihaela-dotsova-ot-progresivna-bulgaria-stana-predsedatel-na-ns-s-podkrepata-na-gerb-i-dps-news382914.html
Ха-ха!Много бързо отеца ти от Славяновската деревня се прегърна с братя си Бойко и Делян..,Негативен,0.74,сарказъм,https://www.mediapool.bg/mihaela-dotsova-ot-progresivna-bulgaria-stana-predsedatel-na-ns-s-podkrepata-na-gerb-i-dps-news382914.html
"Зеления чорап нанесе непреодолими щети на президентската институция в България с това, че се отказа от основната ѝ роля и я използва за това да гради политическа кариера, която е в ущърб на националните интереси. Доста дълго разиграваха театри с Борисов и Певски, какви големи врагове са, но дойде часа на истината. Радев има мнозинство в парламента и Ганьо може само да ""духа супата"".",Негативен,0.96,гняв,https://www.mediapool.bg/mihaela-dotsova-ot-progresivna-bulgaria-stana-predsedatel-na-ns-s-podkrepata-na-gerb-i-dps-news382914.html
"Е че Ивайло Мирчев какъв е?! Христо Бойкикев?! Ами гуруто Прокопиев?! Ами апологетите Дайнов , Инджев Дремджиев, Илиян Василев?! Все отрочета на комунистическата партия или доносници на ДС.",Негативен,0.95,гняв,https://www.mediapool.bg/mihaela-dotsova-ot-progresivna-bulgaria-stana-predsedatel-na-ns-s-podkrepata-na-gerb-i-dps-news382914.html
"Българското общество е унищожено, в това общество няма авторитети. Новият председател на НС е млад и високо образован човек, ако също е и способен да изпълнява съвестно функциите на шеф на НС, значи си е на мястото.",Негативен,0.78,разочарование,https://www.mediapool.bg/mihaela-dotsova-ot-progresivna-bulgaria-stana-predsedatel-na-ns-s-podkrepata-na-gerb-i-dps-news382914.html
Трогателни примитиви.,Негативен,0.72,презрение,https://www.mediapool.bg/seriozna-politicheska-greshka-pp-i-db-se-raztsepiha-v-dve-grupi-v-noviya-parlament-obnovena-news382894.html
"Най уродливата и престъпна коалиция в новата история на България се стана от едноглав змей на двуглав. Тяхното единение е само на основата руската омраза. Там най-активен беше MaнаF Пейков, който между другото пееше страхотни руски песни, но него вече го няма и сега ПП и ДБ не могат да се разберат кой ще бъде родител 1 и кой ще бъде родител 2...",Негативен,0.97,гняв,https://www.mediapool.bg/seriozna-politicheska-greshka-pp-i-db-se-raztsepiha-v-dve-grupi-v-noviya-parlament-obnovena-news382894.html
За твое съжаление /защото не го разбираш/ ти си нещастник.,Негативен,0.98,гняв,https://www.mediapool.bg/seriozna-politicheska-greshka-pp-i-db-se-raztsepiha-v-dve-grupi-v-noviya-parlament-obnovena-news382894.html
"Точно така - пълно изиграване на избирателите на ПП-ДБ - защо Асен василев не взе това решение преди да гласуваме. Или това е същата тактика - траене, нищо да не се знае - за да излъжем хората и сега да се присъединят към Радев. Много лошо, много подло - дано сега истински десните да се обединят. И още един въпрос към василев - затова ли напуснаха К.Петков, Лена Бориславова - защото не искат да се лепнат към ПБ?",Негативен,0.96,гняв,https://www.mediapool.bg/seriozna-politicheska-greshka-pp-i-db-se-raztsepiha-v-dve-grupi-v-noviya-parlament-obnovena-news382894.html
"Ние видехме, кък бей0сипе0пето са сгромолеса пред наште смаяньи ОКИ... Не сакам да съм кофти прорѝок, ама и ДЯСНОТО по Нашенско /не от вчера!/ е наблъскано ОТ агентурни лимонки?! Виждаме днеска, кък едните /нормални есатлантски граждани/ сочат къмто ген. ""ЖАБА"" као предатель, а другите ненавижьдат Асенько /""меката китка""/... Мисла, и ВИ казвам: Щом са разделиха, НИЕ - не сме! Нека да ги видиме парларементарно, де та са вика. СЕТНЕ - ний ше се провикнеме отново. ПЛОЩАДИТЕ, па и булевардните им притоци, …Прочети целия коментар па и градските и селските мегдани, все йоще не са ни забранени за ПРОТЕСТНИ вълнувания, доколкото имам представа от НПК-то... Ако Рундьо Решетката не ни ги спре за уПУТтреба, нале. Хо-хо. Айде, леката!",Негативен,0.86,гняв,https://www.mediapool.bg/seriozna-politicheska-greshka-pp-i-db-se-raztsepiha-v-dve-grupi-v-noviya-parlament-obnovena-news382894.html
Хасенчо ше ги докара до извън парламента на следващите избори. С неговите ... пепедебейски номера.,Негативен,0.86,презрение,https://www.mediapool.bg/seriozna-politicheska-greshka-pp-i-db-se-raztsepiha-v-dve-grupi-v-noviya-parlament-obnovena-news382894.html
"Защо, сега имаме избор : умни или красиви.",Неутрален,0.62,ирония,https://www.mediapool.bg/seriozna-politicheska-greshka-pp-i-db-se-raztsepiha-v-dve-grupi-v-noviya-parlament-obnovena-news382894.html
да си го кажем така: при това мнозинство на льотчика . . . малко ще е значението на това дали опозицията формално е в една или в 2 групи. (руско-cвuнckuте мyтpu от гЭрб-дпсЭ-въZр. не ги броя към опозицията - те са си там за още престъпления с/у България - тва не е опозиция. . .),Негативен,0.92,гняв,https://www.mediapool.bg/seriozna-politicheska-greshka-pp-i-db-se-raztsepiha-v-dve-grupi-v-noviya-parlament-obnovena-news382894.html
"Започвам да имам съмнения, че това разделение се дължи на отношението към бъдещото управление на другаря Гадев.",Негативен,0.72,съмнение,https://www.mediapool.bg/seriozna-politicheska-greshka-pp-i-db-se-raztsepiha-v-dve-grupi-v-noviya-parlament-obnovena-news382894.html
"Фалстарт , за който вината се носи изцяло от ПП. Хората ,които дадоха гласа си за ПП -ДБ гласуваха за единна формация в парламента, а не за две отделни. Това е чиста подигравка с избирателите и ще има последици.",Негативен,0.95,гняв,https://www.mediapool.bg/seriozna-politicheska-greshka-pp-i-db-se-raztsepiha-v-dve-grupi-v-noviya-parlament-obnovena-news382894.html
"Благодаря на пепейците и дебейците ,че ми четете коментарите . Четете ги и вие ще поумнеете.",Негативен,0.68,сарказъм,https://www.mediapool.bg/posledni-chasove-predi-finalnoto-reshenie-shte-se-raztsepi-li-pp-db-news382852.html
"Какъвто народът, такива и коментарите му",Негативен,0.82,разочарование,https://www.mediapool.bg/posledni-chasove-predi-finalnoto-reshenie-shte-se-raztsepi-li-pp-db-news382852.html
Воя на свинските трошляци и рева на кремълските под-логи е музика за ушите ми.,Позитивен,0.78,злорадство,https://www.mediapool.bg/posledni-chasove-predi-finalnoto-reshenie-shte-se-raztsepi-li-pp-db-news382852.html
"Ама те, преференциите, затова съществуват. Да може избирателят да "" коригира"" според волята си партийната листа. Хубаво е, че се използват преференциите.:)",Позитивен,0.92,одобрение,https://www.mediapool.bg/posledni-chasove-predi-finalnoto-reshenie-shte-se-raztsepi-li-pp-db-news382852.html
"Това ще е най-голямата глупост, ако го направят. Имаше идея за предварителен (вътрешен) вот за определяне на листите - нищо! На някои не им стана ясно, че ""парашутистите"" на челните места в листите са нежелани от избирателите и затова се гласува преференциално! Избирателят иска някой, който да представлява неговите проблеми, неговото населено място, който познава и при това е желателно лично, а не само от телевизора!",Негативен,0.96,гняв,https://www.mediapool.bg/posledni-chasove-predi-finalnoto-reshenie-shte-se-raztsepi-li-pp-db-news382852.html
"Защо да нямат аргументи, Боряна? Имат. Ние с Вас сме най-силният аргумент. :) Не желаем да ги виждаме разпокъсани. Не желаем да са излъгали вота ни на парламентарните избори, когато сме гласували за единна формация. (Аз например съм гласувала за листа в София с водач Николай Денков, а съм от ДСБ.) Фактически с вота си ние сме легитимирали коалиционната формула. Ако това не разбират политиците от ПП и в частност Асен Василев, чиито интелектуални и волеви качества заслужават уважение, значи не стават за политици. :)",Негативен,0.72,разочарование,https://www.mediapool.bg/posledni-chasove-predi-finalnoto-reshenie-shte-se-raztsepi-li-pp-db-news382852.html
"Закривай тази шарлатанска секта! ,)",Негативен,0.95,гняв,https://www.mediapool.bg/posledni-chasove-predi-finalnoto-reshenie-shte-se-raztsepi-li-pp-db-news382852.html
"Не е честно да е се решава на парламентарна група. Да България има повече представители. Правилният подход е лидерска среща. Но се опасявам че Мирчев и Божанов нямат достатъчно аргументи, а както знаем Василев всяка негова дума е пирон в стената. Все пак най- добре да останат еднни в НС, по начинт по който сме гласували за тях, иначе не виждам добри последици.",Негативен,0.82,тревога,https://www.mediapool.bg/posledni-chasove-predi-finalnoto-reshenie-shte-se-raztsepi-li-pp-db-news382852.html
Хайде сега да коментираш и другите факти: 1. КОЙ заедно с орбан и фицо шантажираше ЕК за да може пУтЬю да получи дерогация през която да заобикаля нефтеното ембарго?; 2. КОЙ продължи да транZZитира гаZ дори след като гаZпром наруши всички договори?; 3. КОЙ всеки път е гласуваше срещу предоставянето на военна помощ на Украйна?; 4. КОЙ тормозеше и прогонваше украинските бежанци?; 5. КОЙ се хвърли да защитава имуществото на лукойл срещу законните действия на българското правителство по спасяванене на Нефтохим?,Негативен,0.95,гняв,https://www.mediapool.bg/posledni-chasove-predi-finalnoto-reshenie-shte-se-raztsepi-li-pp-db-news382852.html
"Колкото и да манипулираш ДеБилно фактите истината е следната - изгонването на пУтинистанските агенти и събарянето на МОЧА се случи въпреки съпротивата на пУ/атков и са негова заслуга точно колкото изгряването на слънцето. Първото: стана след безпрецедентен натиск от американците да бъде разтурен центърът за координация на диверсии на територията на Балканите и дори цяла Европа; Второто: Събарянето на МОЧА беше предложено от кого? - Борисов и Пеевски, докато пУ/атков и лигльото рапър обикаляха медиите …Прочети целия коментар и твърдяха, че ""...не трябва да се събаря, трябва да се съхрани за иZториата!"". Трето: нима твърдиш, че Борисов и Габриел цели 9 месеца почтенно подкрепяха чуждо за тях правителство на мардата денков и когато дойде време за ротация провалиха собственото си...? Доста ДеБилно...",Негативен,0.96,гняв,https://www.mediapool.bg/posledni-chasove-predi-finalnoto-reshenie-shte-se-raztsepi-li-pp-db-news382852.html
"дсб си дават сметка, че са само шета устати/гласовити хпра. Скоро и евродепутат не могат запрати.",Негативен,0.86,презрение,https://www.mediapool.bg/dsb-se-obyavi-protiv-razdelyaneto-na-pp-i-db-news382823.html
Така става след разкопките в Търново !!!,Негативен,0.68,възмущение,https://www.mediapool.bg/dsb-se-obyavi-protiv-razdelyaneto-na-pp-i-db-news382823.html
"""Новите Братушки"" нещо не могат да маршируват в такт !!! Сигурна на някой отворите са им по-охлабени !!! Имам един въпрос: - Дали телесно е увреждане ако разхлабен си отзад ? Зная че тук ще има доста хора които ще ми отговорят от опит!",Негативен,0.94,презрение,https://www.mediapool.bg/dsb-se-obyavi-protiv-razdelyaneto-na-pp-i-db-news382823.html
"Интересно как хора със знаме на чужда държава на профила си станаха най-големите капацитети по българска вътрешна политика. Вие си карайте със Зеленски, докато ви дойде акълът, пък ние тук сами ще преценим кой да си изберем за президент. Малко повече смирение не би ви навредило, вместо да размахвате пръст на нация, която ви помага.",Негативен,0.92,раздразнение,https://www.mediapool.bg/dsb-se-obyavi-protiv-razdelyaneto-na-pp-i-db-news382823.html
"Нело, Нело с това килийно образование, къде се буташ ? Марш в дупката от която си изпълзяла!",Негативен,0.98,гняв,https://www.mediapool.bg/dsb-se-obyavi-protiv-razdelyaneto-na-pp-i-db-news382823.html
"ех, andrei, утре-вдругиден ще осъмнем:) Обаче Нейнски, хм...",Неутрален,0.62,скептицизъм,https://www.mediapool.bg/dsb-se-obyavi-protiv-razdelyaneto-na-pp-i-db-news382823.html
"на мене дедо ми е савецки генерал, бе ль*ль*о. Тва не ми пречи да имам нормален мозък. Почни сега лекция за Костов и оня институт по кво беше. Съберете се там и обмислете нови опорки на по няколко водки и още нещо",Негативен,0.87,гняв,https://www.mediapool.bg/dsb-se-obyavi-protiv-razdelyaneto-na-pp-i-db-news382823.html
"Тия работи ( "" наратива"", дето вика другарката neli от #24) - в ""Рашистки гласове"" на Явор Дачков. Как за толкова много години сте си все същите комуноченгета и как за толкова много години не си сменихте миризливата кухня!",Негативен,0.96,гняв,https://www.mediapool.bg/dsb-se-obyavi-protiv-razdelyaneto-na-pp-i-db-news382823.html
"72% ОЛП при Ф.Д. Нарязахте 1-4 реактор. Продадохте Нефтохим на руснаците! Когато ви предупреждаваха да не го правите! От ПосолствоТО! АнглийскоТО! Отидоха на крака при надеТО! Костов, външната министърка и тоя като НСС ОДОБРИХА продажбата! Останалото продадохте на комунистите! Не премахнахте корумпираните от листите. /Петя Владимирова/ Издигнахте внука на ВКР генерал за кмет. Седяхте в скута на Пеевски, където опраскахте конституцията с Борисов. Заедно д Борисов и Пеевски ходите на килимчето в укро посолството за медали! За вашите медали България плаща МИЛИАРДИ! В заеми, които НИКОГА няма да се върнат!",Негативен,0.98,гняв,https://www.mediapool.bg/dsb-se-obyavi-protiv-razdelyaneto-na-pp-i-db-news382823.html
Социално маргинализиран индивид с тежки сексуални проблеми.,Негативен,0.92,презрение,https://www.mediapool.bg/yotova-podpisa-ukaza-za-svikvaneto-na-parlamenta-news382818.html
"Прав си, колкото беше права майка ти на матрака под моста.",Негативен,0.98,презрение,https://www.mediapool.bg/yotova-podpisa-ukaza-za-svikvaneto-na-parlamenta-news382818.html
"Толкова много простотия може да има само във бивш фен на Костадинка,които сега е нахлузил зелени чорапи.",Негативен,0.95,презрение,https://www.mediapool.bg/yotova-podpisa-ukaza-za-svikvaneto-na-parlamenta-news382818.html
"Лустро оставям покрай на маека ти устата, мутренски слуга нещастен",Негативен,0.98,гняв,https://www.mediapool.bg/yotova-podpisa-ukaza-za-svikvaneto-na-parlamenta-news382818.html
"Падна ти лустрото, направо блесна!",Негативен,0.88,сарказъм,https://www.mediapool.bg/yotova-podpisa-ukaza-za-svikvaneto-na-parlamenta-news382818.html
"С две резби съм, ако случайно се окажеш п.тка (пишеш като такава).",Негативен,0.95,гняв,https://www.mediapool.bg/yotova-podpisa-ukaza-za-svikvaneto-na-parlamenta-news382818.html
Ти червен с лява резба? Отврат.,Негативен,0.97,отвращение,https://www.mediapool.bg/yotova-podpisa-ukaza-za-svikvaneto-na-parlamenta-news382818.html
"Готово е да го оближеш, гербав паляк ;)",Негативен,0.92,презрение,https://www.mediapool.bg/yotova-podpisa-ukaza-za-svikvaneto-na-parlamenta-news382818.html
Цъфна ти червеното д-у-п-е най накрая.,Негативен,0.88,презрение,https://www.mediapool.bg/yotova-podpisa-ukaza-za-svikvaneto-na-parlamenta-news382818.html
"Боташ е проект за НАМАЛЯВАНЕ НА РУСКИЯ ЕНЕРГИЕН МОНОПОЛ върху България и се чудя защо ""десните"" и ""про-европейски"" ГЕРБ толкова лаят срещу мерки срещу Русия. А, сетих се. Потапяй се обратно в кенефа и първо виж какво е Боташ, преди да с.реш.",Негативен,0.95,гняв,https://www.mediapool.bg/yotova-podpisa-ukaza-za-svikvaneto-na-parlamenta-news382818.html
"Определено износи снимката си отпреди 30 години, която още ползва под ""статиите"" (вижте актуалната ѝ харошая муцуна).",Негативен,0.92,презрение,https://www.mediapool.bg/gerb-analizira-izbornite-rezultati-v-plovdiv-pri-zakriti-vrata-news382812.html
андролката дали износи рибарските батуши?,Неутрален,0.72,любопитство,https://www.mediapool.bg/gerb-analizira-izbornite-rezultati-v-plovdiv-pri-zakriti-vrata-news382812.html
На снимката Бай Тошо,Неутрален,0.95,спокойствие,https://www.mediapool.bg/gerb-analizira-izbornite-rezultati-v-plovdiv-pri-zakriti-vrata-news382812.html
"в момента герб е . . . клозетна чиния с голЕЕЕмо лajно в нея и със спряна в момента вода. И трябва да намерят от некъде барем една кофа вода и да си отпушат клозета от тоя бОк(о) . . . . . . * езикова справка: думата „бок“ (bok) на турски език означава буквално лajнo, uзnpaжнeнue, гoвнo",Негативен,0.98,отвращение,https://www.mediapool.bg/gerb-analizira-izbornite-rezultati-v-plovdiv-pri-zakriti-vrata-news382812.html
"такъв ми беше и . . . пресантиманът към тва нещо ""анролова"" . . . Загледах се из долните текстове, само защото некви бабо-деди, бидейки изтрещели по борисов, ми цитират неква, дето приплаква, че некви други са изтрещели по радев. . . . . . А диагнозата им, всъщност, е същата - фиксация по некви комунисти - национални предатели . . .",Негативен,0.92,гняв,https://www.mediapool.bg/gerb-analizira-izbornite-rezultati-v-plovdiv-pri-zakriti-vrata-news382812.html
"А! - брои се! - анализът си е анализ, независимо от желанието на анализирания борисов. . .",Неутрален,0.62,ирония,https://www.mediapool.bg/gerb-analizira-izbornite-rezultati-v-plovdiv-pri-zakriti-vrata-news382812.html
"Тая, която я еб.аха и Карбовски, и Волгин. Друго, смятам, не ти трябва да знаеш за тази ""авторка"".",Негативен,0.98,презрение,https://www.mediapool.bg/gerb-analizira-izbornite-rezultati-v-plovdiv-pri-zakriti-vrata-news382812.html
"""закрити врата"" е 'вратата към властта', която се затвори пред борисов и партията му герб завинаги. . . . . . И коя е тая андролова? - новата бенофска с лека пареза и с тежка извратена фиксация по бОко?",Негативен,0.96,презрение,https://www.mediapool.bg/gerb-analizira-izbornite-rezultati-v-plovdiv-pri-zakriti-vrata-news382812.html
Борисов- ОСТАВКА!,Негативен,0.85,гняв,https://www.mediapool.bg/gerb-analizira-izbornite-rezultati-v-plovdiv-pri-zakriti-vrata-news382812.html
"Андролова първо да си събере провисналата руска карантия обратно в миризливата слива, после да се прави на Александър Дюма.",Негативен,0.98,гняв,https://www.mediapool.bg/gerb-analizira-izbornite-rezultati-v-plovdiv-pri-zakriti-vrata-news382812.html
"Този турлюгювеч е покрит с мълчанието на Румен Радев, така изглежда мъдър, премислен и актуален, нужен на народното дело за освобождение от капитализма.",Негативен,0.82,сарказъм,https://www.mediapool.bg/koya-formatsiya-kade-shte-sedi-v-plenarnata-zala-news382808.html
"Не е ли по-важно кой за какво се бори?! ""Прогресивна България"" се състои от три партии: ПД ""Социалдемократи"" е ключовия мадатоносител, ""Движение за радикална промяна ""Българска пролет"" и ""Български съюз за директна демокрация"". Социалдемократите искат свобода, справедливост, солидарност. Мисля, че и без да се борят за тях, ние ще им ги дадем. Смятат, че изпреварват времето си, но ние не мислим така, направили са обратно броене. Досега са се борили за местната …Прочети целия коментар власт, сега искат повече. Държат на няколко социални законопроекта и това е всичко. ДРП ""Българска пролет"" - искат да променят политико-икономическия модел. Представяте ли си да премахнат пазарната икономика?! Искат премахване привилегиите на властта. Тогава властта какво е?! Искат национализация на енергетиката, това ли е?! Наистина?! ""БС за директна демокрация"" - демокрацията според тях трябва да е форма на управление. Смятат, че покриват целия политически спектър. Мислят дори, че техни хора са участвали в Априлското въстание...Вие решете какво е това?!",Негативен,0.86,скептицизъм,https://www.mediapool.bg/koya-formatsiya-kade-shte-sedi-v-plenarnata-zala-news382808.html
Много се съмнявам Борисов и Пеевски да се появят в пленарната зала и въобще в Народното събрание. Представяте ли си каква жалка картинка ще бъдат и какви шеги и закачки ще чуят?,Негативен,0.92,презрение,https://www.mediapool.bg/koya-formatsiya-kade-shte-sedi-v-plenarnata-zala-news382808.html
За Борисов и Свинята - специална кочина ! Да си грухтят. ^^,Негативен,0.95,презрение,https://www.mediapool.bg/koya-formatsiya-kade-shte-sedi-v-plenarnata-zala-news382808.html
"Гледали са броенето, но не знаят, дали всички гласували са преброени.",Неутрален,0.78,несигурност,https://www.mediapool.bg/nad-310-000-balgari-sa-gledali-videobroeneto-na-byuletinite-edva-017-ot-sik-sa-bez-zapis-news382802.html
"Там Радев е спечелил 100%, Прасето и тиквата са с по 110:%",Негативен,0.82,презрение,https://www.mediapool.bg/nad-310-000-balgari-sa-gledali-videobroeneto-na-byuletinite-edva-017-ot-sik-sa-bez-zapis-news382802.html
"310000 са гледали броенето и не са се обадили на Кандев и Дечев, че гласове за Героя на Украйна се пишат за РуZZкий Льотчик?!",Негативен,0.86,възмущение,https://www.mediapool.bg/nad-310-000-balgari-sa-gledali-videobroeneto-na-byuletinite-edva-017-ot-sik-sa-bez-zapis-news382802.html
"Тово не изключва ала балата с машините и наше МВР.Каза го Асенка,не аз.Никой не може да ме убеди че ПБ спечели честно изборите.",Негативен,0.86,недоверие,https://www.mediapool.bg/nad-310-000-balgari-sa-gledali-videobroeneto-na-byuletinite-edva-017-ot-sik-sa-bez-zapis-news382802.html
"Алчния генерал веднага да се маха, толко не можаха да намерят лидер след Костов.",Негативен,0.95,гняв,https://www.mediapool.bg/asen-vasilev-stava-deputat-ot-plovdiv-manol-peikov-ostava-izvan-parlamenta-news382721.html
"""Пляс, пляс педалите. Водно колело"" ;)",Позитивен,0.72,забавление,https://www.mediapool.bg/asen-vasilev-stava-deputat-ot-plovdiv-manol-peikov-ostava-izvan-parlamenta-news382721.html
"Народните представители могат да се квалифицират различно. Напр. могат да се разделят на ефективни и ефектни. Панов беше от ефективните, М. Пейков от ефектите. Сега са ни нужни повече от първите.",Негативен,0.72,разочарование,https://www.mediapool.bg/asen-vasilev-stava-deputat-ot-plovdiv-manol-peikov-ostava-izvan-parlamenta-news382721.html
"Много ще ми липсва Coпол и неговите прекрасни руски изпълнения в рецитал. А агресията му към руснаците впоследствие е уникална и разкрива само неговата морално повратлива същност. Ти си достоен член на ПП/ДБ и заслужаваш мястото си в парламента, Cопoле!!!",Негативен,0.94,презрение,https://www.mediapool.bg/asen-vasilev-stava-deputat-ot-plovdiv-manol-peikov-ostava-izvan-parlamenta-news382721.html
Да не са го избрали от ДПС? Прасюгата много ще му се радва ;-),Негативен,0.82,подигравка,https://www.mediapool.bg/asen-vasilev-stava-deputat-ot-plovdiv-manol-peikov-ostava-izvan-parlamenta-news382721.html
"По-долу някой каза, че се цепят на умни и красиви муааааааа.",Негативен,0.72,подигравка,https://www.mediapool.bg/asen-vasilev-stava-deputat-ot-plovdiv-manol-peikov-ostava-izvan-parlamenta-news382721.html
Е то вече се получи. Льо пти Женераль не си говори с МирчОФФ,Негативен,0.72,ирония,https://www.mediapool.bg/asen-vasilev-stava-deputat-ot-plovdiv-manol-peikov-ostava-izvan-parlamenta-news382721.html
"Пейков тъкмо ще си пие на спокойствие, без това да се отразява на всички, които гледат репортажи от НС. Пък и се надявам да има по нормален тон в парламента. Та отвсякъде добре .",Позитивен,0.84,удовлетворение,https://www.mediapool.bg/asen-vasilev-stava-deputat-ot-plovdiv-manol-peikov-ostava-izvan-parlamenta-news382721.html
"На някой много му се иска да сее интриги и да вбива клин между ПП, ""Да, България"" и ДСБ превръщайки всеки частен спор ""от муха в летящ слон"". Но няма да му се получи ! Не с емоции, а с прагматизъм и здрав разум, не чрез разлайване на мрежите, а в спокойни директни разговори между техните лидери, ПП и ДБ ще намерят оптималната формула на коалиране и начина за вземане на ключови и оперативни решения. ПП-ДБ са на прага на исторически момент, когато могат да реализират тъй дългоочакваните реформи в съдебната система. И независимо от различните идеи за постигането й, тяхната обща кауза ги задължава да бъдат единни и на нивото на очакванията на техните избиратели. Успех !",Позитивен,0.82,надежда,https://www.mediapool.bg/asen-vasilev-stava-deputat-ot-plovdiv-manol-peikov-ostava-izvan-parlamenta-news382721.html
"След като българите сме авторите на първото антифеодално въстание (селянина Ивайло стана цар) Априлското и първото антифашистко въстание в света, сега е ред на първото антиевропейско въстание. Пропуснах Спартак , той е от Сандански.",Негативен,0.62,ирония,https://www.mediapool.bg/okonchatelno-radev-sas-131-deputati-gerb-ima-39-a-pp-db---37-news382679.html
"Не знам колко добре Радев го осъзнава, но от 5+ години нещата /не много бързо, по български/ се движат към ""революционна ситуация"". COVID /""мерките"" сериозно забавиха нещата, но вече са налице и енергията и желанието... а той се оказа най-отпред на влакчето. :) И независимо какво мисли и какво му харесва, и на какво симпатизира... му предстои да се опита, ама наистина много сериозно, да управлява... или да се окаже вързан отпред на носа!",Негативен,0.68,тревога,https://www.mediapool.bg/okonchatelno-radev-sas-131-deputati-gerb-ima-39-a-pp-db---37-news382679.html
"Това не бях избори, а размазване на всички туморни образувания начело с ПП/ДБ, ГЕРБ и ДПС, слагам в това число и ИТН. Най-накрая България си има достоен премиер и прогноза за светло бъдеще.",Позитивен,0.72,удовлетворение,https://www.mediapool.bg/okonchatelno-radev-sas-131-deputati-gerb-ima-39-a-pp-db---37-news382679.html
"И как го направи?С мошенгии с машините,и ""каубоите"" Узов и кандьо.Така всеки може.",Негативен,0.92,гняв,https://www.mediapool.bg/okonchatelno-radev-sas-131-deputati-gerb-ima-39-a-pp-db---37-news382679.html
"""РАЗВОД МИ ДАЙ: ПП и ДБ с отделни групи в парламента"" ;)",Неутрален,0.78,ирония,https://www.mediapool.bg/okonchatelno-radev-sas-131-deputati-gerb-ima-39-a-pp-db---37-news382679.html
"6 милиона е цялото население на тази страна! В списъците има стотици хиляди хора, които живеят в чужбина и никога не са гласували и няма да гласуват! Само в нащият блок има 5 човека, а на някои от тях е възможно и децата им да са включени, ако са се сдобили с лични карти! Така че тези данни са пълен фалш!",Негативен,0.96,гняв,https://www.mediapool.bg/okonchatelno-radev-sas-131-deputati-gerb-ima-39-a-pp-db---37-news382679.html
"Пепейците и дебейците са пред развод. Говорят си , но нямат единно мнение за това кой дърпа ППДБ надолу.",Негативен,0.82,напрежение,https://www.mediapool.bg/okonchatelno-radev-sas-131-deputati-gerb-ima-39-a-pp-db---37-news382679.html
"Една от бившите жени на Сокола я познавах лично, имах си за кратко вземане - даване с нея, ама беше преди 25 години:))) Айсехел, бачкаше в редакцията на Морски Труд във Варна. Готина мадама беше, не нещо фрапантно, напълно нормална. Сокола никога не е плющял непълнолетни, тва мога да ти го кажа най - отговорно.",Неутрален,0.78,увереност,https://www.mediapool.bg/okonchatelno-radev-sas-131-deputati-gerb-ima-39-a-pp-db---37-news382679.html
"Крайно време е ЕС да започне автоматично да изритва тъпите народи, които избират пУтюрасти.",Негативен,0.97,гняв,https://www.mediapool.bg/okonchatelno-radev-sas-131-deputati-gerb-ima-39-a-pp-db---37-news382679.html
"А, не съм съгласен. Асен много правилно ги оставя. Защото това е проблем на ДБ, която макар и партньор, е отделна политическа структура. ПП правилно, макар че се страхувам, че накрая ще се наложи да го направи, няма желание да го решава за ДБ. А проблема се страхувам, че не е само до/в Манол Пейков и Чило Попов, но и до доста ""безхаберие"" на не малка част от българската интелигенция /добри хора, но с пропуски в разбирането на политика и мениджмънт/, по отношение на управлението /на страната/. И вече се забелязва известно разминаване между разбиранията на ""домашната"" интелигенция и училите мениджмънт извън страната.",Негативен,0.78,тревога,https://www.mediapool.bg/kazusat-s-peikov-popov-i-panev-topkata-e-v-poleto-na-demokratichna-bulgaria-news382668.html
"Казусът е другаде - крайно време е за някакво обединение на всички парламентарни и извънпарламентарни демократични партии, движения, фронтове и т.н.",Неутрален,0.72,загриженост,https://www.mediapool.bg/kazusat-s-peikov-popov-i-panev-topkata-e-v-poleto-na-demokratichna-bulgaria-news382668.html
"Тъпо, грозно и не рита. Що е то? ПП-ДБ! ;)",Негативен,0.86,презрение,https://www.mediapool.bg/pri-100-obraboteni-protokoli-radev-s-palno-mnozinstvo-gerb-izprevari-pp-db-news382524.html
"Моя човек е Манол Дългопишков. Чило не го знам, а Панев е лаладжия.",Негативен,0.64,пренебрежение,https://www.mediapool.bg/kazusat-s-peikov-popov-i-panev-topkata-e-v-poleto-na-demokratichna-bulgaria-news382668.html
"Тоя Чило ли е , какъв е , трябва сам да се откаже . Драмите в момента са изцяло заради него.",Негативен,0.93,гняв,https://www.mediapool.bg/kazusat-s-peikov-popov-i-panev-topkata-e-v-poleto-na-demokratichna-bulgaria-news382668.html
"Едно време децата играеха на музикални столчета, а тези измислиха нова - парламентарно столче. Никой не се отказва от парламентарните кюфтаци.",Негативен,0.88,презрение,https://www.mediapool.bg/kazusat-s-peikov-popov-i-panev-topkata-e-v-poleto-na-demokratichna-bulgaria-news382668.html
"Зная, че е така и точно това наричам игри от селски вечеринки.",Негативен,0.82,раздразнение,https://www.mediapool.bg/kazusat-s-peikov-popov-i-panev-topkata-e-v-poleto-na-demokratichna-bulgaria-news382668.html
"Водачите на листите "" дърпат"" листата и гарантират изборен успех. По правило те се кандидатират в сигурен изборен район и в по-малък и несигурен. Това обяснява защо се практикува тази възможност.:)",Позитивен,0.72,увереност,https://www.mediapool.bg/kazusat-s-peikov-popov-i-panev-topkata-e-v-poleto-na-demokratichna-bulgaria-news382668.html
"Буря в чашата с вода..разотивайте се, шоуто е без пуканки.",Негативен,0.72,досада,https://www.mediapool.bg/kazusat-s-peikov-popov-i-panev-topkata-e-v-poleto-na-demokratichna-bulgaria-news382668.html
"Драмата - не само тази, имало е и други - произтича от малоумното положение водачите на листите да могат да се кандидатират в два избирателни района. Всъщност селска е не самата драма, а тази хитрешковска възможност. Ако тя бъде премахната няма да има и драми.",Негативен,0.92,възмущение,https://www.mediapool.bg/kazusat-s-peikov-popov-i-panev-topkata-e-v-poleto-na-demokratichna-bulgaria-news382668.html
"Сигурно пишат, но даже и да нямаше тази цепнатина в ПП-ДБ те пак щяха да пишат. Освен това не е лошо да чуят и нашето МНЕНИЕ, даже то да не е лицеприятно или критично, или нека бъде подкрепящо, позитивно, а не просто да се заяждаме с тази гербарско-депесарска- комунистическо-левичарска СВОЛАЧ във форма или помежду си. Защото въпросът е принципен. ПП-ДБ устоя на мерака на ДБ да взеле в съглашателство с Борисов. ДСБ-ПП-ДБ са силни като са единни.",Негативен,0.82,гняв,https://www.mediapool.bg/asen-vasilev-chaka-db-da-reshi-za-manol-peikov-deputat-ot-pp-obvini-db-v-litsemerie-news382616.html
"Да, нашият случай е по-особен. Ние все още сме много близко и до комунизма и до злото Русия. В този смисъл виждаме как партии където има единомеслие по- бавно се разпадат и оттичат в канала когато преди са показали жизнеспособност. Типичен пример ГЕРБ, ако не беше се пръкнал Радев и Пеевски и Възраждане и ДПС. Но в нашата коалиция ПП-ДБ това след 4 години не се постигна, защото по всичко изглежда политическият егоизъм на ДБ, надделява до степен, че аз като привърженик на ДСБ направо не виждам и с лупа нейната представителност. Василев е прав, оище повече че неговата енергичност и компетентност даже и противника не отрича. Предполагам, че и хората от ПП имат също подобни качества.",Негативен,0.78,разочарование,https://www.mediapool.bg/asen-vasilev-chaka-db-da-reshi-za-manol-peikov-deputat-ot-pp-obvini-db-v-litsemerie-news382616.html
"Признавам, че сгреших! Смятах, че след изборите мерZZавците ДеБилите предателски ще се присламчат към пУтюраста гдев за да му станат патерица. Оказа се, че дори за тази поZZорна роля не са годни тези импотенти.",Негативен,0.98,гняв,https://www.mediapool.bg/asen-vasilev-chaka-db-da-reshi-za-manol-peikov-deputat-ot-pp-obvini-db-v-litsemerie-news382616.html
нещо изнервени ми се струват другарите от ппдб - дали няма да видим гръм в рая :D :D,Негативен,0.72,насмешка,https://www.mediapool.bg/asen-vasilev-chaka-db-da-reshi-za-manol-peikov-deputat-ot-pp-obvini-db-v-litsemerie-news382616.html
"До половината сте прав. Но я ми кажете нещо за приноса на Димитров, че влиза с висока преференции. Как гласува избиратели с преференции. Оценил е приноса на дадено лице? Или по симпатия? Защо тогава Величков от Правосъдие за всички не получи преференции, а толкова работа свърши.",Негативен,0.72,недоволство,https://www.mediapool.bg/asen-vasilev-chaka-db-da-reshi-za-manol-peikov-deputat-ot-pp-obvini-db-v-litsemerie-news382616.html
ДеБили - Чекиджии,Негативен,0.95,гняв,https://www.mediapool.bg/asen-vasilev-chaka-db-da-reshi-za-manol-peikov-deputat-ot-pp-obvini-db-v-litsemerie-news382616.html
"ДеБилите тъпоумно си въобразяваха, че след като заедно с иZраждане свалят проевропейското правителство на Желязков пропутинската мафия ще даде властта точно на тях - на ДеБилите... Оказа се ще са просто пацал иZползван да разчисти пистата на гадев.",Негативен,0.97,гняв,https://www.mediapool.bg/asen-vasilev-chaka-db-da-reshi-za-manol-peikov-deputat-ot-pp-obvini-db-v-litsemerie-news382616.html
На тези избори се оттървахме от бZп - на следващите от ДеБилите.,Негативен,0.86,презрение,https://www.mediapool.bg/asen-vasilev-chaka-db-da-reshi-za-manol-peikov-deputat-ot-pp-obvini-db-v-litsemerie-news382616.html
ДеБилите са кокошка с отрязана глава - тича последните си метри.,Негативен,0.95,презрение,https://www.mediapool.bg/asen-vasilev-chaka-db-da-reshi-za-manol-peikov-deputat-ot-pp-obvini-db-v-litsemerie-news382616.html
"ДеБилите са глисти, които само гледат в чий г-ъ-Z да се скатаят на топло. Затова никога няма да бъдат управляващи, а всички гласове за тях са чисто разпиляване на потенциал.",Негативен,0.98,гняв,https://www.mediapool.bg/asen-vasilev-chaka-db-da-reshi-za-manol-peikov-deputat-ot-pp-obvini-db-v-litsemerie-news382616.html
"Я виж, туй дето ти капе, да не би да е от препълнен памперс?..",Негативен,0.92,подигравка,https://www.mediapool.bg/preferentsii-i-razpredelenie-otkade-kolko-i-koi-shte-sa-deputatite-na-vsyaka-edna-partiya-news382598.html
Чета коментарите надолу и ми мед ми капе на сърцето какво квичене надават евроджендерастката паплач в този псевдосайт. Хайде чибa вече :) БЪЛГАРИЯ СПЕЧЕЛИ СВОЯТ ПРЕЗИДЕНТ И СВОЯТ ПРЕМИЕР И СВОЯТА ПАРТИЯ. НАЙ-НАКРАЯ. ДА ЖИВЕЕ БЪЛГАРИЯ.,Позитивен,0.78,възторг,https://www.mediapool.bg/preferentsii-i-razpredelenie-otkade-kolko-i-koi-shte-sa-deputatite-na-vsyaka-edna-partiya-news382598.html
"Ама тази тирада малко е закъсняла за предизборна агитация, така че я възприемам единствено като вой на чакал. Това че ти не си разбрал или разбрала (все тая какъв пол си, то гнидите нямат пол) какво казва най-популярния и интелигентен политик в съвременната история на България си е само твой дефицит. Половин България разбрала, само то не разбрало какви послания е направил генерал Радев в многобройните си обръщения и интервюта. Разбирам, трудно ти е, ама поне не показвай свещената си простота пред публика. Жалка картинка.",Негативен,0.98,презрение,https://www.mediapool.bg/preferentsii-i-razpredelenie-otkade-kolko-i-koi-shte-sa-deputatite-na-vsyaka-edna-partiya-news382598.html
"Пpoф. Кaлин Янaкиeв: «Чe пoлитичecкa глупocт дeйcтвитeлнo cъщecтвувa (и peзиcтиpa) cpeд мнoзинa oт „cкъпитe ми cънapoдници“ зa мeн e нecъмнeнo. Кaквo изoбщo зa цeли 9 гoдини cтe чули oт нeгo? Ocвeн нaизуcтeнитe нoвoгoдишни пocлaния, ocвeн пoпулиcткoтo му мpънкaнe cpeщу влизaнeтo ни в eвpoзoнaтa, ocвeн чe „Кpим e pуcки, кaкъв дa e“? Кaкъв cлeдoвaтeлнo e изтoчникът нa вaшитe нaдeжди? Eнтуcиaзиpaнитe му избиpaтeли щe пoлучaт eдин мимaнc oт cпopтиcти и eднo пoдвoднo тeчeниe oт oнзидeншни „Жaн-Видeнoвиcти“. Щe тpябвa дa гo пpeживeят (и ниe зaeднo c тяx), зaщoтo кaктo кaзax в нaчaлoтo, пoлитичecкaтa глупocт e дълбoкo, дълбoкo внeдpeнa в нeмaлкa чacт oт нaшия нapoд.»",Негативен,0.96,възмущение,https://www.mediapool.bg/preferentsii-i-razpredelenie-otkade-kolko-i-koi-shte-sa-deputatite-na-vsyaka-edna-partiya-news382598.html
ГЕРБ губи не само изборите. ГЕРБ губи досегашното си влияние в изпълнителната власт. ГЕРБ го чакат тежки времена на борба за оцеляване срещу вълната от антикорупционни обещания на новите победители.,Негативен,0.88,тревога,https://www.mediapool.bg/preferentsii-i-razpredelenie-otkade-kolko-i-koi-shte-sa-deputatite-na-vsyaka-edna-partiya-news382598.html
"И да останат спрени за маджарите, щото Маджар се оказа Предател и скрит пютураст:""Макар да спечели с обещание за нов подход към ЕС, Мадяр си представя по–активна Централна Европа, обединена около по–консервативни правителства с близки възгледи за миграцията, енергетиката и икономическата политика. С изключение на Полша, много от тези държави традиционно поддържат и по–гъвкави отношения с Русия."" Мисията на Петер Мадяр: Да възстанови силата на Австро-Унгарската империя https://mobile.frognews.bg/article/331718/",Негативен,0.94,гняв,https://www.mediapool.bg/preferentsii-i-razpredelenie-otkade-kolko-i-koi-shte-sa-deputatite-na-vsyaka-edna-partiya-news382598.html
"Сега, на първо време, ЕС е наложително да спре всякакви фондове за редовия български путюраст, гласувал за Мунчо. Глад и тояга за малоумния плебс!",Негативен,0.98,гняв,https://www.mediapool.bg/preferentsii-i-razpredelenie-otkade-kolko-i-koi-shte-sa-deputatite-na-vsyaka-edna-partiya-news382598.html
Още при съставянето на кабинета излиза първото предизвикателство : отново и отново ли министър на външните работи ще е евреин !!!! После след клетвата идват охраната на двамата любимци и безценния Сарафов !,Негативен,0.92,гняв,https://www.mediapool.bg/preferentsii-i-razpredelenie-otkade-kolko-i-koi-shte-sa-deputatite-na-vsyaka-edna-partiya-news382598.html
"Мунчо е колхозник, а ти как се чувстваш като скъсана подметка на закоравелия negофил Боко от Банкя с розовия анцуг? https://novini.bg/article/2025030218494078542",Негативен,0.96,гняв,https://www.mediapool.bg/preferentsii-i-razpredelenie-otkade-kolko-i-koi-shte-sa-deputatite-na-vsyaka-edna-partiya-news382598.html
"Ще трябва да стигнем до Радевата зима и да ги удари по джоба, за да им дойде акълът на глупендерите.",Негативен,0.92,гняв,https://www.mediapool.bg/preferentsii-i-razpredelenie-otkade-kolko-i-koi-shte-sa-deputatite-na-vsyaka-edna-partiya-news382598.html
Депутати без имунитети и с еднопосочни билети за Дубай очаквайте през май.,Негативен,0.72,гняв,https://www.mediapool.bg/yotova-svikva-ns-do-dni-ochakva-pravosadna-reforma-i-preporachva-glavniyat-sekretar-na-mvr-da-ostane-news382589.html
"Не съм го гледала. Но по принцип бързорекия Кутев не слешам с внимание, много говори, рядко казва нщо което после да става, все предвижда неща, които не се осъществяват. Лека кавалерия.",Негативен,0.92,пренебрежение,https://www.mediapool.bg/yotova-svikva-ns-do-dni-ochakva-pravosadna-reforma-i-preporachva-glavniyat-sekretar-na-mvr-da-ostane-news382589.html
"Той е в тандем с Е. Дечев, министъра. При един хлабав министър полза от него няма да има. Но Йотова не можше да предложи Дечев, защото е далеч от нейната и на Радев боя.",Негативен,0.82,недоволство,https://www.mediapool.bg/yotova-svikva-ns-do-dni-ochakva-pravosadna-reforma-i-preporachva-glavniyat-sekretar-na-mvr-da-ostane-news382589.html
"Извинение - грешката е моя, написал съм Карбовски, но имах предвид Дачков: 54-минутното интервю за което споменах по-рано. И пак ще трябва да те разочаровам - никъде и дума Кутев не обелва каква ще е същността на съдебната реформа. Кой и колко депутати ще има и какво става ако ги няма - това не е концепция за реформа, а дребни бакалски сметки. Имало било дефекти в правораздаването и това позволявало определени хора да упражняват неформална власт - ние това въобще не го знаехме. Затова пак ще кажа …Прочети целия коментар - сподели тук и обясни какво ще представлява реформата в съдебната система според програмата на ПБ. Ако не знаеш какво е замислено или не можеш да го обясниш, кажи си, ще те разберем и никой няма да ти се сърди.",Негативен,0.86,разочарование,https://www.mediapool.bg/yotova-svikva-ns-do-dni-ochakva-pravosadna-reforma-i-preporachva-glavniyat-sekretar-na-mvr-da-ostane-news382589.html
"Като я зърна тази дърта болшевичка от Сливница ми се обръщат червата! Ако някой ми беше казал на 10-ти ноември 1989 година че такива ще ни управляват 36 години по-късно, щях да му избия зъбите! Между другото, не се ли досещате защо тази червена лелка назначи Гюров за служебен премиер? Благодарение на добрата работа и прекъсвани на купения вот те гарантираха на Радеф това мнозинство и прецакаха ГЕРП, ДПС, ИТН, МЕЧ и други подобни измишльотини! Това е самата истина!",Негативен,0.97,гняв,https://www.mediapool.bg/yotova-svikva-ns-do-dni-ochakva-pravosadna-reforma-i-preporachva-glavniyat-sekretar-na-mvr-da-ostane-news382589.html
"Кой да ми резне квитанциите , бе , игнорамус?",Негативен,0.86,гняв,https://www.mediapool.bg/yotova-svikva-ns-do-dni-ochakva-pravosadna-reforma-i-preporachva-glavniyat-sekretar-na-mvr-da-ostane-news382589.html
"И през тези 6 месеца без заплати,пенсии....и т.н.,вие ли ще храните хората,вие ли ще им плащате разходи,сметки,дължими суми към различни услуги?Предложението е странно.Според мен по-добре е ЕС да спре ПВУзащото има опасност да бъдат ""усвоени"" от олигообръчите на Мунчо.",Негативен,0.92,възмущение,https://www.mediapool.bg/yotova-svikva-ns-do-dni-ochakva-pravosadna-reforma-i-preporachva-glavniyat-sekretar-na-mvr-da-ostane-news382589.html
"Йотова трябва да се занимава с други дела оттук нататък. Препоръките трябва да идват от народа, който беше подведен, че му предстои финансова криза и обедняване, и гласува за човек, когото не познава. Народното събрание веднага трябва да гласува строг контрол на финансовите средства на държавата през преходната 2026 г. За целта може да се наложи мораториум за подписване на големи сделки и спогодби. Трябва да се замразят за 6 месеца заплатите, пенсиите, социалните плащания, данъците, акцизите, таксите. Направените икономии да бъдат връщани в държавния бюджет на страната. Само така можем да видим докъде сме стигнали и с колко да нарастват разходите през следващите години.",Негативен,0.82,тревога,https://www.mediapool.bg/yotova-svikva-ns-do-dni-ochakva-pravosadna-reforma-i-preporachva-glavniyat-sekretar-na-mvr-da-ostane-news382589.html
"На теб, хибридно гавно, много ти знае балалайката напоследък. Да не ти резнат квитанцийките накрая?",Негативен,0.98,гняв,https://www.mediapool.bg/yotova-svikva-ns-do-dni-ochakva-pravosadna-reforma-i-preporachva-glavniyat-sekretar-na-mvr-da-ostane-news382589.html
"Първо , никога не съм ти препоръчвал интервю на Кутев при Карбовски. Препоръчах ти интервюто му с Явор Дачков. В това интервю отиваш на 16- та минута и гледаш следващите няколко минути в които се обясняват стъпките , които ще предприемат в част правосъдие . В детайли. Какво става ако Баце и Пеевски имат над 80 депутати и какво става ако ги нямат. Приятно гледане.И да , не стоя 24 часа във Форума и може да съм пропуснал твой въпрос.",Негативен,0.62,раздразнение,https://www.mediapool.bg/yotova-svikva-ns-do-dni-ochakva-pravosadna-reforma-i-preporachva-glavniyat-sekretar-na-mvr-da-ostane-news382589.html
"Да си пожелаем при следващите избори Костя да отиде при Слафчоу на диванчето, да попръдат из Фесбук заедно.",Негативен,0.87,презрение,https://www.mediapool.bg/kostadinov-narodat-ne-iska-vazrazhdane-da-go-upravlyava-ideologiite-pretarpyaha-krah-news382586.html
"Не бре, максудович, народът не ще вас, руZките помиярпростаци. Особено да му ковете закони и да организирате погроми. Аре чъйба на Варненското блато да си довършиш катунарската шатра с изглед към гавната.",Негативен,0.98,гняв,https://www.mediapool.bg/kostadinov-narodat-ne-iska-vazrazhdane-da-go-upravlyava-ideologiite-pretarpyaha-krah-news382586.html
Народът не поиска и простите и грозни шарлатани да го управляват! ;),Негативен,0.72,презрение,https://www.mediapool.bg/kostadinov-narodat-ne-iska-vazrazhdane-da-go-upravlyava-ideologiite-pretarpyaha-krah-news382586.html
"Крайно време е ЕС да започне автоматично да изключва тъпите народи, които си иZбират путюрасти.",Негативен,0.96,гняв,https://www.mediapool.bg/kostadinov-narodat-ne-iska-vazrazhdane-da-go-upravlyava-ideologiite-pretarpyaha-krah-news382586.html
"Беше си въобразил че е играч, а се оказа играчка, от която вече нямат нужда. Очаква го отичането в канала като Атака, за която никой вече не се сеща.",Негативен,0.95,презрение,https://www.mediapool.bg/kostadinov-narodat-ne-iska-vazrazhdane-da-go-upravlyava-ideologiite-pretarpyaha-krah-news382586.html
"Костадинов понякога е забавено да го слушаш, когато разсъждава на глас... Кажи сега Коце, къде и каква е вашата идеология, че нещо се обърках.",Негативен,0.78,раздразнение,https://www.mediapool.bg/kostadinov-narodat-ne-iska-vazrazhdane-da-go-upravlyava-ideologiite-pretarpyaha-krah-news382586.html
"В канала, копейкин!",Негативен,0.86,презрение,https://www.mediapool.bg/kostadinov-narodat-ne-iska-vazrazhdane-da-go-upravlyava-ideologiite-pretarpyaha-krah-news382586.html
"Интересно на какво се е надявал Костадинов? Обещава да извади България от ЕС и от НАТО, какти да върне лева и иска хората да го харесват? Само един малък % лумпени и идиоти могат да бъдат такива мазохисти.",Негативен,0.95,презрение,https://www.mediapool.bg/kostadinov-narodat-ne-iska-vazrazhdane-da-go-upravlyava-ideologiite-pretarpyaha-krah-news382586.html
"Костадинов е един пуяк, като много други. Дрънкало. Поразгонихме някои слава Богу! Не мога да си обясня тази мания само некадърници и продажници да се натискат за политици.",Негативен,0.96,гняв,https://www.mediapool.bg/kostadinov-narodat-ne-iska-vazrazhdane-da-go-upravlyava-ideologiite-pretarpyaha-krah-news382586.html
"Хора много, на кои хора? Какво ли и питам, Магда...",Негативен,0.62,недоумение,https://www.mediapool.bg/zaradi-izborite-krum-zarkov-iska-vot-na-doverie-news382576.html
Комунета да защитават интереси на хора. Това го няма в цялата необятна вселена,Негативен,0.86,презрение,https://www.mediapool.bg/zaradi-izborite-krum-zarkov-iska-vot-na-doverie-news382576.html
"Най-положителното от последните избори беше, че за първи път от 81 години 100-годишната старица беше изхвърлена извън Събранието. Вярно е, беше заменена от партията на чорапа, но не вярвам последната да се окаже и на 1% толкова корава колкото старицата.",Позитивен,0.72,удовлетворение,https://www.mediapool.bg/zaradi-izborite-krum-zarkov-iska-vot-na-doverie-news382576.html
"Круме, Круме, язък ти за името. Трябвало е да те нарекат Кацамун.",Негативен,0.92,презрение,https://www.mediapool.bg/zaradi-izborite-krum-zarkov-iska-vot-na-doverie-news382576.html
"БСП - ОЛ, ще продължи да съществува, защото хората имат нужда от тях, да защитават техните интереси.",Позитивен,0.82,доверие,https://www.mediapool.bg/zaradi-izborite-krum-zarkov-iska-vot-na-doverie-news382576.html
"Празни приказки. В нормалните държави след провали и резили шефовете на партии си тръгват. За комундетата е стара практика да са неадекватни, във всяка ситуация.",Негативен,0.96,гняв,https://www.mediapool.bg/zaradi-izborite-krum-zarkov-iska-vot-na-doverie-news382576.html
Столетницата най - после се спомина.,Негативен,0.72,облекчение,https://www.mediapool.bg/zaradi-izborite-krum-zarkov-iska-vot-na-doverie-news382576.html
И това трябва да ни интересува защото?,Негативен,0.82,раздразнение,https://www.mediapool.bg/zaradi-izborite-krum-zarkov-iska-vot-na-doverie-news382576.html
"Ей, не разбирате от приятелски задявки.",Негативен,0.72,раздразнение,https://www.mediapool.bg/peevski-zabravi-za-mistar-kesh-pozdravi-radev-za-respektirashtiya-rezultat-news382575.html
Как се чувстваш като скъсана подметка на закоравелия negофил Боко от Банкя с розовия анцуг? https://novini.bg/article/2025030218494078542,Негативен,0.92,презрение,https://www.mediapool.bg/peevski-zabravi-za-mistar-kesh-pozdravi-radev-za-respektirashtiya-rezultat-news382575.html
Пеевски остава без охрана . Вай завала.......,Негативен,0.78,сарказъм,https://www.mediapool.bg/peevski-zabravi-za-mistar-kesh-pozdravi-radev-za-respektirashtiya-rezultat-news382575.html
Господ здраве да му дава на Пасчо Магнитски за да гледаме шоуто му с шарлатаните! ;),Позитивен,0.72,забавление,https://www.mediapool.bg/peevski-zabravi-za-mistar-kesh-pozdravi-radev-za-respektirashtiya-rezultat-news382575.html
"Трябваше някой да натрие носовете на Борисов и Пеевски.За съжаление ППДБ не успя да се възползват от недоволните хора на площадите, не можаха да ги убедят, че ще се справят с Борисов и Пеевски.Още не свършили изборите и се изпокараха за депутатски места.Чудя се, така ли няма кой да му каже на ген.Василев, че е време да мине малко назад.Видя се и на протестите, че хората не го приемат добре.Не знам от тук нататък какво ще става, но не е луд този който яде зелника.",Негативен,0.92,разочарование,https://www.mediapool.bg/peevski-zabravi-za-mistar-kesh-pozdravi-radev-za-respektirashtiya-rezultat-news382575.html
"Изглежда и Радев забрави май, кои наричаше шарлатани! Явно ще му трябват! Пък и те сигурно вече няма да си правят ала, бала с него! Абе политика, магистрална работа.",Негативен,0.86,разочарование,https://www.mediapool.bg/peevski-zabravi-za-mistar-kesh-pozdravi-radev-za-respektirashtiya-rezultat-news382575.html
"Тоя си е тарикат! Слагаше се на Борисов, когато имаше файда от него! Сега ще се слага на Радефф и т.н.т.",Негативен,0.92,презрение,https://www.mediapool.bg/peevski-zabravi-za-mistar-kesh-pozdravi-radev-za-respektirashtiya-rezultat-news382575.html
Свинята мн нагла! Искам реформа в съдебната система и работеща прокуратура! И Дечев да е шеф на МВР а Кандев главсек!,Негативен,0.92,гняв,https://www.mediapool.bg/peevski-zabravi-za-mistar-kesh-pozdravi-radev-za-respektirashtiya-rezultat-news382575.html
"Е, ако трябва да сме честни ""всички нас"" не сме безмълвни свидетели, понеже сами си го причинихме.",Негативен,0.82,вина,https://www.mediapool.bg/peevski-zabravi-za-mistar-kesh-pozdravi-radev-za-respektirashtiya-rezultat-news382575.html
То беше голяма дружба с ПП-ДБ!!,Позитивен,0.72,радост,https://www.mediapool.bg/spored-borisov-druzhbata-mu-s-peevski-i-pp-db-dovela-do-izborniya-krah-na-gerb-news382567.html
"вместо да зяе глynycти. . ., бОко да ходи да . . . си гледа дечицата по Барселона и където още е посял, докато още не са го запряли. . . И каква ""дружба с ППДБ"" си имал, бе, тюфлек-плювалнико? (((-: . . . ""дружба"" ??!?? (-: - да та е*а у дружинната и у милиционер-дружинника . . .",Негативен,0.98,гняв,https://www.mediapool.bg/spored-borisov-druzhbata-mu-s-peevski-i-pp-db-dovela-do-izborniya-krah-na-gerb-news382567.html
Ура! Бойчето продължава да бори корупцията! Само при него никой не помисля да краде!,Негативен,0.78,ирония,https://www.mediapool.bg/spored-borisov-druzhbata-mu-s-peevski-i-pp-db-dovela-do-izborniya-krah-na-gerb-news382567.html
Неуморим! Доктор на науките! Велик! ;),Позитивен,0.98,възхищение,https://www.mediapool.bg/spored-borisov-druzhbata-mu-s-peevski-i-pp-db-dovela-do-izborniya-krah-na-gerb-news382567.html
"Има, има булгарские руZZофиль-путлЭрастите. Не случайно яшар замфиркьов, известен и като ""Тато"" с присъщия си ""изтънчен"" хумор е казвал, ""Когато в маЦква пръъднат, ние в София се на33ираме"".",Негативен,0.94,презрение,https://www.mediapool.bg/spored-borisov-druzhbata-mu-s-peevski-i-pp-db-dovela-do-izborniya-krah-na-gerb-news382567.html
"""Велик..., неуморим..., доктор на нàуките""... упс... абе мазнейката къде е ? Такова мълчание звучи плашещо...Тоа да не си е посегнал... ?",Негативен,0.92,притеснение,https://www.mediapool.bg/spored-borisov-druzhbata-mu-s-peevski-i-pp-db-dovela-do-izborniya-krah-na-gerb-news382567.html
"Благодарим на Борисов, че успя цели 17 години да задържи страната в умерено проевропейско русло, въпреки, че беше избран от посткомунистическата мутро-мафията за ролята на гадев.",Позитивен,0.62,благодарност,https://www.mediapool.bg/spored-borisov-druzhbata-mu-s-peevski-i-pp-db-dovela-do-izborniya-krah-na-gerb-news382567.html
"Дружбата го довела до крах, ама няма да подаде оставка. Решенията за тази дружба кой ги взе ? Мутрата е прав дори когато греши.",Негативен,0.92,гняв,https://www.mediapool.bg/spored-borisov-druzhbata-mu-s-peevski-i-pp-db-dovela-do-izborniya-krah-na-gerb-news382567.html
"Няма вече джипове, джетове...",Негативен,0.72,разочарование,https://www.mediapool.bg/spored-borisov-druzhbata-mu-s-peevski-i-pp-db-dovela-do-izborniya-krah-na-gerb-news382567.html
"Ех Боче...още не си си взел поука гледам. Спокойно, ще имаш достатъчно време, за да преосмислиш резултата.",Негативен,0.86,презрение,https://www.mediapool.bg/spored-borisov-druzhbata-mu-s-peevski-i-pp-db-dovela-do-izborniya-krah-na-gerb-news382567.html
"Гласуват в Сърбия, защото им е по-близо и по-лесно. А два пъти няма как да гласуват. Не си запознат : след изборите всички избирателни списъци се проверяват по ЕГН за двойно гласуване. Аз друго бих попитал. Кога ще можем да гласуваме по пощата, или поне с пълномощно ? Както е в белите държави ?",Негативен,0.72,разочарование,https://www.mediapool.bg/do-chetvartak-tsik-obyavyava-okonchatelnite-rezultati-ot-vota-news382565.html
Никой дума не отваря за българските автобуси в изборният ден в Сърбия! Някои хора са гласували по два пъти!,Негативен,0.92,възмущение,https://www.mediapool.bg/do-chetvartak-tsik-obyavyava-okonchatelnite-rezultati-ot-vota-news382565.html
"гюро сбогом, няма вече джипове, джетове.. след като г-н радев призова служебните министри да се пръждосват, либералдемократите са по-ниски от тревата",Негативен,0.87,презрение,https://www.mediapool.bg/do-chetvartak-tsik-obyavyava-okonchatelnite-rezultati-ot-vota-news382565.html
Мазен вече е време да излезеш в нелегалност. Много материал изписа за кютек,Негативен,0.95,гняв,https://www.mediapool.bg/mvr-politicheskata-kartina-shteshe-da-e-savsem-razlichna-ako-ne-byaha-aktsiite-sreshtu-kupuvaneto-na-glasove-news382562.html
Респект за ноовия шеф на МВР!,Позитивен,0.92,одобрение,https://www.mediapool.bg/mvr-politicheskata-kartina-shteshe-da-e-savsem-razlichna-ako-ne-byaha-aktsiite-sreshtu-kupuvaneto-na-glasove-news382562.html
"Герберите наистина сте уникално тъпи. Само вие не разбрахте, че това МВР не е на ПП-ДБ, а на Радев. Който и спечели изборите. Дано ви просветне когато Дечев остане вътрешен министър в новото правителство или стане главен прокурор, а Кандев от и.ф. стане титулярен главен секретар на МВР.",Негативен,0.96,гняв,https://www.mediapool.bg/mvr-politicheskata-kartina-shteshe-da-e-savsem-razlichna-ako-ne-byaha-aktsiite-sreshtu-kupuvaneto-na-glasove-news382562.html
"Народът накрои шапки. Усети силата си. Ако се наложи, пак ще крои шапки. Народът ни не е заспал и аполитичен, а търси хора, на които да се довери. Много време и пари се пропиляха. Трябва да се осигури работа на всеки българин тук, в България. Но не само да бъхти с кирката и лопатата или да вдига скъпи кибритени кутийки в градовете. Селата са много важни също.",Позитивен,0.62,решителност,https://www.mediapool.bg/mvr-politicheskata-kartina-shteshe-da-e-savsem-razlichna-ako-ne-byaha-aktsiite-sreshtu-kupuvaneto-na-glasove-news382562.html
Сега следва да се установи откъде са парите и законни ли са.,Неутрален,0.86,несигурност,https://www.mediapool.bg/mvr-politicheskata-kartina-shteshe-da-e-savsem-razlichna-ako-ne-byaha-aktsiite-sreshtu-kupuvaneto-na-glasove-news382562.html
"Да,разбира се,но за кого бяха акциите?И от кого бяха заповедите?Знаем истината.Спрете с тези лъжи.",Негативен,0.86,гняв,https://www.mediapool.bg/mvr-politicheskata-kartina-shteshe-da-e-savsem-razlichna-ako-ne-byaha-aktsiite-sreshtu-kupuvaneto-na-glasove-news382562.html
"Шарлатани, към момента - русофилистикът първи, евроатлантика втори, апедофилскитешарлатани сте в тъча. С ВАШЕ МВР! ;)",Негативен,0.92,гняв,https://www.mediapool.bg/mvr-politicheskata-kartina-shteshe-da-e-savsem-razlichna-ako-ne-byaha-aktsiite-sreshtu-kupuvaneto-na-glasove-news382562.html
"Не се ядосвайте, не си заслужава.Poro e един жалък тр-ол. Той тр-оли за да съществува.До вчера целуваше магнитския .адник, днес Радевия. ПП Радвам се, че много хора от НРБ-то не са късопаметни и продажни.",Негативен,0.87,гняв,https://www.mediapool.bg/ostrietata-na-radev-koito-sa-favoriti-za-ministerski-kresla-news382549.html
Обикновено министъра на външните е евреин ......................,Неутрален,0.64,неутралност,https://www.mediapool.bg/ostrietata-na-radev-koito-sa-favoriti-za-ministerski-kresla-news382549.html
"По-добре ще е да си го направят щеф на пощите, ще му приляга повече :)",Негативен,0.72,ирония,https://www.mediapool.bg/ostrietata-na-radev-koito-sa-favoriti-za-ministerski-kresla-news382549.html
"Аз не вярвам избраникът на ген. Решетников - Пропагандата, да е по-различен от споменатите.",Негативен,0.78,недоверие,https://www.mediapool.bg/ostrietata-na-radev-koito-sa-favoriti-za-ministerski-kresla-news382549.html
Като чуя специално името Гечев... Бррррр,Негативен,0.9,отвращение,https://www.mediapool.bg/ostrietata-na-radev-koito-sa-favoriti-za-ministerski-kresla-news382549.html
"Поне за половината от тези, вътрешно няма голяма разлика.",Неутрален,0.82,безразличие,https://www.mediapool.bg/ostrietata-na-radev-koito-sa-favoriti-za-ministerski-kresla-news382549.html
"Кандев е деполитизиран. Не вярвам, но с призива на йотова... А Дечев няма шанс да бъде поканен. Твърде различен е профилът му, пък и остър и точен езикът! .",Негативен,0.68,скептицизъм,https://www.mediapool.bg/ostrietata-na-radev-koito-sa-favoriti-za-ministerski-kresla-news382549.html
"И аз помня всичко описано с изключение на лагерите. Тогава дори не знаех, че в България има този ужас. .",Негативен,0.68,потрес,https://www.mediapool.bg/ostrietata-na-radev-koito-sa-favoriti-za-ministerski-kresla-news382549.html
"Да плагиатстваш е доста,тъпо,неадекватно и неостроумно.",Негативен,0.96,неодобрение,https://www.mediapool.bg/yotova-shte-svika-noviya-parlament-prez-sledvashtata-sedmitsa-news382556.html
"Кога Радев ще въведе отново ""изходни визи"" за пътуване на Запад? След като минем пак към лева ли? Тогава цените ще паднат тройно! Но затова пък ще има много консерви Копърка (от Курилските о-ви)",Негативен,0.86,недоволство,https://www.mediapool.bg/yotova-shte-svika-noviya-parlament-prez-sledvashtata-sedmitsa-news382556.html
Чемодан-Вокзал-Киев за националните предатели! Зеля ги чата отдавна с треперещи ръце.. :)),Негативен,0.92,гняв,https://www.mediapool.bg/yotova-shte-svika-noviya-parlament-prez-sledvashtata-sedmitsa-news382556.html
"Йотова бърза да се ситуира бързо парламента, преди да се е заклел и встъпил в длъжност Мадяр, за да има кой да блокира помощта на ЕС от 90 млрд. € за Украйна.",Негативен,0.82,недоволство,https://www.mediapool.bg/yotova-shte-svika-noviya-parlament-prez-sledvashtata-sedmitsa-news382556.html
"Кандев е избор на Радев , повтарям ти.. И то не е особена тайна.",Неутрален,0.86,увереност,https://www.mediapool.bg/yotova-shte-svika-noviya-parlament-prez-sledvashtata-sedmitsa-news382556.html
"Бъркаш се, драги. Наистина главният секретар на МВР се назначава от президента по предложение на правителството, но Героги Кандев не е назначен нито от Радев, нито от Йотова. Защото той не е титуляр - изпълняващ фунциите е. Гюров и Дечев измислиха този номер за да не би Йотова нещо да попречи. Сега може и да стане титуляр. А за Дечев защо да няма как? Демерджиев казва, че лично той самият би бил полезен в МВР, но това не било само негово решение. Това навежда на мисълта, че няма той да бъде вътрешен министър. Какво пречи тогава да бъде Дечев?",Неутрален,0.62,скептицизъм,https://www.mediapool.bg/yotova-shte-svika-noviya-parlament-prez-sledvashtata-sedmitsa-news382556.html
Не съм чул НПО да плаща данъци. Тия само взимат. Иначе с две ръце съм да се осигури държавна субсидия за еднопосочен билет на всички шарлатани за влака на Гюро София-Киев.,Негативен,0.96,гняв,https://www.mediapool.bg/yotova-shte-svika-noviya-parlament-prez-sledvashtata-sedmitsa-news382556.html
"Кандев може и да остане, доколкото той по принцип е назначение на Радев. Дечев няма как.",Неутрален,0.82,скептицизъм,https://www.mediapool.bg/yotova-shte-svika-noviya-parlament-prez-sledvashtata-sedmitsa-news382556.html
"В ""Сега"" има нещо интересно по въпроса за МВР. Иван Демерджиев, който беше служебен министър на вътрешните работи и сега се очертава като важна фигура в антуража на Радев заявил, че главният секретар Георги Кандев се справя много добре и това е тенденция, която трябва да се следва.",Позитивен,0.78,одобрение,https://www.mediapool.bg/yotova-shte-svika-noviya-parlament-prez-sledvashtata-sedmitsa-news382556.html
"Хахахаха, а ти белина ли си пил? Такава простотия не бях чел скоро... Евроджендидата ми били плащали заплатите, хахахахха",Негативен,0.96,презрение,https://www.mediapool.bg/yotova-shte-svika-noviya-parlament-prez-sledvashtata-sedmitsa-news382556.html
"Мисля, че страната ни има нужда от ГЕРБ - реално вече системна партия, и от БСП. БСП направиха решителна стъпка, и смени лидера си. Време е ГЕРБ да се отърве от мутренското си ръководство, и може би тогава ще имаме реално обединение вдясно.",Неутрален,0.72,надежда,https://www.mediapool.bg/dimitar-ganev-ima-vlivane-na-novi-izbirateli-v-pp-db-koito-kompensirat-otliva-kam-radev-news382553.html
"Защо да отчитат, когато е по-удобно да се говорят ГЛУПОСТИ от ТВ екрана? При това става дума за ОЧЕВИДНИ и ОЧЕВИДНИ неща - ПП-ДБ са увеличили електората си, не знам откъде е тази ""информация"" на Ганев, и 200 000 гласа по-малко за ГЕРБ, или отлив?",Негативен,0.92,гняв,https://www.mediapool.bg/dimitar-ganev-ima-vlivane-na-novi-izbirateli-v-pp-db-koito-kompensirat-otliva-kam-radev-news382553.html
"Колко е жалко да си шарлатанин! ""С вас сме г-н президент"" ;)",Негативен,0.92,презрение,https://www.mediapool.bg/dimitar-ganev-ima-vlivane-na-novi-izbirateli-v-pp-db-koito-kompensirat-otliva-kam-radev-news382553.html
Да има гяволи дето отишли в Англия и в САЩ а пък гласуват за Русия! Я за 48 часа всички гласували да напуснат Обединеното кралство!,Негативен,0.88,гняв,https://www.mediapool.bg/dimitar-ganev-ima-vlivane-na-novi-izbirateli-v-pp-db-koito-kompensirat-otliva-kam-radev-news382553.html
"Защото не им се връзва с мантрата за двата файтона хора, затова :-) И не 40 000, а 62 771 гласа повече.",Позитивен,0.68,задоволство,https://www.mediapool.bg/dimitar-ganev-ima-vlivane-na-novi-izbirateli-v-pp-db-koito-kompensirat-otliva-kam-radev-news382553.html
"Нека да разгледаме поотделно ПП и ДБ. ПП е креатура на Радев и те се разделиха заради Русия. ПП изоставиха Радев, защото той служи на Москва, а Радев си ""свали доверието"" от тях, защото не искаха да служат на Москва. Русия е основното, което ги раздели. ДБ обаче нямаше и няма нищо общо с Радев. Сега социологическите проучвания показват че голяма част от преди гласувалите за ПП-ДБ сега са гласували за Радев, но още по-голяма част от нови избиратели (гласували преди за други или не гласували) са избрали …Прочети целия коментар ПП-ДБ. Затова смятам, че 1. ПП-ДБ е единствената от предишните участници, която разширява влиянието си и 2. Електоралната тежест в коалицията се измества от ПП към ДБ. Във всеки случай първото е сигурно, а второто е вероятно.",Неутрален,0.78,увереност,https://www.mediapool.bg/dimitar-ganev-ima-vlivane-na-novi-izbirateli-v-pp-db-koito-kompensirat-otliva-kam-radev-news382553.html
След Петрохан привлякоха пeдoфuлския глас.,Негативен,0.82,отвращение,https://www.mediapool.bg/dimitar-ganev-ima-vlivane-na-novi-izbirateli-v-pp-db-koito-kompensirat-otliva-kam-radev-news382553.html
"Проф. Пламен Киров: Недопусимо е, че социолозите не хванаха победата с абсолютно мнозинство на Радев. Оттук нататък трудно ще им вярваме",Негативен,0.92,разочарование,https://www.mediapool.bg/dimitar-ganev-ima-vlivane-na-novi-izbirateli-v-pp-db-koito-kompensirat-otliva-kam-radev-news382553.html
"""По думите му това е столичен и млад електорат, но категорично става въпрос за нови избиратели."" Една корекция към г-н Ганев - не е само столичен и не е само млад този нов електорат.",Неутрален,0.88,спокойствие,https://www.mediapool.bg/dimitar-ganev-ima-vlivane-na-novi-izbirateli-v-pp-db-koito-kompensirat-otliva-kam-radev-news382553.html
"На практика основно боклуците от Продължаваме Пeдerasтията са основните губещи, защото те най много лаяха срещу генерал Радев и бяха готови да си разтворят бузите на Прасчо, само и само да му орежат правата като президент. 40000 при тази огромна избирателна активност са НИЩО! Но продължавайте да се утешава те, имате нужда.",Негативен,0.98,гняв,https://www.mediapool.bg/dimitar-ganev-ima-vlivane-na-novi-izbirateli-v-pp-db-koito-kompensirat-otliva-kam-radev-news382553.html
Майка ти и баща ти!,Негативен,0.82,гняв,https://www.mediapool.bg/razmestvaniya-v-listite-na-pp-db-v-sofiya-news382551.html
Който няма естествен интелект използва искуствен!,Негативен,0.82,презрение,https://www.mediapool.bg/razmestvaniya-v-listite-na-pp-db-v-sofiya-news382551.html
"Тя е дъщерята на поета Марин Бодаков, така че успех и пожелавам.",Позитивен,0.82,доброжелателност,https://www.mediapool.bg/razmestvaniya-v-listite-na-pp-db-v-sofiya-news382551.html
Има и формации с мислещи и дейни хора сред симпатизантите. Колко дълго витае идеята за подреждане на листите с предварителни избори?,Неутрален,0.82,интерес,https://www.mediapool.bg/razmestvaniya-v-listite-na-pp-db-v-sofiya-news382551.html
"Е, как може кандидатирането за народен представител да е тайно? Бюлетините са публични, лесно може да се провери че тия 22-годишни са кандидати от ПБ в София. Изкарах ги специално за един голям фен на ПБ по-долу, според когото 23 годишната мома е прекалено млада за парламента. В общи линии, ако имаш някакви въпроси, добре е да провериш дали вече не им е отговорено в дисусията...",Негативен,0.78,раздразнение,https://www.mediapool.bg/razmestvaniya-v-listite-na-pp-db-v-sofiya-news382551.html
"Аз изразявам същото разочарование и очакване. ДБ само нищо не може да направи, без ДСБ и ПП. Освен да стане нечие присъдружно деление. И да загине. Първо нивото на компететност там е по ниска от тази в ПП, на политически опит също, показват скроност за колаборация с Борисов, усещам в тях някакъв личен, индивидуалин и на от приятелски кръг (наше момче, момиче) кариеристичен тласък, а ако съм прав и притваряне на очите в по лоши зони на поведение. До тек удържаха и дано не се подадат на самозабрава. Защото само формулата ПП-ДБ е печеливша, по отделно ги няма.",Негативен,0.89,разочарование,https://www.mediapool.bg/razmestvaniya-v-listite-na-pp-db-v-sofiya-news382551.html
"И на чии листи чии представители са тези двама млади хора? Тайна? Значи те са идеални за теб, но ""момата на 23 не е"". А проверил ли си СВ- то и. Дейността и извън кръга на личнот професионална представителност, както при тези двамата. Защото тяхното СВ показва работа за собствено кариерно израстване. Вижте ме какво мога да направа и ме наемете. Или понеже нейното не е от твоите не ти харесва? Явно. Искаме обществено активни хора, а не хора които знаят само как да правят кариера. Иначе студентът …Прочети целия коментар медицина е за харесване, но така като чета момчето работи енергично и навярно събира опит, което е за пример приветстване. Та в кои листи са? Не отричам че при момата има подбутване от страна на ДА, но там май не веднъж така са работили. При ПП има търсене на компететност.",Негативен,0.72,разочарование,https://www.mediapool.bg/razmestvaniya-v-listite-na-pp-db-v-sofiya-news382551.html
И на чии листи чии представители са тези двама млади хора? Тайна?,Негативен,0.72,подозрение,https://www.mediapool.bg/razmestvaniya-v-listite-na-pp-db-v-sofiya-news382551.html
"Аз, подобно на други, бях разочарован от държанието на Божанов когато едни двама от ГЕРБ с отверки развинтваха мшините, а той мълчеше и мрънкаше. Моментът беше от изключителна важност. Положението спаси министърът. Не беше в моя район, за да гласувам за него, но и да беше нямаше да го посоча. Мартин Димитров е само един кротък човек, от онези политици с които обществото толкова свиква, че вече не може да мине без тях. Има си адепти. Затова се питам въз основа на какъв принос е предпочетен пред …Прочети целия коментар Велислав Величков, който толкова работа свърши, но заради нев../зрачни--- Марин Димитров изпадна назад. Няма народна признателност. Ал. Симетчиев, питам се освен вярност и често учасгтие на екраните какво допринесе за здравеопазването? Белобрадова си заслужава, а младите приветствам. Подкрепям ПП-ДБ заради хора като Асен Василев, който изнесе на гърба си цялата борба, показа компетентност какво като икономист, така и в други области, подкрепям заради ДСБ и политическия опит и осведоменост на Атанасов, докато Мирчев и Божинов пееха все едно и също "" моделът ББ-Пеевски"" и нищо конструктивно от тях не чух. Не съм забравил, че те бяха в основата на вътрешната цепнатина в ПП-ДБ и по думите на Борисов клоняха към колаборация с него.",Негативен,0.86,разочарование,https://www.mediapool.bg/razmestvaniya-v-listite-na-pp-db-v-sofiya-news382551.html
Стен вестника на ПП и занимава с вътрешно партийните си глупости! В това време Путин се настанява в Бг! Да ви е честито!,Негативен,0.94,гняв,https://www.mediapool.bg/razmestvaniya-v-listite-na-pp-db-v-sofiya-news382551.html
"Путин, ако идва, това е защото през 2016 неговият прислужник Бочко издигна неизбираемата карикатура Цецка срещу номинацията на Решетников. Толкова ви е акълЪТ на ГЕ₽Б зомбитата. А на теб отново ти припомням да си смениш потребителското име, за да не петниш паметта на героя!",Негативен,0.97,гняв,https://www.mediapool.bg/koi-partii-zagubiha-nai-mnogo-glasove-na-izborite-news382548.html
"Зомбита на ПП, кво се радват че за 8 път са пак трето ама се доближили до ГЕРБ! Това че Путин идва не ги вълнува! Толкова ви е акъла.",Негативен,0.95,гняв,https://www.mediapool.bg/koi-partii-zagubiha-nai-mnogo-glasove-na-izborite-news382548.html
"Интересно е да гледам как джендерастите тук някак плахо се опитват да вкарат една нотка на надежда в безполовото им и тъжно бъдеще. Ма той Радев можело и да не спре помощта за Украйна, ма тя ППДЪИБе била печеливша партия, щото разбираш ли имала 50-60 хиляди купени джендърчета в повече... Жалка история. Ама квичахте до небесата като загуби Орбан...",Негативен,0.96,презрение,https://www.mediapool.bg/koi-partii-zagubiha-nai-mnogo-glasove-na-izborite-news382548.html
ГЕРБ губят най-много гласове. Явно повече гербери са преминали на страната на бащицата им Радев!,Негативен,0.78,сарказъм,https://www.mediapool.bg/koi-partii-zagubiha-nai-mnogo-glasove-na-izborite-news382548.html
"След сглобката ПП-ДБ загубиха половината от гласовете си. След коалицията с ГЕРБ в правителствово на Сламен Желязков БСП и ИТН изпаднаха от парламента. Изводът е, че ГЕРБ са токсична партия и всяко докосване до тях носи само негативи! Единствените увеличили гласовете си са именно ПП-ДБ, защото явно се обявиха против модела Борисов - Пеевски.",Негативен,0.87,гняв,https://www.mediapool.bg/koi-partii-zagubiha-nai-mnogo-glasove-na-izborite-news382548.html
"Днес имаше погребение, сред малкото опечалени имаше един двуметров полужив учиндолски селяк подпиран от къдрав лилипут с тениска ""търся семенна течност"" и т.н.",Негативен,0.92,презрение,https://www.mediapool.bg/koi-partii-zagubiha-nai-mnogo-glasove-na-izborite-news382548.html
Поузрелите круши се върнаха на дървото :-),Позитивен,0.82,радост,https://www.mediapool.bg/koi-partii-zagubiha-nai-mnogo-glasove-na-izborite-news382548.html
"ПП-ДБ бележи ръст в гласовете въпреки че знаителна част от гласувалите за тях на предишните избори сега са избрали радев. Това е много добър знак за тях, аз само бих им препоръчал ударението да се премести от ПП към ДБ.",Позитивен,0.86,оптимизъм,https://www.mediapool.bg/koi-partii-zagubiha-nai-mnogo-glasove-na-izborite-news382548.html
"Интересен прочит на резултатите, но някак си не ми е радостно, защото на хоризонта се задава нов модел - този на Радев",Негативен,0.78,разочарование,https://www.mediapool.bg/koi-partii-zagubiha-nai-mnogo-glasove-na-izborite-news382548.html
"Както се е засилил сега, да не вземе да ликвидира и България.",Негативен,0.92,тревога,https://www.mediapool.bg/koi-partii-zagubiha-nai-mnogo-glasove-na-izborite-news382548.html
"В сравнение със сухаря Мунчо,Бате си е все още пич,така че нека си въздишат.Пречат ли ти?",Позитивен,0.62,одобрение,https://www.mediapool.bg/nai-predpochitanite-kandidat-deputati-kade-sa-liderite-news382547.html
Е само до 30 000 ли нагласихте алабалата с машините за Рундьо?Това е срамно малко бе.Изложихте се.,Негативен,0.95,гняв,https://www.mediapool.bg/nai-predpochitanite-kandidat-deputati-kade-sa-liderite-news382547.html
"Ей Богу! Така е! Но за сметка на това успешно пласираха Мадридския крадец, Тиквата и Льотчика.",Негативен,0.92,гняв,https://www.mediapool.bg/nai-predpochitanite-kandidat-deputati-kade-sa-liderite-news382547.html
Свинята пеефска е най-големият провал на ДС!,Негативен,0.98,гняв,https://www.mediapool.bg/nai-predpochitanite-kandidat-deputati-kade-sa-liderite-news382547.html
Седем хиляди дебели лели още въздишат по кожения шлифер на Бойчето.,Негативен,0.78,насмешка,https://www.mediapool.bg/nai-predpochitanite-kandidat-deputati-kade-sa-liderite-news382547.html
"Хе хе, Свинята любимец на ромите, ама докато раздава парици.. :)) Сега е време някой да го утепа.",Негативен,0.98,омраза,https://www.mediapool.bg/nema-pari-i-ne-glasuvat-peevski-veche-ne-e-lyubimets-na-romite-v-blagoevgrad-news382546.html
"Не мога да разбера - чета заглавието и оставам с впечатление, че хората не са гласували, защото не им е било платено! После чета надолу - ами гласували са ама за друг както е в цялата държава. И се питам сега хем не са им платили, хем са гласували, хем ""нема пари и не гласуват"" и как по-точно се вписва заглавието с информацията под него... Май четене с разбиране не ни е силната страна! То трябва малко мозък и за пропаганда не да препишеш данните от ЦИК и да плеснеш едно ""скандално"" заглавие...",Негативен,0.93,раздразнение,https://www.mediapool.bg/nema-pari-i-ne-glasuvat-peevski-veche-ne-e-lyubimets-na-romite-v-blagoevgrad-news382546.html
Ама затова пък ПП пак е пред ДПС - Радост! А това че Путин идва за 4 години не ги вълнува много!,Негативен,0.78,разочарование,https://www.mediapool.bg/prokuraturata-e-prekratila-nad-23-ot-prepiskite-za-kupuvane-na-glasove-news382544.html
Язък дето бихте циганите пак трето място за 8 път! Деца на зеления чорап!,Негативен,0.93,презрение,https://www.mediapool.bg/prokuraturata-e-prekratila-nad-23-ot-prepiskite-za-kupuvane-na-glasove-news382544.html
"Направили са си делко със спонсорите!Има и смекчаващи вината обстоятелства-доста от тях са взели изпитите си без да се явяват....Като аферата в ЮЗУ където съдят професора открил,че не той се е подписвал за взети изпити и сега му отмъщават ,че е разкрил далаверата с измислени юристи.Би трябвало дипломите им да се обявят за невалидни,но тогава трябва да уволнят фалшивите прокурори с такива дипломи,да паднат постановления и обвинения и т.м.Перфектна измама!",Негативен,0.96,възмущение,https://www.mediapool.bg/prokuraturata-e-prekratila-nad-23-ot-prepiskite-za-kupuvane-na-glasove-news382544.html
Всички прекратени вероятно са на свинско с тиква.,Неутрален,0.62,неутралност,https://www.mediapool.bg/prokuraturata-e-prekratila-nad-23-ot-prepiskite-za-kupuvane-na-glasove-news382544.html
и това не помогна на cвuнята ;-),Негативен,0.78,сарказъм,https://www.mediapool.bg/prokuraturata-e-prekratila-nad-23-ot-prepiskite-za-kupuvane-na-glasove-news382544.html
"Cartoon, каква е връзката, между прокуратура и земетресение?Неизпити навреме хапчета...?",Негативен,0.78,подигравка,https://www.mediapool.bg/prokuraturata-e-prekratila-nad-23-ot-prepiskite-za-kupuvane-na-glasove-news382544.html
как няма ги прекрати кат са били шарлатански пиар,Негативен,0.86,възмущение,https://www.mediapool.bg/prokuraturata-e-prekratila-nad-23-ot-prepiskite-za-kupuvane-na-glasove-news382544.html
Сарафов - почетен и пожизнен прокурор! ;),Негативен,0.62,ирония,https://www.mediapool.bg/prokuraturata-e-prekratila-nad-23-ot-prepiskite-za-kupuvane-na-glasove-news382544.html
"В такъв голям медиен сайт да се бърка ""и"" с ""й"" е срамота. Грамотността ви върви към циганско ниво.",Негативен,0.96,гняв,https://www.mediapool.bg/prokuraturata-e-prekratila-nad-23-ot-prepiskite-za-kupuvane-na-glasove-news382544.html
"???? ОБНОВЕНА: Трусът в Япония е бил с магнитуд 7.7 по Рихтер, властите предупреждават за: 'mega-quake' (мега-земетресение) и евакуират 170 000 души! ???????????? (Обновена: Понеделник, 20 април 2026 г. ???? 18:00 ч.) Ситуацията в Япония се развива изключително динамично. Японската метеорологична агенция официално повиши магнитуда на днешното земетресение от 7.5 на 7.7 по скалата на Рихтер. Заповеди за евакуация бяха издадени за над 170 000 души, а премиерът призова гражданите да носят със себе …Прочети целия коментар си запаси от първа необходимост през следващата седмица заради риск от още по-опустошителен трус. Ето най-новото и важно развитие на ситуацията до момента: ???? МАГНИТУД 7.7 И ВТОРИЧНИ ТРУСОВЕ: Първоначалните данни за магнитуд 7.4 и 7.5 бяха категорично коригирани нагоре. Вече са регистрирани поне два силни вторични труса (афтършока) с магнитуд около 5.6 край бреговете на префектура Ивате. ⚠️ ОПАСНОСТ ОТ ""МЕГА-ТРУС"": Японският премиер Санае Такаичи отправи безпрецедентен призив: ""За около една седмица, като специална предпазна мярка... моля, поддържайте готовност за незабавна евакуация и носете аварийни запаси по всяко време."" Властите се опасяват от отключването на т.нар. мега-земетресение. ????‍♂️ НАД 170 000 ЕВАКУИРАНИ И ПЪРВИ ПОСТРАДАЛ: Властите наредиха масова евакуация в префектурите Хокайдо, Аомори, Ивате, Мияги и Фукушима. До момента няма данни за мащабни разрушения. Регистриран е само един леко пострадал – мъж на над 60 години, който е паднал по стълбите в дома си в Хачинохе. ???? ЦУНАМИ – ОПАСНОСТТА ОСТАВА: Предупрежденията за 3-метрови вълни бяха леко понижени (до момента няма вълна над 1 метър). Въпреки това, експертите са категорични, че няма място за успокоение. Д-р Йоанис Кармпадакис от Imperial College London обяснява: ""Цунамито няма нужда да е високо като кула, за да причини щети. Истинската опасност са бързо движещите се водни маси и мощните течения, които разбиват лодки и нахлуват дълбоко в пристанища и реки."" ☢️ ЯДРЕНИТЕ ЦЕНТРАЛИ СА НЕЗАСЕГНАТИ: Международната агенция за атомна енергия (МААЕ) и местният регулатор официално потвърдиха, че няма абсолютно никакви аномалии и течове в японските ядрени съоръжения, включително и във Фукушима. ???????? БРИТАНСКИ МИНИСТЪР В ТОКИО: Британският външен министър Ивет Купър се намира в Токио за стратегически преговори. Нейната визита не е засегната от труса и програмата ѝ продължава. ➖ ➖ ➖ ???? КОНТЕКСТ: СУПЕР-СИСТЕМАТА ""S-NET"" Япония разполага с една от най-модерните системи за ранно предупреждение в света. Миналия юни страната завърши своята подводна мрежа ""s-net"" – 150 сеизмометъра и сензори за налягане, свързани с 5500 км кабели по дъното на океана, които дават на хората безценни секунди за реакция преди удара. ???? Пълната информация и развитието на ситуацията четете в нашия сайт. Линкът е в първия коментар. ???? ➖ ➖ ➖ ⚖️ РЕДАКЦИОННА БЕЛЕЖКА: ???? Данни: Официална информация от Японската метеорологична агенция (JMA), МААЕ и международния обмен. ???? Изображения: Тематично-илюстративен авторски генериран колаж. © Novini London #NoviniLondon #Япония #Земетресение #Цунами #МегаТрус #Извънредно #Светът #Новини",Негативен,0.94,тревога,https://www.mediapool.bg/prokuraturata-e-prekratila-nad-23-ot-prepiskite-za-kupuvane-na-glasove-news382544.html
"Аз също смятам, че членството на България в ЕС не е под въпрос. Радев е нужен на Путин вътре в ЕС - да го провокира, дестабилизира и да играе ролята на троянски кон.",Негативен,0.86,тревога,https://www.mediapool.bg/radev-nyama-da-e-nov-orban-pone-navan-spored-evropeiskiya-savet-za-vanshna-politika-news382542.html
Дали? Нали за това го лансираха,Негативен,0.62,скептицизъм,https://www.mediapool.bg/radev-nyama-da-e-nov-orban-pone-navan-spored-evropeiskiya-savet-za-vanshna-politika-news382542.html
"Вероятно сте прав, че е гъзка. Аз я нарекох кокошка малко прибързано, признавам си.",Негативен,0.78,разкаяние,https://www.mediapool.bg/radev-nyama-da-e-nov-orban-pone-navan-spored-evropeiskiya-savet-za-vanshna-politika-news382542.html
"Тая гъска Чернева трябва да е в затвора след като се разбра какви ги е вършила с македонистите. Защо за тая гъска няма ли закони ,това ли е европейското :/",Негативен,0.98,гняв,https://www.mediapool.bg/radev-nyama-da-e-nov-orban-pone-navan-spored-evropeiskiya-savet-za-vanshna-politika-news382542.html
"Искрено се надявам Радев да направи повече от онези неща, които във вашия либерален файтон наричате ""бели""!",Негативен,0.78,презрение,https://www.mediapool.bg/radev-nyama-da-e-nov-orban-pone-navan-spored-evropeiskiya-savet-za-vanshna-politika-news382542.html
"Коя беше тази кoкoшкa Веселка Черньова, и защо си въобразява, че има правото да говори от името на ""обществото""?",Негативен,0.95,гняв,https://www.mediapool.bg/radev-nyama-da-e-nov-orban-pone-navan-spored-evropeiskiya-savet-za-vanshna-politika-news382542.html
"Споко ! Румен Орбан само се базика с петата колона. Иначе е заклет демократ, натовец и европеец ...",Негативен,0.74,ирония,https://www.mediapool.bg/radev-nyama-da-e-nov-orban-pone-navan-spored-evropeiskiya-savet-za-vanshna-politika-news382542.html
"По принцип Радев винаги така го е играл. По-краен вкъщи и по-умерен навън. Но въпросът е и какво прави, а не само казва. А сега много бели може да направи под най-благовидни претексти.",Негативен,0.82,тревога,https://www.mediapool.bg/radev-nyama-da-e-nov-orban-pone-navan-spored-evropeiskiya-savet-za-vanshna-politika-news382542.html
Къде е това БРЮМ бе? Няма го на картата? Да не е БРЪМ покрай бръмбарите в главата ти? А в глава 1-на от НК не пише ли нещо за подписващите договори като тоя с Боташ?,Негативен,0.88,гняв,https://www.mediapool.bg/radev-nyama-da-e-nov-orban-pone-navan-spored-evropeiskiya-savet-za-vanshna-politika-news382542.html
"Естествено, че няма да е тази мишка.",Негативен,0.62,раздразнение,https://www.mediapool.bg/radev-nyama-da-e-nov-orban-pone-navan-spored-evropeiskiya-savet-za-vanshna-politika-news382542.html
Превъзходен/трезв поглед върху действителността. Но народът не бива да се обезверява. Нито крачка назад! ............................................................................................................................. Туй беше отговор на мнение номер 1.,Позитивен,0.86,решителност,https://www.mediapool.bg/sindikatite-ochakvat-galab-donev-da-oglavi-narodnoto-sabranie-news382540.html
"От кога го чакаме ! Любимецът на цяла България, Гълъб Донев ! Най-накрая, един по-велик и от великият Бойко !!! ""Оправяч"" на държавните дела ! Край на проблемите!",Негативен,0.78,сарказъм,https://www.mediapool.bg/sindikatite-ochakvat-galab-donev-da-oglavi-narodnoto-sabranie-news382540.html
"Кога възнамерява Радев да въведе отново ""изходни визи"" за пътуване на Запад?",Негативен,0.72,недоволство,https://www.mediapool.bg/sindikatite-ochakvat-galab-donev-da-oglavi-narodnoto-sabranie-news382540.html
"Хората толкова много искаха да се отърват от двете прасета, че дадоха властта на хора подписали ""Боташ"", най-унизителния договор в новата БГ история. Хзйде да видим сега ще вкарват ли газ от там, като досега все нещо пречеше... Хората гласували за Радев да следят този въпрос защото някой накрая ще плати сметката. Тъжна история и жалко за България :(",Негативен,0.96,разочарование,https://www.mediapool.bg/sindikatite-ochakvat-galab-donev-da-oglavi-narodnoto-sabranie-news382540.html
Колко ли партенки се набутаха в парламента,Негативен,0.86,разочарование,https://www.mediapool.bg/sindikatite-ochakvat-galab-donev-da-oglavi-narodnoto-sabranie-news382540.html
"Избирателите овластиха Радев, без да знаят кой знае колко за хората в листите му. Но сега предстои да ги гледат и да им сърбат попарата. За мен ""Гълъб Донев"" е синоним на ""договорът с Боташ"" по който доколкото разбирам България досега не е плащала задълженията си. Ами ако си ги изискат или ни осъдят да платим?",Негативен,0.9,тревога,https://www.mediapool.bg/sindikatite-ochakvat-galab-donev-da-oglavi-narodnoto-sabranie-news382540.html
Напълниха парламента с фелтфебели! :(,Негативен,0.95,разочарование,https://www.mediapool.bg/sindikatite-ochakvat-galab-donev-da-oglavi-narodnoto-sabranie-news382540.html
Доживяхме дърт политофицер да оглави НС.,Негативен,0.95,презрение,https://www.mediapool.bg/sindikatite-ochakvat-galab-donev-da-oglavi-narodnoto-sabranie-news382540.html
"Не си ли разбрал още? Комунистическата! Така става, когато гризачите са много, а сиринцето е едно.",Негативен,0.88,презрение,https://www.mediapool.bg/sindikatite-ochakvat-galab-donev-da-oglavi-narodnoto-sabranie-news382540.html
След победата на Радев доматите веднага паднаха до 8:50Ев.,Неутрален,0.65,спокойствие,https://www.mediapool.bg/pri-100-obraboteni-protokoli-radev-s-palno-mnozinstvo-gerb-izprevari-pp-db-news382524.html
"Всички под 4-те %, без Дивана, са се уредили със субсидийка и ще папкат бял хляб с кюфте през цялата година.",Негативен,0.82,ирония,https://www.mediapool.bg/pri-100-obraboteni-protokoli-radev-s-palno-mnozinstvo-gerb-izprevari-pp-db-news382524.html
"Намекваш, че тези фондове служат да купуват подчинение у местните крадци?",Негативен,0.82,подозрение,https://www.mediapool.bg/pri-100-obraboteni-protokoli-radev-s-palno-mnozinstvo-gerb-izprevari-pp-db-news382524.html
"А петроханци в потрес! Така ви искам.. В ъгъла, скимтейки, без от вас нищо да зависи.",Негативен,0.96,презрение,https://www.mediapool.bg/pri-100-obraboteni-protokoli-radev-s-palno-mnozinstvo-gerb-izprevari-pp-db-news382524.html
"Ха-ха, опит имали.. Като имат що ония 90 млрд не са при 404?!Що не конфискуваха руските активи, ммм?! Имат те , празните манерки на Каите и Урсулите .",Негативен,0.92,презрение,https://www.mediapool.bg/pri-100-obraboteni-protokoli-radev-s-palno-mnozinstvo-gerb-izprevari-pp-db-news382524.html
"Тук няма благодарности, само кучетата са благодарни на господарите си. Тук има демонтаж , и ще го усетите ., за всяко нещо си има време",Негативен,0.92,гняв,https://www.mediapool.bg/pri-100-obraboteni-protokoli-radev-s-palno-mnozinstvo-gerb-izprevari-pp-db-news382524.html
"Вярно е, че имат важни задачи, даже зная едната - Радев да се отблагодари на Борисов, че го направи президент, като му даде за опонент неизбираемата Цецка Цачева.",Негативен,0.78,сарказъм,https://www.mediapool.bg/pri-100-obraboteni-protokoli-radev-s-palno-mnozinstvo-gerb-izprevari-pp-db-news382524.html
"Боклучаци, това нищо не става от това",Негативен,0.98,гняв,https://www.mediapool.bg/pri-100-obraboteni-protokoli-radev-s-palno-mnozinstvo-gerb-izprevari-pp-db-news382524.html
Помиарско антибългарско племе. Няма какво човек да си трови нервите с тия утайки. Българите сега имат пълно мнозинство в парламента и имат важни задачи. С тая античовешка измет човек повече не трябва да си губи времето,Негативен,0.99,гняв,https://www.mediapool.bg/pri-100-obraboteni-protokoli-radev-s-palno-mnozinstvo-gerb-izprevari-pp-db-news382524.html
"Драги ПП зомбита, умственият ви багаж е доста ограничен, така че не осъзнавате огромната загуба. Още се занимавате с Борисов и Пеевски а Радев - Путин вече ви стъпва на врата! Честито!",Негативен,0.97,гняв,https://www.mediapool.bg/radev-pecheli-nad-222-000-glasa-v-sofiya-borisov-e-golemiyat-gubesht-news382535.html
"Борисов верно губи няколко милиарда ама бълха го ухапала, с Гуци завлякоха доста повече предишните години. Обаче го е яд на МВР, той им вдигна заплатите а тия неблагодарници не го оставиха да пазарува предизборно!",Негативен,0.92,възмущение,https://www.mediapool.bg/radev-pecheli-nad-222-000-glasa-v-sofiya-borisov-e-golemiyat-gubesht-news382535.html
Явно във всички МИР-ове в София избирателите са направили мъдър избор. Да ги поздравим! Честито!,Позитивен,0.96,радост,https://www.mediapool.bg/radev-pecheli-nad-222-000-glasa-v-sofiya-borisov-e-golemiyat-gubesht-news382535.html
"Ха, ха, ха! Да кажем нещо!",Позитивен,0.78,веселие,https://www.mediapool.bg/radev-pecheli-nad-222-000-glasa-v-sofiya-borisov-e-golemiyat-gubesht-news382535.html
"боко ""спечели"" само това, че сега пээфски шси го извади от зagника му, за да се погрижи за своя . . . такъв (((((-:",Негативен,0.92,презрение,https://www.mediapool.bg/radev-pecheli-nad-222-000-glasa-v-sofiya-borisov-e-golemiyat-gubesht-news382535.html
..И то при цялото плюене по ПП-ДБ от почти всички останали!,Негативен,0.82,възмущение,https://www.mediapool.bg/radev-pecheli-nad-222-000-glasa-v-sofiya-borisov-e-golemiyat-gubesht-news382535.html
"Янкулов е прав .Ако в първите дни на НС се направи промяна в закона,визиращ временно изпълняващи, че 6 м. срок важи и за заварените на тези длъжности ,въпроса със САРАФОВ е решен.Може да се допълни и ,че нарушителите на този закон носят наказателна отговорност.",Неутрален,0.72,увереност,https://www.mediapool.bg/andrei-yankulov-prizova-za-barzi-promeni-v-prokuraturata-news382532.html
"Е колкото и да са бързи промените, ти, Андрейчо, ще ги гледаш по телевизията.",Негативен,0.82,презрение,https://www.mediapool.bg/andrei-yankulov-prizova-za-barzi-promeni-v-prokuraturata-news382532.html
"Охо,медията вече реже коментари!Започна се със сакатлъка.",Негативен,0.92,раздразнение,https://www.mediapool.bg/andrei-yankulov-prizova-za-barzi-promeni-v-prokuraturata-news382532.html
"Какво ще правят Янкулов, майка му и Вси светии, ако този ""Квазимодо"" не седне на мястото на идиоте Сарафов!? Въпрос за милиони?!",Негативен,0.88,гняв,https://www.mediapool.bg/andrei-yankulov-prizova-za-barzi-promeni-v-prokuraturata-news382532.html
"Е защо така? На бас, че не го познаваш! Просто безнаказано и страхливо плюеш зад анинимността на ник-а. Жалка работа…",Негативен,0.96,гняв,https://www.mediapool.bg/andrei-yankulov-prizova-za-barzi-promeni-v-prokuraturata-news382532.html
Една гащА ПЛЯВА ДА Ги ибеш на нашта магари. Анадънму?,Негативен,0.92,гняв,https://www.mediapool.bg/andrei-yankulov-prizova-za-barzi-promeni-v-prokuraturata-news382532.html
"Наивен, смешен, некадърен шарлатанин е този на снимката! ;)",Негативен,0.95,презрение,https://www.mediapool.bg/andrei-yankulov-prizova-za-barzi-promeni-v-prokuraturata-news382532.html
"Това май го е написал в ""програмата"" си. Но нищо не мъцва за безкрайните правомощия на главния прокурор като институция. Аз това го разбирам като да иска да си сложи собствен Сараф.",Негативен,0.88,недоверие,https://www.mediapool.bg/andrei-yankulov-prizova-za-barzi-promeni-v-prokuraturata-news382532.html
"И към Пекин - че там икономиката супер успешна, рече клепоухия руZки шуряк.",Негативен,0.82,презрение,https://www.mediapool.bg/radev-tova-e-samo-parvata-stapka-news382531.html
"Когато двама човека мислят еднакво, единият не мисли. В случая електоратът не мисли. Моисей с Шкодата ще оправи нещата! Та той е президент! :D:D:D:D:D",Негативен,0.86,сарказъм,https://www.mediapool.bg/radev-tova-e-samo-parvata-stapka-news382531.html
Първата стъпка към новия мафиотски модел и към МАсква.,Негативен,0.88,тревога,https://www.mediapool.bg/radev-tova-e-samo-parvata-stapka-news382531.html
"Така де, а боташа ще бори монополите!",Негативен,0.72,недоверие,https://www.mediapool.bg/radev-tova-e-samo-parvata-stapka-news382531.html
"Не драги, цензурата е ваш монопол.",Негативен,0.86,възмущение,https://www.mediapool.bg/radev-tova-e-samo-parvata-stapka-news382531.html
"Както е написал Пушкин за ""освободените"" от руските поробители народи, сред които за проклетия е и нашия: и наследяват те от род във рода, хомот с дрънкулките и бича.",Негативен,0.95,гняв,https://www.mediapool.bg/radev-tova-e-samo-parvata-stapka-news382531.html
"Да, след първата стъпка следва втората и третата към Кремъл.",Неутрален,0.72,очакване,https://www.mediapool.bg/radev-tova-e-samo-parvata-stapka-news382531.html
"Ако “дълбокият“ план е в дългосрочна перспектива България да бъде извадена от ЕС, това ще проличи с първите решения на новото правителство. Ако започнат - за да изпълнят предизборните си обещания - масирани бюджетни преразпределения и държавна регулация на цените, увеличени социални харчове, увеличения на пенсиите и енергийните субсидии, това неминуемо ще доведе до конфликти с европейските институции. Такава политика ще бъде поддържана до момента, когато прогерсивните елементи ще решат, че повече така не може да продължава и трябва да се махаме от този съюз, който само пречи на правителството да управлява справедливо.",Негативен,0.82,тревога,https://www.mediapool.bg/radev-tova-e-samo-parvata-stapka-news382531.html
Тръпна в очакване да прочета дълбокомисления анализ на изборите от титана на мисълта Христо Гроздев.,Негативен,0.82,ирония,https://www.mediapool.bg/dezinformatsionna-kampaniya-sreshtu-mashinite-i-kiberataka-news382529.html
"Пич, ти сигурно се шегуваш? Освен ако не тръгнат да избират главен прокурор от списъка отзад напред.",Негативен,0.82,ирония,https://www.mediapool.bg/dezinformatsionna-kampaniya-sreshtu-mashinite-i-kiberataka-news382529.html
"Блиц и ПИК бяха пълни със заглавия като ""Пълен провал на машините"" ,""Един гласува 3 пъти на машина"" и т.н. Такива от лъжата живеят.",Негативен,0.92,гняв,https://www.mediapool.bg/dezinformatsionna-kampaniya-sreshtu-mashinite-i-kiberataka-news382529.html
"Емил Дечев, доказано работи. Сега за да си довърши започнатото - главен прокурор.",Позитивен,0.86,одобрение,https://www.mediapool.bg/dezinformatsionna-kampaniya-sreshtu-mashinite-i-kiberataka-news382529.html
"Кибер атака, де никой не разбрал за нея. Толкоз бързо станало сичко, че даже тоя, де я неутрализирал, не разбрал хахахаха.",Позитивен,0.72,забавление,https://www.mediapool.bg/dezinformatsionna-kampaniya-sreshtu-mashinite-i-kiberataka-news382529.html
Лоши машини. Губят избори. Мадуровки. Затуй го прибра Тръмп.,Негативен,0.86,презрение,https://www.mediapool.bg/dezinformatsionna-kampaniya-sreshtu-mashinite-i-kiberataka-news382529.html
"Балансирането на Гадев се нарича ""от два стола на земята"".",Негативен,0.82,разочарование,https://www.mediapool.bg/frans-pres-po-evropeiskite-vaprosi-radev-balansira-varhu-opanato-vazhe-news382528.html
"Ако не се научим да се пазим от руските човекоядци, никакви богове няма да ни опазят.",Негативен,0.95,страх,https://www.mediapool.bg/frans-pres-po-evropeiskite-vaprosi-radev-balansira-varhu-opanato-vazhe-news382528.html
"Той прави коремни преси без корем, бе. И лицеви опори без ръце докато кара самолета :-)",Позитивен,0.86,забавление,https://www.mediapool.bg/frans-pres-po-evropeiskite-vaprosi-radev-balansira-varhu-opanato-vazhe-news382528.html
Щото пък Макрон цепи с 200.,Негативен,0.65,ирония,https://www.mediapool.bg/frans-pres-po-evropeiskite-vaprosi-radev-balansira-varhu-opanato-vazhe-news382528.html
"Радев има жълто паве с неговото име готово да полети в секундата, в която се помисли за големия геополитик. България е Европа и Европа е България. Тия малоумни чугунени идеи за братска рашия да си ги пази за самотните нощи.",Негативен,0.92,гняв,https://www.mediapool.bg/frans-pres-po-evropeiskite-vaprosi-radev-balansira-varhu-opanato-vazhe-news382528.html
Бог да пази България!,Позитивен,0.9,надежда,https://www.mediapool.bg/frans-pres-po-evropeiskite-vaprosi-radev-balansira-varhu-opanato-vazhe-news382528.html
Сламеният служебен премиер - мафия! Провежда честни избори! ;),Негативен,0.86,гняв,https://www.mediapool.bg/skandiraniya-mafiya-pred-sektsiya-v-london-news382525.html
Приличат на римляни.,Неутрален,0.95,неутралност,https://www.mediapool.bg/skandiraniya-mafiya-pred-sektsiya-v-london-news382525.html
"Майко, колко сте неграмотни! А вече работите на компютър! Ако светът чакаше на такива като вас, компютъра щеше да бъде открит и изработен след 10 века!",Негативен,0.98,презрение,https://www.mediapool.bg/skandiraniya-mafiya-pred-sektsiya-v-london-news382525.html
"Имаше ли гласували в Лондон за партии, които приеха дискриминационния закон, с който ги лишиха от право на глас и ги принудиха да висят цял ден! Или може би накои от тях пуснаха гласа си за болшевика Радев?",Негативен,0.88,гняв,https://www.mediapool.bg/skandiraniya-mafiya-pred-sektsiya-v-london-news382525.html
"Мда, жалко, те тия, които ги показаха в репортажа ми изглеждаха супер прогресивни типове.",Негативен,0.78,разочарование,https://www.mediapool.bg/skandiraniya-mafiya-pred-sektsiya-v-london-news382525.html
"явно българските ""англичани"" не схващат, че целта е не на тях да им ограничат вота, а да намалят платения глас на българските турци в Турция. В резултат на намаляването на броя на избирателните секции в чужбина, в тази изборна кампания беше орязан на 50% турския вот и намалена наполовина тежестта на ДПС в бългрската политика. Като гражданин живеещ в БГ, предпочитам да имам по-малко Пеевски в страната си, отколкото повече гласували българи в Лондон - I'll take that any day now!",Позитивен,0.62,удовлетворение,https://www.mediapool.bg/skandiraniya-mafiya-pred-sektsiya-v-london-news382525.html
";-) със спечелените 0,7% на изборите тошко е вече . . . 'агент 0,07' ;-) . . . А данчуМентата е само две нули - демек: keнeф (тип - турско клекало)",Негативен,0.93,презрение,https://www.mediapool.bg/yordan-tsonev-i-stefka-kostadinova-ostavat-izvan-parlamenta-news382552.html
Последно Цонев предложи намаление на данъците на хазарта!,Неутрален,0.62,изненада,https://www.mediapool.bg/yordan-tsonev-i-stefka-kostadinova-ostavat-izvan-parlamenta-news382552.html
"Една хубава новина. Две продажни, корумпирани и неморални същества няма да ги гледаме всеки ден. Ментата трябва да го разследват за крупни кражби, но не съм никак оптимист.",Негативен,0.86,гняв,https://www.mediapool.bg/yordan-tsonev-i-stefka-kostadinova-ostavat-izvan-parlamenta-news382552.html
"За мен това е най радостната вест от изборите. Данчо Ментата щеше да се пенсионира в НС, а за тая злобарка Костадинова, е малко това , че не стана депутат от ДПС!",Позитивен,0.82,злорадство,https://www.mediapool.bg/yordan-tsonev-i-stefka-kostadinova-ostavat-izvan-parlamenta-news382552.html
"Всеки път, в коя да е медия прочета тази новина и новината, че Тошко семето са извън парламента, си сипвам едно малко!",Позитивен,0.82,радост,https://www.mediapool.bg/yordan-tsonev-i-stefka-kostadinova-ostavat-izvan-parlamenta-news382552.html
"Е, как къде - в Барселона. Дето си няма ни хасиенда, ни джуконда, сиромах-безсребърник. Ще изчака площада да напъди рундю каZачок-БОТАША и да се върне на бял кон като премиерин. Или барем като прЭзидентин. Зер от него няма по-зъслужил към маЦква - КТБ, Банкянски паток, Белене, Бс-Александруполис, лодките, шезлонгите, кученцата...",Негативен,0.92,презрение,https://www.mediapool.bg/yordan-tsonev-i-stefka-kostadinova-ostavat-izvan-parlamenta-news382552.html
"леле какъв кеф! данчо ментата и тази кобила, която се снима със свинята. хахаха!",Негативен,0.78,присмех,https://www.mediapool.bg/yordan-tsonev-i-stefka-kostadinova-ostavat-izvan-parlamenta-news382552.html
Този селски тарикат този път е объркал сметките.,Негативен,0.92,презрение,https://www.mediapool.bg/yordan-tsonev-i-stefka-kostadinova-ostavat-izvan-parlamenta-news382552.html
Мишока отече в канала. Данчо вече няма да те притесняват в парламента разните младежи. Обаче как ще ходиш по улиците незнам.,Негативен,0.88,злорадство,https://www.mediapool.bg/yordan-tsonev-i-stefka-kostadinova-ostavat-izvan-parlamenta-news382552.html
"Променят се хората с времето. Ей на, погледнете писателя от герб, забравих му името. Бе дет' си смени прическата и все се тика към трибуната. Някои други се усетиха и се възгещисват в последно време. Безнадеждните случаи са залепени за бх. Очакват да наследят тайфата, пък и в родните им места никой не ги бръсне.",Негативен,0.86,презрение,https://www.mediapool.bg/yordan-tsonev-i-stefka-kostadinova-ostavat-izvan-parlamenta-news382552.html
"Е, имееть си хась! Ка щяло да не близък с Русия, когато именно Русия (чрез ген. Леонид Решетников) го вкара политичеслкия оборот през 2016-та?!",Негативен,0.86,възмущение,https://www.mediapool.bg/radev-e-po-blizo-do-rusiya-ot-vseki-drug-skoroshen-balgarski-premier-news382523.html
"Не разбрахте ли, че Ганчо балкански люби Расия и никой не може да му забрани! Нашенецът не можел да живее в Германия, защото имало ред и правила, които се спазват от всички! Той обича хаоса, безпорядъка, счупените плочки и калта по обувките! Ганьовеца си обича комунизма, привидното равенство и силно мрази съседа, който е направил пари по сравнително честен начин! Така е било и така ще бъде!",Негативен,0.96,гняв,https://www.mediapool.bg/radev-e-po-blizo-do-rusiya-ot-vseki-drug-skoroshen-balgarski-premier-news382523.html
ппдп е основно шопска партия.,Неутрален,0.78,неутралност,https://www.mediapool.bg/radev-e-po-blizo-do-rusiya-ot-vseki-drug-skoroshen-balgarski-premier-news382523.html
"бх връвеше по руската гайда изцяло, ма сега г-н Радев ша ожъне лаврите. Не е справедливо.",Негативен,0.86,разочарование,https://www.mediapool.bg/radev-e-po-blizo-do-rusiya-ot-vseki-drug-skoroshen-balgarski-premier-news382523.html
"Мда... Демокрацията е проблем, когато народът е mъn. Служебното правителство, като никога, си свърши работата и даде възможност на избирателите да си кажат думата. И те лъснаха в цялата си необозрима глynocm. Сега: вся власт съветов. И гисподинът, който ни набута pekmaлно договорчето с Боташ, през пак служебно правителство, прибира вазелина. Няма да го ползва тоя път. Ще ви оправят, българи. Нали това искате?",Негативен,0.96,гняв,https://www.mediapool.bg/radev-e-po-blizo-do-rusiya-ot-vseki-drug-skoroshen-balgarski-premier-news382523.html
"Тайно се надявам Радев да е като Мелони. А а Боко и Дебелян - вие какво? Мислите си, че те не бяха с Путин. Наивници!",Негативен,0.82,възмущение,https://www.mediapool.bg/radev-e-po-blizo-do-rusiya-ot-vseki-drug-skoroshen-balgarski-premier-news382523.html
Бог да пази България! Споко ще ви се отели вола има време - 4 години!,Негативен,0.72,сарказъм,https://www.mediapool.bg/radev-e-po-blizo-do-rusiya-ot-vseki-drug-skoroshen-balgarski-premier-news382523.html
Браво! Радев е прав и ще поведе народа в правилната посока! Визионер! Голяма победа!,Позитивен,0.98,възторг,https://www.mediapool.bg/radev-e-po-blizo-do-rusiya-ot-vseki-drug-skoroshen-balgarski-premier-news382523.html
Учете българската история за да не изпадате в толкова конфузна ситуация - да пишете глупости. Научете отношението на всичките ни възрожденци към Русия. Най-обобщаващ е следният материал: https://chitanka.info/text/10048-kojy,Негативен,0.86,раздразнение,https://www.mediapool.bg/radev-e-po-blizo-do-rusiya-ot-vseki-drug-skoroshen-balgarski-premier-news382523.html
Нормален човек като зърне мyтрата на Атанас Атанасов би ли гласувал за него ?,Негативен,0.94,презрение,https://www.mediapool.bg/glasuvaite-za-progresa-radev-nai-veroyatno-pecheli-i-izborite-zad-granitsa-news382521.html
"""Кой квото сам си направи, никой не може да му го направи""",Неутрален,0.72,примирение,https://www.mediapool.bg/glasuvaite-za-progresa-radev-nai-veroyatno-pecheli-i-izborite-zad-granitsa-news382521.html
"Милите,наши сънародници от клубовете в чужбина! Повечето от тия, с които не искаш да се сближаваш в България. Снимат се ухилени, около някоя гостуваща мутра на фона на трикольора, тропат хоро до хоро, с карамфил зад ухото, и когато наближи 3-ти март, се разтапят на тема ""братята руси""! Е, за кого очаквате да гласуват, освен за ""ЧИЙ Е КРИМ...?""",Негативен,0.92,презрение,https://www.mediapool.bg/glasuvaite-za-progresa-radev-nai-veroyatno-pecheli-i-izborite-zad-granitsa-news382521.html
"Май бъркаш кв. Гео Милев с кв. Христо Ботев, Врорият е едно от софийските гета - т.е. като Столипиново в Пловдив.",Негативен,0.78,презрение,https://www.mediapool.bg/ot-myastoto-na-vota-kak-tsyala-sektsiya-v-stolipinovo-ryazko-se-preorientira-ot-gerb-kam-radev-news382520.html
"Не думай! В цялата държава резултатите са същите! В Т.ч и във ВСИЧКИ секции -дори , а и най-вече в -центъра на София.",Неутрален,0.58,изненада,https://www.mediapool.bg/ot-myastoto-na-vota-kak-tsyala-sektsiya-v-stolipinovo-ryazko-se-preorientira-ot-gerb-kam-radev-news382520.html
"Манипулативна статия. Фактите са,че в ЦЯЛАТА ДЪРЖАВА има преориентиране от ГЕРБ към Радев. Важи и за секциите в 23 и 24 софийски райони. Но не пускате статия,че секциите, примерно в кв. Гео Милев в София са преориентирани, като резултатите в кв. Гео Милев в София, и в Столипиново-което ви вълнува са СЪЩИТЕ. Значи в София може да има пълно преориентиране-цитирам ви, а в други секции-не, и за вас е новина?!",Негативен,0.95,гняв,https://www.mediapool.bg/ot-myastoto-na-vota-kak-tsyala-sektsiya-v-stolipinovo-ryazko-se-preorientira-ot-gerb-kam-radev-news382520.html
Ее.. Не се ли сещате!? Убедил ги е партенкин. Обещал е цяла фабрика сладкиши. И за докаже че не лъже е подплатил думите с рашистки купюри. Не бих се учудил ако се окажат фалшиви като фалшивия му европризъм.,Негативен,0.92,презрение,https://www.mediapool.bg/ot-myastoto-na-vota-kak-tsyala-sektsiya-v-stolipinovo-ryazko-se-preorientira-ot-gerb-kam-radev-news382520.html
"Образователен ценз е нужен! Категоричен съм! Той не може да чете и да пише, ще ми гласува!",Негативен,0.92,гняв,https://www.mediapool.bg/ot-myastoto-na-vota-kak-tsyala-sektsiya-v-stolipinovo-ryazko-se-preorientira-ot-gerb-kam-radev-news382520.html
"Циганите трябва да се лишат от правото да гласуват. Нека имат всички други граждански права, но това - не.",Негативен,0.98,омраза,https://www.mediapool.bg/ot-myastoto-na-vota-kak-tsyala-sektsiya-v-stolipinovo-ryazko-se-preorientira-ot-gerb-kam-radev-news382520.html
"Римляните са гласували безплатно?? Можеш ли да ме запознаеш с римлянин, който е гласувал безплатно?",Негативен,0.72,скептицизъм,https://www.mediapool.bg/ot-myastoto-na-vota-kak-tsyala-sektsiya-v-stolipinovo-ryazko-se-preorientira-ot-gerb-kam-radev-news382520.html
"Точно тъй - да, и същите дето уж са ги купили са отишли тоз път безплатно... Защото гласувалите са пак толкова! То дори минимално ако се замислиш, ще разбереш колко е несъстоятелна версията ти...",Негативен,0.88,раздразнение,https://www.mediapool.bg/ot-myastoto-na-vota-kak-tsyala-sektsiya-v-stolipinovo-ryazko-se-preorientira-ot-gerb-kam-radev-news382520.html
"Елементарно, Уотсън. На миналите избори купувачите са купували необезпокоявано, ама сега на някои места не можаха. И разликата е видима и с просто око.",Негативен,0.78,недоволство,https://www.mediapool.bg/ot-myastoto-na-vota-kak-tsyala-sektsiya-v-stolipinovo-ryazko-se-preorientira-ot-gerb-kam-radev-news382520.html
Посредством финикийски знаци и полицейски терор.,Негативен,0.82,възмущение,https://www.mediapool.bg/ot-myastoto-na-vota-kak-tsyala-sektsiya-v-stolipinovo-ryazko-se-preorientira-ot-gerb-kam-radev-news382520.html
като в турски сериал - всички тръпнат да видат накрая младите шсе оженят ли (в случая - шсе съберат ли отново) . . . (((-:,Позитивен,0.72,очакване,https://www.mediapool.bg/radev-otide-do-urnata-sam-no-pri-pobednite-rezultati-be-pridruzhen-ot-saprugata-si-obnovena-news382500.html
Важното е Радев да не се изложи. Жена му е ясна.. :),Негативен,0.62,ирония,https://www.mediapool.bg/radev-otide-do-urnata-sam-no-pri-pobednite-rezultati-be-pridruzhen-ot-saprugata-si-obnovena-news382500.html
"E, много ясно, че пymkuтe се кефят на ""победители"" - нищо ново под слънцето, човещинка си е, дори при фризьорките.",Негативен,0.86,презрение,https://www.mediapool.bg/radev-otide-do-urnata-sam-no-pri-pobednite-rezultati-be-pridruzhen-ot-saprugata-si-obnovena-news382500.html
Мелания Радева... :),Позитивен,0.78,радост,https://www.mediapool.bg/radev-otide-do-urnata-sam-no-pri-pobednite-rezultati-be-pridruzhen-ot-saprugata-si-obnovena-news382500.html
"Не вярвам чак толкова бързо да са изхарчили със зеления чорап комисионите от Газпром, пардон - от Боташ! Или обратно - рублите са толкова много, че не могат да ги изхарчат и започват терзанията за душата и парите...",Негативен,0.92,възмущение,https://www.mediapool.bg/radev-otide-do-urnata-sam-no-pri-pobednite-rezultati-be-pridruzhen-ot-saprugata-si-obnovena-news382500.html
"Браво на Радева! Деси, голяма работа си!",Позитивен,0.98,възхищение,https://www.mediapool.bg/radev-otide-do-urnata-sam-no-pri-pobednite-rezultati-be-pridruzhen-ot-saprugata-si-obnovena-news382500.html
"Ама, верно ли бе?",Неутрален,0.72,изненада,https://www.mediapool.bg/radev-otide-do-urnata-sam-no-pri-pobednite-rezultati-be-pridruzhen-ot-saprugata-si-obnovena-news382500.html
нещо като крушето на Бриджит в зурлата на макарона.. :)),Позитивен,0.72,веселие,https://www.mediapool.bg/radev-otide-do-urnata-sam-no-pri-pobednite-rezultati-be-pridruzhen-ot-saprugata-si-obnovena-news382500.html
абсолютно вярно,Позитивен,0.85,увереност,https://www.mediapool.bg/radev-otide-do-urnata-sam-no-pri-pobednite-rezultati-be-pridruzhen-ot-saprugata-si-obnovena-news382500.html
"Най-голямата грешка е на баща ти, че не го е извадил навреме ...",Негативен,0.98,презрение,https://www.mediapool.bg/radev-otide-do-urnata-sam-no-pri-pobednite-rezultati-be-pridruzhen-ot-saprugata-si-obnovena-news382500.html
(((-: . . . и изведнъж лузърите бОко и пЭЭфски станаха много сговорчиви ;-))),Негативен,0.78,сарказъм,https://www.mediapool.bg/palna-promyana-radev-s-istoricheska-pobeda-gerb-i-pp-db-na-kantar-vazrazhdane-se-srina-news382505.html
Цялата пропаганда на вятъра. Големи сте умници-Гюровци!,Негативен,0.92,презрение,https://www.mediapool.bg/palna-promyana-radev-s-istoricheska-pobeda-gerb-i-pp-db-na-kantar-vazrazhdane-se-srina-news382505.html
Дори в 23 МИР и 24 МИР София ДБ/ПП ме печелят,Позитивен,0.78,одобрение,https://www.mediapool.bg/palna-promyana-radev-s-istoricheska-pobeda-gerb-i-pp-db-na-kantar-vazrazhdane-se-srina-news382505.html
"Време е да го кажем - ДБ и ДПС разчитат на твърд електорат и се видя че при скок в избирателната активност потъват ... там куцо и сакато що може да мърда отива до урните. Ако беше 80% щяха да са паднали на 5-6% макс , просто защото не привличат нови гласове",Негативен,0.88,презрение,https://www.mediapool.bg/palna-promyana-radev-s-istoricheska-pobeda-gerb-i-pp-db-na-kantar-vazrazhdane-se-srina-news382505.html
"време е да си го кажем!: герб-авите избараха радев! На предишните избори герб имат 600 хиляди (и малко) гласували за тях. Сега са с 35% надоле. Тва значи, че четвърт милион герб-ави гласатели са гласували за друг. И тъй като явно НЕ са гласували за . . . едноцифрените партии (ни за пээфски, ни за копЭйкин, ни за бЭсЭпЭ ;-)). . ., очевидно фурорът на радев го дължим на четвърт милион дезориентирани гербаво-комунарски uguoти. . .",Негативен,0.92,гняв,https://www.mediapool.bg/palna-promyana-radev-s-istoricheska-pobeda-gerb-i-pp-db-na-kantar-vazrazhdane-se-srina-news382505.html
На ГЕРБ от 19 -20 му се сви на 11-14.,Негативен,0.72,разочарование,https://www.mediapool.bg/palna-promyana-radev-s-istoricheska-pobeda-gerb-i-pp-db-na-kantar-vazrazhdane-se-srina-news382505.html
"Тpябвa дa ce взeмaт cпeшни мepки, зa дa ce пpeдoтвpaти нoв «Гoлям тpoeн шлeм», кaтo тoя, кoйтo нaвpeмeтo ни дoгoвopи P.Oвч. пpи пpeзидeнтcтвaнeтo нa Пъpвaнoв. Щяxмe 30 гoдини дa ce къпeм в pуcки гaз и пeтpoл, и paдocтнo дa cтpoим Бeлянe и Южeн пoтoк. Дoкaтo гaзoпpeнocнaтa ни мpeжa нe cтaнe pуcкa, кaквaтo бeшe цeлтa oщe с Тoпeнepджи. Eдвaм ce oтъpвaxмe. P.Oвч. cтopниpa пpeдcpoчнo пpeз 2012 г. cтapия дoгoвop зa pуcки гaз и пo нoвия цeнитe pязкo cкoчиxa. Пpeз aвгуcт 2012 г. бeнзинът нaдxвъpли 3 лeвa …Прочети целия коментар пpи 4 пъти пo-ниcки дoxoди oт ceгaшнитe. ДжeнЗитaтa xaбep cи нямaт зa тoвa, a ceгaшнитe ни пoлитичecки «oбoзpeвaтeли» и «oбoзpeвaтeлки» мoжe и дa нe ca гo зaбeлязaли, щoтo тoгaвa oщe ca били пиклювци и пикли. Зa дa ce cвaли цeнaтa нa гaзa c 20%, нaлoжи ce дa ce изгoнят 3-тe pуcки гaзoви пocpeдници, вкл. Oвepгaз. Paзвaлиxa ce oтнoшeниятa cъc Caшo Дoнчeв и бeшe cпeчeлeн зa «кaузaтa» нa пpoтecтъpитe. Кaктo впpoчeм cтaнa и c ocтaлитe мутpo-oлигapcи, кoитo нaдaдoxa вoй, чe в Бългapия кpaдяли бизнecи. Ocoбeнo cлeд кaтo ce пpeдoтвpaти oпитa им вoeннитe зaвoди и дpуги ключoви пpeдпpиятия дa cтaнaт pуcки чpeз КТБ. Cлeд тoвa ce нaлoжи гaзoвият дoгoвop дa ce пpeдoгoвopи, зa дa cтaнe пo-кpaткocpoчeн. Нaкpaя дoйдoxa 3-мa aмepикaнcки ceнaтopи, зa дa ce туpи «фициaлнo» кpъcт нa Бeлянe и Южeн пoтoк. Кaктo и нa бecoвeтe нa Бoлeн, кoйтo въpтeшe нa пpъcт пpaвитeлcтвoтo «Oглушapcки» и пpaвeшe пapлaмeнтa и xopaтa нa мaймуни зa кeф нa ceиpджиитe и пpocтaцитe. Xoдeшe нa кoнфepeнции нa путинcкaтa пapтия и oтгoвapяшe зa pуcкaтa пpoпaгaндa нa Бaлкaнитe кaктo Вилдep в Eвpoпa. Впpoчeм, нa тaкaвa кoнфepeнция Кopлeoнeлия дoгoвopи c гeн. Peшeтникoв нoвaтa ни дъpжaвнa глaвa, тa ce cкapaxa c AБВ нa Пъpвaнoв, Пeткoв и Кaлфин чий бил пpинocът, щoтo тяxнaтa пapтия oтгoвapялa зa вpъзкитe c путинoвaтa. Зa дa нe cтaвaт oтнoвo тaкивa paбoти, тpябвa дa ce дeйcтвa opгaнзиpaнo, кaктo ce дeйcтвaшe зa пpeдoтвpтявaнeтo нa шaшмaлoгиятa нa «ти cи нaшият пpeзидeнт» пpи зaкупувaнeтo нa нoвия мнoгoцeлeви caмoлeт. Включитeлнo и oт глупaцитe, кoитo 2 пъти глacувaxa зa нeгo, дoкaтo накрая уcпeят дa му пpeдaдaт влacттa.",Негативен,0.96,гняв,https://www.mediapool.bg/palna-promyana-radev-s-istoricheska-pobeda-gerb-i-pp-db-na-kantar-vazrazhdane-se-srina-news382505.html
"Не само деПсето докара като Булгартабак пееФЪСки ами и герП срина. Дано да не се окаже, че и основите на България е подкопало гадното праZе. Да стяга куфарите и да бЕга докато е време, ама надали ще има толкова акъл.",Негативен,0.96,гняв,https://www.mediapool.bg/peevski-kam-simpatizantite-ustoyahte-na-bezpretsedenten-natisk-news382517.html
Това нещо ще избяга.,Неутрален,0.9,неутралност,https://www.mediapool.bg/peevski-kam-simpatizantite-ustoyahte-na-bezpretsedenten-natisk-news382517.html
Язък дето бихте циганите! ДПС пак си е с 8 и нещо процента! Защото Пеевски е за хората и хората са за Пеевски!,Негативен,0.82,гняв,https://www.mediapool.bg/peevski-kam-simpatizantite-ustoyahte-na-bezpretsedenten-natisk-news382517.html
"Този докара и депесето като ""Булгартабак"". Евала за което. Интересно накъде ще бяга сега ако се наложи, понеже Дубай изглежда няма да е вариант за известно време...",Негативен,0.82,сарказъм,https://www.mediapool.bg/peevski-kam-simpatizantite-ustoyahte-na-bezpretsedenten-natisk-news382517.html
"За жалост не мога да се съглася. Антибългарската болшевишка секта захранва с изборни гласове партиите на Костя, Ивелинчо, до голяма степен и на Руди Гела и сега на Зельонъй чарап. Това, че БСП изтече в канала, само по себе си е добра новина, но твърде голяма част от населението е с болно съзнание.",Негативен,0.92,гняв,https://www.mediapool.bg/bsp-ostava-pod-chertata-za-parlamenta-no-s-neochakvan-rezultat-news382516.html
"Антибългарската болшевишка секта издъхна политически на 107 г. Лошото е, че метастазите и продължават да тровят България.",Негативен,0.97,гняв,https://www.mediapool.bg/bsp-ostava-pod-chertata-za-parlamenta-no-s-neochakvan-rezultat-news382516.html
И аз се радвам за пишещите се за леваци. Превариха (в смисъл изпревариха) очакванията ми.,Позитивен,0.78,радост,https://www.mediapool.bg/bsp-ostava-pod-chertata-za-parlamenta-no-s-neochakvan-rezultat-news382516.html
Време е да се саморазпуснат,Негативен,0.78,недоволство,https://www.mediapool.bg/bsp-ostava-pod-chertata-za-parlamenta-no-s-neochakvan-rezultat-news382516.html
"БСП - аут. ИТН - аут. МЕЧ, Величие - аут. Сияние да заминава с тях. Тиквата и Свинята - с минимални %. Аз бих рекъл, че резултатите не са толкова лоши. Радев нека си направи правителство - и ще се издъни като всички спасители досега. България се чисти от боклука.",Позитивен,0.62,удовлетворение,https://www.mediapool.bg/bsp-ostava-pod-chertata-za-parlamenta-no-s-neochakvan-rezultat-news382516.html
"За провала на всички от върхушката на БСП ще отговаря Зарков, който има най-малка вина за случилото се (ако изобщо има). БСП не за пръв път се гушка със свинята, и не за пръв път след това отчита плачевни резултати, така че беше напълно закономерно да стигне до дъното. Заради алчнотията и болните амбиции на партийните босове. Иначе е нормално една лява партия да има 8-10%.",Негативен,0.96,гняв,https://www.mediapool.bg/bsp-ostava-pod-chertata-za-parlamenta-no-s-neochakvan-rezultat-news382516.html
Много добра новина.,Позитивен,0.98,радост,https://www.mediapool.bg/bsp-ostava-pod-chertata-za-parlamenta-no-s-neochakvan-rezultat-news382516.html
Призивите на Гадев за диалог с масовия убиец Путлер показват че е морален дегенерат.,Негативен,0.98,гняв,https://www.mediapool.bg/radev-sled-izbornata-pobeda-evropa-ima-nuzhda-ot-kritichno-mislene-i-dialog-s-rusiya-obnovena-news382506.html
"Да, да хвърли оръжието и другият да го застреля. Колко умно.",Негативен,0.92,сарказъм,https://www.mediapool.bg/radev-sled-izbornata-pobeda-evropa-ima-nuzhda-ot-kritichno-mislene-i-dialog-s-rusiya-obnovena-news382506.html
"Въоръжен с невъоръжен не разговаря, а воюва. Това е проблемът.",Негативен,0.9,тревога,https://www.mediapool.bg/radev-sled-izbornata-pobeda-evropa-ima-nuzhda-ot-kritichno-mislene-i-dialog-s-rusiya-obnovena-news382506.html
"Много си прав. Руснаците винаги са доили България. А след девети отнасят в Москва целия и златен резерв плюс всички ценни архиви, които до ден днешен отказват да върнат. Тези избори забиха България още по-назад и встрани от нормалния свят.",Негативен,0.95,гняв,https://www.mediapool.bg/radev-sled-izbornata-pobeda-evropa-ima-nuzhda-ot-kritichno-mislene-i-dialog-s-rusiya-obnovena-news382506.html
"Рундьоооо,първо да беше казал България от какво има нужда,какво ще направиш ти за България.Това го интересува народа.",Негативен,0.82,недоволство,https://www.mediapool.bg/radev-sled-izbornata-pobeda-evropa-ima-nuzhda-ot-kritichno-mislene-i-dialog-s-rusiya-obnovena-news382506.html
"Какъв диалог с хора, които като не им хареса нещо вадят оръжие и стрелят. Диалог да спрат да стрелят ли?",Негативен,0.95,гняв,https://www.mediapool.bg/radev-sled-izbornata-pobeda-evropa-ima-nuzhda-ot-kritichno-mislene-i-dialog-s-rusiya-obnovena-news382506.html
"Диалогът с русия се изчерпва с “вървете на майната си, орки”. Всичко друго - излизаме с павета.",Негативен,0.96,гняв,https://www.mediapool.bg/radev-sled-izbornata-pobeda-evropa-ima-nuzhda-ot-kritichno-mislene-i-dialog-s-rusiya-obnovena-news382506.html
Аз не храня надежди. Влиянието на Путин в държавите се основава на и минава през корупционни схеми и той няма да разреши на Радев да му ги унищожи тук в България.,Негативен,0.92,песимизъм,https://www.mediapool.bg/radev-sled-izbornata-pobeda-evropa-ima-nuzhda-ot-kritichno-mislene-i-dialog-s-rusiya-obnovena-news382506.html
а от тоя милион една четвърт бивши гербави гласатели сега изгласуваха за радеф...,Негативен,0.68,пренебрежение,https://www.mediapool.bg/pochti-milion-dushi-poveche-glasuvaha-tozi-pat-po-aktivni-sa-i-v-chuzhbina-news382483.html
и ко либералдемократите дори не можаха да са първи и при губещите :D за капак и румбата няма нужда от тях! честито другари!!!!!,Негативен,0.86,злорадство,https://www.mediapool.bg/pochti-milion-dushi-poveche-glasuvaha-tozi-pat-po-aktivni-sa-i-v-chuzhbina-news382483.html
Ти какво се радваш? Нали агитираше за 15? Как е от 26% на 11%?,Негативен,0.86,сарказъм,https://www.mediapool.bg/pochti-milion-dushi-poveche-glasuvaha-tozi-pat-po-aktivni-sa-i-v-chuzhbina-news382483.html
"Прав си, Гроб-дпс са с 40% надолу!",Позитивен,0.72,удовлетворение,https://www.mediapool.bg/pochti-milion-dushi-poveche-glasuvaha-tozi-pat-po-aktivni-sa-i-v-chuzhbina-news382483.html
"След като в избирателните списъци има повече хора, отколкото живи българи ( включително под 18 годишни), няма как да видим близка избирателна активност до унгарската.",Негативен,0.82,разочарование,https://www.mediapool.bg/pochti-milion-dushi-poveche-glasuvaha-tozi-pat-po-aktivni-sa-i-v-chuzhbina-news382483.html
"25% от предишните гласатели на герб . . . сега са гласували на льотчика! ;-) . . . Ха! сега! - живейте с това и се оправдавайте с ППДБ, герб-ави несретници . . .",Негативен,0.92,презрение,https://www.mediapool.bg/pochti-milion-dushi-poveche-glasuvaha-tozi-pat-po-aktivni-sa-i-v-chuzhbina-news382483.html
Под половината избиратели са гласували.,Неутрален,0.86,неутралност,https://www.mediapool.bg/pochti-milion-dushi-poveche-glasuvaha-tozi-pat-po-aktivni-sa-i-v-chuzhbina-news382483.html
Ти взе ли си копейките?,Негативен,0.72,презрение,https://www.mediapool.bg/pochti-milion-dushi-poveche-glasuvaha-tozi-pat-po-aktivni-sa-i-v-chuzhbina-news382483.html
"Сега една кукумявка по БТВ каза,че най-вероятно сме щели да имаме четирипартиен парламент :/ ПП/ДБ о_ткачалките още се надяват да управляват с Бойко и Свинята,а Радев да е опозиция :/ БСП, Възраждане и Радев били про руска ,е сега ви отнесоха с над 50% Какво още трябва да стане за да осъзнаете ,че не ставате :/",Негативен,0.94,гняв,https://www.mediapool.bg/pochti-milion-dushi-poveche-glasuvaha-tozi-pat-po-aktivni-sa-i-v-chuzhbina-news382483.html
"Не можете и не ставате. След тия протести Вие не сте във състояние да спечелите изборите...Трябва нова дясна партия да се създаде СЕГА, с НОВИ хора. Лично аз приключвам с вас.",Негативен,0.96,разочарование,https://www.mediapool.bg/pp-db-balgarite-ostaviha-gerb-i-dps-v-minaloto-no-bitkata-s-modela-im-prodalzhava-news382515.html
"Първата груба и най - голяма грешка на ПП - ДБ беше влизането в т.н. сглобка с Гроб, когато загубиха повече от половината си избиратели,които така и не можаха да си върнат. Втората беше, че така и не си научиха урока, че кампания не се прави само с писанийца във Фейсбук и шатри в големите градове, а чрез постоянно обикаляне и на градове и села в цяла България и срещи с хората, което не видяхме. Третата - дълго време не беше взета ясна и категорична позиция против путлерофилщината на Гадев като …Прочети целия коментар заплаха за националната сигурност и се отговаряше обтекаемо по въпроса дали ще има сътрудничество с него. И ако продължат и в следващия парламент да говорят единствено за модела Свиня - Мутра, а мълчат за путлерофилщината на Гадев и връзките му с мафиотските кръгове, ще продължат да губят доверие.",Негативен,0.95,разочарование,https://www.mediapool.bg/pp-db-balgarite-ostaviha-gerb-i-dps-v-minaloto-no-bitkata-s-modela-im-prodalzhava-news382515.html
"Ни са излагай, ма! Много си зян с преценките. Вчера доди и грамна думата, бетер бх си. Ослушай се малко поне.",Негативен,0.92,раздразнение,https://www.mediapool.bg/pp-db-balgarite-ostaviha-gerb-i-dps-v-minaloto-no-bitkata-s-modela-im-prodalzhava-news382515.html
Аз не мога да си обясня тия проценти за ппдб при таквоз ръководство и мъгляви идеи. Само Божанов криво-ляво одобрявам.,Негативен,0.82,недоволство,https://www.mediapool.bg/pp-db-balgarite-ostaviha-gerb-i-dps-v-minaloto-no-bitkata-s-modela-im-prodalzhava-news382515.html
"Тия пък глупаци! Радев - Путин отиват на 45%, на тях все Боко и Пеевски им се привиждат!",Негативен,0.92,гняв,https://www.mediapool.bg/pp-db-balgarite-ostaviha-gerb-i-dps-v-minaloto-no-bitkata-s-modela-im-prodalzhava-news382515.html
бочко за ГЕРБ е много повече отколкото Нинова за БСП. Без бочко изобщо няма причина да има ГЕРБ. От самото си създаване това никога не е била организация с някакъв план за съществуване без и след бочко. А след тия избори изглежда няма и за кога... :),Негативен,0.82,ирония,https://www.mediapool.bg/pp-db-balgarite-ostaviha-gerb-i-dps-v-minaloto-no-bitkata-s-modela-im-prodalzhava-news382515.html
"Хайде да смятаме малко де. Ако не беше се ""включил"" Радев тези гласове щяха да са за ППДБ!",Негативен,0.72,раздразнение,https://www.mediapool.bg/pp-db-e-osnovniyat-donor-na-glasove-za-radev-toi-privlicha-i-povecheto-gen-z-news382513.html
"Продажните социолози, които вместо да де засрамят от манипулативните си прогнози, в които нищо не познаха, продължават да ръсят дебели лъжи.",Негативен,0.98,гняв,https://www.mediapool.bg/pp-db-e-osnovniyat-donor-na-glasove-za-radev-toi-privlicha-i-povecheto-gen-z-news382513.html
Наистина тази статийка е голяма простотия.,Негативен,0.96,презрение,https://www.mediapool.bg/pp-db-e-osnovniyat-donor-na-glasove-za-radev-toi-privlicha-i-povecheto-gen-z-news382513.html
"Глупости на търкалета. Кой малоумник е писал това нещо? Как ПП-ДБ е ""основен донор"" като има приблизително същия процент гласували за ПП-ДБ, като на предишните избори, и на по-предишните?..",Негативен,0.96,гняв,https://www.mediapool.bg/pp-db-e-osnovniyat-donor-na-glasove-za-radev-toi-privlicha-i-povecheto-gen-z-news382513.html
Сред техните поддръжници вероятно да. Това за тях е нещо хубаво и похвално.,Позитивен,0.86,одобрение,https://www.mediapool.bg/pp-db-e-osnovniyat-donor-na-glasove-za-radev-toi-privlicha-i-povecheto-gen-z-news382513.html
Само след няколко месеца всички гласували за партенката ще си чукат главата с 2 камъка.н Стягайте се за преминаване към рубли,Негативен,0.92,гняв,https://www.mediapool.bg/pp-db-e-osnovniyat-donor-na-glasove-za-radev-toi-privlicha-i-povecheto-gen-z-news382513.html
"Е, тия проучвания се основават на анкетния въпрос за кого си гласувал на предишните избори. Достоверността на твърдението на респондентите е спорна.:))",Негативен,0.72,скептицизъм,https://www.mediapool.bg/pp-db-e-osnovniyat-donor-na-glasove-za-radev-toi-privlicha-i-povecheto-gen-z-news382513.html
"Колкото до основното твърдение в статията- има нужда да се уточни какво по-точно имат предвид ""тренд"" и други цоциолози, твърдейки че гласовете за Радев идват основно от ПП-ДБ. Може би, кого евентуално биха подкрепили тези избиратели ако Радев не се беше явил на изборите и ако въобще бяха отишли до секциите? Избирателите на Радев със сигурност не са значителна част от хората които гласивахме за ПП-ДБ на предишните избори. Това просто няма как да е математически вярно.",Негативен,0.64,скептицизъм,https://www.mediapool.bg/pp-db-e-osnovniyat-donor-na-glasove-za-radev-toi-privlicha-i-povecheto-gen-z-news382513.html
"Тези данни показват няколко неща. Първо, българите сме малък, но затова пък ИЗКЛЮЧИТЕЛНО прост народ. Второ, настъпваме отново и отново мотиката с надежда, че тоя път няма да боли толкова, което си е жив идиотизъм. Трето, когато напълниш листите си с мелези между руZкие нЭргъй и булгарские десари, не може да очаксваш повече (важи за ПП-ДБ). Цяло чудо е",Негативен,0.98,гняв,https://www.mediapool.bg/pp-db-e-osnovniyat-donor-na-glasove-za-radev-toi-privlicha-i-povecheto-gen-z-news382513.html
"Първо, почти всяко по-възрастно поколение няма особено високо мнение за качествата на новото. Второ, дори когато мнението е основателно, по-старите трябва да свикваме и да работим с наличния мат'реал, вместо да заемаме горда поза и ""да гледаме сеира"", най-малкото защото човек няма как да го наблюдава от достатъчно далеч ако е български гражданин. Трето, припознаването на Радев за ""спасител"" по нищо не се различава от предишни такива без учасието на днешните млади. Предишни …Прочети целия коментар спасители бяха т. нар. ""цар"", бодигардът му бивша мутра бочко, после славчовото недоразумение ИТН... Тях да не би по-умни хора да ги докараха на власт? Моите очаквания за радевия сбирщайн е да се представи като нещо средно от ""царя"", бочко, ИТН на славчо и тошко...",Негативен,0.92,разочарование,https://www.mediapool.bg/pp-db-e-osnovniyat-donor-na-glasove-za-radev-toi-privlicha-i-povecheto-gen-z-news382513.html
"Кои бяха децата на Радев? Кой ревеше ""това е моят президент""? Бог да пази България!",Негативен,0.78,възмущение,https://www.mediapool.bg/borisov-pozdravi-radev-za-izbornata-pobeda-na-gerb-pozhela-tarpenie-news382512.html
"Ако Борисов не подаде оставка и не се оттегли от политиката, ще завлече ГЕРБ на дъното при БСП.",Негативен,0.92,недоволство,https://www.mediapool.bg/borisov-pozdravi-radev-za-izbornata-pobeda-na-gerb-pozhela-tarpenie-news382512.html
"""Господи помилуй!"", а?",Негативен,0.62,възмущение,https://www.mediapool.bg/borisov-pozdravi-radev-za-izbornata-pobeda-na-gerb-pozhela-tarpenie-news382512.html
"Ако нямаше купен и контролиран вот, ГЕРБ-НН заедно щяха да имат колкото ППДБ.",Негативен,0.86,разочарование,https://www.mediapool.bg/borisov-pozdravi-radev-za-izbornata-pobeda-na-gerb-pozhela-tarpenie-news382512.html
Борисов благодарял за всеки глас за ГЕРБ. Освен по евро има и благодарности!,Негативен,0.78,сарказъм,https://www.mediapool.bg/borisov-pozdravi-radev-za-izbornata-pobeda-na-gerb-pozhela-tarpenie-news382512.html
Свинската наглост е безкрайна понеже държи прокуратурата на синджир.,Негативен,0.95,гняв,https://www.mediapool.bg/dps-novo-nachalo-sa-parventsi-po-signali-za-kupen-vot-news382511.html
"Ти,имал ли си някога куража да се противопоставиш на някой с пари и контакти бандит.Лигльо...",Негативен,0.95,гняв,https://www.mediapool.bg/dps-novo-nachalo-sa-parventsi-po-signali-za-kupen-vot-news382511.html
"Снощи гледах пресконференцията на тия пътници.Уплаших се от Кандьо.Очите му се движеха странно,като на шизоф...,играеха на ляво на дясно кат на бесен пес.Спах лошо,преследваха ме цяла нощ.",Негативен,0.96,страх,https://www.mediapool.bg/dps-novo-nachalo-sa-parventsi-po-signali-za-kupen-vot-news382511.html
Организирайте се и ги вкарвайте в затвора по най-бързия начин!,Негативен,0.88,гняв,https://www.mediapool.bg/dps-novo-nachalo-sa-parventsi-po-signali-za-kupen-vot-news382511.html
"ПБ, ПП-ДБ трябва да благодарят лично на Дечев за свършената работа. За пръв път се назоваха париите, които купват. Преди това всички ги знаехме или позрахме. Днес това се доказва. Смели и прями хора. Поздравления.",Позитивен,0.9,възхищение,https://www.mediapool.bg/dps-novo-nachalo-sa-parventsi-po-signali-za-kupen-vot-news382511.html
"Забравих да питам, данчо ментата влезе ли. Сигурно, щото все на баша го тургат, ценно ченге един вид. По туй ще ги познаете. .............................................................................................................................. Поздравявам медията, че тук няма цензура, а не винаги е било така. В ""гласове"" е селяндурска историйка, хем спазвам приличие, не попържам. Не им вървя по гайдата явно.",Негативен,0.78,раздразнение,https://www.mediapool.bg/dps-novo-nachalo-sa-parventsi-po-signali-za-kupen-vot-news382511.html
"Аз съм притеснен, че руска реч все по-често се набива в ушите ни на улицата. Искаме да знаем колко са имотите на чужди граждани у нас, разбити по държави. Имам притеснения относно руснаци, турци и евреи. Все още не сме обявили държавата за разпродажба и ликвидация.",Негативен,0.92,притеснение,https://www.mediapool.bg/dps-novo-nachalo-sa-parventsi-po-signali-za-kupen-vot-news382511.html
Язък дето бихте циганите ДПС си е пак с 8 и кусур процента!,Негативен,0.86,разочарование,https://www.mediapool.bg/dps-novo-nachalo-sa-parventsi-po-signali-za-kupen-vot-news382511.html
Имеет си хас да не са,Негативен,0.62,раздразнение,https://www.mediapool.bg/dps-novo-nachalo-sa-parventsi-po-signali-za-kupen-vot-news382511.html
Докога Андро-лудото ще ни обяснява какво точно е станало?,Негативен,0.86,раздразнение,https://www.mediapool.bg/andrei-raichev-snimkata-s-putin-dade-gorivo-i-na-radev-i-na-pp-db-news382509.html
"Рашисткото мекере и потомствен мафиот Андрюша Райчев, обслужващ по пълна програма масовия убиец Путлер е последният, чието мнение ме интересува.",Негативен,0.98,гняв,https://www.mediapool.bg/andrei-raichev-snimkata-s-putin-dade-gorivo-i-na-radev-i-na-pp-db-news382509.html
"Ами ако това удовлетворява народа български,браво.Ще си получат Путин,и всички благинки от тази снимка на гордият летец с Вовата.Честито на матряла.",Негативен,0.92,презрение,https://www.mediapool.bg/andrei-raichev-snimkata-s-putin-dade-gorivo-i-na-radev-i-na-pp-db-news382509.html
"Ма как може. Те уж патриоти. Аз приемам преселилите се по една или друга причина в Турция за наши съмишленици и надеждна гаранция за добросъседство. Без никакви катаклизми, напреки на всякакви злокобни ченгесарски предсказания.",Позитивен,0.62,надежда,https://www.mediapool.bg/dva-pati-po-malko-izbirateli-v-turtsiya-news382508.html
"Не ме разбирайте неправилно, и сега по програмата на ГРУ са дадени близо 48% от гласовете на българи, роми и пр. Обаче от изселниците вече няма нужда. Затова казвам, Нещасници. Другият термин е контингент хора с отпаднала необходимост.",Негативен,0.87,презрение,https://www.mediapool.bg/dva-pati-po-malko-izbirateli-v-turtsiya-news382508.html
"Горките нещастници. Докато гласуваха за Русия по програмата разработена от ГРУ, и секции в Туркие имаше, и автобуси до родните места, и материални стимули... А сега само опашки, разширени вени, проблеми с простатите... Нещастници...",Негативен,0.96,презрение,https://www.mediapool.bg/dva-pati-po-malko-izbirateli-v-turtsiya-news382508.html
"Не си разбрал коментара ми.Казвам че Рундьо може да завие на изток към Вовата.И тогава Вовата може да поиска помощ от Рундьо.Та,бг мъже може да ги привикат да се бият ЗА Вовата срещу Укрия.А това стане ли,няма спасении,повиквателната е закон за Русия.",Негативен,0.86,тревога,https://www.mediapool.bg/valyat-signali-za-izborni-narusheniya-mvr-podgotvilo-iznenadi-za-kupuvachite-na-glasove-news382499.html
"Не са втори, а са четвърти",Неутрален,0.78,неутралност,https://www.mediapool.bg/valyat-signali-za-izborni-narusheniya-mvr-podgotvilo-iznenadi-za-kupuvachite-na-glasove-news382499.html
"Много ми харесва една анонимна симпатяга, представящ се тук като Taоrmina... Буци няма да позволи българи да се бият на фронта в Украйна....хаа-ха... Все пак, сериозно - ако чуете, че българи се бият с москали, да знаете, че са виновни ПП-ДБ....",Негативен,0.64,ирония,https://www.mediapool.bg/valyat-signali-za-izborni-narusheniya-mvr-podgotvilo-iznenadi-za-kupuvachite-na-glasove-news382499.html
Кукуригу!,Неутрален,0.78,игривост,https://www.mediapool.bg/valyat-signali-za-izborni-narusheniya-mvr-podgotvilo-iznenadi-za-kupuvachite-na-glasove-news382499.html
"Най хубавото на последните няколко години е че маските паднаха, и като дойде време за сопата хората са ясни поименно!!!",Негативен,0.87,гняв,https://www.mediapool.bg/valyat-signali-za-izborni-narusheniya-mvr-podgotvilo-iznenadi-za-kupuvachite-na-glasove-news382499.html
При 100 машини 1 процент е 1машина. При 1000 е 10. При 12000 колко.,Неутрален,0.95,любопитство,https://www.mediapool.bg/nad-99-ot-mashinite-za-glasuvane-rabotyat-normalno-nyama-sriv-news382498.html
Нека не сравняваме отказа на Германия за гласуване с машини с нашите проблеми.Хартиената бюлетина си е добре отработена далавера в годините...,Негативен,0.86,разочарование,https://www.mediapool.bg/nad-99-ot-mashinite-za-glasuvane-rabotyat-normalno-nyama-sriv-news382498.html
"Преди 30 минути ходих до урните - опашка! За машините бяха повече хора. Който не му се чака пуска хартия. Около 10 минути отне като можеше да стане и за 8 ако бях пуснал хартиена, но реших да изчакам. От вида на урните съдя, че поне 200 човека вече са гласували, предполагам около 20%. Повечето секции бяха с опашки, въпреки че почти навсякъде вървеше по двама - един на машината и един на паравана... Явно този път ще има повече гласували и то вероятно поне 10% повече. Може и да се сбъднат прогнозите за скрит вот за Радев... И което е по радостното, няма да влязат маргиналните партийки... Повече работа, по-малко циркове...",Позитивен,0.82,радост,https://www.mediapool.bg/nad-99-ot-mashinite-za-glasuvane-rabotyat-normalno-nyama-sriv-news382498.html
Конституционния съд на Германия ЗАБРАНИ гласуването с машини . И с машини в Европа сега гласуват само неколко квартала в Брюксел . Та така .,Негативен,0.64,скептицизъм,https://www.mediapool.bg/nad-99-ot-mashinite-za-glasuvane-rabotyat-normalno-nyama-sriv-news382498.html
С право ги е шубе хората! Ти видя ли кво направи Skynet ? Праща роботи убийци от бъдещето! И изстреля ядрения арсенал!,Негативен,0.92,страх,https://www.mediapool.bg/nad-99-ot-mashinite-za-glasuvane-rabotyat-normalno-nyama-sriv-news382498.html
Защо няма да гласуваш с машина? Тези машини ни ги купиха бате Бойко и Томето Дончев - аз много вярвам в тях.,Негативен,0.78,недоверие,https://www.mediapool.bg/nad-99-ot-mashinite-za-glasuvane-rabotyat-normalno-nyama-sriv-news382498.html
"За 42 сек. гласувах с машина. Гледам половината с хартия. Т.п и страх..лив народ. Близък приятел, нямал доверие на машините. Не познавам, го страх го е от тях, а иначе цял всяка сутрин 45 мин. чете простотиите в Гугъл. Желая ни резултаят над соченотия от соц агенциите. Важното е че не изневерих на себе си. Моите най- близки също.",Негативен,0.86,разочарование,https://www.mediapool.bg/nad-99-ot-mashinite-za-glasuvane-rabotyat-normalno-nyama-sriv-news382498.html
"Ние гласуваме с асансьорни машини. Проблема е, че не всички блокове имат достатъчно етажи за можеш да си избереш правилния № на бюлетината.",Негативен,0.62,ирония,https://www.mediapool.bg/nad-99-ot-mashinite-za-glasuvane-rabotyat-normalno-nyama-sriv-news382498.html
Започнаха добре.До края на деня ще станат 30%.Никога няма да гласувам с машина.,Негативен,0.72,недоверие,https://www.mediapool.bg/nad-99-ot-mashinite-za-glasuvane-rabotyat-normalno-nyama-sriv-news382498.html
Това е един много умен въпрос. КАК гласуваха? То за някои това е rocket science.,Негативен,0.72,сарказъм,https://www.mediapool.bg/kak-glasuvaha-polititsite-v-izborniya-den-news382494.html
"Мазник, към 17ч не се знае дали твоят Буда няма да лъска чепика на А. Василев:):):) Абсолютно равенство за герп и ПП-ДБ!",Негативен,0.86,презрение,https://www.mediapool.bg/kak-glasuvaha-polititsite-v-izborniya-den-news382494.html
"Партенката, Прасчо, Тиквата, фюрера, и идиЙотова гласуваха за Ху.ло",Негативен,0.95,гняв,https://www.mediapool.bg/kak-glasuvaha-polititsite-v-izborniya-den-news382494.html
"Не ти ли се струва, че на първата снимка горе вдясно Бойко е в поза и с поглед, които казват ""Аз гаче ли се н*а*с-р*а*х""?",Негативен,0.86,подигравка,https://www.mediapool.bg/kak-glasuvaha-polititsite-v-izborniya-den-news382494.html
"Социолозите вече духат супата. Бяха дали преднина на ГЕРБ от 7,9 пункта пред ПП-ДБ. В 14:30 часа ПП-ДБ стопява преднината на 3,4 пункта. До 20:00 часа ще издуха супата и Бойко. Останат ли ГЕРБ трети за него вече ще може да се говори само в минало време.",Негативен,0.88,злорадство,https://www.mediapool.bg/kak-glasuvaha-polititsite-v-izborniya-den-news382494.html
"РАДЕВ е БОРИСОВ и БОРИСОВ е РАДЕВ, просто като 2+2 ГЛАСУВАЙТЕ, за да се вее знамето на БЪЛГАРИЯ , а не руски знамена!",Негативен,0.72,гняв,https://www.mediapool.bg/kak-glasuvaha-polititsite-v-izborniya-den-news382494.html
Е нали вече не са в България. Все едно много ги интересува какво се случва у нас. От къде накъде аз ще им плащам за антибългарските гласове.,Негативен,0.94,гняв,https://www.mediapool.bg/opashki-v-london-i-nedovolstvo-v-turtsiya-povishen-interes-pri-vota-zad-granitsa-news382485.html
Видя се плурализма на новото начало. Менте.,Негативен,0.87,разочарование,https://www.mediapool.bg/opashki-v-london-i-nedovolstvo-v-turtsiya-povishen-interes-pri-vota-zad-granitsa-news382485.html
"У Лондон е сбран елита на Българската Емиграция. Секи, който е летял със самолет от България до Пакистанското Кралство, знае.",Негативен,0.62,сарказъм,https://www.mediapool.bg/opashki-v-london-i-nedovolstvo-v-turtsiya-povishen-interes-pri-vota-zad-granitsa-news382485.html
Руска хибридна атака ..................,Негативен,0.82,тревога,https://www.mediapool.bg/predsedatelyat-i-sekretaryat-na-rik-blagoevgrad-postradaha-pri-intsident-s-asansyor-news382496.html
"Някои гласуват с хартиени бюлетини, други с асансьорни машини, трети с трактори ;-)",Неутрален,0.72,ирония,https://www.mediapool.bg/predsedatelyat-i-sekretaryat-na-rik-blagoevgrad-postradaha-pri-intsident-s-asansyor-news382496.html
Да уточним. В джиповете най-вероятно не имало лица а мутри.,Негативен,0.86,презрение,https://www.mediapool.bg/kandidat-deputat-e-bil-presledvan-dzhip-se-e-opital-da-go-iztlaska-ot-patya-news382493.html
Този път не са обвинили прокурорския син ...................,Негативен,0.58,ирония,https://www.mediapool.bg/kandidat-deputat-e-bil-presledvan-dzhip-se-e-opital-da-go-iztlaska-ot-patya-news382493.html
"С какво може да ни изненада МВР ръководено от руски агенти? Че ще ловят само другите? Това го знаем. Интересното е, че сайтчето се хваща. А може би и е логично като знаем произхода на журналята.",Негативен,0.94,възмущение,https://www.mediapool.bg/kandidat-deputat-e-bil-presledvan-dzhip-se-e-opital-da-go-iztlaska-ot-patya-news382493.html
"Аз нямам автомобил,това ""нищо"" си е голямо пискане.",Негативен,0.78,раздразнение,https://www.mediapool.bg/kandidat-deputat-e-bil-presledvan-dzhip-se-e-opital-da-go-iztlaska-ot-patya-news382493.html
Симитли? Там нямаше ли един пРеател на Мечо?,Неутрален,0.62,любопитство,https://www.mediapool.bg/kandidat-deputat-e-bil-presledvan-dzhip-se-e-opital-da-go-iztlaska-ot-patya-news382493.html
Сигурно е бил пепефил.Те пискат за всяко нещо.,Негативен,0.86,раздразнение,https://www.mediapool.bg/kandidat-deputat-e-bil-presledvan-dzhip-se-e-opital-da-go-iztlaska-ot-patya-news382493.html
"Ти май си от тия на ШИШИ, а?",Негативен,0.82,подозрение,https://www.mediapool.bg/parvan-simeonov-ne-obrashtaite-vnimanie-na-klasatsii-v-izborniya-den-news382487.html
"Що, на купения от Шиши Галъп ли да вярвам? Първан достойно го напусна и основа собствена агенция.",Негативен,0.82,недоверие,https://www.mediapool.bg/parvan-simeonov-ne-obrashtaite-vnimanie-na-klasatsii-v-izborniya-den-news382487.html
"Най-безпристрастната агенция! Вярвам на Първан още докато ръководеше Галъп, а още повече му вярвам, когато напусна купения от Шиши Галъп и основа собствената си агенция Мяра! Достойно!",Позитивен,0.92,възхищение,https://www.mediapool.bg/parvan-simeonov-ne-obrashtaite-vnimanie-na-klasatsii-v-izborniya-den-news382487.html
"Драги Първане, нормалните хора никога не са ""вземали на сериозно"" и предишните ти и сегашните ти изследвания! Прекалено зависими сте от Митрофанова, в името на която бившия ти шеф напусна тв студиото на Нова, защото събеседника му се отнасял към нея неуважително. Та такива сте и сега!",Негативен,0.95,гняв,https://www.mediapool.bg/parvan-simeonov-ne-obrashtaite-vnimanie-na-klasatsii-v-izborniya-den-news382487.html
"Българи, гласувайте! Гласувайте за всеки друг, но не и за мазните педофилскишарлатани. ;)",Негативен,0.93,гняв,https://www.mediapool.bg/parvan-simeonov-ne-obrashtaite-vnimanie-na-klasatsii-v-izborniya-den-news382487.html
Това лъжливо ме керен це...,Негативен,0.62,недоверие,https://www.mediapool.bg/parvan-simeonov-ne-obrashtaite-vnimanie-na-klasatsii-v-izborniya-den-news382487.html
"Разбира се предварително има не малко плит..умни, които винаги гласуват за предизвестения победетил. Сега пак ще е така. Но наистина завоялраните класации трябва да се забранят. Напр. тази по Дарик радио с разни поните, антилопи или каквото там беше. Това е пропаганда в деня на избира.",Негативен,0.92,гняв,https://www.mediapool.bg/parvan-simeonov-ne-obrashtaite-vnimanie-na-klasatsii-v-izborniya-den-news382487.html
"въпроса е защо изобщо продължава да ги има тези ""класации"".. не съм виждал в други държави подобни глупости.. само във страната на дребните тарикиати където правила не важът..",Негативен,0.95,възмущение,https://www.mediapool.bg/parvan-simeonov-ne-obrashtaite-vnimanie-na-klasatsii-v-izborniya-den-news382487.html
Първан Симеонов говори за посоката като за чужд конструкт?! Не ни ли я посочи дори с двете си ръце?!,Негативен,0.82,възмущение,https://www.mediapool.bg/parvan-simeonov-ne-obrashtaite-vnimanie-na-klasatsii-v-izborniya-den-news382487.html
Тези новите за след изборния ден ли са предвидени?,Неутрален,0.78,любопитство,https://www.mediapool.bg/otpechatani-sa-novi-byuletini-za-dobrich-i-shumen-v-blagoevgrad-sa-smeneni-nad-300-chlenove-na-sik-news382468.html
"Това е пълен провал на Централната избирателна комисия/ЦИК, финансови санкции и наказателна отговорност за всички членове на ЦИК, ЦИК следва да има пълен контрол комуникация с членовете на СИК и да не допускат смяната на членове освен доказано заболяване или смърт на член на СИК 1",Негативен,0.95,гняв,https://www.mediapool.bg/otpechatani-sa-novi-byuletini-za-dobrich-i-shumen-v-blagoevgrad-sa-smeneni-nad-300-chlenove-na-sik-news382468.html
"И когато се събуди,краката ти бяха отвити и премръзнали нали мечтателю?",Негативен,0.72,ирония,https://www.mediapool.bg/otpechatani-sa-novi-byuletini-za-dobrich-i-shumen-v-blagoevgrad-sa-smeneni-nad-300-chlenove-na-sik-news382468.html
"В последния момент са си направили ала бала и с членове на СИК.Не им стигна с машините и наше МВР.Отвсякъде се вижда че изборите ще са ""честни и прозрачни"".Браво.Предстои да видим докъде ще ни докарате.Да не ревете после.Щото за мен тая истерия е дежа вю.Такава беше и за шарлатаните и техния зидар от слънчевата секта. 15 е най-сериозна и милееща за България и българите.Другите са еднодневки.",Негативен,0.9,гняв,https://www.mediapool.bg/otpechatani-sa-novi-byuletini-za-dobrich-i-shumen-v-blagoevgrad-sa-smeneni-nad-300-chlenove-na-sik-news382468.html
"Българи, гласувайте утре! Гласувайте за всеки друг, но не и за мазните педофилскишарлатани. ;)",Негативен,0.92,гняв,https://www.mediapool.bg/otpechatani-sa-novi-byuletini-za-dobrich-i-shumen-v-blagoevgrad-sa-smeneni-nad-300-chlenove-na-sik-news382468.html
"Неистов страх, паника и ужас тресат кочината на Борисов и на Пеевски. Буда и Шиши са в шок, а троловете им роболепно слугуват по форумите с надежди напразни. 19.04. дойде!!! Борисов и Пеевски - в затвора доживот!!!",Негативен,0.97,гняв,https://www.mediapool.bg/den-za-razmisal-i-bez-agitatsiya-predi-vota-v-nedelya-news382463.html
"Светла събота е! И в тази връзка: Българи, за да не се получи да гледаме русофилистици, турци, копейки, мазни комунисти и най-вече педофилскиШарлатани в българското правителство - гласувайте с No15. ;)",Негативен,0.92,гняв,https://www.mediapool.bg/otpechatani-sa-novi-byuletini-za-dobrich-i-shumen-v-blagoevgrad-sa-smeneni-nad-300-chlenove-na-sik-news382468.html
"""Междувременно обаче стана ясно, че дни преди вота са заменени около 300 членове на секционни избирателни комисии в Благоевградска област."" Не знам защо, но имам усещане за Deja Vu.",Негативен,0.68,недоверие,https://www.mediapool.bg/otpechatani-sa-novi-byuletini-za-dobrich-i-shumen-v-blagoevgrad-sa-smeneni-nad-300-chlenove-na-sik-news382468.html
"Да мислим и да размислим, искаме ли да ни управляват путински мишки и орденоносци...",Негативен,0.92,възмущение,https://www.mediapool.bg/den-za-razmisal-i-bez-agitatsiya-predi-vota-v-nedelya-news382463.html
"ВИЖТЕ В УНГАРИЯ КАКВО СТАНА, С ДВЕ ТРЕТИ МНОЗИНСТВО ГО ИЗРИТАХА ОРБАН, така е като закопаеш една страна с проруската си политика, заради която ЕС блокира 18 милиарда евросредства за Унгария.Така че ако изберете Решетниковия селяндур да води обструкционистка в ЕС и да лиши България от евросредства, ще видите какво значи загубата на благосъстояние, с което свикнахте напоследък.Но нищо де, минете през ада, да ви дойде акъла в главата.Въпреки че съскащият бледен грозил никога не може да събере две трети мнозинство, в момента активизира до последно русофилския кретенски вот, който е малцинство.",Негативен,0.96,гняв,https://www.mediapool.bg/den-za-razmisal-i-bez-agitatsiya-predi-vota-v-nedelya-news382463.html
"На който му се ходи в окопите,утре да избере Рундьо.",Негативен,0.86,тревога,https://www.mediapool.bg/den-za-razmisal-i-bez-agitatsiya-predi-vota-v-nedelya-news382463.html
"Не си толкова прост, но всички сте лъжци, манипулатори, подлеци! Знаеш много добре, че парите на ес угояват само и единствено МАФИЯТА, правят я по-силна, по нагла! И така ще бъде докато не се проведе операция -чист капитал, чисти банкови сметки. И цялата политическа сган, включително парламентарната опозиция, не бъде ИЗИРНАТА! Йоан 8:44 - Ваш баща е дяволът и вие искате да изпълнявате желанията на баща си. Той си беше от началото човекоубиец и не устоя в истината, понеже у него няма истина. Когато изговаря лъжа, говори своето, защото е лъжец и баща на лъжата.",Негативен,0.98,гняв,https://www.mediapool.bg/den-za-razmisal-i-bez-agitatsiya-predi-vota-v-nedelya-news382463.html
Хич не се замислям за утрешното гласуване.Само с хартиена бюлетина.,Неутрален,0.82,решителност,https://www.mediapool.bg/den-za-razmisal-i-bez-agitatsiya-predi-vota-v-nedelya-news382463.html
"Днес в деня за размисъл, може би не само днес, но от сутринта ми се върти в главата една мисъл. Тези които така настървено питаха и питат ""Чий е Крим"" и другите с контра въпросите за Газа, Южен Ливан, а защо не и за Гренландия, замислиха ли се и задават ли си въпроса: Чии са земеделските земи в България. Чии са заводите, банките, търговските вериги, летищата, водите ни, рудите и дори военните ни поделения? Чии са партиите, правителствата, които ни управляваха и управляват в момента? Замислиха ли …Прочети целия коментар се, че може в един момент да ни затисне въпроса: : Чий е Бургас, а Разград, а Шумен, а Варна, може би и Кърджали? Защото ние си задаваме въпроса: ""Чия е София?"" И чии са онези, които харчат данъците ни и субсидиите за партиите? Това ме вълнува в този ден за размисъл! Може би отговорът на тези въпроси ще помогне всеки да реши как да гласува! Дали да се гласува мисля, че законът ясно го казва: Гласуването е задължително! Не е важен законът в случая, а убеждението и надеждата в истинските демократични принципи, които нямат географско, а всемирно определение!",Негативен,0.78,тревога,https://www.mediapool.bg/den-za-razmisal-i-bez-agitatsiya-predi-vota-v-nedelya-news382463.html
"КАТО РАЗМИШЛЯВАТЕ, МИСЛЕТЕ ЗАЩО БЕ СВАЛЕН ВИКТОР ОРБАН ОТ ВЛАСТ! Беше свален защото с блокадата си на руските санкции и на помощта за Украйна предизвика Брюксел да му блокира 18 милиарда евросредства и Унгария се срути икономически.ЕС има сили да реагира и ако изберете селяндурина, когото Путин смята за замени срещу изгубилия изборите Орбан като свой Троянски кон в ЕС, ще доведе България до икономически колапс.Унгарците гласуваха не против или за Русия или против или за Украйна, а защото икономически …Прочети целия коментар положението им се влоши заради блокадата на Орбан.Лично аз не вярвам оперетния генерал, които е един страхлив пр ъ д лю да е опозиция в ЕС открито, но той ще работи скрито за Путин, така че мислете за собственото си икономическо положение, защото обструкцията в ЕС има ЦЕНА",Негативен,0.96,гняв,https://www.mediapool.bg/den-za-razmisal-i-bez-agitatsiya-predi-vota-v-nedelya-news382463.html
"С божественото число седем, утре ще се отървем завинаги от триглавата кремълска ламя.",Позитивен,0.82,надежда,https://www.mediapool.bg/den-za-razmisal-i-bez-agitatsiya-predi-vota-v-nedelya-news382463.html
Аз пък смятам Радев за руски,Неутрален,0.62,неутралност,https://www.mediapool.bg/radev-smyata-krim-e-ruski-za-realistichna-pozitsiya-news382461.html
"В Украйна на населението вече повече от 10 години официално се представят само лъжи, манипулации и пропаганда. За съжаление нацификацията работи и голяма част от украинците, заблудени, продължават да вярват на хунтата. А тя, хунтата, няма интерес войната да приключи, защото всички лъжи за жертвите (над 1,7 милиона), ранените (3-4 пъти повече), напусналите страната (около 10 милиона), нарушената демография с невъзвратими последствия, разрушената инфраструктура, леквидираната на повече от 70% енергийна …Прочети целия коментар система, фаталната финансова задлъжнялост и тн., неминуемо ще излезе на бял свят. Хунтата на Зеленски са една малка клика, изцяло подчинена на елита на коалицията на желаещите, която наистина ще продължава пагубната за страната война до последния украинец. Надеждата е Тръмп да удържи на думата си и спре оръжейните и парични помощи, а европейците час по-скоро сменят провалените властници на ЕС, Англия, Франция и Германия...",Негативен,0.96,гняв,https://www.mediapool.bg/radev-smyata-krim-e-ruski-za-realistichna-pozitsiya-news382461.html
"КРИМ Е УКРАИНСКИ И ВИНАГИ ЩЕ БЪДЕ НА УКРАИНСКИЯ НАРОД, мръсен рашистки путинов гъ.золи.зец Радев!",Негативен,0.95,гняв,https://www.mediapool.bg/radev-smyata-krim-e-ruski-za-realistichna-pozitsiya-news382461.html
"Радев, руски е на ма.... ти гъ.а! А Крим е украинска територия",Негативен,0.95,гняв,https://www.mediapool.bg/radev-smyata-krim-e-ruski-za-realistichna-pozitsiya-news382461.html
"Очевидно трябва да ти обяснявам няколко пъти. Ето какво съм написал: ""...Тоест - при валутен борд ОЛП не е инструмент на политиката..."" И съм обяснил защо - чети внимателно преди да отговаряш. Погледнах и нивата на БНБ и ЕЦБ за последните 4 години - динамиката им е в абсолютно съвпадение. В заключение - един съвет (макар и непоискан): в подобни дискусии избягвай личностни нападки и квалификации, издават безсилие и липса на знания и аргументи.",Негативен,0.88,раздразнение,https://www.mediapool.bg/radev-smyata-krim-e-ruski-za-realistichna-pozitsiya-news382461.html
"Рybлeн Гageв е мpъcна nyтлepacuйска noдлогa, лъжец и дeZeртьор, всеки глynak дал гласа си за него или двете npacemа, подкрепя nogлогите на гoвняцumе в България.",Негативен,0.99,гняв,https://www.mediapool.bg/radev-smyata-krim-e-ruski-za-realistichna-pozitsiya-news382461.html
"КАК СЕ УЧИ ЗА ИЗПИТ ? Взимате въпросника и го изчитате няколко пъти, за да разберете какво трябва да научите. Отваряте учебника и търсите информацията, която отговаря на въпросите. Отделяте време да структурирате наученото, като правите резюме на всички теории, постулати, закони и принципи, заедно с примерите. Следва самопроверка. Заучавате онова, което е неясно или ви е убягнало, не го помните или сте го пропуснали. Успех.",Неутрален,0.86,спокойствие,https://www.mediapool.bg/kade-sa-politikite-za-detsata-v-predizbornite-programi-news382451.html
"Преподаването трябва да стане диалогично, а това не е лесно. Диалогът трябва да се раздели на елементи, на части от цялото. Накрая урокът трябва да се резюмира така, че учениците да могат да го видят свързан. Другият проблем на българското образование е повторението. То не е учене. Според неврофизиологията, ученето е поправяне на грешките. Всяко контролно трябва да се анализира, да се извадят ТИПОВИТЕ, ОБИЧАЙНИТЕ, ПОВТАРЯЕМИТЕ ГРЕШКИ и да се изиска от учениците усвояването им. Трудните части, неусвоения …Прочети целия коментар материал трябва да бъде преподаван отново и отново, докато се затвърди. Учениците трябва да бъдат изпитвани отново и отново върху важните, основополагащи елементи, които не знаят, докато ги усвоят. ТОВА ДО СЕГА НЕ Е ПРАВЕНО, затова няма резултати.",Негативен,0.82,разочарование,https://www.mediapool.bg/kade-sa-politikite-za-detsata-v-predizbornite-programi-news382451.html
"Как се развива функционална грамотност и критично мислене?! Към всеки урок трябва да има множество въпроси за формата и съдържанието на текста и как се вписва в контекста на изученото до момента. Децата трябва да се фокусират върху важните неща, да четат ефективно, да развият творчески подход и да разсъждават самостоятелно. Диалогичността може да измести зазубрянето.",Позитивен,0.82,увереност,https://www.mediapool.bg/kade-sa-politikite-za-detsata-v-predizbornite-programi-news382451.html
"Пeдoфuлu, долу мръсните ръце от децата!",Негативен,0.96,гняв,https://www.mediapool.bg/kade-sa-politikite-za-detsata-v-predizbornite-programi-news382451.html
Социални помощи и данъчни облекчения в програмите на всички партии. Ама и там си остават. Е дават някакви 10 евро на месец. Чудо,Негативен,0.87,разочарование,https://www.mediapool.bg/kade-sa-politikite-za-detsata-v-predizbornite-programi-news382451.html
Социологическите агенции плащат ли редовно данъци?! Знаем ли кой плаща телефонните им обаждания?!,Негативен,0.78,недоверие,https://www.mediapool.bg/konsolidirana-prognoza-na-sotsiologicheskite-agentsii-za-sastava-na-52-to-narodno-sabranie-news382446.html
"""ДПС получава 29 мандата и заема четвърта позиция, като прогнозата отчита увеличение от 10 мандата спрямо предходното Народно събрание"". - Явно всички социологически агенции са си получили 20те хиляди евро за 5% по- високи резултати...",Негативен,0.86,възмущение,https://www.mediapool.bg/konsolidirana-prognoza-na-sotsiologicheskite-agentsii-za-sastava-na-52-to-narodno-sabranie-news382446.html
Там ще се срещнете.,Неутрален,0.95,спокойствие,https://www.mediapool.bg/konsolidirana-prognoza-na-sotsiologicheskite-agentsii-za-sastava-na-52-to-narodno-sabranie-news382446.html
"Сталин навремето е казал, не е важно кой гласува, а кой брои. По отношение на изборните шарлатанщини, България не е мръднала и на йота от времето на Алеко. Ако препрочетете ""Загасете свещите"" ще ги видите пак, тези вечни герои на опърпаната циркова сцена. Боко си е живо копие на Ганьо Сомов, известен повече като Бай Ганьо Балкански. И другите са около него, все спомени от мианлото. Това е, за съжаление е българската действителност. А за народа, няма да цитирам, но диагнозата на Славейков още тежи като камък...",Негативен,0.96,разочарование,https://www.mediapool.bg/konsolidirana-prognoza-na-sotsiologicheskite-agentsii-za-sastava-na-52-to-narodno-sabranie-news382446.html
Румен Радев ако се коалира с ПП/ДБ ще оттече в канала за пет-шест месеца :/,Негативен,0.88,разочарование,https://www.mediapool.bg/konsolidirana-prognoza-na-sotsiologicheskite-agentsii-za-sastava-na-52-to-narodno-sabranie-news382446.html
"Фeвpуapи 2025 Пpaвнaтa кoмиcия нa НC peши дa oткpиe пpoцeдуpa зa избop нa нoв ВCC, зa дa избepe нoв гл. пpoкуpop. Aнa Aлeкcaндpoвa и Paя Нaзapян oт ГEPБ-CДC гo внecoxa зa глacувaнe в плeнapнaтa зaлa, кaкъвтo e peдът. ППДБ и Възpaждaнe oбaчe дeмoнcтpaтивнo нaпуcнaxa зaлaтa и cъбopиxa квopумa. Нe щaт, иcкaт тexeн ВCC и гл. пpoкуpop. Aми, aкo и ceгa нe щaт, c кoгo избpaнникът нa гeн. Peшeтникoв щe пpaви кoнcтитуциoннo мнoзинcтвo? C тия 90 нa ГEPБ-CДC и ДПC ли? Тoй зaяви, чe нe щe дa имa нищo oбщo c тяx? И e пpaв. Купиxa F-16, вкapaxa ни в Eвpoзoнaтa и злeпocтaвиxa дъpжaвнaтa му глaвa пpeд Путин.",Негативен,0.86,гняв,https://www.mediapool.bg/konsolidirana-prognoza-na-sotsiologicheskite-agentsii-za-sastava-na-52-to-narodno-sabranie-news382446.html
